temporal_model,tabular_model,outer_fold,pm,subject_id,delta_balanced_accuracy_temporal_minus_tabular,delta_f1_temporal_minus_tabular,delta_roc_auc_temporal_minus_tabular,delta_pr_auc_temporal_minus_tabular,delta_low_recall_temporal_minus_tabular,delta_high_recall_temporal_minus_tabular,delta_precision_temporal_minus_tabular,delta_accuracy_temporal_minus_tabular
torch_lstm,lightgbm,1,attention,30c140ca,-0.024609975829487984,-0.027626665377313286,0.0764667106130521,0.11638467431448651,-0.21138211382113825,0.16216216216216206,0.05698799355775941,-0.0073800738007380184
torch_lstm,lightgbm,1,attention,3110e0c7,-0.038461538461538436,-0.07588444506101683,-0.25897435897435905,-0.17057351523899766,0.0,-0.0769230769230769,-0.00987491770901916,-0.04950495049504949
torch_lstm,lightgbm,1,attention,40f0714a,-0.18888888888888888,-0.2393602393602393,-0.3836257309941521,-0.1743293334734023,0.0,-0.37777777777777777,-0.2136277099545465,-0.265625
torch_lstm,lightgbm,1,attention,7150e10a,0.10512198045915011,0.08462897655026969,0.07426721812623627,0.05347033084334418,0.28855721393034817,-0.07831325301204817,0.06558964866919192,0.060037523452157515
torch_lstm,lightgbm,1,attention,71f0603f,-0.07544836116264686,-0.08140252035409956,-0.07332803251170594,-0.11342490749094392,0.108843537414966,-0.2597402597402597,-0.0720879191906254,-0.07973421926910296
torch_lstm,lightgbm,1,attention,81f1f0fe,-0.26095501305082147,-0.38981205635117355,-0.28800859818823876,-0.3340019874180433,0.11282051282051275,-0.6347305389221557,-0.3182563130300008,-0.2320441988950277
torch_lstm,lightgbm,1,attention,a1721173,-0.12578313253012052,-0.1383456249626407,-0.06136546184738956,-0.02852680242041572,-0.36000000000000004,0.10843373493975894,-0.06873952916603221,-0.11392405063291133
torch_lstm,lightgbm,1,attention,c060c06a,-0.19499089253187607,-0.313387501591924,-0.2151183970856103,-0.23228447167908806,-0.4344262295081967,0.0444444444444444,-0.020859351057309183,-0.18287937743190652
torch_lstm,lightgbm,1,attention,c112918e,0.06933294409575241,0.1198068554600838,0.0291320001946187,0.026022787701860284,0.1612903225806451,-0.022624434389140413,0.012519353398844912,0.09274873524451943
torch_lstm,lightgbm,1,attention,d111e017,-0.11849004533806418,-0.1201596541970229,-0.09684323167469233,-0.08400022551930719,-0.14035087719298245,-0.09662921348314613,-0.11936204427433705,-0.1172985781990521
torch_lstm,lightgbm,1,attention,f1d06060,-0.10116670170275388,-0.16346244910327662,-0.0404666806811016,-0.019694649734209424,0.014084507042253391,-0.2164179104477612,-0.029970945567864726,-0.16814159292035402
torch_lstm,lightgbm,1,engagement,30c140ca,-0.009625850340136077,-0.030841407400696297,0.02238095238095228,0.029604175881305594,-0.12925170068027214,0.10999999999999999,0.007400427854973302,-0.03238866396761142
torch_lstm,lightgbm,1,engagement,3110e0c7,-0.025000000000000133,-0.0463278015841051,-0.08605442176870748,-0.09223574357121411,0.1428571428571428,-0.19285714285714284,-0.028300558670629528,-0.0669642857142857
torch_lstm,lightgbm,1,engagement,40f0714a,0.14814814814814814,0.13244163255940666,-0.0010288065843624405,0.00336330597652279,-0.2592592592592593,0.5555555555555556,-0.034469241792349115,0.06666666666666665
torch_lstm,lightgbm,1,engagement,7150e10a,0.06224814829028669,0.06751928282606545,0.02206700694630981,0.04309653737161634,-0.01634877384196165,0.1408450704225353,-0.0023860858714084276,0.027504911591355596
torch_lstm,lightgbm,1,engagement,71f0603f,-0.09350016967745489,-0.09863627116292739,-0.05012193100835738,-0.06963749880346615,-0.2507122507122507,0.06371191135734078,-0.06891322344687456,-0.0912921348314607
torch_lstm,lightgbm,1,engagement,81f1f0fe,-0.21929541047188106,-0.12924002524605682,-0.24935358758888182,-0.07324434941896518,-0.7032967032967034,0.2647058823529411,-0.10616198879281635,0.06032482598607891
torch_lstm,lightgbm,1,engagement,a1721173,-0.2191374663072777,-0.31228307897114055,-0.09568733153638831,-0.04945771902649265,-0.4571428571428572,0.018867924528301994,0.004973499322075692,-0.099290780141844
torch_lstm,lightgbm,1,engagement,c060c06a,-0.20280600972160845,-0.24270814247581263,0.017233760494918426,0.0035663607807088216,-0.5410958904109588,0.13548387096774195,-0.05641868766949987,-0.19269102990033216
torch_lstm,lightgbm,1,engagement,c112918e,0.018697318007662833,0.007994279837984397,-0.0031570881226052894,0.0026475570300548146,-0.1448275862068965,0.18222222222222229,0.005621267029397359,-0.001941747572815511
torch_lstm,lightgbm,1,engagement,d111e017,-0.08120640661327816,-0.08137010214707874,-0.09009945750452086,-0.07958947173061015,-0.05102040816326536,-0.11139240506329118,-0.11815564886017715,-0.0813214739517153
torch_lstm,lightgbm,1,engagement,f1d06060,-0.04166666666666674,-0.04702706428994785,-0.027479091995220806,-0.08078261685960753,0.0,-0.08333333333333343,-0.02886606491006838,-0.0252808988764045
torch_lstm,lightgbm,1,excitement,30c140ca,0.01680072651790354,0.0251150734371417,-0.007524649714582221,-0.0187420813781195,0.054878048780487854,-0.021276595744680882,0.017404323551501455,0.027131782945736482
torch_lstm,lightgbm,1,excitement,3110e0c7,0.031851179673321295,0.021319054496624634,0.055898366606170646,0.02582482464649416,0.06896551724137934,-0.0052631578947368585,0.025856711158156798,0.01805054151624541
torch_lstm,lightgbm,1,excitement,40f0714a,-0.06422018348623848,-0.10964895635673622,0.006880733944954032,0.03316065062388596,-0.12844036697247707,0.0,-0.05384615384615388,-0.11965811965811968
torch_lstm,lightgbm,1,excitement,7150e10a,0.05141483483627152,0.02046567997860871,-0.0032530437486545383,0.019951220736637354,-0.02088167053364276,0.12371134020618557,-0.01774526398775711,0.005681818181818121
torch_lstm,lightgbm,1,excitement,71f0603f,-0.10560985406346235,-0.13129286053794464,0.002405498281787044,-0.0027348807987476187,-0.22680412371134023,0.01558441558441559,-0.029607681044179768,-0.08875739644970415
torch_lstm,lightgbm,1,excitement,81f1f0fe,-0.05939538789483878,-0.06425165965668833,-0.08613784639235189,-0.053511454036596295,-0.06569343065693423,-0.05309734513274322,-0.07525850685915658,-0.05785123966942152
torch_lstm,lightgbm,1,excitement,a1721173,-0.06438791732909366,-0.06814579685166333,-0.057763645998940016,-0.038029567848226864,-0.04054054054054046,-0.08823529411764719,-0.06665641472160189,-0.06818181818181812
torch_lstm,lightgbm,1,excitement,c060c06a,-0.1018099547511313,-0.14153440194206118,0.0033397974574443934,0.028139702098046393,-0.2036199095022625,0.0,-0.042675216763005785,-0.1711026615969582
torch_lstm,lightgbm,1,excitement,c112918e,0.04199582933771717,0.05948203862417811,0.0021614381174177577,0.0008070618178194211,0.10584958217270202,-0.021857923497267673,0.0385158679712152,0.0627306273062731
torch_lstm,lightgbm,1,excitement,d111e017,-0.019060624711493834,-0.018900745162077515,-0.007512144725562275,-0.003919365234820393,-0.023195876288659822,-0.01492537313432818,-0.018669990693418348,-0.01866977829638261
torch_lstm,lightgbm,1,excitement,f1d06060,0.021722881435111696,0.008526304128887996,-0.03541063253293475,-0.025108495124571584,0.09740259740259749,-0.0539568345323741,-0.021343526054453776,0.0
torch_lstm,lightgbm,1,stress,30c140ca,-0.08181063122923593,-0.11852259005264931,-0.042081949058693335,-0.030207011495350877,0.0387596899224808,-0.20238095238095238,-0.01624490362960107,-0.09764309764309764
torch_lstm,lightgbm,1,stress,3110e0c7,0.3145687645687646,0.40433261423078887,0.3005827505827506,0.22297296222380109,0.5230769230769231,0.10606060606060608,0.39484366768523244,0.3826530612244898
torch_lstm,lightgbm,1,stress,40f0714a,-0.021710526315789513,-0.012803471633107022,0.006842105263157983,0.014135618604805167,0.03157894736842115,-0.07499999999999996,0.0393968573813086,0.0
torch_lstm,lightgbm,1,stress,7150e10a,0.020826948056686723,0.02389665277081776,-0.09556752338835617,-0.08300873787929386,-0.02114803625377648,0.06280193236714982,-0.014809914295334514,0.01115241635687736
torch_lstm,lightgbm,1,stress,71f0603f,-0.07542903525046385,-0.0720782874873499,-0.024141929499072345,-0.002760155805600184,-0.12244897959183676,-0.02840909090909083,-0.06737648669265961,-0.06700167504187604
torch_lstm,lightgbm,1,stress,81f1f0fe,0.07897398179645121,0.11260632475667798,0.11984922313137814,0.04814601803958729,-0.020134228187919434,0.17808219178082196,0.04496083994941491,0.12062256809338523
torch_lstm,lightgbm,1,stress,a1721173,0.07849462365591398,0.05382723595261951,-0.006060606060605878,-0.012653794909474825,-0.043010752688172005,0.20000000000000007,0.009103296096312663,0.012448132780083054
torch_lstm,lightgbm,1,stress,c060c06a,-0.1354679802955665,-0.1978790315316279,0.0010131712259373593,0.006740617377221647,-0.270935960591133,0.0,-0.06474431334650599,-0.1598837209302325
torch_lstm,lightgbm,1,stress,c112918e,-0.05145251396648043,-0.11847928267533558,0.030279329608938532,0.08650743875218503,-0.1229050279329608,0.020000000000000018,-0.4538127899536074,-0.057750759878419544
torch_lstm,lightgbm,1,stress,d111e017,-0.06617552645095015,-0.06460757780041337,-0.04243708269132007,-0.030541926069718617,-0.009469696969697017,-0.1228813559322034,-0.05795525804011137,-0.06300000000000006
torch_lstm,lightgbm,1,stress,f1d06060,0.049787573021773834,0.08847824200665655,-0.06969375110639053,-0.09213236994966012,0.171003717472119,-0.07142857142857129,-0.02438020013817155,0.06471816283924836
torch_lstm,lightgbm,1,relaxation,30c140ca,0.13425401414228222,0.1446453105117771,0.11345079501504085,0.10273321572593852,0.2517482517482518,0.016759776536312776,0.08315412186379945,0.1211180124223602
torch_lstm,lightgbm,1,relaxation,3110e0c7,0.033333333333333215,0.0308761511165353,0.08960429242119383,0.05335921123058218,0.0,0.06666666666666665,0.028614672696031906,0.028340080971659853
torch_lstm,lightgbm,1,relaxation,40f0714a,0.08750000000000002,0.09235360063006559,0.0,4.488825252635387e-05,0.0,0.17499999999999993,0.05516154452324662,0.08750000000000002
torch_lstm,lightgbm,1,relaxation,7150e10a,0.020133053221288555,0.03431232923629102,-0.05316293183940246,-0.06747296362929123,-0.007352941176470562,0.0476190476190477,-0.015686751906585306,0.015184381778741818
torch_lstm,lightgbm,1,relaxation,71f0603f,-0.06667707932846345,-0.08883449083862816,-0.03735742663078323,-0.029003926941889024,0.0726643598615917,-0.2060185185185186,-0.08885187814535589,-0.09431345353675458
torch_lstm,lightgbm,1,relaxation,81f1f0fe,-0.038139287098023944,-0.04702428021995397,-0.01983242929097251,-0.030262174281323384,-0.0818965517241379,0.00561797752808979,-0.01907192183451456,-0.04390243902439028
torch_lstm,lightgbm,1,relaxation,a1721173,-0.014213265714666967,-0.0009865446550656465,0.021353263045509108,0.010998041742355413,0.03937007874015741,-0.06779661016949146,0.023482450887547968,0.005376344086021501
torch_lstm,lightgbm,1,relaxation,c060c06a,-0.020097286226318456,-0.03396685465741456,-0.12698412698412698,-0.022319804197505566,-0.0322580645161291,-0.00793650793650802,-0.2519713261648745,-0.010600706713780883
torch_lstm,lightgbm,1,relaxation,c112918e,-0.015936254980079667,-0.034079587596092975,0.019753322041176524,0.020290483360724143,-0.0318725099601593,0.0,-0.5039579907864138,-0.013675213675213738
torch_lstm,lightgbm,1,relaxation,d111e017,-0.0958762071707221,-0.10340678186707608,-0.04680358396607587,-0.03475972558542961,0.004640371229698403,-0.19639278557114226,-0.08586313664319611,-0.10322580645161283
torch_lstm,lightgbm,1,relaxation,f1d06060,-0.0007776591299503144,-0.004937424257828171,-0.04761130971725713,-0.08485826824114451,-0.012605042016806733,0.011049723756906049,0.01091705338851956,-0.0023866348448687846
torch_lstm,lightgbm,1,interest,30c140ca,0.29834834834834845,0.2277056012546122,0.2947447447447447,0.0697112464020517,0.17777777777777776,0.41891891891891897,0.2048950239945122,0.2296511627906977
torch_lstm,lightgbm,1,interest,3110e0c7,0.06420454545454546,0.0119015538328896,0.13039772727272725,0.20416604543993278,-0.16249999999999998,0.290909090909091,0.10581858983902082,0.022222222222222143
torch_lstm,lightgbm,1,interest,40f0714a,0.012499999999999956,0.005490075478247536,-0.14531249999999996,-0.226763049968297,-0.15000000000000002,0.17500000000000004,-0.16837207468307014,-0.04166666666666663
torch_lstm,lightgbm,1,interest,7150e10a,-0.008928571428571397,-0.004043714859896186,-0.016637089618456113,-0.009870705293680504,-0.017857142857142794,0.0,-0.016587548516896367,-0.004608294930875501
torch_lstm,lightgbm,1,interest,71f0603f,-0.0609195640605672,-0.06591388687581579,-0.05779583825734802,-0.04062811752039397,-0.011527377521613813,-0.11031175059952048,-0.05388364184147865,-0.0654450261780104
torch_lstm,lightgbm,1,interest,81f1f0fe,-0.182687297702692,-0.18225870068301586,-0.3053919633693849,-0.2765333376020632,-0.4490566037735849,0.08368200836820083,-0.23222548028447187,-0.1964285714285714
torch_lstm,lightgbm,1,interest,a1721173,-0.10443660816795142,-0.17905662946383272,-0.09873708381171076,-0.08973066736512603,-0.6044776119402986,0.3956043956043954,-0.1379142300194932,-0.19999999999999996
torch_lstm,lightgbm,1,interest,c060c06a,-0.056164829795320115,-0.0616144268333404,-0.04848254519789341,-0.02808191262954718,-0.10619469026548672,-0.006134969325153339,-0.0397464395159739,-0.047101449275362306
torch_lstm,lightgbm,1,interest,c112918e,0.023272239930454908,0.04873321452157581,0.03084250941756006,0.05873729656870552,0.0514705882352941,-0.0049261083743842304,-0.009249749869389978,0.027368421052631597
torch_lstm,lightgbm,1,interest,d111e017,-0.12244646812699989,-0.13291145544573335,-0.06354462667531835,-0.06992555233979247,-0.2154811715481173,-0.02941176470588236,-0.12019465028975762,-0.13380281690140838
torch_lstm,lightgbm,1,interest,f1d06060,-0.16623017605121493,-0.19627890369564788,-0.16077404335806778,-0.10175996114760233,-0.24050632911392408,-0.09195402298850586,-0.17766813200750564,-0.17761557177615572
torch_lstm,lightgbm,1,focus,30c140ca,0.16601955708944482,0.17030835341940564,0.13718723037100955,0.17222280650013888,0.060109289617486183,0.27192982456140347,0.14567956875220933,0.14141414141414144
torch_lstm,lightgbm,1,focus,3110e0c7,0.002538071065989911,0.0031233835908304197,0.10189201661282898,0.059459880950510025,0.0,0.005076142131979711,0.001935819022974905,0.003968253968253954
torch_lstm,lightgbm,1,focus,40f0714a,0.2321428571428572,0.26087516082576645,-0.017857142857142794,0.039682539682539764,0.4642857142857143,0.0,0.038461538461538436,0.45217391304347837
torch_lstm,lightgbm,1,focus,7150e10a,0.12327380952380951,0.11887742264704748,0.11574404761904777,0.20640313204241068,0.12750000000000006,0.11904761904761907,0.07763646579419614,0.12603305785123964
torch_lstm,lightgbm,1,focus,71f0603f,-0.011115817097679725,-0.016439708706876166,0.026085006726792703,0.0351371563125813,-0.057750759878419544,0.03551912568306004,0.020225713633627462,-0.008633093525179936
torch_lstm,lightgbm,1,focus,81f1f0fe,0.05409431392577457,-0.016967057113008166,0.07039496084439911,0.011696314668442231,0.21212121212121215,-0.1039325842696629,0.02238002423935459,-0.05450236966824651
torch_lstm,lightgbm,1,focus,a1721173,0.1311494252873564,0.12749599556972535,0.15471264367816095,0.1661420499930888,0.5689655172413793,-0.30666666666666664,0.11479625006501282,0.07518796992481203
torch_lstm,lightgbm,1,focus,c060c06a,-0.03572929802437996,-0.006541965645294412,0.12084909625893225,0.039525739574597374,0.005464480874316946,-0.07692307692307687,-0.005752817690404477,0.0026385224274406704
torch_lstm,lightgbm,1,focus,c112918e,0.014223057644110249,-0.05487755337722067,0.019548872180451315,0.015408091565254467,-0.19298245614035092,0.22142857142857142,-0.07978052269098512,-0.08534322820037099
torch_lstm,lightgbm,1,focus,d111e017,-0.0017883245731346031,-0.0022704674211417863,0.01180605231238152,0.012057428695014583,-0.03797468354430378,0.03439803439803446,0.009043247408383137,-0.0012468827930174342
torch_lstm,lightgbm,1,focus,f1d06060,0.008575647432985,0.08575480044938566,0.04006701499318477,0.0052586144376643995,-0.22580645161290314,0.24295774647887336,0.13313786587411613,0.10049019607843124
torch_lstm,lightgbm,2,attention,1081b177,0.038454270597127804,0.048823977869312585,0.02057013281503073,0.0008797913533560298,0.06632653061224492,0.01058201058201036,0.030487737281302163,0.038961038961038974
torch_lstm,lightgbm,2,attention,517001af,-0.21250000000000002,-0.19108465280202536,-0.10761718750000004,-0.2317610737312813,0.043749999999999956,-0.46875,0.08379693423061296,-0.04166666666666674
torch_lstm,lightgbm,2,attention,6030f0fd,0.15694977168949775,0.21061870137252314,0.012383561643835694,0.046755930294126724,-0.02400000000000002,0.33789954337899547,0.0994624487455068,0.20639534883720934
torch_lstm,lightgbm,2,attention,7072a0e0,-0.07239057239057234,-0.04227841901264612,-0.13355780022446695,-0.10156894750981826,0.006734006734006703,-0.15151515151515138,-0.15796492100918158,-0.05656565656565654
torch_lstm,lightgbm,2,attention,71a251fa,0.0022745517795021986,0.005319356899691985,0.006154669521006184,-0.017644302764152964,0.05405405405405406,-0.04950495049504944,-0.005029084941732265,0.004716981132075415
torch_lstm,lightgbm,2,attention,71c09041,-0.06068376068376069,-0.05853954040412446,-0.011623931623931605,-0.018108520500298986,-0.0769230769230771,-0.0444444444444444,-0.059231657749312605,-0.058064516129032295
torch_lstm,lightgbm,2,attention,a02151ac,0.01459102742628815,0.04931044940355628,0.09793949668018809,0.08279922137053586,0.0653266331658291,-0.03614457831325302,-0.10114848359234663,0.008928571428571397
torch_lstm,lightgbm,2,attention,d0e2d025,0.04904601571268241,-0.010818199662416816,-0.09627135553061472,-0.1702016607935054,-0.18585858585858595,0.28395061728395066,-0.18379053380785626,-0.0700152207001522
torch_lstm,lightgbm,2,attention,d18000a3,0.05566442233611357,0.06869759964499023,-0.02663048939805046,-0.02458753750469289,0.20093457943925236,-0.08960573476702516,-0.0333283561774631,0.0365111561866126
torch_lstm,lightgbm,2,attention,f0f2a1e1,0.007963865446332985,-0.02042172561875588,0.003803637228099399,0.008488925893137766,0.1276595744680853,-0.11173184357541899,-0.001085351565634718,-0.02930402930402931
torch_lstm,lightgbm,2,engagement,1081b177,0.07877699344221212,0.07450047711093832,-0.031159934839814496,-0.05359148083545906,0.1910112359550562,-0.03345724907063197,0.05447920779049875,0.022346368715083775
torch_lstm,lightgbm,2,engagement,517001af,-0.22853957636566335,-0.21384560904214706,-0.30100334448160543,-0.0730221590827701,-0.33333333333333337,-0.12374581939799334,-0.18599294105945374,-0.14457831325301196
torch_lstm,lightgbm,2,engagement,6030f0fd,-0.15051775147928992,-0.17372853911446873,-0.1489856297548604,-0.09395792448886542,0.125,-0.42603550295857995,-0.23200919847186674,-0.20640569395017794
torch_lstm,lightgbm,2,engagement,7072a0e0,0.02327354260089698,0.03434765157436592,0.012968609865470881,0.01032657857998387,-0.013452914798206206,0.06,0.0003966405689740382,0.025369978858351017
torch_lstm,lightgbm,2,engagement,71a251fa,0.059292649098474204,0.01790202520530282,0.002311604253351751,0.0024968936974399947,0.1428571428571428,-0.024271844660194164,-0.0479454275994694,0.0040322580645162365
torch_lstm,lightgbm,2,engagement,71c09041,-0.06904495638559605,-0.07805069599668124,0.026996197718631043,0.029156857717011597,0.026615969581749166,-0.1647058823529412,0.00048635582252010146,-0.0484988452655889
torch_lstm,lightgbm,2,engagement,a02151ac,-0.12439004218013405,-0.1058155555623318,-0.15118683318170545,-0.0976836294693566,-0.23008849557522126,-0.01869158878504673,-0.11025795189668153,-0.09174311926605505
torch_lstm,lightgbm,2,engagement,d0e2d025,0.0017786561264822032,-0.0013418945892975653,-0.022266139657444062,-0.007684335087221661,0.015151515151515138,-0.01159420289855062,-0.01686713137007234,-0.004192872117400381
torch_lstm,lightgbm,2,engagement,d18000a3,-0.20892553857155627,-0.29364291622139405,-0.09810494323768648,-0.13542930699548805,-0.43805309734513276,0.02020202020202022,-0.07209510264463859,-0.22405660377358494
torch_lstm,lightgbm,2,engagement,f0f2a1e1,-0.03577501635055591,-0.028366179690819227,-0.06483540440374969,-0.05010238830025959,-0.1079136690647482,0.036363636363636376,-0.05341534309145657,-0.02960526315789469
torch_lstm,lightgbm,2,excitement,1081b177,0.029153869598855797,0.02815213345167822,0.0037277565470190677,0.0031123754802265813,0.06735751295336789,-0.009049773755655965,0.017282371712536437,0.02657004830917875
torch_lstm,lightgbm,2,excitement,517001af,0.05109489051094884,0.049646583321887316,0.03324485733244875,0.02340583430993637,0.1021897810218978,0.0,0.022824951808471994,0.03921568627450989
torch_lstm,lightgbm,2,excitement,6030f0fd,-0.00490574357843665,-0.013418824947516339,0.0021497078602137343,0.007064762435762817,-0.031088082901554515,0.021276595744680993,-0.016385655869615268,-0.013937282229965153
torch_lstm,lightgbm,2,excitement,7072a0e0,-0.011464407191448034,0.004339496413735655,-0.015397230320699729,-0.005201357997406952,-0.05208333333333337,0.029154518950437303,-0.0024528062446168564,0.011389521640091105
torch_lstm,lightgbm,2,excitement,71a251fa,-0.010606060606060508,0.011336169028553611,-0.003443526170799016,-0.006804298626752803,0.024242424242423954,-0.045454545454545414,0.028005143603185734,0.009569377990430561
torch_lstm,lightgbm,2,excitement,71c09041,0.05018274853801152,0.07703252959668794,0.023391812865496964,0.1336519048529603,0.05592105263157909,0.0444444444444444,0.07070368981952546,0.054441260744985565
torch_lstm,lightgbm,2,excitement,a02151ac,0.012354781054513042,0.013978197549919358,-0.003708668453976771,0.0053173095119791736,0.008042895442359366,0.016666666666666607,0.016054916008299558,0.010141987829614618
torch_lstm,lightgbm,2,excitement,d0e2d025,-0.02759381898454738,-0.03762115762545015,-0.017327588499694402,-0.0037396094675569147,0.0,-0.05518763796909487,-0.022643695016460352,-0.04038772213247166
torch_lstm,lightgbm,2,excitement,d18000a3,-0.03265973400201594,-0.03923317623386546,0.0009096049364504255,-0.00021959148680139595,-0.006711409395973145,-0.05860805860805862,-0.02787279341217741,-0.040284360189573376
torch_lstm,lightgbm,2,excitement,f0f2a1e1,-0.014331690636628647,-0.019535341193752442,-0.021774112440912985,-0.0045088236583011865,-0.016393442622950838,-0.012269938650306567,-0.0232465803295272,-0.012919896640826822
torch_lstm,lightgbm,2,stress,1081b177,-0.13015301530153023,-0.14132214779550079,-0.10220522052205228,-0.09692724490695559,-0.24545454545454548,-0.014851485148514754,-0.10013466807816207,-0.13507109004739337
torch_lstm,lightgbm,2,stress,517001af,0.049019607843137414,-0.0035650623885917776,0.019607843137254832,0.003387884195782176,0.1333333333333332,-0.03529411764705881,-0.03860294117647056,-0.009999999999999898
torch_lstm,lightgbm,2,stress,6030f0fd,-0.0567321438026156,-0.05186534517133068,-0.07878434902313769,-0.07425196229853648,0.005347593582887611,-0.1188118811881188,-0.029427728945984444,-0.03819444444444453
torch_lstm,lightgbm,2,stress,7072a0e0,-0.04479405034324935,-0.03173343927375705,-0.0335240274599542,-0.007611598618242454,-0.08695652173913038,-0.0026315789473684292,-0.028962768092437252,-0.022222222222222254
torch_lstm,lightgbm,2,stress,71a251fa,0.1472007722007722,0.15888888888888897,0.03281853281853264,0.023764733509221037,0.3214285714285715,-0.027027027027026973,0.04682077466193313,0.12307692307692308
torch_lstm,lightgbm,2,stress,71c09041,0.23015873015873023,0.1661607721428328,,,,0.23015873015873023,0.0,0.23015873015873023
torch_lstm,lightgbm,2,stress,a02151ac,-0.11848782484141596,-0.15434631173495417,-0.07808471454880306,-0.08298011861607613,-0.22592592592592597,-0.01104972375690616,-0.07078521550727335,-0.13968957871396903
torch_lstm,lightgbm,2,stress,d0e2d025,-0.14021453216274393,-0.15305602522160022,-0.11821473712977815,-0.09821632939227676,-0.09589041095890416,-0.1845386533665836,-0.11219115268125213,-0.16087751371115178
torch_lstm,lightgbm,2,stress,d18000a3,0.012135922330096971,0.03717381995769242,0.005282695602512599,0.0008650382314111527,0.0,0.024271844660194386,0.06152914827483791,0.020833333333333592
torch_lstm,lightgbm,2,stress,f0f2a1e1,0.021885044431839695,0.022074942731522995,0.05152202684817542,0.0709541096120494,0.019379844961240345,0.024390243902439046,0.021214439433239862,0.02099737532808399
torch_lstm,lightgbm,2,relaxation,1081b177,-0.031069035070596662,-0.023103650215472116,-0.009759906304899424,-0.027924291840038307,-0.007092198581560294,-0.05504587155963303,-0.0243025505414749,-0.020460358056266004
torch_lstm,lightgbm,2,relaxation,517001af,-0.061669878639512454,-0.0056525824146334,0.017657169644252013,0.04446667663459125,0.0684410646387833,-0.1917808219178082,0.04893156336238125,0.011904761904761862
torch_lstm,lightgbm,2,relaxation,6030f0fd,-0.02901104063894766,-0.04031847713212722,-0.04525878944483597,-0.02790102488515389,0.0505050505050505,-0.10852713178294571,-0.008548389582370142,-0.03947368421052633
torch_lstm,lightgbm,2,relaxation,7072a0e0,-0.12842972113045104,-0.11371753754154956,-0.09249485307879468,-0.06536515570552182,-0.2773722627737226,0.02051282051282055,-0.10062684537241129,-0.10240963855421692
torch_lstm,lightgbm,2,relaxation,71a251fa,0.03323720792664875,0.012768598612518445,0.010869565217391353,0.024321617768926385,-0.0748299319727892,0.14130434782608692,-0.004731989590697205,0.008368200836819994
torch_lstm,lightgbm,2,relaxation,71c09041,0.15293088827644696,0.16390049196091494,0.0007949968200128277,0.0018497416074789719,0.348314606741573,-0.04245283018867918,0.05787445714386963,0.13589743589743586
torch_lstm,lightgbm,2,relaxation,a02151ac,-0.26526507219221873,-0.39856355568775265,-0.16468275836731683,-0.14595297868295531,-0.6395348837209304,0.1090047393364928,-0.20074782450397777,-0.30277185501066106
torch_lstm,lightgbm,2,relaxation,d0e2d025,-0.0714109216703731,-0.0831105098042545,-0.09301007282082574,-0.06749091577710653,-0.03755868544600938,-0.10526315789473689,-0.060150560724754665,-0.07835820895522394
torch_lstm,lightgbm,2,relaxation,d18000a3,-0.11454496208017328,-0.11039220057933974,-0.05523654749006868,-0.03790336881477607,-0.3098591549295774,0.0807692307692307,-0.07148299798203095,-0.09513742071881615
torch_lstm,lightgbm,2,relaxation,f0f2a1e1,-0.09423926134082705,-0.15074587920203242,-0.009283420313127344,-0.029413277850849573,-0.2735849056603774,0.08510638297872342,-0.09795960475583709,-0.1633986928104576
torch_lstm,lightgbm,2,interest,1081b177,-0.08418880937668183,-0.06976503928263278,-0.16498893695058503,-0.11467718843369545,0.035242290748898786,-0.20361990950226228,-0.1540041182856603,-0.0825892857142857
torch_lstm,lightgbm,2,interest,517001af,-0.16766777133388566,-0.10380843744218538,-0.07000828500414236,-0.12024573303232067,0.26760563380281677,-0.6029411764705882,0.032045168547642944,-0.014285714285714235
torch_lstm,lightgbm,2,interest,6030f0fd,0.007225254279335069,0.018020385408696438,-0.10382039196229231,-0.08369400369630187,-0.0431034482758621,0.05755395683453235,-0.009985736246593713,0.01176470588235301
torch_lstm,lightgbm,2,interest,7072a0e0,-0.032197792647953416,0.00467114294060722,-0.08713536687813206,-0.04195993409939791,-0.1351351351351351,0.07073954983922831,-0.032620685979581676,0.016587677725118488
torch_lstm,lightgbm,2,interest,71a251fa,-0.06117526099335646,-0.06325240634680018,-0.06611831698829485,-0.09738481193022452,-0.09482758620689657,-0.02752293577981635,-0.05266476083188021,-0.06222222222222229
torch_lstm,lightgbm,2,interest,71c09041,-0.30379427951321614,-0.35668764394916674,-0.2402139369041162,-0.11812755457877655,-0.17525773195876293,-0.4323308270676693,-0.2887052527570182,-0.36363636363636376
torch_lstm,lightgbm,2,interest,a02151ac,-0.060886150234741865,-0.07176864691745644,-0.04262030516431925,-0.03606388966604257,-0.1875,0.06572769953051638,-0.03745069840306803,-0.029325513196480912
torch_lstm,lightgbm,2,interest,d0e2d025,-0.13883382107681164,-0.14390195970879838,-0.09434427347199947,-0.14157717432451533,0.10280373831775702,-0.3804713804713804,-0.10752159860329247,-0.12944983818770228
torch_lstm,lightgbm,2,interest,d18000a3,-0.06989753688957379,-0.08662580510525886,-0.035048662842138145,-0.033691182546249476,0.02614379084967322,-0.1659388646288209,-0.07211485724809708,-0.08900523560209428
torch_lstm,lightgbm,2,interest,f0f2a1e1,-0.05814748355122612,-0.0653266661956613,-0.0684439887208409,-0.033916491505577184,-0.02409638554216864,-0.09219858156028371,-0.055146924670251174,-0.0669642857142857
torch_lstm,lightgbm,2,focus,1081b177,0.0313777917584146,0.031216404039931644,0.02741952395931635,0.014395618861869464,0.045454545454545414,0.01730103806228389,0.030775195343976547,0.026128266033254022
torch_lstm,lightgbm,2,focus,517001af,-0.0190217391304347,-0.014917724805860733,0.02086352657004842,0.016905438538643125,-0.04166666666666663,0.0036231884057972286,-0.001706558647670775,-0.010101010101010166
torch_lstm,lightgbm,2,focus,6030f0fd,0.059845025598450174,0.04296790115229754,0.08198422581984222,0.1301663444010983,0.010101010101010055,0.1095890410958904,0.04565975681816248,0.03690036900368998
torch_lstm,lightgbm,2,focus,7072a0e0,0.06851971557853909,0.040961802595023244,0.09715039862098684,0.047062558229101215,0.15384615384615385,-0.01680672268907568,0.04081244826364461,0.021691973969631295
torch_lstm,lightgbm,2,focus,71a251fa,0.20972222222222214,0.2385827726064863,0.22222222222222232,0.331872931621582,0.21111111111111125,0.20833333333333337,0.19018988355773736,0.21078431372549022
torch_lstm,lightgbm,2,focus,71c09041,-0.04345599243558418,-0.04911044123105679,-0.09368844062721604,-0.1219726648361168,-0.005830903790087438,-0.08108108108108111,-0.05566036811918884,-0.013157894736842146
torch_lstm,lightgbm,2,focus,a02151ac,-0.05391061452513968,-0.041332678837157744,0.08865492049849577,0.10761715038083519,0.0921787709497206,-0.2,0.009188436464679706,0.0143442622950819
torch_lstm,lightgbm,2,focus,d0e2d025,0.14727029512582557,0.07687264456233378,0.09227210656857021,0.03942843641283322,0.40740740740740733,-0.1128668171557562,0.061471480963611214,0.026446280991735516
torch_lstm,lightgbm,2,focus,d18000a3,-0.04988174077578056,-0.1084902784789401,0.07719962157048244,0.04892661263211018,0.17880794701986757,-0.2785714285714286,-0.015097069174225264,-0.11832946635730857
torch_lstm,lightgbm,2,focus,f0f2a1e1,0.17404426559356134,0.12065767574114694,0.1406841046277667,0.017583634198971798,0.3142857142857143,0.03380281690140852,0.09453109404138837,0.05897435897435899
torch_lstm,lightgbm,3,attention,0012905a,-0.24013717183942818,-0.26901620649299574,-0.22829313276274454,-0.20819060049133542,-0.3717472118959108,-0.10852713178294571,-0.23097240643922057,-0.2864321608040201
torch_lstm,lightgbm,3,attention,20201194,-0.3432888540031397,-0.28214237949044046,-0.40871271585557306,-0.14976295965298103,-0.36734693877551017,-0.31923076923076926,-0.19487440191387567,-0.3268608414239483
torch_lstm,lightgbm,3,attention,2162c09e,0.006312811005951824,0.0064826864660046946,0.009444823885257025,0.006668290884285888,0.0072202166064981865,0.005405405405405461,0.006080922163316238,0.00649350649350644
torch_lstm,lightgbm,3,attention,21a031f6,0.0031554790590935244,0.010194294565576412,0.0029881430483840177,0.02674237911936239,0.03012048192771083,-0.023809523809523614,-0.013411338494999647,0.006849315068493178
torch_lstm,lightgbm,3,attention,41e2010c,-0.12679288582903037,-0.19442510460126144,0.0345381526104418,0.03712214547575787,-0.3012048192771085,0.04761904761904756,0.01535351064460655,-0.10638297872340419
torch_lstm,lightgbm,3,attention,5001d09a,-0.1428571428571429,-0.178295898169736,-0.08061224489795937,-0.062067162859806624,0.014285714285714346,-0.30000000000000004,-0.06338253745467703,-0.1428571428571429
torch_lstm,lightgbm,3,attention,50c02189,-0.2827843540916109,-0.21769459498602522,-0.46095385143249273,-0.23009627706234892,-0.45522388059701485,-0.1103448275862069,-0.204469604342421,-0.19156414762741658
torch_lstm,lightgbm,3,attention,71f21142,-0.1360832544938505,-0.2242153738059845,-0.08548722800378428,-0.05985268013261014,-0.31788079470198677,0.045714285714285596,-0.04163849498859373,-0.12269938650306744
torch_lstm,lightgbm,3,attention,b0700166,0.09678378880832861,0.1524417263850879,-0.11184234987915975,-0.06354763184519818,0.2242424242424243,-0.030674846625766805,-0.030708969582480483,0.05498981670061098
torch_lstm,lightgbm,3,attention,d0724095,-0.1050729192858939,-0.17823260974233324,-0.18798717626351524,-0.15839088256259726,0.015463917525773252,-0.225609756097561,-0.00439021487828084,-0.0949720670391061
torch_lstm,lightgbm,3,attention,d142d110,0.02051282051282055,-0.002110493328862484,-0.05868945868945863,0.01671150300726376,0.3076923076923078,-0.2666666666666667,0.04971134342331096,0.0
torch_lstm,lightgbm,3,engagement,0012905a,-0.07885105139374038,-0.08650423659274942,-0.0082803345533492,-0.024457506255105566,0.0025188916876576206,-0.1602209944751382,-0.022783256535241825,-0.04844290657439443
torch_lstm,lightgbm,3,engagement,20201194,-0.05714730613516028,-0.10188085926933499,-0.0412955465587046,0.058181341342936066,-0.27218934911242604,0.1578947368421053,-0.04518655566041829,-0.11742424242424243
torch_lstm,lightgbm,3,engagement,2162c09e,-0.056876441937964595,-0.07384013209911222,0.006280440912586616,0.0115493018042222,-0.108433734939759,-0.005319148936170248,-0.03349732165521646,-0.053672316384180685
torch_lstm,lightgbm,3,engagement,21a031f6,-0.051076272240885845,-0.009615671624042421,-0.05292190286591181,-0.11354928776293305,0.07328605200945626,-0.17543859649122806,-0.00403202009147241,0.020484171322160183
torch_lstm,lightgbm,3,engagement,41e2010c,0.01471734892787524,0.018367323589598472,0.03752436647173474,0.06398935039599285,0.09259259259259256,-0.06315789473684219,0.020806729502381716,0.019704433497536922
torch_lstm,lightgbm,3,engagement,5001d09a,-0.051136363636363535,-0.05078787163649601,-0.02436527436527436,-0.0185954427085695,-0.10227272727272729,0.0,-0.03601349414592203,-0.045226130653266305
torch_lstm,lightgbm,3,engagement,50c02189,-0.10288843845014428,-0.09525036096689377,-0.08182934435175793,-0.10697619940094982,-0.02755905511811041,-0.17821782178217827,-0.08462253204061043,-0.07042253521126762
torch_lstm,lightgbm,3,engagement,71f21142,-0.10258575505212286,-0.1366937274195339,-0.16009550987129462,-0.2057297822025434,-0.04932735426008972,-0.15584415584415579,-0.23124356580238936,-0.07666666666666666
torch_lstm,lightgbm,3,engagement,b0700166,0.0657177225340817,0.07569281473177014,0.05386928628708909,0.02834790713282387,0.09655172413793106,0.0348837209302324,0.05159289952769741,0.07359307359307365
torch_lstm,lightgbm,3,engagement,d0724095,0.12038335670874234,0.1402345999656005,0.07437275985663083,0.0725067273247012,0.2246376811594204,0.016129032258064613,0.08114339019189754,0.10493827160493818
torch_lstm,lightgbm,3,engagement,d142d110,-0.09912376779846666,-0.3092379842379842,-0.055859802847754825,-0.010072359136944042,0.09090909090909094,-0.28915662650602414,-0.34950980392156883,-0.24468085106382986
torch_lstm,lightgbm,3,excitement,0012905a,0.03268929346515548,0.0355720768971064,0.014332650108512257,0.011996742609055255,0.012931034482758785,0.05244755244755239,0.026726444279707273,0.03474903474903479
torch_lstm,lightgbm,3,excitement,20201194,0.07647058823529418,0.09796517129329896,0.004240071663182965,-0.016540047429136617,0.1529411764705882,0.0,0.02908905043162202,0.07084468664850141
torch_lstm,lightgbm,3,excitement,2162c09e,-0.012987012987013102,-0.010983163364979731,-0.007441463645843194,-0.0017370048430686014,-0.025974025974025983,0.0,-0.005477328100841894,-0.005698005698005715
torch_lstm,lightgbm,3,excitement,21a031f6,-0.03362272402520072,-0.035906869142678044,-0.02284093615362981,-0.010175480592152786,0.004524886877828038,-0.0717703349282296,-0.01798799274975571,-0.03255813953488362
torch_lstm,lightgbm,3,excitement,41e2010c,-0.054166666666666585,-0.06731571986526419,0.0036231884057972286,-0.0004613878332007104,0.0,-0.10833333333333339,-0.05255341858412532,-0.06878306878306872
torch_lstm,lightgbm,3,excitement,5001d09a,-0.016786093418259096,-0.01665801933194988,0.013933121019108263,0.003268382737360742,-0.02083333333333326,-0.01273885350318471,-0.014776414700078844,-0.014634146341463428
torch_lstm,lightgbm,3,excitement,50c02189,-0.23063853622106045,-0.2515971834458065,-0.23528752800597452,-0.1442787961087515,-0.5728155339805825,0.11153846153846148,-0.22577019597551784,-0.1909871244635193
torch_lstm,lightgbm,3,excitement,71f21142,0.008403361344537785,0.007166642537729806,-0.0027295589768755457,-0.00453908815831805,0.0,0.01680672268907568,0.0033337123254429946,0.0050890585241729624
torch_lstm,lightgbm,3,excitement,b0700166,-0.023657049026507226,-0.03629083892887919,0.03497536945812818,0.0249641436661312,0.005747126436781547,-0.053061224489796,-0.0037180627063388982,-0.02863961813842486
torch_lstm,lightgbm,3,excitement,d0724095,-0.0001039408428118449,-0.0020611806873510607,-0.009414070620378356,-0.012162853604390067,-0.013452914798206317,0.013245033112582738,-0.003951548079064726,-0.002673796791443861
torch_lstm,lightgbm,3,excitement,d142d110,-0.12375138734739177,-0.1363647213271273,-0.020532741398446186,-0.024335455719589172,-0.05882352941176483,-0.18867924528301894,-0.11228657228657224,-0.13793103448275867
torch_lstm,lightgbm,3,stress,0012905a,-0.010278099093888549,-0.012987169958591727,0.021965972623867458,0.025621740325380116,0.019736842105263164,-0.04029304029304026,0.0023044891978001303,-0.008665511265164683
torch_lstm,lightgbm,3,stress,20201194,-0.09907407407407409,-0.10103088594389054,-0.0936111111111112,-0.12059438428276403,-0.050000000000000044,-0.14814814814814814,-0.09798635840654346,-0.08533333333333337
torch_lstm,lightgbm,3,stress,2162c09e,0.022905364677516582,0.03467202050524043,-0.002524110910186783,-0.006975891937635259,0.06962025316455689,-0.023809523809523725,0.01631120994490154,0.037190082644628086
torch_lstm,lightgbm,3,stress,21a031f6,-0.15836475251353443,-0.22296640701380244,0.024543213457076773,0.054292622089959774,-0.32714617169373555,0.01041666666666663,-0.07383279384192365,-0.2231139646869984
torch_lstm,lightgbm,3,stress,41e2010c,-0.039408866995073955,-0.0658473366479358,0.042935512763098926,0.02054527309610943,0.0,-0.07881773399014783,-0.011551398802198687,-0.05498281786941578
torch_lstm,lightgbm,3,stress,5001d09a,-0.03786354490579846,-0.033755788469428505,0.029632339491494353,0.037080765097689206,0.028169014084507005,-0.10389610389610393,0.017545103985781907,-0.0182648401826484
torch_lstm,lightgbm,3,stress,50c02189,-0.08181205586865964,-0.06631085967431982,-0.13942048517520222,-0.08462983978241712,0.24675324675324672,-0.410377358490566,-0.09986442586216582,-0.09765142150803463
torch_lstm,lightgbm,3,stress,71f21142,-0.0859375,-0.15364029909484456,-0.106689453125,-0.025736886733172426,0.0625,-0.234375,-0.10119597059374918,-0.17500000000000004
torch_lstm,lightgbm,3,stress,b0700166,0.038864468864468815,0.06641983979054722,0.019157509157509356,0.011407599515984801,-0.023809523809523614,0.10153846153846163,0.004273044396962078,0.05882352941176472
torch_lstm,lightgbm,3,stress,d0724095,0.053555240793201175,0.15835414751513466,-0.021983002832861254,-0.024338987939617085,0.3371104815864024,-0.2300000000000001,0.04820762362240161,0.21192052980132448
torch_lstm,lightgbm,3,stress,d142d110,0.0750232991612303,0.07571097532591431,0.05063684374029198,0.17501549522315674,0.08108108108108114,0.06896551724137934,0.05305876439719226,0.07857142857142863
torch_lstm,lightgbm,3,relaxation,0012905a,-0.06594287379772656,-0.05391833977523275,0.02611483532497827,0.011977404016308424,-0.28082191780821913,0.14893617021276606,0.06254983240033496,-0.015748031496062964
torch_lstm,lightgbm,3,relaxation,20201194,0.017797085201793683,0.006666147753641938,-0.05493273542600896,-0.05705526373806913,-0.026905829596412745,0.0625,-0.020908881412829983,0.0
torch_lstm,lightgbm,3,relaxation,2162c09e,-0.06378561184956877,-0.09194240840960743,-0.019606584045035458,-0.033579306305484447,-0.23371647509578553,0.1061452513966481,-0.07412294691571253,-0.09545454545454535
torch_lstm,lightgbm,3,relaxation,21a031f6,-0.03070607553366167,-0.04224358767231251,-0.0026436781609194826,-0.014064483100138858,-0.11379310344827587,0.05238095238095242,-0.024112256317929237,-0.04400000000000004
torch_lstm,lightgbm,3,relaxation,41e2010c,-0.024785801713586353,-0.027908178646797843,-0.00244798041615657,-0.017602847144384537,-0.026315789473684403,-0.023255813953488386,-0.054711246200607966,-0.024691358024691357
torch_lstm,lightgbm,3,relaxation,5001d09a,-0.05922249793217538,-0.05870240740177124,-0.019023986765922207,-0.022494712659331118,-0.010752688172043001,-0.10769230769230764,-0.040729046560316284,-0.050632911392405
torch_lstm,lightgbm,3,relaxation,50c02189,0.1695104293038,0.2411048638526736,-0.0874848354400658,-0.05246316224522962,0.7944664031620554,-0.4554455445544554,-0.1303687686976096,0.025875190258751846
torch_lstm,lightgbm,3,relaxation,71f21142,-0.047627965043695264,-0.04687554426815577,-0.04890761548064926,-0.05687750690635496,-0.0730337078651686,-0.022222222222222143,-0.05443895476604532,-0.04748603351955305
torch_lstm,lightgbm,3,relaxation,b0700166,0.029573879358052002,0.08940878161303756,-0.03338129496402886,-0.01791312333022599,-0.16546762589928055,0.22461538461538455,0.03768692862737055,0.10775862068965514
torch_lstm,lightgbm,3,relaxation,d0724095,-0.10815340629005232,-0.13988529834900365,-0.09893522626441886,-0.05848366917317227,0.020408163265306145,-0.23671497584541068,-0.1268764453844765,-0.15409836065573768
torch_lstm,lightgbm,3,relaxation,d142d110,-0.08724137931034481,-0.0995457609461654,-0.04620689655172405,-0.02851475202652376,-0.03448275862068961,-0.1399999999999999,-0.08029790587930119,-0.10126582278481011
torch_lstm,lightgbm,3,interest,0012905a,-0.140515988372093,-0.14291306746164867,-0.17629602713178283,-0.124553687619811,-0.15312500000000007,-0.12790697674418605,-0.15156123443893577,-0.1418685121107267
torch_lstm,lightgbm,3,interest,20201194,-0.11488372093023258,-0.13257223161278053,-0.288578811369509,-0.22343312762703227,-0.06976744186046502,-0.16000000000000003,-0.1642570610909122,-0.09009009009009006
torch_lstm,lightgbm,3,interest,2162c09e,-0.14430872141636675,-0.19935515780379987,-0.045279383429672304,-0.07650474530236218,-0.3522012578616353,0.06358381502890176,-0.10228927033620039,-0.20570264765784108
torch_lstm,lightgbm,3,interest,21a031f6,-0.05757429240897083,-0.05700078891452953,-0.033027113474913494,-0.04039296123538971,-0.20496894409937882,0.08982035928143706,-0.05261910278488169,-0.054878048780487854
torch_lstm,lightgbm,3,interest,41e2010c,-0.024452396443287783,-0.03298363408157434,-0.04082628497072205,-0.062345002548203965,-0.10062893081761004,0.051724137931034475,-0.05329096841421954,-0.036363636363636376
torch_lstm,lightgbm,3,interest,5001d09a,0.002348390661693456,0.003992791126127937,-0.05408205553253209,-0.05813852029296396,-0.11811023622047245,0.12280701754385959,-0.04464863702453481,-0.004149377593360981
torch_lstm,lightgbm,3,interest,50c02189,0.007355386790099505,0.02719082365531722,-0.0626056708888828,-0.08949764121056125,0.029816513761467902,-0.015105740181268756,-0.001104466749938915,0.010430247718383301
torch_lstm,lightgbm,3,interest,71f21142,-0.2634535005224661,-0.35812851398957823,-0.314002089864159,-0.1046057157781346,-0.034482758620689724,-0.49242424242424243,-0.14337544722719142,-0.40993788819875776
torch_lstm,lightgbm,3,interest,b0700166,-0.06928627684710198,-0.07088686933183297,-0.14002000894016486,-0.05715581578398854,-0.05504587155963303,-0.08352668213457082,-0.04154870555439305,-0.07777777777777783
torch_lstm,lightgbm,3,interest,d0724095,0.027774064171123047,0.04750082973473335,-0.01798128342245997,-0.011004913505271774,0.16249999999999998,-0.1069518716577541,-0.0037562964264155063,0.04449648711943788
torch_lstm,lightgbm,3,interest,d142d110,0.16035353535353525,0.19853046915403094,-0.004292929292929348,-0.030990671487120647,0.4318181818181819,-0.11111111111111116,-0.08505633224418374,0.06716417910447758
torch_lstm,lightgbm,3,focus,0012905a,-0.10232586758552786,-0.12368779249671913,0.02961174009352674,0.02993415778638253,0.08823529411764708,-0.29288702928870297,-0.014906785883251006,-0.09001956947162426
torch_lstm,lightgbm,3,focus,20201194,0.059768881030563326,0.07612161661806804,0.0521912099014904,0.038086141321117095,0.11486486486486491,0.004672897196261627,0.030217850847700234,0.04972375690607733
torch_lstm,lightgbm,3,focus,2162c09e,0.12219227313566938,0.13508654694653321,0.028900868523510037,0.0031155006039731425,0.2380952380952382,0.0062893081761007386,0.1281765718335527,0.03333333333333344
torch_lstm,lightgbm,3,focus,21a031f6,0.1499438250799412,0.16257773782666018,0.15164347650736043,0.1190889163267782,-0.03508771929824561,0.334975369458128,0.15964233435394215,0.1657754010695187
torch_lstm,lightgbm,3,focus,41e2010c,0.059601745771958536,0.06681579535876692,0.03696126568466984,0.02196954897492842,0.1063829787234043,0.012820512820512886,0.0614824925229952,0.034482758620689724
torch_lstm,lightgbm,3,focus,5001d09a,-0.06630109670987028,0.07967243678242308,0.08856763044200722,0.018760500857392448,-0.35294117647058826,0.22033898305084754,0.19545422732362816,0.12796208530805686
torch_lstm,lightgbm,3,focus,50c02189,0.004935133866144081,0.004800413565389183,-0.05416909085341581,-0.03279240210350898,0.006920415224913601,0.0029498525073745965,0.06374881382678133,0.004777070063694322
torch_lstm,lightgbm,3,focus,71f21142,0.08029236022193764,0.08804497697324865,0.10755441741357208,0.13999938896350472,0.04694835680751164,0.11363636363636365,0.09114668743095056,0.07246376811594202
torch_lstm,lightgbm,3,focus,b0700166,0.028206346190385645,0.029222250979116682,-0.038001140034200964,0.02129593916637007,0.07220216606498175,-0.015789473684210575,0.08985429182397264,0.03640256959314769
torch_lstm,lightgbm,3,focus,d0724095,0.049484203739523,-0.028381507665395267,0.07840819542947175,0.14182983613009403,-0.17375886524822692,0.2727272727272728,-0.00851320199409955,-0.05774278215223094
torch_lstm,lightgbm,3,focus,d142d110,0.20337301587301582,0.23824546532083268,0.1884920634920635,0.3069183127742706,0.26388888888888884,0.1428571428571428,0.24776995012629577,0.22999999999999998
torch_lstm,lightgbm,4,attention,01c2a0d8,0.06495985456748965,0.07935057355481911,0.04462960157551876,0.05986719529063167,0.16097560975609748,-0.03105590062111796,0.03988595052938693,0.07650273224043713
torch_lstm,lightgbm,4,attention,30908049,-0.053451015762573495,-0.20449504170303334,-0.011038096465232128,-0.05030297762872327,-0.37185929648241206,0.2649572649572651,0.0758542952064547,-0.13607594936708867
torch_lstm,lightgbm,4,attention,40009139,-0.008493914807302216,-0.0027402864931469484,-0.0404411764705882,-0.0511687028824408,-0.05147058823529416,0.03448275862068967,-0.03778326907522911,-0.011904761904761973
torch_lstm,lightgbm,4,attention,7092f07b,-0.06422018348623859,-0.12986263982767127,-0.1451070336391439,-0.15661161972041038,0.0,-0.128440366972477,-0.4995253572847056,-0.07608695652173908
torch_lstm,lightgbm,4,attention,8030618f,-0.18261953904368777,-0.2183981091696814,-0.08286033711730312,-0.04734223767872747,-0.4836601307189543,0.11842105263157898,-0.1301119836151684,-0.18360655737704912
torch_lstm,lightgbm,4,attention,a1b210fc,-0.05862068965517242,-0.08062248096730851,-0.056923076923076965,-0.02549824775454923,0.0,-0.11724137931034484,-0.03154433017409419,-0.08095238095238089
torch_lstm,lightgbm,4,attention,b112005d,-0.057545034360302005,-0.07805459971625928,0.003144611464277469,0.004141601485749602,0.09065155807365433,-0.20574162679425828,0.034666944588104376,-0.019572953736654797
torch_lstm,lightgbm,4,attention,b1c2f044,0.14371958911515592,0.18904718378721874,-0.03904607436775387,-0.04224449954587606,-0.06451612903225801,0.35195530726256985,0.026352503854919496,0.13972602739726026
torch_lstm,lightgbm,4,attention,d151b0c4,-0.08520687700736818,-0.07213348677752507,-0.14866595293574325,-0.19189925241259653,-0.21518987341772133,0.04477611940298504,-0.17270974628860747,-0.09589041095890416
torch_lstm,lightgbm,4,attention,f1a0c120,0.07459332191780821,-0.02172873743494952,-0.04125642123287654,-0.10209991419904385,-0.234375,0.3835616438356165,-0.1569351026669733,-0.09726443768996962
torch_lstm,lightgbm,4,engagement,01c2a0d8,-0.042857142857142816,-0.05910956433081194,0.016474059503319483,0.022825337570937076,-0.08571428571428569,0.0,-0.021833557110838564,-0.06402439024390238
torch_lstm,lightgbm,4,engagement,30908049,-0.015555555555555545,-0.010602402812788014,-0.057131313131313144,-0.08704926715139427,-0.0311111111111112,0.0,-0.08017280385494385,-0.01573033707865168
torch_lstm,lightgbm,4,engagement,40009139,-0.14176245210727967,-0.19231426694345455,-0.006360153256704915,-0.00709915976867459,0.0888888888888888,-0.37241379310344824,-0.10749728620572618,-0.1957446808510639
torch_lstm,lightgbm,4,engagement,7092f07b,0.043972228066484376,0.06480595247901533,-0.01746265516515877,-0.030726599601586635,0.11855670103092786,-0.030612244897959218,0.027410407634503087,0.06849315068493156
torch_lstm,lightgbm,4,engagement,8030618f,-0.08671497584541055,-0.13310699511669222,0.035386473429951715,0.0928500080165382,-0.19565217391304351,0.022222222222222032,-0.03519632206138468,-0.15283842794759828
torch_lstm,lightgbm,4,engagement,a1b210fc,-0.01787279006236797,-0.016459240734975622,-0.006752229266532406,-0.0050506301144975785,-0.04022988505747127,0.00448430493273555,-0.012651207329166914,-0.015113350125944613
torch_lstm,lightgbm,4,engagement,b112005d,-0.0424107142857143,-0.01972752271917788,-0.07021683673469403,-0.08549930068334421,0.022321428571428603,-0.1071428571428571,-0.08114452406100925,-0.027472527472527375
torch_lstm,lightgbm,4,engagement,b1c2f044,-0.014705882352941124,-0.01395744423726919,-0.02614379084967322,-0.048761570213586514,0.0,-0.02941176470588236,-0.006224070362663925,-0.007042253521126862
torch_lstm,lightgbm,4,engagement,d151b0c4,-0.08895434462444762,-0.05761115786441362,-0.05193912616593044,-0.05911804316428981,0.1649484536082475,-0.3428571428571428,0.014160442010521024,0.0
torch_lstm,lightgbm,4,engagement,f1a0c120,0.0019151920586966131,-0.025734615015183593,0.13719249028916713,0.049463517374718546,-0.0535714285714285,0.05740181268882161,-0.06793049964442133,0.04134366925064603
torch_lstm,lightgbm,4,excitement,01c2a0d8,0.009823514942811418,0.00926698360956546,0.009100971590210394,0.00887341051263768,-0.02659574468085102,0.046242774566473965,0.0024684348536259115,0.008310249307479256
torch_lstm,lightgbm,4,excitement,30908049,0.024795057621480376,0.010980170120875377,0.001972199120826801,0.0011926374787797345,0.09473684210526317,-0.04514672686230259,-0.12144422062921334,-0.020446096654274992
torch_lstm,lightgbm,4,excitement,40009139,-0.004096061048142752,-0.0037265147359427653,0.0035349567949726213,0.003018641065763772,0.0895522388059703,-0.09774436090225569,-0.005341087820091239,-0.0037453183520600453
torch_lstm,lightgbm,4,excitement,7092f07b,0.03717787554996865,0.04278159286447236,0.006473915776241568,0.033152538583652746,0.01621621621621616,0.058139534883721034,0.0452699471249558,0.029520295202951963
torch_lstm,lightgbm,4,excitement,8030618f,-0.03878143133462286,-0.04052522781736978,0.03143133462282399,0.021842481102985367,0.018181818181818188,-0.0957446808510638,-0.01043766722038142,-0.03431372549019607
torch_lstm,lightgbm,4,excitement,a1b210fc,0.03978506102985657,0.020893562198465943,0.007900074730436635,0.023371709209673353,-0.012383900928792824,0.09195402298850575,-0.003637427571536178,0.009756097560975618
torch_lstm,lightgbm,4,excitement,b112005d,0.005549239348167423,0.001378980429072918,-0.0037355855124250326,-0.005875390956612825,-0.010178117048346147,0.021276595744680882,-0.003922235744660552,0.0
torch_lstm,lightgbm,4,excitement,b1c2f044,-0.0078125,-0.006012176005537606,0.013934426229508245,0.017986629620466377,0.0,-0.015625,-0.0035060708605060276,-0.004618937644341514
torch_lstm,lightgbm,4,excitement,d151b0c4,-0.046152312599681,-0.056065821133647664,0.0022095959595960224,0.0007604438276509473,0.10087719298245623,-0.19318181818181812,-0.04328930132943831,-0.05691056910569103
torch_lstm,lightgbm,4,excitement,f1a0c120,-0.023664509580002657,-0.027336418181488686,0.007422915873620095,0.005926519706111355,-0.05633802816901412,0.009009009009009028,-0.028677839917647163,-0.02766798418972327
torch_lstm,lightgbm,4,stress,01c2a0d8,-0.010664179709674926,-0.017216981890894933,0.009893763685021595,0.011377444458606778,-0.038277511961722466,0.016949152542372836,-0.00997180252338159,-0.01834862385321101
torch_lstm,lightgbm,4,stress,30908049,0.08064516129032273,0.11866810518298276,0.007056451612903358,0.010047612731795774,0.0,0.16129032258064524,0.08872854506112648,0.12195121951219512
torch_lstm,lightgbm,4,stress,40009139,0.12585034013605434,0.14969537073114036,0.023809523809523614,0.023186058824644418,0.346938775510204,-0.09523809523809523,0.0763552433247201,0.1428571428571428
torch_lstm,lightgbm,4,stress,7092f07b,-0.09490963855421686,-0.1548087138883188,-0.06394578313253019,-0.06565100580889338,0.015000000000000013,-0.20481927710843378,-0.019102786269203142,-0.08469945355191255
torch_lstm,lightgbm,4,stress,8030618f,-0.08598484848484855,-0.1770140539889855,-0.16136363636363638,-0.00820720699141908,0.125,-0.29696969696969705,-0.005538783275940706,-0.277456647398844
torch_lstm,lightgbm,4,stress,a1b210fc,-0.04468599033816423,-0.13809527346205164,-0.18743961352657001,-0.058430591214243544,0.2222222222222222,-0.31159420289855067,-0.10584429080610314,-0.1803278688524591
torch_lstm,lightgbm,4,stress,b112005d,-0.12140845070422546,-0.18077578382604886,-0.11281690140845058,-0.05101208765165799,0.05999999999999994,-0.3028169014084507,-0.06503443357068528,-0.24850299401197606
torch_lstm,lightgbm,4,stress,b1c2f044,0.005717811600164602,0.011930555783014829,0.01480872069107364,0.021150573502074388,0.034965034965035,-0.02352941176470591,0.013307703766515022,0.013157894736842035
torch_lstm,lightgbm,4,stress,d151b0c4,-0.20004022930705012,-0.2976047041065176,-0.18870059338227896,-0.10497337068947643,0.23926380368098177,-0.639344262295082,-0.14027110077742633,-0.28746928746928746
torch_lstm,lightgbm,4,stress,f1a0c120,0.03619896324771388,0.056225945660718146,-0.14648494379404753,-0.23184637206316294,0.0893470790378007,-0.016949152542372947,0.006047439560040946,0.04914529914529919
torch_lstm,lightgbm,4,relaxation,01c2a0d8,-0.0496777658431794,-0.052125798982585514,-0.029729937087617175,-0.08222464773997629,-0.007518796992481258,-0.09183673469387754,-0.03831691075683019,-0.030219780219780223
torch_lstm,lightgbm,4,relaxation,30908049,-0.14326617179215273,-0.13803734101199794,-0.056839872746553666,-0.08077397505701567,0.043902439024390394,-0.33043478260869574,-0.0238578975409528,-0.09062499999999996
torch_lstm,lightgbm,4,relaxation,40009139,0.040080226211613,0.043323494661119843,-0.02485697376208329,-0.017243044611779612,0.15315315315315314,-0.07299270072992703,-0.011665030310315516,0.028225806451612878
torch_lstm,lightgbm,4,relaxation,7092f07b,-0.07129329004328999,-0.11178707737502547,-0.05021645021645016,-0.03265076989194682,0.008928571428571397,-0.1515151515151516,-0.017709873526472908,-0.08664259927797835
torch_lstm,lightgbm,4,relaxation,8030618f,-0.0980392156862746,-0.1085796922384702,-0.041149793250633615,-0.04498082859189145,0.04201680672268915,-0.23809523809523814,-0.06480693219823652,-0.10204081632653061
torch_lstm,lightgbm,4,relaxation,a1b210fc,-0.09090401286978278,-0.08384349703551097,-0.07420234158548578,-0.09979582492694439,-0.026119402985074647,-0.15568862275449102,-0.07702918165624828,-0.07586206896551717
torch_lstm,lightgbm,4,relaxation,b112005d,0.034186188073124346,0.030588696717644415,0.02428966952696998,0.04233688085582543,-0.0024937655860347574,0.07086614173228345,0.008270431453974991,0.015151515151515138
torch_lstm,lightgbm,4,relaxation,b1c2f044,-0.005335601608413287,-0.010531755127266007,-0.0006495515001546659,-0.0009649487718149663,0.008196721311475419,-0.018867924528301994,-0.01552585130655637,-0.01033591731266148
torch_lstm,lightgbm,4,relaxation,d151b0c4,-0.11632739232854794,-0.09332155744926685,-0.06640295124227746,-0.07525366759787921,0.08278145695364225,-0.31543624161073824,-0.006214878166097781,-0.04878048780487809
torch_lstm,lightgbm,4,relaxation,f1a0c120,0.012002110261144727,0.0074166033649191165,-0.006880330607579421,-0.00202911035197495,0.17647058823529416,-0.1524663677130046,-0.004519189509992527,0.004683840749414525
torch_lstm,lightgbm,4,interest,01c2a0d8,-0.17655038759689923,-0.2455312640869438,-0.09893410852713158,-0.18549589000630562,-0.4031007751937985,0.04999999999999993,-0.14540020593888903,-0.2592592592592593
torch_lstm,lightgbm,4,interest,30908049,-0.06909937888198758,0.01811467572032227,-0.2752329192546584,-0.06323136115761896,-0.25,0.11180124223602494,-0.047191701988816614,0.05181347150259075
torch_lstm,lightgbm,4,interest,40009139,-0.13642473118279563,-0.18200938211150186,0.027553763440860246,0.02588071459290253,0.125,-0.3978494623655914,-0.030936603374305482,-0.1560693641618497
torch_lstm,lightgbm,4,interest,7092f07b,-0.06098379132674969,-0.09072571308007915,-0.12760304851867765,-0.06254050919109655,0.08759124087591241,-0.2095588235294118,-0.05593157765198131,-0.11002444987775062
torch_lstm,lightgbm,4,interest,8030618f,-0.06387246621621623,-0.09453778198255924,0.00021114864864868466,-0.005420876464358848,0.06756756756756765,-0.1953125,-0.040672938711087125,-0.0990099009900991
torch_lstm,lightgbm,4,interest,a1b210fc,-0.09698397075365583,-0.09719589653589711,-0.1477608267716537,-0.0820411366734699,-0.008928571428571397,-0.18503937007874016,-0.11796893581989265,-0.10251046025104604
torch_lstm,lightgbm,4,interest,b112005d,0.04394629544330142,0.01790886720163054,0.07088387327908274,0.10738255179075706,-0.07977207977207978,0.16766467065868262,0.028014290026179278,0.0
torch_lstm,lightgbm,4,interest,b1c2f044,-0.013595166163142047,-0.020210907587177362,-0.03189414509159061,-0.05510162595698631,-0.027190332326283984,0.0,-0.012596801419136328,-0.02195121951219514
torch_lstm,lightgbm,4,interest,d151b0c4,-0.061687403886481196,-0.03112166724488241,-0.11555990493499246,-0.112125900035561,0.11575562700964631,-0.23913043478260854,-0.09150752338008794,-0.03512014787430684
torch_lstm,lightgbm,4,interest,f1a0c120,-0.11762850835698513,-0.20876103385593336,-0.3010266652650757,-0.06917764686710381,-0.047619047619047616,-0.1876379690949227,-0.36859629579306685,-0.1705426356589147
torch_lstm,lightgbm,4,focus,01c2a0d8,0.17540540540540528,0.1856161619324458,0.21603603603603605,0.08725085655214737,0.37333333333333335,-0.022522522522522626,0.1428571428571429,0.07744107744107742
torch_lstm,lightgbm,4,focus,30908049,-0.08674863387978149,-0.024586116766364574,-0.030993852459016313,0.0006435283947268111,-0.20833333333333337,0.03483606557377039,0.0409863816670456,0.013059701492537434
torch_lstm,lightgbm,4,focus,40009139,0.09748427672955973,0.08652682124143629,0.09356829239349707,0.12685605687934864,0.0062893081761006275,0.18867924528301894,0.0772053732917719,0.0792452830188679
torch_lstm,lightgbm,4,focus,7092f07b,0.056912442396313434,0.06917695092624399,0.005817972350230405,0.06605630519062078,0.013824884792626557,0.10000000000000003,0.07237645808315907,0.03703703703703709
torch_lstm,lightgbm,4,focus,8030618f,-0.05878523717876161,-0.08795361131944723,0.1223253707687082,0.137540767257606,0.08904109589041087,-0.20661157024793386,0.043846964229201646,-0.0449438202247191
torch_lstm,lightgbm,4,focus,a1b210fc,0.18818181818181812,0.1999466755730539,0.1734949494949496,0.28650978597146104,0.039999999999999925,0.33636363636363636,0.17723467763172218,0.13731343283582087
torch_lstm,lightgbm,4,focus,b112005d,0.1643499349343428,0.1625881159516921,0.17904885839346973,0.1577710760830291,0.20253164556962022,0.1261682242990655,0.16141506326596577,0.15860215053763438
torch_lstm,lightgbm,4,focus,b1c2f044,0.10638673253352149,0.0979805843423791,0.07974594213126318,0.17530897225776265,0.03846153846153855,0.17431192660550465,0.09140827615822467,0.07363420427553447
torch_lstm,lightgbm,4,focus,d151b0c4,0.036929583005507416,0.04169000860734051,0.050673682140047194,0.023028892106287557,0.040322580645161366,0.03353658536585358,0.04732633816155574,0.03539823008849552
torch_lstm,lightgbm,4,focus,f1a0c120,0.06335090030742219,0.07794109749264755,0.09475186649099687,0.1558944323759186,0.07114624505928846,0.05555555555555558,0.11162937939253736,0.06648199445983383
torch_lstm,lightgbm,5,attention,0001508a,-0.10765687967760507,-0.20398770786833892,-0.06476683937823824,-0.23035193767586631,-0.3264248704663213,0.11111111111111116,-0.015900144231290603,-0.2890995260663507
torch_lstm,lightgbm,5,attention,0110f12e,-0.13279400157853194,-0.12621828469646135,-0.06943348241690783,-0.04502589569297,-0.33701657458563544,0.07142857142857151,-0.09032144276584386,-0.09930715935334877
torch_lstm,lightgbm,5,attention,0182e16c,-0.11875000000000013,-0.22290828880817304,-0.11290322580645162,-0.12243496197074433,-0.48750000000000004,0.2499999999999999,-0.06376347881119548,-0.2362637362637363
torch_lstm,lightgbm,5,attention,2182c1cd,-0.06710553174117173,-0.07362631103129946,-0.09012043274137582,-0.16475076776359354,-0.11971830985915499,-0.01449275362318836,-0.05757452465571511,-0.06785714285714284
torch_lstm,lightgbm,5,attention,219060fa,-0.24142455035542199,-0.25529053444247785,-0.24788893659653644,-0.1981877106889689,-0.5547445255474455,0.07189542483660127,-0.20943738376073773,-0.22413793103448276
torch_lstm,lightgbm,5,attention,71e10186,-0.30154137691826133,-0.31276207604524975,-0.26685616635365383,-0.2007496706335148,-0.2562814070351759,-0.3468013468013468,-0.3140807074598083,-0.310483870967742
torch_lstm,lightgbm,5,attention,8191f1d9,-0.09207901884230185,-0.06427880276706577,-0.023361907995246844,0.00483891816812998,-0.23357664233576636,0.04941860465116277,-0.047494514536824406,-0.031185031185031242
torch_lstm,lightgbm,5,attention,81e150c1,-0.027455022488755643,-0.09738241752684562,-0.002998500749625266,0.07109823247012848,-0.18534482758620696,0.13043478260869557,-0.07598600023971946,-0.13309352517985606
torch_lstm,lightgbm,5,attention,c1a150b1,-0.1280052064723597,-0.143697362416917,-0.15958858659588593,-0.1047101705410568,-0.23776223776223787,-0.018248175182481674,-0.1107340282397491,-0.09352517985611508
torch_lstm,lightgbm,5,attention,e0c0408a,0.0,0.0,,,,0.0,0.0,0.0
torch_lstm,lightgbm,5,attention,f121f1e0,-0.24816326530612243,-0.4122893663759978,-0.13611661807580178,-0.15656592640305456,0.17714285714285716,-0.6734693877551021,-0.19508291540329648,-0.319047619047619
torch_lstm,lightgbm,5,engagement,0001508a,-0.0924242424242423,-0.10992497502293086,-0.05784313725490198,-0.05954650676784934,-0.018181818181818188,-0.16666666666666669,-0.07312261442028223,-0.089622641509434
torch_lstm,lightgbm,5,engagement,0110f12e,0.03535407725321893,0.0353775303287599,-0.0019098712446350419,-0.009978037205878643,0.07500000000000007,-0.004291845493561985,0.021208037854940076,0.0323325635103926
torch_lstm,lightgbm,5,engagement,0182e16c,0.1934942991281019,0.21273705968322387,0.1967491221840848,0.14874233198863474,0.1428571428571429,0.244131455399061,0.23396903374781552,0.20783132530120485
torch_lstm,lightgbm,5,engagement,2182c1cd,0.08279394382844596,0.09852231295854064,0.1002983058479201,0.19710703345920677,0.14723926380368108,0.01834862385321101,0.057154079677707026,0.09558823529411764
torch_lstm,lightgbm,5,engagement,219060fa,-0.013100674059578155,-0.015104702005306336,-0.08059723128216278,-0.13099236142735804,-0.0182648401826484,-0.007936507936507992,-0.05888509260758823,-0.01449275362318847
torch_lstm,lightgbm,5,engagement,71e10186,-0.1242460576992952,-0.12422106238231101,-0.058583436281278045,-0.060519405376097235,-0.14748201438848918,-0.1010101010101011,-0.12243720789493984,-0.12347826086956515
torch_lstm,lightgbm,5,engagement,8191f1d9,-0.05130784708249492,-0.07453760108244689,-0.01018012838938398,-0.06414012651999629,-0.10261569416498983,0.0,-0.012760633861551351,-0.0877796901893288
torch_lstm,lightgbm,5,engagement,81e150c1,-0.09211847389558236,-0.14256533540453703,-0.0800702811244981,-0.043561906667438643,0.024096385542168752,-0.20833333333333337,-0.03519357963193581,-0.14860681114551094
torch_lstm,lightgbm,5,engagement,c1a150b1,-0.04600020049120351,-0.0551844226775175,-0.04418324895995185,-0.10307800243766896,-0.04929577464788726,-0.0427046263345196,-0.34298367763173593,-0.044917257683215084
torch_lstm,lightgbm,5,engagement,e0c0408a,-0.07738095238095233,-0.16674040565472703,-0.17559523809523814,-0.17434629843130858,-0.40476190476190477,0.25,-0.11228257881401904,-0.30000000000000004
torch_lstm,lightgbm,5,engagement,f121f1e0,0.08561090423663331,0.04246635845529978,0.056207405325651716,0.025144026119807372,0.2558139534883721,-0.0845921450151057,0.03782788807827764,0.010869565217391242
torch_lstm,lightgbm,5,excitement,0001508a,0.005000746380056875,0.005895647583828212,0.004179728317659448,0.0028741295711341985,-0.012987012987012991,0.02298850574712641,0.00871437089065441,0.0060975609756097615
torch_lstm,lightgbm,5,excitement,0110f12e,0.02308301961561321,0.02214385765963167,-0.006117495541905993,-0.00010589791250936731,0.05102040816326525,-0.004854368932038833,0.027533034008449753,0.022388059701492602
torch_lstm,lightgbm,5,excitement,0182e16c,-0.03874412225705326,-0.04826400734204506,-0.05916927899686519,-0.10979026005834391,-0.008522727272727182,-0.06896551724137923,-0.06116986120290813,-0.013123359580052507
torch_lstm,lightgbm,5,excitement,2182c1cd,-0.00848794063079783,-0.0027290677989524337,-0.003803339517625237,-0.0016915970827919846,-0.030612244897959218,0.013636363636363558,0.011178830025524777,0.0
torch_lstm,lightgbm,5,excitement,219060fa,0.0539083557951483,0.020937079278290582,-0.023809523809523836,-0.009772563759666397,0.1785714285714286,-0.07075471698113212,-0.03147594831602074,0.0
torch_lstm,lightgbm,5,excitement,71e10186,-0.026600629755969663,-0.02888276898875175,-0.01671149304644448,-0.01027360278736944,-0.01941747572815522,-0.03378378378378377,-0.03291253224526003,-0.02788844621513953
torch_lstm,lightgbm,5,excitement,8191f1d9,-0.04066246253746253,-0.04934873949579832,-0.049466158841159014,-0.04125362921324116,-0.0848214285714286,0.0034965034965036557,-0.015300883822048306,-0.03529411764705892
torch_lstm,lightgbm,5,excitement,81e150c1,0.02070983432132545,0.017637059110236053,0.033135734914120696,0.013636140827336773,0.03488372093023284,0.006535947712418277,0.01878967260867792,0.01673640167364021
torch_lstm,lightgbm,5,excitement,c1a150b1,0.017467581998474535,0.03164580563332775,0.020696669209254837,0.04214617328431913,0.017391304347825987,0.01754385964912275,0.04377058529457922,0.017412935323383172
torch_lstm,lightgbm,5,excitement,e0c0408a,-0.061175847457627164,-0.03999961804503127,-0.0736228813559322,-0.11159275303122163,0.03389830508474567,-0.15625,-0.054366137266023795,-0.03296703296703296
torch_lstm,lightgbm,5,excitement,f121f1e0,0.12735849056603765,0.17321612613814152,0.01715498287058337,0.006540109947397621,0.0,0.25471698113207547,0.07235294117647062,0.18367346938775508
torch_lstm,lightgbm,5,stress,0001508a,-0.023385729696409285,-0.027419162569407907,0.05039297272306975,0.08684016524004223,-0.03883495145631072,-0.00793650793650802,-0.021080526952197642,-0.02183406113537112
torch_lstm,lightgbm,5,stress,0110f12e,-0.04740596977375244,-0.04732717073067838,-0.027494743651948816,-0.028115030146652065,-0.020576131687242816,-0.07423580786026196,-0.044001365607815424,-0.04661016949152541
torch_lstm,lightgbm,5,stress,0182e16c,-0.08361204013377932,-0.08128078817733991,-0.585408150625542,-0.3979815363766407,-0.0512820512820512,-0.11594202898550732,-0.35411255411255416,-0.09259259259259256
torch_lstm,lightgbm,5,stress,2182c1cd,0.035327995504986553,0.03416441256304381,0.018296109004073524,0.005258855393553308,0.030973451327433732,0.03968253968253954,0.0341807634272806,0.03409090909090906
torch_lstm,lightgbm,5,stress,219060fa,0.08928571428571441,0.07224543572369657,0.03488372093023262,0.006078342761073774,0.1785714285714286,0.0,0.046984315673021304,0.025000000000000022
torch_lstm,lightgbm,5,stress,71e10186,-0.11968290012570448,-0.1152809272780031,-0.062264303961721,-0.04068434361899975,-0.17343173431734327,-0.06593406593406592,-0.1114877384403028,-0.1118110236220472
torch_lstm,lightgbm,5,stress,8191f1d9,0.055051385696546995,0.10443562461845773,0.057594251142638275,0.11276370587116191,0.11547911547911549,-0.00537634408602139,0.017075838522072173,0.07757166947723443
torch_lstm,lightgbm,5,stress,81e150c1,-0.0453345070422535,-0.04663214919515146,-0.019982394366197198,-0.030159169070393954,-0.028169014084507005,-0.0625,-0.043217250201557755,-0.04635761589403975
torch_lstm,lightgbm,5,stress,c1a150b1,-0.06209150326797386,-0.025581625581625578,-0.05055747789311804,-0.0032082307613992,-0.11764705882352944,-0.0065359477124183885,-0.017529577770541538,-0.012383900928792602
torch_lstm,lightgbm,5,stress,e0c0408a,0.025252525252525304,0.05084402454159487,0.009620009620009529,0.029566780018234984,0.05050505050505061,0.0,0.07184210526315782,0.04166666666666674
torch_lstm,lightgbm,5,stress,f121f1e0,0.0002824014086846294,0.0024492085022714827,-0.005371164047531907,-0.008629313880852196,-0.007874015748031371,0.008438818565400796,-0.022095278776313343,-0.0016181229773463146
torch_lstm,lightgbm,5,relaxation,0001508a,0.06030982905982907,0.09660568091114508,-0.003739316239316115,-0.014277627220743216,0.1692307692307693,-0.04861111111111116,-0.07646301753439655,0.019138755980861233
torch_lstm,lightgbm,5,relaxation,0110f12e,-0.06824671616219302,-0.0679266156452829,-0.0535693889206168,-0.03947311112021734,-0.07766990291262132,-0.05882352941176472,-0.06771274743972755,-0.06724511930585686
torch_lstm,lightgbm,5,relaxation,0182e16c,-0.025047928648828988,-0.03464623540417877,-0.22889055597232644,-0.31593155787733906,-0.0035842293906810374,-0.046511627906976716,-0.044735880572084774,-0.009316770186335477
torch_lstm,lightgbm,5,relaxation,2182c1cd,-0.030734767025089482,-0.02978231604811543,0.002732974910394148,0.0007778776684663757,-0.07258064516129037,0.011111111111111183,-0.00516653168768666,-0.023026315789473784
torch_lstm,lightgbm,5,relaxation,219060fa,0.0003676470588235281,-0.05288865546218502,-0.01995798319327724,-0.006525830119349374,0.10000000000000009,-0.09926470588235292,-0.07572317388493865,-0.05847953216374269
torch_lstm,lightgbm,5,relaxation,71e10186,-0.04839371155160621,-0.049663266088375235,-0.014059624585940456,-0.015514436704737955,-0.04415584415584417,-0.05263157894736836,-0.050803419839922426,-0.04746835443037967
torch_lstm,lightgbm,5,relaxation,8191f1d9,-0.06645925157721888,-0.09128872745162409,-0.03530377668308671,-0.025050032313932213,-0.13793103448275867,0.005012531328320802,-0.0014581573728953412,-0.03839441535776611
torch_lstm,lightgbm,5,relaxation,81e150c1,0.05431034482758623,0.04345104701318103,0.01577586206896553,0.006665995328672181,0.09999999999999998,0.008620689655172376,0.04314258658008663,0.03614457831325302
torch_lstm,lightgbm,5,relaxation,c1a150b1,-0.14040071770334928,-0.2281095298345145,-0.04880382775119618,-0.04952373792933107,-0.37171052631578955,0.09090909090909094,-0.08083678177105369,-0.24879227053140107
torch_lstm,lightgbm,5,relaxation,e0c0408a,-0.25,-0.2876967087493403,0.013081395348837233,-0.012538436312140022,0.0,-0.5,-0.06398809523809545,-0.13559322033898302
torch_lstm,lightgbm,5,relaxation,f121f1e0,-0.08749999999999991,-0.12565513392551253,-0.039715639810426584,-0.030507402308619036,0.0,-0.17500000000000002,-0.030479751704554747,-0.08515815085158152
torch_lstm,lightgbm,5,interest,0001508a,-0.1270664051555057,-0.18835355820649946,-0.06920706080134487,-0.03889991589199371,-0.30232558139534893,0.048192771084337394,0.054076605212968865,-0.07142857142857151
torch_lstm,lightgbm,5,interest,0110f12e,0.0021186440677966045,0.015553450025200366,-0.02115053145647794,-0.010512369263815269,-0.05084745762711862,0.05508474576271183,0.023164478443977843,0.019774011299435013
torch_lstm,lightgbm,5,interest,0182e16c,-0.03734623916112123,-0.04668938817925028,-0.074410163339383,-0.037935417400668636,-0.021052631578947212,-0.05363984674329503,-0.028219341358625583,-0.0449438202247191
torch_lstm,lightgbm,5,interest,2182c1cd,0.11885090218423555,0.13906540066151907,0.01025641025641022,-0.004517337995604609,0.25308641975308643,-0.015384615384615441,0.08399302693653721,0.13356164383561642
torch_lstm,lightgbm,5,interest,219060fa,0.023484848484848442,-0.02180768528660093,0.05681818181818177,0.012375486760804133,0.09999999999999998,-0.053030303030303094,-0.016191216191216218,-0.03289473684210531
torch_lstm,lightgbm,5,interest,71e10186,-0.14737834182278642,-0.15790171054601532,-0.12866557311001758,-0.09784270358134228,-0.05349794238683114,-0.24125874125874125,-0.12497682406523147,-0.15500945179584125
torch_lstm,lightgbm,5,interest,8191f1d9,0.0017182130584192379,0.0031882372976574924,0.054421094369548006,-0.06548576706303028,0.0034364261168385035,0.0,0.00015142911224674815,0.003154574132492094
torch_lstm,lightgbm,5,interest,81e150c1,-0.09988986784140974,-0.10160297578477401,-0.21519823788546255,-0.024532671662362948,-0.04999999999999993,-0.14977973568281938,-0.030587600039064133,-0.1417004048582996
torch_lstm,lightgbm,5,interest,c1a150b1,-0.1030595813204509,-0.2650283975268193,-0.01461203554601287,-0.10969799165328231,-0.6135265700483092,0.4074074074074072,-0.14083872783563178,-0.32638888888888884
torch_lstm,lightgbm,5,interest,e0c0408a,0.024999999999999994,0.020202020202020207,,,,0.024999999999999994,0.0,0.024999999999999994
torch_lstm,lightgbm,5,interest,f121f1e0,-0.13134328358208947,-0.1885353679702242,0.0032441100283704394,-0.003648174268711224,0.0,-0.2626865671641791,-0.051009605020479576,-0.15251299826689768
torch_lstm,lightgbm,5,focus,0001508a,0.06864406779661025,0.006227388580329674,0.1375488917861799,0.16939327428185347,-0.2627118644067796,0.40000000000000013,-0.010073720624982685,-0.02732240437158473
torch_lstm,lightgbm,5,focus,0110f12e,0.028137754342062227,0.019399922009896486,0.10000893734918226,0.0667895076413042,-0.12935323383084574,0.18562874251497008,0.016442723942723947,0.013586956521739135
torch_lstm,lightgbm,5,focus,0182e16c,0.13197026022304836,0.2192163645418747,-0.09552287053499264,-0.2048417448927437,0.26394052044609667,0.0,0.0323383412985504,0.21005917159763315
torch_lstm,lightgbm,5,focus,2182c1cd,-0.019409979232120955,-0.0024494697304281443,0.11566111081527242,0.051862644773148614,-0.1573033707865169,0.11848341232227488,0.14832434108607084,0.036666666666666736
torch_lstm,lightgbm,5,focus,219060fa,-0.12005244409261817,-0.238880955090518,0.13155551157728096,0.13920512053697953,-0.441717791411043,0.2016129032258065,0.0478708740770869,-0.16376306620209058
torch_lstm,lightgbm,5,focus,71e10186,-0.019194024665624476,-0.017321135526962572,0.0005018045664215709,0.001168009726063235,-0.03508771929824561,-0.0033003300330032292,-0.012596817232333413,-0.014767932489451407
torch_lstm,lightgbm,5,focus,8191f1d9,0.033068362480127234,0.0029615897600752117,0.07152446564211246,0.1149676777721439,-0.11764705882352944,0.1837837837837838,0.038044554379947026,-0.004073319755600879
torch_lstm,lightgbm,5,focus,81e150c1,0.15952127659574478,0.156973521741116,0.1260106382978724,0.16742939446679883,0.08500000000000008,0.23404255319148937,0.15360503521172153,0.13265306122448983
torch_lstm,lightgbm,5,focus,c1a150b1,0.24095238095238092,0.17267593531665537,0.17555555555555558,0.3110458312380978,-0.03809523809523807,0.52,0.15406763778856802,0.10877192982456141
torch_lstm,lightgbm,5,focus,e0c0408a,-0.020000000000000018,-0.04351204351204352,0.058666666666666645,0.08989808592761428,-0.04,0.0,-0.5048076923076923,-0.025000000000000022
torch_lstm,lightgbm,5,focus,f121f1e0,0.09998798221367622,0.04468348697765889,0.24526298922405165,0.16116989839506146,0.30188679245283023,-0.10191082802547768,0.11579618533093827,0.03382663847780121
torch_lstm,xgboost,1,attention,30c140ca,-0.009036475499890173,-0.012213615408476208,0.08344319929685784,0.12446344614442806,-0.1869918699186992,0.16891891891891875,0.0715726763064114,0.0073800738007380184
torch_lstm,xgboost,1,attention,3110e0c7,-0.023076923076923106,-0.04654183908213061,-0.2504273504273504,-0.15722674939489711,0.0,-0.0461538461538462,-0.005800214822771266,-0.02970297029702973
torch_lstm,xgboost,1,attention,40f0714a,-0.26783625730994154,-0.30299390299390294,-0.3988304093567251,-0.18182159308069745,-0.1578947368421052,-0.37777777777777777,-0.26380265016993154,-0.3125
torch_lstm,xgboost,1,attention,7150e10a,0.04306779356230894,0.02921326226692933,0.02115926392135703,0.01682811306591503,0.13432835820895517,-0.04819277108433728,0.026981122182752837,0.02063789868667909
torch_lstm,xgboost,1,attention,71f0603f,-0.03633271490414347,-0.040440607421060926,-0.046470536266454476,-0.09312815705987498,0.18707482993197277,-0.2597402597402597,-0.037949246109726054,-0.0415282392026578
torch_lstm,xgboost,1,attention,81f1f0fe,-0.16084753569783516,-0.2753903661047501,-0.2490403807769077,-0.27253462662674144,0.06153846153846143,-0.3832335329341317,-0.26118014807669987,-0.14364640883977908
torch_lstm,xgboost,1,attention,a1721173,-0.10859437751004009,-0.12231729837045102,-0.06971887550200806,-0.03796884437501713,-0.25333333333333335,0.03614457831325302,-0.06502927373792611,-0.10126582278481011
torch_lstm,xgboost,1,attention,c060c06a,-0.19089253187613842,-0.30850470727358953,-0.1983606557377049,-0.2112764456290065,-0.4262295081967213,0.0444444444444444,-0.018397588402865317,-0.17898832684824895
torch_lstm,xgboost,1,attention,c112918e,0.051434097212085805,0.08722317191410367,0.013465187563859171,0.004022750470304315,0.12096774193548382,-0.018099547511312375,0.010076195114182562,0.06913996627318719
torch_lstm,xgboost,1,attention,d111e017,-0.12592154543662526,-0.1270195827296613,-0.10954352172566251,-0.09884488448209838,-0.17543859649122806,-0.07640449438202257,-0.12038290445214539,-0.12322274881516593
torch_lstm,xgboost,1,attention,f1d06060,-0.10862938826991797,-0.1740317433186242,-0.05276434727769608,-0.02210215648772418,0.014084507042253391,-0.2313432835820896,-0.032986370072133675,-0.1799410029498526
torch_lstm,xgboost,1,engagement,30c140ca,-0.0004421768707483231,-0.032785862189703474,0.027074829931972744,0.013428015526101289,-0.2108843537414966,0.21000000000000008,0.010572760572760576,-0.04048582995951422
torch_lstm,xgboost,1,engagement,3110e0c7,-0.020238095238095388,-0.04260826383161487,-0.038605442176870786,-0.041037483920957296,0.16666666666666663,-0.20714285714285718,-0.025624378446089224,-0.0669642857142857
torch_lstm,xgboost,1,engagement,40f0714a,0.12962962962962965,0.10743745700486318,-0.0051440329218108705,0.006197120293292557,-0.24074074074074092,0.49999999999999994,-0.010677999251106574,0.05555555555555558
torch_lstm,xgboost,1,engagement,7150e10a,0.04929577464788737,0.05398667631046106,0.020896496143070875,0.052361097564109005,0.0,0.09859154929577468,0.0286140804928805,0.027504911591355596
torch_lstm,xgboost,1,engagement,71f0603f,-0.09872465689640197,-0.10404979949191451,-0.05323136902084258,-0.0693225308879789,-0.22792022792022792,0.030470914127423865,-0.07517154795764958,-0.0969101123595506
torch_lstm,xgboost,1,engagement,81f1f0fe,-0.17766645119586288,-0.12926952922832435,-0.20329670329670335,-0.0591808420026908,-0.5494505494505495,0.1941176470588235,-0.08825823153828272,0.037122969837587005
torch_lstm,xgboost,1,engagement,a1721173,-0.20013477088948795,-0.28937859554034134,-0.07654986522911067,-0.03558617208150183,-0.42857142857142855,0.028301886792452824,0.03538764945149753,-0.08510638297872342
torch_lstm,xgboost,1,engagement,c060c06a,-0.22578435704816613,-0.2659037098298782,0.007335395492708785,-0.002242662953324759,-0.5547945205479452,0.10322580645161294,-0.08000779315001205,-0.21594684385382057
torch_lstm,xgboost,1,engagement,c112918e,0.032796934865900296,0.022268665449893144,0.012766283524904165,0.023022008205195288,-0.16551724137931034,0.23111111111111116,0.011788371011312027,0.007766990291262155
torch_lstm,xgboost,1,engagement,d111e017,-0.0761334280547662,-0.07631081941037898,-0.10373934383880135,-0.06704221413840572,-0.04846938775510212,-0.10379746835443038,-0.10973331717325752,-0.07623888182973315
torch_lstm,xgboost,1,engagement,f1d06060,-0.019115890083632125,-0.021282644125391048,-0.02045997610513739,-0.07441486148168486,0.00806451612903214,-0.04629629629629639,-0.0025220467905570088,-0.008426966292134797
torch_lstm,xgboost,1,excitement,30c140ca,0.032044628956927945,0.04372202287145299,0.01498443175921127,0.013618727744616366,0.08536585365853666,-0.021276595744680882,0.030941701513422015,0.046511627906976716
torch_lstm,xgboost,1,excitement,3110e0c7,0.04286146400483959,0.032341884749182315,0.07326073805202649,0.032012666481288754,0.08045977011494254,0.0052631578947367474,0.03571912231125096,0.028880866425992746
torch_lstm,xgboost,1,excitement,40f0714a,0.01662844036697253,-0.05016839338110002,0.01834862385321101,-0.0044881588999236,-0.09174311926605505,0.125,-0.015007836990595602,-0.07692307692307698
torch_lstm,xgboost,1,excitement,7150e10a,0.05540938120410466,0.021674398246475435,0.006434329179324072,0.027769377652255844,-0.023201856148491795,0.1340206185567011,-0.021420477662970838,0.005681818181818121
torch_lstm,xgboost,1,excitement,71f0603f,-0.09010577051814173,-0.11426958083967931,0.01563350738608482,0.007074160200331581,-0.20618556701030938,0.025974025974025983,-0.01186391101933082,-0.07396449704142016
torch_lstm,xgboost,1,excitement,81f1f0fe,-0.07764356307732057,-0.08156395605890554,-0.08277889025256746,-0.05220670912774705,-0.1021897810218978,-0.05309734513274322,-0.08539647114381821,-0.07162534435261714
torch_lstm,xgboost,1,excitement,a1721173,-0.08465818759936405,-0.08578006354635825,-0.058823529411764386,-0.03859648812218608,-0.08108108108108114,-0.08823529411764719,-0.0841068422099589,-0.08522727272727271
torch_lstm,xgboost,1,excitement,c060c06a,-0.1244343891402715,-0.17393695865456021,0.0017237664296487765,-0.006115218140504086,-0.248868778280543,0.0,-0.05657881845792101,-0.20912547528517111
torch_lstm,xgboost,1,excitement,c112918e,0.05994185427036247,0.07778830704918749,0.012451101267942133,0.01015235663827041,0.12534818941504178,-0.005464480874316835,0.05401031380294041,0.08118081180811809
torch_lstm,xgboost,1,excitement,d111e017,-0.024613676829402187,-0.02475874090606478,-0.008776075440177666,-0.004659654123230772,-0.02577319587628879,-0.023454157782515805,-0.024953860966850927,-0.02450408401400217
torch_lstm,xgboost,1,excitement,f1d06060,0.005138746145940454,-0.00816174083072907,-0.03550406428104291,-0.025021415611103603,0.07142857142857151,-0.06115107913669071,-0.03650503157545404,-0.01388888888888884
torch_lstm,xgboost,1,stress,30c140ca,-0.09129291251384275,-0.13827266187934972,-0.04185123661867862,-0.02675758093882019,0.08527131782945763,-0.26785714285714285,-0.006013193098255432,-0.11447811447811451
torch_lstm,xgboost,1,stress,3110e0c7,0.3177156177156177,0.3592700258397933,0.31631701631701625,0.22062943620705366,0.43846153846153857,0.1969696969696969,0.33098350195971193,0.35714285714285715
torch_lstm,xgboost,1,stress,40f0714a,-0.03618421052631593,-0.01997330626362881,0.016315789473684394,0.05391031944718938,0.05263157894736836,-0.125,0.05491309586109394,0.0
torch_lstm,xgboost,1,stress,7150e10a,0.02716843994920981,0.031380077710598586,-0.0903717325627218,-0.07851857972840104,-0.01812688821752262,0.07246376811594213,-0.007206966779793267,0.016728624535315983
torch_lstm,xgboost,1,stress,71f0603f,-0.07711038961038974,-0.07131961537829001,-0.02016465677179957,0.005348907141939585,-0.1428571428571429,-0.011363636363636354,-0.06512388856617157,-0.0653266331658292
torch_lstm,xgboost,1,stress,81f1f0fe,0.09938402132941071,0.1356269430770165,0.11236554196929305,0.052069530650762585,-0.006711409395973034,0.20547945205479462,0.05999173336500885,0.14396887159533067
torch_lstm,xgboost,1,stress,a1721173,0.058651026392961825,0.0269550162407306,-0.007820136852394799,-0.023411446480216647,-0.06451612903225801,0.18181818181818182,-0.036881183012406504,-0.008298755186721962
torch_lstm,xgboost,1,stress,c060c06a,-0.1808860007686126,-0.25373940795288963,-0.023337875135380437,-0.015708274278585566,-0.35467980295566504,-0.007092198581560183,-0.09228259774763914,-0.21220930232558133
torch_lstm,xgboost,1,stress,c112918e,-0.05983240223463682,-0.13356289635742458,0.06644320297951578,0.10758337536566431,-0.1396648044692737,0.020000000000000018,-0.4626510921043331,-0.06686930091185411
torch_lstm,xgboost,1,stress,d111e017,-0.056641628145865486,-0.05546446381781278,-0.04070364663585002,-0.030213936639321037,-0.009469696969697017,-0.10381355932203384,-0.04938281080702833,-0.05400000000000005
torch_lstm,xgboost,1,stress,f1d06060,0.06517967781908307,0.1097561838481631,-0.06487873959992918,-0.07128785539402172,0.19702602230483274,-0.06666666666666643,-0.012160201145769989,0.08141962421711901
torch_lstm,xgboost,1,relaxation,30c140ca,0.15730359026448404,0.16851924682277142,0.15556510528577572,0.14643097099884206,0.2587412587412588,0.05586592178770944,0.13162686951687497,0.14596273291925466
torch_lstm,xgboost,1,relaxation,3110e0c7,0.05134138162307167,0.0467583586742466,0.07082494969818909,0.04219182109229169,-0.021126760563380254,0.12380952380952381,0.03872883060512544,0.04048582995951411
torch_lstm,xgboost,1,relaxation,40f0714a,0.0625,0.06527759488507145,0.014375000000000027,0.01296245174636279,0.0,0.125,0.04091653027823239,0.0625
torch_lstm,xgboost,1,relaxation,7150e10a,0.021971288515406195,0.03588240522484798,-0.037017584811702475,-0.05672474781486936,-0.003676470588235392,0.0476190476190477,-0.001372566138381437,0.017353579175705014
torch_lstm,xgboost,1,relaxation,71f0603f,-0.06090205690119188,-0.0829800321933547,-0.03338459566833274,-0.026790273373493823,0.07958477508650519,-0.20138888888888906,-0.08290391662148977,-0.08876560332871009
torch_lstm,xgboost,1,relaxation,81f1f0fe,-0.042255908562572664,-0.04899810983405406,-0.03122578457962033,-0.03816767557377998,-0.07327586206896552,-0.011235955056179803,-0.028857699805068138,-0.04634146341463419
torch_lstm,xgboost,1,relaxation,a1721173,-0.027225410383024062,-0.009381319382272157,0.03229681035633247,0.02648642040669591,0.047244094488189003,-0.10169491525423724,0.020361021069534857,0.0
torch_lstm,xgboost,1,relaxation,c060c06a,-0.03622631848438296,-0.06090933548560673,-0.13415258576548905,-0.025543854664987542,-0.0645161290322581,-0.00793650793650802,-0.2535842293906809,-0.014134275618374437
torch_lstm,xgboost,1,relaxation,c112918e,-0.029880478087649376,-0.062421483861704874,0.006107307297755216,0.016098895918522538,-0.0597609561752988,0.0,-0.5075123706702656,-0.02564102564102566
torch_lstm,xgboost,1,relaxation,d111e017,-0.10584277603931769,-0.11313423625559027,-0.04773816775081463,-0.03521221503343841,-0.009280742459396585,-0.20240480961923868,-0.0955492943086359,-0.11290322580645162
torch_lstm,xgboost,1,relaxation,f1d06060,-0.016922791215933874,-0.029254856027109866,-0.03412414689632748,-0.07409404558070909,-0.05042016806722682,0.016574585635359185,0.00828776355059202,-0.021479713603818618
torch_lstm,xgboost,1,interest,30c140ca,0.12267267267267273,0.12942539867560732,0.18293293293293295,0.054777768760637696,0.17777777777777776,0.06756756756756754,0.0887945298789391,0.15406976744186052
torch_lstm,xgboost,1,interest,3110e0c7,0.019602272727272663,-0.03233143779287395,0.09369318181818187,0.1547936852204279,-0.20625000000000004,0.24545454545454548,0.06269363806128514,-0.022222222222222254
torch_lstm,xgboost,1,interest,40f0714a,0.018750000000000044,0.013284380046745703,-0.09812500000000002,-0.1406335557586491,-0.13750000000000007,0.17500000000000004,-0.13387072697417524,-0.033333333333333326
torch_lstm,xgboost,1,interest,7150e10a,-0.005822981366459645,0.0012710871602623075,-0.06787932564330079,-0.02417062724842689,-0.017857142857142794,0.0062111801242235865,-0.015284329975774558,0.0
torch_lstm,xgboost,1,interest,71f0603f,-0.06453741905610955,-0.06721649089997839,-0.055439222109344155,-0.038474353954970675,-0.040345821325648346,-0.08872901678657075,-0.06037398975387154,-0.06675392670157065
torch_lstm,xgboost,1,interest,81f1f0fe,-0.18518986342464672,-0.18563972023072028,-0.27294544880397886,-0.2510858484644609,-0.44150943396226416,0.07112970711297073,-0.22960396234370561,-0.19841269841269837
torch_lstm,xgboost,1,interest,a1721173,-0.1668443496801706,-0.24541770975767674,-0.1055437100213219,-0.11043531865154255,-0.619402985074627,0.2857142857142856,-0.1867669564217732,-0.2533333333333333
torch_lstm,xgboost,1,interest,c060c06a,-0.11469135132200448,-0.11827486194862347,-0.030674846625766805,-0.01331038462376477,-0.24778761061946902,0.018404907975460016,-0.06081973802781171,-0.0905797101449275
torch_lstm,xgboost,1,interest,c112918e,0.003676470588235281,0.006912297534585221,0.07186322804984058,0.09865024862790406,0.007352941176470604,0.0,0.002066345186462648,0.004210526315789498
torch_lstm,xgboost,1,interest,d111e017,-0.12035441791779466,-0.1305753254637504,-0.06074776810686233,-0.06598844335116849,-0.21129707112970708,-0.02941176470588236,-0.11773927129581141,-0.13145539906103276
torch_lstm,xgboost,1,interest,f1d06060,-0.14014986177797184,-0.16462614481188004,-0.14525437703089383,-0.07961385700095713,-0.1940928270042195,-0.08620689655172409,-0.15703569844284104,-0.14841849148418496
torch_lstm,xgboost,1,focus,30c140ca,0.14675007190106404,0.15295504401512927,0.12443677499760342,0.15905083719264745,0.10928961748633881,0.18421052631578938,0.16079203718992052,0.13804713804713808
torch_lstm,xgboost,1,focus,3110e0c7,0.0035994462390400717,0.009788085431182592,0.11019843101061377,0.08244589147897452,-0.018181818181818188,0.025380710659898442,0.0033530383930840957,0.015873015873015928
torch_lstm,xgboost,1,focus,40f0714a,0.2678571428571429,0.30685272148002274,-0.0029761904761904656,0.17142857142857149,0.5357142857142857,0.0,0.0402504472271914,0.5217391304347827
torch_lstm,xgboost,1,focus,7150e10a,0.15636904761904757,0.17184320448637003,0.1422916666666667,0.2426889419028183,0.21750000000000003,0.09523809523809523,0.09535546517180538,0.19628099173553715
torch_lstm,xgboost,1,focus,71f0603f,-0.010808543857026676,-0.015646791908312196,0.044562924576876495,0.061149758501133133,-0.05167173252279639,0.03005464480874298,0.016939592508550816,-0.008633093525179936
torch_lstm,xgboost,1,focus,81f1f0fe,0.06788389513108617,0.0192784039062337,0.09733571671773922,0.017953714422040634,0.16666666666666674,-0.030898876404494402,0.03481314237370625,0.0
torch_lstm,xgboost,1,focus,a1721173,0.10057471264367823,0.09333430546505705,0.1248275862068966,0.10667188459977228,0.5344827586206896,-0.33333333333333337,0.07069810682893851,0.045112781954887216
torch_lstm,xgboost,1,focus,c060c06a,-0.026166456494325363,0.005489374807586378,0.09478772593526685,0.011448466543114572,0.024590163934426257,-0.07692307692307687,-0.0016472646427950766,0.02110817941952514
torch_lstm,xgboost,1,focus,c112918e,0.027756892230576424,-0.05320148873695729,0.009667024704618776,0.015750794697190096,-0.22305764411027573,0.2785714285714286,-0.10798204982276594,-0.09276437847866414
torch_lstm,xgboost,1,focus,d111e017,0.001897179112369085,0.0014117857933539923,0.010375392653873772,0.012938341802062214,-0.03797468354430378,0.04176904176904184,0.013676239681862379,0.0024937655860349794
torch_lstm,xgboost,1,focus,f1d06060,0.004089050431621999,0.06702969828862526,0.026067696501590243,-0.0009507378561139923,-0.185483870967742,0.193661971830986,0.12270010810338772,0.07843137254901944
torch_lstm,xgboost,2,attention,1081b177,0.023053665910808818,0.029244883218726203,0.02734585897851205,0.015199717712335858,0.04081632653061229,0.005291005291005124,0.016762307459981862,0.023376623376623384
torch_lstm,xgboost,2,attention,517001af,-0.20625000000000004,-0.1763560382008168,-0.10957031250000004,-0.23942881517248538,0.05625000000000002,-0.46875,0.10864962337613104,-0.03125
torch_lstm,xgboost,2,attention,6030f0fd,0.19176255707762568,0.2657673204901376,0.004566210045662045,0.04985492073663933,-0.03199999999999992,0.4155251141552512,0.11778422849162673,0.25290697674418605
torch_lstm,xgboost,2,attention,7072a0e0,-0.07828282828282829,-0.04414775152737199,-0.16907288371934837,-0.13458113861636523,0.010101010101010083,-0.16666666666666652,-0.1806229044620693,-0.06060606060606061
torch_lstm,xgboost,2,attention,71a251fa,-0.009454999554009413,-0.009434172173642175,0.016234055838016404,-0.008723633263281405,-0.009009009009009028,-0.00990099009900991,-0.009464285714285703,-0.009433962264150941
torch_lstm,xgboost,2,attention,71c09041,-0.06282051282051282,-0.058756188262961584,-0.005299145299145436,-0.015366468330300642,-0.09230769230769231,-0.033333333333333326,-0.06193881193881201,-0.058064516129032295
torch_lstm,xgboost,2,attention,a02151ac,0.02464127868256949,0.06972857647741709,0.05373251801174539,0.028630667307627422,0.08542713567839189,-0.03614457831325302,-0.0777296623524244,0.017857142857142794
torch_lstm,xgboost,2,attention,d0e2d025,0.03973063973063973,-0.019639399912515954,-0.08254146402294571,-0.14620755863665724,-0.17979797979797996,0.25925925925925936,-0.16807140471460014,-0.07153729071537296
torch_lstm,xgboost,2,attention,d18000a3,0.016648243057649115,0.020264814914331297,-0.01788764948246413,-0.01640846000173446,0.11214953271028044,-0.07885304659498216,-0.04210414932428741,0.0040567951318458695
torch_lstm,xgboost,2,attention,f0f2a1e1,-0.007993581362177649,-0.03322422632534616,-0.013609889456792978,-0.004102677749859618,0.09574468085106391,-0.11173184357541899,-0.013710164837118288,-0.04029304029304026
torch_lstm,xgboost,2,engagement,1081b177,0.02268075686061577,0.011744967054709177,-0.05398688442420929,-0.0555236355900689,0.101123595505618,-0.055762081784386575,-0.015846966511102956,-0.016759776536312887
torch_lstm,xgboost,2,engagement,517001af,-0.23031316509577382,-0.19443414997375524,-0.29938177764264723,-0.07302488438036403,-0.36363636363636365,-0.09698996655518388,-0.1595715321425789,-0.12349397590361444
torch_lstm,xgboost,2,engagement,6030f0fd,-0.15223478444632277,-0.17245478815744675,-0.09578402366863892,-0.05224756119594154,0.044642857142857206,-0.34911242603550297,-0.1822981617277537,-0.19217081850533801
torch_lstm,xgboost,2,engagement,7072a0e0,0.029273542600896985,0.04261572340752584,0.015156950672645664,0.009544244821460546,-0.013452914798206206,0.07200000000000001,0.0033641043041993113,0.031712473572938715
torch_lstm,xgboost,2,engagement,71a251fa,0.030859916782246755,0.011694892384465971,-0.011789181692094641,-0.002706575048245674,0.0714285714285714,-0.009708737864077777,-0.012575281618279588,0.0040322580645162365
torch_lstm,xgboost,2,engagement,71c09041,-0.061619324535898023,-0.06859045489041304,0.05137553120107363,0.06406664135211149,0.05323193916349822,-0.1764705882352942,0.027613168043897685,-0.036951501154734334
torch_lstm,xgboost,2,engagement,a02151ac,-0.095008684145232,-0.07783762616116252,-0.11454801091721123,-0.08381472106650101,-0.19469026548672574,0.004672897196261738,-0.08360680674762655,-0.06422018348623859
torch_lstm,xgboost,2,engagement,d0e2d025,0.010573122529644263,0.002487777384606482,-0.009793588054457736,0.0021689855408659753,0.05303030303030298,-0.03188405797101446,-0.05179550342160888,-0.008385744234800874
torch_lstm,xgboost,2,engagement,d18000a3,-0.19377402342004113,-0.280101209055478,-0.08518816483418246,-0.12615906653088682,-0.43805309734513276,0.050505050505050386,-0.048859891125414445,-0.20990566037735847
torch_lstm,xgboost,2,engagement,f0f2a1e1,-0.05698713756267715,-0.052090518177474676,-0.06282973621103127,-0.048507439745504644,-0.1079136690647482,-0.0060606060606061,-0.06786650622486923,-0.05263157894736836
torch_lstm,xgboost,2,excitement,1081b177,0.013609828148078651,0.012843206524097095,0.0021569408951306324,0.0035674001703933644,0.03626943005181349,-0.009049773755655965,0.006722052043689586,0.012077294685990392
torch_lstm,xgboost,2,excitement,517001af,0.03284671532846717,0.03148688978680725,0.020570670205706798,0.012022833531172838,0.06569343065693434,0.0,0.014910409066665409,0.025210084033613467
torch_lstm,xgboost,2,excitement,6030f0fd,0.005456950722081633,0.0009861978496541468,0.0032521221475029227,0.012047130374361226,-0.01036269430051806,0.021276595744680993,-0.00029599480534059364,0.0
torch_lstm,xgboost,2,excitement,7072a0e0,0.01082665208940714,0.019281423178690527,-0.00531462585034026,-0.002219175322797806,-0.01041666666666663,0.03206997084548102,0.01230661341362449,0.02277904328018221
torch_lstm,xgboost,2,excitement,71a251fa,-0.02803030303030296,-0.008789987692689016,-0.0026170798898071945,-0.0018054300610147456,0.012121212121211977,-0.06818181818181823,0.0064092140921410135,-0.004784688995215225
torch_lstm,xgboost,2,excitement,71c09041,0.06951754385964914,0.09977622643635364,0.024634502923976398,0.14815773915012764,0.07236842105263175,0.06666666666666676,0.08935958090887675,0.07163323782234954
torch_lstm,xgboost,2,excitement,a02151ac,0.002680965147453085,0.0052589593172921445,-0.00464700625558534,0.0006287166413827538,0.005361930294906392,0.0,0.008628992490076426,0.0040567951318457585
torch_lstm,xgboost,2,excitement,d0e2d025,-0.02207505518763797,-0.03003847916263347,-0.009734301444187632,-0.0025299840297527965,0.0,-0.04415011037527594,-0.01782734850308454,-0.03231017770597733
torch_lstm,xgboost,2,excitement,d18000a3,-0.02899673033901229,-0.03463126808951211,-0.0022371364653244186,-0.00156164335425657,-0.006711409395973145,-0.05128205128205132,-0.024615329119500595,-0.03554502369668244
torch_lstm,xgboost,2,excitement,f0f2a1e1,-0.02919139092829126,-0.027735308170090622,-0.022729558483355006,-0.004745717374749825,-0.049180327868852514,-0.009202453987730008,-0.02645611156685812,-0.015503875968992165
torch_lstm,xgboost,2,stress,1081b177,-0.12808280828082808,-0.1388816202999208,-0.09311431143114313,-0.08985451040917403,-0.23636363636363633,-0.019801980198019598,-0.09930659321965352,-0.1327014218009479
torch_lstm,xgboost,2,stress,517001af,0.054901960784313864,0.012401163765928036,0.016470588235294015,0.0028498021791437678,0.1333333333333332,-0.0235294117647058,-0.013392857142857206,0.0
torch_lstm,xgboost,2,stress,6030f0fd,-0.03118547148832529,-0.02459451792196643,-0.08836766029544141,-0.06599499871592618,0.026737967914438387,-0.08910891089108908,0.0007744475997987221,-0.01388888888888895
torch_lstm,xgboost,2,stress,7072a0e0,-0.024656750572082275,-0.004994206374138055,-0.018581235697940568,-0.0015404027474158477,-0.07826086956521738,0.02894736842105261,-0.00592500008759278,0.004040404040404066
torch_lstm,xgboost,2,stress,71a251fa,0.1293436293436293,0.13719649218964103,0.02413127413127425,0.02018104590571901,0.2857142857142857,-0.027027027027026973,0.04010814766628723,0.10769230769230764
torch_lstm,xgboost,2,stress,71c09041,0.019841269841269826,0.011966493817311602,,,,0.019841269841269826,0.0,0.019841269841269826
torch_lstm,xgboost,2,stress,a02151ac,-0.1102619193779415,-0.15285064268379256,-0.06339267444239838,-0.06474760096198351,-0.24814814814814812,0.027624309392265012,-0.05215407342584888,-0.1374722838137472
torch_lstm,xgboost,2,stress,d0e2d025,-0.1096915246131247,-0.12567964575400747,-0.10309841833771716,-0.09180213758259748,-0.0547945205479452,-0.1645885286783042,-0.08754268674301613,-0.13528336380255945
torch_lstm,xgboost,2,stress,d18000a3,0.009708737864077777,0.030080535700896305,0.003854940034266008,0.0005682069518363475,0.0,0.019417475728155442,0.050582893413775754,0.01666666666666683
torch_lstm,xgboost,2,stress,f0f2a1e1,0.0222631877481565,0.018657968310667572,0.06803428499401276,0.07546186687248602,0.003875968992248069,0.04065040650406504,0.01783626749234446,0.015748031496062964
torch_lstm,xgboost,2,relaxation,1081b177,-0.04170733294293705,-0.037871085972337015,-0.01720996811763964,-0.023233000322262942,-0.028368794326241176,-0.05504587155963303,-0.03428667364846072,-0.03580562659846542
torch_lstm,xgboost,2,relaxation,517001af,-0.03846554508047284,0.020475021554051676,0.031512057919683256,0.05145362151525357,0.08745247148288982,-0.1643835616438356,0.07515260675667701,0.03273809523809523
torch_lstm,xgboost,2,relaxation,6030f0fd,-0.05109231853417895,-0.066295716686953,-0.04846918800407163,-0.029320978376420892,0.060606060606060774,-0.16279069767441856,-0.027305464805464807,-0.06578947368421051
torch_lstm,xgboost,2,relaxation,7072a0e0,-0.1181733108740407,-0.1018448538210397,-0.08152723189219546,-0.056509207997707755,-0.2773722627737226,0.0410256410256411,-0.09012473771629592,-0.09036144578313254
torch_lstm,xgboost,2,relaxation,71a251fa,0.058377698905649145,0.03621862498512585,0.01818988464951199,0.04461925835792391,-0.0680272108843536,0.18478260869565222,0.014359188438614834,0.029288702928870203
torch_lstm,xgboost,2,relaxation,71c09041,0.13045897816408747,0.13713945492355795,0.007817468730125232,0.006781418003297568,0.3033707865168539,-0.04245283018867918,0.048150265357339794,0.11538461538461531
torch_lstm,xgboost,2,relaxation,a02151ac,-0.2592306844483633,-0.3941659940748478,-0.14289650611705063,-0.12539366782951722,-0.6511627906976745,0.1327014218009478,-0.19348370721970587,-0.29850746268656725
torch_lstm,xgboost,2,relaxation,d0e2d025,-0.01563249465835259,-0.012291440525799446,-0.07241384322446554,-0.05276364640464626,-0.028169014084507005,-0.003095975232198178,-0.024452853866367752,-0.013059701492537323
torch_lstm,xgboost,2,relaxation,d18000a3,-0.11644095341278438,-0.1087833775881899,-0.05231130371975423,-0.03589659539553103,-0.3521126760563379,0.11923076923076914,-0.07431197495695163,-0.09302325581395354
torch_lstm,xgboost,2,relaxation,f0f2a1e1,-0.09127860297069446,-0.15000000000000002,0.0018566840626254022,-0.01760657603178617,-0.2783018867924528,0.09574468085106391,-0.0978345641116507,-0.1633986928104576
torch_lstm,xgboost,2,interest,1081b177,-0.11877329718739416,-0.11785294589218176,-0.14890266509857064,-0.09489280549587686,-0.08370044052863435,-0.15384615384615385,-0.14272374435719437,-0.1183035714285714
torch_lstm,xgboost,2,interest,517001af,0.05354183927091971,0.21251332655039662,-0.024440762220381163,-0.0018149592538533321,0.7394366197183099,-0.6323529411764706,0.14708300806661456,0.2952380952380953
torch_lstm,xgboost,2,interest,6030f0fd,-0.004992557677995557,0.006400073660007499,-0.06567849168940709,-0.0650431806950651,-0.06034482758620707,0.05035971223021579,-0.027101409322996095,0.0
torch_lstm,xgboost,2,interest,7072a0e0,0.0002607108716433659,0.07206566312365592,-0.07951681585122083,-0.03963778249297645,-0.18918918918918926,0.18971061093247588,-0.0271518704134599,0.09004739336492895
torch_lstm,xgboost,2,interest,71a251fa,-0.0307260360645365,-0.03166607753034034,-0.05575767162290424,-0.08797334887120445,-0.0431034482758621,-0.0183486238532109,-0.027674709809201614,-0.03111111111111109
torch_lstm,xgboost,2,interest,71c09041,-0.2784474071777382,-0.325391199176164,-0.22537012634679476,-0.11107646694030171,-0.15463917525773196,-0.4022556390977445,-0.25600306649409776,-0.3360881542699725
torch_lstm,xgboost,2,interest,a02151ac,-0.06873532863849763,-0.08066149018529967,-0.07122946009389675,-0.06468099818359119,-0.15625,0.018779342723004633,-0.06007854243764632,-0.04692082111436957
torch_lstm,xgboost,2,interest,d0e2d025,-0.12767865571603887,-0.13252391321917334,-0.11178765851663042,-0.17247837159058488,0.11838006230529596,-0.3737373737373737,-0.09685823435823426,-0.11812297734627841
torch_lstm,xgboost,2,interest,d18000a3,-0.069940348774153,-0.09317567873924049,-0.026115249593287038,-0.01595654671131419,0.065359477124183,-0.20524017467248912,-0.08339068560957619,-0.09685863874345546
torch_lstm,xgboost,2,interest,f0f2a1e1,-0.06382978723404253,-0.07713438757765267,-0.08425190122190873,-0.043819240287449435,0.0,-0.12765957446808507,-0.06427724346443553,-0.0803571428571429
torch_lstm,xgboost,2,focus,1081b177,0.06233616441228895,0.0519136970093369,0.03939918213274618,0.023005226987745986,0.12121212121212122,0.0034602076124568004,0.03231967760933496,0.040380047505938044
torch_lstm,xgboost,2,focus,517001af,-0.025543478260869446,-0.01896266761841625,0.02216183574879227,0.012799544078839986,-0.05833333333333335,0.007246376811594235,0.0005381044509249477,-0.012626262626262763
torch_lstm,xgboost,2,focus,6030f0fd,0.04974401549744012,0.029296298326086045,0.0934689359346893,0.18188750998663616,-0.010101010101010166,0.1095890410958904,0.03597882053141266,0.022140221402213944
torch_lstm,xgboost,2,focus,7072a0e0,0.06408909717733247,0.05095884085061042,0.09755440637793578,0.04386292303416239,0.10576923076923073,0.022408963585434205,0.046501697192237734,0.041214750542299394
torch_lstm,xgboost,2,focus,71a251fa,0.18055555555555558,0.2504894162226111,0.2099537037037038,0.3252201362250548,0.2777777777777779,0.08333333333333337,0.18228473316555727,0.2549019607843138
torch_lstm,xgboost,2,focus,71c09041,-0.025569301079505058,-0.025391084460493984,-0.06973445748955953,-0.07118354589894821,0.002915451895043719,-0.054054054054054085,-0.021064226266691133,-0.0026315789473684292
torch_lstm,xgboost,2,focus,a02151ac,-0.059862483884830175,-0.044149259202018176,0.08246669531585726,0.09132355667561803,0.1033519553072626,-0.223076923076923,0.008702276918168939,0.016393442622950727
torch_lstm,xgboost,2,focus,d0e2d025,0.10097399882952929,0.03648339903282616,0.07896496948415699,0.03460495467276081,0.31481481481481466,-0.1128668171557562,0.028796987234743332,0.0016528925619835322
torch_lstm,xgboost,2,focus,d18000a3,-0.06773888363292335,-0.13032399720136012,0.05882213812677384,0.03423225127039897,0.17880794701986757,-0.3142857142857143,-0.03487195934597487,-0.14153132250580047
torch_lstm,xgboost,2,focus,f0f2a1e1,0.18088531187122736,0.14694898824669822,0.1429376257545273,0.016451057465372232,0.2857142857142857,0.07605633802816902,0.11148190561245319,0.09487179487179487
torch_lstm,xgboost,3,attention,0012905a,-0.22510878649030275,-0.2515561677919331,-0.2108296590876343,-0.17912956049588524,-0.3494423791821562,-0.10077519379844957,-0.2129598990737721,-0.26884422110552764
torch_lstm,xgboost,3,attention,20201194,-0.32790423861852436,-0.2621695184363216,-0.4411302982731556,-0.1610135498384302,-0.36734693877551017,-0.2884615384615385,-0.18250446002311677,-0.3009708737864078
torch_lstm,xgboost,3,attention,2162c09e,0.034266757732461794,0.03464446592727666,0.013991608937457212,0.005058004769916025,0.036101083032491044,0.032432432432432545,0.032910396011769816,0.03463203463203457
torch_lstm,xgboost,3,attention,21a031f6,0.009179575444635768,0.018178924730891666,0.030765920826161697,0.07884254835178928,0.042168674698795205,-0.023809523809523614,-0.010457044595952647,0.013698630136986245
torch_lstm,xgboost,3,attention,41e2010c,-0.13884107860011474,-0.2087117699753091,0.031325301204819245,0.03538954878633316,-0.32530120481927716,0.04761904761904756,0.007891414141414144,-0.11702127659574468
torch_lstm,xgboost,3,attention,5001d09a,-0.1357142857142858,-0.17038566260015942,-0.07734693877551035,-0.06542150529317659,0.014285714285714346,-0.2857142857142858,-0.059092054849768205,-0.13571428571428568
torch_lstm,xgboost,3,attention,50c02189,-0.3554812146165723,-0.3135321718453224,-0.49361811631497693,-0.25696719935641854,-0.46268656716417905,-0.24827586206896546,-0.27042087891029354,-0.2987697715289983
torch_lstm,xgboost,3,attention,71f21142,-0.14796594134342467,-0.23642673950572218,-0.09150425733207179,-0.06743625686318333,-0.3245033112582782,0.02857142857142847,-0.06465522978123328,-0.13496932515337423
torch_lstm,xgboost,3,attention,b0700166,0.08466257668711652,0.13119480792759775,-0.13364008179959108,-0.08155100248250491,0.2,-0.030674846625766805,-0.03822818982665521,0.046843177189409335
torch_lstm,xgboost,3,attention,d0724095,-0.12430852401307513,-0.2068205308594827,-0.14382700528036207,-0.10897713356435301,0.02577319587628879,-0.2743902439024391,-0.0003893272425248284,-0.11173184357541899
torch_lstm,xgboost,3,attention,d142d110,0.018803418803418848,-0.003847048592408031,-0.09401709401709402,-0.07131010552868511,0.28205128205128216,-0.24444444444444446,0.0512636310050103,0.0
torch_lstm,xgboost,3,engagement,0012905a,-0.05699514313149745,-0.06286836671817508,-0.0065964345853571915,-0.019343575424664805,0.007556675062972418,-0.12154696132596693,-0.005432650477795842,-0.03287197231833905
torch_lstm,xgboost,3,engagement,20201194,-0.024571784490812765,-0.07608136784773745,-0.01177203363438184,0.08294129546387463,-0.3017751479289941,0.25263157894736843,-0.01983629397422504,-0.10227272727272729
torch_lstm,xgboost,3,engagement,2162c09e,-0.030120481927710885,-0.04055603046172396,0.0020507562163548654,0.003420981176986082,-0.060240963855421714,0.0,-0.014779569892324429,-0.02824858757062143
torch_lstm,xgboost,3,engagement,21a031f6,0.0010887146945377513,0.05358399687087556,-0.01459914561818243,-0.03699509137581247,0.15130023640661938,-0.14912280701754388,0.04473268716512957,0.08752327746741162
torch_lstm,xgboost,3,engagement,41e2010c,0.03786549707602338,0.04293926664029546,0.05370370370370359,0.0710442631606285,0.13888888888888884,-0.06315789473684219,0.04233497271469666,0.044334975369458074
torch_lstm,xgboost,3,engagement,5001d09a,-0.041922604422604426,-0.04315753794144239,-0.01371826371826379,-0.003443050308009288,-0.05681818181818188,-0.027027027027027084,-0.04136888328507926,-0.04020100502512558
torch_lstm,xgboost,3,engagement,50c02189,-0.09313362438606076,-0.07016385864079244,-0.0771322210961255,-0.10754799460563824,0.021653543307086576,-0.207920792079208,-0.04834421980472725,-0.04366197183098586
torch_lstm,xgboost,3,engagement,71f21142,-0.07058412439578365,-0.08692376289434856,-0.18665191310931217,-0.25121480542654145,-0.07623318385650213,-0.06493506493506492,-0.2845404108562003,-0.07333333333333336
torch_lstm,xgboost,3,engagement,b0700166,0.04911788291900554,0.05026299057202621,0.03803127506014459,0.01111260827880678,0.05172413793103442,0.046511627906976605,0.04614888635432646,0.04978354978354982
torch_lstm,xgboost,3,engagement,d0724095,0.06872370266479666,0.07624272104302965,0.06034751441483566,0.050798332970453663,0.11594202898550737,0.021505376344086002,0.056845238095238004,0.061728395061728336
torch_lstm,xgboost,3,engagement,d142d110,-0.09912376779846666,-0.3092379842379842,-0.055859802847754825,-0.010072359136944042,0.09090909090909094,-0.28915662650602414,-0.34950980392156883,-0.24468085106382986
torch_lstm,xgboost,3,excitement,0012905a,0.015206775982637977,0.015585576431440762,0.014799855317096822,0.013399812835335978,0.012931034482758785,0.01748251748251739,0.014633864497242133,0.015444015444015524
torch_lstm,xgboost,3,excitement,20201194,0.0701851298895193,0.08822436309686732,0.038459241564646196,0.03605569286012755,0.1352941176470588,0.0050761421319796,0.03476626931847171,0.06539509536784749
torch_lstm,xgboost,3,excitement,2162c09e,0.008318324011754585,0.009223249947445833,0.0011375485828042375,0.0005730263569747596,0.012987012987012991,0.0036496350364964014,0.01047261009667022,0.005698005698005715
torch_lstm,xgboost,3,excitement,21a031f6,-0.05250167788867477,-0.05536489733007588,-0.011366342635692472,-0.005377906786726339,-0.004524886877828371,-0.1004784688995215,-0.03415903438900614,-0.051162790697674376
torch_lstm,xgboost,3,excitement,41e2010c,-0.02083333333333337,-0.02574394146301695,0.009057971014492794,0.0028190016882853053,0.0,-0.04166666666666674,-0.01858393566120331,-0.026455026455026398
torch_lstm,xgboost,3,excitement,5001d09a,-0.0031847133757962887,-0.0049890757982522516,0.013269639065817462,0.0033971164099715345,0.0,-0.006369426751592355,-0.004202864050192323,-0.004878048780487809
torch_lstm,xgboost,3,excitement,50c02189,-0.27991038088125464,-0.30090357201948525,-0.27789395070948464,-0.17472178188334264,-0.6213592233009708,0.06153846153846154,-0.27415916068563073,-0.24034334763948495
torch_lstm,xgboost,3,excitement,71f21142,0.021008403361344463,0.01809692609177871,0.012911734036680445,0.015067934811619499,0.0,0.04201680672268904,0.008292686924728399,0.012722646310432628
torch_lstm,xgboost,3,excitement,b0700166,-0.019575416373445953,-0.030518334115096746,0.008210180623973828,0.012600656370600372,0.005747126436781547,-0.04489795918367351,-0.0020031720853287416,-0.023866348448687402
torch_lstm,xgboost,3,excitement,d0724095,0.005449469901701587,0.0035042955031251433,-0.006177055801383946,-0.008657512165466619,-0.008968609865470878,0.019867549668874163,0.0016263788411440272,0.002673796791443861
torch_lstm,xgboost,3,excitement,d142d110,-0.060765815760266406,-0.07741702741702738,-0.002219755826859182,-0.006286847604777157,0.02941176470588225,-0.15094339622641517,-0.052915938207560576,-0.08045977011494254
torch_lstm,xgboost,3,stress,0012905a,0.005271592442645079,0.00309859306688276,0.016712454212454153,0.016613981808834555,0.03618421052631582,-0.02564102564102555,0.020854165641246536,0.006932409012131657
torch_lstm,xgboost,3,stress,20201194,-0.08657407407407403,-0.08523491311688514,-0.08401234567901239,-0.09599737755351123,-0.025000000000000022,-0.14814814814814814,-0.0750029178338002,-0.06933333333333336
torch_lstm,xgboost,3,stress,2162c09e,0.0009418324291742275,0.008670860674951264,-0.009908077154912598,-0.012079762727169041,0.03164556962025311,-0.029761904761904767,-0.0010965238524770493,0.010330578512396715
torch_lstm,xgboost,3,stress,21a031f6,-0.16532530935808198,-0.23208817878398103,0.04439771848414553,0.11145665377990832,-0.34106728538283065,0.01041666666666663,-0.07869971064772874,-0.232744783306581
torch_lstm,xgboost,3,stress,41e2010c,-0.07635467980295563,-0.12301204837282026,0.05066054635020145,0.01942792751610145,0.0,-0.15270935960591128,-0.023879551820728206,-0.10652920962199314
torch_lstm,xgboost,3,stress,5001d09a,-0.05085055789281134,-0.04609488976686693,0.04810682275471001,0.05784773000240728,0.028169014084507005,-0.1298701298701299,0.010797781210851842,-0.0273972602739726
torch_lstm,xgboost,3,stress,50c02189,-0.17564628767458962,-0.17334510760280164,-0.23658417054643477,-0.1412258488440704,0.10389610389610393,-0.45518867924528295,-0.2043739398816884,-0.18912237330037085
torch_lstm,xgboost,3,stress,71f21142,-0.10546875,-0.1705930433203161,-0.121826171875,-0.030225013117299193,0.03125,-0.2421875,-0.11645150072342125,-0.1875
torch_lstm,xgboost,3,stress,b0700166,0.0481959706959707,0.08363990683732292,0.040329670329670386,0.020514592631525774,-0.029761904761904767,0.12615384615384623,0.0031914585519898786,0.0730223123732252
torch_lstm,xgboost,3,stress,d0724095,0.03864022662889521,0.14210685272558843,-0.025269121813031203,-0.052361506668559654,0.3172804532577905,-0.2400000000000001,0.039266100782360924,0.19426048565121412
torch_lstm,xgboost,3,stress,d142d110,0.09754582168375281,0.10569712307841117,0.09940975458216839,0.23886979290647692,0.12612612612612617,0.06896551724137934,0.06801470588235303,0.11428571428571432
torch_lstm,xgboost,3,relaxation,0012905a,-0.07621684640046644,-0.06301911810295657,0.03845817545905006,0.02443692969369682,-0.30136986301369867,0.14893617021276606,0.054509595275426315,-0.023622047244094557
torch_lstm,xgboost,3,relaxation,20201194,0.03342208520179368,0.02087884504269144,-0.04909379671150971,-0.04954413597550755,-0.026905829596412745,0.09375,-0.013802488534993107,0.009404388714733591
torch_lstm,xgboost,3,relaxation,2162c09e,-0.06833408249320394,-0.09470766293765964,-0.02039855305122118,-0.03674301063294638,-0.22605363984674332,0.08938547486033532,-0.07462810232404737,-0.09772727272727277
torch_lstm,xgboost,3,relaxation,21a031f6,-0.04195402298850581,-0.05254147805151732,-0.007224958949096805,-0.015807135336968314,-0.11724137931034484,0.033333333333333326,-0.03491662477264201,-0.05400000000000005
torch_lstm,xgboost,3,relaxation,41e2010c,-0.030599755201958456,-0.03703683764732901,-0.004130966952264226,-0.030870657309077343,-0.026315789473684403,-0.03488372093023259,-0.057693193331491255,-0.030864197530864113
torch_lstm,xgboost,3,relaxation,5001d09a,-0.04152191894127388,-0.0429832921694715,-0.02034739454094281,-0.030538258175487165,-0.021505376344086002,-0.06153846153846154,-0.038879361379832056,-0.03797468354430378
torch_lstm,xgboost,3,relaxation,50c02189,0.1537001526239581,0.20912622970343497,-0.04561108284741511,-0.02637052484273561,0.7628458498023716,-0.4554455445544554,-0.13424128247666545,0.013698630136986245
torch_lstm,xgboost,3,relaxation,71f21142,-0.0668227215980024,-0.06814141819582664,-0.04194756554307122,-0.05530132121245612,-0.028089887640449396,-0.10555555555555551,-0.06259720473616481,-0.06703910614525133
torch_lstm,xgboost,3,relaxation,b0700166,0.01726618705035976,0.07320848793498225,-0.042523519645821795,-0.025584772085978313,-0.16546762589928055,0.19999999999999996,0.029537055589751282,0.09051724137931039
torch_lstm,xgboost,3,relaxation,d0724095,-0.13526570048309183,-0.17104079654595117,-0.10337178349600729,-0.058378754097294316,0.0,-0.27053140096618356,-0.16196748835100228,-0.18360655737704912
torch_lstm,xgboost,3,relaxation,d142d110,-0.05275862068965509,-0.0720713755566551,-0.015172413793103412,-0.013048077930029933,0.034482758620689724,-0.1399999999999999,-0.051161951743347034,-0.07594936708860756
torch_lstm,xgboost,3,interest,0012905a,-0.11795058139534875,-0.11983229351938673,-0.15611676356589144,-0.09762857400811542,-0.13124999999999998,-0.10465116279069764,-0.1272477402446992,-0.11937716262975784
torch_lstm,xgboost,3,interest,20201194,-0.1490697674418605,-0.157433632294265,-0.3170542635658915,-0.2579303969351907,-0.058139534883721034,-0.2400000000000001,-0.16555063543435922,-0.09909909909909909
torch_lstm,xgboost,3,interest,2162c09e,-0.11362562256880071,-0.165154938231325,-0.03493656160250114,-0.06211894960968445,-0.3081761006289309,0.08092485549132955,-0.07173284310393957,-0.17107942973523416
torch_lstm,xgboost,3,interest,21a031f6,-0.056235355376204055,-0.05725860965046692,-0.029642578197642044,-0.019827228323519797,-0.13043478260869557,0.017964071856287345,-0.047925993998503946,-0.054878048780487854
torch_lstm,xgboost,3,interest,41e2010c,-0.03459119496855345,-0.03913859671696329,-0.03459119496855323,-0.05794086813800203,-0.06918238993710679,0.0,-0.04621832047379992,-0.040000000000000036
torch_lstm,xgboost,3,interest,5001d09a,-0.0020375742505871486,-0.0007649569719638816,-0.04102776626605886,-0.044609840961110536,-0.11811023622047245,0.11403508771929816,-0.04713617794206504,-0.008298755186721962
torch_lstm,xgboost,3,interest,50c02189,-0.07364741262230112,-0.1227850080789274,-0.1780156046453616,-0.19798212235125812,-0.1261467889908257,-0.02114803625377637,-0.14446782667231617,-0.08083441981747069
torch_lstm,xgboost,3,interest,71f21142,-0.2823928944618599,-0.38687726006151557,-0.3147857889237201,-0.10479414539218024,-0.034482758620689724,-0.5303030303030303,-0.1611988161025405,-0.44099378881987583
torch_lstm,xgboost,3,interest,b0700166,-0.06153813405989916,-0.08763404112474693,-0.07511867004406225,-0.03698027617081334,0.00917431192660545,-0.13225058004640372,-0.03178962187182777,-0.10370370370370374
torch_lstm,xgboost,3,interest,d0724095,0.03787878787878807,0.05669242834596666,-0.016176470588235348,0.00032945700814346335,0.16666666666666674,-0.09090909090909083,0.009377071554120708,0.05386416861826693
torch_lstm,xgboost,3,interest,d142d110,0.1765151515151514,0.20149345335515545,0.03282828282828276,0.0013683126080906716,0.38636363636363646,-0.03333333333333355,0.13632946116299638,0.10447761194029848
torch_lstm,xgboost,3,focus,0012905a,-0.08058238985970956,-0.10149975053711924,0.05407026827467365,0.07319398929501508,0.10661764705882348,-0.26778242677824277,0.007525950145559679,-0.06849315068493156
torch_lstm,xgboost,3,focus,20201194,0.09484718363223033,0.12355676797106285,0.06459964637534743,0.042171284427580336,0.1756756756756757,0.014018691588784993,0.06629614598364597,0.08011049723756902
torch_lstm,xgboost,3,focus,2162c09e,0.12061994609164428,0.13189739288796487,0.03751123090745734,0.005085671985875173,0.2380952380952382,0.003144654088050425,0.1161921515798825,0.03055555555555567
torch_lstm,xgboost,3,focus,21a031f6,0.13915535966352666,0.14390035969416637,0.1464292916198543,0.10665615694233632,0.04678362573099415,0.23152709359605905,0.15465422936583706,0.1470588235294118
torch_lstm,xgboost,3,focus,41e2010c,0.05537370430987443,0.06610224682513843,0.08346972176759415,0.04702095392765959,0.08510638297872336,0.02564102564102566,0.08543771043771042,0.039408866995073955
torch_lstm,xgboost,3,focus,5001d09a,0.013459621136590272,0.11983421190771049,0.11665004985044858,0.025572733893239996,-0.1764705882352942,0.2033898305084746,0.23384976272648827,0.14218009478672988
torch_lstm,xgboost,3,focus,50c02189,-0.025527962356207468,-0.059938892368084196,-0.09052678853946572,-0.07256254243745741,0.01384083044982698,-0.0648967551622419,0.04174663024396752,-0.0286624203821656
torch_lstm,xgboost,3,focus,71f21142,0.07650448143405886,0.08393037121390612,0.11452553706074808,0.14704496063335093,0.04694835680751164,0.10606060606060608,0.08889571714794942,0.06956521739130439
torch_lstm,xgboost,3,focus,b0700166,0.021594147824434695,0.020906121065610073,-0.013110393311799307,0.05391596985576175,0.10108303249097461,-0.05789473684210528,0.10234022461351067,0.03640256959314769
torch_lstm,xgboost,3,focus,d0724095,0.04744251020846768,-0.03499559266838381,0.07962604771115389,0.14226390724488647,-0.1879432624113475,0.2828282828282829,-0.018006640544141916,-0.06561679790026254
torch_lstm,xgboost,3,focus,d142d110,0.134920634920635,0.20047579352624445,0.1473214285714285,0.24340614951635908,0.3055555555555556,-0.0357142857142857,0.1968621128284994,0.21000000000000008
torch_lstm,xgboost,4,attention,01c2a0d8,0.06008180578700195,0.07353318343135551,0.05496136948947128,0.058101049738835675,0.15121951219512197,-0.03105590062111796,0.03664604730781207,0.07103825136612019
torch_lstm,xgboost,4,attention,30908049,-0.024288107202680043,-0.1847491210741421,0.01846841042820946,-0.027760823346209995,-0.38190954773869346,0.3333333333333335,0.1062146031013248,-0.11708860759493678
torch_lstm,xgboost,4,attention,40009139,-0.003549695740365122,0.0048674151935022,-0.04671653144016219,-0.05999109077546505,-0.05882352941176483,0.051724137931034475,-0.039856944131137606,-0.00793650793650802
torch_lstm,xgboost,4,attention,7092f07b,-0.05733944954128445,-0.11710338430714118,-0.1487461773700307,-0.15422882918124603,0.0,-0.1146788990825688,-0.4956082128748127,-0.06793478260869557
torch_lstm,xgboost,4,attention,8030618f,-0.1595932232542141,-0.1951427910281769,-0.0589095287237702,-0.00951803032307752,-0.4836601307189543,0.16447368421052633,-0.10836061102018546,-0.16065573770491803
torch_lstm,xgboost,4,attention,a1b210fc,-0.09098143236074263,-0.12588943623426385,-0.045464190981432395,-0.021127869513748787,0.007692307692307998,-0.18965517241379315,-0.049549734302904214,-0.12857142857142856
torch_lstm,xgboost,4,attention,b112005d,-0.12018650799029518,-0.14270142420470155,-0.027122273879393366,-0.03288249516715247,0.08498583569405094,-0.3253588516746412,-0.017445162233293066,-0.06761565836298933
torch_lstm,xgboost,4,attention,b1c2f044,0.12964798462185378,0.16708834937564532,-0.03345948218898298,-0.036381754667534016,-0.05913978494623662,0.3184357541899442,0.028559833560186765,0.126027397260274
torch_lstm,xgboost,4,attention,d151b0c4,-0.06892751432709865,-0.05329138136659295,-0.14419463862123982,-0.16496362635963935,-0.2025316455696201,0.06467661691542292,-0.1490067590678873,-0.07990867579908678
torch_lstm,xgboost,4,attention,f1a0c120,0.03349743150684936,-0.06545028184206758,-0.04398544520547931,-0.1295718197647715,-0.234375,0.30136986301369867,-0.17679684098144166,-0.11550151975683887
torch_lstm,xgboost,4,engagement,01c2a0d8,-0.03867715761003199,-0.04858523277918203,0.02330956478977131,0.06607382359776803,-0.0653061224489796,-0.012048192771084376,-0.021838232425178794,-0.05182926829268286
torch_lstm,xgboost,4,engagement,30908049,-0.0018686868686869085,0.01646769798381098,-0.051838383838383795,-0.07797033790177321,-0.03555555555555556,0.03181818181818179,-0.08200761384123012,-0.0022471910112359383
torch_lstm,xgboost,4,engagement,40009139,-0.10498084291187737,-0.15987211725699113,0.0012260536398466249,-0.005751906620488634,0.15555555555555545,-0.3655172413793103,-0.07710102067178848,-0.16595744680851066
torch_lstm,xgboost,4,engagement,7092f07b,0.05933094887439516,0.07855117166112768,-0.011413843888070652,-0.024147321132057198,0.1288659793814434,-0.010204081632653184,0.04175577732254032,0.08219178082191791
torch_lstm,xgboost,4,engagement,8030618f,-0.12451690821256034,-0.19366379152623214,0.04251207729468598,0.09897223698413837,-0.29347826086956524,0.0444444444444444,-0.05559378310529883,-0.22707423580786024
torch_lstm,xgboost,4,engagement,a1b210fc,-0.020462862739034082,-0.020723901000306633,-0.0023967836709446466,0.0034438046512137444,-0.02298850574712641,-0.017937219730941645,-0.021072186836518014,-0.02015113350125952
torch_lstm,xgboost,4,engagement,b112005d,-0.026339285714285676,-0.001630520951825365,-0.039540816326530726,-0.04734312069723112,0.0401785714285714,-0.09285714285714275,-0.06073659913516849,-0.01098901098901095
torch_lstm,xgboost,4,engagement,b1c2f044,0.004901960784313708,0.0047462413251505575,-0.010257806826434401,-0.01965177932617368,0.0,0.009803921568627416,0.0021184213741968216,0.0023474178403755097
torch_lstm,xgboost,4,engagement,d151b0c4,-0.1300932744231713,-0.08886690541239617,-0.07184585174275904,-0.07853728404448757,0.16838487972508598,-0.42857142857142855,-0.017950962654444402,-0.025522041763341052
torch_lstm,xgboost,4,engagement,f1a0c120,-0.04011113508847641,-0.07909404547059523,-0.0654941735002158,-0.0009693991219764664,-0.0892857142857142,0.009063444108761365,-0.3175690992888944,-0.0051679586563306845
torch_lstm,xgboost,4,excitement,01c2a0d8,0.001383593653917048,0.0007798931211961957,0.0049655638912803335,0.0005945825717862396,-0.03191489361702138,0.034682080924855474,-0.005481488538003454,0.0
torch_lstm,xgboost,4,excitement,30908049,0.04397053582036348,0.037763439704274315,0.02005465130093853,0.005940926335507912,0.12631578947368421,-0.038374717832957206,-0.07160479375174311,-0.009293680297397744
torch_lstm,xgboost,4,excitement,40009139,0.014616765795084863,0.01508022119924457,0.005386600830434407,0.0070577240028153465,0.11194029850746279,-0.08270676691729328,0.012911753857119956,0.014981273408239626
torch_lstm,xgboost,4,excitement,7092f07b,0.03447517284726598,0.03909255675697698,-0.002828409805153864,0.022000772901175636,0.010810810810810811,0.058139534883721034,0.034509339577457276,0.02583025830258301
torch_lstm,xgboost,4,excitement,8030618f,-0.04941972920696336,-0.05127546322056986,0.022437137330754475,0.0137593893800384,0.018181818181818188,-0.11702127659574468,-0.01708220427536622,-0.044117647058823595
torch_lstm,xgboost,4,excitement,a1b210fc,0.051279313903419776,0.02983554811183986,0.01654745382726608,0.03176401516519667,-0.012383900928792824,0.11494252873563215,0.0008166249594394603,0.01463414634146365
torch_lstm,xgboost,4,excitement,b112005d,0.005549239348167423,0.001378980429072918,0.0007850143468137727,0.0007044738733495981,-0.010178117048346147,0.021276595744680882,-0.003922235744660552,0.0
torch_lstm,xgboost,4,excitement,b1c2f044,-0.010079405737704827,-0.006325919940170399,0.015010245901639241,0.019877395842752388,0.003278688524590012,-0.0234375,-0.0012992297946268216,-0.004618937644341514
torch_lstm,xgboost,4,excitement,d151b0c4,-0.0439593301435407,-0.05396171312513365,-0.005017278043593643,-0.005188345479365863,0.10526315789473695,-0.19318181818181812,-0.04150614686739862,-0.054878048780487854
torch_lstm,xgboost,4,excitement,f1a0c120,-0.012530135769572404,-0.0120073210621916,0.005329272934906593,0.0037646818952590255,-0.007042253521126751,-0.018018018018018056,-0.012065546096646562,-0.011857707509881465
torch_lstm,xgboost,4,stress,01c2a0d8,-0.007724434352445186,-0.011581864427133048,0.009731570837726022,0.014319736604347932,-0.02392344497607657,0.008474576271186418,-0.006906819013737242,-0.012232415902140636
torch_lstm,xgboost,4,stress,30908049,0.048387096774193616,0.07301664440745759,0.006653225806451557,0.006960113237018617,0.0,0.09677419354838712,0.0591515358897039,0.07317073170731703
torch_lstm,xgboost,4,stress,40009139,0.09863945578231292,0.12101169713337367,0.012876579203109584,0.01722061309501799,0.3163265306122449,-0.11904761904761907,0.04744056338887859,0.11538461538461542
torch_lstm,xgboost,4,stress,7092f07b,-0.18737951807228914,-0.2737986124926222,-0.045512048192771104,-0.04817466561440764,0.06499999999999995,-0.43975903614457834,-0.02905652503377021,-0.16393442622950816
torch_lstm,xgboost,4,stress,8030618f,-0.13333333333333341,-0.17054442029568812,-0.2068181818181819,-0.01146119456616801,0.0,-0.2666666666666667,-0.014066496163682829,-0.25433526011560703
torch_lstm,xgboost,4,stress,a1b210fc,-0.0635265700483092,-0.1422833296072733,-0.18067632850241555,-0.05580907412848912,0.15555555555555556,-0.28260869565217395,-0.09833585904883513,-0.17486338797814216
torch_lstm,xgboost,4,stress,b112005d,-0.10781690140845068,-0.19352092837528612,-0.0873943661971831,-0.04127047226908098,0.14,-0.35563380281690143,-0.06470938956331596,-0.281437125748503
torch_lstm,xgboost,4,stress,b1c2f044,-0.013204442616207235,0.0010877569531130282,0.011435623200329204,0.027530285015218814,0.05594405594405594,-0.08235294117647052,0.0007653921167843913,0.004385964912280604
torch_lstm,xgboost,4,stress,d151b0c4,-0.18267876898320423,-0.28381454103303916,-0.1948607060243388,-0.11161919829437561,0.29447852760736215,-0.6598360655737705,-0.1431141589052618,-0.27764127764127766
torch_lstm,xgboost,4,stress,f1a0c120,0.03241307006814609,0.032855697438108455,-0.11557652357931936,-0.21681689931587922,0.030927835051546393,0.03389830508474578,0.03473596659565992,0.03205128205128205
torch_lstm,xgboost,4,relaxation,01c2a0d8,-0.05988184747583247,-0.06183890848635587,-0.028348933558385858,-0.07098316614551481,-0.007518796992481258,-0.11224489795918369,-0.042939743306855016,-0.0357142857142857
torch_lstm,xgboost,4,relaxation,30908049,-0.13891834570519623,-0.1342065836266666,-0.054379639448568495,-0.08042180791754949,0.043902439024390394,-0.32173913043478264,-0.02131391390453219,-0.08750000000000002
torch_lstm,xgboost,4,relaxation,40009139,0.013053199184585917,0.013387578469201022,-0.035115407378181085,-0.023905346601498456,0.09909909909909909,-0.07299270072992703,-0.027682154673495107,0.0040322580645161255
torch_lstm,xgboost,4,relaxation,7092f07b,-0.12583874458874456,-0.18528734969297977,-0.049025974025974195,-0.03389976663592398,0.008928571428571397,-0.2606060606060606,-0.0431107430966573,-0.15162454873646203
torch_lstm,xgboost,4,relaxation,8030618f,-0.07072829131652658,-0.07937280794224055,-0.01694010937708401,-0.02769233559405504,0.025210084033613578,-0.16666666666666674,-0.04373047165600363,-0.07346938775510203
torch_lstm,xgboost,4,relaxation,a1b210fc,-0.07372195906694068,-0.06519523465743005,-0.05822682992224515,-0.07831540174417295,-0.003731343283582156,-0.14371257485029942,-0.05784385061816899,-0.05747126436781602
torch_lstm,xgboost,4,relaxation,b112005d,0.0329393052801068,0.028275921496571432,0.028943389557602006,0.04284061655979554,-0.004987531172069737,0.07086614173228345,0.0020761678837795117,0.013257575757575801
torch_lstm,xgboost,4,relaxation,b1c2f044,-0.023615836684194202,-0.026140694820712462,-0.0017630683575624584,-0.0014855297761432462,-0.024590163934426257,-0.02264150943396237,-0.028409621870513435,-0.023255813953488413
torch_lstm,xgboost,4,relaxation,d151b0c4,-0.10464909551535617,-0.08119550089529826,-0.05453575714476189,-0.05266952198173014,0.09271523178807939,-0.30201342281879195,0.006247888328926865,-0.037694013303769425
torch_lstm,xgboost,4,relaxation,f1a0c120,0.024465840147718243,0.02014056709161971,-0.0007473841554558325,0.0008601652246472691,0.20588235294117652,-0.1569506726457398,0.0023887395327282235,0.016393442622950727
torch_lstm,xgboost,4,interest,01c2a0d8,-0.16434108527131785,-0.23395064783272168,-0.09757751937984493,-0.17439271997454897,-0.39534883720930236,0.06666666666666654,-0.13426848052144935,-0.24867724867724872
torch_lstm,xgboost,4,interest,30908049,-0.07220496894409933,0.013793135191885186,-0.22729037267080743,-0.053563729812164396,-0.25,0.10559006211180133,-0.04832522577581422,0.04663212435233166
torch_lstm,xgboost,4,interest,40009139,-0.15504032258064515,-0.19226271801064843,0.008333333333333415,0.001942713364659232,0.012499999999999956,-0.32258064516129037,-0.07027864887577118,-0.16763005780346818
torch_lstm,xgboost,4,interest,7092f07b,-0.02329325890940326,-0.0688376166213508,-0.09864748819235736,-0.03846938380499432,0.33576642335766427,-0.3823529411764707,-0.06686004246322663,-0.14180929095354533
torch_lstm,xgboost,4,interest,8030618f,0.01214104729729737,-0.008234232033771272,0.07411317567567577,0.03717977985384824,0.09459459459459474,-0.0703125,0.026957260045477716,-0.00990099009900991
torch_lstm,xgboost,4,interest,a1b210fc,-0.11116774465691792,-0.11210269055160982,-0.13046611361079885,-0.06059580321179969,-0.049107142857142794,-0.17322834645669294,-0.12521933645264627,-0.11506276150627615
torch_lstm,xgboost,4,interest,b112005d,0.07016735759250725,0.04499944717035875,0.08110275176143444,0.13095648272027272,-0.05128205128205132,0.19161676646706582,0.05412699233651841,0.027027027027027084
torch_lstm,xgboost,4,interest,b1c2f044,-0.007839687942177487,-0.005780509812767898,-0.017400282993613625,-0.028663477599526588,-0.0030211480362537513,-0.012658227848101111,-0.005033268678337421,-0.004878048780487809
torch_lstm,xgboost,4,interest,d151b0c4,-0.07047392702362654,-0.03488838047482057,-0.1213896267300435,-0.1102264730182162,0.1286173633440515,-0.26956521739130435,-0.11054956283994977,-0.0406654343807763
torch_lstm,xgboost,4,interest,f1a0c120,-0.11079575317985912,-0.20421457645266128,-0.32278636252146176,-0.07515740621722322,-0.0317460317460318,-0.1898454746136865,-0.3836892106830756,-0.1705426356589147
torch_lstm,xgboost,4,focus,01c2a0d8,0.1979279279279279,0.20957646796320717,0.22384384384384404,0.100226138382559,0.37333333333333335,0.022522522522522515,0.20018513806281624,0.11111111111111105
torch_lstm,xgboost,4,focus,30908049,-0.04542349726775963,0.04279781129023297,-0.008410177595628454,0.0011867614485926437,-0.16666666666666663,0.07581967213114749,0.11263722554890221,0.05410447761194037
torch_lstm,xgboost,4,focus,40009139,0.07389937106918232,0.06781611328698378,0.07547169811320764,0.10686282620136234,0.02515723270440251,0.12264150943396224,0.06497439379604986,0.0641509433962264
torch_lstm,xgboost,4,focus,7092f07b,0.020074884792626757,0.02644827400070182,0.018260368663594484,0.05164116388906903,0.027649769585253337,0.012500000000000011,0.058042276573404994,0.023569023569023573
torch_lstm,xgboost,4,focus,8030618f,-0.1199479225631157,-0.15328399813768923,0.10149439601494403,0.11532349230685968,0.041095890410958846,-0.28099173553719003,-0.02570262292165304,-0.10486891385767794
torch_lstm,xgboost,4,focus,a1b210fc,0.17898989898989903,0.18872811732622863,0.16719191919191922,0.29785225397787074,0.04888888888888887,0.30909090909090914,0.1732088180684883,0.13432835820895517
torch_lstm,xgboost,4,focus,b112005d,0.16547379628534242,0.16166731218676023,0.18055719862770614,0.16149570225671395,0.24683544303797467,0.08411214953271029,0.15638637519358345,0.15322580645161288
torch_lstm,xgboost,4,focus,b1c2f044,0.0974329569513055,0.09366389477989667,0.0837744060221125,0.19459113193497235,0.04807692307692313,0.14678899082568808,0.0905202154787681,0.07363420427553447
torch_lstm,xgboost,4,focus,d151b0c4,0.06938434303697871,0.082474906793922,0.08283339889850516,0.03671108347221075,0.05645161290322587,0.08231707317073167,0.0949033912997761,0.0752212389380531
torch_lstm,xgboost,4,focus,f1a0c120,0.06973722734592314,0.11122196274965568,0.11897965158834711,0.20420691393364987,0.18577075098814233,-0.04629629629629628,0.1739875103531362,0.11634349030470914
torch_lstm,xgboost,5,attention,0001508a,-0.1509786989061601,-0.23235095993879146,-0.0944156591824985,-0.2121114083322841,-0.3575129533678757,0.05555555555555558,-0.029976973109830607,-0.3222748815165877
torch_lstm,xgboost,5,attention,0110f12e,-0.1164934666315881,-0.10653009581832551,-0.07669034464614577,-0.052150589613390474,-0.3480662983425415,0.11507936507936511,-0.07279502401141325,-0.07852193995381063
torch_lstm,xgboost,5,attention,0182e16c,-0.06276881720430105,-0.15727844556140447,-0.07832661290322573,-0.0676525466819069,-0.3916666666666666,0.2661290322580644,0.001581702323459333,-0.16758241758241754
torch_lstm,xgboost,5,attention,2182c1cd,-0.07052459685650136,-0.0778192495983906,-0.08399673402735253,-0.14572597699279544,-0.1338028169014085,-0.007246376811594235,-0.058502228576234216,-0.0714285714285714
torch_lstm,xgboost,5,attention,219060fa,-0.23085730642622027,-0.2449652872188084,-0.25060827250608264,-0.1979596779326297,-0.5401459854014599,0.07843137254901955,-0.19831386237598203,-0.21379310344827585
torch_lstm,xgboost,5,attention,71e10186,-0.2998578752347597,-0.31068929555492875,-0.2776001218212273,-0.21616940547455343,-0.2562814070351759,-0.3434343434343434,-0.31148285095852146,-0.3084677419354839
torch_lstm,xgboost,5,attention,8191f1d9,-0.06788957732133771,-0.05841349988103084,0.00023340689186901464,0.021810631662740887,-0.13868613138686126,0.0029069767441860517,-0.04816473404549737,-0.037422037422037424
torch_lstm,xgboost,5,attention,81e150c1,0.05968890554722639,-0.042352617345762233,0.007215142428785515,0.09667510149272546,-0.22844827586206917,0.34782608695652173,-0.05169407494192335,-0.13309352517985606
torch_lstm,xgboost,5,attention,c1a150b1,-0.09744270328211924,-0.10766217571168979,-0.1111224541881477,-0.08121214973903479,-0.21678321678321683,0.021897810218978186,-0.055829122677184095,-0.05995203836930452
torch_lstm,xgboost,5,attention,e0c0408a,0.0,0.0,,,,0.0,0.0,0.0
torch_lstm,xgboost,5,attention,f121f1e0,-0.23469387755102045,-0.3924216804172349,-0.145469387755102,-0.16526749381902472,0.1428571428571428,-0.6122448979591837,-0.18391381544530916,-0.29761904761904756
torch_lstm,xgboost,5,engagement,0001508a,-0.047950089126559625,-0.055947076716299615,-0.050000000000000044,-0.02872966873745031,-0.027272727272727226,-0.06862745098039219,-0.053731591947360324,-0.047169811320754707
torch_lstm,xgboost,5,engagement,0110f12e,0.0571459227467811,0.05789797995599211,-0.0005364806866952065,-0.012191798577090185,0.10999999999999999,0.0042918454935624295,0.039400129277521456,0.053117782909930744
torch_lstm,xgboost,5,engagement,0182e16c,0.23687221367420208,0.24985822647856681,0.22984968635341452,0.13561970844941196,0.24369747899159666,0.2300469483568075,0.26921103437811333,0.2349397590361446
torch_lstm,xgboost,5,engagement,2182c1cd,0.075111161141442,0.08638342133184085,0.08943547025384113,0.18106193207365628,0.12269938650306755,0.02752293577981657,0.05663586717023317,0.0845588235294118
torch_lstm,xgboost,5,engagement,219060fa,0.01070884974994557,0.021194120553419737,-0.0929912299775314,-0.14751630592043086,-0.0182648401826484,0.0396825396825396,-0.048729301843873585,0.0028985507246376274
torch_lstm,xgboost,5,engagement,71e10186,-0.12918150328222278,-0.12941140080115943,-0.06119952522830219,-0.06293538142080524,-0.14388489208633082,-0.11447811447811429,-0.12868016757193845,-0.128695652173913
torch_lstm,xgboost,5,engagement,8191f1d9,-0.04669684775318583,-0.09823009859992349,0.051523426271917194,-0.0008778070170847307,-0.15291750503018103,0.059523809523809645,-0.003875383501790175,-0.12220309810671265
torch_lstm,xgboost,5,engagement,81e150c1,-0.10416666666666663,-0.1494721106592995,-0.08032128514056247,-0.03872125989656683,0.0,-0.20833333333333337,-0.046068548836173284,-0.1547987616099072
torch_lstm,xgboost,5,engagement,c1a150b1,-0.04069971430003522,-0.04999592568574179,-0.06380632549746879,-0.11039622142176886,-0.042253521126760396,-0.039145907473309705,-0.31050517640323466,-0.04018912529550833
torch_lstm,xgboost,5,engagement,e0c0408a,-0.08333333333333326,-0.1761280152829141,-0.21726190476190477,-0.19517721286897108,-0.41666666666666663,0.25,-0.1290266106442578,-0.30999999999999994
torch_lstm,xgboost,5,engagement,f121f1e0,0.059333942246891036,0.01871514312578948,0.04220239349867683,0.0191020253325328,0.20930232558139528,-0.09063444108761332,0.016078591236249773,-0.006521739130434856
torch_lstm,xgboost,5,excitement,0001508a,0.017241379310344862,0.018167881654243767,0.007911628601284026,0.006763127120396395,0.0,0.03448275862068961,0.021026683202966412,0.018292682926829396
torch_lstm,xgboost,5,excitement,0110f12e,0.021027342976025265,0.01957485810727566,-0.0026996235387357626,0.0011257036647603913,0.06632653061224492,-0.024271844660194164,0.026906863482585197,0.01990049751243783
torch_lstm,xgboost,5,excitement,0182e16c,-0.03448275862068961,-0.023875194567084868,-0.04535658307210044,-0.07217973846909653,0.0,-0.06896551724137923,-0.010160851195892162,-0.005249343832020914
torch_lstm,xgboost,5,excitement,2182c1cd,-0.0005565862708720726,0.002534559258609237,0.003385899814471016,0.0021769775487575638,-0.010204081632653073,0.00909090909090915,0.010175292814181613,0.0031446540880503138
torch_lstm,xgboost,5,excitement,219060fa,0.04683288409703501,0.009721510517943788,-0.036725067385444676,-0.015112418514509618,0.1785714285714286,-0.08490566037735847,-0.05438051781494124,-0.010135135135135087
torch_lstm,xgboost,5,excitement,71e10186,-0.026600629755969663,-0.02888276898875175,-0.01748228811335606,-0.010857009324314881,-0.01941747572815522,-0.03378378378378377,-0.03291253224526003,-0.02788844621513953
torch_lstm,xgboost,5,excitement,8191f1d9,-0.04036588411588404,-0.04976301249696424,-0.039398101898102,-0.034412312327975036,-0.0982142857142857,0.017482517482517612,-0.0015493942856517062,-0.03333333333333344
torch_lstm,xgboost,5,excitement,81e150c1,0.027245782033743726,0.02568741603224367,0.030323757409940755,0.010915188089435035,0.03488372093023284,0.019607843137254832,0.025115594787725848,0.025104602510460317
torch_lstm,xgboost,5,excitement,c1a150b1,0.02776506483600316,0.021716255109305194,0.03015509788965165,0.052710956791567454,0.0028985507246376274,0.05263157894736836,0.01566807406313564,0.009950248756218971
torch_lstm,xgboost,5,excitement,e0c0408a,-0.04422669491525433,-0.018892492267891137,-0.056673728813559254,-0.08009330585985397,0.06779661016949146,-0.15625,-0.04073170731707321,-0.01098901098901095
torch_lstm,xgboost,5,excitement,f121f1e0,0.10691823899371067,0.14467301443785885,0.0349491230761364,0.012487116758726602,0.0,0.2138364779874214,0.0634357224118316,0.1541950113378684
torch_lstm,xgboost,5,stress,0001508a,0.03398058252427183,0.043144637370167604,0.12382493450454612,0.14136924186388589,0.0679611650485436,0.0,0.021085100706949467,0.03056768558951961
torch_lstm,xgboost,5,stress,0110f12e,-0.031996334034179674,-0.032119782009874864,-0.01586788146710527,-0.019941103961390483,-0.024691358024691357,-0.0393013100436681,-0.031333052737889666,-0.03177966101694918
torch_lstm,xgboost,5,stress,0182e16c,-0.1714975845410629,-0.22972215965291998,-0.657995788430571,-0.4372061490948086,-0.2222222222222222,-0.12077294685990325,-0.5075391950391951,-0.15740740740740733
torch_lstm,xgboost,5,stress,2182c1cd,0.04684646720044949,0.05173023970626833,0.03490658800393298,0.04399057172836707,0.0619469026548673,0.03174603174603152,0.038198177013718304,0.051136363636363646
torch_lstm,xgboost,5,stress,219060fa,0.08014950166112966,0.07772116744220292,0.08637873754152836,0.018903040155780815,0.1428571428571429,0.0174418604651162,0.07473507453575223,0.03500000000000003
torch_lstm,xgboost,5,stress,71e10186,-0.1270629739264426,-0.12174360303631948,-0.062193341713636996,-0.04064666918720372,-0.1881918819188192,-0.06593406593406592,-0.117670170539111,-0.11811023622047245
torch_lstm,xgboost,5,stress,8191f1d9,0.04499220628252887,0.08879240670256133,0.1219188396607751,0.26322124528886237,0.1007371007371007,-0.010752688172043001,-2.6019109053976308e-05,0.06576728499156831
torch_lstm,xgboost,5,stress,81e150c1,-0.07191901408450707,-0.07312947862407704,-0.05268485915492971,-0.06113802755131048,-0.05633802816901412,-0.08749999999999991,-0.06993700246875523,-0.07284768211920534
torch_lstm,xgboost,5,stress,c1a150b1,0.02777777777777779,-0.021484568359568357,-0.010765090349865392,0.0029738228165616665,0.1176470588235295,-0.06209150326797386,-0.005293688778571726,-0.05263157894736836
torch_lstm,xgboost,5,stress,e0c0408a,-0.010101010101010166,-0.022811076843525235,-0.0014430014430015792,-0.0068810734201989465,-0.02020202020202011,0.0,-0.039575163398692936,-0.016666666666666496
torch_lstm,xgboost,5,stress,f121f1e0,0.00421940928270037,0.006270393490667936,0.009568424200139702,0.009813649837620453,0.0,0.008438818565400796,0.0025173639618705224,0.003236245954692518
torch_lstm,xgboost,5,relaxation,0001508a,0.08338675213675217,0.1368871708812041,-0.0017094017094015923,-0.00949138382593362,0.2153846153846154,-0.04861111111111116,-0.04969835973336867,0.03349282296650724
torch_lstm,xgboost,5,relaxation,0110f12e,-0.07263468494193792,-0.0723030871270175,-0.04882924043403758,-0.035811208559435204,-0.08252427184466016,-0.06274509803921569,-0.0720792701342794,-0.07158351409978303
torch_lstm,xgboost,5,relaxation,0182e16c,-0.0017921146953405742,-0.004598641978861284,-0.10527631907976998,-0.11117061330167344,-0.0035842293906810374,0.0,-0.041832624554852815,-0.0031055900621118626
torch_lstm,xgboost,5,relaxation,2182c1cd,0.011111111111111183,0.012965027467702894,0.022177419354838745,0.01714973244898177,0.0,0.022222222222222143,0.025951103438692447,0.013157894736842035
torch_lstm,xgboost,5,relaxation,219060fa,-0.003308823529411753,-0.06012759618897734,-0.024737394957983216,-0.007684861452915914,0.10000000000000009,-0.10661764705882348,-0.0866923973407443,-0.06432748538011701
torch_lstm,xgboost,5,relaxation,71e10186,-0.04839371155160621,-0.049663266088375235,-0.01408065618591925,-0.01554728538346839,-0.04415584415584417,-0.05263157894736836,-0.050803419839922426,-0.04746835443037967
torch_lstm,xgboost,5,relaxation,8191f1d9,-0.07633307406447143,-0.10368678773475648,-0.031947685305216744,-0.023567739804915555,-0.15517241379310348,0.0025062656641603454,-0.012031977129029592,-0.04537521815008716
torch_lstm,xgboost,5,relaxation,81e150c1,0.015431034482758621,-0.015002855120719416,-0.016379310344827425,-0.005815636022436177,0.13,-0.09913793103448276,-0.01859124975901294,-0.030120481927710885
torch_lstm,xgboost,5,relaxation,c1a150b1,-0.11746411483253594,-0.1863337669656352,-0.060287081339712945,-0.07447055618713283,-0.2894736842105264,0.054545454545454564,-0.06430434431098775,-0.19806763285024165
torch_lstm,xgboost,5,relaxation,e0c0408a,-0.2071220930232558,-0.23967066072329235,0.026162790697674465,0.03582645958207531,0.023255813953488413,-0.4375,-0.008116883116883189,-0.10169491525423724
torch_lstm,xgboost,5,relaxation,f121f1e0,-0.07499999999999996,-0.10910963014335384,-0.0151895734597155,-0.012799169867883986,0.0,-0.15,-0.02573672911787661,-0.07299270072992703
torch_lstm,xgboost,5,interest,0001508a,-0.1270664051555057,-0.18835355820649946,-0.06248248809190238,-0.05541337980352545,-0.30232558139534893,0.048192771084337394,0.054076605212968865,-0.07142857142857151
torch_lstm,xgboost,5,interest,0110f12e,-0.014830508474576343,-0.008915910549865402,-0.03465239873599535,-0.020193819904941845,-0.0423728813559322,0.012711864406779627,-0.004122240629823137,-0.005649717514124242
torch_lstm,xgboost,5,interest,0182e16c,-0.17525710828796137,-0.22375214795010345,-0.14079451502318996,-0.07232832690517055,-0.06315789473684197,-0.2873563218390805,-0.10581469097897178,-0.2275280898876405
torch_lstm,xgboost,5,interest,2182c1cd,0.10498575498575513,0.12511796624909066,0.015432098765432167,0.01207363470767342,0.2407407407407408,-0.03076923076923066,0.06802889156941672,0.11986301369863017
torch_lstm,xgboost,5,interest,219060fa,0.04621212121212126,0.0202923665924577,0.06553030303030294,0.012190629145756193,0.09999999999999998,-0.007575757575757569,0.018182262084701084,0.006578947368421018
torch_lstm,xgboost,5,interest,71e10186,-0.15468071023626573,-0.16546182319679525,-0.1340614118391894,-0.10304203791752509,-0.05761316872427957,-0.2517482517482518,-0.13179235640613807,-0.16257088846880896
torch_lstm,xgboost,5,interest,8191f1d9,0.005154639175257714,0.009616252127605585,0.13218675654242673,0.045530552800497504,0.01030927835051551,0.0,0.00045121263395364597,0.009463722397476282
torch_lstm,xgboost,5,interest,81e150c1,-0.09328193832599119,-0.09300382984127858,-0.20770925110132166,-0.023401003989071967,-0.04999999999999993,-0.13656387665198239,-0.028043832717365547,-0.12955465587044535
torch_lstm,xgboost,5,interest,c1a150b1,-0.08346752549651104,-0.24280092338797155,-0.0006560505755351942,-0.04924501837127038,-0.5990338164251208,0.4320987654320986,-0.11354467212149277,-0.3090277777777778
torch_lstm,xgboost,5,interest,e0c0408a,0.024999999999999994,0.020202020202020207,,,,0.024999999999999994,0.0,0.024999999999999994
torch_lstm,xgboost,5,interest,f121f1e0,-0.1397249290736401,-0.20023267910980758,-0.0031824349327743695,-0.006391537961758842,0.004132231404958775,-0.2835820895522388,-0.05257095955844637,-0.16291161178509528
torch_lstm,xgboost,5,focus,0001508a,0.10286831812255537,0.04036920933472654,0.1053455019556715,0.1514614152686351,-0.27118644067796616,0.4769230769230771,0.0038177235385973285,-0.005464480874316946
torch_lstm,xgboost,5,focus,0110f12e,0.08088301009920462,0.07389159882411533,0.13343462329073186,0.09084325802672999,-0.02985074626865669,0.19161676646706594,0.07936375233300808,0.07065217391304346
torch_lstm,xgboost,5,focus,0182e16c,0.14869888475836435,0.2522677112861386,-0.02901244545013748,-0.12246078772569208,0.2973977695167286,0.0,0.03541912632821731,0.23668639053254437
torch_lstm,xgboost,5,focus,2182c1cd,0.010170935619574939,0.028239966548476048,0.14281910644869267,0.0767283491715125,-0.1123595505617978,0.1327014218009478,0.1796897805262042,0.06000000000000005
torch_lstm,xgboost,5,focus,219060fa,-0.08937759746685137,-0.20293643108208426,0.156491193350485,0.15270037395287794,-0.3803680981595093,0.2016129032258065,0.07403216773425736,-0.12891986062717775
torch_lstm,xgboost,5,focus,71e10186,0.0008974581668693693,-0.0015775900598898884,-0.0003667033370003958,0.0016094137822716403,0.011695906432748537,-0.009900990099009799,-0.007793337677253431,-0.002109704641349963
torch_lstm,xgboost,5,focus,8191f1d9,0.02715951245363002,-0.00029691624361638524,0.07502208090443363,0.11385684606110325,-0.10784313725490202,0.16216216216216217,0.03379841965788688,-0.006109979633401319
torch_lstm,xgboost,5,focus,81e150c1,0.19079787234042556,0.18880376046790637,0.14074468085106384,0.19591266220065662,0.1050000000000001,0.276595744680851,0.1860410458030719,0.15986394557823125
torch_lstm,xgboost,5,focus,c1a150b1,0.19571428571428584,0.14325159030531187,0.1359365079365079,0.2603177836978151,0.004761904761904856,0.3866666666666667,0.13606544605742033,0.10526315789473684
torch_lstm,xgboost,5,focus,e0c0408a,-0.06000000000000005,-0.12287712287712288,0.05800000000000005,0.16017983773511535,-0.12,0.0,-0.5152027027027027,-0.07500000000000001
torch_lstm,xgboost,5,focus,f121f1e0,0.12645715659175583,0.05844720868348596,0.2671153306894205,0.15867567881388167,0.39622641509433965,-0.143312101910828,0.13738458219306338,0.038054968287526414
torch_transformer,lightgbm,1,attention,30c140ca,-0.023181718303669552,-0.023262172542949933,-0.01697429136453521,0.008151038577143055,-0.15447154471544722,0.108108108108108,0.018681810921238773,-0.011070110701107083
torch_transformer,lightgbm,1,attention,3110e0c7,0.009188034188034155,0.034198334319392065,-0.23290598290598286,-0.17085237162920885,-0.02777777777777779,0.04615384615384621,-0.03858584028029488,0.01980198019801982
torch_transformer,lightgbm,1,attention,40f0714a,-0.2128654970760233,-0.3807000848096739,-0.3040935672514621,-0.14929957095067659,0.26315789473684215,-0.6888888888888889,-0.17922705314009657,-0.40625
torch_transformer,lightgbm,1,attention,7150e10a,0.06398729245339574,0.013236520120836204,0.09183000659353824,0.06426579448921022,0.39303482587064675,-0.2650602409638554,0.039052123089854396,-0.016885553470919357
torch_transformer,lightgbm,1,attention,71f0603f,-0.13659554730983303,-0.15590832408048805,-0.11250993904055129,-0.14145432112576528,0.13265306122448983,-0.4058441558441559,-0.12373528867330097,-0.1428571428571428
torch_transformer,lightgbm,1,attention,81f1f0fe,-0.2523875326270536,-0.3520010476279827,-0.2843236603715644,-0.31609112068053635,0.08205128205128198,-0.5868263473053892,-0.25785108906394594,-0.22651933701657467
torch_transformer,lightgbm,1,attention,a1721173,-0.22666666666666668,-0.24450596013044013,-0.188433734939759,-0.11617089290175464,-0.45333333333333337,0.0,-0.20495651449903152,-0.21518987341772144
torch_transformer,lightgbm,1,attention,c060c06a,-0.12823315118397083,-0.18069940493038172,-0.14068002428658188,-0.12389351087209499,-0.2786885245901639,0.022222222222222032,-0.05514547543068282,-0.12062256809338512
torch_transformer,lightgbm,1,attention,c112918e,0.1842979127134725,0.282302804309239,0.05124556025884286,0.05819796602393423,0.42741935483870974,-0.05882352941176483,0.06701659238776236,0.24620573355817876
torch_transformer,lightgbm,1,attention,d111e017,-0.09757821520092358,-0.09937559067954982,-0.08904283179859751,-0.08092206556978498,-0.040100250626566414,-0.15505617977528097,-0.10926696483945675,-0.1007109004739336
torch_transformer,lightgbm,1,attention,f1d06060,-0.10862938826991808,-0.17626383239921362,-0.0381017447971409,-0.019376333152157255,0.014084507042253391,-0.23134328358208953,-0.0324485330419948,-0.17994100294985255
torch_transformer,lightgbm,1,engagement,30c140ca,-0.09496598639455778,-0.08120258245582468,-0.1256462585034014,-0.07726905970310893,0.17006802721088432,-0.36000000000000004,-0.05020030474575932,-0.044534412955465674
torch_transformer,lightgbm,1,engagement,3110e0c7,0.04880952380952375,-0.0346270986867927,0.08392857142857135,0.05197218389900338,0.4404761904761906,-0.34285714285714286,0.09765380121421696,-0.049107142857142794
torch_transformer,lightgbm,1,engagement,40f0714a,0.2314814814814814,0.23069023398234723,0.009773662551440188,0.02041301898838843,-0.09259259259259256,0.5555555555555556,0.05471502182028498,0.16666666666666674
torch_transformer,lightgbm,1,engagement,7150e10a,0.04418198564685116,0.054081957425948346,0.02233564877000427,0.06096619373387757,0.010899182561307952,0.07746478873239443,0.04911673469807698,0.029469548133595258
torch_transformer,lightgbm,1,engagement,71f0603f,-0.08384433869198404,-0.08971507615191898,-0.03747898761749158,-0.048190126532039246,-0.2535612535612536,0.08587257617728539,-0.0533447810661114,-0.0814606741573034
torch_transformer,lightgbm,1,engagement,81f1f0fe,-0.18060762766645122,-0.08342241735004896,-0.14030381383322565,-0.03214835423681661,-0.5494505494505495,0.18823529411764706,-0.09133583443661086,0.0324825986078886
torch_transformer,lightgbm,1,engagement,a1721173,-0.2191374663072777,-0.31228307897114055,-0.16873315363881414,-0.10137451845232026,-0.4571428571428572,0.018867924528301994,0.004973499322075692,-0.099290780141844
torch_transformer,lightgbm,1,engagement,c060c06a,0.019155987627043736,0.019675688428002602,0.0012814847547504282,-0.005093085387902763,-0.006849315068493178,0.04516129032258076,0.021450443445202527,0.019933554817275767
torch_transformer,lightgbm,1,engagement,c112918e,-0.028927203065133966,-0.030133340251758622,0.004888888888889054,-0.02915125852185696,0.03103448275862075,-0.0888888888888888,-0.015085340526689084,-0.021359223300970842
torch_transformer,lightgbm,1,engagement,d111e017,-0.07984370963575294,-0.07690886986647749,-0.08699948333763885,-0.09812192829978339,-0.025510204081632626,-0.13417721518987347,-0.12572487003628807,-0.08005082592121981
torch_transformer,lightgbm,1,engagement,f1d06060,-0.10625746714456397,-0.13357064911518224,-0.07829301075268802,-0.09561645743298153,0.02822580645161299,-0.2407407407407408,-0.020498229279716673,-0.053370786516853896
torch_transformer,lightgbm,1,excitement,30c140ca,-0.02516865594187856,-0.033140729609231534,-0.009405812143227887,-0.027345024383198635,-0.060975609756097504,0.010638297872340385,-0.020990322104018855,-0.03488372093023251
torch_transformer,lightgbm,1,excitement,3110e0c7,0.0502722323049003,0.04568444200109956,0.05027223230490019,0.023505276192710367,0.06896551724137934,0.03157894736842104,0.043622047244094575,0.04332129963898912
torch_transformer,lightgbm,1,excitement,40f0714a,0.0688073394495412,0.22378176974584196,0.019495412844036664,0.11527777777777792,0.13761467889908274,0.0,0.2097902097902098,0.1282051282051283
torch_transformer,lightgbm,1,excitement,7150e10a,0.023967278206998843,0.006687839211148461,0.009256823020068472,0.007953793715851587,-0.0139211136890951,0.061855670103092786,-0.017620662145991228,0.0
torch_transformer,lightgbm,1,excitement,71f0603f,0.027491408934707917,0.029697513845202805,-0.0033025393850133478,-0.008247127146915001,0.054982817869415834,0.0,0.014364273527314952,0.023668639053254448
torch_transformer,lightgbm,1,excitement,81f1f0fe,0.01601963697435571,-0.010255738671103298,-0.04612105161165325,-0.03169313126862083,0.18248175182481752,-0.1504424778761061,-0.054238242538567905,-0.024793388429752095
torch_transformer,lightgbm,1,excitement,a1721173,-0.14149443561208253,-0.1703763788093774,-0.034843667196608474,-0.027335171991058393,0.04054054054054068,-0.32352941176470595,-0.11428562924528629,-0.17045454545454541
torch_transformer,lightgbm,1,excitement,c060c06a,-0.10859728506787336,-0.1511442237492311,0.0029088558500324213,0.029609103457202246,-0.21719457013574667,0.0,-0.04474431818181812,-0.18250950570342211
torch_transformer,lightgbm,1,excitement,c112918e,0.03803065588991894,0.060203978789476364,-0.0003044279038617592,0.0036283911029509897,0.11977715877437323,-0.04371584699453568,0.03718652323628402,0.06457564575645758
torch_transformer,lightgbm,1,excitement,d111e017,-0.01923647594135358,-0.019920147266709542,-0.013232805046930252,-0.01115386211267666,-0.012886597938144395,-0.025586353944562767,-0.020696523003850387,-0.019836639439906656
torch_transformer,lightgbm,1,excitement,f1d06060,0.003597122302158362,0.004719291483997412,-0.011608894702419992,-0.0137524533348099,0.0,0.007194244604316613,0.008164784796649616,0.00462962962962965
torch_transformer,lightgbm,1,stress,30c140ca,-0.09669158361018826,-0.1403604146678712,-0.1267995570321151,-0.0878834981130342,0.0387596899224808,-0.23214285714285715,-0.022517818118744537,-0.1144781144781144
torch_transformer,lightgbm,1,stress,3110e0c7,0.34172494172494183,0.4444084541258401,0.27878787878787875,0.20615560048255616,0.6076923076923076,0.0757575757575758,0.4184857279835396,0.42857142857142866
torch_transformer,lightgbm,1,stress,40f0714a,-0.03223684210526312,-0.028709284227965925,-0.04315789473684217,-0.0585348319121205,0.010526315789473717,-0.07499999999999996,-0.0018906590168272785,-0.014814814814814836
torch_transformer,lightgbm,1,stress,7150e10a,0.08874439920019861,0.08824700473405045,-0.027131952654085856,-0.025677805743882787,-0.0785498489425982,0.25603864734299525,-0.013874898497224675,0.05018587360594795
torch_transformer,lightgbm,1,stress,71f0603f,-0.0683615491651206,-0.07911067437410557,-0.02678571428571408,-0.010989832297766955,0.008163265306122436,-0.14488636363636354,-0.07603980485197748,-0.0820770519262981
torch_transformer,lightgbm,1,stress,81f1f0fe,-0.08219178082191791,-0.12006739334708844,-0.09201066470534158,-0.05146589028520865,0.0,-0.16438356164383566,-0.04492519429011543,-0.1167315175097276
torch_transformer,lightgbm,1,stress,a1721173,0.018963831867057745,-0.016997294013184838,-0.052003910068426196,-0.10638255036048894,-0.10752688172043001,0.1454545454545455,-0.06791288566243192,-0.049792531120331884
torch_transformer,lightgbm,1,stress,c060c06a,-0.11162351954721728,-0.14955839282699168,-0.12154561017363652,-0.10623977269788432,-0.20197044334975361,-0.021276595744680993,-0.07484362999597005,-0.12790697674418605
torch_transformer,lightgbm,1,stress,c112918e,-0.05145251396648043,-0.11847928267533558,0.10789571694599653,0.14056926854275864,-0.1229050279329608,0.020000000000000018,-0.4538127899536074,-0.057750759878419544
torch_transformer,lightgbm,1,stress,d111e017,-0.061553030303030165,-0.05979258550449118,-0.06085484078068848,-0.04193817171619563,0.0018939393939393367,-0.125,-0.05147183540285838,-0.05800000000000005
torch_transformer,lightgbm,1,stress,f1d06060,0.12618162506638342,0.19269181508415245,-0.04053814834483982,-0.04383781903029138,0.4237918215613383,-0.17142857142857149,0.013334429454860963,0.16283924843423792
torch_transformer,lightgbm,1,relaxation,30c140ca,0.1412470211352892,0.15157217205334317,0.10583271477126244,0.09609001057035715,0.26573426573426573,0.016759776536312776,0.08705836895360897,0.1273291925465838
torch_transformer,lightgbm,1,relaxation,3110e0c7,0.01532528504359476,0.016020500895760903,0.054996646545942385,0.037113513799962194,0.021126760563380254,0.00952380952380949,0.017161761256226593,0.0161943319838056
torch_transformer,lightgbm,1,relaxation,40f0714a,0.11250000000000004,0.11778359312777342,0.0025000000000000577,0.0021044886832269905,-0.125,0.35,0.07407407407407407,0.11250000000000004
torch_transformer,lightgbm,1,relaxation,7150e10a,0.018294817927170914,0.03263414409590204,-0.05571117335823228,-0.0600485215523775,-0.011029411764705843,0.0476190476190477,-0.026284492854960928,0.013015184381778733
torch_transformer,lightgbm,1,relaxation,71f0603f,-0.05614026656414195,-0.06608792032002075,-0.04850698449314372,-0.03519526807204465,0.0034602076124568004,-0.11574074074074081,-0.07513022323085161,-0.06796116504854377
torch_transformer,lightgbm,1,relaxation,81f1f0fe,-0.020897907787679082,-0.025974388576605834,-0.024820805889190334,-0.04151101490123599,-0.047413793103448176,0.00561797752808979,-0.009673117965636635,-0.024390243902439046
torch_transformer,lightgbm,1,relaxation,a1721173,-0.07293473908981718,-0.05878821988766558,-0.011210463098892398,-0.03878084333102272,0.023622047244094446,-0.1694915254237288,-0.02487890016959793,-0.037634408602150504
torch_transformer,lightgbm,1,relaxation,c060c06a,0.016129032258064502,0.026942480828192172,-0.004352278545826982,0.0026874526665348064,0.032258064516129004,0.0,0.001612903225806428,0.0035335689045935537
torch_transformer,lightgbm,1,relaxation,c112918e,0.013944223107569709,0.0283418962656119,0.0031132953217070103,0.006370548236463991,0.0278884462151395,0.0,0.003554379883851766,0.011965811965811923
torch_transformer,lightgbm,1,relaxation,d111e017,-0.07667771738372342,-0.07941081612264189,-0.04233990021806944,-0.03499299611616402,-0.037122969837587005,-0.11623246492985961,-0.07642364586809036,-0.07956989247311819
torch_transformer,lightgbm,1,relaxation,f1d06060,-0.011943451413714667,-0.0191926563329764,-0.03983471841775388,-0.05210329706757455,-0.029411764705882415,0.0055248618784530246,0.0005523059857991397,-0.014319809069212486
torch_transformer,lightgbm,1,interest,30c140ca,0.21236236236236247,0.17538615359787357,0.2248748748748749,0.0461040518594609,0.18148148148148147,0.2432432432432433,0.14671215091087408,0.19476744186046507
torch_transformer,lightgbm,1,interest,3110e0c7,0.18068181818181828,0.15159388701347432,0.1799431818181818,0.23024013947545663,0.025000000000000022,0.3363636363636364,0.20230168829385775,0.1518518518518518
torch_transformer,lightgbm,1,interest,40f0714a,0.006249999999999978,-0.08106065377067628,-0.0931249999999999,-0.1419830192316247,-0.5375,0.55,-0.19829087710509297,-0.17500000000000004
torch_transformer,lightgbm,1,interest,7150e10a,-0.005046583850931596,0.02346281404194034,0.05956078083407268,0.009155670981246256,-0.0535714285714286,0.0434782608695653,-0.03207126769626778,0.018433179723502335
torch_transformer,lightgbm,1,interest,71f0603f,-0.09731235184762865,-0.12114207756679529,-0.1021499803039414,-0.05891284028482935,0.0691642651296831,-0.26378896882494013,-0.05399985884114222,-0.11256544502617793
torch_transformer,lightgbm,1,interest,81f1f0fe,-0.13155443277808476,-0.17739873449658128,-0.21762058893187008,-0.17637699990352873,0.03396226415094339,-0.297071129707113,-0.05537660217387774,-0.12301587301587302
torch_transformer,lightgbm,1,interest,a1721173,-0.08401672953911754,-0.15442694462106732,-0.10562571756601624,-0.12292775834760716,-0.5746268656716418,0.4065934065934067,-0.11793372319688111,-0.1777777777777778
torch_transformer,lightgbm,1,interest,c060c06a,0.005374884630001575,-0.001134236525563992,-0.01873065855909639,-0.005587574627648806,0.11504424778761058,-0.10429447852760731,-0.04949417113196575,-0.01449275362318836
torch_transformer,lightgbm,1,interest,c112918e,-0.026984931903796028,-0.04845991507727471,-0.0716458997392061,-0.06411387678124836,-0.0441176470588236,-0.00985221674876835,-0.1497292736375706,-0.02947368421052632
torch_transformer,lightgbm,1,interest,d111e017,-0.1664354596916745,-0.18572055728952708,-0.11747365359228534,-0.17571397099218755,-0.32217573221757334,-0.010695187165775555,-0.14993407773198753,-0.18544600938967137
torch_transformer,lightgbm,1,interest,f1d06060,-0.04477666230176047,-0.02078769932590041,-0.11394830011154766,-0.14454912426932753,0.08860759493670889,-0.17816091954022995,-0.07098068346940434,-0.024330900243308973
torch_transformer,lightgbm,1,focus,30c140ca,0.14272361230946218,0.11964506367292538,0.1270252133064902,0.1456686779968177,-0.10928961748633892,0.39473684210526316,0.06559610705596108,0.08417508417508424
torch_transformer,lightgbm,1,focus,3110e0c7,-0.014351638209506135,0.01900822140079894,0.1027226580526075,0.053786667260904086,-0.1454545454545455,0.11675126903553301,-0.0004035561612277805,0.05952380952380942
torch_transformer,lightgbm,1,focus,40f0714a,0.1964285714285714,0.21541101556402176,-0.017857142857142794,-0.14083694083694076,0.3928571428571429,0.0,0.02488687782805421,0.382608695652174
torch_transformer,lightgbm,1,focus,7150e10a,0.1400595238095237,0.1795162498673497,0.0932738095238097,0.126106575487545,0.23250000000000004,0.04761904761904756,0.1139667588519292,0.2004132231404958
torch_transformer,lightgbm,1,focus,71f0603f,-0.030719019383128154,-0.0399390002374741,0.00803062766787932,0.009526447716940112,-0.09422492401215815,0.032786885245901454,0.007471105551523527,-0.027338129496402908
torch_transformer,lightgbm,1,focus,81f1f0fe,0.09993190330268986,0.09020783096645757,0.12253149472250602,0.02461264521824924,0.12121212121212122,0.0786516853932584,0.0659984860437598,0.08530805687203791
torch_transformer,lightgbm,1,focus,a1721173,0.09724137931034482,0.09622103746549904,0.1062068965517241,0.10034365861510319,0.034482758620689724,0.16000000000000003,0.23295930476057525,0.10526315789473684
torch_transformer,lightgbm,1,focus,c060c06a,-0.0797604035308952,-0.2382054298865377,0.08848255569567043,0.06714850097219688,-0.4672131147540983,0.3076923076923077,-0.020595428269408966,-0.4406332453825858
torch_transformer,lightgbm,1,focus,c112918e,0.007518796992481258,0.012032808739597,0.01743644826351598,0.004716729458291602,0.015037593984962405,0.0,0.020633267587525927,0.011131725417439786
torch_transformer,lightgbm,1,focus,d111e017,-0.009308618169377558,-0.009951320937956476,-0.008913631698441615,-0.014874848156819387,-0.048101265822784844,0.029484029484029395,0.0020276874993285787,-0.008728179551122262
torch_transformer,lightgbm,1,focus,f1d06060,-0.06627669241253975,0.017872661708778992,0.034529759200363164,0.015896747938538014,-0.379032258064516,0.24647887323943662,0.11043204435150789,0.056372549019607865
torch_transformer,lightgbm,2,attention,1081b177,0.0634920634920636,0.08505280982762786,-0.009907137458157855,-0.04056549829897638,0.14285714285714285,-0.01587301587301604,0.022977298948634317,0.06493506493506496
torch_transformer,lightgbm,2,attention,517001af,-0.21562500000000007,-0.19713064590565244,-0.31660156249999993,-0.37246847940690414,0.03749999999999998,-0.46875,0.02092971918948494,-0.046875
torch_transformer,lightgbm,2,attention,6030f0fd,0.07011872146118725,0.1330181251222018,-0.06151598173515971,-0.006097542804322842,-0.15200000000000002,0.29223744292237447,0.018010437721439843,0.1308139534883721
torch_transformer,lightgbm,2,attention,7072a0e0,0.08585858585858586,0.17086234642902215,-0.04553957079209614,-0.048190264868700705,0.3232323232323233,-0.15151515151515138,-0.004744945648410992,0.13333333333333341
torch_transformer,lightgbm,2,attention,71a251fa,-0.041343323521541464,-0.03553885305560667,-0.037819998216037876,-0.14436639830935705,0.1351351351351352,-0.2178217821782178,-0.03946107091441586,-0.03301886792452835
torch_transformer,lightgbm,2,attention,71c09041,-0.13888888888888884,-0.16302515445979648,-0.037264957264957155,-0.03109613573284198,0.0,-0.2777777777777778,-0.1040030628148354,-0.16129032258064513
torch_transformer,lightgbm,2,attention,a02151ac,0.022663518395188875,0.09017418920002407,0.029081148715464855,0.0604049064840988,0.1457286432160804,-0.10040160642570273,-0.14782188327387424,0.008928571428571397
torch_transformer,lightgbm,2,attention,d0e2d025,-0.08742985409652071,-0.1131676193588016,-0.1489961341813194,-0.23817900640220635,-0.002020202020202033,-0.1728395061728395,-0.04666806204671492,-0.044140030441400246
torch_transformer,lightgbm,2,attention,d18000a3,0.05044719123706154,0.06326009849270475,-0.042910260275349166,-0.05238357899804613,0.18691588785046725,-0.08602150537634412,-0.035522304320477316,0.032454361054766734
torch_transformer,lightgbm,2,attention,f0f2a1e1,-0.03539165577083092,-0.06113244754435809,-0.019315345298942077,-0.011612484445993054,0.07446808510638303,-0.14525139664804465,-0.04014694661597773,-0.06959706959706968
torch_transformer,lightgbm,2,engagement,1081b177,0.03569190927697252,0.03461192079719888,-0.006975481391754856,-0.010287531094622215,0.101123595505618,-0.029739776951672847,0.020225349339968668,0.0027932960893853886
torch_transformer,lightgbm,2,engagement,517001af,-0.24181615485963315,-0.23174748598477413,-0.2872200263504612,-0.05233602316794406,-0.30303030303030304,-0.1806020066889633,-0.19128077259515686,-0.19277108433734935
torch_transformer,lightgbm,2,engagement,6030f0fd,-0.18956043956043966,-0.199300069443204,-0.23457311918850388,-0.15115743386728198,-0.07142857142857151,-0.3076923076923078,-0.26782636647997726,-0.21352313167259795
torch_transformer,lightgbm,2,engagement,7072a0e0,0.02854708520179383,0.04399461337944521,-0.007587443946188377,-0.006950186373759992,-0.026905829596412634,0.08400000000000002,-0.006194711242165973,0.031712473572938715
torch_transformer,lightgbm,2,engagement,71a251fa,0.08310217290799815,0.033594195149482364,0.0028895053166899665,0.0021949555121659747,0.19047619047619047,-0.024271844660194164,-0.04037269666487986,0.012096774193548376
torch_transformer,lightgbm,2,engagement,71c09041,-0.07302616864236189,-0.08324769266727383,0.014314471035562493,0.008284870377692655,0.03041825095057038,-0.1764705882352941,0.005624793708283393,-0.050808314087759876
torch_transformer,lightgbm,2,engagement,a02151ac,-0.055578529484740846,-0.06341114945290682,-0.10698039864361919,-0.05911440303447668,-0.017699115044247815,-0.09345794392523366,-0.0493869447363211,-0.06727828746177367
torch_transformer,lightgbm,2,engagement,d0e2d025,0.002108036890645648,-0.004918684593800404,-0.051405357927096995,-0.040849686621091674,0.030303030303030276,-0.02608695652173898,-0.03574355545749386,-0.010482180293501009
torch_transformer,lightgbm,2,engagement,d18000a3,-0.1868016447662466,-0.25649318910773644,-0.06717618664521308,-0.13217113652674561,-0.3938053097345134,0.02020202020202022,-0.06527391424203688,-0.20047169811320753
torch_transformer,lightgbm,2,engagement,f0f2a1e1,0.002092871157619358,0.007696913548859263,-0.045519947678220984,-0.0349571128569276,-0.05035971223021596,0.054545454545454564,-0.012508725394387854,0.006578947368421018
torch_transformer,lightgbm,2,excitement,1081b177,-0.008428480997819565,-0.008143958072281965,0.0008440203502686483,-0.0005298637222740377,-0.025906735751295318,0.00904977375565641,-0.0013253695141282051,-0.007246376811594235
torch_transformer,lightgbm,2,excitement,517001af,0.04014598540145986,0.03931197773560979,0.010849369608493808,-0.006816303726823625,0.08029197080291972,0.0,0.01775411987655462,0.03081232492997199
torch_transformer,lightgbm,2,excitement,6030f0fd,0.004630140006614547,0.020399031825659608,0.008212986440303993,0.010040700963966809,0.051813471502590414,-0.04255319148936165,0.03463452927978328,0.020905923344947785
torch_transformer,lightgbm,2,excitement,7072a0e0,-0.005830903790087438,-0.00820027495447384,0.006984936831875621,0.003144697943097574,0.0,-0.011661807580174988,-0.005253848387964277,-0.009111617312072884
torch_transformer,lightgbm,2,excitement,71a251fa,-0.01363636363636378,0.004660743201859163,-0.007438016528925617,-0.015339406584088056,0.018181818181817966,-0.045454545454545414,0.018045649436358335,0.004784688995215447
torch_transformer,lightgbm,2,excitement,71c09041,0.0004020467836255426,0.018988636029265038,0.013450292397660935,0.09548516830205778,0.023026315789473673,-0.022222222222222365,0.017497995249036946,0.017191977077363862
torch_transformer,lightgbm,2,excitement,a02151ac,0.028876228775692625,0.03104164612017779,0.0013628239499552386,0.014561716772995337,0.01608579088471851,0.04166666666666663,0.033722633898207954,0.022312373225152227
torch_transformer,lightgbm,2,excitement,d0e2d025,-0.03782680390435911,-0.05360113791869903,-0.06977579190935945,-0.023314470244692354,0.006024096385542244,-0.08167770419426046,-0.029907763955886235,-0.058158319870759256
torch_transformer,lightgbm,2,excitement,d18000a3,0.012513213855495753,0.014070094497233399,0.009710647294539854,0.004109606971120727,0.006711409395973034,0.01831501831501836,0.011433834265561327,0.014218009478673022
torch_transformer,lightgbm,2,excitement,f0f2a1e1,-0.04907975460122693,-0.09580732047999785,-0.06431660464648481,-0.013533714437079958,0.0,-0.09815950920245398,-0.10947430599007557,-0.08268733850129195
torch_transformer,lightgbm,2,stress,1081b177,-0.17333483348334833,-0.19266311423858518,-0.15456795679567958,-0.16595302913364918,-0.33181818181818185,-0.014851485148514754,-0.12897584655323757,-0.1800947867298578
torch_transformer,lightgbm,2,stress,517001af,0.02941176470588225,-0.09740670461733081,0.02117647058823524,0.003736533697216826,0.19999999999999996,-0.14117647058823535,-0.13235294117647056,-0.08999999999999997
torch_transformer,lightgbm,2,stress,6030f0fd,-0.1315190342563668,-0.1781809748518408,-0.09101498385132634,-0.07251090263218263,-0.34224598930481276,0.07920792079207928,-0.17882034188760798,-0.19444444444444453
torch_transformer,lightgbm,2,stress,7072a0e0,-0.20045766590389014,-0.133051211806111,-0.09835240274599544,-0.029436808408505266,-0.49565217391304345,0.09473684210526312,-0.07794434667499683,-0.042424242424242475
torch_transformer,lightgbm,2,stress,71a251fa,0.08832046332046328,0.08717010158881733,-0.05405405405405406,-0.0584197543367746,0.3928571428571429,-0.21621621621621623,-0.05161827360280702,0.04615384615384621
torch_transformer,lightgbm,2,stress,71c09041,0.7579365079365079,0.3889768870211734,,,,0.7579365079365079,0.0,0.7579365079365079
torch_transformer,lightgbm,2,stress,a02151ac,-0.15467567014528338,-0.22153582177688236,-0.12200736648250465,-0.12325050378725777,-0.32592592592592595,0.016574585635359185,-0.060970530042694926,-0.188470066518847
torch_transformer,lightgbm,2,stress,d0e2d025,-0.16980664776415133,-0.1799869177527187,-0.16875619171249967,-0.13436041394434362,-0.13013698630136994,-0.20947630922693272,-0.13512807574720487,-0.1882998171846435
torch_transformer,lightgbm,2,stress,d18000a3,0.024557395773843416,0.00472566692982912,-0.0021416333523701647,-0.0003496366029448472,0.05882352941176461,-0.009708737864077666,-0.009065528910337406,0.0
torch_transformer,lightgbm,2,stress,f0f2a1e1,-0.1398184912081678,-0.22781508305028397,-0.01953740467637244,-0.001664936931348393,-0.4341085271317829,0.15447154471544722,-0.09447362313518615,-0.2440944881889764
torch_transformer,lightgbm,2,relaxation,1081b177,-0.0066692693083479915,0.0007060611231063385,-0.007027132539527581,-0.009042687316847653,0.014184397163120588,-0.02752293577981635,-0.0037699697197179916,0.002557544757033181
torch_transformer,lightgbm,2,relaxation,517001af,-0.044168967133704884,0.013202636440585391,0.03494973696546677,0.06624363412280432,0.07604562737642584,-0.1643835616438356,0.06949082420800334,0.023809523809523725
torch_transformer,lightgbm,2,relaxation,6030f0fd,-0.03641061780596666,-0.044214098958153314,-0.020750137029206805,-0.014241413980577211,0.02020202020202011,-0.09302325581395354,-0.02361907781509054,-0.04385964912280704
torch_transformer,lightgbm,2,relaxation,7072a0e0,-0.22270260153471833,-0.22543657287179153,-0.20516563728242565,-0.13225952319610157,-0.2043795620437956,-0.24102564102564106,-0.21571424178983112,-0.22590361445783136
torch_transformer,lightgbm,2,relaxation,71a251fa,0.04684265010351951,0.029635639659173596,0.011682934043182547,0.02293107541149808,-0.04761904761904756,0.14130434782608692,0.012135706030234172,0.025104602510460206
torch_transformer,lightgbm,2,relaxation,71c09041,0.11034555861776552,0.1221810411931743,-0.041154335382658336,-0.04022265598718022,0.2584269662921348,-0.03773584905660354,0.030714943339007816,0.09743589743589742
torch_transformer,lightgbm,2,relaxation,a02151ac,-0.12336970498548816,-0.1578514319756107,-0.1332341379183658,-0.127243877396646,-0.31782945736434115,0.07109004739336477,-0.07225651779731701,-0.1428571428571429
torch_transformer,lightgbm,2,relaxation,d0e2d025,-0.0851393188854489,-0.11533662999868377,-0.10683294815331612,-0.06754210602019806,0.0,-0.1702786377708979,-0.045260678645399066,-0.10261194029850751
torch_transformer,lightgbm,2,relaxation,d18000a3,-0.09881726254965684,-0.09458508342160576,-0.06641386782231873,-0.04749801501200723,-0.1784037558685445,-0.019230769230769162,-0.09125672307490496,-0.09090909090909094
torch_transformer,lightgbm,2,relaxation,f0f2a1e1,-0.1096447209955842,-0.15090497430780303,-0.042402649538338166,-0.05864642044540758,-0.24056603773584906,0.02127659574468077,-0.11605913188222905,-0.16013071895424846
torch_transformer,lightgbm,2,interest,1081b177,-0.15442422309486303,-0.21712866436335554,-0.10628500807303609,-0.07776872862122364,-0.29074889867841414,-0.018099547511312042,-0.12411112821121861,-0.15625
torch_transformer,lightgbm,2,interest,517001af,-0.034900579950290056,-0.04921689868423462,-0.028169014084507005,-0.044436294234990514,-0.08450704225352113,0.014705882352941235,-0.025858783281091924,-0.052380952380952306
torch_transformer,lightgbm,2,interest,6030f0fd,-0.01513272140907973,-0.029077867302613747,-0.1014636566608782,-0.051008188019471934,0.034482758620689724,-0.06474820143884902,0.007185038763986018,-0.019607843137254832
torch_transformer,lightgbm,2,interest,7072a0e0,-0.0595289823585643,-0.03034349472723885,-0.10984618058573037,-0.05434507192598803,-0.1351351351351351,0.016077170418006437,-0.052348149398827815,-0.023696682464455
torch_transformer,lightgbm,2,interest,71a251fa,-0.04266845934830743,-0.0397939903892196,-0.06453653906991463,-0.0972838945666179,0.0431034482758621,-0.12844036697247707,-0.05153200355424836,-0.04000000000000015
torch_transformer,lightgbm,2,interest,71c09041,-0.17244787225796454,-0.2414651988607318,-0.0780947213394313,-0.03025640817955122,-0.010309278350515427,-0.33458646616541354,-0.18604146745351946,-0.24793388429752072
torch_transformer,lightgbm,2,interest,a02151ac,0.08679944248826277,0.09339426333134071,0.08377347417840386,0.06830030944655219,0.0703125,0.10328638497652576,0.11477377699503166,0.09090909090909094
torch_transformer,lightgbm,2,interest,d0e2d025,-0.21728185279587142,-0.2451850546925367,-0.14148756516357763,-0.1691031700720419,0.12772585669781933,-0.5622895622895623,-0.16089421991535935,-0.2038834951456311
torch_transformer,lightgbm,2,interest,d18000a3,-0.09499957188115404,-0.11503495738201786,-0.047806604446727796,-0.035312108818582044,0.019607843137255054,-0.20960698689956325,-0.09338288311277032,-0.11780104712041883
torch_transformer,lightgbm,2,interest,f0f2a1e1,-0.0640861317610869,-0.03160622505527322,-0.01632060155515691,-0.009713100468741964,-0.27710843373493976,0.14893617021276595,0.00530745135225974,-0.008928571428571397
torch_transformer,lightgbm,2,focus,1081b177,0.0492424242424242,0.03827587757378481,0.02904477298940955,0.01525221481368444,0.0984848484848484,0.0,0.02539699349309832,0.030878859857481955
torch_transformer,lightgbm,2,focus,517001af,0.04583333333333328,0.0373199312649245,0.0160628019323672,0.01476130858118374,0.09166666666666667,0.0,0.017561058548221653,0.02777777777777779
torch_transformer,lightgbm,2,focus,6030f0fd,0.019129652691296517,0.035433036684489494,0.012591670125916776,0.004154891391550564,0.06565656565656564,-0.0273972602739726,0.024089301117036666,0.040590405904059046
torch_transformer,lightgbm,2,focus,7072a0e0,0.0011446886446886406,-0.0841840027645584,0.038919413919414,0.023361166994216198,0.24038461538461553,-0.23809523809523814,-0.016075695167010795,-0.13015184381778744
torch_transformer,lightgbm,2,focus,71a251fa,-0.002777777777777768,0.05769607309909708,0.08726851851851858,-0.0557152800235044,0.1611111111111112,-0.16666666666666663,0.031366354145972664,0.12254901960784315
torch_transformer,lightgbm,2,focus,71c09041,-0.1230793475691434,-0.14499798629961325,-0.13387439918052146,-0.19050914555909448,-0.002915451895043608,-0.2432432432432433,-0.16760228357756213,-0.02631578947368418
torch_transformer,lightgbm,2,focus,a02151ac,-0.08227331327889997,-0.079325093265608,0.13122045552213146,0.13600648902572654,0.15083798882681543,-0.3153846153846154,0.07250355936790331,0.026639344262295084
torch_transformer,lightgbm,2,focus,d0e2d025,0.14063762784605527,0.08578977932636467,0.0673438675696012,0.030915648333581958,0.3580246913580247,-0.07674943566591419,0.06416448272580821,0.03966942148760322
torch_transformer,lightgbm,2,focus,d18000a3,-0.10423368022705781,-0.19195006009566096,0.07717596972563845,0.05042791517389544,0.19867549668874174,-0.4071428571428572,-0.029695315695095537,-0.19489559164733172
torch_transformer,lightgbm,2,focus,f0f2a1e1,0.1496981891348088,-0.020690074616555587,0.13400402414486934,0.016876443909985994,0.4571428571428572,-0.15774647887323945,0.016801091016454328,-0.10256410256410253
torch_transformer,lightgbm,3,attention,0012905a,-0.19552750641191896,-0.2150790005547486,-0.26855133857813884,-0.3432661749334447,-0.2825278810408922,-0.10852713178294571,-0.19272011134248257,-0.22613065326633164
torch_transformer,lightgbm,3,attention,20201194,-0.318563579277865,-0.23343846476800595,-0.4517268445839875,-0.15664817198614722,-0.5102040816326531,-0.12692307692307692,-0.19029973735786776,-0.18770226537216828
torch_transformer,lightgbm,3,attention,2162c09e,-0.047858327641721154,-0.060964537288411225,-0.03826714801444031,-0.03353205025695327,-0.12274368231046939,0.027027027027027084,-0.03834685323613207,-0.06277056277056281
torch_transformer,lightgbm,3,attention,21a031f6,-0.08426563396442921,-0.11487434021709952,-0.10697552113214759,-0.16162822865555826,-0.1566265060240964,-0.011904761904761751,-0.0538040907805899,-0.09417808219178081
torch_transformer,lightgbm,3,attention,41e2010c,-0.12845668387837061,-0.15137654924906851,-0.14457831325301196,-0.11223778090063108,-0.1807228915662651,-0.07619047619047625,-0.16800263484389188,-0.12234042553191482
torch_transformer,lightgbm,3,attention,5001d09a,-0.09285714285714297,-0.09993095100166327,-0.14897959183673481,-0.11741318003530465,-0.05714285714285705,-0.12857142857142856,-0.08990140569978577,-0.09285714285714286
torch_transformer,lightgbm,3,attention,50c02189,-0.32789500772002056,-0.26542977270611867,-0.5189397838394236,-0.284113717939225,-0.46268656716417905,-0.19310344827586212,-0.2365502439765328,-0.2565905096660809
torch_transformer,lightgbm,3,attention,71f21142,-0.07979186376537373,-0.12569134274370963,-0.032620624408703836,-0.03848151033562153,-0.20529801324503308,0.045714285714285596,0.009860810521391539,-0.07055214723926384
torch_transformer,lightgbm,3,attention,b0700166,0.06951106153560138,0.11658663403514657,-0.06880461052240205,-0.059145645230758825,0.1696969696969698,-0.030674846625766805,-0.05155187380698867,0.03665987780040736
torch_transformer,lightgbm,3,attention,d0724095,-0.16227684184058344,-0.26281140606674464,-0.16831154136283621,-0.29413739141494577,-0.025773195876288568,-0.298780487804878,-0.4191255797539826,-0.15083798882681565
torch_transformer,lightgbm,3,attention,d142d110,0.027350427350427364,0.02708754835647409,-0.04957264957264951,-0.051404869731334846,0.07692307692307687,-0.022222222222222254,0.02188719881545298,0.023809523809523836
torch_transformer,lightgbm,3,engagement,0012905a,-0.1270718232044199,-0.14786288235700307,-0.016602418692681198,-0.031575919186834556,0.0,-0.2541436464088398,-0.04837052286344512,-0.07958477508650519
torch_transformer,lightgbm,3,engagement,20201194,-0.08931796947991277,-0.2026692050485936,-0.033322952351292345,0.007131063224165235,-0.47337278106508873,0.2947368421052632,-0.031893012141392396,-0.1969696969696969
torch_transformer,lightgbm,3,engagement,2162c09e,-0.11074083568315818,-0.1514264670213642,-0.0368495257626249,-0.03956147360557849,-0.2108433734939759,-0.010638297872340385,-0.07348011897415785,-0.10451977401129942
torch_transformer,lightgbm,3,engagement,21a031f6,-0.13689809630459127,-0.06633954866197311,-0.03413379785160309,-0.08059438694255117,0.15602836879432624,-0.42982456140350883,-0.0026226071773730597,0.03165735567970207
torch_transformer,lightgbm,3,engagement,41e2010c,0.030311890838206623,0.029606880150794823,0.00545808966861594,0.010154170032047216,0.01851851851851849,0.042105263157894535,0.03070784415610328,0.029556650246305494
torch_transformer,lightgbm,3,engagement,5001d09a,-0.0920864045864046,-0.09390486966292466,-0.0917280917280916,-0.10706166012882701,-0.19318181818181823,0.009009009009009028,-0.05878970483910817,-0.08040201005025127
torch_transformer,lightgbm,3,engagement,50c02189,-0.10599711545957746,-0.12903064137113285,-0.1525590551181102,-0.18983481641832212,-0.14763779527559073,-0.06435643564356441,-0.13830533549297575,-0.12394366197183104
torch_transformer,lightgbm,3,engagement,71f21142,-0.21850794944965357,-0.26329659999158933,-0.28850969658144554,-0.27879574719847877,-0.6188340807174888,0.1818181818181818,-0.3243347338935575,-0.41333333333333333
torch_transformer,lightgbm,3,engagement,b0700166,0.030052125100240468,0.03095535923073367,-0.021892542101042523,-0.04587573287179325,0.031034482758620696,0.029069767441860406,0.029771289623227948,0.030303030303030387
torch_transformer,lightgbm,3,engagement,d0724095,0.11781206171107994,0.13684698219051383,0.0731650303880318,0.07312114288779159,0.246376811594203,-0.010752688172043001,0.05789296183464765,0.09876543209876543
torch_transformer,lightgbm,3,engagement,d142d110,-0.05093099671412937,-0.23006873950582563,-0.05805038335158841,-0.023652261939150043,0.09090909090909094,-0.19277108433734935,-0.3032805429864255,-0.15957446808510645
torch_transformer,lightgbm,3,excitement,0012905a,0.014679286231010336,0.013249517999392557,0.01966783216783219,0.018392072630806444,0.02586206896551735,0.0034965034965035446,0.019301931886152923,0.013513513513513487
torch_transformer,lightgbm,3,excitement,20201194,0.0,0.0,-0.029561063003881838,-0.03884498309083961,0.0,0.0,0.0,0.0
torch_transformer,lightgbm,3,excitement,2162c09e,-0.02495497203526409,-0.027359176886302183,-0.006256517205422196,-0.0014958242341319705,-0.038961038961038974,-0.010948905109489204,-0.030560715114929082,-0.017094017094017144
torch_transformer,lightgbm,3,excitement,21a031f6,-0.012979280781138303,-0.012749975962848215,-0.026586416679295954,-0.018826378085101236,-0.13122171945701344,0.10526315789473695,-0.04244185530505784,-0.016279069767441867
torch_transformer,lightgbm,3,excitement,41e2010c,-0.0969202898550724,-0.12369545295714357,-0.011594202898550732,-0.005660782984617585,0.01449275362318847,-0.20833333333333337,-0.08274822377893054,-0.12698412698412698
torch_transformer,lightgbm,3,excitement,5001d09a,-0.0055069002123142585,-0.018372379180715548,0.0002653927813164314,-8.735500309819955e-05,0.02083333333333337,-0.031847133757961776,-0.013750773674437777,-0.019512195121951237
torch_transformer,lightgbm,3,excitement,50c02189,-0.18609036594473483,-0.2269842180932201,-0.13969380134428666,-0.0713436460346677,-0.6067961165048544,0.23461538461538467,-0.12648192534553837,-0.13733905579399142
torch_transformer,lightgbm,3,excitement,71f21142,-0.018631540207323827,-0.017508790417122166,-0.015334600993682224,-0.015687477580382803,-0.0036496350364961794,-0.03361344537815125,-0.012340087964171853,-0.012722646310432628
torch_transformer,lightgbm,3,excitement,b0700166,0.1481468449448744,0.18982211098747448,0.07105324888576137,0.04582835065988278,-0.005747126436781658,0.30204081632653057,0.07515969352960472,0.17422434367541761
torch_transformer,lightgbm,3,excitement,d0724095,0.004588245775547062,0.007329070247159009,-0.0066522139399519675,-0.008378600147335824,0.022421524663677195,-0.013245033112582849,0.011166826746692227,0.008021390374331472
torch_transformer,lightgbm,3,excitement,d142d110,-0.14900110987791337,-0.1498123699846361,-0.06714761376248612,-0.05316132014354158,-0.1470588235294118,-0.15094339622641517,-0.142063492063492,-0.14942528735632188
torch_transformer,lightgbm,3,stress,0012905a,0.013754337767495572,0.015748167674735525,-0.004265471370734519,-0.027643316518258465,-0.016447368421052655,0.04395604395604391,0.0037416260774074672,0.012131715771230511
torch_transformer,lightgbm,3,stress,20201194,-0.11365740740740737,-0.11807333830284938,-0.11703703703703716,-0.17459223235968846,-0.07916666666666672,-0.14814814814814814,-0.12326511693149977,-0.10400000000000009
torch_transformer,lightgbm,3,stress,2162c09e,-0.022603978300180794,-0.01905198622810833,-0.03501732971669691,-0.052042073312281056,-0.009493670886076,-0.03571428571428559,-0.021627525091653,-0.018595041322314043
torch_transformer,lightgbm,3,stress,21a031f6,-0.05163621423047182,-0.07167957498865585,-0.017751836813611588,-0.07252813075807851,-0.11368909512761027,0.01041666666666663,-0.028750638351364266,-0.0754414125200642
torch_transformer,lightgbm,3,stress,41e2010c,-0.024630541871921263,-0.04047855060680511,-0.02289520824003577,-0.007713826467904195,0.0,-0.049261083743842415,-0.007393591100804953,-0.03436426116838487
torch_transformer,lightgbm,3,stress,5001d09a,-0.057344064386318006,-0.054825467533639705,-0.001829156758734407,0.005721474148189132,0.028169014084507005,-0.14285714285714285,0.009990934990934952,-0.031963470319634646
torch_transformer,lightgbm,3,stress,50c02189,-0.0005237686841459421,-0.024998639851135263,-0.0710855182553296,-0.07707886220756754,-0.08831168831168837,0.08726415094339623,0.025454781710559815,0.003708281829419069
torch_transformer,lightgbm,3,stress,71f21142,-0.1484375,-0.1350045828301185,-0.134521484375,-0.03713928475756301,-0.21875,-0.078125,-0.12097391371664001,-0.10625000000000007
torch_transformer,lightgbm,3,stress,b0700166,-0.03848901098901103,-0.018071565182656957,-0.1028388278388277,-0.07925002030476846,-0.08928571428571419,0.012307692307692297,-0.07125945334789863,-0.022312373225152116
torch_transformer,lightgbm,3,stress,d0724095,0.05398016997167132,0.12322534808625729,-0.03759206798866843,-0.05622916156184643,0.2379603399433428,-0.13,0.030197784696058827,0.1567328918322296
torch_transformer,lightgbm,3,stress,d142d110,0.010562286424355527,0.040298728186927035,-0.011494252873563204,0.07168140161241665,0.09009009009009017,-0.06896551724137934,0.013965627142290216,0.05714285714285716
torch_transformer,lightgbm,3,relaxation,0012905a,-0.019658991547653715,-0.003856958568978164,0.006208102593995846,-0.0016746538636451813,-0.17123287671232867,0.13191489361702124,0.063851738561856,0.015748031496063075
torch_transformer,lightgbm,3,relaxation,20201194,0.04166666666666663,0.03617758585481601,-0.007100149476831019,-0.0027719936381639387,0.0,0.08333333333333337,0.018860101387722206,0.02507836990595591
torch_transformer,lightgbm,3,relaxation,2162c09e,-0.014929685994991448,-0.023770637534061168,-0.021040690083263813,-0.051301432588867435,-0.06896551724137934,0.03910614525139666,-0.02997111542633557,-0.02499999999999991
torch_transformer,lightgbm,3,relaxation,21a031f6,-0.018555008210180635,-0.034310715931014646,0.0015599343185549452,-0.008774641454914134,-0.12758620689655176,0.09047619047619038,-0.007061869556198808,-0.03600000000000003
torch_transformer,lightgbm,3,relaxation,41e2010c,-0.011627906976744207,-0.018643682812906515,-0.06548347613219085,-0.05196082532929691,0.0,-0.023255813953488386,-0.006225950234908795,-0.012345679012345734
torch_transformer,lightgbm,3,relaxation,5001d09a,-0.043837882547559937,-0.04338017965807017,-0.004466501240694809,-0.007860282346394576,-0.010752688172043001,-0.07692307692307687,-0.03213528993417403,-0.03797468354430378
torch_transformer,lightgbm,3,relaxation,50c02189,0.19352424372872068,0.27080835637017864,-0.07403240324032423,-0.044894539175571624,0.790513833992095,-0.4034653465346535,-0.1111788738618007,0.05631659056316585
torch_transformer,lightgbm,3,relaxation,71f21142,-0.047222222222222165,-0.05087001329682905,-0.06423220973782784,-0.06491199931126201,0.0,-0.09444444444444444,-0.03545560405023107,-0.04748603351955305
torch_transformer,lightgbm,3,relaxation,b0700166,-0.015904814609850604,-0.01856925335095294,-0.00019922523519644297,0.0027816820923203256,-0.007194244604316613,-0.024615384615384706,-0.011252739600287498,-0.01939655172413801
torch_transformer,lightgbm,3,relaxation,d0724095,-0.013161786453712021,-0.007860511001847925,-0.03263334319234934,-0.02037443265047978,-0.04081632653061229,0.01449275362318836,-0.0023854148430223487,-0.003278688524590123
torch_transformer,lightgbm,3,relaxation,d142d110,-0.012758620689655165,-0.023790702051571633,-0.008965517241379284,-0.0037296102025989875,0.03448275862068961,-0.05999999999999994,-0.012815079888250591,-0.025316455696202556
torch_transformer,lightgbm,3,interest,0012905a,-0.0983406007751938,-0.10838710520176187,-0.14172722868217047,-0.1249509839525782,0.028124999999999956,-0.2248062015503876,-0.0688784883288055,-0.08477508650519039
torch_transformer,lightgbm,3,interest,20201194,-0.06821705426356595,-0.08795670741008577,-0.17260981912144713,-0.14005552086198836,-0.06976744186046502,-0.06666666666666665,-0.12638460225379888,-0.06906906906906907
torch_transformer,lightgbm,3,interest,2162c09e,-0.103937179627004,-0.14959470607853986,-0.023775766168611656,-0.054513437285489186,-0.28301886792452835,0.07514450867052014,-0.07510641203135182,-0.1568228105906313
torch_transformer,lightgbm,3,interest,21a031f6,-0.046379291107226495,-0.048096570801894334,-0.012571131029865623,-0.013847877881515536,-0.24844720496894412,0.15568862275449113,-0.025531018165887764,-0.04268292682926833
torch_transformer,lightgbm,3,interest,41e2010c,-0.0111689438299718,-0.023949132040397725,-0.03280199522880056,-0.037389752993431946,-0.12578616352201255,0.10344827586206895,-0.04573338361154344,-0.029090909090909056
torch_transformer,lightgbm,3,interest,5001d09a,0.00044895703826486333,0.0007860636513925545,-0.044066860063544544,-0.03524339454268155,-0.007874015748031593,0.00877192982456143,-0.004684412797962834,0.0
torch_transformer,lightgbm,3,interest,50c02189,-0.041662047174256533,0.07527087137864669,-0.051103134787549576,0.004674252641481358,0.1674311926605505,-0.25075528700906335,-0.13377485776772358,-0.013037809647979126
torch_transformer,lightgbm,3,interest,71f21142,-0.26515151515151525,-0.3829818637888989,-0.30929989550679204,-0.1068627000697362,0.0,-0.5303030303030304,-0.13573717948717945,-0.43478260869565216
torch_transformer,lightgbm,3,interest,b0700166,-0.058419719449115615,-0.02441651160220515,-0.09387172992187998,-0.03870757655877832,-0.12844036697247707,0.011600928074245953,-0.042138612523221264,-0.01666666666666672
torch_transformer,lightgbm,3,interest,d0724095,0.05694073083778961,0.07971094080521601,0.00804367201426015,0.038805695265739404,0.22083333333333333,-0.1069518716577541,0.023861091861758332,0.07728337236533955
torch_transformer,lightgbm,3,interest,d142d110,-0.08358585858585871,-0.10473277238395617,-0.2851010101010102,-0.20029989243879043,0.4772727272727273,-0.6444444444444445,-0.3582066776536655,-0.27611940298507465
torch_transformer,lightgbm,3,focus,0012905a,-0.17339404380999257,-0.23415746939740456,0.01959758798917044,0.03221648415955525,0.11764705882352944,-0.4644351464435147,-0.0004224951818863065,-0.15459882583170248
torch_transformer,lightgbm,3,focus,20201194,-0.0867959080575903,-0.13012642758585125,0.04003536246526895,0.03622941504795074,-0.1689189189189189,-0.004672897196261738,-0.05551145007447911,-0.07182320441988954
torch_transformer,lightgbm,3,focus,2162c09e,0.19564240790655885,0.11259354512110886,0.028451632225217183,0.000631100229041226,0.4761904761904763,-0.08490566037735836,0.01776302187117007,-0.019444444444444486
torch_transformer,lightgbm,3,focus,21a031f6,0.09464753838619544,0.0858426645227941,0.1390257252326217,0.11352126386421735,0.16959064327485396,0.019704433497537033,0.11722972487092087,0.08823529411764708
torch_transformer,lightgbm,3,focus,41e2010c,0.13379705400982,0.07225854357553685,0.011593016912165854,-0.0027694792543784263,0.38297872340425543,-0.11538461538461542,-0.0442527444622417,0.0
torch_transformer,lightgbm,3,focus,5001d09a,-0.021020272515785976,0.07834129445239513,0.06430707876370878,0.013647866215097282,-0.2058823529411764,0.16384180790960456,0.09337696131463757,0.10426540284360186
torch_transformer,lightgbm,3,focus,50c02189,0.07346561737657054,0.1796387271778746,-0.02802870237110977,-0.016262866191842695,-0.10380622837370235,0.2507374631268437,-0.035563220916076776,0.08757961783439494
torch_transformer,lightgbm,3,focus,71f21142,0.06658130601792578,0.07354456906857876,0.08770806658130603,0.11607969262778794,0.042253521126760396,0.09090909090909094,0.07995372165148296,0.060869565217391286
torch_transformer,lightgbm,3,focus,b0700166,-0.028557856735702103,-0.04683811429158791,0.07976439293178794,0.11342807392869114,0.09025270758122739,-0.1473684210526316,0.09850006521455601,-0.0064239828693790635
torch_transformer,lightgbm,3,focus,d0724095,0.06705351386202452,0.01935536773240698,0.05748979153234468,0.09017260619728251,-0.07801418439716312,0.21212121212121204,0.015314828530687552,-0.002624671916010457
torch_transformer,lightgbm,3,focus,d142d110,0.016865079365079305,0.07268697243717759,0.16517857142857162,0.2796382218367236,0.3194444444444444,-0.2857142857142858,0.26523356758991323,0.1499999999999999
torch_transformer,lightgbm,4,attention,01c2a0d8,0.005529465232540387,0.016228267103643668,0.010331767913952405,0.03748725873968384,0.07317073170731703,-0.06211180124223603,-0.013890191762222281,0.013661202185792365
torch_transformer,lightgbm,4,attention,30908049,-0.03612077481424214,-0.15349342393674864,-0.15582184426405532,-0.155912090890528,-0.3115577889447236,0.23931623931623935,0.047382379525236606,-0.10759493670886078
torch_transformer,lightgbm,4,attention,40009139,0.002535496957403627,0.007591359029171407,-0.07143762677484777,-0.07439559752675662,-0.02941176470588236,0.03448275862068967,-0.017247651765418315,0.0
torch_transformer,lightgbm,4,attention,7092f07b,-0.032110091743119296,-0.06175529944348146,-0.06324159021406761,-0.05430781287246733,0.0,-0.0642201834862385,-0.024807807182171904,-0.03804347826086951
torch_transformer,lightgbm,4,attention,8030618f,-0.1761480908152735,-0.20481530711770857,-0.1134330925352598,-0.09540944546273711,-0.4509803921568628,0.09868421052631582,-0.1338674491384657,-0.17704918032786876
torch_transformer,lightgbm,4,attention,a1b210fc,-0.05954907161803713,-0.08840054682159937,-0.020265251989389776,-0.018955354178346373,0.015384615384615219,-0.13448275862068965,-0.025405906215959617,-0.088095238095238
torch_transformer,lightgbm,4,attention,b112005d,-0.060377895550103755,-0.0808716204564538,0.015845046559225806,0.0018861665471604505,0.08498583569405094,-0.20574162679425828,0.022684672662843686,-0.02313167259786475
torch_transformer,lightgbm,4,attention,b1c2f044,-0.11658256742956685,-0.17494205893906556,-0.12906229350633724,-0.17812935527543738,-0.03763440860215039,-0.1955307262569832,-0.1915813711521226,-0.1150684931506849
torch_transformer,lightgbm,4,attention,d151b0c4,0.0072737577933119635,0.025544243116425114,-0.05760228393895517,-0.07470493596168282,-0.16455696202531633,0.17910447761194032,-0.07770171922785063,-0.006849315068493178
torch_transformer,lightgbm,4,attention,f1a0c120,0.08125535102739723,0.06140649722921543,-0.00866866438356162,-0.010237851479211302,-0.04296875,0.2054794520547945,-0.03913099610709392,0.012158054711246202
torch_transformer,lightgbm,4,engagement,01c2a0d8,-0.10243422670272928,-0.17181487478274243,-0.06761740840914665,-0.2037057884860533,-0.2530612244897959,0.048192771084337394,-0.02585996240601507,-0.17682926829268292
torch_transformer,lightgbm,4,engagement,30908049,0.029747474747474745,0.05748859652788163,-0.03129292929292926,-0.035715828245483694,-0.017777777777778003,0.0772727272727273,-0.010168908932937981,0.02921348314606742
torch_transformer,lightgbm,4,engagement,40009139,-0.2576628352490421,-0.2844449572396873,-0.21984674329501896,-0.16972979763154428,-0.12222222222222212,-0.3931034482758621,-0.2460113303419592,-0.28936170212765966
torch_transformer,lightgbm,4,engagement,7092f07b,0.07211235009467709,0.0895023650844824,0.005470229328845,-0.010096498683838329,0.134020618556701,0.010204081632653184,0.05270494770455991,0.09246575342465757
torch_transformer,lightgbm,4,engagement,8030618f,0.08943236714975855,0.13246615584966237,0.05157004830917877,0.11660914605609718,0.20108695652173914,-0.022222222222222365,0.058567594359031916,0.15720524017467252
torch_transformer,lightgbm,4,engagement,a1b210fc,-0.04323230761300967,-0.04684696572204905,-0.029508788206793368,-0.020080837472230773,-0.005747126436781658,-0.08071748878923768,-0.05071906174552521,-0.04785894206549113
torch_transformer,lightgbm,4,engagement,b112005d,0.008928571428571397,0.026779478276290347,-0.07751913265306132,-0.14346891109424853,0.0535714285714286,-0.03571428571428559,-0.013667155621207683,0.019230769230769273
torch_transformer,lightgbm,4,engagement,b1c2f044,-0.031227305737109523,-0.027640123048360277,-0.029230210602759654,-0.04956213928025088,0.006172839506172867,-0.06862745098039214,0.0012262060392252971,-0.011737089201877993
torch_transformer,lightgbm,4,engagement,d151b0c4,-0.024729995090819745,-0.022891757982098637,-0.0395679921453117,-0.021895975681409774,-0.013745704467353903,-0.0357142857142857,-0.022096494180994686,-0.02088167053364265
torch_transformer,lightgbm,4,engagement,f1a0c120,0.0004046180405697375,-0.026486354505399323,0.21876348726801909,0.06340445052774757,-0.0535714285714285,0.054380664652567856,-0.06811793855941772,0.03875968992248058
torch_transformer,lightgbm,4,excitement,01c2a0d8,0.010868896814659856,0.011050821204536265,0.003997048333537978,0.012803177661792842,0.015957446808510745,0.00578034682080919,0.012762557042334643,0.011080332409972304
torch_transformer,lightgbm,4,excitement,30908049,0.10786503504811695,0.07019007061291194,0.004966139954853177,0.0019224942785891486,0.29473684210526324,-0.07900677200902939,-0.11035436676244803,-0.013011152416356864
torch_transformer,lightgbm,4,excitement,40009139,-0.007771293906407961,-0.00736931325470902,-0.01571091908876654,-0.017068244839459012,0.0671641791044777,-0.08270676691729328,-0.011172933740425162,-0.0074906367041200905
torch_transformer,lightgbm,4,excitement,7092f07b,0.10113136392206157,0.10636879727324289,0.02281583909490903,0.06701817718450997,0.01621621621621616,0.18604651162790709,0.07036864470189297,0.07011070110701101
torch_transformer,lightgbm,4,excitement,8030618f,-0.07069632495164413,-0.07569515785835168,0.03771760154738857,0.02690601571790474,0.018181818181818188,-0.15957446808510634,-0.026331969860982296,-0.06372549019607843
torch_transformer,lightgbm,4,excitement,a1b210fc,0.028290808156293368,0.01265639115731132,0.006725739297533839,0.018872630586743377,-0.012383900928792824,0.06896551724137934,-0.008371923632659928,0.004878048780487587
torch_transformer,lightgbm,4,excitement,b112005d,-0.0028896648800822433,0.0007475460294750214,0.00246332088138157,0.0005287459901915925,0.010178117048346036,-0.015957446808510634,0.006286145668086052,0.0017211703958691649
torch_transformer,lightgbm,4,excitement,b1c2f044,-0.021798155737704716,-0.015560493951351173,0.005558401639344179,0.0026034830489275462,0.003278688524590234,-0.046875,-0.006164155346048195,-0.01154734411085434
torch_transformer,lightgbm,4,excitement,d151b0c4,-0.006279904306220052,-0.011042902449004077,0.002691387559808467,-0.005374380669661782,0.07456140350877183,-0.08712121212121204,-0.012964769775411278,-0.012195121951219523
torch_transformer,lightgbm,4,excitement,f1a0c120,0.019984773505900333,0.016433579936335763,0.019730998604238104,0.02037322928408436,-0.014084507042253613,0.05405405405405406,0.014818164139906553,0.015810276679841806
torch_transformer,lightgbm,4,stress,01c2a0d8,-0.008880058389425072,0.00804637955838472,-0.0035276944286756207,-0.006714727522519226,0.06698564593301437,-0.0847457627118644,0.0024673372664059112,0.012232415902140636
torch_transformer,lightgbm,4,stress,30908049,0.016935483870967882,0.003914769289514064,0.025403225806451712,0.019292710151729398,0.050000000000000044,-0.016129032258064502,0.011654586367230046,0.0
torch_transformer,lightgbm,4,stress,40009139,-0.03826530612244905,-0.04012490250675382,-0.07689504373177847,-0.10974033058430155,-0.04081632653061229,-0.03571428571428581,-0.04276224241463922,-0.03846153846153855
torch_transformer,lightgbm,4,stress,7092f07b,0.003012048192771122,0.004134015422628368,-0.04352409638554222,-0.04064731269995725,0.0,0.006024096385542188,0.001620876396471016,0.002732240437158473
torch_transformer,lightgbm,4,stress,8030618f,-0.04356060606060608,-0.11808835372665161,-0.03863636363636358,-0.000997592757725263,0.125,-0.21212121212121215,-0.00216366273592139,-0.19653179190751452
torch_transformer,lightgbm,4,stress,a1b210fc,-0.15265700483091782,-0.19234913144887655,-0.19710144927536233,-0.067849827744354,-0.04444444444444451,-0.26086956521739124,-0.18462886034828474,-0.20765027322404372
torch_transformer,lightgbm,4,stress,b112005d,-0.03267605633802828,-0.10930897714926052,0.049929577464788766,0.003088659120490722,0.15999999999999992,-0.22535211267605632,-0.01981025510437273,-0.16766467065868262
torch_transformer,lightgbm,4,stress,b1c2f044,-0.03624023035787749,-0.039533834066576734,-0.07017688194158778,-0.17647332776672375,-0.04895104895104896,-0.02352941176470591,-0.0379164164545579,-0.03947368421052633
torch_transformer,lightgbm,4,stress,d151b0c4,-0.16930252438901727,-0.25305361745879296,-0.05224781253142907,-0.027976928388876,0.23926380368098177,-0.5778688524590164,-0.12757053591601597,-0.2506142506142506
torch_transformer,lightgbm,4,stress,f1a0c120,0.0024462694391053086,0.011857766514488555,-0.1501931776263421,-0.2685897047557362,0.027491408934707917,-0.02259887005649719,-0.014354589590756528,0.008547008547008517
torch_transformer,lightgbm,4,relaxation,01c2a0d8,0.03598281417830296,0.021796260196521366,-0.05593064293386529,-0.10588080757330698,-0.03007518796992481,0.10204081632653061,-0.02420492566593757,0.005494505494505475
torch_transformer,lightgbm,4,relaxation,30908049,-0.07094379639448567,-0.06320383011685338,-0.05026511134676581,-0.054898046371118614,0.01463414634146365,-0.15652173913043477,-0.02761572948738722,-0.046875
torch_transformer,lightgbm,4,relaxation,40009139,-0.0458999145130532,-0.054788305223486544,-0.024528177812849217,-0.033310719914123155,-0.09909909909909914,0.007299270072992581,-0.020445490068937255,-0.040322580645161255
torch_transformer,lightgbm,4,relaxation,7092f07b,0.00032467532467539417,0.012067845872828276,-0.08100649350649325,-0.060699669194529626,-0.03571428571428581,0.03636363636363632,-0.023821631220813377,0.0072202166064981865
torch_transformer,lightgbm,4,relaxation,8030618f,-0.006769374416433327,-0.008804807873910026,-0.0065359477124183885,-0.009476788808921444,0.04201680672268915,-0.05555555555555558,0.0008395504043516855,-0.008163265306122436
torch_transformer,lightgbm,4,relaxation,a1b210fc,-0.04928948074001249,-0.054984750996516785,-0.07172222718741605,-0.08385485525240521,-0.07462686567164178,-0.0239520958083832,-0.055402895030481125,-0.05517241379310345
torch_transformer,lightgbm,4,relaxation,b112005d,0.052879611993638,-0.004893579255406788,-0.02829540322422286,-0.07819691598741607,-0.11471321695760595,0.22047244094488183,-0.1061372827348609,-0.03409090909090917
torch_transformer,lightgbm,4,relaxation,b1c2f044,-0.031224868543148876,-0.02151840651914072,-0.004082895143829424,-0.002021993431020941,-0.07377049180327866,0.01132075471698124,-0.008197750124172676,-0.015503875968992276
torch_transformer,lightgbm,4,relaxation,d151b0c4,-0.06684741544068629,-0.06538487127300929,-0.07658118138583936,-0.08970368346982782,-0.039735099337748436,-0.09395973154362414,-0.06410536344746876,-0.05764966740576505
torch_transformer,lightgbm,4,relaxation,f1a0c120,-0.03222544623230461,-0.032745806076297734,-0.040226853073067836,-0.05991058603611388,-0.019607843137254943,-0.04484304932735439,-0.038273836662140015,-0.032786885245901565
torch_transformer,lightgbm,4,interest,01c2a0d8,-0.15804263565891485,-0.21217664974635397,-0.06686046511627886,-0.08145879188044236,-0.3410852713178295,0.02499999999999991,-0.14053530503110334,-0.22486772486772488
torch_transformer,lightgbm,4,interest,30908049,-0.09637034161490687,-0.1232967679569622,-0.08715062111801253,-0.023091182693666612,-0.03125,-0.16149068322981358,-0.0397442738906153,-0.13989637305699482
torch_transformer,lightgbm,4,interest,40009139,-0.0620295698924731,-0.08320281696384335,-0.010215053763440896,0.005827001971066781,0.11250000000000004,-0.23655913978494625,-0.007568176164853502,-0.07514450867052025
torch_transformer,lightgbm,4,interest,7092f07b,0.0007245598969514155,0.02090967919302955,0.005420781451266676,-0.010133728833342293,-0.19708029197080296,0.19852941176470584,0.06119180750787456,0.0660146699266504
torch_transformer,lightgbm,4,interest,8030618f,-0.13883023648648662,-0.18009115391894903,-0.0635557432432432,-0.04755086023934174,0.027027027027026973,-0.3046875,-0.10175940651199034,-0.18316831683168322
torch_transformer,lightgbm,4,interest,a1b210fc,-0.21145598987626546,-0.21231326757189828,-0.2775590551181104,-0.2112772853374124,-0.1473214285714286,-0.2755905511811023,-0.23281412191011008,-0.2154811715481172
torch_transformer,lightgbm,4,interest,b112005d,-0.017836122626541773,-0.08856762035744792,0.08369585615094588,0.1356188812036554,-0.2991452991452992,0.26347305389221565,-0.008409907521800708,-0.11776061776061775
torch_transformer,lightgbm,4,interest,b1c2f044,-0.24413935523346986,-0.361994059956675,-0.16497762820757966,-0.3143777762848702,-0.513595166163142,0.025316455696202333,-0.12881421841211005,-0.4097560975609757
torch_transformer,lightgbm,4,interest,d151b0c4,0.04324758842443732,0.069372158227893,-0.012917656927163512,0.0019424434737380647,0.18649517684887457,-0.09999999999999987,0.012464459838859687,0.06469500924214411
torch_transformer,lightgbm,4,interest,f1a0c120,-0.06112687900767377,-0.1273758557495256,-0.2222572619923613,-0.05650640685575259,-0.03174603174603169,-0.09050772626931558,-0.2871434406269764,-0.08333333333333326
torch_transformer,lightgbm,4,focus,01c2a0d8,0.12234234234234231,0.14556713482012984,0.19171171171171164,0.07840756806611338,0.22666666666666668,0.018018018018017834,0.14853235280222987,0.07070707070707072
torch_transformer,lightgbm,4,focus,30908049,-0.08145491803278693,-0.03256826058842344,-0.04162397540983609,-0.002669304535488415,-0.18750000000000006,0.024590163934426257,0.009962546115679816,0.005597014925373012
torch_transformer,lightgbm,4,focus,40009139,0.07704402515723274,0.060640452869314854,0.08490566037735847,0.11443314939639271,-0.04402515723270439,0.19811320754716988,0.053019761875944704,0.05283018867924527
torch_transformer,lightgbm,4,focus,7092f07b,0.021370967741935587,0.02348025605472759,-0.0035714285714285587,-0.032192629695867114,-0.032258064516129226,0.07500000000000001,-0.02011910783811366,-0.0033670033670033517
torch_transformer,lightgbm,4,focus,8030618f,-0.10978716177968983,-0.17112101728606188,0.11875919846031913,0.13833277215120576,0.10273972602739723,-0.3223140495867769,0.0537114570270103,-0.0898876404494382
torch_transformer,lightgbm,4,focus,a1b210fc,0.1811111111111111,0.19816877907862507,0.1663030303030304,0.2784998930948648,0.06222222222222229,0.3,0.1926231267905033,0.14029850746268657
torch_transformer,lightgbm,4,focus,b112005d,0.1036318466816516,0.11145018093105297,0.14908908079971617,0.12597948440181428,0.006329113924050667,0.20093457943925241,0.14149843312878196,0.11827956989247301
torch_transformer,lightgbm,4,focus,b1c2f044,0.11556104446012705,0.10480665339965267,0.07930486944248405,0.16608087481765876,0.03846153846153855,0.19266055045871566,0.0967052141873479,0.07838479809976251
torch_transformer,lightgbm,4,focus,d151b0c4,0.06879425649095205,0.03221571605706963,0.07164634146341442,0.03334512226223263,0.2016129032258065,-0.06402439024390238,0.016970351667880967,0.008849557522123797
torch_transformer,lightgbm,4,focus,f1a0c120,0.09394671351193096,0.07499688141621874,0.05720245937637247,0.06613404239324439,-0.015810276679842028,0.20370370370370372,0.048505222847328056,0.049861495844875425
torch_transformer,lightgbm,5,attention,0001508a,-0.07628094415659181,-0.04218908837662472,-0.13270005757052383,-0.11694842774506253,-0.041450777202072575,-0.11111111111111105,-0.023927220184275844,-0.04739336492890989
torch_transformer,lightgbm,5,attention,0110f12e,-0.1031088310093835,-0.09454120464213267,-0.01563185126721023,-0.005763259493607786,-0.30939226519337015,0.10317460317460325,-0.050623882151488164,-0.06928406466512704
torch_transformer,lightgbm,5,attention,0182e16c,-0.2991935483870969,-0.30624026680007815,-0.2588373655913978,-0.23221417389157228,-0.050000000000000044,-0.5483870967741935,-0.29497246442047476,-0.21978021978021978
torch_transformer,lightgbm,5,attention,2182c1cd,-0.057256582976117576,-0.057365280845149025,-0.062104511124719375,-0.09043380100867715,-0.04929577464788737,-0.06521739130434778,-0.06200046721624686,-0.05714285714285716
torch_transformer,lightgbm,5,attention,219060fa,-0.020156481083917654,-0.01728222360823528,-0.030914555603263172,-0.01641045509972161,-0.07299270072992714,0.0326797385620915,-0.02385610079575584,-0.017241379310344862
torch_transformer,lightgbm,5,attention,71e10186,-0.33212358086729943,-0.36762331727675923,-0.30441771145288743,-0.22471768882759402,-0.14572864321608048,-0.5185185185185185,-0.33395137545161624,-0.36895161290322587
torch_transformer,lightgbm,5,attention,8191f1d9,0.017601001527754234,0.001461215366412083,0.007002206756068663,-0.004765957331970605,0.07299270072992703,-0.03779069767441856,0.0035389041352490436,-0.006237006237006293
torch_transformer,lightgbm,5,attention,81e150c1,-0.19958770614692656,-0.18644053798079496,-0.25852698650674666,-0.23598983813515498,-0.09482758620689657,-0.3043478260869566,-0.17132046865618578,-0.1294964028776978
torch_transformer,lightgbm,5,attention,c1a150b1,-0.08579194528099643,-0.1321600910416647,-0.1508600888162932,-0.09072154672199317,0.1678321678321678,-0.33941605839416056,-0.17508391494352438,-0.16546762589928055
torch_transformer,lightgbm,5,attention,e0c0408a,0.0,0.0,,,,0.0,0.0,0.0
torch_transformer,lightgbm,5,attention,f121f1e0,-0.1946938775510204,-0.304488987658187,-0.13413411078717208,-0.1238722320550204,0.1657142857142857,-0.5551020408163265,-0.09849596772758085,-0.2547619047619048
torch_transformer,lightgbm,5,engagement,0001508a,-0.08440285204991083,-0.10952360204600031,-0.049286987522281556,-0.05078983792777925,0.027272727272727226,-0.196078431372549,-0.022183668631037046,-0.08018867924528306
torch_transformer,lightgbm,5,engagement,0110f12e,0.032811158798283335,0.030325005898394486,-0.015493562231759683,-0.03673291686780755,0.13,-0.06437768240343322,0.0017714929276619884,0.025404157043879882
torch_transformer,lightgbm,5,engagement,0182e16c,0.02844518088925707,-0.013764647258598384,0.11117686511224223,0.07927752016339273,0.23529411764705888,-0.17840375586854462,0.031152819224629646,-0.030120481927710885
torch_transformer,lightgbm,5,engagement,2182c1cd,0.0812742725277199,0.09855929438309385,0.09709011087972086,0.14050364798147386,0.15337423312883441,0.009174311926605672,0.05351203738772703,0.09558823529411764
torch_transformer,lightgbm,5,engagement,219060fa,-0.04593389867362463,-0.07047282891062312,-0.048778720011596666,-0.08012764575509268,-0.004566210045662045,-0.0873015873015873,-0.042159044262644496,-0.034782608695652195
torch_transformer,lightgbm,5,engagement,71e10186,-0.03918077659084862,-0.039931046710177553,-0.02350846595450906,-0.023492830774110462,-0.014388489208633226,-0.06397306397306401,-0.04129605793081559,-0.039999999999999925
torch_transformer,lightgbm,5,engagement,8191f1d9,0.004024144869215318,0.005656446761146738,0.04057679409792081,-0.009025913596052704,0.008048289738430692,0.0,0.0011453113815318439,0.006884681583476715
torch_transformer,lightgbm,5,engagement,81e150c1,-0.10439257028112459,-0.15519015151651444,-0.030220883534136656,-0.03933064340402326,0.012048192771084376,-0.22083333333333333,-0.04589155132817113,-0.16099071207430343
torch_transformer,lightgbm,5,engagement,c1a150b1,-0.04600020049120351,-0.0551844226775175,-0.22946218234674953,-0.20183120362648443,-0.04929577464788726,-0.0427046263345196,-0.34298367763173593,-0.044917257683215084
torch_transformer,lightgbm,5,engagement,e0c0408a,-0.13541666666666663,-0.1753817926717393,-0.19940476190476197,-0.09868197075287699,-0.33333333333333337,0.0625,-0.1438676266262473,-0.27
torch_transformer,lightgbm,5,engagement,f121f1e0,0.03094920255743705,0.011238146309580532,0.000304456778847384,-0.005501132605856607,0.11627906976744196,-0.05438066465256797,0.004220282820300625,-0.006521739130434856
torch_transformer,lightgbm,5,excitement,0001508a,-0.009479026720406014,-0.007160661792335987,-0.002985520226899574,-0.0101203592403184,-0.06493506493506485,0.04597701149425282,0.004879354879355202,-0.0060975609756097615
torch_transformer,lightgbm,5,excitement,0110f12e,0.013621953635823303,0.01183744615028759,-0.0019070735090149782,0.001901071351110395,0.061224489795918435,-0.03398058252427183,0.022522622337114884,0.01243781094527363
torch_transformer,lightgbm,5,excitement,0182e16c,0.01724137931034475,0.011528836349103622,-0.01743730407523525,-0.0433498647459144,0.0,0.034482758620689724,0.0030436219431593248,0.002624671916010457
torch_transformer,lightgbm,5,excitement,2182c1cd,-0.03910018552875694,-0.030060488453305112,-0.023933209647495235,-0.013096894401352421,-0.09183673469387765,0.013636363636363558,-0.002379644344310927,-0.018867924528301883
torch_transformer,lightgbm,5,excitement,219060fa,-0.01549865229110503,-0.012913501974335828,-0.025550314465408785,-0.012156233203245992,-0.0357142857142857,0.004716981132075415,-0.001541597732409472,-0.006756756756756799
torch_transformer,lightgbm,5,excitement,71e10186,-0.050249278404618125,-0.05687469467403994,-0.026141432694830824,-0.016848988693579647,-0.01941747572815522,-0.08108108108108103,-0.06664461099417107,-0.055776892430278724
torch_transformer,lightgbm,5,excitement,8191f1d9,-0.07016421078921087,-0.0881639816307127,-0.09409340659340693,-0.0879694080571134,-0.1473214285714286,0.0069930069930072,-0.023728949315331205,-0.0607843137254902
torch_transformer,lightgbm,5,excitement,81e150c1,-0.009423924608602974,-0.022395090737166168,0.03245174038607712,0.010283729600874758,0.04651162790697683,-0.065359477124183,-0.007224731083956715,-0.025104602510460206
torch_transformer,lightgbm,5,excitement,c1a150b1,-0.02730739893211298,-0.1107297228578693,0.009610983981693244,0.0013007080394927817,-0.10724637681159421,0.052631578947368474,-0.13302349840674887,-0.08457711442786076
torch_transformer,lightgbm,5,excitement,e0c0408a,0.02356991525423735,0.06524276377217553,-0.03230932203389836,-0.05807292398341535,0.2033898305084746,-0.15625,0.05564828707176794,0.07692307692307687
torch_transformer,lightgbm,5,excitement,f121f1e0,0.11635220125786161,0.15833678172074128,0.013984762489134273,0.005262725521811618,0.0,0.23270440251572327,0.06410581473968902,0.16780045351473927
torch_transformer,lightgbm,5,stress,0001508a,0.11473262444136234,0.12584486078836998,0.08221605794421316,0.10515695521355628,0.2135922330097088,0.015873015873015595,0.07484433980979377,0.10480349344978168
torch_transformer,lightgbm,5,stress,0110f12e,-0.037621075709382445,-0.037482843587670844,-0.021097273887181522,-0.02359098421902006,0.016460905349794386,-0.09170305676855894,-0.027731374807987708,-0.03601694915254239
torch_transformer,lightgbm,5,stress,0182e16c,-0.0425492382014121,-0.06030464340081121,-0.2808125851604113,-0.185576365040507,-0.0512820512820512,-0.033816425120772875,-0.34344858962693364,-0.04012345679012341
torch_transformer,lightgbm,5,stress,2182c1cd,0.017242590251439704,0.020011903711117385,-0.03613569321533927,-0.11245287262248427,0.026548672566371778,0.00793650793650802,0.0130113041886748,0.019886363636363646
torch_transformer,lightgbm,5,stress,219060fa,0.095514950166113,0.055350140056022346,0.007475083056478482,0.00013551487254981343,0.2142857142857143,-0.023255813953488413,0.009834500705287241,0.010000000000000009
torch_transformer,lightgbm,5,stress,71e10186,-0.05943088277036601,-0.0553114021550134,-0.03445724017679741,-0.023080489603411358,-0.0996309963099632,-0.019230769230769162,-0.05198921577273108,-0.053543307086614145
torch_transformer,lightgbm,5,stress,8191f1d9,0.07201923330955584,0.13568888759313041,-0.023037700457055443,-0.0725544722788457,0.1547911547911548,-0.01075268817204278,0.01930297844330542,0.10286677908937603
torch_transformer,lightgbm,5,stress,81e150c1,-0.07147887323943658,-0.07887565190671086,-0.01897007042253518,-0.02468483794419063,0.007042253521126751,-0.15000000000000002,-0.057425560417300736,-0.07615894039735094
torch_transformer,lightgbm,5,stress,c1a150b1,0.12745098039215685,0.017126401698892346,0.16782006920415238,0.01263884593742537,0.2941176470588235,-0.03921568627450989,0.022365672968082673,-0.021671826625387025
torch_transformer,lightgbm,5,stress,e0c0408a,-0.0021645021645020357,0.05807180105482301,0.013949013949014044,0.05215770398211195,0.09090909090909094,-0.09523809523809523,0.14296070364590718,0.05833333333333324
torch_transformer,lightgbm,5,stress,f121f1e0,-0.04350642878500954,-0.06840874393176799,-0.03682292877947224,-0.04695128850323249,-0.002624671916010568,-0.08438818565400841,-0.033188145827729665,-0.03398058252427183
torch_transformer,lightgbm,5,relaxation,0001508a,0.1134081196581197,0.1610381581782232,-0.0710470085470084,-0.07467425022871055,0.2615384615384616,-0.03472222222222221,-0.013215973937483971,0.0574162679425837
torch_transformer,lightgbm,5,relaxation,0110f12e,-0.013820673900628244,-0.016603282078246684,-0.016485817628022037,-0.01255823527183797,0.01941747572815533,-0.04705882352941171,-0.01585529009500497,-0.017353579175705014
torch_transformer,lightgbm,5,relaxation,0182e16c,0.08139534883720922,0.09103420484659719,0.006418271234475248,0.02890276441366002,0.0,0.16279069767441856,0.010464219121712803,0.021739130434782594
torch_transformer,lightgbm,5,relaxation,2182c1cd,-0.06729390681003578,-0.06905348814910539,-0.04112903225806486,-0.04998237351707879,-0.12903225806451613,-0.005555555555555536,-0.03919230576732757,-0.05592105263157898
torch_transformer,lightgbm,5,relaxation,219060fa,-0.00409663865546217,-0.02390811587793018,-0.01633403361344521,-0.008133583683978984,0.02857142857142858,-0.03676470588235292,-0.0388808196824697,-0.023391812865497075
torch_transformer,lightgbm,5,relaxation,71e10186,-0.0482412324517586,-0.051138367256360784,-0.01069456858930562,-0.012423262547681557,-0.051948051948051965,-0.04453441295546556,-0.053506568762813345,-0.049050632911392444
torch_transformer,lightgbm,5,relaxation,8191f1d9,-0.020482240082966063,-0.026246243145221615,-0.15597902802984454,-0.1504824214047884,-0.04597701149425287,0.005012531328320802,0.010037709949237472,-0.010471204188481686
torch_transformer,lightgbm,5,relaxation,81e150c1,0.006724137931034546,-0.03564095294758518,0.011551724137931041,-0.002349233514250759,0.16000000000000003,-0.14655172413793105,-0.0011763236763236984,-0.054216867469879526
torch_transformer,lightgbm,5,relaxation,c1a150b1,-0.14040071770334928,-0.2281095298345145,-0.05642942583732069,-0.012253505391300545,-0.37171052631578955,0.09090909090909094,-0.08083678177105369,-0.24879227053140107
torch_transformer,lightgbm,5,relaxation,e0c0408a,-0.25,-0.2876967087493403,0.03197674418604646,0.03150399529380954,0.0,-0.5,-0.06398809523809545,-0.13559322033898302
torch_transformer,lightgbm,5,relaxation,f121f1e0,-0.0024999999999999467,-0.003277104721552626,-0.04255924170616121,-0.03550839492594693,0.0,-0.0050000000000000044,-0.0009600334874240168,-0.0024330900243308973
torch_transformer,lightgbm,5,interest,0001508a,0.028859624544690488,0.031194364312472578,0.04623143737741653,0.0496241505112448,0.06976744186046507,-0.012048192771084154,0.004947552447552406,0.015873015873015817
torch_transformer,lightgbm,5,interest,0110f12e,0.02330508474576265,0.01495735297200973,0.0011850043091066187,0.003430828311716816,0.05932203389830504,-0.012711864406779627,0.014160606691395738,0.011299435028248594
torch_transformer,lightgbm,5,interest,0182e16c,-0.0287557975398266,-0.06878830321381302,-0.06932849364791294,-0.0233688653094708,0.04210526315789476,-0.0996168582375479,0.013440041768015942,-0.061797752808988804
torch_transformer,lightgbm,5,interest,2182c1cd,0.13736942070275393,0.15946854916016573,0.011633428300094839,0.006160731121639951,0.2901234567901234,-0.015384615384615441,0.10061717871026588,0.15410958904109584
torch_transformer,lightgbm,5,interest,219060fa,-0.056060606060606144,-0.14483179218963615,0.045075757575757436,0.009495569816657112,0.09999999999999998,-0.21212121212121215,-0.08451012588943618,-0.17105263157894735
torch_transformer,lightgbm,5,interest,71e10186,-0.1617672451005786,-0.1813540278208109,-0.09476531698753932,-0.08485884415102496,-0.012345679012345623,-0.31118881118881125,-0.11541334219290078,-0.17391304347826086
torch_transformer,lightgbm,5,interest,8191f1d9,-0.0017182130584192379,-0.0032053525457937104,-0.1434047052603754,-0.1719612931461552,-0.0034364261168385035,0.0,-0.0001504007311790012,-0.003154574132492094
torch_transformer,lightgbm,5,interest,81e150c1,-0.04768722466960362,-0.08586915196522071,-0.06431718061674008,-0.006796651212294225,0.050000000000000044,-0.14537444933920707,-0.014647970790082399,-0.12955465587044535
torch_transformer,lightgbm,5,interest,c1a150b1,0.11245303274288787,0.05293318814788395,0.08355698693862945,0.11171499944868779,-0.12077294685990336,0.345679012345679,0.004099075121431928,0.01041666666666674
torch_transformer,lightgbm,5,interest,e0c0408a,0.1,0.0757575757575757,,,,0.1,0.0,0.1
torch_transformer,lightgbm,5,interest,f121f1e0,-0.09701492537313428,-0.13457958565114891,-0.04059454792154926,-0.024123428919752055,0.0,-0.19402985074626872,-0.039482931726907644,-0.11265164644714032
torch_transformer,lightgbm,5,focus,0001508a,0.13344198174706656,0.11408400502063709,0.1388526727509779,0.17606176804537388,-0.025423728813559254,0.29230769230769227,0.06983170608770328,0.08743169398907102
torch_transformer,lightgbm,5,focus,0110f12e,-0.03607709953227878,-0.04906851913042287,0.023981886972324062,-0.006995765373875584,-0.23383084577114432,0.16167664670658677,-0.04192822345353853,-0.05434782608695654
torch_transformer,lightgbm,5,focus,0182e16c,0.12639405204460974,0.21098901442125162,-0.05285275577824455,-0.10647776120972541,0.25278810408921937,0.0,0.030592684358088262,0.2011834319526627
torch_transformer,lightgbm,5,focus,2182c1cd,-0.03951222109803498,-0.027049209700186982,0.08136748495660062,0.036086725616222615,-0.202247191011236,0.12322274881516593,0.15712438101818627,0.026666666666666727
torch_transformer,lightgbm,5,focus,219060fa,-0.03188699782307536,-0.08101888827006065,0.09380566000395807,0.08045295691430909,-0.2331288343558282,0.1693548387096775,0.04318711125313601,-0.059233449477351874
torch_transformer,lightgbm,5,focus,71e10186,-0.006455908748769668,-0.014395332138475658,-0.005153146893636662,-0.0020801744774572306,0.023391812865497075,-0.03630363036303619,-0.027591367431187397,-0.014767932489451407
torch_transformer,lightgbm,5,focus,8191f1d9,0.03526762056173827,0.006901398303773565,0.06225931814167085,0.08922395836637564,-0.10784313725490191,0.17837837837837833,0.038440454334613294,0.0
torch_transformer,lightgbm,5,focus,81e150c1,0.11148936170212775,0.04888145276474187,0.1470212765957447,0.1509986571334846,-0.15999999999999992,0.38297872340425543,0.0616766095871204,0.013605442176870763
torch_transformer,lightgbm,5,focus,c1a150b1,0.1071428571428571,0.09586129878695626,0.12482539682539684,0.19259532768999243,0.014285714285714235,0.20000000000000007,0.08541712653923428,0.06315789473684208
torch_transformer,lightgbm,5,focus,e0c0408a,-0.020000000000000018,-0.04351204351204352,0.19066666666666665,0.26098895237346753,-0.04,0.0,-0.5048076923076923,-0.025000000000000022
torch_transformer,lightgbm,5,focus,f121f1e0,0.12578616352201255,0.09334423065012953,0.24187797940952604,0.155722885049555,0.2515723270440252,0.0,0.11835935166407263,0.08456659619450313
torch_transformer,xgboost,1,attention,30c140ca,-0.00760821797407174,-0.007849122574112855,-0.009997802680729473,0.0162298104070846,-0.13008130081300817,0.11486486486486469,0.03326649366989076,0.0036900369003689537
torch_transformer,xgboost,1,attention,3110e0c7,0.024572649572649485,0.06354094029827828,-0.22435897435897423,-0.1575056057851083,-0.02777777777777779,0.07692307692307691,-0.03451113739404699,0.039603960396039584
torch_transformer,xgboost,1,attention,40f0714a,-0.29181286549707597,-0.4443337484433375,-0.3192982456140351,-0.15679183055797175,0.10526315789473695,-0.6888888888888889,-0.22940199335548161,-0.453125
torch_transformer,xgboost,1,attention,7150e10a,0.0019331055565545707,-0.04217919416250415,0.038722052388659,0.02762357671178106,0.23880597014925375,-0.2349397590361445,0.00044359660341530827,-0.05628517823639778
torch_transformer,xgboost,1,attention,71f0603f,-0.09747990105132964,-0.11494641114744941,-0.08565244279529982,-0.12115757069469635,0.2108843537414966,-0.4058441558441559,-0.08959661559240162,-0.10465116279069764
torch_transformer,xgboost,1,attention,81f1f0fe,-0.1522800552740673,-0.23757935738155922,-0.24535544296023337,-0.25462375988923447,0.03076923076923066,-0.3353293413173652,-0.20077492411064501,-0.13812154696132606
torch_transformer,xgboost,1,attention,a1721173,-0.20947791164658625,-0.22847763353825046,-0.19678714859437751,-0.12561293485635605,-0.3466666666666667,-0.07228915662650592,-0.20124625907092542,-0.20253164556962022
torch_transformer,xgboost,1,attention,c060c06a,-0.12413479052823317,-0.17581661061204723,-0.12392228293867646,-0.10288548482201343,-0.2704918032786885,0.022222222222222032,-0.052683712776238956,-0.11673151750972754
torch_transformer,xgboost,1,attention,c112918e,0.1663990658298059,0.24971912076325886,0.03557874762808333,0.036197928792378264,0.38709677419354843,-0.05429864253393679,0.06457343410310001,0.22259696458684652
torch_transformer,xgboost,1,attention,d111e017,-0.10500971529948466,-0.10623551921218821,-0.10174312184956769,-0.09576672453257618,-0.07518796992481203,-0.1348314606741574,-0.11028782501726508,-0.10663507109004744
torch_transformer,xgboost,1,attention,f1d06060,-0.11609207483708217,-0.1868331266145612,-0.05039941139373538,-0.02178383990567201,0.014084507042253391,-0.24626865671641793,-0.03546395754626375,-0.19174041297935113
torch_transformer,xgboost,1,engagement,30c140ca,-0.08578231292517002,-0.08314703724483186,-0.12095238095238092,-0.09344522005831324,0.08843537414965985,-0.25999999999999995,-0.04702797202797204,-0.052631578947368474
torch_transformer,xgboost,1,engagement,3110e0c7,0.05357142857142849,-0.03090756093430247,0.13137755102040805,0.1031704435492602,0.4642857142857144,-0.3571428571428572,0.10032998143875727,-0.049107142857142794
torch_transformer,xgboost,1,engagement,40f0714a,0.2129629629629629,0.20568605842780374,0.005658436213991758,0.0232468333051582,-0.07407407407407418,0.49999999999999994,0.07850626436152752,0.15555555555555567
torch_transformer,xgboost,1,engagement,7150e10a,0.031229612004451845,0.04054935091034395,0.021165137966765335,0.07023075392637024,0.027247956403269602,0.03521126760563381,0.08011690106236591,0.029469548133595258
torch_transformer,xgboost,1,engagement,71f0603f,-0.08906882591093113,-0.0951286044809061,-0.040588425629976776,-0.047875158616552005,-0.23076923076923084,0.052631578947368474,-0.05960310557688642,-0.0870786516853933
torch_transformer,xgboost,1,engagement,81f1f0fe,-0.13897866839043305,-0.08345192133231649,-0.09424692954104719,-0.018084846820542233,-0.3956043956043956,0.11764705882352944,-0.07343207718207723,0.009280742459396696
torch_transformer,xgboost,1,engagement,a1721173,-0.20013477088948795,-0.28937859554034134,-0.1495956873315365,-0.08750297150732944,-0.42857142857142855,0.028301886792452824,0.03538764945149753,-0.08510638297872342
torch_transformer,xgboost,1,engagement,c060c06a,-0.003822359699513944,-0.0035198789260629804,-0.008616880247459213,-0.010902109121936343,-0.020547945205479534,0.012903225806451757,-0.0021386620353096575,-0.0033222591362126463
torch_transformer,xgboost,1,engagement,c112918e,-0.014827586206896504,-0.015858954639849876,0.020812260536398508,-0.008776807346716486,0.010344827586206917,-0.039999999999999925,-0.008918236544774416,-0.011650485436893177
torch_transformer,xgboost,1,engagement,d111e017,-0.07477073107724097,-0.07184958712977774,-0.10063936967191933,-0.08557467070757896,-0.022959183673469385,-0.12658227848101267,-0.11730253834936843,-0.07496823379923767
torch_transformer,xgboost,1,engagement,f1d06060,-0.08370669056152935,-0.10782622895062544,-0.0712738948626046,-0.08924870205505886,0.03629032258064513,-0.20370370370370378,0.005845788839794697,-0.03651685393258419
torch_transformer,xgboost,1,excitement,30c140ca,-0.009924753502854156,-0.014533780174920241,0.013103269330565603,0.005015784739537232,-0.030487804878048697,0.010638297872340385,-0.0074529441420982945,-0.015503875968992276
torch_transformer,xgboost,1,excitement,3110e0c7,0.061282516636418594,0.05670727225365724,0.06763460375075603,0.02969311802750496,0.08045977011494254,0.042105263157894646,0.05348445839718874,0.054151624548736454
torch_transformer,xgboost,1,excitement,40f0714a,0.14965596330275222,0.28326233272147816,0.030963302752293642,0.07762896825396837,0.17431192660550476,0.125,0.24862852664576807,0.170940170940171
torch_transformer,xgboost,1,excitement,7150e10a,0.027961824574831984,0.007896557479015187,0.018944195948047082,0.015771950631470077,-0.016241299303944134,0.07216494845360832,-0.021295875821204957,0.0
torch_transformer,xgboost,1,excitement,71f0603f,0.04299549248002854,0.04672079354346814,0.00992546971928443,0.0015619138521641984,0.07560137457044669,0.010389610389610393,0.0321080435521639,0.038461538461538436
torch_transformer,xgboost,1,excitement,81f1f0fe,-0.002228538208126074,-0.027568035073320507,-0.04276209547186882,-0.03038838635977159,0.14598540145985395,-0.1504424778761061,-0.06437620682322953,-0.038567493112947715
torch_transformer,xgboost,1,excitement,a1721173,-0.16176470588235292,-0.18801064550407232,-0.035903550609432844,-0.02790209226501761,0.0,-0.32352941176470595,-0.1317360567336433,-0.1875
torch_transformer,xgboost,1,excitement,c060c06a,-0.13122171945701355,-0.18354678046173012,0.0012928248222368044,-0.004645816781348233,-0.26244343891402716,0.0,-0.058647919876733345,-0.22053231939163503
torch_transformer,xgboost,1,excitement,c112918e,0.05597668082256424,0.07851024721448574,0.009985235246662616,0.012973685923401979,0.139275766016713,-0.02732240437158484,0.05268096906800923,0.08302583025830257
torch_transformer,xgboost,1,excitement,d111e017,-0.024789528059261934,-0.025778143010696808,-0.014496735761545643,-0.011894151001087039,-0.015463917525773363,-0.034115138592750394,-0.026980393277282966,-0.025670945157526215
torch_transformer,xgboost,1,excitement,f1d06060,-0.01298701298701288,-0.011968753475619653,-0.011702326450528155,-0.01366537382134192,-0.025974025974025983,0.0,-0.006996720724350647,-0.00925925925925919
torch_transformer,xgboost,1,stress,30c140ca,-0.10617386489479508,-0.1601104864945716,-0.12656884459210038,-0.08443406755650351,0.08527131782945763,-0.2976190476190476,-0.012286107587398898,-0.13131313131313127
torch_transformer,xgboost,1,stress,3110e0c7,0.3448717948717949,0.39934586573484454,0.2945221445221444,0.20381207446580873,0.5230769230769231,0.16666666666666663,0.3546255622580191,0.40306122448979603
torch_transformer,xgboost,1,stress,40f0714a,-0.046710526315789536,-0.03587911885848771,-0.03368421052631576,-0.018760131069736286,0.03157894736842093,-0.125,0.01362557946295806,-0.014814814814814836
torch_transformer,xgboost,1,stress,7150e10a,0.0950858910927217,0.09573042967383127,-0.021936161828451484,-0.021187647592989967,-0.07552870090634434,0.26570048309178756,-0.006271950981683427,0.055762081784386575
torch_transformer,xgboost,1,stress,71f0603f,-0.0700429035250465,-0.07835200226504568,-0.022808441558441306,-0.002880769350227186,-0.01224489795918371,-0.12784090909090906,-0.07378720672548944,-0.08040201005025127
torch_transformer,xgboost,1,stress,81f1f0fe,-0.061781741288958414,-0.09704677502674991,-0.09949434586742667,-0.047542377674033354,0.0134228187919464,-0.136986301369863,-0.029894300874521496,-0.09338521400778216
torch_transformer,xgboost,1,stress,a1721173,-0.0008797653958944052,-0.04386951372507375,-0.05376344086021512,-0.11714020193123076,-0.12903225806451601,0.12727272727272726,-0.11389736477115109,-0.0705394190871369
torch_transformer,xgboost,1,stress,c060c06a,-0.15704154002026338,-0.20541876924825342,-0.14589665653495432,-0.12868866435369153,-0.2857142857142857,-0.028368794326241176,-0.1023819143971032,-0.18023255813953487
torch_transformer,xgboost,1,stress,c112918e,-0.05983240223463682,-0.13356289635742458,0.14405959031657378,0.16164520515623793,-0.1396648044692737,0.020000000000000018,-0.4626510921043331,-0.06686930091185411
torch_transformer,xgboost,1,stress,d111e017,-0.0520191319979455,-0.05064947152189059,-0.05912140472521843,-0.04161018228579805,0.0018939393939393367,-0.10593220338983045,-0.04289938816977534,-0.049000000000000044
torch_transformer,xgboost,1,stress,f1d06060,0.14157372986369265,0.213969756925659,-0.035723136838378466,-0.022993304474652976,0.44981412639405205,-0.16666666666666663,0.025554428447262523,0.17954070981210857
torch_transformer,xgboost,1,relaxation,30c140ca,0.16429659725749102,0.1754461083643375,0.1479470250419973,0.1397877658432607,0.27272727272727276,0.05586592178770944,0.1355311166066845,0.15217391304347827
torch_transformer,xgboost,1,relaxation,3110e0c7,0.033333333333333215,0.031902708453472206,0.03621730382293764,0.025946123661671705,0.0,0.06666666666666665,0.02727591916532013,0.028340080971659853
torch_transformer,xgboost,1,relaxation,40f0714a,0.08750000000000002,0.09070758738277929,0.016875000000000084,0.015022052177063427,-0.125,0.30000000000000004,0.05982905982905984,0.08750000000000002
torch_transformer,xgboost,1,relaxation,7150e10a,0.020133053221288555,0.034204220084459,-0.039565826330532294,-0.04930030573795563,-0.007352941176470673,0.0476190476190477,-0.01197030708675706,0.015184381778741929
torch_transformer,xgboost,1,relaxation,71f0603f,-0.05036524413687038,-0.0602334616747473,-0.04453415353069323,-0.03298161450364945,0.01038062283737029,-0.11111111111111127,-0.06918226170698549,-0.06241331484049928
torch_transformer,xgboost,1,relaxation,81f1f0fe,-0.025014529252227802,-0.02794821819070592,-0.036214161177838156,-0.04941651619369258,-0.0387931034482758,-0.011235955056179803,-0.019458895936190213,-0.02682926829268295
torch_transformer,xgboost,1,relaxation,a1721173,-0.08594688375817428,-0.0671829946148721,-0.00026691578806903316,-0.023292464666682222,0.03149606299212604,-0.2033898305084746,-0.02800032998761104,-0.043010752688172005
torch_transformer,xgboost,1,relaxation,c060c06a,0.0,0.0,-0.011520737327189057,-0.0005365978009471695,0.0,0.0,0.0,0.0
torch_transformer,xgboost,1,relaxation,c112918e,0.0,0.0,-0.010532719421714298,0.0021789607942623856,0.0,0.0,0.0,0.0
torch_transformer,xgboost,1,relaxation,d111e017,-0.08664428625231901,-0.08913827051115608,-0.0432744840028082,-0.03544548556417282,-0.051044083526681994,-0.12224448897795603,-0.08610980353353015,-0.08924731182795698
torch_transformer,xgboost,1,relaxation,f1d06060,-0.028088583499698228,-0.04351008810225809,-0.026347555596824224,-0.04133907440713913,-0.0672268907563025,0.01104972375690616,-0.0020769838521284,-0.03341288782816232
torch_transformer,xgboost,1,interest,30c140ca,0.03668668668668679,0.07710595101886869,0.11306306306306313,0.031170574218046893,0.18148148148148147,-0.10810810810810811,0.03061165679530098,0.1191860465116279
torch_transformer,xgboost,1,interest,3110e0c7,0.13607954545454548,0.10736089538771076,0.14323863636363643,0.18086777925595177,-0.018750000000000044,0.2909090909090909,0.15917673651612207,0.1074074074074074
torch_transformer,xgboost,1,interest,40f0714a,0.012500000000000067,-0.07326634920217812,-0.045937499999999964,-0.055853525021976824,-0.525,0.55,-0.16378952939619806,-0.16666666666666674
torch_transformer,xgboost,1,interest,7150e10a,-0.0019409937888198447,0.028777616062098832,0.008318544809228001,-0.005144250973500131,-0.0535714285714286,0.049689440993788886,-0.03076804915514597,0.023041474654377836
torch_transformer,xgboost,1,interest,71f0603f,-0.100930206843171,-0.1224446815909579,-0.09979336415593754,-0.056759076719406054,0.04034582132564857,-0.2422062350119904,-0.060490206753535114,-0.11387434554973819
torch_transformer,xgboost,1,interest,81f1f0fe,-0.1340569985000395,-0.1807797540442857,-0.18517407436646405,-0.15092951076592642,0.04150943396226414,-0.3096234309623431,-0.05275508423311148,-0.125
torch_transformer,xgboost,1,interest,a1721173,-0.1464244710513367,-0.22078802491491134,-0.11243234377562739,-0.14363240963402368,-0.5895522388059702,0.29670329670329687,-0.1667864495991611,-0.23111111111111116
torch_transformer,xgboost,1,interest,c060c06a,-0.053151636896682786,-0.05779467164084706,-0.0009229599869697847,0.009183953378133602,-0.026548672566371723,-0.07975460122699396,-0.07056746964380356,-0.05797101449275355
torch_transformer,xgboost,1,interest,c112918e,-0.046580701246015654,-0.09028083206426529,-0.03062518110692558,-0.02420092472204982,-0.0882352941176471,-0.004926108374384119,-0.13841317858171798,-0.05263157894736842
torch_transformer,xgboost,1,interest,d111e017,-0.16434340948246928,-0.18338442730754412,-0.11467679502382933,-0.17177686200356357,-0.3179916317991631,-0.010695187165775555,-0.14747869873804131,-0.18309859154929575
torch_transformer,xgboost,1,interest,f1d06060,-0.018696348028517384,0.01086505955786743,-0.09842863378437372,-0.12240302012268234,0.13502109704641346,-0.17241379310344818,-0.05034824990473974,0.0048661800486617945
torch_transformer,xgboost,1,focus,30c140ca,0.12345412712108139,0.102291754268649,0.11427475793308406,0.13249670868932628,-0.060109289617486295,0.3070175438596491,0.08070857549367227,0.08080808080808088
torch_transformer,xgboost,1,focus,3110e0c7,-0.013290263036455974,0.025672923241151113,0.11102907245039229,0.07677267778936858,-0.1636363636363637,0.13705583756345174,0.0010136632088814101,0.0714285714285714
torch_transformer,xgboost,1,focus,40f0714a,0.2321428571428571,0.26138857621827805,-0.0029761904761904656,-0.009090909090909038,0.4642857142857143,0.0,0.026675786593707174,0.45217391304347826
torch_transformer,xgboost,1,focus,7150e10a,0.17315476190476176,0.23248203170667225,0.11982142857142863,0.16239238534795264,0.3225,0.023809523809523725,0.13168575822953843,0.2706611570247933
torch_transformer,xgboost,1,focus,71f0603f,-0.030411746142475105,-0.03914608343891013,0.02650854551796311,0.03553904990549195,-0.088145896656535,0.027322404371584397,0.0041849844264468805,-0.027338129496402908
torch_transformer,xgboost,1,focus,81f1f0fe,0.11372148450800146,0.12645329198569943,0.14947225059584612,0.030870044971847643,0.0757575757575758,0.1516853932584269,0.07843160417811146,0.13981042654028442
torch_transformer,xgboost,1,focus,a1721173,0.06666666666666665,0.06205934736083074,0.07632183908045975,0.04087349322178668,0.0,0.1333333333333333,0.18886116152450094,0.07518796992481203
torch_transformer,xgboost,1,focus,c060c06a,-0.0701975620008406,-0.2261740894336569,0.06242118537200503,0.039071227940714076,-0.448087431693989,0.3076923076923077,-0.016489875221799566,-0.42216358839050133
torch_transformer,xgboost,1,focus,c112918e,0.021052631578947434,0.013708873379860376,0.007554600787683441,0.005059432590227231,-0.015037593984962405,0.05714285714285716,-0.007568259544254885,0.0037105751391466324
torch_transformer,xgboost,1,focus,d111e017,-0.00562311448387387,-0.006269067723460697,-0.010344291356949364,-0.013993935049771755,-0.048101265822784844,0.03685503685503677,0.00666067977280782,-0.004987531172069848
torch_transformer,xgboost,1,focus,f1d06060,-0.07076328941390275,-0.0008524404519814066,0.020530440708768638,0.009687395644759622,-0.33870967741935487,0.19718309859154926,0.09999428658077947,0.03431372549019607
torch_transformer,xgboost,2,attention,1081b177,0.048091458805744614,0.06547371517704148,-0.003131411294676534,-0.026245571939996548,0.11734693877551022,-0.021164021164021274,0.009251869127314016,0.04935064935064937
torch_transformer,xgboost,2,attention,517001af,-0.2093750000000001,-0.18240203130444388,-0.31855468749999993,-0.3801362208481082,0.050000000000000044,-0.46875,0.04578240833500302,-0.03645833333333326
torch_transformer,xgboost,2,attention,6030f0fd,0.10493150684931518,0.18816674423981627,-0.06933333333333336,-0.002998552361810236,-0.15999999999999992,0.36986301369863017,0.03633221746755977,0.17732558139534882
torch_transformer,xgboost,2,attention,7072a0e0,0.07996632996632991,0.16899301391429628,-0.08105465428697756,-0.08120245597524767,0.32659932659932667,-0.16666666666666652,-0.027402929101298712,0.12929292929292935
torch_transformer,xgboost,2,attention,71a251fa,-0.053072874855053076,-0.05029238212894083,-0.027740611899027656,-0.1354457288084855,0.07207207207207211,-0.17821782178217827,-0.0438962716869693,-0.047169811320754707
torch_transformer,xgboost,2,attention,71c09041,-0.14102564102564097,-0.1632418023186336,-0.030940170940170986,-0.028354083562843635,-0.015384615384615219,-0.2666666666666667,-0.1067102170043348,-0.16129032258064513
torch_transformer,xgboost,2,attention,a02151ac,0.032713769651470215,0.11059231627388488,-0.015125829952977843,0.006236352421190361,0.16582914572864318,-0.10040160642570273,-0.12440306203395202,0.017857142857142794
torch_transformer,xgboost,2,attention,d0e2d025,-0.0967452300785634,-0.12198881960890073,-0.1352662426736504,-0.2141849042453582,0.004040404040403955,-0.1975308641975308,-0.030948932953458796,-0.045662100456621
torch_transformer,xgboost,2,attention,d18000a3,0.011431011958597082,0.014827313762045824,-0.034167420359762835,-0.0442045014950877,0.09813084112149534,-0.07526881720430112,-0.04429809746730162,0.0
torch_transformer,xgboost,2,attention,f0f2a1e1,-0.051349102579341555,-0.07393494825094837,-0.036728871983834455,-0.02420408808899044,0.04255319148936165,-0.14525139664804465,-0.0527717598874613,-0.08058608058608063
torch_transformer,xgboost,2,engagement,1081b177,-0.020404327304623826,-0.028143589259030266,-0.029802430976149652,-0.012219685849232054,0.011235955056179803,-0.052044609665427455,-0.05010082496163304,-0.036312849162011274
torch_transformer,xgboost,2,engagement,517001af,-0.2435897435897436,-0.21233602691638231,-0.285598459511503,-0.05233874846553799,-0.3333333333333333,-0.15384615384615385,-0.16485936367828202,-0.17168674698795183
torch_transformer,xgboost,2,engagement,6030f0fd,-0.19127747252747251,-0.19802631848618202,-0.1813715131022824,-0.1094470705743581,-0.1517857142857143,-0.23076923076923084,-0.21811532973586423,-0.19928825622775803
torch_transformer,xgboost,2,engagement,7072a0e0,0.03454708520179384,0.05226268521260513,-0.005399103139013595,-0.007732520132283316,-0.026905829596412634,0.09600000000000003,-0.0032272475069407003,0.038054968287526414
torch_transformer,xgboost,2,engagement,71a251fa,0.0546694405917707,0.027387062328645517,-0.011211280628756426,-0.003008513233519694,0.11904761904761907,-0.009708737864077777,-0.0050025506836900435,0.012096774193548376
torch_transformer,xgboost,2,engagement,71c09041,-0.06560053679266387,-0.07378745156100563,0.03869380451800508,0.043194654012792544,0.057034220532319435,-0.1882352941176471,0.032751605929660976,-0.03926096997690531
torch_transformer,xgboost,2,engagement,a02151ac,-0.026197171449838796,-0.035433220051737546,-0.07034157637912497,-0.045245494631621086,0.017699115044247704,-0.07009345794392519,-0.022735799587266126,-0.03975535168195721
torch_transformer,xgboost,2,engagement,d0e2d025,0.010902503293807708,-0.0010890126198963568,-0.03893280632411067,-0.030996365993004038,0.06818181818181812,-0.046376811594202816,-0.0706719275090304,-0.014675052410901501
torch_transformer,xgboost,2,engagement,d18000a3,-0.17165012961473147,-0.24295148194182037,-0.05425940824170905,-0.12290089606214438,-0.3938053097345134,0.050505050505050386,-0.04203870272281274,-0.18632075471698106
torch_transformer,xgboost,2,engagement,f0f2a1e1,-0.01911925005450188,-0.016027424937796186,-0.04351427948550257,-0.03336216430217265,-0.05035971223021596,0.012121212121212088,-0.026959888527800513,-0.016447368421052655
torch_transformer,xgboost,2,excitement,1081b177,-0.02397252244859671,-0.02345288499986309,-0.000726795301619787,-7.483903210725451e-05,-0.05699481865284972,0.00904977375565641,-0.011885689182975057,-0.021739130434782594
torch_transformer,xgboost,2,excitement,517001af,0.021897810218978186,0.021152284200529725,-0.0018248175182481452,-0.018199304505587155,0.04379562043795626,0.0,0.009839577134748034,0.01680672268907557
torch_transformer,xgboost,2,excitement,6030f0fd,0.01499283430713283,0.034804054622830094,0.009315400727593182,0.015023068902565218,0.07253886010362687,-0.04255319148936165,0.05072419034405795,0.03484320557491294
torch_transformer,xgboost,2,excitement,7072a0e0,0.016460155490767736,0.006741651810481031,0.01706754130223509,0.00612688061770672,0.04166666666666674,-0.008746355685131268,0.009505571270277069,0.002277904328018221
torch_transformer,xgboost,2,excitement,71a251fa,-0.031060606060606233,-0.015465413519383464,-0.006611570247933796,-0.010340538018349998,0.006060606060605989,-0.06818181818181823,-0.003550280074686385,-0.009569377990430339
torch_transformer,xgboost,2,excitement,71c09041,0.019736842105263164,0.041732332868930744,0.014692982456140369,0.10999100259922512,0.03947368421052633,0.0,0.03615388633838823,0.034383954154727836
torch_transformer,xgboost,2,excitement,a02151ac,0.019202412868632668,0.022322407887550577,0.00042448614834667,0.009873123902398917,0.013404825737265536,0.025000000000000022,0.026296710379984822,0.016227180527383367
torch_transformer,xgboost,2,excitement,d0e2d025,-0.0323080401074497,-0.04601845945588234,-0.06218250485385268,-0.022104844806888235,0.006024096385542244,-0.07064017660044153,-0.025091417442510422,-0.050080775444264924
torch_transformer,xgboost,2,excitement,d18000a3,0.016176217518499403,0.01867200264158675,0.00656390589276501,0.0027675551036655532,0.006711409395973034,0.02564102564102566,0.014691298558238142,0.018957345971563955
torch_transformer,xgboost,2,excitement,f0f2a1e1,-0.06393945489288955,-0.10400728745633603,-0.06527205068892683,-0.013770608153528596,-0.032786885245901676,-0.09509202453987742,-0.11268383722740649,-0.0852713178294573
torch_transformer,xgboost,2,stress,1081b177,-0.17126462646264617,-0.19022258674300518,-0.14547704770477043,-0.1588802946358676,-0.3227272727272727,-0.019801980198019598,-0.12814777169472902,-0.17772511848341233
torch_transformer,xgboost,2,stress,517001af,0.0352941176470587,-0.081440478462811,0.018039215686274424,0.003198451680578418,0.19999999999999996,-0.12941176470588234,-0.1071428571428572,-0.08000000000000007
torch_transformer,xgboost,2,stress,6030f0fd,-0.10597236194207649,-0.15091014760247656,-0.10059829512363005,-0.06425393904957233,-0.320855614973262,0.10891089108910901,-0.14861816534182481,-0.17013888888888895
torch_transformer,xgboost,2,stress,7072a0e0,-0.18032036613272306,-0.10631197890649202,-0.08340961098398181,-0.02336561253767866,-0.48695652173913045,0.12631578947368416,-0.05490657867015236,-0.016161616161616155
torch_transformer,xgboost,2,stress,71a251fa,0.07046332046332038,0.06547770488956939,-0.06274131274131245,-0.06200344194027663,0.3571428571428571,-0.21621621621621623,-0.05833090059845292,0.03076923076923077
torch_transformer,xgboost,2,stress,71c09041,0.5476190476190476,0.2347826086956522,,,,0.5476190476190476,0.0,0.5476190476190476
torch_transformer,xgboost,2,stress,a02151ac,-0.14644976468180892,-0.22004015272572075,-0.10731532637609997,-0.10501798613316515,-0.3481481481481481,0.05524861878453036,-0.04233938796127046,-0.1862527716186252
torch_transformer,xgboost,2,stress,d0e2d025,-0.1392836402145321,-0.15261053828512594,-0.15363987292043868,-0.12794622213466433,-0.08904109589041098,-0.18952618453865333,-0.11047960980896887,-0.16270566727605118
torch_transformer,xgboost,2,stress,d18000a3,0.02213021130782422,-0.0023676173269669976,-0.003569388920616756,-0.0006464678825196524,0.05882352941176461,-0.01456310679611661,-0.02001178377139956,-0.004166666666666763
torch_transformer,xgboost,2,stress,f0f2a1e1,-0.139440347891851,-0.2312320574711394,-0.0030251465305350944,0.002842820329088225,-0.44961240310077516,0.1707317073170732,-0.09785179507608155,-0.2493438320209974
torch_transformer,xgboost,2,relaxation,1081b177,-0.017307567180688377,-0.014061374633758561,-0.014477194352267797,-0.0043513957990722885,-0.007092198581560294,-0.02752293577981635,-0.013754092826703812,-0.012787723785166238
torch_transformer,xgboost,2,relaxation,517001af,-0.02096463357466527,0.03933024040927047,0.048804625240898014,0.07323057900346663,0.09505703422053235,-0.136986301369863,0.0957118676022991,0.044642857142857095
torch_transformer,xgboost,2,relaxation,6030f0fd,-0.05849189570119795,-0.0701913385129791,-0.023960535588442466,-0.015661367471844212,0.030303030303030387,-0.1472868217054264,-0.042376153038185205,-0.07017543859649122
torch_transformer,xgboost,2,relaxation,7072a0e0,-0.212446191278308,-0.21356388915128166,-0.19419801609582643,-0.12340357548828751,-0.2043795620437956,-0.2205128205128205,-0.20521213413371575,-0.21385542168674698
torch_transformer,xgboost,2,relaxation,71a251fa,0.07198314108251991,0.053085666031781,0.019003253475303183,0.043228716000495604,-0.04081632653061196,0.18478260869565222,0.03122688405954621,0.046025104602510414
torch_transformer,xgboost,2,relaxation,71c09041,0.08787364850540602,0.0954200041558173,-0.03413186347254593,-0.035290979591361626,0.2134831460674157,-0.03773584905660354,0.020990751552477982,0.07692307692307687
torch_transformer,xgboost,2,relaxation,a02151ac,-0.11733531724163271,-0.15345387036270586,-0.1114478856680996,-0.1066845665432079,-0.32945736434108525,0.09478672985781977,-0.06499240051304511,-0.1385927505330491
torch_transformer,xgboost,2,relaxation,d0e2d025,-0.029360891873428385,-0.04451756072022872,-0.08623671855695592,-0.052814836647737784,0.009389671361502372,-0.0681114551083592,-0.009562971787012153,-0.03731343283582089
torch_transformer,xgboost,2,relaxation,d18000a3,-0.10071325388226793,-0.09297626043045593,-0.06348862405200428,-0.04549124159276219,-0.22065727699530502,0.019230769230769273,-0.09408570004982564,-0.08879492600422834
torch_transformer,xgboost,2,relaxation,f0f2a1e1,-0.1066840626254516,-0.15015909510577063,-0.03126254516258542,-0.04683971862634417,-0.24528301886792447,0.03191489361702127,-0.11593409123804266,-0.16013071895424846
torch_transformer,xgboost,2,interest,1081b177,-0.18900871090557536,-0.2652165709729045,-0.0901987362210217,-0.05798434568340505,-0.4096916299559472,0.03167420814479638,-0.11283075428275269,-0.1919642857142857
torch_transformer,xgboost,2,interest,517001af,0.18630903065451532,0.2671048653083474,0.01739850869925419,0.07399447954347682,0.387323943661972,-0.014705882352941124,0.0891790562378797,0.25714285714285723
torch_transformer,xgboost,2,interest,6030f0fd,-0.027350533366410357,-0.040698179051302685,-0.06332175638799298,-0.03235736501823516,0.01724137931034475,-0.07194244604316558,-0.009930634312416364,-0.03137254901960784
torch_transformer,xgboost,2,interest,7072a0e0,-0.027070478838967516,0.03705102545580985,-0.10222762955881914,-0.05202292031956657,-0.18918918918918926,0.135048231511254,-0.04687933383270604,0.049763033175355464
torch_transformer,xgboost,2,interest,71a251fa,-0.012219234419487468,-0.008207661572759761,-0.054175893704524025,-0.08787243150759783,0.09482758620689657,-0.11926605504587162,-0.026541952531569768,-0.008888888888888946
torch_transformer,xgboost,2,interest,71c09041,-0.1471009999224866,-0.21016875408772906,-0.06325091078210987,-0.02320532054107638,0.010309278350515538,-0.30451127819548873,-0.15333928119059903,-0.22038567493112948
torch_transformer,xgboost,2,interest,a02151ac,0.078950264084507,0.08450142006349748,0.055164319248826366,0.03968320092900357,0.1015625,0.05633802816901401,0.09214593296045337,0.07331378299120228
torch_transformer,xgboost,2,interest,d0e2d025,-0.20612668743509865,-0.23380700820291167,-0.15893095020820858,-0.20000436733811144,0.14330218068535827,-0.5555555555555556,-0.15023085567030114,-0.19255663430420722
torch_transformer,xgboost,2,interest,d18000a3,-0.09504238376573326,-0.12158483101599948,-0.03887319119787669,-0.017577472983646758,0.05882352941176483,-0.24890829694323147,-0.10465871147424943,-0.12565445026178002
torch_transformer,xgboost,2,interest,f0f2a1e1,-0.06976843544390332,-0.043413946437264594,-0.032128514056224744,-0.019615849250614215,-0.2530120481927711,0.11347517730496459,-0.0038228674419246156,-0.022321428571428603
torch_transformer,xgboost,2,focus,1081b177,0.08020079689629855,0.05897317054319007,0.04102443116283938,0.02386182293956096,0.1742424242424242,-0.01384083044982709,0.026941475758456734,0.04513064133016598
torch_transformer,xgboost,2,focus,517001af,0.03931159420289854,0.03327498845236898,0.01736111111111105,0.010655414121380602,0.07499999999999996,0.0036231884057970065,0.019805721646817376,0.025252525252525193
torch_transformer,xgboost,2,focus,6030f0fd,0.009028642590286462,0.021761433858278,0.02407638024076386,0.05587605697708842,0.045454545454545414,-0.0273972602739726,0.014408364830286846,0.02583025830258301
torch_transformer,xgboost,2,focus,7072a0e0,-0.00328592975651798,-0.07418696450897122,0.039323421676362935,0.020161531799277377,0.1923076923076924,-0.19887955182072825,-0.010386446238417668,-0.11062906724511934
torch_transformer,xgboost,2,focus,71a251fa,-0.03194444444444433,0.06960271671522189,0.07500000000000007,-0.06236807542003159,0.22777777777777786,-0.29166666666666663,0.02346120375379257,0.16666666666666674
torch_transformer,xgboost,2,focus,71c09041,-0.10519265621306428,-0.12127862952905044,-0.10992041604286495,-0.1397200266219259,0.005830903790087549,-0.21621621621621628,-0.13300614172506442,-0.015789473684210464
torch_transformer,xgboost,2,focus,a02151ac,-0.08822518263859047,-0.08214167363046843,0.12503223033949296,0.11971289532050938,0.16201117318435743,-0.33846153846153837,0.07201739982139255,0.02868852459016391
torch_transformer,xgboost,2,focus,d0e2d025,0.09434133154975899,0.045400533796857045,0.05403673048518798,0.026092166593509547,0.26543209876543206,-0.07674943566591419,0.03148998899694033,0.014876033057851235
torch_transformer,xgboost,2,focus,d18000a3,-0.1220908230842006,-0.21378377881808097,0.05879848628192985,0.03573355381218424,0.19867549668874174,-0.4428571428571429,-0.04947020586684514,-0.21809744779582363
torch_transformer,xgboost,2,focus,f0f2a1e1,0.15653923541247483,0.0056012378889956915,0.13625754527162992,0.015743867176386428,0.4285714285714286,-0.11549295774647894,0.033751902587519145,-0.06666666666666665
torch_transformer,xgboost,3,attention,0012905a,-0.18049912106279353,-0.197618961853686,-0.2510878649030286,-0.3142051349379945,-0.2602230483271376,-0.10077519379844957,-0.1747076039770341,-0.20854271356783916
torch_transformer,xgboost,3,attention,20201194,-0.30317896389324966,-0.21346560371388706,-0.48414442700157,-0.16789876217159638,-0.5102040816326531,-0.09615384615384615,-0.17792979546710885,-0.1618122977346278
torch_transformer,xgboost,3,attention,2162c09e,-0.019904380915211184,-0.03280275782713926,-0.033720362962240125,-0.035142336371323135,-0.09386281588447654,0.05405405405405417,-0.011517379387678495,-0.03463203463203468
torch_transformer,xgboost,3,attention,21a031f6,-0.07824153757888697,-0.10688971005178427,-0.07919774335436991,-0.10952805942313137,-0.14457831325301201,-0.011904761904761751,-0.0508497968815429,-0.08732876712328774
torch_transformer,xgboost,3,attention,41e2010c,-0.140504876649455,-0.16566321462311617,-0.1477911646586345,-0.1139703775900558,-0.20481927710843373,-0.07619047619047625,-0.1754647313470843,-0.13297872340425532
torch_transformer,xgboost,3,attention,5001d09a,-0.08571428571428585,-0.09202071543208667,-0.1457142857142858,-0.12076752246867462,-0.05714285714285705,-0.11428571428571432,-0.08561092309487695,-0.08571428571428563
torch_transformer,xgboost,3,attention,50c02189,-0.40059186824498194,-0.36126734956541584,-0.5516040487219078,-0.31098464023329464,-0.47014925373134325,-0.3310344827586207,-0.3025015185444053,-0.3637961335676626
torch_transformer,xgboost,3,attention,71f21142,-0.09167455061494789,-0.13790270844344732,-0.03863765373699135,-0.04606508706619472,-0.2119205298013245,0.02857142857142847,-0.01315592427124801,-0.08282208588957063
torch_transformer,xgboost,3,attention,b0700166,0.05738984941438929,0.09533971557765641,-0.09060234244283338,-0.07714901586806555,0.1454545454545455,-0.030674846625766805,-0.0590710940511634,0.02851323828920571
torch_transformer,xgboost,3,attention,d0724095,-0.18151244656776466,-0.2913993271838941,-0.12415137037968305,-0.24472364241670153,-0.01546391752577303,-0.3475609756097561,-0.4151246921182266,-0.16759776536312854
torch_transformer,xgboost,3,attention,d142d110,0.02564102564102566,0.025350993092928542,-0.0849002849002849,-0.13942647826728372,0.05128205128205121,0.0,0.02343948639715232,0.023809523809523836
torch_transformer,xgboost,3,engagement,0012905a,-0.10521591494217697,-0.12422701248242873,-0.01491851872468919,-0.026461988356393795,0.005037783375314797,-0.2154696132596685,-0.031019916805999137,-0.06401384083044981
torch_transformer,xgboost,3,engagement,20201194,-0.05674244783556526,-0.17686971362699605,-0.0037994394269695864,0.0318910173451038,-0.5029585798816568,0.3894736842105263,-0.006542750455199142,-0.18181818181818177
torch_transformer,xgboost,3,engagement,2162c09e,-0.08398487567290447,-0.11814236538397593,-0.04107921045885665,-0.04768979423281461,-0.1626506024096386,-0.005319148936170137,-0.05476236721126582,-0.07909604519774016
torch_transformer,xgboost,3,engagement,21a031f6,-0.08473310936916767,-0.0031398801670551313,0.0041889593961262905,-0.0040401905554305895,0.23404255319148937,-0.40350877192982465,0.04614210007922892,0.09869646182495351
torch_transformer,xgboost,3,engagement,41e2010c,0.05346003898635476,0.05417882320149181,0.02163742690058479,0.017209082796682873,0.06481481481481477,0.042105263157894535,0.05223608736841823,0.054187192118226646
torch_transformer,xgboost,3,engagement,5001d09a,-0.08287264537264549,-0.08627453596787105,-0.08108108108108103,-0.0919092677282668,-0.14772727272727282,-0.018018018018018056,-0.0641450939782654,-0.07537688442211055
torch_transformer,xgboost,3,engagement,50c02189,-0.09624230139549395,-0.10394413904503153,-0.14786193186247776,-0.19040661162301054,-0.09842519685039375,-0.09405940594059414,-0.10202702325709256,-0.09718309859154928
torch_transformer,xgboost,3,engagement,71f21142,-0.18650631879331436,-0.213526635466404,-0.3150660998194631,-0.3242807704224768,-0.6457399103139012,0.2727272727272727,-0.37763157894736843,-0.41000000000000003
torch_transformer,xgboost,3,engagement,b0700166,0.013452285485164306,0.00552553507098974,-0.037730553327987026,-0.06311103172581034,-0.013793103448275945,0.04069767441860461,0.024327276449856994,0.006493506493506551
torch_transformer,xgboost,3,engagement,d0724095,0.06615240766713426,0.07285510326794298,0.05913978494623662,0.05141274853354405,0.13768115942028997,-0.005376344086021612,0.03359480973798812,0.05555555555555558
torch_transformer,xgboost,3,engagement,d142d110,-0.05093099671412937,-0.23006873950582563,-0.05805038335158841,-0.023652261939150043,0.09090909090909094,-0.19277108433734935,-0.3032805429864255,-0.15957446808510645
torch_transformer,xgboost,3,excitement,0012905a,-0.0028032312515071656,-0.006736982466273078,0.020135037376416753,0.019795142857087167,0.02586206896551735,-0.03146853146853146,0.007209352103687783,-0.00579150579150578
torch_transformer,xgboost,3,excitement,20201194,-0.006285458345774875,-0.009740808196431638,0.004658106897581393,0.013750757198424557,-0.017647058823529405,0.0050761421319796,0.005677218886849689,-0.00544959128065392
torch_transformer,xgboost,3,excitement,2162c09e,-0.0036496350364964014,-0.007152763573876619,0.002322495023225235,0.0008142069659113904,0.0,-0.007299270072992803,-0.014610776917416968,-0.005698005698005715
torch_transformer,xgboost,3,excitement,21a031f6,-0.03185823464461235,-0.03220800415024605,-0.015111823161358617,-0.01402880427967479,-0.14027149321266985,0.07655502392344504,-0.05861289694430827,-0.03488372093023262
torch_transformer,xgboost,3,excitement,41e2010c,-0.06358695652173918,-0.08212367455489633,-0.006159420289855166,-0.0023803934631315693,0.01449275362318847,-0.14166666666666672,-0.04877874085600853,-0.08465608465608465
torch_transformer,xgboost,3,excitement,5001d09a,0.008094479830148549,-0.006703435647017919,-0.00039808917197436955,4.1378669512592836e-05,0.04166666666666663,-0.02547770700636942,-0.0031772230245512567,-0.009756097560975618
torch_transformer,xgboost,3,excitement,50c02189,-0.235362210604929,-0.27629060666689886,-0.18230022404779678,-0.10178663180925884,-0.6553398058252428,0.18461538461538474,-0.17487089005565126,-0.18669527896995708
torch_transformer,xgboost,3,excitement,71f21142,-0.006026498190517149,-0.0065785068630732635,0.0003066920198737666,0.003919545389554746,-0.0036496350364961794,-0.008403361344537896,-0.007381113364886449,-0.0050890585241729624
torch_transformer,xgboost,3,excitement,b0700166,0.15222847759793567,0.19559461580125692,0.044288060051607014,0.03346486336435195,-0.005747126436781658,0.31020408163265306,0.07687458415061488,0.17899761336515507
torch_transformer,xgboost,3,excitement,d0724095,0.010141656520060494,0.012894546437635213,-0.003415199120957557,-0.004873258708412376,0.026905829596412634,-0.0066225165562914245,0.01674475366690098,0.013368983957219194
torch_transformer,xgboost,3,excitement,d142d110,-0.08601553829078801,-0.09086467607453619,-0.04883462819089912,-0.035112712028729565,-0.05882352941176472,-0.1132075471698114,-0.08269285798448034,-0.09195402298850575
torch_transformer,xgboost,3,stress,0012905a,0.0293040293040292,0.03183393070021001,-0.009518989782147824,-0.036651075034804026,0.0,0.05860805860805862,0.022291302520853873,0.02772963604852685
torch_transformer,xgboost,3,stress,20201194,-0.10115740740740731,-0.10227736547584398,-0.10743827160493835,-0.14999522563043566,-0.054166666666666696,-0.14814814814814814,-0.10028167635875651,-0.08800000000000008
torch_transformer,xgboost,3,stress,2162c09e,-0.04456751054852315,-0.0450531460583975,-0.042401295961422725,-0.05714594410181484,-0.04746835443037978,-0.04166666666666663,-0.03903525888903159,-0.045454545454545414
torch_transformer,xgboost,3,stress,21a031f6,-0.05859677107501937,-0.08080134675883444,0.0021026682134571706,-0.015364099068129966,-0.12761020881670537,0.01041666666666663,-0.033617555157169354,-0.08507223113964679
torch_transformer,xgboost,3,stress,41e2010c,-0.061576354679802936,-0.09764326233168957,-0.015170174652933244,-0.008831172047912172,0.0,-0.12315270935960587,-0.019721744119334472,-0.08591065292096223
torch_transformer,xgboost,3,stress,5001d09a,-0.07033107737333089,-0.06716456883107813,0.01664532650448125,0.02648843905290721,0.028169014084507005,-0.16883116883116883,0.0032436122160048875,-0.041095890410958846
torch_transformer,xgboost,3,stress,50c02189,-0.09435800049007592,-0.13203288777961708,-0.16824920362656215,-0.13367487126922084,-0.23116883116883116,0.04245283018867929,-0.07905473230896276,-0.08776266996291715
torch_transformer,xgboost,3,stress,71f21142,-0.16796875,-0.15195732705559006,-0.149658203125,-0.041627411141689774,-0.25,-0.0859375,-0.13622944384631208,-0.11875000000000002
torch_transformer,xgboost,3,stress,b0700166,-0.029157509157509143,-0.0008514981358812568,-0.08166666666666667,-0.07014302718922749,-0.09523809523809534,0.03692307692307689,-0.07234103919287083,-0.008113590263691628
torch_transformer,xgboost,3,stress,d0724095,0.03906515580736536,0.10697805329671106,-0.04087818696883838,-0.084251680290789,0.2181303116147309,-0.14,0.021256261856018144,0.13907284768211925
torch_transformer,xgboost,3,stress,d142d110,0.03308480894687804,0.0702848759394239,0.0372786579683132,0.13553569929573683,0.1351351351351352,-0.06896551724137934,0.02892156862745099,0.09285714285714286
torch_transformer,xgboost,3,relaxation,0012905a,-0.029932964150393593,-0.012957736896701988,0.018551442728067635,0.010784871813743213,-0.1917808219178082,0.13191489361702124,0.05581150143694735,0.007874015748031482
torch_transformer,xgboost,3,relaxation,20201194,0.05729166666666663,0.05039028314386551,-0.0012612107623317659,0.004739134124397637,0.0,0.11458333333333337,0.02596649426555908,0.0344827586206895
torch_transformer,xgboost,3,relaxation,2162c09e,-0.01947815663862662,-0.026535892062113375,-0.021832659089449535,-0.05446513691632937,-0.06130268199233713,0.022346368715083886,-0.030476270834670416,-0.027272727272727337
torch_transformer,xgboost,3,relaxation,21a031f6,-0.029802955665024777,-0.044608606310219456,-0.003021346469622377,-0.01051729369174359,-0.13103448275862073,0.07142857142857129,-0.017866238010911584,-0.04600000000000004
torch_transformer,xgboost,3,relaxation,41e2010c,-0.01744186046511631,-0.027772341813437684,-0.06716646266829851,-0.06522863549398972,0.0,-0.03488372093023259,-0.009207897365792084,-0.01851851851851849
torch_transformer,xgboost,3,relaxation,5001d09a,-0.026137303556658442,-0.027661064425770432,-0.005789909015715411,-0.015903827862550624,-0.021505376344086002,-0.03076923076923077,-0.0302856047536898,-0.025316455696202556
torch_transformer,xgboost,3,relaxation,50c02189,0.17771396704887876,0.23882972222094,-0.03215865064767354,-0.01880190177307761,0.7588932806324111,-0.4034653465346535,-0.11505138764085654,0.044140030441400246
torch_transformer,xgboost,3,relaxation,71f21142,-0.0664169787765293,-0.07213588722449993,-0.0572721598002498,-0.06333581361736318,0.04494382022471921,-0.1777777777777778,-0.04361385402035056,-0.06703910614525133
torch_transformer,xgboost,3,relaxation,b0700166,-0.028212506917542846,-0.03476954702900825,-0.009341449916989375,-0.004889966663431999,-0.007194244604316613,-0.0492307692307693,-0.01940261263790677,-0.03663793103448276
torch_transformer,xgboost,3,relaxation,d0724095,-0.04027408064675153,-0.03901600919879544,-0.03706990042393776,-0.020269517574601825,-0.061224489795918435,-0.019323671497584516,-0.037476457809548114,-0.032786885245901565
torch_transformer,xgboost,3,relaxation,d142d110,0.02172413793103456,0.00368368333793867,0.022068965517241357,0.011737063893894839,0.10344827586206895,-0.05999999999999994,0.016320874247703565,0.0
torch_transformer,xgboost,3,interest,0012905a,-0.07577519379844955,-0.08530633125949993,-0.12154796511627908,-0.09802587034088261,0.050000000000000044,-0.2015503875968992,-0.044564994134568936,-0.06228373702422152
torch_transformer,xgboost,3,interest,20201194,-0.10240310077519388,-0.11281810809157022,-0.2010852713178296,-0.1745527901701468,-0.058139534883721034,-0.14666666666666672,-0.1276781765972459,-0.0780780780780781
torch_transformer,xgboost,3,interest,2162c09e,-0.07325408077943796,-0.11539448650606499,-0.01343294434144049,-0.04012764159281146,-0.23899371069182396,0.09248554913294793,-0.044549984799091,-0.12219959266802438
torch_transformer,xgboost,3,interest,21a031f6,-0.04504035407445972,-0.04835439153783172,-0.009186595752594173,0.0067178550303543805,-0.17391304347826086,0.08383233532934142,-0.020837909379510022,-0.04268292682926833
torch_transformer,xgboost,3,interest,41e2010c,-0.02130774235523747,-0.030104094675786675,-0.026566905226631743,-0.032985618583230014,-0.0943396226415093,0.051724137931034475,-0.038660735671123825,-0.032727272727272716
torch_transformer,xgboost,3,interest,5001d09a,-0.003937007874015741,-0.003971684446699264,-0.031012570797071315,-0.02171471521082813,-0.007874015748031593,0.0,-0.007171953715493062,-0.004149377593360981
torch_transformer,xgboost,3,interest,50c02189,-0.12266484658665716,-0.07470496035559793,-0.16651306854402836,-0.1038102284992155,0.011467889908256895,-0.25679758308157097,-0.27713821769010083,-0.10430247718383312
torch_transformer,xgboost,3,interest,71f21142,-0.28409090909090906,-0.41173060986083626,-0.31008359456635315,-0.10705112968378183,0.0,-0.5681818181818182,-0.15356054836252853,-0.46583850931677023
torch_transformer,xgboost,3,interest,b0700166,-0.0506715766619128,-0.04116368339511911,-0.028970391025777364,-0.018532036945603125,-0.06422018348623859,-0.03712296983758695,-0.03237952884065598,-0.042592592592592626
torch_transformer,xgboost,3,interest,d0724095,0.06704545454545463,0.08890253941644932,0.009848484848484773,0.05014006577915464,0.2250000000000001,-0.09090909090909083,0.03699445984229455,0.0866510538641686
torch_transformer,xgboost,3,interest,d142d110,-0.06742424242424255,-0.10176978818283167,-0.24797979797979808,-0.1679409083435791,0.4318181818181819,-0.5666666666666669,-0.13682088424648536,-0.23880597014925375
torch_transformer,xgboost,3,focus,0012905a,-0.15165056608417427,-0.21196942743780467,0.04405611617031735,0.0754763156681878,0.13602941176470584,-0.4393305439330545,0.022010240846924378,-0.13307240704500978
torch_transformer,xgboost,3,focus,20201194,-0.0517176054559233,-0.08269127623285644,0.052443798939125985,0.04031455815441398,-0.10810810810810809,0.004672897196261627,-0.01943315493853337,-0.04143646408839785
torch_transformer,xgboost,3,focus,2162c09e,0.19407008086253374,0.10940439106254052,0.037061994609164484,0.0026012716109432565,0.4761904761904763,-0.08805031446540867,0.005778601617499879,-0.022222222222222254
torch_transformer,xgboost,3,focus,21a031f6,0.0838590729697809,0.06716528639030028,0.13381154034511555,0.10108850447977547,0.2514619883040937,-0.08374384236453192,0.11224161988281578,0.06951871657754016
torch_transformer,xgboost,3,focus,41e2010c,0.1295690125477359,0.07154499504190837,0.058101472995090164,0.022281925698352745,0.3617021276595745,-0.10256410256410264,-0.02029752654752648,0.0049261083743842304
torch_transformer,xgboost,3,focus,5001d09a,0.05874044533067457,0.11850306957768253,0.09238949817215014,0.02046009925094483,-0.02941176470588236,0.14689265536723162,0.1317724967174977,0.11848341232227488
torch_transformer,xgboost,3,focus,50c02189,0.04300252115421899,0.11489942124440122,-0.06438640005715968,-0.05603300652579113,-0.09688581314878897,0.18289085545722722,-0.05756540449889058,0.05414012738853502
torch_transformer,xgboost,3,focus,71f21142,0.062793427230047,0.06942996330923623,0.09467918622848204,0.12312526429763415,0.042253521126760396,0.08333333333333337,0.07770275136848181,0.05797101449275366
torch_transformer,xgboost,3,focus,b0700166,-0.03517005510165305,-0.055154244205094516,0.1046551396541896,0.14604810461808282,0.11913357400722024,-0.1894736842105263,0.11098599800409403,-0.0064239828693790635
torch_transformer,xgboost,3,focus,d0724095,0.0650118203309692,0.012741282729418435,0.05870764381402682,0.09060667731207495,-0.09219858156028371,0.2222222222222221,0.005821389980645186,-0.01049868766404205
torch_transformer,xgboost,3,focus,d142d110,-0.051587301587301515,0.034917300642589355,0.12400793650793662,0.21612605857881206,0.36111111111111116,-0.4642857142857143,0.21432573029211688,0.13
torch_transformer,xgboost,4,attention,01c2a0d8,0.0006514164520526888,0.010410876980180062,0.020663535827904922,0.03572111318788784,0.06341463414634152,-0.06211180124223603,-0.01713009498379714,0.008196721311475419
torch_transformer,xgboost,4,attention,30908049,-0.006957866254348688,-0.1337475033078574,-0.12631533737061373,-0.13336993660801472,-0.321608040201005,0.3076923076923077,0.0777426874201067,-0.08860759493670889
torch_transformer,xgboost,4,attention,40009139,0.007479716024340721,0.015199060715820556,-0.07771298174442176,-0.08321798541978087,-0.03676470588235303,0.051724137931034475,-0.019321326821326812,0.003968253968253954
torch_transformer,xgboost,4,attention,7092f07b,-0.025229357798165153,-0.04899604392295137,-0.06688073394495442,-0.051925022333302984,0.0,-0.050458715596330306,-0.020890662772279023,-0.029891304347825998
torch_transformer,xgboost,4,attention,8030618f,-0.15312177502579982,-0.18155998897620407,-0.08948228414172688,-0.057585238107087156,-0.4509803921568628,0.14473684210526316,-0.11211607654348277,-0.15409836065573768
torch_transformer,xgboost,4,attention,a1b210fc,-0.09190981432360734,-0.1336675020885547,-0.008806366047745207,-0.01458497593754593,0.023076923076923217,-0.20689655172413796,-0.04341131034476964,-0.13571428571428568
torch_transformer,xgboost,4,attention,b112005d,-0.12301936918009693,-0.14551844494489607,-0.014421838784445029,-0.03513793010574162,0.07932011331444755,-0.3253588516746412,-0.029427434158553756,-0.07117437722419928
torch_transformer,xgboost,4,attention,b1c2f044,-0.130654171922869,-0.19690089335063898,-0.12347570132756636,-0.17226661039709534,-0.032258064516129004,-0.22905027932960886,-0.18937404144685532,-0.12876712328767115
torch_transformer,xgboost,4,attention,d151b0c4,0.02355312047358149,0.04438634852735723,-0.05313096962445174,-0.04776930990872563,-0.1518987341772151,0.1990049751243782,-0.05399873200713046,0.0091324200913242
torch_transformer,xgboost,4,attention,f1a0c120,0.04015946061643838,0.017684952822097366,-0.011397688356164393,-0.03770975704493895,-0.04296875,0.1232876712328767,-0.058992734421562276,-0.006079027355623046
torch_transformer,xgboost,4,engagement,01c2a0d8,-0.09825424145561845,-0.16129054323111253,-0.060781903122694825,-0.16045730245922235,-0.2326530612244898,0.03614457831325302,-0.0258646377203553,-0.1646341463414634
torch_transformer,xgboost,4,engagement,30908049,0.04343434343434338,0.08455869732448063,-0.025999999999999912,-0.026636898995862635,-0.022222222222222365,0.10909090909090909,-0.012003718919224249,0.04269662921348316
torch_transformer,xgboost,4,engagement,40009139,-0.2208812260536398,-0.2520028075532239,-0.21226053639846743,-0.16838254448335832,-0.05555555555555547,-0.38620689655172413,-0.2156150648080215,-0.2595744680851064
torch_transformer,xgboost,4,engagement,7092f07b,0.08747107090258788,0.10324758426659475,0.011519040605933117,-0.0035172202143088915,0.14432989690721654,0.030612244897959218,0.06705031739259715,0.10616438356164393
torch_transformer,xgboost,4,engagement,8030618f,0.05163043478260876,0.07190935944012244,0.05869565217391304,0.12273137502369735,0.1032608695652174,0.0,0.03817013331511776,0.08296943231441056
torch_transformer,xgboost,4,engagement,a1b210fc,-0.04582238028967578,-0.05111162598738006,-0.02515334261120561,-0.01158640270651945,0.011494252873563204,-0.10313901345291487,-0.05914004125287631,-0.052896725440806036
torch_transformer,xgboost,4,engagement,b112005d,0.025000000000000022,0.044876480043642863,-0.04684311224489801,-0.10531273110813544,0.0714285714285714,-0.02142857142857124,0.006740769304633076,0.0357142857142857
torch_transformer,xgboost,4,engagement,b1c2f044,-0.01161946259985469,-0.00893643748594053,-0.013344226579520835,-0.02045234839283805,0.006172839506172867,-0.02941176470588236,0.009568697776086044,-0.0023474178403756207
torch_transformer,xgboost,4,engagement,d151b0c4,-0.06586892488954343,-0.054147505530081186,-0.0594747177221403,-0.041315216561607526,-0.010309278350515427,-0.12142857142857144,-0.05420789884596011,-0.0464037122969837
torch_transformer,xgboost,4,engagement,f1a0c120,-0.04162170910660329,-0.07984578496081096,0.01607682347863615,0.012971534031052556,-0.0892857142857142,0.006042296072507614,-0.31775653820389077,-0.007751937984496138
torch_transformer,xgboost,4,excitement,01c2a0d8,0.0024289755257654866,0.002563730716167001,-0.00013835936539208227,0.004524349720941401,0.010638297872340385,-0.005780346820809301,0.004812633650705278,0.0027700831024930483
torch_transformer,xgboost,4,excitement,30908049,0.12704051324700005,0.09697334019631088,0.023048592134964907,0.006670783135317326,0.3263157894736843,-0.07223476297968401,-0.0605149398849778,-0.0018587360594796154
torch_transformer,xgboost,4,excitement,40009139,0.010941532936819653,0.011437422680478315,-0.013859275053304754,-0.013029161902407438,0.08955223880597019,-0.06766917293233088,0.007079907936786034,0.01123595505617958
torch_transformer,xgboost,4,excitement,7092f07b,0.09842866121935889,0.10267976116574751,0.013513513513513598,0.055866411502032864,0.010810810810810811,0.18604651162790709,0.059608037154394444,0.06642066420664205
torch_transformer,xgboost,4,excitement,8030618f,-0.08133462282398463,-0.08644539326155176,0.02872340425531905,0.018822923994957774,0.018181818181818188,-0.18085106382978722,-0.032976506915967096,-0.07352941176470595
torch_transformer,xgboost,4,excitement,a1b210fc,0.03978506102985657,0.021598377070685237,0.015373118394363283,0.027264936542266693,-0.012383900928792824,0.09195402298850575,-0.003917871101684289,0.009756097560975618
torch_transformer,xgboost,4,excitement,b112005d,-0.0028896648800822433,0.0007475460294750214,0.006983920740620375,0.0071086108201540155,0.010178117048346036,-0.015957446808510634,0.006286145668086052,0.0017211703958691649
torch_transformer,xgboost,4,excitement,b1c2f044,-0.024065061475409544,-0.015874237885983966,0.006634221311475175,0.004494249271213557,0.006557377049180246,-0.0546875,-0.003957314280168989,-0.01154734411085434
torch_transformer,xgboost,4,excitement,d151b0c4,-0.00408692185007975,-0.008938794440490061,-0.004535486443381198,-0.011323169976678593,0.07894736842105254,-0.08712121212121204,-0.011181615313371585,-0.010162601626016343
torch_transformer,xgboost,4,excitement,f1a0c120,0.031119147316330587,0.03176267705563285,0.0176373556655246,0.01821139147323203,0.035211267605633756,0.027027027027026973,0.031430457960907154,0.03162055335968361
torch_transformer,xgboost,4,stress,01c2a0d8,-0.005940313032195332,0.013681497022146605,-0.003689887275971193,-0.0037724353767780716,0.08133971291866027,-0.09322033898305082,0.005532320776050259,0.01834862385321101
torch_transformer,xgboost,4,stress,30908049,-0.015322580645161232,-0.04173669148601111,0.02499999999999991,0.01620521065695224,0.050000000000000044,-0.08064516129032262,-0.01792242280419254,-0.04878048780487809
torch_transformer,xgboost,4,stress,40009139,-0.06547619047619047,-0.06880857610452051,-0.0878279883381925,-0.11570577631392798,-0.0714285714285714,-0.059523809523809645,-0.07167692235048073,-0.06593406593406592
torch_transformer,xgboost,4,stress,7092f07b,-0.08945783132530116,-0.11485588318167506,-0.025090361445783138,-0.02317097250547151,0.04999999999999993,-0.22891566265060237,-0.00833286236809605,-0.07650273224043713
torch_transformer,xgboost,4,stress,8030618f,-0.09090909090909094,-0.11161872003335421,-0.0840909090909091,-0.004251580332474192,0.0,-0.18181818181818182,-0.010691375623663513,-0.17341040462427754
torch_transformer,xgboost,4,stress,a1b210fc,-0.1714975845410628,-0.19653718759409822,-0.19033816425120786,-0.06522831065859958,-0.11111111111111116,-0.23188405797101452,-0.17712042859101673,-0.20218579234972678
torch_transformer,xgboost,4,stress,b112005d,-0.019084507042253507,-0.12205412169849778,0.07535211267605624,0.012830274503067729,0.24,-0.27816901408450706,-0.019485211097003408,-0.20059880239520955
torch_transformer,xgboost,4,stress,b1c2f044,-0.055162484574249326,-0.050376632896478535,-0.07354997943233221,-0.17009361625357933,-0.027972027972028024,-0.08235294117647052,-0.05045872810428853,-0.04824561403508776
torch_transformer,xgboost,4,stress,d151b0c4,-0.15194106406517138,-0.2392634543853145,-0.05840792517348892,-0.03462275599377518,0.29447852760736215,-0.598360655737705,-0.13041359404385144,-0.24078624078624078
torch_transformer,xgboost,4,stress,f1a0c120,-0.0013396237404624811,-0.011512481708121136,-0.11928475741161393,-0.25356023200845246,-0.030927835051546393,0.02824858757062154,0.014333937444862443,-0.008547008547008628
torch_transformer,xgboost,4,relaxation,01c2a0d8,0.025778732545649885,0.01208315069275101,-0.054549639404633976,-0.0946393259788455,-0.03007518796992481,0.08163265306122447,-0.028827758215962396,0.0
torch_transformer,xgboost,4,relaxation,30908049,-0.06659597030752917,-0.059373072731522036,-0.04780487804878064,-0.05454587923165244,0.01463414634146365,-0.14782608695652166,-0.02507174585096661,-0.04375000000000007
torch_transformer,xgboost,4,relaxation,40009139,-0.07292694154008028,-0.08472422141540537,-0.03478661142894701,-0.039973021903842,-0.1531531531531532,0.007299270072992581,-0.03646261443211685,-0.06451612903225801
torch_transformer,xgboost,4,relaxation,7092f07b,-0.05422077922077917,-0.06143242644512603,-0.07981601731601728,-0.061948665938506786,-0.03571428571428581,-0.0727272727272727,-0.04922250079099777,-0.05776173285198549
torch_transformer,xgboost,4,relaxation,8030618f,0.020541549953314697,0.020402076422319615,0.017673736161131215,0.00781170418891497,0.025210084033613578,0.015873015873015817,0.021916010946584574,0.020408163265306145
torch_transformer,xgboost,4,relaxation,a1b210fc,-0.03210742693717039,-0.03633648861843586,-0.05574671552417543,-0.06237443206963378,-0.052238805970149294,-0.0119760479041916,-0.036217563992401836,-0.0367816091954023
torch_transformer,xgboost,4,relaxation,b112005d,0.05163272920062045,-0.0072063544764797705,-0.023641683193590834,-0.07769318028344596,-0.11720698254364093,0.22047244094488183,-0.11233154630505637,-0.03598484848484851
torch_transformer,xgboost,4,relaxation,b1c2f044,-0.04950510361892979,-0.037127346212587176,-0.005196412001237216,-0.002542574435349221,-0.10655737704918034,0.007547169811320864,-0.02108152068812974,-0.02842377260981921
torch_transformer,xgboost,4,relaxation,d151b0c4,-0.05516911862749452,-0.053258814719040704,-0.06471398728832378,-0.06711953785367875,-0.0298013245033113,-0.08053691275167785,-0.05164259695244411,-0.04656319290465638
torch_transformer,xgboost,4,relaxation,f1a0c120,-0.019761716345731095,-0.02002184234959714,-0.03409390662094425,-0.05702131045949166,0.009803921568627416,-0.049327354260089606,-0.031365907619419264,-0.021077283372365363
torch_transformer,xgboost,4,interest,01c2a0d8,-0.14583333333333348,-0.20059603349213184,-0.06550387596899221,-0.07035562184868571,-0.33333333333333337,0.04166666666666652,-0.12940357961366367,-0.2142857142857143
torch_transformer,xgboost,4,interest,30908049,-0.09947593167701863,-0.1276183084853993,-0.03920807453416153,-0.013423551348212048,-0.03125,-0.1677018633540372,-0.040877797677612904,-0.1450777202072539
torch_transformer,xgboost,4,interest,40009139,-0.08064516129032262,-0.09345615286298992,-0.029435483870967727,-0.01811099925717652,0.0,-0.16129032258064524,-0.046910221666319196,-0.08670520231213874
torch_transformer,xgboost,4,interest,7092f07b,0.03841509231429785,0.04279777565175791,0.03437634177758697,0.01393739655275994,0.0510948905109489,0.025735294117646967,0.05026334269662924,0.03422982885085568
torch_transformer,xgboost,4,interest,8030618f,-0.06281672297297303,-0.09378760397016106,0.010346283783783883,-0.004950203921134655,0.05405405405405406,-0.1796875,-0.034129207755425495,-0.09405940594059403
torch_transformer,xgboost,4,interest,a1b210fc,-0.22563976377952755,-0.227220061587611,-0.26026434195725556,-0.1898319518757422,-0.1875,-0.2637795275590551,-0.2400645225428637,-0.2280334728033473
torch_transformer,xgboost,4,interest,b112005d,0.008384939522664059,-0.061477040388719706,0.09391473463329758,0.15919281213317105,-0.27065527065527073,0.28742514970059885,0.017702794788538423,-0.09073359073359066
torch_transformer,xgboost,4,interest,b1c2f044,-0.2383838770125053,-0.34756366218226553,-0.15048376610960268,-0.28793962792741046,-0.4894259818731118,0.012658227848101222,-0.12125068567131114,-0.39268292682926836
torch_transformer,xgboost,4,interest,d151b0c4,0.03446106528729198,0.06560544499795484,-0.018747378722214547,0.003841870491082866,0.19935691318327975,-0.13043478260869568,-0.006577579621002139,0.05914972273567465
torch_transformer,xgboost,4,interest,f1a0c120,-0.05429412383054777,-0.1228293983462535,-0.24401695924874733,-0.062486166205871996,-0.015873015873015872,-0.09271523178807939,-0.30223635551698513,-0.08333333333333326
torch_transformer,xgboost,4,focus,01c2a0d8,0.14486486486486494,0.16952744085089122,0.19951951951951963,0.09138284989652501,0.22666666666666668,0.06306306306306297,0.2058603480079032,0.10437710437710435
torch_transformer,xgboost,4,focus,30908049,-0.040129781420765065,0.034815667468174105,-0.01904030054644823,-0.0021260714816225823,-0.14583333333333331,0.06557377049180335,0.08161338999753642,0.04664179104477595
torch_transformer,xgboost,4,focus,40009139,0.053459119496855334,0.041929744914862344,0.06680906609706905,0.0944399187184064,-0.02515723270440251,0.13207547169811318,0.040788782380222655,0.037735849056603765
torch_transformer,xgboost,4,focus,7092f07b,-0.01546658986175109,-0.019248420870814575,0.00887096774193552,-0.04660777099741886,-0.018433179723502446,-0.012500000000000011,-0.03445328934786773,-0.01683501683501687
torch_transformer,xgboost,4,focus,8030618f,-0.17094984716404393,-0.23645140410430388,0.09792822370655496,0.11611549720045944,0.0547945205479452,-0.39669421487603307,-0.015838130123844385,-0.14981273408239704
torch_transformer,xgboost,4,focus,a1b210fc,0.17191919191919203,0.1869502208317998,0.16000000000000003,0.2898423611012745,0.07111111111111124,0.27272727272727276,0.18859726722726944,0.13731343283582087
torch_transformer,xgboost,4,focus,b112005d,0.10475570803265122,0.1105293771661211,0.15059742103395257,0.12970411057549913,0.05063291139240511,0.15887850467289721,0.13646974505639964,0.11290322580645151
torch_transformer,xgboost,4,focus,b1c2f044,0.10660726887791105,0.10048996383717024,0.08333333333333337,0.18536303449486846,0.04807692307692313,0.1651376146788991,0.09581715350789133,0.07838479809976251
torch_transformer,xgboost,4,focus,d151b0c4,0.10124901652242335,0.07300061424365112,0.10380605822187239,0.04702731362815582,0.217741935483871,-0.015243902439024293,0.06454740480610133,0.04867256637168138
torch_transformer,xgboost,4,focus,f1a0c120,0.1003330405504319,0.10827774667322687,0.08143024447372271,0.11444652395097565,0.09881422924901184,0.10185185185185186,0.11086335380792689,0.09972299168975074
torch_transformer,xgboost,5,attention,0001508a,-0.11960276338514686,-0.07055234044707726,-0.1623488773747841,-0.09870789840148031,-0.07253886010362698,-0.16666666666666663,-0.03800404906281585,-0.08056872037914686
torch_transformer,xgboost,5,attention,0110f12e,-0.08680829606243967,-0.07485301576399683,-0.022888713496448165,-0.012887953414028264,-0.3204419889502762,0.14682539682539686,-0.03309746339705755,-0.0484988452655889
torch_transformer,xgboost,5,attention,0182e16c,-0.2432123655913978,-0.24061042355330958,-0.22426075268817192,-0.17743175860273486,0.04583333333333339,-0.532258064516129,-0.22962728328581994,-0.151098901098901
torch_transformer,xgboost,5,attention,2182c1cd,-0.06067564809144721,-0.061558219412240156,-0.05598081241069608,-0.07140901023787904,-0.06338028169014087,-0.05797101449275366,-0.06292817113676596,-0.06071428571428572
torch_transformer,xgboost,5,attention,219060fa,-0.009589237154715935,-0.006956976384565827,-0.03363389151280938,-0.016182422343382408,-0.058394160583941535,0.039215686274509776,-0.012732579411000144,-0.006896551724137945
torch_transformer,xgboost,5,attention,71e10186,-0.3304400791837978,-0.36555053678643823,-0.3151616669204609,-0.24013742366863267,-0.14572864321608048,-0.5151515151515151,-0.3313535189503294,-0.36693548387096775
torch_transformer,xgboost,5,attention,8191f1d9,0.04179044304871837,0.007326518252447012,0.030597521643184522,0.012205756162640302,0.16788321167883213,-0.08430232558139528,0.002868684626576079,-0.012474012474012475
torch_transformer,xgboost,5,attention,81e150c1,-0.11244377811094453,-0.13141073779971157,-0.24831334332833588,-0.210412969112558,-0.13793103448275879,-0.08695652173913043,-0.14702854335838966,-0.1294964028776978
torch_transformer,xgboost,5,attention,c1a150b1,-0.055229442090755976,-0.0961249043364375,-0.10239395640855498,-0.06722352591997116,0.18881118881118886,-0.2992700729927007,-0.12017900938095938,-0.13189448441246998
torch_transformer,xgboost,5,attention,e0c0408a,0.0,0.0,,,,0.0,0.0,0.0
torch_transformer,xgboost,5,attention,f121f1e0,-0.18122448979591843,-0.2846213016994241,-0.1434868804664723,-0.13257379947099057,0.13142857142857134,-0.4938775510204082,-0.08732686776959353,-0.23333333333333334
torch_transformer,xgboost,5,engagement,0001508a,-0.03992869875222815,-0.05554570373936907,-0.04144385026737962,-0.019972999897380217,0.018181818181818188,-0.0980392156862745,-0.002792646158115142,-0.037735849056603765
torch_transformer,xgboost,5,engagement,0110f12e,0.0546030042918455,0.052845455525626694,-0.014120171673819848,-0.038946678239019095,0.16499999999999992,-0.05579399141630881,0.01996358435024337,0.04618937644341803
torch_transformer,xgboost,5,engagement,0182e16c,0.07182309543535725,0.023356519536744558,0.14427742928157195,0.06615489662416996,0.33613445378151263,-0.19248826291079812,0.06639481985492746,-0.003012048192771122
torch_transformer,xgboost,5,engagement,2182c1cd,0.07359148984071595,0.08642040275639407,0.08622727528564189,0.12445854659592337,0.1288343558282209,0.018348623853211232,0.05299382488025317,0.0845588235294118
torch_transformer,xgboost,5,engagement,219060fa,-0.022124374864100904,-0.034174006351897046,-0.06117271870696528,-0.0966515902481655,-0.004566210045662045,-0.03968253968253971,-0.03200325349892985,-0.017391304347826098
torch_transformer,xgboost,5,engagement,71e10186,-0.0441162221737762,-0.04512138512902597,-0.026124554901533203,-0.025908806818818464,-0.010791366906474864,-0.0774410774410772,-0.047539017607814205,-0.045217391304347765
torch_transformer,xgboost,5,engagement,8191f1d9,0.008635144198524403,-0.018036050756329858,0.10228034875922198,0.05423640590685885,-0.04225352112676051,0.059523809523809645,0.01003056174129302,-0.027538726333907138
torch_transformer,xgboost,5,engagement,81e150c1,-0.11644076305220885,-0.1620969267712769,-0.030471887550201027,-0.03448999663315144,-0.012048192771084376,-0.22083333333333333,-0.056766520532408604,-0.16718266253869968
torch_transformer,xgboost,5,engagement,c1a150b1,-0.04069971430003522,-0.04999592568574179,-0.24908525888426647,-0.20914942261058433,-0.042253521126760396,-0.039145907473309705,-0.31050517640323466,-0.04018912529550833
torch_transformer,xgboost,5,engagement,e0c0408a,-0.14136904761904756,-0.1847694022999264,-0.2410714285714286,-0.11951288519053949,-0.34523809523809523,0.0625,-0.16061165845648606,-0.2799999999999999
torch_transformer,xgboost,5,engagement,f121f1e0,0.004672240567694774,-0.012513069019929768,-0.013700555048127505,-0.011543133393131177,0.06976744186046513,-0.06042296072507558,-0.01752901402172724,-0.023913043478260954
torch_transformer,xgboost,5,excitement,0001508a,0.0027616062098819727,0.005111572278079568,0.0007463800567250045,-0.006231361691056203,-0.051948051948051854,0.05747126436781602,0.017191667191667204,0.0060975609756098725
torch_transformer,xgboost,5,excitement,0110f12e,0.011566276996235358,0.009268446597931579,0.0015107984941552521,0.0031326729283801535,0.0765306122448981,-0.05339805825242716,0.021896451811250328,0.00995024875621886
torch_transformer,xgboost,5,excitement,0182e16c,0.021502742946708397,0.03591764912406381,-0.0036246081504704986,-0.0057393431566670206,0.008522727272727182,0.034482758620689724,0.05405263195017529,0.01049868766404205
torch_transformer,xgboost,5,excitement,2182c1cd,-0.03116883116883118,-0.02479686139574344,-0.01674397031539898,-0.009228319769802873,-0.07142857142857151,0.00909090909090915,-0.003383181555654091,-0.01572327044025157
torch_transformer,xgboost,5,excitement,219060fa,-0.02257412398921832,-0.024129070734682623,-0.038465858041329626,-0.017496087958089213,-0.0357142857142857,-0.009433962264150941,-0.024446167231329974,-0.016891891891891886
torch_transformer,xgboost,5,excitement,71e10186,-0.050249278404618125,-0.05687469467403994,-0.026912227761742402,-0.01743239523052509,-0.01941747572815522,-0.08108108108108103,-0.06664461099417107,-0.055776892430278724
torch_transformer,xgboost,5,excitement,8191f1d9,-0.06986763236763238,-0.08857825463187863,-0.08402534965034991,-0.08112809117184727,-0.1607142857142857,0.020979020979021157,-0.009977459778934605,-0.05882352941176472
torch_transformer,xgboost,5,excitement,81e150c1,-0.0028879768961846963,-0.01434473381515855,0.02963976288189718,0.00756277686297302,0.04651162790697683,-0.05228758169934644,-0.0008988089049087877,-0.0167364016736401
torch_transformer,xgboost,5,excitement,c1a150b1,-0.017009916094584354,-0.12065927338189186,0.019069412662090057,0.011865491546741103,-0.12173913043478257,0.08771929824561409,-0.16112600963819246,-0.09203980099502496
torch_transformer,xgboost,5,excitement,e0c0408a,0.040519067796610186,0.08634988954931566,-0.01536016949152541,-0.02657347681204769,0.23728813559322037,-0.15625,0.06928271702071853,0.09890109890109888
torch_transformer,xgboost,5,excitement,f121f1e0,0.09591194968553463,0.1297936700204586,0.031778902694687305,0.011209732333140598,0.0,0.1918238993710692,0.05518859597504999,0.13832199546485258
torch_transformer,xgboost,5,stress,0001508a,0.17209893666204346,0.1964086607279455,0.15564801972568953,0.15968603183739993,0.32038834951456313,0.023809523809523614,0.11700996746894088,0.1572052401746724
torch_transformer,xgboost,5,stress,0110f12e,-0.022211439969809676,-0.022275454866867328,-0.009470411702337977,-0.01541705803375848,0.012345679012345845,-0.05676855895196509,-0.01506306193806195,-0.021186440677966156
torch_transformer,xgboost,5,stress,0182e16c,-0.13043478260869568,-0.20874601487639127,-0.3534002229654404,-0.2248009777586749,-0.2222222222222222,-0.03864734299516881,-0.4968752305535746,-0.10493827160493818
torch_transformer,xgboost,5,stress,2182c1cd,0.028761061946902644,0.037577730854341906,-0.019525214215479814,-0.07372115628767051,0.057522123893805344,0.0,0.0170287177751125,0.03693181818181823
torch_transformer,xgboost,5,stress,219060fa,0.08637873754152825,0.060825871774528695,0.05897009966777422,0.012960212267256854,0.1785714285714286,-0.005813953488372214,0.03758525956801817,0.020000000000000018
torch_transformer,xgboost,5,stress,71e10186,-0.06681095657110414,-0.061774077913329783,-0.034386277928713405,-0.023042815171615327,-0.11439114391143912,-0.019230769230769162,-0.05817164787153928,-0.0598425196850394
torch_transformer,xgboost,5,stress,8191f1d9,0.061960053895537714,0.12004566967723401,0.041286888061081384,0.07790306713885475,0.14004914004914,-0.01612903225806439,0.002201120812179269,0.0910623946037099
torch_transformer,xgboost,5,stress,81e150c1,-0.09806338028169015,-0.10537298133563644,-0.05167253521126769,-0.055663696425107156,-0.021126760563380365,-0.17499999999999993,-0.08414531268449821,-0.10264900662251653
torch_transformer,xgboost,5,stress,c1a150b1,0.2173202614379085,0.021223458920949567,0.20761245674740503,0.018820899515386236,0.5294117647058825,-0.09477124183006536,0.034601561960052485,-0.061919504643962786
torch_transformer,xgboost,5,stress,e0c0408a,-0.037518037518037506,-0.01558330033029709,0.0028860028860029363,0.015709850543678017,0.02020202020202022,-0.09523809523809523,0.03154343498405643,0.0
torch_transformer,xgboost,5,stress,f121f1e0,-0.0395694209109938,-0.06458755894337154,-0.021883340531800632,-0.028508324784759842,0.005249343832020803,-0.08438818565400841,-0.0085755030895458,-0.029126213592232997
torch_transformer,xgboost,5,relaxation,0001508a,0.1364850427350428,0.20131964814828224,-0.06901709401709388,-0.06988800683390095,0.3076923076923077,-0.03472222222222221,0.013548683863543909,0.0717703349282297
torch_transformer,xgboost,5,relaxation,0110f12e,-0.018208642680373144,-0.020979753559981273,-0.011745669141442816,-0.008896332711055832,0.014563106796116498,-0.050980392156862675,-0.020221812789556814,-0.021691973969631184
torch_transformer,xgboost,5,relaxation,0182e16c,0.10465116279069764,0.12108179827191468,0.1300325081270317,0.23366370898932565,0.0,0.20930232558139528,0.013367475138944762,0.02795031055900621
torch_transformer,xgboost,5,relaxation,2182c1cd,-0.02544802867383511,-0.026306144633287065,-0.02168458781362026,-0.0336105187365634,-0.056451612903225756,0.005555555555555425,-0.008074670640948467,-0.019736842105263164
torch_transformer,xgboost,5,relaxation,219060fa,-0.007773109243697451,-0.0311470566047225,-0.021113445378151185,-0.009292615017545525,0.02857142857142858,-0.044117647058823484,-0.049850043138275346,-0.0292397660818714
torch_transformer,xgboost,5,relaxation,71e10186,-0.0482412324517586,-0.051138367256360784,-0.010715600189284413,-0.012456111226411992,-0.051948051948051965,-0.04453441295546556,-0.053506568762813345,-0.049050632911392444
torch_transformer,xgboost,5,relaxation,8191f1d9,-0.03035606257021861,-0.03864430342835401,-0.15262293665197457,-0.14900012889577174,-0.06321839080459768,0.0025062656641603454,-0.0005361098068967785,-0.017452006980802737
torch_transformer,xgboost,5,relaxation,81e150c1,-0.032155172413793065,-0.09409485508148563,-0.020603448275861913,-0.014830864865359117,0.19000000000000006,-0.2543103448275862,-0.06291016001542327,-0.12048192771084343
torch_transformer,xgboost,5,relaxation,c1a150b1,-0.11746411483253594,-0.1863337669656352,-0.06791267942583745,-0.03720032364910231,-0.2894736842105264,0.054545454545454564,-0.06430434431098775,-0.19806763285024165
torch_transformer,xgboost,5,relaxation,e0c0408a,-0.2071220930232558,-0.23967066072329235,0.04505813953488369,0.07986889118802487,0.023255813953488413,-0.4375,-0.008116883116883189,-0.10169491525423724
torch_transformer,xgboost,5,relaxation,f121f1e0,0.010000000000000009,0.013268399060606062,-0.018033175355450126,-0.01780016248521188,0.0,0.020000000000000018,0.0037829890992541193,0.009732360097323589
torch_transformer,xgboost,5,interest,0001508a,0.028859624544690488,0.031194364312472578,0.05295601008685902,0.03311068659971306,0.06976744186046507,-0.012048192771084154,0.004947552447552406,0.015873015873015817
torch_transformer,xgboost,5,interest,0110f12e,0.0063559322033897026,-0.009512007603056039,-0.012316862970410791,-0.006250622329409761,0.06779661016949146,-0.05508474576271183,-0.013126112382405242,-0.01412429378531066
torch_transformer,xgboost,5,interest,0182e16c,-0.16666666666666674,-0.2458510629846662,-0.1357128453317199,-0.05776177481397271,0.0,-0.33333333333333337,-0.06415530785233026,-0.2443820224719102
torch_transformer,xgboost,5,interest,2182c1cd,0.12350427350427351,0.14552111474773732,0.016809116809116786,0.02275170382491798,0.2777777777777778,-0.03076923076923066,0.08465304334314538,0.1404109589041096
torch_transformer,xgboost,5,interest,219060fa,-0.033333333333333326,-0.10273174031057752,0.05378787878787861,0.009310712201609173,0.09999999999999998,-0.16666666666666663,-0.05013664761351888,-0.13157894736842102
torch_transformer,xgboost,5,interest,71e10186,-0.16906961351405791,-0.18891414047159083,-0.10016115571671114,-0.09005817848720776,-0.016460905349794053,-0.3216783216783218,-0.12222887453380737,-0.18147448015122858
torch_transformer,xgboost,5,interest,8191f1d9,0.0017182130584192379,0.0032226622841543817,-0.06563904308749668,-0.06094497328262741,0.0034364261168385035,0.0,0.0001493827905278966,0.003154574132492094
torch_transformer,xgboost,5,interest,81e150c1,-0.04107929515418507,-0.07727000602172529,-0.05682819383259918,-0.005664983539003243,0.050000000000000044,-0.13215859030837007,-0.012104203468383812,-0.11740890688259109
torch_transformer,xgboost,5,interest,c1a150b1,0.13204508856682773,0.07516066228673168,0.09751297190910713,0.17216797273069973,-0.106280193236715,0.37037037037037035,0.03139313083557094,0.02777777777777779
torch_transformer,xgboost,5,interest,e0c0408a,0.1,0.0757575757575757,,,,0.1,0.0,0.1
torch_transformer,xgboost,5,interest,f121f1e0,-0.1053965708646849,-0.1462768967907323,-0.04702109288269407,-0.026866792612799673,0.004132231404958775,-0.2149253731343284,-0.04104428626487444,-0.12305025996533792
torch_transformer,xgboost,5,focus,0001508a,0.16766623207301168,0.14822582577503396,0.10664928292046949,0.1581299090321555,-0.03389830508474578,0.36923076923076925,0.0837231502512833,0.10928961748633881
torch_transformer,xgboost,5,focus,0110f12e,0.016668156224863617,0.005423157683795976,0.05740757291387366,0.017057985011550203,-0.13432835820895528,0.16766467065868262,0.0209928049367456,0.0027173913043477826
torch_transformer,xgboost,5,focus,0182e16c,0.14312267657992572,0.24404036116551553,0.01365766930661061,-0.02409680404267378,0.2862453531598513,0.0,0.03367346938775517,0.2278106508875739
torch_transformer,xgboost,5,focus,2182c1cd,-0.009931306246339089,0.0036402265787172094,0.10852548059002087,0.0609524300145865,-0.1573033707865169,0.13744075829383884,0.18848982045831963,0.050000000000000044
torch_transformer,xgboost,5,focus,219060fa,-0.001212151197308553,-0.04507436426162692,0.11874134177716211,0.0939482103302075,-0.17177914110429449,0.1693548387096775,0.06934840491030647,-0.024390243902439046
torch_transformer,xgboost,5,focus,71e10186,0.013635574083724178,0.0013482133285970255,-0.006021654797058629,-0.0016387704212488252,0.07017543859649122,-0.04290429042904276,-0.022787887876107416,-0.002109704641349963
torch_transformer,xgboost,5,focus,8191f1d9,0.029358770535241052,0.003642892300081968,0.06575693340399202,0.088113126655335,-0.0980392156862745,0.1567567567567567,0.03419431961255315,-0.0020366598778004397
torch_transformer,xgboost,5,focus,81e150c1,0.14276595744680853,0.08071169149153223,0.16175531914893615,0.17948192486734238,-0.1399999999999999,0.4255319148936171,0.09411262017847077,0.04081632653061218
torch_transformer,xgboost,5,focus,c1a150b1,0.06190476190476202,0.06643695377561276,0.08520634920634917,0.14186728014970973,0.05714285714285716,0.06666666666666676,0.06741493480808658,0.05964912280701751
torch_transformer,xgboost,5,focus,e0c0408a,-0.06000000000000005,-0.12287712287712288,0.19000000000000006,0.3312707041809686,-0.12,0.0,-0.5152027027027027,-0.07500000000000001
torch_transformer,xgboost,5,focus,f121f1e0,0.15225533790009216,0.1071079523559566,0.2637303208748949,0.1532286654683752,0.3459119496855346,-0.04140127388535031,0.13994774852619773,0.08879492600422834
