model,outer_fold,pm,subject_id,delta_balanced_accuracy_vs_xgboost,delta_f1_vs_xgboost,delta_roc_auc_vs_xgboost,delta_pr_auc_vs_xgboost,delta_low_recall_vs_xgboost,delta_high_recall_vs_xgboost,delta_precision_vs_xgboost,delta_accuracy_vs_xgboost
random_forest,1,attention,30c140ca,0.03469525141111285,0.03860069505054187,0.03365957226451255,0.04243791925754703,-0.0325203252032521,0.1019108280254778,0.06703603603032093,0.04285714285714293
random_forest,1,attention,3110e0c7,0.007352941176470562,0.01455153192871661,-0.16409612625538028,-0.12101644607688844,0.0,0.014705882352941194,0.0019137415982076744,0.009174311926605505
random_forest,1,attention,40f0714a,0.0625,0.0503349813338716,0.07870370370370372,0.04641636824304729,0.125,0.0,0.04706526432669178,0.04347826086956519
random_forest,1,attention,7150e10a,0.014595206282551287,0.02278295874135916,-0.02000109072069367,-0.028672934420816865,-0.05069124423963134,0.0798816568047338,0.032049831240767324,0.028828828828828867
random_forest,1,attention,71f0603f,-0.003775620280474623,-0.007715439976702432,-0.02680890167405825,-0.06721064804366761,0.1035598705501618,-0.11111111111111116,0.0016575143656626379,-0.006319115323854652
random_forest,1,attention,81f1f0fe,-0.08132756132756136,-0.12540736704271643,-0.04834054834054835,-0.10492126418743075,0.02020202020202,-0.1828571428571428,-0.0784211777094157,-0.07506702412868627
random_forest,1,attention,a1721173,-0.09084063526834607,-0.09956521975171762,-0.021221248630887257,-0.05020766651584008,0.21590909090909083,-0.3975903614457831,-0.041173220211253136,-0.08187134502923976
random_forest,1,attention,c060c06a,0.09999999999999998,0.11020761643856725,0.023758573388203086,0.02694170711572952,0.28148148148148144,-0.08148148148148149,0.055761633438963565,0.09999999999999998
random_forest,1,attention,c112918e,-0.00923482849604218,-0.015611221511587281,-0.06507011095620496,-0.04062170662908371,-0.018469656992084388,0.0,-0.006755196332308588,-0.01151315789473678
random_forest,1,attention,d111e017,-0.004273367220948288,-0.003829745204792623,0.0004222589248964459,-0.0027501959111536634,-0.021791767554479424,0.013245033112582738,-0.0024005975782565026,-0.0034642032332563577
random_forest,1,attention,f1d06060,-0.11201466336224697,-0.1733902569236056,-0.016263940520445996,-0.0145706899630893,0.01388888888888895,-0.237918215613383,-0.03674541503618034,-0.18475073313783003
random_forest,1,engagement,30c140ca,-0.0033234383066598205,-0.06890277434849945,-0.00032266391326796207,-0.033903299146520016,-0.36241610738255037,0.35576923076923084,0.05467507762636081,-0.06719367588932801
random_forest,1,engagement,3110e0c7,-0.0535100012740477,-0.051683101026655076,-0.08087017454452805,-0.08863936941679584,-0.14893617021276606,0.041916167664670656,-0.038829151732377554,-0.026819923371647514
random_forest,1,engagement,40f0714a,0.05324675324675321,0.059600614439324184,0.027056277056277223,0.028828158604426002,-0.036363636363636376,0.14285714285714296,-0.008799171842650111,0.04123711340206182
random_forest,1,engagement,7150e10a,0.023035230352303482,0.020284757079368165,-0.01025348668120818,-0.011641718553793257,-0.027100271002709952,0.07317073170731714,-0.029497464848479926,0.0037523452157598447
random_forest,1,engagement,71f0603f,-0.015870187941032676,-0.015547257521906,-0.013438831831202314,-0.008011445816054286,-0.05994550408719346,0.028205128205128216,-0.011156904353359809,-0.014531043593130732
random_forest,1,engagement,81f1f0fe,-0.03061001498501492,-0.0012256044163320157,-0.012315809190809213,0.0015242977160520033,-0.1208791208791209,0.05965909090909094,0.0010388824244246253,0.02257336343115124
random_forest,1,engagement,a1721173,0.006221198156681984,0.002698261852187578,0.0185483870967742,0.008460554665483011,0.02857142857142858,-0.016129032258064613,-0.04437293129976616,-0.0062893081761006275
random_forest,1,engagement,c060c06a,0.009693182728510719,0.01076089133815561,0.00500680926059438,-0.00017464452888504844,-0.0273972602739726,0.04678362573099415,0.022452350657767406,0.012618296529968376
random_forest,1,engagement,c112918e,-0.021191097678252446,-0.02260350889965168,-0.01471355955488396,-0.005243077842807309,-0.08620689655172409,0.043824701195219085,-0.026942227349254888,-0.025878003696857665
random_forest,1,engagement,d111e017,-0.008515815085158196,-0.010202585723350532,0.09272808763780716,0.15911862342858263,-0.017031630170316392,0.0,-0.0038828455691722885,-0.008443908323281124
random_forest,1,engagement,f1d06060,-0.014056224899598346,-0.018464618402537658,-0.012648886142862081,-0.056927079259195046,-0.02811244979919658,0.0,-0.04048165311283758,-0.01912568306010931
random_forest,1,excitement,30c140ca,0.04518072289156638,0.05454065187092061,0.02734939759036137,0.025253082709621233,0.09036144578313254,0.0,0.04227321850726096,0.05639097744360899
random_forest,1,excitement,3110e0c7,0.009984639016897057,0.01988268456040343,0.025320846340617265,0.005778937341034185,-0.021505376344086002,0.041474654377880116,0.015923476139344306,0.022580645161290325
random_forest,1,excitement,40f0714a,-0.004237288135593209,-0.006928580619974145,-0.007415254237288171,-0.11968147306769594,-0.008474576271186418,0.0,-0.003371589089245286,-0.007936507936507908
random_forest,1,excitement,7150e10a,-0.005289248882397235,0.002918199990885495,-0.00618554419510442,0.004101483907553383,0.009029345372460473,-0.019607843137254943,0.01954711375596674,0.00366972477064198
random_forest,1,excitement,71f0603f,0.006941603907509419,0.007644608202869607,-0.0015519357089578412,-0.005707744001039572,0.006688963210702337,0.007194244604316613,0.010530658219495947,0.006983240223463638
random_forest,1,excitement,81f1f0fe,0.024444573015505733,0.02515218655040452,0.015664776672066782,0.008404048452586355,0.04026845637583898,0.008620689655172376,0.02070702369366928,0.02099737532808399
random_forest,1,excitement,a1721173,-0.005867709815078337,0.004120835326000383,-0.010075865339023271,-0.00893594311264001,-0.06578947368421073,0.054054054054053946,0.006186868686868685,0.005347593582887722
random_forest,1,excitement,c060c06a,0.008583690987124415,0.012121392047588997,0.014826375341396747,0.024178066444195845,0.01716738197424894,0.0,0.004829592228747015,0.014440433212996373
random_forest,1,excitement,c112918e,-0.025078068039563584,-0.03697917377919402,0.014272350845335957,0.021104339264108707,-0.07046070460704601,0.02030456852791862,-0.014590585957834579,-0.03886925795052998
random_forest,1,excitement,d111e017,-0.011608598590313046,-0.011312032303373631,9.782526901924715e-05,-0.003910143316251169,-0.017031630170316392,-0.0061855670103095894,-0.01082613651626041,-0.01116071428571419
random_forest,1,excitement,f1d06060,-0.060267857142857206,-0.05510410754849704,0.011685267857143189,0.008339051899592165,-0.1312500000000001,0.010714285714285565,-0.02286842579647108,-0.040909090909091006
random_forest,1,stress,30c140ca,-0.0007625272331154287,0.00028936796048728564,0.021721132897603468,0.007346239339214189,-0.00740740740740764,0.00588235294117645,-0.0029679120709507067,0.0
random_forest,1,stress,3110e0c7,0.04133118625872251,0.054538734166596825,0.1373680443728753,0.14010555406925568,0.0579710144927536,0.024691358024691357,0.0820009780855957,0.045662100456621
random_forest,1,stress,40f0714a,0.0714285714285714,0.06536470408072115,0.0012965582272512766,-0.002633555586869618,0.0,0.1428571428571428,0.04088213829593135,0.04195804195804187
random_forest,1,stress,7150e10a,-0.003341450216450159,-0.004155774580569704,-0.004822781385281361,-0.0032709438178448735,0.0028409090909090606,-0.00952380952380949,0.0034686818731002322,-0.001779359430605032
random_forest,1,stress,71f0603f,0.009305654974946287,0.0032170738364708518,-0.0024854847689492754,-0.01906996654123183,0.06060606060606066,-0.04199475065616798,-0.0018223381249011794,0.0
random_forest,1,stress,81f1f0fe,0.09272884107976453,0.11750555523915052,0.10576077396657868,0.04775111250842268,0.019230769230769273,0.16622691292876002,0.06273104603407031,0.12336448598130834
random_forest,1,stress,a1721173,0.050054259359739506,0.041740545688934594,0.003617290649303828,-0.01596190999164293,-0.005154639175257825,0.10526315789473684,0.024749476865845277,0.019920318725099584
random_forest,1,stress,c060c06a,0.022935779816513735,0.02969855058664783,0.03634438955539876,0.04657592937026789,0.04587155963302747,0.0,0.011877559936852466,0.027700831024930705
random_forest,1,stress,c112918e,-0.023701233070547834,-0.05578006029808863,0.018378141634660894,0.003890091916280203,-0.06701030927835051,0.019607843137254832,0.02402962181859125,-0.028818443804034588
random_forest,1,stress,d111e017,0.010351966873706098,0.009730347067414713,0.015720331995822567,0.014765539018584461,0.0,0.020703933747411973,0.009176423105968223,0.009541984732824416
random_forest,1,stress,f1d06060,-0.009624851468341578,-0.012936801546114318,0.001867255134951673,0.021268601335155957,-0.014598540145985384,-0.0046511627906977715,-0.010549734125742782,-0.010224948875255602
random_forest,1,relaxation,30c140ca,0.0026595744680850686,0.0027605917354049936,-0.04119550662103855,-0.06936803545567438,0.0,0.005319148936170137,0.008135321151842456,0.0030211480362538623
random_forest,1,relaxation,3110e0c7,-0.05483870967741933,-0.05747246362961511,-0.013553388347086748,-0.04264777931207209,-0.10967741935483877,0.0,-0.06778694611040159,-0.059859154929577496
random_forest,1,relaxation,40f0714a,0.011363636363636465,0.012346190078148855,0.0029761904761904656,0.0023669958576010286,0.0,0.022727272727272818,0.006818181818181834,0.011627906976744096
random_forest,1,relaxation,7150e10a,0.002577319587628857,0.004142664230455506,-0.029830913566154194,-0.04662241406771073,0.0,0.005154639175257825,0.00106620062267615,0.0020703933747412417
random_forest,1,relaxation,71f0603f,-0.03894515863740633,-0.04093939876720787,-0.013277496429035418,-0.00787648351670378,-0.03594771241830064,-0.04194260485651202,-0.0445726366941952,-0.03952569169960474
random_forest,1,relaxation,81f1f0fe,0.021959117587532884,0.027727601186763096,-0.02400548696844995,-0.03631116418846525,0.04938271604938271,-0.005464480874316946,0.009170650712119421,0.025821596244131495
random_forest,1,relaxation,a1721173,0.0071428571428571175,0.006110110313283901,-0.002699662542182457,-0.024507896054610567,0.0,0.014285714285714235,0.004913654984238347,0.005076142131979711
random_forest,1,relaxation,c060c06a,0.0,0.0,-0.029165656075673008,-0.008563689750014536,0.0,0.0,0.0,0.0
random_forest,1,relaxation,c112918e,-0.005813953488372103,-0.011907762137036593,0.008607094467026566,0.01451143034743474,-0.0116279069767442,0.0,-0.001471290857480101,-0.0049423393739703725
random_forest,1,relaxation,d111e017,0.0006311775405992703,5.734128219836432e-05,-0.0009248504240724209,-0.00024681700836604037,0.009029345372460584,-0.007766990291261933,-8.460158448320154e-05,0.0
random_forest,1,relaxation,f1d06060,-0.05968134834419647,-0.08294923663330767,-0.04124695503324782,-0.08513962694557942,-0.108433734939759,-0.010928961748633892,-0.03757630259395228,-0.06712962962962954
random_forest,1,interest,30c140ca,0.20775811783006032,0.050990604108608506,0.052741590511374614,0.021441226155013093,-0.11151079136690642,0.5270270270270271,0.15981986239994705,0.022727272727272707
random_forest,1,interest,3110e0c7,0.09337455055687105,0.09402777712877841,0.1373103569236166,0.21234823117327806,0.09944751381215466,0.08730158730158732,0.08996219383892323,0.09446254071661231
random_forest,1,interest,40f0714a,0.023809523809523725,0.029169258798435793,0.017148526077097603,0.014502987528905775,0.0,0.047619047619047616,0.010458754208754195,0.015873015873015817
random_forest,1,interest,7150e10a,0.010992727887705112,0.032839096870320716,-0.06189751395230847,-0.04604839704435837,-0.0273972602739726,0.049382716049382686,-0.011794068504594857,0.025531914893617003
random_forest,1,interest,71f0603f,-0.011467101095121723,-0.008702995699926053,-0.017250429903158726,-0.016239817341667906,-0.055118110236220486,0.03218390804597704,-0.014153102400113804,-0.008578431372548989
random_forest,1,interest,81f1f0fe,0.021339101711512876,0.023979244622178042,-0.004925532381356068,-0.005137945940205557,-0.018050541516245522,0.06072874493927116,0.0071920071100055605,0.01908396946564883
random_forest,1,interest,a1721173,-0.04441344883277054,-0.04546977422338161,-0.021509323153722004,-0.04382436478520835,-0.007194244604316613,-0.08163265306122447,-0.03148885997723205,-0.03797468354430378
random_forest,1,interest,c060c06a,0.03706332708005888,0.03920273615225367,0.0578258885565075,0.048886808742272914,0.04958677685950419,0.024539877300613355,0.03928930785064566,0.03521126760563387
random_forest,1,interest,c112918e,-0.035335689045936425,-0.0718760190767741,-0.08144792591228034,-0.07183041228456766,-0.0706713780918728,0.0,-0.0092776207080012,-0.04048582995951422
random_forest,1,interest,d111e017,0.01193310138558279,0.00845815781771242,0.00622342265356346,0.0035584921149097726,-0.015503875968992165,0.03937007874015752,0.008068812348844379,0.007803790412485911
random_forest,1,interest,f1d06060,0.03128259811307632,0.031833068437309486,0.058902617121398326,0.08015764057421482,0.02904564315352698,0.03351955307262566,0.03646277115497365,0.030952380952380953
random_forest,1,focus,30c140ca,0.055890603085553936,0.058687251033104904,-0.027886863020102903,-0.0027960875408857833,0.01612903225806439,0.09565217391304348,0.04700775114659017,0.046511627906976716
random_forest,1,focus,3110e0c7,0.024132062627637896,0.012461306365575076,0.05265486725663715,-0.0008258884421058488,0.06153846153846154,-0.013274336283185861,0.015570964413074706,0.0034364261168384758
random_forest,1,focus,40f0714a,0.012396694214876103,0.014328648980300895,-0.08264462809917361,-0.6541310541310541,0.02479338842975204,0.0,0.0007495003331112748,0.024193548387096808
random_forest,1,focus,7150e10a,0.07375437062937062,0.12025347084807647,0.030730987762237816,0.010554478161258096,0.20432692307692318,-0.05681818181818177,0.045788450253194335,0.15873015873015872
random_forest,1,focus,71f0603f,0.014044117647058929,0.015280823730974169,0.010628676470588183,0.009853370508223658,0.020588235294117685,0.007500000000000062,0.013769304732732301,0.013513513513513487
random_forest,1,focus,81f1f0fe,0.21522257551669322,0.15908495205162393,0.20822734499205087,0.054756193689993626,0.3088235294117647,0.1216216216216216,0.12025062594934083,0.15068493150684925
random_forest,1,focus,a1721173,-0.011072261072261114,0.004683154235145426,-0.036421911421911424,-0.030374521794701237,0.10606060606060597,-0.1282051282051282,-0.06115491624432878,-0.02083333333333337
random_forest,1,focus,c060c06a,0.018828030608135315,-0.013902538217189453,0.005638340716874746,0.0894519439519393,-0.03926701570680624,0.07692307692307687,-0.0006207294236069139,-0.03544303797468362
random_forest,1,focus,c112918e,0.0117325483599664,-0.0003799914847528729,-0.007232968881413004,0.019358415189932976,-0.03170731707317076,0.05517241379310345,-0.017495046452897567,-0.009009009009008917
random_forest,1,focus,d111e017,-0.005955289865778757,-0.005971183983885298,0.005219402425303166,0.0071344176561688455,-0.004784688995215336,-0.0071258907363420665,-0.006403250829017493,-0.005959475566150174
random_forest,1,focus,f1d06060,-0.010269896193771721,-0.006341103941621573,-0.004041522491349592,0.0015142827673245707,-0.02400000000000002,0.0034602076124568004,-0.006854016338021962,-0.004830917874396157
random_forest,2,attention,1081b177,-0.024390243902439046,-0.03497882171969391,-0.014011686991869943,-0.007566869105407603,-0.04878048780487809,0.0,-0.013035102513679675,-0.025188916876574208
random_forest,2,attention,517001af,0.07670454545454541,0.03319258568943373,-0.03879616477272718,-0.09238490249676323,-0.03409090909090906,0.1875,-0.026464808972976872,0.0
random_forest,2,attention,6030f0fd,-0.08358514638732206,-0.13129895798400704,-0.05837026591458505,-0.047492759633450565,-0.007352941176470673,-0.1598173515981735,-0.0808106557703494,-0.10140845070422538
random_forest,2,attention,7072a0e0,-0.0572390572390572,-0.09774375085004089,-0.19860243980846992,-0.23861608002587642,-0.1144781144781145,0.0,-0.03941955578361356,-0.06854838709677424
random_forest,2,attention,71a251fa,-0.029511090643947968,-0.03880623145447304,-0.019456596822472916,-0.020010835062558407,-0.10852713178294571,0.04950495049504955,-0.019782351937728704,-0.03913043478260869
random_forest,2,attention,71c09041,-0.018987341772152,-0.017377559988603464,-0.022798421124268442,-0.011906962811415234,-0.03797468354430389,0.0,-0.02200814393619832,-0.01744186046511631
random_forest,2,attention,a02151ac,-0.006174282264033382,-0.019049042738151112,-0.038954462233648846,-0.07114209440020691,-0.020100502512562804,0.007751937984496027,0.10953779455982093,-0.004376367614879584
random_forest,2,attention,d0e2d025,0.042665220796433534,0.03405044544249569,-0.030851256099765023,-0.07531827276718794,-0.029821073558647937,0.11515151515151523,-0.04675072800072799,0.005988023952095856
random_forest,2,attention,d18000a3,-0.07678457776437886,-0.10950016925233541,-0.04324523498475874,-0.04644426678500635,-0.1822429906542056,0.028673835125447966,0.007536142678777447,-0.06288032454361059
random_forest,2,attention,f0f2a1e1,-0.03251633986928115,-0.046343670809575466,-0.018082788671023864,-0.018077467242849643,0.02941176470588247,-0.09444444444444444,-0.026031569840976987,-0.049645390070921946
random_forest,2,engagement,1081b177,-0.010854092526690451,-0.009313651060181227,-0.05648477659153839,-0.04896594749193561,-0.1,0.0782918149466193,0.10765479504282371,0.03504043126684642
random_forest,2,engagement,517001af,-0.08116268589454712,-0.02599691886777189,-0.044749887336638206,-0.008718195963248854,-0.22857142857142854,0.06624605678233442,-0.003520746957899279,0.03693181818181823
random_forest,2,engagement,6030f0fd,-0.05102726574500771,-0.05751542879437488,-0.05119527649769573,-0.07195532711540253,-0.0267857142857143,-0.07526881720430123,-0.08467520435824327,-0.057046979865771785
random_forest,2,engagement,7072a0e0,0.011537045713138294,0.02209960871185257,-0.04417375008366231,-0.03490665767533452,-0.04035874439461884,0.06343283582089548,-0.015639785305308185,0.016293279022403295
random_forest,2,engagement,71a251fa,-0.02311552423660046,-0.03831919754151791,-0.046124279308135785,-0.011850804699093165,-0.023809523809523725,-0.022421524663677195,-0.05265173512124721,-0.02264150943396237
random_forest,2,engagement,71c09041,-0.02437659846547313,-0.026750448749413125,-0.018771978900255726,-0.01782918478928186,0.011029411764705843,-0.05978260869565222,0.001991134284199725,-0.01754385964912286
random_forest,2,engagement,a02151ac,-0.020400772573635928,0.003405935579188224,-0.02728150651858996,-0.03729861718847782,-0.21052631578947373,0.16972477064220182,0.018750408008692765,0.03915662650602414
random_forest,2,engagement,d0e2d025,-0.01852612553401234,-0.02510911040586472,-0.0266698159710812,-0.013948748266858768,-0.01470588235294118,-0.022346368715083997,-0.05000259474215496,-0.020242914979757054
random_forest,2,engagement,d18000a3,-0.05823094767591719,-0.07498764058088392,0.01763467651860151,0.019406761183121346,-0.15044247787610626,0.03398058252427183,-0.008110646740965954,-0.0625
random_forest,2,engagement,f0f2a1e1,0.001375029464917077,-3.48374997648504e-05,-0.0007464445666693909,0.0027357231265179305,0.013986013986013957,-0.011235955056179803,0.0037338634594091813,0.0
random_forest,2,excitement,1081b177,-0.017948717948718107,-0.017372416504528365,0.0040959040959039905,0.004046095302545627,-0.03589743589743599,0.0,-0.01245012022723302,-0.016431924882629012
random_forest,2,excitement,517001af,0.032608695652173836,0.03186095644904208,-0.026941657376440165,-0.026638511658426678,0.0652173913043479,0.0,0.013785755579497794,0.024193548387096753
random_forest,2,excitement,6030f0fd,0.007167904290429017,0.013254662303477938,0.011757425742574434,0.008684360409306757,0.024752475247524663,-0.01041666666666663,0.016581310886927714,0.01342281879194629
random_forest,2,excitement,7072a0e0,-0.08785714285714286,-0.08604190797739164,-0.1071428571428572,-0.03517773785953415,-0.08999999999999997,-0.08571428571428574,-0.065324224630404,-0.08666666666666667
random_forest,2,excitement,71a251fa,-0.032608695652173836,-0.02099574365927237,-0.005403367680321569,-0.00949817588845936,0.0,-0.06521739130434778,-0.013285869903517211,-0.013698630136986356
random_forest,2,excitement,71c09041,-0.0025265957446808374,0.026093938712298925,0.003390957446808396,0.0016157845029632911,0.03749999999999998,-0.04255319148936165,0.019776576520135203,0.027247956403269824
random_forest,2,excitement,9192c107,-1.0,-0.5,,,-1.0,,-0.5,-1.0
random_forest,2,excitement,a02151ac,-0.014532814005109529,-0.01815322691603083,-0.013726598818946778,-0.02170485493402763,-0.013192612137203241,-0.015873015873015928,-0.02233522904584284,-0.013861386138613652
random_forest,2,excitement,d0e2d025,-0.03448275862068961,-0.04672181333628611,-0.011000359195401987,-0.002574869491072662,0.0,-0.06896551724137934,-0.026524274106250467,-0.050632911392405
random_forest,2,excitement,d18000a3,-0.001831501831501825,-0.002263727942752536,-0.016553510184083575,-0.008625300273916614,0.0,-0.00366300366300365,-0.001394582688493795,-0.0023255813953488857
random_forest,2,excitement,f0f2a1e1,0.005934718100890302,0.012912078256943071,0.012084809036086774,0.002011384389998039,0.0,0.011869436201780381,0.015665463573585003,0.010025062656641603
random_forest,2,stress,1081b177,-0.0659772055719714,-0.0700987686837633,-0.01872097931616723,-0.015726612775647575,-0.11739130434782608,-0.01456310679611661,-0.055546641819495424,-0.06880733944954132
random_forest,2,stress,517001af,-0.03383838383838378,-0.044228094290672426,-0.01237373737373737,-0.0044162496691105835,-0.045454545454545414,-0.022222222222222032,-0.06758538466933162,-0.0267857142857143
random_forest,2,stress,6030f0fd,0.00048562548562558483,0.004705546709258379,0.018138111888111874,0.029272199209806837,0.020202020202020332,-0.019230769230769273,0.014293333670654995,0.0066225165562914245
random_forest,2,stress,7072a0e0,0.019230769230769273,0.012823794154109391,0.011286749899315107,0.00415090502753801,0.038461538461538436,0.0,0.013253525314876335,0.009765625
random_forest,2,stress,71a251fa,0.011627906976744207,0.013762554277535699,0.004085480829666754,0.004559061138162845,0.023255813953488413,0.0,0.0060064935064936265,0.012500000000000067
random_forest,2,stress,71c09041,-0.24603174603174602,-0.1220284863487963,-0.4381613756613757,-0.03225858479612964,-0.3333333333333333,-0.1587301587301588,-0.04840710275492893,-0.1627906976744186
random_forest,2,stress,9192c107,0.0,0.0,,,0.0,,0.0,0.0
random_forest,2,stress,a02151ac,-0.04554809148448724,-0.060651852271452866,0.014289597328466908,0.029190520553736388,-0.11307420494699649,0.02197802197802201,-0.024063220190263968,-0.06021505376344083
random_forest,2,stress,d0e2d025,-0.03143914424402228,-0.05134132824260207,-0.014929286270749631,-0.00711551285445744,0.03048780487804892,-0.09336609336609336,-0.030952252529127033,-0.05779334500875655
random_forest,2,stress,d18000a3,0.0024271844660194164,0.006197180179730144,0.0005644615037253553,6.71981934723398e-05,0.0,0.004854368932038833,0.009849052230336386,0.004016064257028051
random_forest,2,stress,f0f2a1e1,-0.00973968738982256,-0.00858371262227442,0.0030702785286168544,0.011958295862926183,-0.003731343283582156,-0.015748031496063075,-0.008305907847669491,-0.007594936708860689
random_forest,2,relaxation,1081b177,0.039007528038101036,0.06139316909724202,0.010262713166385162,0.005877296008414246,0.09540636042402817,-0.01739130434782621,0.04833899421204024,0.06281407035175879
random_forest,2,relaxation,517001af,-0.02211419311791063,-0.02551369009016169,-0.0007387284338956634,-0.005349610192964871,-0.01858736059479571,-0.02564102564102566,-0.02699520123428667,-0.02017291066282423
random_forest,2,relaxation,6030f0fd,0.0009712509712509476,-0.0038970091780169414,0.00905205905205897,0.005266882861954314,0.04040404040404033,-0.038461538461538436,0.003926081547381499,-0.004366812227074246
random_forest,2,relaxation,7072a0e0,-0.01610925306577493,-0.028266402167585913,0.005165366034931229,0.008471762016489581,0.06521739130434767,-0.09743589743589742,-0.013952845827960969,-0.03003003003003013
random_forest,2,relaxation,71a251fa,-0.03571428571428581,-0.028734649755839392,-0.014854921560460865,-0.023533513047005572,0.020408163265306034,-0.09183673469387754,-0.01315133038891958,-0.02448979591836753
random_forest,2,relaxation,71c09041,0.1015625,0.10931948953777593,0.003132200460829626,0.001957868226456494,0.203125,0.0,0.053227865749436165,0.09535452322738391
random_forest,2,relaxation,9192c107,0.0,0.0,,,0.0,,0.0,0.0
random_forest,2,relaxation,a02151ac,0.05493074988487834,0.04836741103573727,0.04866990188091114,0.037140049581011025,-0.02316602316602323,0.1330275229357798,0.06289154864853574,0.048218029350104885
random_forest,2,relaxation,d0e2d025,0.06912366912366918,0.09589866826471705,-0.006094731094731243,-0.005331036188761962,-0.04054054054054046,0.17878787878787877,0.026187143113990174,0.0905797101449276
random_forest,2,relaxation,d18000a3,0.010215243472124214,0.006240267288374568,0.02983415666901923,0.020281642495001195,0.05504587155963325,-0.0346153846153846,0.016383978147343603,0.006276150627615107
random_forest,2,relaxation,f0f2a1e1,-0.049578352330646,-0.04411983273295206,-0.01985450838661862,-0.03329639925847372,-0.01834862385321101,-0.08080808080808088,-0.04135434809153504,-0.03785488958990546
random_forest,2,interest,1081b177,0.010627530364372473,0.013446341940407391,-0.008190883190883236,-0.012928640029333915,0.025641025641025772,-0.004385964912280715,0.0020211943357009154,0.010822510822510845
random_forest,2,interest,517001af,0.04764155402211934,0.05320070733863835,-0.019756120616315265,-0.05114716284730969,0.06711409395973156,0.028169014084507005,0.03602368757301844,0.05454545454545445
random_forest,2,interest,6030f0fd,-0.041984732824427384,-0.03545139880639192,-0.04744906364984347,-0.06121382876349013,-0.08396946564885499,0.0,-0.07285161439410215,-0.040740740740740744
random_forest,2,interest,7072a0e0,-0.044129143214509114,-0.0580604841491249,-0.047203981655201344,-0.02551426941714674,-0.00813008130081272,-0.08012820512820507,-0.027808546825330516,-0.05977011494252882
random_forest,2,interest,71a251fa,0.016701316701316915,0.016600082656013204,-0.0031878031878033175,-0.023278260827833352,0.015384615384615441,0.018018018018017945,0.01677805625174056,0.016597510373443813
random_forest,2,interest,71c09041,-0.03366402116402112,-0.05375192752775959,-0.04346891534391539,-0.031191542772895042,0.017857142857142905,-0.08518518518518514,-0.05592032291247384,-0.054973821989528715
random_forest,2,interest,9192c107,0.0,0.0,,,0.0,,0.0,0.0
random_forest,2,interest,a02151ac,0.0075696134090295075,0.008758481889319158,0.01689645850229793,-0.013368895408079173,-0.021897810218978186,0.03703703703703709,0.024083056792928548,0.014164305949008416
random_forest,2,interest,d0e2d025,0.004714676568301712,0.010463780833040337,0.007025600938049603,0.0042447660951328015,0.13235294117647056,-0.12292358803986714,0.011747768694206129,0.012480499219968855
random_forest,2,interest,d18000a3,0.005795460671734309,0.0033229879887167746,-0.008787535716211159,-0.006219238116206838,0.024691358024691357,-0.013100436681222627,0.00021502531928130342,0.002557544757033292
random_forest,2,interest,f0f2a1e1,0.02625624219725342,0.012788640269700502,0.04584113607990037,0.018891943307384973,0.101123595505618,-0.04861111111111116,0.019474858626446268,0.008583690987124526
random_forest,2,focus,1081b177,-0.04209494016584736,-0.03368862885378754,-0.024368141417150713,-0.012067163478623577,-0.08759124087591241,0.003401360544217802,-0.02087495837495834,-0.025522041763341052
random_forest,2,focus,517001af,-0.016393442622950838,-0.01400992990134653,-0.08382626330910903,-0.08537834987627291,-0.032786885245901676,0.0,-0.006058112563149143,-0.009685230024213176
random_forest,2,focus,6030f0fd,0.06862238304471435,0.10470220348094716,0.013407857327474626,0.011504712396158912,0.15094339622641506,-0.013698630136986245,0.09347229455744654,0.10877192982456141
random_forest,2,focus,7072a0e0,-0.026787008844425086,-0.04180754532269915,-0.02972306800058,-0.005481536562681355,0.02631578947368418,-0.07988980716253447,-0.027486125012759044,-0.0545073375262054
random_forest,2,focus,71a251fa,-0.03598484848484851,0.03545445518337087,0.025252525252525304,-0.05299760488832339,0.13636363636363635,-0.20833333333333331,-0.0020006854321725775,0.09909909909909909
random_forest,2,focus,71c09041,-0.08066572237960346,-0.08350462869630093,-0.04603399433427757,-0.06094304234433079,-0.011331444759206777,-0.15000000000000002,-0.08534637726416738,-0.025445292620865034
random_forest,2,focus,9192c107,-0.5,-0.3333333333333333,,,-0.5,,-0.5,-0.5
random_forest,2,focus,a02151ac,-0.02215968313529293,-0.022539660179516363,-0.04235980821346674,-0.0341627647895838,-0.013550135501355087,-0.030769230769230826,-0.022928391107631008,-0.018036072144288484
random_forest,2,focus,d0e2d025,-0.006730298580518768,-0.07880813314976409,-0.011108391798553385,0.0022255133234770907,0.2222222222222222,-0.23568281938325986,-0.06203190050201768,-0.11525974025974017
random_forest,2,focus,d18000a3,-0.0071428571428571175,-0.029224782680739803,0.03849330357142855,0.00518735642679935,0.09999999999999998,-0.11428571428571432,-0.005726222381078783,-0.036363636363636376
random_forest,2,focus,f0f2a1e1,-0.026373626373626502,0.004840939875700223,0.01040031397174257,0.00257957677371079,-0.08571428571428574,0.03296703296703296,-0.00011780200556732456,0.022556390977443663
random_forest,3,attention,0012905a,-0.07305194805194815,-0.0797256470842238,-0.08317486085343206,-0.07605204937217558,-0.1071428571428572,-0.038961038961038974,-0.08667601255303847,-0.08294930875576034
random_forest,3,attention,20201194,-0.11076923076923073,-0.15510663914688688,-0.18061538461538462,-0.05934068635980361,0.040000000000000036,-0.2615384615384615,-0.06315789473684208,-0.21290322580645166
random_forest,3,attention,2162c09e,0.01590106007067138,0.01855174646044666,-0.009209833847079185,-0.05300829789702377,0.03180212014134276,0.0,0.016441919355671297,0.019108280254777066
random_forest,3,attention,21a031f6,-0.05332266566265065,-0.0814421912295451,0.00426510730421692,-0.008147037083950148,-0.11445783132530121,0.0078125,-0.020742650991698586,-0.061224489795918324
random_forest,3,attention,41e2010c,-0.08510520487264683,-0.10045476956283594,-0.04700996677740865,-0.07975896442382946,-0.15116279069767452,-0.019047619047619202,-0.07023543294263601,-0.07853403141361259
random_forest,3,attention,5001d09a,-0.056097560975609806,-0.06315130754989251,-0.0019163763066203376,-0.02033745399128606,-0.012195121951219412,-0.10000000000000003,-0.03922724784793752,-0.052631578947368474
random_forest,3,attention,50c02189,-0.12027814172283702,-0.11730264533354134,-0.2582913700295191,-0.12299298825589666,-0.11188811188811187,-0.1286681715575621,-0.08651028027256968,-0.12457337883959052
random_forest,3,attention,71f21142,-0.09563362891458072,-0.13250241946972752,-0.06878811688554642,-0.06124172294993935,-0.22516556291390732,0.03389830508474578,-0.03381166282343839,-0.08536585365853655
random_forest,3,attention,b0700166,-0.01646706586826352,-0.029439981013974603,-0.07776363440783118,-0.061285223172121706,-0.0359281437125749,0.0029940119760476502,0.0018914225309574206,-0.009980039920159722
random_forest,3,attention,d0724095,-0.025096119187792865,-0.029968278988777075,-0.012780848251832233,-0.06385487455739525,-0.01970443349753681,-0.030487804878048808,-0.04244431988810171,-0.02452316076294281
random_forest,3,attention,d142d110,0.04541062801932383,0.0471938050582551,0.03888888888888886,0.09771915002847675,-0.08695652173913038,0.1777777777777778,0.030067007460624517,0.04395604395604391
random_forest,3,engagement,0012905a,-0.03243174691016426,-0.03618907329690835,-0.02702453421877893,-0.0471658616096452,-0.016786570743405282,-0.04807692307692302,-0.038817416961787976,-0.027200000000000002
random_forest,3,engagement,20201194,0.05035386935839414,-0.008142097315093855,0.06941060447847791,0.06697843699688655,-0.21301775147929003,0.3137254901960783,0.08056498148926161,-0.014760147601476037
random_forest,3,engagement,2162c09e,-0.020475674442479885,-0.03340926316679804,0.014301602692066262,0.014042391002660581,-0.05617977528089879,0.015228426395939243,0.015989010989010954,-0.01866666666666672
random_forest,3,engagement,21a031f6,-0.002075765438505295,0.009628957344730127,0.0036325895173846545,-0.013805254819295842,0.028368794326241176,-0.03252032520325199,0.00581531344258468,0.014652014652014711
random_forest,3,engagement,41e2010c,-0.003739316239316337,-0.0059437899828366225,-0.019141737891737787,-0.03369096884287437,-0.05555555555555558,0.04807692307692313,0.0075570536919221665,-0.004716981132075415
random_forest,3,engagement,5001d09a,0.021185694150810397,0.023210583451982014,-0.007531712473573093,-0.007658796571358817,0.011363636363636465,0.03100775193798455,0.02960840386076735,0.02304147465437789
random_forest,3,engagement,50c02189,-0.11724806201550397,-0.15055295388291423,-0.13553566571467401,-0.2375166640084827,-0.23449612403100784,0.0,-0.12557360400724882,-0.16263440860215062
random_forest,3,engagement,71f21142,0.05627705627705626,0.07052223915591471,0.10012930792151564,0.15676206547121563,0.008658008658008587,0.10389610389610399,0.07572172429866941,0.032467532467532534
random_forest,3,engagement,b0700166,-0.009542054369640507,-0.010916259659940697,-0.026482393723772923,-0.03820000989937389,-0.013793103448275834,-0.005291005291005235,-0.0078105810126358755,-0.01043841336116913
random_forest,3,engagement,d0724095,0.08684329710144933,0.10248027664267778,-0.018587711352657132,-0.04985094934286638,0.21014492753623193,-0.03645833333333326,0.012766981972002878,0.06666666666666665
random_forest,3,engagement,d142d110,0.029150197628458385,-0.038946000236322886,-0.03260869565217406,-0.007141454500877109,0.09090909090909094,-0.03260869565217395,-0.11030187306783057,-0.019417475728155553
random_forest,3,excitement,0012905a,-0.021671826625387025,-0.025083328636988478,-0.012600491788658408,-0.012823193305591007,0.0,-0.04334365325077405,-0.016585733160027094,-0.02473498233215543
random_forest,3,excitement,20201194,0.027457978355975188,0.03861000665863057,0.013988026709647716,0.014426995872307558,0.06976744186046513,-0.014851485148514754,-0.008880131222972598,0.024064171122994638
random_forest,3,excitement,2162c09e,0.0357142857142857,0.028659775244570196,0.0005889281507656108,0.00034946046963524324,0.0714285714285714,0.0,0.015419429272424567,0.01634877384196176
random_forest,3,excitement,21a031f6,-0.024324324324324298,-0.026697055667358915,0.011947661947662058,0.014773285045615592,0.018018018018017945,-0.06666666666666665,-0.004525968093330501,-0.02314814814814814
random_forest,3,excitement,41e2010c,-0.04952185792349728,-0.051457435391705886,-0.004041438979963674,-0.005582869762188802,-0.04166666666666674,-0.05737704918032782,-0.04569645524579058,-0.05154639175257736
random_forest,3,excitement,5001d09a,0.015060240963855498,0.023940821270891477,-0.004665721710370829,-0.0013994252245742578,0.0,0.030120481927710885,0.021449515835171518,0.02304147465437789
random_forest,3,excitement,50c02189,0.17443407607153005,0.18758856450554406,0.14211077206925926,0.10627753536718898,0.07211538461538458,0.2767527675276753,0.16167316426482736,0.1878914405010439
random_forest,3,excitement,71f21142,0.007266963724991693,0.002067509149004443,-0.0013457340231466386,-0.008033282379734441,-0.01067615658362997,0.025210084033613467,-0.010179302452249295,0.0
random_forest,3,excitement,b0700166,-0.03500531726338174,-0.04726700513328219,-0.021357674583481145,-0.021961654857611146,-0.005494505494505475,-0.06451612903225812,-0.020954041695729675,-0.03953488372093017
random_forest,3,excitement,d0724095,-0.009046052631578982,-0.012541391101315913,1.468515037605922e-05,-0.00139674441831239,-0.03125,0.013157894736842035,-0.014743553630949702,-0.013297872340425565
random_forest,3,excitement,d142d110,-0.008928571428571397,-0.010841441839893773,0.019170168067226823,0.006139739166771796,0.0,-0.017857142857142905,-0.006915535444947163,-0.011111111111111072
random_forest,3,stress,0012905a,0.0352614938060436,0.0384401193920374,0.03522521121650357,0.01670590808243455,0.006116207951070374,0.06440677966101693,0.02990448219647379,0.0337620578778135
random_forest,3,stress,20201194,0.023726325062399023,0.017401378341372897,0.0006313316693584703,-0.0050867849631992534,-0.024489795918367308,0.07194244604316546,0.0035510422505068417,0.01041666666666663
random_forest,3,stress,2162c09e,-0.014902185422416614,-0.017191012017941487,-0.008540332239754034,-0.029241296893824265,-0.024024024024024038,-0.005780346820809412,-0.01271186213613651,-0.017786561264822143
random_forest,3,stress,21a031f6,-0.0066685856841297575,-0.01037312761726683,-0.019154193053156576,-0.05779422545908741,-0.01851851851851849,0.005181347150258975,-0.004176053902761989,-0.011199999999999988
random_forest,3,stress,41e2010c,-0.02898550724637683,-0.044755489154932826,-0.03750597228858099,-0.02147761686192884,0.0,-0.0579710144927536,-0.009726898615787571,-0.040268456375838924
random_forest,3,stress,5001d09a,0.018292682926829174,0.017017029229111857,0.009507381258023195,0.010197654278601087,0.0,0.03658536585365846,0.009375882106119615,0.012820512820512886
random_forest,3,stress,50c02189,-0.020609137055837556,-0.034271083700476934,-0.022611393119007395,-0.06744915753516256,-0.08121827411167509,0.040000000000000036,-0.006086884672041437,-0.016587677725118488
random_forest,3,stress,71f21142,-0.04878048780487809,-0.032469654528478054,-0.014672256097561065,-0.009189465818389975,-0.09756097560975618,0.0,-0.03075240504086041,-0.023668639053254448
random_forest,3,stress,b0700166,0.007878505157310922,0.014665202207212236,0.08553188548523627,0.046821467708751174,-0.005649717514124353,0.021406727828746197,-0.0015149800647775713,0.011904761904761862
random_forest,3,stress,d0724095,-0.04127751379103173,-0.02904160339222528,-0.01653558359276852,0.024955483565855974,-0.013927576601671321,-0.06862745098039225,-0.028498055323745275,-0.026030368763557465
random_forest,3,stress,d142d110,0.06385154880187027,0.08028127588670197,0.10125657510227948,0.2523368839319511,0.09322033898305082,0.03448275862068961,0.06189809630459131,0.08163265306122447
random_forest,3,relaxation,0012905a,0.013851181498240273,0.0210562508903277,-0.009539969834087558,-0.015869466734066195,-0.02614379084967322,0.05384615384615388,0.030859777452570625,0.02421307506053272
random_forest,3,relaxation,20201194,-0.045931472854717215,-0.04301343649243816,-0.0053768122251730555,-0.019523872100454476,-0.004484304932735439,-0.0873786407766991,-0.02760159934276507,-0.030674846625766805
random_forest,3,relaxation,2162c09e,-0.0018011454475539423,-0.004076564803847216,-0.004978446967397465,-0.0045594420202847985,-0.014652014652014378,0.011049723756906049,-0.0054368046035522255,-0.004405286343612369
random_forest,3,relaxation,21a031f6,-0.03932676518883427,-0.03856738478030208,-0.017972085385878467,-0.033896109655082496,-0.03103448275862075,-0.04761904761904767,-0.038323053926595074,-0.03799999999999992
random_forest,3,relaxation,41e2010c,0.010268800966475311,0.02492904746624114,-0.0033222591362123133,-0.013971398379159172,-0.025974025974025983,0.046511627906976716,-0.030986153326578836,0.012269938650306678
random_forest,3,relaxation,5001d09a,-0.0029459901800327204,-0.0051431655740282745,-0.01898527004909978,-0.00976084488383433,-0.021276595744680882,0.01538461538461533,-0.016130100688924287,-0.0062893081761006275
random_forest,3,relaxation,50c02189,0.16451662617398555,0.23728935964547676,-0.10950701671682939,-0.07353588645065534,0.45059288537549413,-0.12155963302752282,-0.047253078354987266,0.08853410740203194
random_forest,3,relaxation,71f21142,-0.04116729088639204,-0.0486947562669493,0.02595193508114857,0.023234238321412803,0.08988764044943831,-0.17222222222222228,-0.0014728780081982862,-0.04189944134078216
random_forest,3,relaxation,b0700166,-0.07884058606773126,-0.10173367504138653,0.024697315318476853,0.004938863248455605,-0.014388489208633004,-0.14329268292682934,-0.04552508034605518,-0.1049250535331906
random_forest,3,relaxation,d0724095,0.005847953216374324,-0.0028844294557648364,0.010995118650621083,0.005201486838637859,0.04040404040404044,-0.028708133971291794,-0.009769463340891904,-0.00649350649350644
random_forest,3,relaxation,d142d110,0.04607843137254897,0.04936605539533101,0.029738562091503162,0.016458541715546837,0.03333333333333355,0.05882352941176472,0.04434128429411588,0.04938271604938271
random_forest,3,interest,0012905a,0.0012904464304759333,0.001427441160241849,-0.0406437301367234,-0.01122638048203295,0.017341040462427793,-0.014760147601476037,0.006175541063045076,0.0032414910858994395
random_forest,3,interest,20201194,-0.04703471433509465,-0.032511124368030275,-0.03730679966421402,-0.07950174178398384,0.02281368821292762,-0.11688311688311692,0.003932375667450305,-0.008823529411764675
random_forest,3,interest,2162c09e,0.0010510510510510773,-0.0012640476348612095,-0.0024774774774775077,-0.01888092543809128,-0.009009009009008917,0.011111111111111072,0.0001509302104024668,-0.0019493177387914784
random_forest,3,interest,21a031f6,-0.0030120481927710108,-0.0030012697929876486,0.005446937450400258,0.021097483151314322,-0.0060240963855421326,0.0,-0.003034257724575884,-0.0030030030030030463
random_forest,3,interest,41e2010c,0.027105964336954225,0.027610345543834125,0.025799344127894974,0.0387634628903436,0.01219512195121919,0.04201680672268904,0.024313974727176335,0.02473498233215543
random_forest,3,interest,5001d09a,0.020891014346841152,0.02241905481189943,-0.004876667505663179,0.0030858785719831694,0.007299270072992803,0.034482758620689724,0.016778957242673087,0.01976284584980237
random_forest,3,interest,50c02189,0.033994388715938295,0.058474330733880864,-0.013618253327696395,-0.09852958712822424,0.05668934240362811,0.011299435028248594,0.09975881948804277,0.03647798742138364
random_forest,3,interest,71f21142,-0.11004784688995217,-0.17540727486379648,0.01226076555023925,0.0039039436236339986,0.05263157894736836,-0.2727272727272728,-0.0670686456400742,-0.20000000000000007
random_forest,3,interest,b0700166,-0.026040077306479503,-0.08587696260290012,0.06840606245549796,0.00959541524857721,0.09734513274336298,-0.14942528735632177,0.006437568325722731,-0.0985401459854015
random_forest,3,interest,d0724095,0.02328394638804443,0.023113586006450637,0.006391041836166567,0.015399967274250637,0.02066115702479343,0.02590673575129543,0.024652037901799817,0.02298850574712652
random_forest,3,interest,d142d110,0.0851063829787233,0.07507264538156977,0.04334540516070606,0.041374188566326575,0.25531914893617025,-0.08510638297872353,0.0018007662835248794,0.028368794326241176
random_forest,3,focus,0012905a,-0.025009815469179575,-0.029314548783617833,-0.03878419055097493,-0.0161831583431421,0.03886925795052998,-0.0888888888888889,-0.008125083306178893,-0.023508137432188048
random_forest,3,focus,20201194,0.06189561120753784,0.08225720422038985,0.023261219935531652,0.010589341223546156,0.1283783783783784,-0.004587155963302836,0.012688000334752592,0.0491803278688524
random_forest,3,focus,2162c09e,-0.013513513513513598,-0.03071430914653117,-0.004160410410410376,-0.0010813144798387242,0.0,-0.027027027027026973,-0.059522157402125075,-0.023622047244094557
random_forest,3,focus,21a031f6,-0.02625423122437176,-0.029837762503382437,-0.02721743677243571,-0.03085319457414415,0.05586592178770955,-0.10837438423645318,-0.026335403726708062,-0.03141361256544495
random_forest,3,focus,41e2010c,0.05937500000000007,0.001212565054799275,-0.03632812499999993,-0.029883879466140018,0.25000000000000006,-0.13124999999999998,-0.11049262419982464,-0.043269230769230727
random_forest,3,focus,5001d09a,0.005692167577413421,-0.0042326590833324795,-0.025652701882209916,-0.009017617859046423,0.02777777777777779,-0.016393442622950838,-0.001268612269207825,-0.0091324200913242
random_forest,3,focus,50c02189,0.004689828614008906,0.06266009434162423,-0.09898472429210137,-0.11490256583115444,-0.07868852459016407,0.0880681818181818,-0.11265973560696951,0.0106544901065449
random_forest,3,focus,71f21142,-0.05057330057330045,-0.05601020535261558,-0.06236349986349987,-0.07337957205484691,-0.04054054054054035,-0.06060606060606061,-0.06800737772151111,-0.048022598870056554
random_forest,3,focus,b0700166,-0.00982701509017292,-0.018516273641873138,0.10059808612440191,0.11257809313903755,0.10139860139860135,-0.1210526315789473,0.07915513460375079,0.012605042016806678
random_forest,3,focus,d0724095,0.0315277777777776,0.02185424769814226,0.006059027777777781,-0.0446205099517315,-0.006944444444444531,0.06999999999999995,0.018351423762538954,0.012886597938144395
random_forest,3,focus,d142d110,-0.08424908424908428,-0.06792949555036132,-0.10943223443223438,-0.0860498388843991,-0.02564102564102566,-0.1428571428571429,-0.0655834528499416,-0.05660377358490565
random_forest,4,attention,01c2a0d8,-0.052081002461400794,-0.07796362295529324,0.001957932423360953,-0.002130529025751615,-0.16513761467889915,0.060975609756097504,-0.004773284744770123,-0.0680628272251309
random_forest,4,attention,30908049,-0.10620901115748238,-0.17816749947384047,-0.12207222553445196,-0.14390323549011713,-0.38190954773869346,0.1694915254237288,-0.08389848462228366,-0.17665615141955837
random_forest,4,attention,40009139,-0.00827120223671951,-0.00549400517986387,-0.04027842497670098,-0.033257842067904275,-0.03378378378378366,0.017241379310344807,-0.031343448754415415,-0.011363636363636465
random_forest,4,attention,7092f07b,0.0470544111707345,0.09702052359463043,-0.03474987017483133,-0.020623846605697826,-0.0251572327044024,0.1192660550458716,-0.023943661971830954,0.05835543766578255
random_forest,4,attention,8030618f,-0.06948839120608175,-0.08092010758168033,-0.04244914731867677,-0.07054707131499849,0.0903225806451613,-0.2292993630573248,-0.035965475311983575,-0.07051282051282048
random_forest,4,attention,a1b210fc,0.05030191651352056,0.0808188886921628,-0.0029929115253347627,-0.013229081967241152,-0.04615384615384599,0.14675767918088733,0.02566918279062247,0.08747044917257685
random_forest,4,attention,b112005d,0.06010703445337873,0.04144295143645271,-0.010716758080834943,-0.05838929352624045,-0.1404494382022472,0.26066350710900477,0.007760314090282994,0.00881834215167554
random_forest,4,attention,b1c2f044,0.15379300205821822,0.20222345876384706,-0.023919435460158622,-0.020454178331435036,-0.005263157894736636,0.31284916201117324,0.07325484980521368,0.14905149051490518
random_forest,4,attention,d151b0c4,0.005195736831317799,0.021758689512499263,-0.05470383275261326,-0.1277017655273034,-0.15546218487394958,0.1658536585365854,-0.06274039012016408,-0.006772009029345383
random_forest,4,attention,f1a0c120,0.012051282051282142,-0.015169669845633837,-0.08282051282051295,-0.1524579379405887,-0.0692307692307692,0.09333333333333332,-0.10308682215461862,-0.032835820895522394
random_forest,4,engagement,01c2a0d8,-0.01116784987752728,-0.011042059264478654,-0.036949391788101305,0.007618646754502523,-0.01158301158301156,-0.010752688172043001,-0.008233861791028252,-0.011363636363636354
random_forest,4,engagement,30908049,0.030042918454935674,0.05083587163828862,-0.009675642827300601,-0.003771859912832909,0.0,0.06008583690987129,0.023864015953505735,0.030501089324618702
random_forest,4,engagement,40009139,-0.02418909592822638,-0.02790928846260965,-0.018288474810214006,-0.015100772058944556,-0.011111111111111072,-0.037267080745341574,-0.0272865285001207,-0.027888446215139417
random_forest,4,engagement,7092f07b,0.05715868580788119,0.1094260795259282,-0.03478177088351475,-0.12357054692866054,0.2731958762886597,-0.15887850467289721,0.04124505079926899,0.11960132890365449
random_forest,4,engagement,8030618f,-0.0044802867383512135,-0.028965439557531947,0.00408203902827553,-0.10758106092302444,-0.06451612903225812,0.05555555555555569,0.004194147292196915,-0.03749999999999998
random_forest,4,engagement,a1b210fc,-0.04495252373813097,-0.05065667272149388,-0.0474262868565718,-0.058956897315975976,0.005747126436781547,-0.09565217391304348,-0.06158749543839215,-0.051980198019802026
random_forest,4,engagement,b112005d,0.16060941994247369,0.2278278846323296,0.08230465004793852,0.057195227292523354,0.4151785714285714,-0.09395973154362425,0.10970721568547659,0.2117962466487936
random_forest,4,engagement,b1c2f044,-0.016349683016349648,-0.010470561489621888,-0.03553553553553557,-0.05538658356488069,0.012345679012345956,-0.04504504504504503,0.014687254196276145,-0.0022988505747126853
random_forest,4,engagement,d151b0c4,-0.02611914481422528,-0.009233945489250495,-0.05023178578841769,-0.08659233606090977,0.061855670103092786,-0.11409395973154357,-0.004226559216417236,0.002272727272727315
random_forest,4,engagement,f1a0c120,-0.05945686133141076,-0.04931274744536779,-0.24299447248257633,-0.05219836663917177,-0.0175438596491228,-0.10136986301369877,-0.19534844949083952,-0.09004739336492895
random_forest,4,excitement,01c2a0d8,0.0002714514509081223,0.0002847444828955048,-0.005619045033795622,-0.005068848464840792,-0.010152284263959421,0.010695187165775444,-0.00247639981798331,0.0
random_forest,4,excitement,30908049,0.03021764032073304,0.03760087352751995,0.01847651775486836,0.002809929038869008,0.0515463917525773,0.008888888888888835,0.04965126707315326,0.01645338208409497
random_forest,4,excitement,40009139,-0.021126760563380254,-0.022072544662072868,-0.005807231448391792,-0.0052163898027448585,-0.04225352112676051,0.0,-0.01629975277814122,-0.021739130434782594
random_forest,4,excitement,7092f07b,0.005376344086021501,0.005688501955766867,-0.016675291817606963,-0.014314564645602212,0.0,0.010752688172043001,0.0026653620073470163,0.0035714285714285587
random_forest,4,excitement,8030618f,0.005154639175257714,0.005194649425418696,0.04555467442065397,0.026244181373861752,0.0,0.010309278350515427,0.0030272935202513285,0.004672897196261738
random_forest,4,excitement,a1b210fc,0.0020342312008979624,0.011905143369831839,0.007119809203142369,0.006501990737802221,0.01543209876543239,-0.011363636363636354,0.027422568136728276,0.009708737864077777
random_forest,4,excitement,b112005d,-0.0012690355329949554,-0.0017890647411558103,0.0009877544612487688,-0.0028966532276065715,-0.002538071065990022,0.0,-0.0025347163356197466,-0.001700680272108901
random_forest,4,excitement,b1c2f044,-0.004526131532883171,-0.0007694742092951845,0.0020505126281570307,0.005339832919702969,0.006451612903225823,-0.015503875968992276,0.0043802660328873255,0.0
random_forest,4,excitement,d151b0c4,0.01754385964912286,0.013710036453718821,0.0030174119509299713,-0.004839819934186029,0.08771929824561409,-0.052631578947368474,0.0073199360395485025,0.012145748987854255
random_forest,4,excitement,f1a0c120,0.008213041314086622,0.010602622085063462,0.009899894917316576,0.006881812225656203,0.0408163265306124,-0.024390243902439157,0.013235181323203893,0.011111111111111183
random_forest,4,stress,01c2a0d8,0.007909090909090977,0.013584236674393013,0.01681818181818162,0.05071248872216538,0.03181818181818186,-0.016000000000000014,0.008583591277253166,0.01449275362318836
random_forest,4,stress,30908049,-0.0040000000000000036,-0.0053154465977274246,-0.005185185185185293,-0.0023850003053180746,0.0,-0.008000000000000007,-0.003739401695728617,-0.005586592178770888
random_forest,4,stress,40009139,0.09970238095238093,0.11457130994528786,0.03884991496598622,0.04208616477453775,0.1875,0.011904761904761973,0.07335068032742442,0.11224489795918369
random_forest,4,stress,7092f07b,-0.017838496345283783,-0.018397158294027993,0.0009716904513284996,-0.0232976985907265,0.02941176470588236,-0.0650887573964497,-0.0017202583155825346,-0.013404825737265424
random_forest,4,stress,8030618f,-0.00591715976331364,-0.007648527890431189,-0.06665506439262081,-0.007438518709673603,0.0,-0.011834319526627168,-0.001495583513932086,-0.010752688172043001
random_forest,4,stress,a1b210fc,0.03260869565217395,-0.007755880207645727,-0.018870772946859793,-0.0028582196279263172,0.16666666666666663,-0.10144927536231885,-0.003067765567765668,-0.032258064516129004
random_forest,4,stress,b112005d,0.040870221327967915,0.03362800034601798,0.00990316901408439,0.0044904218653251116,0.0535714285714286,0.028169014084507005,0.025165088968183036,0.032352941176470584
random_forest,4,stress,b1c2f044,0.007362680171406288,0.011780606929739923,-0.005531749123490415,-0.00019157788060653047,0.026490066225165587,-0.011764705882352788,0.009578760111520257,0.012711864406779627
random_forest,4,stress,d151b0c4,0.032163742690058506,0.030484980988900512,0.011672037235947008,0.007845541489404861,0.06432748538011701,0.0,0.020309886864670834,0.02644230769230771
random_forest,4,stress,f1a0c120,-0.010256410256410331,-0.0076769847348774345,-0.0024540915630024696,-0.016515326391679852,0.0,-0.020512820512820662,-0.014540728052873764,-0.008032128514056214
random_forest,4,relaxation,01c2a0d8,0.043808488203506135,0.034358899721302905,0.006870304468169164,0.005016166514095977,-0.014234875444839812,0.10185185185185186,-9.401962401867081e-05,0.01799485861182515
random_forest,4,relaxation,30908049,0.004352192835620938,0.02023145842805285,0.0142701707398728,0.01696882120137555,0.07766990291262155,-0.06896551724137934,0.05532523032523029,0.024844720496894457
random_forest,4,relaxation,40009139,-0.08822393822393826,-0.09495435091773097,-0.025096525096524935,-0.0161450787941404,-0.16216216216216223,-0.014285714285714346,-0.06518400920974443,-0.07968127490039845
random_forest,4,relaxation,7092f07b,0.04830034423407903,0.06851821368651922,0.022294535283992944,0.010291203329178433,-0.017857142857142794,0.11445783132530118,0.012707204244994164,0.0611510791366906
random_forest,4,relaxation,8030618f,-0.03243741263184652,-0.03963062023868413,0.014614309315033602,0.013347154680330542,0.09016393442622939,-0.15503875968992242,-0.0038016461464674967,-0.03585657370517936
random_forest,4,relaxation,a1b210fc,0.02107238374600995,0.019227103890063546,0.012790095763954734,0.02850951246777178,0.007462686567164201,0.034682080924855474,0.018056615715112523,0.018140589569161092
random_forest,4,relaxation,b112005d,0.0383202299594525,0.026986899993146407,0.014010774590241803,0.009270803765741298,-0.014962593516209433,0.09160305343511455,-0.010824535628391807,0.011278195488721776
random_forest,4,relaxation,b1c2f044,-0.009255848222508578,0.0007837118614979488,0.0015503162031067497,9.789700315721017e-05,-0.040983606557377206,0.022471910112359383,0.010270274513788036,0.0025706940874036244
random_forest,4,relaxation,d151b0c4,0.019950205672223387,-0.004207679645244711,-0.0025979649274734395,-0.011075379066678659,-0.0741935483870968,0.11409395973154368,-0.011766576482502344,-0.013071895424836555
random_forest,4,relaxation,f1a0c120,-0.04397831050228318,-0.04481665220887732,-0.017332572298325855,-0.028683843621405858,-0.1004566210045662,0.012499999999999956,-0.026694642503466093,-0.04139433551198257
random_forest,4,interest,01c2a0d8,0.027964421435259124,0.02259522121629809,6.884397202200354e-05,-0.01192881521341882,0.0036900369003689537,0.05223880597014918,0.022074855314961894,0.019753086419753152
random_forest,4,interest,30908049,0.0,0.0,0.0004436557231588534,-0.00023989415013880855,0.0,0.0,0.0,0.0
random_forest,4,interest,40009139,0.02287689269256088,0.02312101948304024,-0.0014812376563531071,-0.014701689627038883,-0.05102040816326525,0.09677419354838712,0.010317810957297113,0.020942408376963373
random_forest,4,interest,7092f07b,0.07096141268803136,0.03506768842541552,0.019712230215827353,0.009788734588451642,0.3237410071942446,-0.18181818181818177,0.015707247292643722,-0.012077294685990392
random_forest,4,interest,8030618f,-0.09106498988655343,-0.10554153900986307,0.0007035441034208834,-0.01907833140466031,-0.03614457831325302,-0.1459854014598541,-0.07263389161489175,-0.10454545454545461
random_forest,4,interest,a1b210fc,-0.009031198686371034,-0.015743853011519038,-0.021962233169129708,-0.01931148898961843,0.1428571428571429,-0.16091954022988508,-0.021137582449369474,-0.020618556701030966
random_forest,4,interest,b112005d,0.17198879551820723,0.1793353420591426,0.18882847256549673,0.21436074760466572,0.17927170868347342,0.16470588235294115,0.17312927332285455,0.174573055028463
random_forest,4,interest,b1c2f044,-0.04467719651992075,-0.05877558966496932,-0.04206340315895596,-0.12317876240413439,-0.07669616519174038,-0.012658227848101222,-0.033686830679311885,-0.06459330143540665
random_forest,4,interest,d151b0c4,-0.0278010119431229,-0.02764403437546381,-0.02194600227618637,-0.04628344418868324,-0.025559105431309903,-0.030042918454935674,-0.028855536967087092,-0.027472527472527486
random_forest,4,interest,f1a0c120,0.048336121955753875,0.021342999109127958,-0.03330854557848417,-0.007160012634430002,0.12121212121212122,-0.024539877300613577,-0.08793510050282538,-0.007207207207207356
random_forest,4,focus,01c2a0d8,0.029818335893226022,0.03870426945085359,-0.048064191515279964,-0.036827938934174576,0.1265822784810127,-0.06694560669456062,-0.0008739000710454858,-0.018867924528301883
random_forest,4,focus,30908049,-0.07437396911081118,-0.014347403184423846,-0.036474733843154805,-0.005846052189715567,-0.18518518518518512,0.036437246963562764,0.015714655837564928,0.014598540145985384
random_forest,4,focus,40009139,-0.020019745502413366,-0.031266198952921265,-0.030824923211935085,-0.0515024704808541,-0.08720930232558133,0.047169811320754707,-0.033047746090077545,-0.03597122302158273
random_forest,4,focus,7092f07b,0.013667783829074187,0.015309659427040434,-0.06810326770004183,-0.038032612519884545,0.004608294930875556,0.022727272727272707,0.015867251532590165,0.00983606557377048
random_forest,4,focus,8030618f,-0.05621031242062491,-0.06260153039034799,-0.05471170942341885,-0.07227606516025831,-0.025806451612903403,-0.08661417322834641,-0.056308604272299445,-0.05319148936170215
random_forest,4,focus,a1b210fc,-0.03344988344988342,-0.04478387682251572,0.052389277389277344,0.02075057493139776,0.05128205128205132,-0.1181818181818182,-0.005137024184270755,-0.0029069767441860517
random_forest,4,focus,b112005d,-0.027923410075222255,-0.03400870973468173,-0.016483359927057184,-0.04150061867620236,0.060975609756097615,-0.11682242990654201,-0.030477280619842673,-0.03968253968253965
random_forest,4,focus,b1c2f044,-0.01203235302523653,-0.002842525754429115,-0.02783732030066599,-0.006348100803884593,0.02180685358255452,-0.04587155963302758,0.004645213235676127,0.0046511627906976605
random_forest,4,focus,d151b0c4,0.030296754702270667,-0.007645017538418508,0.04072458824675962,0.025177945969661386,0.16935483870967738,-0.10876132930513593,-0.021987608503651,-0.03296703296703296
random_forest,4,focus,f1a0c120,0.04796580188679245,0.05461304621094709,0.04345518867924547,0.052816986962286205,0.049056603773584895,0.046875,0.07227446453496134,0.0483460559796437
random_forest,5,attention,0001508a,-0.04134283246977544,-0.0736536024603795,-0.05213730569948194,-0.18179076615226025,-0.12435233160621761,0.04166666666666663,-0.01439463609248337,-0.10599078341013823
random_forest,5,attention,0110f12e,-0.03172557682866972,-0.030064832591780832,-0.02952667321224034,-0.07025838445638899,-0.05154639175257736,-0.011904761904761973,-0.030418413096251706,-0.029147982062780353
random_forest,5,attention,0182e16c,-0.2549627791563276,-0.2382306490190308,-0.2623294044665013,-0.2518562128891231,0.038461538461538436,-0.5483870967741936,-0.22428619095285773,-0.15104166666666663
random_forest,5,attention,2182c1cd,0.036968954248366104,0.04375429764291727,-0.0067628903413216035,-0.03247448431455391,0.15032679738562094,-0.07638888888888884,0.023020526228591076,0.04040404040404044
random_forest,5,attention,219060fa,-0.10028594771241839,-0.12078514592225587,-0.043164488017429226,-0.04033921517832906,0.03472222222222221,-0.23529411764705893,-0.05058585899880497,-0.10437710437710435
random_forest,5,attention,71e10186,-0.00505016722408036,-0.009865089942789562,-0.004239130434782856,0.0018754892104639875,0.019999999999999907,-0.030100334448160626,-0.015256036021488395,-0.010020040080159998
random_forest,5,attention,8191f1d9,0.02084565345949141,-0.005188820003943606,-0.01343509757539918,-0.01272294659185802,0.13157894736842102,-0.0898876404494382,-0.02287240446703609,-0.023622047244094557
random_forest,5,attention,81e150c1,-0.10815666546891844,-0.09700646681778757,-0.12652712899748464,-0.10108598938836355,-0.02066115702479343,-0.19565217391304357,-0.08846087568392824,-0.04861111111111105
random_forest,5,attention,c1a150b1,0.043050541516245544,0.04674047310987972,0.019314079422382613,-0.009054241932967333,0.050000000000000044,0.036101083032491044,0.05462268612518195,0.041189931350114395
random_forest,5,attention,e0c0408a,1.1102230246251565e-16,0.0030767455723708093,-0.020000000000000018,-0.013986013986014068,0.10000000000000009,-0.09999999999999998,-0.03108003108003099,0.0
random_forest,5,attention,f121f1e0,-0.04620181405895685,-0.05645069031749195,-0.0227437641723357,-0.05253562145840052,0.005555555555555536,-0.0979591836734694,-0.03590746643484988,-0.05411764705882349
random_forest,5,engagement,0001508a,0.013636363636363558,0.022932291401239313,-0.01719008264462818,-0.025281438115811183,-0.06363636363636371,0.09090909090909088,-0.0223836658090818,0.013636363636363558
random_forest,5,engagement,0110f12e,0.0019920318725099584,0.0021656221681825016,0.002868525896414398,-0.013324016188357768,0.0,0.003984063745019806,0.003684997258086131,0.0022172949002218223
random_forest,5,engagement,0182e16c,0.06147628542942596,0.07359013234428702,0.09897094430992726,0.0948249483065341,-0.008403361344537785,0.13135593220338992,0.0776832954530724,0.08450704225352113
random_forest,5,engagement,2182c1cd,0.06664623508887735,0.07920527097960539,0.0747559998114008,0.11654621081577121,0.10179640718562871,0.03149606299212604,0.05619302329200482,0.0714285714285714
random_forest,5,engagement,219060fa,0.07867132867132876,0.106473711903319,-0.027587412587412596,-0.03952985135489684,-0.027272727272727226,0.18461538461538468,-0.02277126868195034,0.05142857142857149
random_forest,5,engagement,71e10186,-0.02023877855584899,-0.01906802847665301,-0.0009011594535641709,-0.0009589401115069895,-0.05338078291814963,0.012903225806451646,-0.013611432956099567,-0.01861252115059242
random_forest,5,engagement,8191f1d9,-0.042635851557322746,-0.11293247755769237,-0.15011597084161687,-0.0765994099829991,-0.1769383697813122,0.09166666666666679,0.009686244016659407,-0.1252006420545747
random_forest,5,engagement,81e150c1,-0.07643804791149034,-0.08953906759560448,-0.10857437532230074,-0.02990703670652861,-0.03614457831325302,-0.11673151750972766,-0.05188852792490817,-0.09705882352941175
random_forest,5,engagement,c1a150b1,0.01564709843977996,0.052459478068961896,-0.09717139970816036,-0.049585430162641275,-0.03311258278145679,0.064406779661017,-0.00878399378399386,0.03139013452914802
random_forest,5,engagement,e0c0408a,0.132744603308102,0.12306081920957612,0.07667507709559862,0.043052123015106414,0.04597701149425293,0.2195121951219512,0.11752677136975342,0.1015625
random_forest,5,engagement,f121f1e0,0.0027815777473779724,-0.054759662330476355,-0.038725490196078405,-0.015249714807212378,0.1937984496124031,-0.18823529411764706,-0.027450945504805646,-0.08315565031982941
random_forest,5,excitement,0001508a,0.041337764852513614,0.04130157569233739,0.0015233347181832224,0.0031705498239825713,0.04819277108433728,0.03448275862068961,0.04085446901902612,0.04117647058823526
random_forest,5,excitement,0110f12e,0.04611650485436891,0.04594535143921197,0.012230181921010441,0.010923664275738987,0.06796116504854377,0.024271844660194164,0.048534494605923184,0.04611650485436891
random_forest,5,excitement,0182e16c,-0.045454545454545525,-0.029287549414863556,-0.0029232542819499496,-0.03986536223183634,0.0,-0.09090909090909094,-0.012537721140733371,-0.007481296758104827
random_forest,5,excitement,2182c1cd,0.05188679245283012,0.04468141736550235,-0.0002024455421489879,-0.0005085203050999576,0.10377358490566047,0.0,0.02531005393908592,0.032448377581120846
random_forest,5,excitement,219060fa,-0.021534044298605393,-0.010594296140215675,-0.0009485233798195436,-0.00391775170484121,-0.07608695652173902,0.03301886792452824,0.02936744615738951,0.0
random_forest,5,excitement,71e10186,0.026245847176079806,0.022439520775145994,-0.00033222591362136455,-0.0003213171149976102,0.05581395348837226,-0.0033222591362125353,0.015987015452035847,0.021317829457364268
random_forest,5,excitement,8191f1d9,-0.047865353037766845,-0.058122710889414675,0.0013204707170222374,0.0046491186226957915,-0.08620689655172409,-0.009523809523809601,-0.034504689503292885,-0.042047531992687404
random_forest,5,excitement,81e150c1,0.010649296939619579,0.01510187018334408,0.004204576785221903,-0.0020479008013977174,-0.010752688172043223,0.03205128205128205,0.010092403971091901,0.01606425702811254
random_forest,5,excitement,c1a150b1,0.026952461799660488,0.041472335960564766,-0.017567440105640597,0.004438547742927401,0.01881720430107514,0.03508771929824561,0.05511719429258244,0.020979020979021046
random_forest,5,excitement,e0c0408a,-0.023076923076922995,-0.02560836728222393,-0.015674891146589154,-0.016713169006792872,-0.04615384615384621,0.0,-0.0179758130068689,-0.025423728813559365
random_forest,5,excitement,f121f1e0,0.0015624999999999112,0.0021504617844557705,-0.008199999999999985,-0.003578914530929622,0.0,0.0031250000000000444,0.000730515685632871,0.0022471910112359383
random_forest,5,stress,0001508a,-0.014586014586014606,-0.024713688988172722,0.08422708422708414,0.08224679159530934,-0.04504504504504503,0.015873015873015595,0.013562952514899917,-0.012658227848101333
random_forest,5,stress,0110f12e,-0.003563720323244479,-0.003918211409653094,0.0019324398935901543,0.002066595669083182,-0.011494252873563204,0.004366812227074135,-0.004803982251052719,-0.004081632653061273
random_forest,5,stress,0182e16c,-0.04861111111111127,-0.0653270589439281,-0.4990997942386831,-0.31292115860713465,-0.05555555555555561,-0.04166666666666674,-0.26478309601892996,-0.04678362573099415
random_forest,5,stress,2182c1cd,0.008608815426997318,0.01341875179960983,0.034717004758327064,0.05413711105294028,0.024793388429752095,-0.007575757575757458,0.0025653366705951086,0.013368983957219194
random_forest,5,stress,219060fa,0.03951917033312391,0.013912719903070858,-0.012020741671904478,-0.007928560872122237,0.10810810810810811,-0.029069767441860406,-0.011036368820799947,-0.004784688995215225
random_forest,5,stress,71e10186,-0.013488639631866528,-0.01956022481504005,0.000958680855143168,0.0002991185428325993,0.03859649122807007,-0.06557377049180346,-0.01801228229022156,-0.019969278033794335
random_forest,5,stress,8191f1d9,-0.009249171921252741,-0.014799799683520631,0.08019983933621655,0.1425750817876652,-0.013667425968109395,-0.004830917874396157,-0.019422235445343494,-0.010835913312693402
random_forest,5,stress,81e150c1,-0.04726606089590302,-0.04742416083609269,-0.03367607205483836,-0.04272667916298112,-0.045751633986928275,-0.04878048780487809,-0.0473239063653359,-0.04731861198738174
random_forest,5,stress,c1a150b1,-0.16620879120879128,-0.15309349527691152,-0.17313936063936064,-0.02759777266591823,-0.1538461538461539,-0.1785714285714286,-0.09141684572907283,-0.17664670658682624
random_forest,5,stress,e0c0408a,0.029738981600342385,0.03847771451612281,0.03369704749679081,0.05659156268471777,0.03508771929824561,0.024390243902439046,0.05362795888350369,0.032258064516129004
random_forest,5,stress,f121f1e0,0.02448593073593086,0.037348319383839645,-0.02855519480519475,-0.0147629087518657,-0.0051948051948051965,0.054166666666666724,0.0007100397186583507,0.01759999999999995
random_forest,5,relaxation,0001508a,0.05384615384615388,0.08745692797667015,0.09979487179487179,0.04852027922690161,0.1076923076923077,0.0,0.041763285024154495,0.03255813953488362
random_forest,5,relaxation,0110f12e,-0.0067127289068643625,-0.0035171157648598017,0.005130509680560391,0.003434994022945448,-0.048309178743961345,0.03488372093023262,-0.0004617905351866902,-0.0021505376344086446
random_forest,5,relaxation,0182e16c,0.05640342377260987,0.0713368026408282,-0.24511466408268745,-0.3288845978049161,-0.00347222222222221,0.11627906976744187,-0.02642437822679966,0.012084592145015227
random_forest,5,relaxation,2182c1cd,-0.016362074351765066,-0.016757349172889402,-0.0009372071227742307,-0.0006445188667619783,-0.037878787878787845,0.005154639175257714,-0.0030091252633803744,-0.012269938650306678
random_forest,5,relaxation,219060fa,-0.005324675324675288,-0.0015974546682884228,-0.002389610389610386,-0.0007021819809154284,-0.014285714285714346,0.0036363636363636598,0.0019663669663669836,0.0
random_forest,5,relaxation,71e10186,0.0,0.0,0.0,0.0,0.0,0.0,0.0,0.0
random_forest,5,relaxation,8191f1d9,-0.0179171403309335,-0.021667486606985364,-0.044606542882405176,-0.0325972610225258,-0.04022988505747127,0.00439560439560438,0.010324279965697403,-0.007949125596184325
random_forest,5,relaxation,81e150c1,-0.027083333333333348,-0.03529979391985405,-0.0512083333333333,-0.01775359186698855,0.0,-0.054166666666666696,-0.03983436853002076,-0.038235294117647034
random_forest,5,relaxation,c1a150b1,0.036679025423728806,0.09139465099599586,-0.0036414194915255216,0.02377703700704137,0.234375,-0.1610169491525424,0.07134624767951181,0.1278538812785388
random_forest,5,relaxation,e0c0408a,-0.13636363636363624,-0.13910684878426816,0.0034965034965035446,0.004125691500223239,0.0,-0.27272727272727265,-0.04067796610169483,-0.08108108108108103
random_forest,5,relaxation,f121f1e0,0.007500000000000062,0.009926868694196789,-0.01613744075829371,-0.011709274715221651,0.0,0.015000000000000013,0.0028457112030210174,0.007299270072992692
random_forest,5,interest,0001508a,-0.023980537534754376,-0.02800624025768461,0.028035217794253886,0.01578859152009271,-0.0961538461538462,0.048192771084337394,0.031371946813123275,-0.007407407407407418
random_forest,5,interest,0110f12e,0.007956685499058369,0.013684208377602869,0.023477715003138555,0.020927103102181044,-0.022222222222222254,0.03813559322033899,0.019787533068783114,0.016172506738544534
random_forest,5,interest,0182e16c,-0.0702401372212692,-0.09496060742131684,-0.08626072041166366,-0.05312655288127721,-0.027272727272727226,-0.1132075471698113,-0.044842567668282984,-0.08800000000000002
random_forest,5,interest,2182c1cd,0.013742201198874593,0.012397186147186212,0.022387146760184384,0.05418197550242598,0.005586592178770999,0.021897810218978297,0.018168029313942236,0.012658227848101333
random_forest,5,interest,219060fa,-0.05681818181818188,-0.08728724691457623,0.0023510971786834256,-0.0007156215935539834,0.0,-0.11363636363636365,-0.0629101198001325,-0.09316770186335399
random_forest,5,interest,71e10186,0.0039215686274511885,0.003658690363149586,0.008813422276126803,0.004479329580254654,0.007843137254901933,0.0,0.004430624502053004,0.00366300366300365
random_forest,5,interest,8191f1d9,-0.003350083752093891,-0.00655170368560648,-0.22215472969241817,-0.0789597562117795,-0.006700167504187601,0.0,-0.00043343653250771386,-0.005813953488372103
random_forest,5,interest,81e150c1,0.018478260869565277,-1.3107981559734583e-05,0.021304347826086922,0.0014842386009148445,0.04999999999999993,-0.01304347826086949,0.004580402666708894,-0.008000000000000007
random_forest,5,interest,c1a150b1,0.00015802781289497858,-0.008685404575984768,-0.14132954066582382,-0.07938590402605361,-0.03539823008849552,0.0357142857142857,-0.03674885270352801,-0.016129032258064502
random_forest,5,interest,e0c0408a,0.028846153846153855,0.042786524788547,0.23076923076923084,0.0054739642602842364,0.0,0.05769230769230771,0.0007936507936507908,0.0566037735849057
random_forest,5,interest,f121f1e0,-0.03508395600204972,-0.04717526394773275,-0.04241297534351052,-0.02661714032158158,0.004016064257028162,-0.0741839762611276,-0.012888296357151163,-0.04095563139931735
random_forest,5,focus,0001508a,0.045427013930950944,0.03198379073334923,-0.01695941853422167,-0.022100159334647596,-0.06299212598425197,0.15384615384615385,0.005870994467755297,0.01041666666666663
random_forest,5,focus,0110f12e,-0.035367620922538645,-0.0352318075406961,-0.016391873786673172,-0.03620777695830246,-0.022831050228310557,-0.04790419161676651,-0.03467756255434029,-0.033678756476683946
random_forest,5,focus,0182e16c,0.026881720430107503,0.052264779271370104,-0.1835673038630029,-0.3300104618897911,0.0537634408602151,0.0,0.005068233439078029,0.042735042735042694
random_forest,5,focus,2182c1cd,0.014813782855019997,0.01553048283248748,-0.0019504040122595434,-0.02114207178492422,0.020618556701030855,0.009009009009009028,0.016414531233920004,0.012539184952978122
random_forest,5,focus,219060fa,-0.06667291822955745,-0.07111043739345735,-0.06547730682670672,-0.07474715180230462,-0.09302325581395354,-0.040322580645161255,-0.06299062271914924,-0.07094594594594594
random_forest,5,focus,71e10186,0.025830523068092193,0.02528852907442858,-0.0027265552127430093,-0.006080833572934652,0.03867403314917128,0.012987012987012991,0.023252284281696012,0.02249488752556239
random_forest,5,focus,8191f1d9,-0.0010862299465240755,-0.02043265545556705,0.025697314049586528,0.06327348102338481,-0.08238636363636365,0.08021390374331538,0.0020958897658711617,-0.025974025974025983
random_forest,5,focus,81e150c1,0.01074561403508767,0.0020751930307489896,-0.00977095516569182,-0.00977582774755359,-0.04166666666666663,0.06315789473684208,-0.004093416797064986,-0.009646302250803873
random_forest,5,focus,c1a150b1,-0.0962624945675794,-0.09855768989665614,-0.08409387222946552,-0.14367620308907714,0.025423728813559254,-0.217948717948718,-0.07943651518366501,-0.035031847133758065
random_forest,5,focus,e0c0408a,-0.026832955404384018,-0.0670141861153733,0.0007558578987151288,0.03126720165717434,-0.0740740740740741,0.020408163265306034,0.06400282885431396,-0.029126213592233052
random_forest,5,focus,f121f1e0,-0.007566823899371133,0.012965301192825684,-0.022101022012578575,-0.0018715470114689658,-0.09375,0.07861635220125784,-0.010342244524303434,0.02092050209205021
lightgbm,1,attention,30c140ca,-0.0031847133757961776,-0.0033996993457381386,-0.000155351871990006,-0.024161879573430634,0.0,-0.006369426751592355,-0.0042227168437865,-0.0035714285714285587
lightgbm,1,attention,3110e0c7,0.02941176470588236,0.05641148735250179,-0.05774748923959838,-0.055053208628543904,0.0,0.05882352941176479,0.007884615384615379,0.03669724770642202
lightgbm,1,attention,40f0714a,0.04444444444444451,0.05774703557312255,0.05370370370370381,0.03528141061418699,0.0,0.0888888888888888,0.07138161195558523,0.05797101449275366
lightgbm,1,attention,7150e10a,-0.03410547269108055,-0.02571349279961732,-0.031071905761732133,-0.02781230511093613,-0.12442396313364057,0.056213017751479355,-0.014140895542526288,-0.014414414414414378
lightgbm,1,attention,71f0603f,0.007041831475488536,0.006786938058434222,-0.01406368612409592,-0.02861081834997714,-0.029126213592232997,0.043209876543209846,0.009382585364971052,0.00789889415481837
lightgbm,1,attention,81f1f0fe,0.10571428571428576,0.1269538886621986,0.08121212121212129,0.08076985082177046,0.0,0.21142857142857147,0.08087620935901163,0.09919571045576414
lightgbm,1,attention,a1721173,0.032037239868565215,0.0354180932399385,0.020947426067907893,0.01671226218303168,0.13636363636363635,-0.07228915662650592,0.02688208318100682,0.03508771929824561
lightgbm,1,attention,c060c06a,-0.051851851851851816,-0.07039134107005163,0.03253772290809309,0.034672295327186076,-0.14814814814814814,0.0444444444444444,0.003905051052328523,-0.05185185185185193
lightgbm,1,attention,c112918e,-0.023337673261052405,-0.045524130849492195,0.027157193718242878,0.057524844706905665,-0.05540897097625319,0.008733624454148381,-0.006709284521746572,-0.03125
lightgbm,1,attention,d111e017,0.002028446354408908,0.0027934105542409826,-0.0016943807492691976,-0.00958299366232962,-0.029055690072639195,0.0331125827814569,0.006104770168284146,0.0034642032332563577
lightgbm,1,attention,f1d06060,-0.04695890128046265,-0.0732923852240136,-0.012339942172655882,-0.004174339512776903,0.01388888888888895,-0.1078066914498142,-0.015518254663193787,-0.08211143695014672
lightgbm,1,engagement,30c140ca,0.05252968508002065,0.03783926790219694,0.020456892101187396,0.019146369712386146,-0.0872483221476511,0.1923076923076924,0.046244893028159706,0.027667984189723382
lightgbm,1,engagement,3110e0c7,-0.038890304497388284,-0.0367220585089032,-0.028666072111097063,-0.006106846565500423,-0.09574468085106386,0.017964071856287456,-0.030804460374352804,-0.02298850574712641
lightgbm,1,engagement,40f0714a,0.02662337662337655,0.03111253665689151,0.025541125541125642,0.0289660974268362,-0.018181818181818188,0.07142857142857156,-0.008113176777560405,0.020618556701030855
lightgbm,1,engagement,7150e10a,0.04539295392953935,0.04983093154330587,0.0161444907131999,0.04334066736023978,0.005420054200542035,0.08536585365853666,0.030501184061300868,0.030018761726078758
lightgbm,1,engagement,71f0603f,-0.0009606651296024671,-0.0011899336495060364,-0.0021169566128694806,0.0010885725635264576,0.010899182561307952,-0.012820512820512886,-0.0014452501592133737,-0.0013210039630118242
lightgbm,1,engagement,81f1f0fe,-0.013158716283716232,-0.026373186794164782,-0.019823926073925913,-0.007049763936329612,0.02197802197802201,-0.048295454545454586,-0.01896172387868711,-0.033860045146726914
lightgbm,1,engagement,a1721173,-0.024539170506912455,-0.02883237099591729,0.009677419354838679,-0.00023515189840939144,-0.057142857142857106,0.008064516129032029,0.020824911342152697,-0.0062893081761006275
lightgbm,1,engagement,c060c06a,0.0039253384603059605,0.0036749521982410993,0.004686373467916338,0.005091257542836125,0.013698630136986356,-0.005847953216374324,0.0017272352249881884,0.003154574132492094
lightgbm,1,engagement,c112918e,0.004519851627970972,0.004484396938595481,0.0034620140129137944,0.02257652009891875,-0.006896551724137945,0.015936254980079667,0.003060465236863763,0.003696857670979714
lightgbm,1,engagement,d111e017,-0.009671241807238884,-0.010620463637498578,-0.01904853374311699,0.009681236764634948,-0.012165450121654486,-0.0071770334928231705,-0.010653824808752876,-0.00965018094089265
lightgbm,1,engagement,f1d06060,0.004530944289980465,0.003588104613671872,0.004462293618919921,-0.0011018288109736485,-0.008032128514056214,0.017094017094017144,-0.0068998974246897715,0.0
lightgbm,1,excitement,30c140ca,0.01807228915662651,0.02178966277848704,0.009759036144578181,0.018333371662958342,0.03614457831325302,0.0,0.01599085653787613,0.022556390977443552
lightgbm,1,excitement,3110e0c7,-0.004608294930875556,-0.006109321108993537,-0.007482285317873316,-0.00931103572637404,0.0,-0.009216589861751223,-0.004898687396457269,-0.006451612903225823
lightgbm,1,excitement,40f0714a,0.07097457627118642,0.037458349516547695,0.0031779661016948513,-0.05563584304689617,0.016949152542372836,0.125,0.024976407000686263,0.023809523809523836
lightgbm,1,excitement,7150e10a,0.014705882352941235,0.011540083668987178,-0.000509007214623991,0.012289857254036418,0.0,0.02941176470588236,0.005454440456435172,0.0055045871559631365
lightgbm,1,excitement,71f0603f,-0.010033444816053505,-0.011094076855796109,0.006320027589967969,0.0017429135502096127,-0.02006688963210701,0.0,-0.0054147426025337175,-0.008379888268156388
lightgbm,1,excitement,81f1f0fe,0.03931381624623931,0.03730909460149623,0.009691043739875171,0.006637118778992979,0.08724832214765099,-0.008620689655172376,0.016554760862161233,0.02887139107611547
lightgbm,1,excitement,a1721173,-0.008653390232337577,-0.0057788583747092614,-0.00391180654338541,-0.0030528215243448287,-0.026315789473684403,0.009009009009009028,-0.006379976232917417,-0.005347593582887833
lightgbm,1,excitement,c060c06a,0.015021459227467782,0.021286625186183405,-0.003511509949278069,-0.0774773285516509,0.030042918454935563,0.0,0.008646827624929854,0.02527075812274371
lightgbm,1,excitement,c112918e,0.05607142365839901,0.07416632402863677,0.009326895299409999,0.01077009658793171,0.12737127371273715,-0.015228426395939021,0.05053163492961288,0.07773851590106007
lightgbm,1,excitement,d111e017,-0.007299270072992803,-0.006833846998710369,-0.0004214011588531408,-0.0006785542837464131,-0.014598540145985606,0.0,-0.0060521477243621336,-0.006696428571428603
lightgbm,1,excitement,f1d06060,-0.0035714285714285587,-0.004643298437682852,0.0007366071428573928,0.0008534763713883287,0.0,-0.0071428571428572285,-0.00731633957440414,-0.00454545454545463
lightgbm,1,stress,30c140ca,0.019172113289760317,0.020084065577551824,0.019607843137254943,0.008817578495310507,0.014814814814814725,0.0235294117647058,0.01827756020544935,0.01967213114754096
lightgbm,1,stress,3110e0c7,-0.019592055823939913,-0.01899722414989588,0.07228484523170509,0.129010809291414,-0.0144927536231884,-0.024691358024691357,-0.03184065135213732,-0.0182648401826484
lightgbm,1,stress,40f0714a,-0.004950495049504844,-0.007107346195067588,-0.010372465818010324,-0.010891790683239755,-0.009900990099009577,0.0,-0.013955853931441498,-0.006993006993006978
lightgbm,1,stress,7150e10a,-0.00902326839826828,-0.010705295715557672,-0.011918290043290036,-0.01082709757153466,-0.008522727272727404,-0.00952380952380949,-0.018413467055618415,-0.008896797153024938
lightgbm,1,stress,71f0603f,0.01005130040563107,0.008831816287966143,-0.0017994909727191422,-0.007873020752852455,0.022727272727272707,-0.002624671916010457,0.007092297771805756,0.007751937984496138
lightgbm,1,stress,81f1f0fe,0.06803497733576891,0.09368455053307678,0.04262228536634871,0.023188928176517742,-0.0064102564102563875,0.14248021108179432,0.04290370006994648,0.09906542056074763
lightgbm,1,stress,a1721173,0.028893109061313038,0.028114926271014307,0.014017001266051876,-0.010576113044486246,0.005154639175257825,0.052631578947368474,0.024467367203316326,0.015936254980079667
lightgbm,1,stress,c060c06a,0.01026496439340474,0.01528676925449135,0.021556425226149978,0.026160523794528934,0.027522935779816515,-0.006993006993006867,0.0017010224256199802,0.013850415512465353
lightgbm,1,stress,c112918e,0.0489690721649485,0.08039246349614548,0.03695842598207677,0.0449824107511545,0.09793814432989689,0.0,0.036469871570305123,0.05475504322766578
lightgbm,1,stress,d111e017,-0.009166529251177225,-0.008762587153939183,-0.0016343282214771326,-0.006562143681831389,-0.001769911504424626,-0.0165631469979296,-0.008207021798037006,-0.00858778625954204
lightgbm,1,stress,f1d06060,0.0018248175182481452,0.002798741112147396,0.01564250551689006,0.04469264812007423,0.0036496350364962904,0.0,0.000798311179570188,0.002044989775051076
lightgbm,1,relaxation,30c140ca,-0.016645588454099025,-0.0199573629154145,-0.03269602737687849,-0.035827514362766544,-0.02797202797202797,-0.005319148936170248,-0.014566822149139957,-0.015105740181268867
lightgbm,1,relaxation,3110e0c7,-0.02968242060515125,-0.03086377853819533,-0.01625406351587888,-0.013000336935230727,-0.05161290322580647,-0.007751937984496027,-0.036895046816583066,-0.03169014084507049
lightgbm,1,relaxation,40f0714a,0.022727272727272818,0.02457579760211337,0.0027056277056276556,0.002237339627470414,0.0,0.045454545454545525,0.01388888888888884,0.023255813953488302
lightgbm,1,relaxation,7150e10a,0.0017301038062284002,0.0015171082569506167,0.02786002211679095,0.03511475115432017,0.0034602076124568004,0.0,0.013553420508999103,0.0020703933747412417
lightgbm,1,relaxation,71f0603f,-0.014348785871964642,-0.01690135223843159,-0.002366215065864652,-0.00047762925296657155,0.0,-0.028697571743929173,-0.02173951808180241,-0.017127799736495364
lightgbm,1,relaxation,81f1f0fe,0.005498212237738609,0.007840158438950029,0.006678809957498366,0.009234318544995013,0.016460905349794275,-0.005464480874316946,4.767901149227427e-06,0.007042253521126751
lightgbm,1,relaxation,a1721173,0.02289088863892008,0.026434261318772245,0.014398200224971847,0.005126865875992759,0.03149606299212615,0.014285714285714235,0.031215421605298443,0.025380710659898442
lightgbm,1,relaxation,c060c06a,0.001879699248120259,0.0041139405730554746,-0.04996361872423005,-0.01616553822607303,0.0,0.003759398496240629,0.10015779138809677,0.0033670033670035737
lightgbm,1,relaxation,c112918e,0.0024433042358010804,0.006953558133559523,0.044468137091579485,0.04709372189139749,0.007751937984496096,-0.002865329512893977,-0.03269172533878417,0.0016474464579900872
lightgbm,1,relaxation,d111e017,0.007087597799645073,0.006352721288180763,0.00036818689868300947,0.0005367008203959189,0.01805869074492117,-0.003883495145631022,0.006203976892920848,0.006263048016701411
lightgbm,1,relaxation,f1d06060,-0.03887681875041149,-0.053782183693634855,0.006671494722057636,0.006172309352170391,-0.07228915662650598,-0.005464480874317057,-0.021937311002156124,-0.0439814814814814
lightgbm,1,interest,30c140ca,0.0518666148162551,9.99116973880998e-05,0.0015555123468792287,0.0009625034547056932,-0.07194244604316541,0.17567567567567566,0.027999467049158455,-0.019886363636363702
lightgbm,1,interest,3110e0c7,-0.04485661667982099,-0.03749476001325602,0.0008769622029289881,0.019165764137584973,0.0055248618784530246,-0.09523809523809523,-0.045224452353079814,-0.03583061889250816
lightgbm,1,interest,40f0714a,0.011904761904761862,0.014782512947904447,0.015306122448979553,0.016486930202795014,0.0,0.02380952380952378,0.005299452975518815,0.007936507936507908
lightgbm,1,interest,7150e10a,0.013022154574666045,0.01388760869202793,0.008033147302553778,0.0010783342213580571,0.013698630136986245,0.012345679012345595,0.018087062295604972,0.012765957446808529
lightgbm,1,interest,71f0603f,-0.0045795999637975315,-0.0024675971510838,0.0009533291097234553,0.0010899061473089722,-0.03674540682414695,0.02758620689655178,-0.007023505162187416,-0.002450980392156854
lightgbm,1,interest,81f1f0fe,0.016413569330156697,0.01815164861797991,-0.0007161753314136599,0.0018317233105801245,-0.0036101083032491488,0.03643724696356265,0.009747814388827214,0.01526717557251911
lightgbm,1,interest,a1721173,-0.05403024519160182,-0.0550531460770084,0.013948025253266771,0.017332025982787158,0.014388489208633004,-0.12244897959183676,-0.01875142291728693,-0.04219409282700415
lightgbm,1,interest,c060c06a,0.005070222582771455,0.005551625439560115,0.03204380672311491,0.01883068612879779,-0.008264462809917328,0.018404907975460016,0.015502455544375904,0.007042253521126751
lightgbm,1,interest,c112918e,0.03710247349823326,0.06786566523017701,0.032103562038417244,0.053720805602809674,0.07420494699646651,0.0,0.01063702096196495,0.04251012145748989
lightgbm,1,interest,d111e017,0.006500640908258637,0.006755503651401207,0.0025839793281654533,0.0029980885264540014,0.007751937984496138,0.005249343832021136,0.00686361562257598,0.006688963210702337
lightgbm,1,interest,f1d06060,0.038862746007093385,0.04283675821007116,0.03423816036533067,0.05595319593234094,0.049792531120331995,0.027932960893854775,0.03852626321846575,0.040476190476190554
lightgbm,1,focus,30c140ca,-0.02316503038803186,-0.02625118031828866,-0.02898550724637694,-0.03342944269834669,-0.03763440860215084,-0.008695652173913104,-0.0444101820149464,-0.02657807308970106
lightgbm,1,focus,3110e0c7,-0.018754254594962605,-0.01886187553239549,-0.0008168822328115111,0.001921119452733988,-0.015384615384615441,-0.02212389380530977,-0.0144460098130621,-0.020618556701030966
lightgbm,1,focus,40f0714a,0.0,0.0,-0.0027548209366391463,-0.24444444444444435,0.0,0.0,0.0,0.0
lightgbm,1,focus,7150e10a,0.03846153846153855,0.050602056621247504,0.003223339160839278,0.0001661797014533839,0.07692307692307704,0.0,0.020284735653235297,0.06349206349206349
lightgbm,1,focus,71f0603f,0.013897058823529429,0.015828510575278343,0.009507352941176328,0.02959919409034084,0.03529411764705881,-0.007499999999999951,0.004424925997185025,0.012162162162162149
lightgbm,1,focus,81f1f0fe,0.1865262321144675,0.09698835800868139,0.1607710651828298,0.04958723043775859,0.36764705882352944,0.005405405405405461,0.09808468437813594,0.06164383561643838
lightgbm,1,focus,a1721173,-0.0524475524475525,-0.049602703984819696,0.006993006993007089,0.023684954138192826,-0.015151515151515194,-0.08974358974358976,-0.09288499025341135,-0.05555555555555558
lightgbm,1,focus,c060c06a,0.04107933950865883,0.012732332327699214,0.10692710430930319,0.09719767194496161,0.005235602094240899,0.07692307692307687,0.007710263205302104,0.007594936708860689
lightgbm,1,focus,c112918e,-0.01337258200168212,-0.007436267042582934,-0.017241379310344862,0.00082003689816601,0.014634146341463428,-0.04137931034482756,0.006263885837056615,0.0
lightgbm,1,focus,d111e017,0.006142813306208694,0.006827090474663233,0.002182090943185999,0.004762706786933468,0.0574162679425837,-0.04513064133016631,-0.002254306039650489,0.005959475566150174
lightgbm,1,focus,f1d06060,-0.007570934256055484,-0.015337711831400536,0.005065743944636769,0.005170452311627161,0.016000000000000014,-0.03114186851211076,-0.010877469473689949,-0.01690821256038655
lightgbm,2,attention,1081b177,-0.004712906504064973,-0.00820507324994113,-0.019181910569105898,-0.03592979811816255,-0.014634146341463428,0.00520833333333337,0.003644429146627437,-0.005037783375314797
lightgbm,2,attention,517001af,0.022727272727272707,0.005762753747440508,-0.02308238636363602,-0.07685355871244148,-0.017045454545454475,0.0625,-0.025850073676160656,-0.004807692307692291
lightgbm,2,attention,6030f0fd,-0.011029411764705843,-0.0072965660610142535,0.013799355358581789,0.013712426393626576,-0.022058823529411686,0.0,-0.020761220847174355,-0.008450704225352212
lightgbm,2,attention,7072a0e0,-0.03025227145830156,-0.039148304609574414,-0.01558296533170922,0.005134854911325926,-0.04040404040404039,-0.02010050251256279,-0.042015552191040584,-0.032258064516129004
lightgbm,2,attention,71a251fa,0.031429887174764026,0.030591950509062382,0.0038375930616317833,0.0155241372478222,0.023255813953488302,0.03960396039603964,0.031099103240808557,0.030434782608695587
lightgbm,2,attention,71c09041,-0.006329113924050667,-0.005785432516201783,-0.007349938750510376,-0.011554192834198784,-0.012658227848101222,0.0,-0.007477391933441879,-0.005813953488372103
lightgbm,2,attention,a02151ac,0.00696311012426476,0.011341129600672684,-0.04125277550543416,-0.04297010054533379,0.010050251256281395,0.003875968992248069,0.06286886119100887,0.006564551422319487
lightgbm,2,attention,d0e2d025,-0.033333333333333326,-0.0388238402764256,-0.00503644797879399,-0.034073718675062925,0.0,-0.0666666666666666,-0.013520427156790804,-0.01646706586826341
lightgbm,2,attention,d18000a3,0.019395035674806493,0.022410742550821205,0.017468931095702245,0.019282955488607256,0.028037383177570097,0.010752688172043001,0.022220289427941076,0.018255578093306246
lightgbm,2,attention,f0f2a1e1,0.031209150326797275,0.04022615645664818,0.015305010893246207,0.01698053682882117,-0.009803921568627416,0.07222222222222219,0.03272467330131257,0.042553191489361764
lightgbm,2,engagement,1081b177,-0.007117437722420017,-0.00911326447040739,0.013681296955318278,0.014788248019420802,0.0,-0.014234875444839923,-0.016881847198801925,-0.010781671159029615
lightgbm,2,engagement,517001af,0.028391167192429068,0.05812820792524287,0.0417305092383955,0.002321107186003535,0.0,0.056782334384858024,0.06109710645305755,0.051136363636363646
lightgbm,2,engagement,6030f0fd,-0.0160330261136713,-0.015227596889797024,0.022993471582181457,-0.0005225788514972018,-0.05357142857142849,0.021505376344086002,0.01123066954664953,-0.006711409395973145
lightgbm,2,engagement,7072a0e0,-0.008951877384378637,-0.012451821270196395,-0.025768020882136256,-0.023533388368001007,0.004484304932735439,-0.022388059701492602,-0.0014141037165149584,-0.010183299389001976
lightgbm,2,engagement,71a251fa,-0.06918641896220368,-0.04431499246893822,-0.006726457399103158,-0.0011767728361443686,-0.1428571428571428,0.004484304932735439,-0.010429088486835991,-0.018867924528301994
lightgbm,2,engagement,71c09041,0.028053069053708413,0.02925174818599352,0.012088395140665065,0.012357370560992953,-0.003676470588235392,0.059782608695652106,0.01029166568554718,0.021929824561403466
lightgbm,2,engagement,a02151ac,0.05822469016578147,0.05783034516553354,0.06623209399645913,0.04296036544523829,0.06140350877192979,0.05504587155963303,0.054347409640322586,0.05722891566265065
lightgbm,2,engagement,d0e2d025,-0.03029493920473203,-0.030800092353728714,0.016307919815971128,-0.0007624729017235987,-0.06617647058823528,0.005586592178770777,0.00033017427984671777,-0.014170040485829927
lightgbm,2,engagement,d18000a3,-0.004209983675573459,-0.005377634085389937,0.0164533035484149,0.01983973125966565,-0.013274336283185861,0.004854368932038833,-0.00014337355946947294,-0.00462962962962965
lightgbm,2,engagement,f0f2a1e1,-0.015478903119352516,-0.018887913907684406,-0.0001964327807025823,0.0018547780716753337,0.013986013986013957,-0.0449438202247191,-0.008981451109077221,-0.01869158878504673
lightgbm,2,excitement,1081b177,-0.01065601065601074,-0.010058265419514045,0.00501720501720504,0.0035543012412242447,-0.02564102564102566,0.0043290043290044045,-0.005735860181116825,-0.009389671361502261
lightgbm,2,excitement,517001af,-0.0036231884057971175,-0.0036427038464235117,-0.024154589371980784,-0.025057328567831272,-0.007246376811594124,0.0,-0.0014877118477264473,-0.0026881720430107503
lightgbm,2,excitement,6030f0fd,0.002733085808580893,0.0005866648377050865,0.007425742574257432,0.005442714003820237,-0.004950495049504955,0.01041666666666674,-0.0002578038692261364,0.0
lightgbm,2,excitement,7072a0e0,0.0071428571428571175,0.010195558800073501,0.006485714285714206,0.0015401920311608475,0.0,0.014285714285714346,0.006729143397465109,0.011111111111111183
lightgbm,2,excitement,71a251fa,-0.0028901734104046506,-0.00607325164592043,-0.00012565971349576266,0.0015071815907794495,-0.00578034682080919,0.0,-0.007744107744107831,-0.004566210045662156
lightgbm,2,excitement,71c09041,0.018450797872340496,0.020547668531645802,0.008444148936170182,0.033174525312766656,0.015625,0.02127659574468077,0.01574729453056445,0.016348773841961872
lightgbm,2,excitement,9192c107,0.0,0.0,,,0.0,,0.0,0.0
lightgbm,2,excitement,a02151ac,-0.014553754659295537,-0.00915487407084048,-0.0032039200904635523,-0.0024508910189692257,0.0026385224274405594,-0.031746031746031744,-0.002122652217121601,-0.005940594059406057
lightgbm,2,excitement,d0e2d025,0.005131362889983504,0.004862438698864491,0.0037715517241380114,0.00019737255270257936,0.005952380952381042,0.004310344827586188,0.0040827416544669815,0.004746835443038
lightgbm,2,excitement,d18000a3,0.0,0.0,-0.0034063600942582095,-0.0015083206020319873,0.0,0.0,0.0,0.0
lightgbm,2,excitement,f0f2a1e1,-0.008710634631951653,0.005216192649939777,-0.009428544079640222,-0.002704018491283211,-0.032258064516129004,0.014836795252225587,0.011911708515482178,0.007518796992481258
lightgbm,2,stress,1081b177,-0.02416631490080201,-0.02549521285295897,0.0051287463064584315,0.007748419247524785,-0.04347826086956519,-0.004854368932038833,-0.020765393710381108,-0.025229357798165153
lightgbm,2,stress,517001af,-0.022727272727272707,-0.02152425982213213,0.01717171717171695,0.0066227627369978,-0.045454545454545414,0.0,-0.010029652886795692,-0.008928571428571508
lightgbm,2,stress,6030f0fd,-0.03462509712509709,-0.03881214499106489,-0.029428904428904445,-0.02593258249865249,-0.04040404040404033,-0.028846153846153855,-0.04580877991201571,-0.03642384105960261
lightgbm,2,stress,7072a0e0,0.032803060813532015,0.05023116109453585,0.009645590012081984,0.005210221464032605,-0.007692307692307776,0.0732984293193717,0.04233143479166157,0.052734375
lightgbm,2,stress,71a251fa,-0.0367693274670019,-0.03974636085188332,-0.008170961659333842,-0.004919735408614345,-0.046511627906976716,-0.027027027027026973,-0.03630679960771488,-0.03749999999999998
lightgbm,2,stress,71c09041,-0.10317460317460309,-0.1523899009347071,-0.5211640211640212,-0.038023169794936806,0.0,-0.2063492063492064,-0.03433602088723692,-0.20155038759689928
lightgbm,2,stress,9192c107,0.0,0.0,,,0.0,,0.0,0.0
lightgbm,2,stress,a02151ac,-0.05889605094552097,-0.07608245180848472,0.00038830427523006694,-0.00941585244193599,-0.13427561837455837,0.016483516483516647,-0.03408602558423535,-0.07526881720430101
lightgbm,2,stress,d0e2d025,0.021386408581530514,0.01904622127639688,0.007910349373763781,0.005226325681112587,0.03048780487804892,0.01228501228501222,0.017872793289094746,0.017513134851138368
lightgbm,2,stress,d18000a3,-0.0024271844660193054,-0.0060908964408502575,-0.0019191691126667632,-0.00016405050927681408,0.0,-0.004854368932038944,-0.009415170354912128,-0.004016064257028162
lightgbm,2,stress,f0f2a1e1,-0.037504407098366555,-0.029195691040351246,0.00505347279351287,0.012100179357914298,0.003731343283582045,-0.07874015748031504,-0.027967378625062933,-0.02278481012658229
lightgbm,2,relaxation,1081b177,0.0035335689045936647,0.00486592406265729,-0.003072668612689955,0.0004429497342522959,0.007067137809187218,0.0,0.003463151165668643,0.005025125628140725
lightgbm,2,relaxation,517001af,0.009103040701553655,0.0023228239888493096,-0.00023829949480502766,-0.014660977623009885,-0.007434944237918351,0.02564102564102555,-0.001413230419876177,0.0
lightgbm,2,relaxation,6030f0fd,-0.016822066822066883,-0.021372589153596855,-7.7700077700249e-05,0.00071677830635275,0.02020202020202022,-0.05384615384615388,-0.01368930306800309,-0.02183406113537123
lightgbm,2,relaxation,7072a0e0,0.016610925306577373,0.012842828837411835,0.0134522482348568,0.011959159449062784,0.0434782608695653,-0.01025641025641022,0.014569437066892621,0.012012012012011963
lightgbm,2,relaxation,71a251fa,-0.015306122448979664,-0.010228659234338688,0.0017353880327641846,0.003958095100826342,0.020408163265306034,-0.05102040816326525,-0.0005687964737123297,-0.008163265306122436
lightgbm,2,relaxation,71c09041,-0.01041666666666663,-0.012078592698138158,0.005640360983102832,0.006588789540065254,-0.02083333333333337,0.0,-0.004776105241249384,-0.009779951100244433
lightgbm,2,relaxation,9192c107,0.0,0.0,,,0.0,,0.0,0.0
lightgbm,2,relaxation,a02151ac,-0.018082958449930908,-0.025278580012028318,0.0009563954518083673,-0.0019548424144735232,-0.10038610038610041,0.06422018348623848,-0.00931635778387696,-0.02515723270440251
lightgbm,2,relaxation,d0e2d025,0.022727272727272707,0.02951793096444022,0.00207480207480204,-0.0004381586165095319,0.0,0.045454545454545414,0.011838342793257683,0.02717391304347827
lightgbm,2,relaxation,d18000a3,-0.016125617501764333,-0.016702837057084086,0.00882145377558241,0.006117313896228382,-0.00917431192660545,-0.023076923076923106,-0.015366552619188178,-0.0167364016736401
lightgbm,2,relaxation,f0f2a1e1,0.006440552312111936,-0.003741981178156162,-4.633490872041346e-05,-0.004017511108067584,-0.02752293577981657,0.04040404040404044,-0.005172325656478738,-0.006309148264984299
lightgbm,2,interest,1081b177,-0.0064664867296445605,-0.007198910503884326,-0.020786474733843208,-0.007150022337048423,-0.008547008547008461,-0.004385964912280715,-0.0067793552487473985,-0.00649350649350644
lightgbm,2,interest,517001af,-0.02887796578126478,-0.05875009531318254,0.007940259003686556,-0.006865541192568769,-0.11409395973154363,0.05633802816901401,0.004254382400710632,-0.059090909090909194
lightgbm,2,interest,6030f0fd,-0.008072930968202385,-0.0037528647822765437,-0.007139326706573801,-0.01696803968163063,-0.030534351145038108,0.014388489208633115,-0.022820574345978728,-0.007407407407407418
lightgbm,2,interest,7072a0e0,-0.02157598499061919,-0.03302374532761987,0.008625182405670118,-0.0030629897039120557,0.008130081300813274,-0.051282051282051266,-0.010365049171754293,-0.034482758620689724
lightgbm,2,interest,71a251fa,0.012855162855162972,0.012438555002826979,0.013721413721413667,0.017381590760968568,0.007692307692307665,0.018018018018017945,0.013663927646645702,0.012448132780083054
lightgbm,2,interest,71c09041,0.04302248677248677,0.055322222578065294,0.0038359788359788594,-0.000914891525225614,0.0267857142857143,0.059259259259259345,0.06464800403516346,0.04973821989528815
lightgbm,2,interest,9192c107,0.0,0.0,,,0.0,,0.0,0.0
lightgbm,2,interest,a02151ac,0.0016896458502297929,0.0010625948719327205,0.02051230062178977,0.01939581990506012,0.021897810218978075,-0.01851851851851849,-0.005647989287091204,-0.0028328611898017497
lightgbm,2,interest,d0e2d025,-0.0242085206175493,-0.021911933283311202,-0.020353722884502434,-0.024564885729990493,0.014705882352941124,-0.06312292358803984,-0.026721623860748722,-0.021840873634945357
lightgbm,2,interest,d18000a3,0.006846730281955926,-0.0007669632236172452,-0.0074667097956764295,-0.0020115905095533515,0.06172839506172845,-0.048034934497816595,-0.006595386808951886,-0.002557544757033181
lightgbm,2,interest,f0f2a1e1,0.02890917602996257,0.020311648686934802,0.0383114856429464,0.019855448649134133,0.0786516853932584,-0.02083333333333337,0.022695036450920303,0.01716738197424894
lightgbm,2,focus,1081b177,-0.005598589800883791,-0.0034041061746563628,-0.0031282586027111536,-0.0006093342166754168,-0.014598540145985384,0.003401360544217802,-0.000638844701681629,-0.0023201856148492572
lightgbm,2,focus,517001af,0.012295081967213073,0.01027070394902485,0.0021970593206018796,-0.006781288645863914,0.024590163934426146,0.0,0.004609483650486634,0.007263922518159771
lightgbm,2,focus,6030f0fd,0.007527784957353401,0.019970981138806465,0.00775394158697329,0.01078496022770059,0.04245283018867929,-0.0273972602739726,0.0129226538428312,0.024561403508771895
lightgbm,2,focus,7072a0e0,0.007756995795273336,0.015167315135059978,0.017084722826349652,0.006009956096583946,-0.01754385964912275,0.03305785123966942,0.011768285856951777,0.02096436058700213
lightgbm,2,focus,71a251fa,-0.008838383838383757,0.022531050636997674,-0.011784511784511786,0.007700924159307121,0.06565656565656564,-0.08333333333333326,0.0012750193386040776,0.04954954954954949
lightgbm,2,focus,71c09041,-0.06391643059490082,-0.06156982125377086,0.017776203966005655,0.008936707363908725,-0.0028328611898015277,-0.125,-0.054588629807225675,-0.015267175572518998
lightgbm,2,focus,9192c107,0.5,0.16666666666666669,,,0.5,,0.0,0.5
lightgbm,2,focus,a02151ac,-0.014686262247237791,-0.017168603795181037,-0.02634980195955794,-0.01736939256003661,-0.02168021680216803,-0.0076923076923077205,-0.019368241346229054,-0.018036072144288484
lightgbm,2,focus,d0e2d025,-0.015200957198020282,-0.019917112939392245,0.01573122314678843,0.011208706611046337,-0.006172839506172867,-0.024229074889867808,-0.023979200660209976,-0.01948051948051943
lightgbm,2,focus,d18000a3,0.010267857142857162,0.0063646810525596065,0.03279017857142841,0.013046323545336747,0.03125,-0.010714285714285787,0.008088900410171407,0.004545454545454519
lightgbm,2,focus,f0f2a1e1,-0.028571428571428692,-0.014086102004679302,-0.00047095761381477086,0.0005338435271223796,-0.05714285714285716,0.0,-0.01123837848120346,-0.005012531328320802
lightgbm,3,attention,0012905a,0.00827922077922072,-0.002724014309380185,-0.0006725417439701342,0.007044717449013915,-0.06785714285714295,0.08441558441558439,-0.011596355868578656,-0.013824884792626668
lightgbm,3,attention,20201194,0.0361538461538462,0.016970821088468147,0.06953846153846144,0.021643616656916054,0.07999999999999996,-0.007692307692307665,0.018848752315571482,0.006451612903225823
lightgbm,3,attention,2162c09e,-0.009745507856552149,-0.008802625507950634,-0.010939027140816626,-0.008065588660030487,-0.0035335689045935537,-0.015957446808510634,-0.00919184226859071,-0.00849256900212314
lightgbm,3,attention,21a031f6,0.02739081325301207,0.03281442373163024,0.0399625847138555,0.051277867090051,0.039156626506024084,0.015625,0.026331824068663634,0.028911564625850317
lightgbm,3,attention,41e2010c,-0.030121816168327875,-0.0359779127748201,-0.011572535991140609,0.0044029981882552915,-0.06976744186046524,0.009523809523809379,-0.008249882805944075,-0.02617801047120427
lightgbm,3,attention,5001d09a,0.021428571428571352,0.023233695652173925,0.03310104529616731,0.027896965029907905,0.0,0.042857142857142816,0.011116505509028762,0.019736842105263053
lightgbm,3,attention,50c02189,0.013875515004183159,0.010727001473589848,-0.01164974979873401,-0.025356155354570475,0.020979020979021046,0.006772009029345383,0.010313996057448538,0.010238907849829282
lightgbm,3,attention,71f21142,-0.06622516556291391,-0.0822968442419919,-0.0403337449021588,-0.03233268412576673,-0.13245033112582782,0.0,-0.04793618266978927,-0.060975609756097504
lightgbm,3,attention,b0700166,-0.02844311377245512,-0.050976508873034954,-0.03601778478970219,-0.02390454041103729,-0.0598802395209581,0.0029940119760476502,-0.012171185983522737,-0.017964071856287456
lightgbm,3,attention,d0724095,-0.012195121951219523,-0.016718071780970734,-0.0013216388321518613,-0.011113778424975962,0.0,-0.02439024390243899,-0.00601150262167216,-0.01089918256130784
lightgbm,3,attention,d142d110,0.04492753623188417,0.04702374179846014,0.04009661835748779,0.07505803543307854,-0.04347826086956519,0.13333333333333341,0.03021179401993368,0.04395604395604391
lightgbm,3,engagement,0012905a,-0.016815393838775172,-0.01886377474036438,0.0013373916251612217,0.005455858353574761,-0.00959232613908867,-0.024038461538461453,-0.021227218249624813,-0.014399999999999968
lightgbm,3,engagement,20201194,0.02256642301891154,0.020251809431491186,0.026801253045597107,0.03806321644850197,0.005917159763313529,0.039215686274509776,0.02097211263661458,0.0184501845018451
lightgbm,3,engagement,2162c09e,-0.008426966292134797,-0.011700096476831012,0.008184566246506542,0.010412920834244277,-0.016853932584269593,0.0,-0.004151404151404137,-0.008000000000000007
lightgbm,3,engagement,21a031f6,-0.01493397912702521,-0.0027285197693160956,-0.013972976609198606,-0.008711478550586516,0.01891252955082745,-0.04878048780487798,-0.005063702500911482,0.003663003663003761
lightgbm,3,engagement,41e2010c,0.014245014245014231,0.01411242404956381,0.018963675213675146,0.019708635407020614,0.0092592592592593,0.019230769230769162,0.015128871862031934,0.014150943396226467
lightgbm,3,engagement,5001d09a,0.01911557434813238,0.019698620188816296,-0.007928118393234596,-0.007007041374495926,0.022727272727272818,0.015503875968992054,0.020506520506520465,0.018433179723502335
lightgbm,3,engagement,50c02189,0.031211750305997543,0.021840219218816848,0.0226183190534478,0.02403512448142875,-0.007751937984496138,0.07017543859649122,0.019150700226417183,0.016129032258064502
lightgbm,3,engagement,71f21142,0.017316017316017285,0.020329224005273705,0.06442907741609039,0.10619429734872199,0.04761904761904778,-0.01298701298701288,0.13716787439613531,0.032467532467532534
lightgbm,3,engagement,b0700166,-0.039326765188834045,-0.03788358114520718,-0.03685458857872648,-0.022951370135506965,-0.031034482758620696,-0.04761904761904756,-0.04433543132173279,-0.0375782881002088
lightgbm,3,engagement,d0724095,0.016530797101449335,0.02199254991120947,-0.011850845410628086,-0.014824465199151371,0.04347826086956519,-0.01041666666666663,-0.004758986332019988,0.012121212121212088
lightgbm,3,engagement,d142d110,0.0,0.0,-0.024703557312253044,-0.0051727740974431,0.0,0.0,0.0,0.0
lightgbm,3,excitement,0012905a,0.015441654244543912,0.014081471919037636,0.009249703780147556,0.007909189202018996,0.024691358024691135,0.006191950464396245,0.017126782264134666,0.014134275618374548
lightgbm,3,excitement,20201194,0.017873589684549884,0.024742400133022757,0.03979104305779402,0.05079992287890933,0.04069767441860461,-0.004950495049504955,-0.0005776195828650632,0.016042780748663055
lightgbm,3,excitement,2162c09e,-0.014975601548039785,-0.002916993969425019,0.0019771159347131695,0.00033350598542136733,-0.04761904761904767,0.017667844522968212,0.026361605098045082,0.0027247956403269047
lightgbm,3,excitement,21a031f6,0.0022522522522522292,0.002251862164110996,0.0022522522522524513,0.00911293355034315,0.0045045045045045695,0.0,0.0035637005226538676,0.0023148148148147696
lightgbm,3,excitement,41e2010c,-0.00694444444444442,-0.005444204548524789,0.007058287795992713,0.0014651333324255944,-0.01388888888888895,0.0,-0.00644549056736099,-0.005154639175257825
lightgbm,3,excitement,5001d09a,-0.00525631939522786,-0.016904609336109933,0.011575714623198619,0.0031785304564091454,0.019607843137255054,-0.030120481927710774,-0.012753071111647474,-0.018433179723502335
lightgbm,3,excitement,50c02189,0.01772282145898385,0.0189909733364253,0.045806131138234396,0.02794326196135899,0.009615384615384581,0.02583025830258301,0.01594736033138444,0.018789144050104345
lightgbm,3,excitement,71f21142,0.005981040102873925,0.006456820016142006,0.000927061215945324,-0.000663324087813999,0.003558718861209842,0.008403361344537896,0.0071126284718515675,0.0050000000000000044
lightgbm,3,excitement,b0700166,-0.020161290322580516,-0.027989079609603396,-0.02483605104572839,-0.01727401202940193,0.0,-0.040322580645161255,-0.009132501485442646,-0.023255813953488302
lightgbm,3,excitement,d0724095,-0.0055216165413534135,-0.005515824989914542,0.0037300281954888437,0.006392567388329717,-0.0044642857142858094,-0.006578947368421129,-0.005510126322576858,-0.005319148936170248
lightgbm,3,excitement,d142d110,-0.020483193277310963,-0.012475949975949918,0.01365546218487379,0.004864255939788231,-0.05882352941176461,0.017857142857142794,-0.022362691736763862,-0.011111111111111072
lightgbm,3,stress,0012905a,0.02748665319027621,0.028801542758232213,0.03717410459752246,0.031288295027142476,0.024464831804281384,0.03050847457627115,0.03106765634687425,0.02733118971061088
lightgbm,3,stress,20201194,0.02926148876816903,0.028206628505630826,0.018147114961092448,0.025973000255521628,0.008163265306122547,0.05035971223021585,0.02410301903796319,0.0234375
lightgbm,3,stress,2162c09e,-0.008783349823812125,-0.0080639056554912,0.005103369265219038,0.011214709950802204,-0.006006006006005982,-0.011560693641618602,-0.007915154548867487,-0.007905138339920903
lightgbm,3,stress,21a031f6,-0.010140807906351856,-0.014921211980653548,-0.01373296872001517,-0.02986925795136164,-0.02546296296296291,0.005181347150258975,-0.006561095912558934,-0.016000000000000014
lightgbm,3,stress,41e2010c,-0.033816425120772986,-0.0524547559179423,0.015023623719276014,0.008950971210318737,0.0,-0.0676328502415458,-0.011255411255411296,-0.046979865771812124
lightgbm,3,stress,5001d09a,-0.030487804878048808,-0.029454805823516894,0.003770860077021987,0.004056269610342889,0.0,-0.060975609756097615,-0.015590081607030792,-0.02136752136752129
lightgbm,3,stress,50c02189,-0.042160180485053655,-0.08860820001471792,-0.012769317540891278,-0.007499708267281968,-0.19543147208121828,0.11111111111111105,0.017093339296285093,-0.03199052132701419
lightgbm,3,stress,71f21142,0.006859756097560954,0.0331889702747743,0.010670731707317138,0.006005075838110607,-0.04878048780487798,0.0625,0.031725377203581484,0.035502958579881616
lightgbm,3,stress,b0700166,-0.005649717514124353,-0.003429540620738525,-0.01437481642737437,-0.009469076282812794,-0.011299435028248594,0.0,-0.011811115308990372,-0.003968253968253954
lightgbm,3,stress,d0724095,-0.04038997214484685,-0.054530746401341035,-0.012562127915232812,-0.03474565021254772,-0.0807799442896936,0.0,-0.024759073463228365,-0.06290672451193058
lightgbm,3,stress,d142d110,-0.026008182349503195,-0.009530075977169705,-0.016949152542372725,0.08995527299819028,0.016949152542372836,-0.06896551724137934,-0.012861036573770801,0.0
lightgbm,3,relaxation,0012905a,-0.010960281548516915,-0.012073582144141004,0.0013574660633483004,0.005456857952515826,-0.006535947712418277,-0.015384615384615441,-0.012903374533921874,-0.012106537530266248
lightgbm,3,relaxation,20201194,-0.01007880186338106,-0.006287436046630734,0.009403979276416119,0.015344003415927121,0.008968609865470767,-0.029126213592232997,0.005655224629935618,-0.0030674846625766694
lightgbm,3,relaxation,2162c09e,-0.0009612854916719593,0.0016991958337252422,-0.0005666525003542588,-0.0011653423916747618,0.014652014652014822,-0.016574585635359185,0.004155602661343627,0.0022026431718059625
lightgbm,3,relaxation,21a031f6,-0.013136288998357948,-0.01537139564147083,-0.008981937602627221,0.00019522817434758366,-0.03103448275862075,0.004761904761904745,-0.013798534267179363,-0.015999999999999903
lightgbm,3,relaxation,41e2010c,0.0051344004832376555,0.012789875431223896,0.01177891875566306,-0.003056696631287159,-0.012987012987012991,0.023255813953488302,-0.017687326549491234,0.006134969325153339
lightgbm,3,relaxation,5001d09a,0.007692307692307665,0.0074009600886715265,0.001963993453354962,0.00556693456954882,0.0,0.01538461538461533,0.004192573835430924,0.0062893081761006275
lightgbm,3,relaxation,50c02189,-0.007587844943249822,-0.01685964124344591,-0.015143960546832425,-0.011484723619400783,-0.0197628458498023,0.004587155963302836,0.03653452196033391,-0.004354136429608135
lightgbm,3,relaxation,71f21142,0.0031835205992508664,0.0007741007461301574,0.013701622971285965,0.009450381482618786,0.0730337078651685,-0.06666666666666665,0.019926290408556313,0.0027932960893854997
lightgbm,3,relaxation,b0700166,0.00554921916125628,0.009813992279840367,0.025859799964906394,0.009205560460043838,-0.007194244604316391,0.018292682926829174,0.0020072638495022277,0.010706638115631772
lightgbm,3,relaxation,d0724095,-0.013024986709197273,-0.03051658558788195,0.0009666038374173125,0.006248962712985584,0.0505050505050505,-0.07655502392344493,-0.03964030056467038,-0.0357142857142857
lightgbm,3,relaxation,d142d110,0.0490196078431373,0.06046443471365026,0.02026143790849677,0.012903128274248998,0.0,0.0980392156862746,0.052651113467656496,0.061728395061728336
lightgbm,3,interest,0012905a,-0.012269905936053593,-0.01259139080762961,-0.003679372053836172,0.012951321595698118,0.008670520231213952,-0.03321033210332103,-0.007582951857160847,-0.00972447325769854
lightgbm,3,interest,20201194,-0.04893585501950537,-0.03582994120307559,-0.017579378796108824,-0.04264065217659563,0.019011406844106404,-0.11688311688311692,-0.00337296440077528,-0.0117647058823529
lightgbm,3,interest,2162c09e,-0.011336336336336239,-0.010271216873611766,0.00795795795795784,0.006585718512353789,-0.006006006006005982,-0.016666666666666607,-0.010211366110549513,-0.00974658869395717
lightgbm,3,interest,21a031f6,-0.017946035639564317,-0.01816994724236687,0.005014068249043935,0.018594709996267667,0.0060240963855421326,-0.041916167664670656,-0.0170240852565694,-0.018018018018018056
lightgbm,3,interest,41e2010c,0.048857347817175656,0.05027905924785925,0.025568764091002172,0.04481545389086039,0.030487804878048586,0.0672268907563025,0.048471725694624546,0.04593639575971731
lightgbm,3,interest,5001d09a,0.024540649383337554,0.02622143692420409,0.01044550717342041,0.011412463322444166,0.014598540145985384,0.034482758620689724,0.02395592141417635,0.02371541501976293
lightgbm,3,interest,50c02189,-0.01219301279833973,-0.027598939617234586,-0.05132467299537524,0.0026967317861447127,-0.0272108843537415,0.0028248587570621764,-0.06994836404617333,-0.013836477987421436
lightgbm,3,interest,71f21142,-0.007775119617224879,-0.03335417087109105,-0.018341307814992103,-0.0045084881160470935,0.05263157894736836,-0.06818181818181823,-0.010880255716744558,-0.04117647058823526
lightgbm,3,interest,b0700166,0.0531583765639303,0.053258472040512705,0.07982911199267617,0.030401485744801837,0.04424778761061943,0.06206896551724145,0.032438812742767165,0.058394160583941535
lightgbm,3,interest,d0724095,0.02685950413223137,0.03085905559027524,0.009549094334775021,0.022212502586887894,0.05371900826446285,0.0,0.019800188539723873,0.029885057471264354
lightgbm,3,interest,d142d110,-0.06382978723404253,-0.08150141335072847,0.013580805794476958,0.005506122733609842,-0.1489361702127659,0.02127659574468077,-0.024310344827586206,-0.03546099290780136
lightgbm,3,focus,0012905a,0.019945033372595122,0.02027130335400218,0.030637351132050905,0.047494449298009944,0.017667844522968212,0.022222222222222143,0.020429378469646098,0.019891500904159143
lightgbm,3,focus,20201194,0.006632779568559344,0.011907084031039572,0.014660302504339029,0.008436408927423589,0.027027027027026973,-0.013761467889908396,-0.027271426891876005,0.002732240437158473
lightgbm,3,focus,2162c09e,-0.09084084084084088,-0.1003553618201769,-0.031594094094094194,-0.006651479020547191,-0.16666666666666669,-0.01501501501501501,-0.10932778920071262,-0.034120734908136496
lightgbm,3,focus,21a031f6,-0.02691471502875853,-0.029801592540727895,-0.007347882323802124,-0.007036558967968509,0.04469273743016766,-0.09852216748768472,-0.027532230160524862,-0.03141361256544495
lightgbm,3,focus,41e2010c,-0.1010416666666667,-0.11820225089943293,-0.023828124999999978,-0.009049001185062022,-0.20833333333333331,0.006249999999999978,-0.04491260035301481,-0.043269230769230727
lightgbm,3,focus,5001d09a,0.011384335154826952,-0.008544497040072208,0.007437765634486948,0.0015116371400794026,0.05555555555555558,-0.032786885245901565,-0.0019883729252987425,-0.0182648401826484
lightgbm,3,focus,50c02189,0.01038096125186283,0.01646796628998104,0.012434798807749559,0.0173659150538773,0.006557377049180357,0.0142045454545454,0.07958414609876319,0.0106544901065449
lightgbm,3,focus,71f21142,-0.024979524979524825,-0.02690314606630273,-0.0055623805623805644,-0.004211346031732233,-0.0045045045045043475,-0.045454545454545414,-0.01952212706234735,-0.019774011299435013
lightgbm,3,focus,b0700166,-0.006201693043798251,-0.008183509738175943,0.014924549135075571,0.03158278989106533,0.03496503496503489,-0.047368421052631504,0.01517393154924307,0.0021008403361344463
lightgbm,3,focus,d0724095,0.04583333333333317,0.050168694854954676,0.03038194444444453,0.05060141708095178,0.04166666666666663,0.04999999999999993,0.05169933054665865,0.04381443298969079
lightgbm,3,focus,d142d110,0.0,0.0,-0.018772893772893706,-0.021894177171729035,0.0,0.0,0.0,0.0
lightgbm,4,attention,01c2a0d8,-0.0008111434325352995,-0.006484980469492085,0.010544864622958117,0.014654575394327685,-0.032110091743119296,0.030487804878048586,0.009557312771171667,-0.005235602094240899
lightgbm,4,attention,30908049,-0.03221616557363105,-0.051356584703386554,0.0024699770036623603,0.01148546330225586,-0.14070351758793975,0.07627118644067787,-0.027613048766894965,-0.05993690851735012
lightgbm,4,attention,40009139,0.015377446411929174,0.017351298061123788,0.014270736253494842,0.020149820796181772,0.013513513513513709,0.017241379310344807,0.023280423280423346,0.015151515151515138
lightgbm,4,attention,7092f07b,0.006880733944954143,0.013030069194600813,-0.01664647164041322,-0.010713145827585091,0.0,0.0137614678899083,0.0019086107554416865,0.007957559681697701
lightgbm,4,attention,8030618f,0.038504212040271324,0.03841797707990091,0.02592973084035355,0.03012826503013266,0.04516129032258065,0.03184713375796189,0.039152173549388936,0.038461538461538436
lightgbm,4,attention,a1b210fc,0.04948805460750849,0.06548383256811496,0.04134943554738779,0.029338517285820043,0.0,0.0989761092150171,0.03029125285411871,0.0685579196217494
lightgbm,4,attention,b112005d,-0.023696682464455,-0.025481034964656146,-0.013778688961073482,-0.012977583896651157,0.0,-0.04739336492891,-0.019450313369582806,-0.01763668430335097
lightgbm,4,attention,b1c2f044,0.013643046162893246,0.016986831361684218,0.005880623346074532,0.013804518916483044,0.010526315789473828,0.016759776536312887,0.025518079507387048,0.013550135501355087
lightgbm,4,attention,d151b0c4,0.0157204345152695,0.017110374831630915,-0.00643574502971922,-0.003955241573837531,0.01680672268907557,0.014634146341463428,0.02544892269435184,0.015801354401805856
lightgbm,4,attention,f1a0c120,-0.014230769230769158,-0.010795644911884228,-0.002564102564102666,0.006894484012742841,0.011538461538461608,-0.040000000000000036,0.027284177368227636,0.0
lightgbm,4,engagement,01c2a0d8,0.01737451737451745,0.023763549038328002,0.0011209366048076097,0.010324121544510678,0.03474903474903479,0.0,0.009112346708574304,0.025568181818181768
lightgbm,4,engagement,30908049,0.010796080367655447,0.016452754824847815,0.0030004937521365127,0.00820402556228561,0.004424778761061843,0.017167381974248913,0.019630663901467726,0.010893246187363759
lightgbm,4,engagement,40009139,0.014216701173222823,0.012869399901537237,0.011318150448585196,0.004745752199576847,0.022222222222222365,0.006211180124223614,0.012454154097704673,0.01195219123505975
lightgbm,4,engagement,7092f07b,0.030927835051546282,0.039398478180378116,-0.00481741978996042,-0.006786103327683812,0.061855670103092786,0.0,0.01866924355724353,0.039867109634551534
lightgbm,4,engagement,8030618f,-0.005973715651134914,-0.03914929857099769,-0.0092592592592593,-0.03213543466763302,-0.08602150537634412,0.07407407407407407,0.006795828817921845,-0.050000000000000044
lightgbm,4,engagement,a1b210fc,-0.009470264867566303,-0.011743705862038989,-0.004097951024488067,0.004069688853044373,0.011494252873563204,-0.030434782608695587,-0.01763135374500968,-0.012376237623762387
lightgbm,4,engagement,b112005d,0.001093600191754529,0.009495984061655527,0.006981064237775447,0.009998471671455067,0.022321428571428492,-0.020134228187919545,-0.007400551334374894,0.00536193029490617
lightgbm,4,engagement,b1c2f044,0.009134134134134109,0.012195246544847382,-0.010093426760093616,-0.005744851180012556,0.009259259259259411,0.009009009009009028,0.019833288995300236,0.009195402298850519
lightgbm,4,engagement,d151b0c4,-0.0038400332110979374,-0.012366329335415815,-0.003574805692013183,-0.029762314297093972,-0.04123711340206193,0.033557046979865834,-0.008301008388370112,-0.015909090909090873
lightgbm,4,engagement,f1a0c120,0.0005527517423695727,0.007659434040095725,-0.09488103821196836,-0.026834012808083396,0.0175438596491228,-0.016438356164383716,-0.07490641633035044,-0.011848341232227555
lightgbm,4,excitement,01c2a0d8,-0.0025380710659898,-0.002557198274196093,0.0011129509487227685,-0.0005889521130851838,-0.005076142131979822,0.0,-0.0033424309682628106,-0.0026041666666667407
lightgbm,4,excitement,30908049,0.005555555555555536,0.011076141566768616,-0.0012142038946162392,-0.0019311838014971494,0.0,0.011111111111111183,0.04242697643624538,0.009140767824497242
lightgbm,4,excitement,40009139,0.03521126760563398,0.03642686436334064,0.005991170906033183,0.00656266175023279,0.07042253521126751,0.0,0.02999683720385804,0.036231884057971175
lightgbm,4,excitement,7092f07b,-0.024207923638663642,-0.025854539603793025,0.0010925191190845895,0.0016613591916034842,0.005347593582887611,-0.05376344086021512,-0.0034985037845449707,-0.014285714285714235
lightgbm,4,excitement,8030618f,0.006035774077011169,0.005762466877560102,0.02960613269891621,0.01703404400377473,-0.008547008547008295,0.020618556701030855,-0.0011408081830617256,0.004672897196261738
lightgbm,4,excitement,a1b210fc,-0.005190796857463376,0.004149119273446411,0.006102693602693554,0.0003130435170279888,0.012345679012345845,-0.022727272727272707,0.01900753545698952,0.004854368932038944
lightgbm,4,excitement,b112005d,0.002498822544350743,0.005056565442146832,0.00525930189962831,0.00047711611572676116,0.0101522842639592,-0.005154639175257714,0.009001427357239744,0.005102040816326592
lightgbm,4,excitement,b1c2f044,0.003225806451612856,0.005238718156942768,0.0032758189547388294,0.006007819106085832,0.006451612903225823,0.0,0.007885755463888366,0.004555808656036442
lightgbm,4,excitement,d151b0c4,0.005012531328320802,0.004458906399669171,0.0004616805170821747,0.000587962647564777,0.01754385964912286,-0.007518796992481147,0.0021976770094022102,0.004048582995951344
lightgbm,4,excitement,f1a0c120,0.009623361539737862,0.013778124512404233,0.010895415076599746,0.010202812235551195,0.0680272108843536,-0.0487804878048782,0.021319367330361327,0.014814814814814947
lightgbm,4,stress,01c2a0d8,-0.011454545454545384,-0.006807589139989023,0.01607272727272724,0.04567806644587025,0.00909090909090915,-0.03199999999999992,-0.00998368439384767,-0.005797101449275366
lightgbm,4,stress,30908049,-0.008000000000000007,-0.010617284590160425,-0.006814814814814829,-0.0044599901710909995,0.0,-0.016000000000000014,-0.007399359238305703,-0.011173184357541888
lightgbm,4,stress,40009139,-0.0044642857142858094,-0.005420590825111704,0.010097789115646294,0.010474117278796213,-0.008928571428571508,0.0,-0.0028149967081265714,-0.005102040816326592
lightgbm,4,stress,7092f07b,-0.03322601229841049,-0.03620093594237517,-0.0013052558301426265,-0.0003587604883386053,0.06372549019607832,-0.1301775147928994,0.007031774686229952,-0.024128686327077764
lightgbm,4,stress,8030618f,0.008875739644970349,0.011423160703207702,0.0038287504350853485,-0.0004832959441189999,0.0,0.017751479289940808,0.002320709193870063,0.016129032258064502
lightgbm,4,stress,a1b210fc,-0.01041666666666663,-0.008382228756989907,-0.010265700483091722,-0.0040151203789815515,-0.02083333333333337,0.0,-0.007376116250162101,-0.005376344086021501
lightgbm,4,stress,b112005d,0.01773138832997989,0.016398192148046054,0.031438631790744354,0.012085749009082325,0.017857142857142905,0.017605633802816878,0.011287184709944054,0.01764705882352935
lightgbm,4,stress,b1c2f044,0.029061160888196325,0.033590818400582645,0.015426567978184424,0.03730302302474109,0.04635761589403975,0.01176470588235301,0.030610041043158898,0.03389830508474578
lightgbm,4,stress,d151b0c4,-0.011695906432748537,-0.011373889268626147,0.006373075546007967,0.006247428063232419,-0.023391812865497075,0.0,-0.0072282247119696,-0.009615384615384581
lightgbm,4,stress,f1a0c120,-0.01832952526021836,-0.02092041115782306,-0.00941017178640946,-0.028497681683621656,-0.0264026402640265,-0.01025641025641022,-0.015279522856655237,-0.02008032128514059
lightgbm,4,relaxation,01c2a0d8,0.00462962962962965,0.004371696919034607,0.005766442599182797,0.009335803050521507,0.0,0.00925925925925919,0.002054750775507319,0.0025706940874036244
lightgbm,4,relaxation,30908049,0.0008369601606963428,0.011924139811083867,0.011884834281888135,0.009672429810216765,0.05339805825242716,-0.051724137931034475,0.03298085522175487,0.015527950310559091
lightgbm,4,relaxation,40009139,-0.05405405405405417,-0.0573048572111714,-0.02149292149292137,-0.00954303082116903,-0.10810810810810811,0.0,-0.03322149898210647,-0.04780876494023911
lightgbm,4,relaxation,7092f07b,0.0136080034423407,0.021129615376615174,0.015221600688468229,0.006497794817912017,-0.008928571428571397,0.03614457831325296,-0.00010077682924081177,0.017985611510791366
lightgbm,4,relaxation,8030618f,0.02824374126318463,0.02783262806659026,0.024336002033295223,0.031468948082382764,0.040983606557376984,0.015503875968992276,0.02940905724881382,0.027888446215139417
lightgbm,4,relaxation,a1b210fc,-0.014450867052023142,-0.012390145880985082,0.004054870157880974,0.00773605030780522,0.0,-0.028901734104046284,-0.010690956465119417,-0.01133786848072571
lightgbm,4,relaxation,b112005d,-0.02547067445889084,-0.02334518199695368,0.003236184348289428,0.0019046152354798007,0.0024937655860349794,-0.05343511450381677,-0.004417807296204446,-0.011278195488721887
lightgbm,4,relaxation,b1c2f044,-0.00854976361515325,-0.0039510856227376046,-0.0027629397679130863,-0.0016961953154093212,-0.024590163934426368,0.0074906367041196464,-0.0001299399595905415,-0.0025706940874036244
lightgbm,4,relaxation,d151b0c4,0.0021324962113011825,-0.004194168894299799,-0.001970123403334023,0.0004156085957036648,-0.022580645161290325,0.02684563758389258,-0.008820996679716364,-0.006535947712418277
lightgbm,4,relaxation,f1a0c120,-0.0091324200913242,-0.009141485807943273,0.006601978691019528,-0.0008006632089970767,-0.0182648401826484,0.0,-0.006870900210016018,-0.008714596949891074
lightgbm,4,interest,01c2a0d8,0.025954177452222282,0.02811345367221363,0.0018174808613760085,0.01906663367470951,0.029520295202952074,0.02238805970149249,0.02746927160721946,0.02716049382716057
lightgbm,4,interest,30908049,0.01552795031055898,0.02235376285272428,0.018253264038534667,0.0066474364577268075,0.0,0.031055900621118016,0.006213804899028785,0.023809523809523836
lightgbm,4,interest,40009139,0.0010972130787798573,0.0014740101154219198,0.0088874259381172,0.0032951138209406095,-0.04081632653061218,0.043010752688172005,-0.00793068612205039,0.0
lightgbm,4,interest,7092f07b,0.005297580117723966,0.004069769767984566,-0.0590712884238066,-0.047319973599565635,0.028776978417266175,-0.018181818181818188,-0.004079073818180734,-0.0024154589371980784
lightgbm,4,interest,8030618f,0.004748922698091684,0.000137564505384824,0.04027789992085129,0.026158473953763806,0.02409638554216864,-0.014598540145985495,0.009055895085306798,0.0
lightgbm,4,interest,a1b210fc,-0.0140599343185549,-0.014764279675635317,-0.04180350301039948,-0.041167252296672396,0.017857142857142905,-0.04597701149425282,-0.021655453362770416,-0.016494845360824684
lightgbm,4,interest,b112005d,-0.028851540616246618,-0.010437730110894217,0.0008568133135608003,-0.021358837020909127,0.09523809523809523,-0.15294117647058825,-0.008278437664116844,0.015180265654648917
lightgbm,4,interest,b1c2f044,-0.02107837646092381,-0.025148657247130557,-0.013778425002800465,-0.036912490927970554,-0.029498525073746285,-0.012658227848101222,-0.016149725747248933,-0.02631578947368418
lightgbm,4,interest,d151b0c4,0.013876510030303324,0.01495173505223435,0.025051762673285016,0.025904437664914903,0.019169329073482455,0.008583690987124415,0.01278086946062873,0.0146520146520146
lightgbm,4,interest,f1a0c120,0.006553262688232087,0.0048395763594134555,-0.006475800954328426,-0.009320399282488956,0.015151515151515138,-0.002044989775051187,-0.010874198949822778,0.0
lightgbm,4,focus,01c2a0d8,-0.01684232826651133,-0.021673936750272516,-0.042317673852020565,-0.01664971653831071,-0.0253164556962025,-0.008368200836819994,-0.03381180223285485,-0.012578616352201255
lightgbm,4,focus,30908049,-0.003186384765332062,0.010128033579068219,-7.497375918419369e-05,-0.001034795322244042,-0.01851851851851849,0.012145748987854144,0.013355406391788227,0.009124087591240837
lightgbm,4,focus,40009139,0.01596094778411583,0.012964672903740815,0.0009324265028519685,0.00390172779418807,-0.005813953488371992,0.037735849056603765,0.010806015973575,0.010791366906474753
lightgbm,4,focus,7092f07b,0.017202555509007067,0.02139851466374354,0.04854419773774599,0.027452162902607657,0.023041474654378002,0.011363636363636409,0.03954283085522836,0.01967213114754096
lightgbm,4,focus,8030618f,-0.022199644399288898,-0.02424684628059315,-0.03774447548895099,-0.041094159557241716,-0.012903225806451757,-0.031496062992125984,-0.02329447757248404,-0.021276595744680882
lightgbm,4,focus,a1b210fc,-0.03772338772338768,-0.04913111878907073,0.012626262626262541,0.022418931777086204,0.042735042735042694,-0.1181818181818182,-0.017385386357932964,-0.008720930232558155
lightgbm,4,focus,b112005d,-0.0013106906770001814,-0.004127666659165419,0.017323911556872407,0.00861198228298099,0.04878048780487809,-0.051401869158878455,-0.004283265419461224,-0.007936507936507908
lightgbm,4,focus,b1c2f044,-0.024493412215267685,-0.020932838588638036,-0.00568750178627575,-0.008901509634197002,-0.0031152647975077885,-0.04587155963302758,-0.01840845808860503,-0.013953488372092981
lightgbm,4,focus,d151b0c4,0.02319462040736764,0.014359903425134046,0.01990546730338172,0.016105503257440312,0.06451612903225801,-0.01812688821752262,0.00549467477927057,0.00439560439560438
lightgbm,4,focus,f1a0c120,0.06991450471698113,0.0709388260456274,0.05321344339622658,0.07155088710746116,0.02264150943396226,0.1171875,0.0655318061568062,0.05343511450381677
lightgbm,5,attention,0001508a,-0.012953367875647603,-0.01686237326022677,-0.0010794473229706059,-0.05676444576954642,-0.025906735751295318,0.0,-0.005403220724586988,-0.02304147465437789
lightgbm,5,attention,0110f12e,0.023011782032400507,0.024275709595243167,0.006831942398952684,0.012847955455699611,0.010309278350515427,0.0357142857142857,0.023637824783515615,0.024663677130044803
lightgbm,5,attention,0182e16c,0.05167493796526057,0.047650246617962466,0.0275124069478907,0.014709990500504255,0.03076923076923077,0.07258064516129037,0.04585748709410442,0.04427083333333337
lightgbm,5,attention,2182c1cd,0.010620915032679812,0.009109891087285216,-0.008805374001452426,-0.03155033769455218,-0.006535947712418277,0.02777777777777779,0.01595135382026669,0.010101010101010166
lightgbm,5,attention,219060fa,0.056372549019607754,0.05855831152674473,-0.00018155410312281628,0.008690795692765207,0.02777777777777779,0.08496732026143783,0.050342069705015535,0.05723905723905731
lightgbm,5,attention,71e10186,-0.0016722408026758062,-0.0020568261232100093,-0.007006688963210772,-0.005857367279297199,0.0,-0.0033444816053510573,-0.0025933319512885245,-0.002004008016031955
lightgbm,5,attention,8191f1d9,0.04664399763453575,0.021865097685647594,0.025410260201064516,0.012090384367511864,0.1578947368421052,-0.0646067415730337,0.0032844605828823425,0.0019685039370078705
lightgbm,5,attention,81e150c1,-0.07662594322673377,-0.0521355435415487,-0.0035932446999640266,-0.07114736915460629,0.02066115702479332,-0.17391304347826098,-0.028272425894510622,-0.01041666666666663
lightgbm,5,attention,c1a150b1,0.012556407942238335,0.01862763570430892,0.030956678700360896,0.0016223721340278274,-0.06874999999999998,0.09386281588447642,0.0986858180978859,0.034324942791762014
lightgbm,5,attention,e0c0408a,-0.09999999999999998,-0.11321398124467175,0.010000000000000009,0.00909090909090915,-0.19999999999999996,0.0,-0.05128205128205132,-0.09999999999999998
lightgbm,5,attention,f121f1e0,0.04455782312925183,0.055680476314986294,0.032108843537414944,0.03684520670316749,-0.033333333333333326,0.12244897959183676,0.03531445827433244,0.05647058823529416
lightgbm,5,engagement,0001508a,0.040909090909090895,0.04680737703019844,0.009173553719008187,0.021376254976836595,0.009090909090909038,0.0727272727272727,0.030138738687006894,0.040909090909090895
lightgbm,5,engagement,0110f12e,-0.010507968127490108,-0.010642842352888371,0.005358565737051846,0.009370270822628646,-0.025000000000000022,0.003984063745019806,-0.0033987933123178493,-0.008869179600886845
lightgbm,5,engagement,0182e16c,0.042444096282580834,0.05204843085965716,0.08314342686227028,0.06514874690486805,-0.01680672268907557,0.10169491525423735,0.05327619643953696,0.06197183098591552
lightgbm,5,engagement,2182c1cd,0.04568815125654202,0.052169623909049556,0.034890848224810145,0.0169661820552649,0.05988023952095811,0.03149606299212604,0.04612533915690553,0.04761904761904756
lightgbm,5,engagement,219060fa,0.004720279720279663,0.009775272892405873,-0.0053146853146853745,-0.01903568329853611,-0.013636363636363558,0.023076923076923106,-0.0376292236396506,0.0
lightgbm,5,engagement,71e10186,0.002445184249798782,0.0017871486697748074,-0.001561244403627371,-0.001293232550000245,0.017793594306049543,-0.012903225806451757,0.00048336206385635183,0.0016920473773265332
lightgbm,5,engagement,8191f1d9,0.02794068919814441,-0.005049764951516378,0.16727965540092782,0.20866319811687162,-0.0357852882703778,0.09166666666666679,0.02904020340060387,-0.011235955056179803
lightgbm,5,engagement,81e150c1,-0.04066851061834886,-0.059988266823812975,0.0005156814026534562,0.011501387862663415,0.012048192771084376,-0.0933852140077821,-0.025494866533761873,-0.0676470588235294
lightgbm,5,engagement,c1a150b1,-0.00863172073184415,-0.028029678281470072,0.030194185654955574,0.014779717597047659,0.013245033112582738,-0.030508474576271198,0.008110238562674787,-0.01569506726457398
lightgbm,5,engagement,e0c0408a,0.05382674516400343,0.05348561877568081,0.02186711522287632,0.04806972133468568,0.034482758620689724,0.07317073170731703,0.0531561461794019,0.046875
lightgbm,5,engagement,f121f1e0,-0.007751937984496138,-0.006219275598034035,0.013360693114455091,-0.0006902511897947106,-0.015503875968992276,0.0,-0.005507663055197787,-0.004264392324093813
lightgbm,5,excitement,0001508a,0.005747126436781658,0.005836288732910866,-0.002769699487605526,-0.0006815391180640118,0.0,0.011494252873563204,0.006499210750724127,0.00588235294117645
lightgbm,5,excitement,0110f12e,0.019417475728155442,0.01934091473573807,0.0037468187388067786,0.0029643877518448214,0.029126213592233108,0.009708737864077666,0.020248509757438304,0.01941747572815533
lightgbm,5,excitement,0182e16c,-0.008152173913043681,-0.03852561868440296,0.0007411067193675569,-0.018304766584594567,-0.01630434782608714,0.0,-0.06187792453776808,-0.014962593516209655
lightgbm,5,excitement,2182c1cd,0.047169811320754707,0.040758478827607414,0.002469835614219873,0.0006712105903192711,0.09433962264150952,0.0,0.02299985010828376,0.029498525073746285
lightgbm,5,excitement,219060fa,-0.0014356029532403003,0.004247928479742091,0.007742001640689056,0.0028770678671458105,-0.021739130434782594,0.018867924528301883,0.019969602219614524,0.006578947368421129
lightgbm,5,excitement,71e10186,0.003986710963455153,0.0040433959824630605,-0.001158927605655613,-0.0008778975301647618,0.0046511627906978825,0.0033222591362126463,0.004113520408163263,0.00387596899224818
lightgbm,5,excitement,8191f1d9,0.010324302134646968,0.012481424927414775,0.02032703886152165,0.024983160535097415,0.030172413793103536,-0.009523809523809601,-0.006868335956849325,0.007312614259597838
lightgbm,5,excitement,81e150c1,0.007444168734491385,0.011223226350974613,0.005445271574303634,0.0038874213114600265,-0.010752688172043223,0.02564102564102566,0.006970440170388503,0.012048192771084376
lightgbm,5,excitement,c1a150b1,-0.00877192982456143,-0.0057955711836175094,-0.0015091492171289689,-0.026673892424382117,0.0,-0.01754385964912286,-0.0032307608357622364,-0.002331002331002363
lightgbm,5,excitement,e0c0408a,-0.0692307692307692,-0.07785472629222623,0.002322206095791257,0.00441360942076674,-0.13846153846153852,0.0,-0.050388681086355414,-0.07627118644067798
lightgbm,5,excitement,f121f1e0,-0.02968750000000009,-0.04143753657910654,-7.500000000004725e-05,-0.0005286632310228523,0.0,-0.059374999999999956,-0.012990067384265336,-0.04269662921348316
lightgbm,5,stress,0001508a,0.070999570999571,0.08867256954687885,0.09423709423709425,0.06944361365468732,0.12612612612612617,0.015873015873015595,0.05564459521978815,0.0675105485232067
lightgbm,5,stress,0110f12e,0.00356372032324459,0.0039110075310841985,0.004082383844467796,0.004175741057311111,0.011494252873563204,-0.004366812227074246,0.005036376887613714,0.004081632653061162
lightgbm,5,stress,0182e16c,0.0707671957671957,0.11820100772944214,0.05110964138741925,0.04007038308858302,0.15079365079365079,-0.00925925925925919,0.049638723991125455,0.049707602339181256
lightgbm,5,stress,2182c1cd,-0.011707988980716233,-0.010697099055423265,0.01831329827197603,0.04544800731114418,-0.008264462809917328,-0.015151515151515027,-0.011922598743982937,-0.010695187165775444
lightgbm,5,stress,219060fa,0.07149591451917048,0.08216265816671509,0.05012570710245112,0.012726681501503578,0.10810810810810811,0.03488372093023284,0.09679066855580087,0.04784688995215314
lightgbm,5,stress,71e10186,0.0017400057520852164,-0.0012760201898583956,-0.0016776914965008771,-0.001287995007117626,0.028070175438596467,-0.024590163934426368,-0.0018830829388715165,-0.001536098310292
lightgbm,5,stress,8191f1d9,-0.010388124085261796,-0.017116043991199592,0.04764341443553077,0.09162851796998606,-0.015945330296127595,-0.004830917874396157,-0.02030812324929976,-0.01238390092879249
lightgbm,5,stress,81e150c1,-0.0043639406982304285,-0.0029568160777172503,-0.008130081300813163,-0.010148295579278765,-0.03921568627450989,0.030487804878048808,-0.007657239467411814,-0.003154574132492094
lightgbm,5,stress,c1a150b1,0.03683816183816169,0.01884211361405852,0.07280219780219777,0.010165050676603893,0.07692307692307687,-0.0032467532467532756,0.014567267044466314,0.0029940119760479833
lightgbm,5,stress,e0c0408a,-0.011232349165596789,-0.0011011037267033563,0.006204535729568028,0.017153890763024426,0.02631578947368418,-0.04878048780487809,0.020462486069696695,0.006451612903225823
lightgbm,5,stress,f121f1e0,-0.004166666666666652,-0.006407079349155853,0.027997835497835633,0.019674598186530723,0.0,-0.008333333333333304,-0.002452714693263247,-0.0031999999999999806
lightgbm,5,relaxation,0001508a,0.012051282051282142,0.02324279093916104,0.053333333333333455,0.03250337162916761,0.030769230769230715,-0.0066666666666663765,-0.02556737451238733,0.0046511627906976605
lightgbm,5,relaxation,0110f12e,0.004381530165149972,0.00596230600605796,0.001142193761000776,0.0006154228688112218,-0.01449275362318847,0.023255813953488413,0.006745760672113077,0.006451612903225823
lightgbm,5,relaxation,0182e16c,0.03488372093023262,0.04743832746506471,-0.012435400516796036,0.016054735331470837,0.0,0.0697674418604651,0.004205689363110832,0.009063444108761254
lightgbm,5,relaxation,2182c1cd,0.02151671352702278,0.02224222533308362,0.005037488284910796,0.003562244104559187,0.037878787878787845,0.005154639175257714,0.015438194309031927,0.018404907975460127
lightgbm,5,relaxation,219060fa,-0.02675324675324675,-0.01775017656525868,-0.004103896103896276,-0.0004658071698994126,-0.05714285714285716,0.0036363636363636598,-0.0085328653593445,-0.008695652173912993
lightgbm,5,relaxation,71e10186,-0.0020000000000000018,-0.0016372979249339448,-5.089058524176959e-05,-7.930333999961459e-05,0.0,-0.0040000000000000036,-0.0012913199808476383,-0.0015552099533436836
lightgbm,5,relaxation,8191f1d9,0.0017746621194897338,0.001787863133905776,0.002993558165971688,0.0009342913376809703,0.005747126436781602,-0.00219780219780219,-0.006267239761054144,0.0
lightgbm,5,relaxation,81e150c1,0.00708333333333333,-0.018476062105086344,-0.0293333333333331,-0.010215971807923552,0.10999999999999999,-0.09583333333333333,-0.023634453781512632,-0.03529411764705881
lightgbm,5,relaxation,c1a150b1,0.0354343220338984,0.004484916488412316,0.024748411016949023,0.01081952461781932,-0.05624999999999991,0.1271186440677966,0.031181568832171158,-0.006849315068493067
lightgbm,5,relaxation,e0c0408a,-0.045454545454545414,-0.04226831129485986,-0.044580419580419584,-0.047968480382435064,0.0,-0.09090909090909083,-0.014448457904973622,-0.027027027027026973
lightgbm,5,relaxation,f121f1e0,0.0050000000000001155,0.00663398133970261,0.03201421800947868,0.02022802910569166,0.0,0.010000000000000009,0.0018914436824885028,0.0048661800486617945
lightgbm,5,interest,0001508a,0.033711770157553334,0.03810704382455654,0.07228915662650592,0.05375530686433749,0.019230769230769273,0.048192771084337394,0.06446396740514382,0.03703703703703709
lightgbm,5,interest,0110f12e,0.005822347771500258,0.005777691259490014,0.023132454488386522,0.023106443143714794,0.007407407407407418,0.004237288135593209,0.0057359307359308165,0.005390835579514808
lightgbm,5,interest,0182e16c,-0.03250428816466544,-0.03581558577629518,-0.014579759862778596,-0.014903990077179796,-0.027272727272727226,-0.03773584905660382,-0.02751058995548994,-0.03466666666666662
lightgbm,5,interest,2182c1cd,-0.008379888268156499,-0.010276512201030097,0.00999062104962678,0.03546655070228977,-0.016759776536312887,0.0,-0.005483866883429278,-0.009493670886075889
lightgbm,5,interest,219060fa,-0.007575757575757569,-0.012493178094946211,0.03291536050156729,0.0101054357259448,0.0,-0.015151515151515249,-0.010398628717212866,-0.012422360248447228
lightgbm,5,interest,71e10186,-0.015463917525773141,-0.016530483501674964,-0.004757091840172367,-0.0046606822028864014,0.0,-0.030927835051546393,-0.012973273895794613,-0.016483516483516536
lightgbm,5,interest,8191f1d9,0.00670016750418756,0.0129070440262255,0.09914039059767699,0.1436416172739536,0.013400335008375189,0.0,0.0008831778875548757,0.011627906976744096
lightgbm,5,interest,81e150c1,-0.011956521739130421,-0.03849755573783631,-0.07217391304347831,-0.007923665344172326,0.04999999999999993,-0.07391304347826078,-0.007262578232744676,-0.06400000000000006
lightgbm,5,interest,c1a150b1,0.025863885377159557,0.03695976154992542,-0.0034239359460598306,0.056531403620261544,0.03982300884955747,0.011904761904761862,0.07734955721183723,0.032258064516129004
lightgbm,5,interest,e0c0408a,-0.019230769230769162,-0.030790854572713702,0.2692307692307693,0.006243195029515092,0.0,-0.038461538461538505,-0.00047281323877068626,-0.03773584905660368
lightgbm,5,interest,f121f1e0,-0.011345083598488848,-0.01566252919537381,-0.006959589098232688,-0.0007851552582828214,0.004016064257028162,-0.026706231454005913,-0.002595637626992442,-0.013651877133105783
lightgbm,5,focus,0001508a,0.04276196244700181,0.04731279977350478,-0.028588734100545188,-0.00948261450465604,0.03937007874015763,0.04615384615384621,0.05771713615023466,0.04166666666666663
lightgbm,5,focus,0110f12e,0.014559921253383568,0.016012106873459553,0.0074098378585296665,-0.008354353606490839,0.041095890410958846,-0.0119760479041916,0.020175924951164603,0.01813471502590669
lightgbm,5,focus,0182e16c,-0.0017921146953404632,-0.0036308688704947967,-0.032183393070489896,-0.10998487708192428,-0.0035842293906809958,0.0,-0.0003217445705603339,-0.002849002849002913
lightgbm,5,focus,2182c1cd,0.028675582799294053,0.02629691357856756,0.010030649205907016,0.0025575164678589557,0.061855670103092786,-0.0045045045045045695,0.02058512624418085,0.01567398119122254
lightgbm,5,focus,219060fa,0.019036009002250553,0.016948777301691087,0.014816204051012805,0.01835070847335285,0.005813953488372103,0.032258064516129115,0.020099911236424406,0.016891891891891886
lightgbm,5,focus,71e10186,-0.013812154696132617,-0.012121638718083028,-0.011049723756906049,-0.006186954449405424,-0.027624309392265234,0.0,-0.007251939770915206,-0.010224948875255602
lightgbm,5,focus,8191f1d9,-0.035010026737967936,-0.039153029532400074,-0.01127248420029181,-0.0059677944807443595,-0.05397727272727282,-0.016042780748663055,-0.03210783423954866,-0.04081632653061229
lightgbm,5,focus,81e150c1,0.04147173489278755,0.038572587579174034,0.03869395711500978,0.04078137739919108,0.0092592592592593,0.0736842105263158,0.03557638213705716,0.02893890675241162
lightgbm,5,focus,c1a150b1,-0.01944806605823557,-0.010412659595327334,0.029552368535419316,0.007900551686354507,0.05084745762711862,-0.0897435897435897,0.020080548581709046,0.015923566878980888
lightgbm,5,focus,e0c0408a,-0.019463340891912373,-0.023289994347088783,-0.057445200302343125,-0.013215670579236116,-0.0185185185185186,-0.020408163265306367,-0.07663690476190477,-0.01941747572815533
lightgbm,5,focus,f121f1e0,-0.017020440251572344,0.0003053643684560736,-0.007999213836477836,-0.011461900154370985,-0.08750000000000002,0.053459119496855334,-0.018665708116137103,0.006276150627614996
