model,estimator,model_params_hash,outer_fold,subject_id,pm,target_id,lag_seconds,feature_count,calibration_budget_seconds,n_outer_train,n_outer_train_subjects,outer_train_sample_hash,threshold_hash,n_calibration_low,n_calibration_high,n_calibration_extreme,calibration_sample_hash,evaluation_low,evaluation_high,n_evaluation_extreme,evaluation_sample_hash,base_outer_train_sample_weight,personal_total_mass,calibration_low_sample_weight,calibration_high_sample_weight,calibration_low_total_mass,calibration_high_total_mass,specification_hash,run_id
xgboost,XGBClassifier,6f5020a62aa64b2ba8e9eeb74b2bb836f9767f0e14b46b7d244a45e2f8dda4ec,1,30c140ca,attention,target_attention,-10,371,1800,15241,42,ac837e636c0af28f8f72f207807d0e14cc379ae7c862995d0eb12a18fdab8cd7,40889ed77c7a49254028614aa69c424c2355cbd1baaed50dc47082b1864510f7,32,78,110,c344df237720b07711148a11076d3a7ab363447c60174d20aa0789119841951b,91,79,170,0ed5d7f4e8a953676baa957772b489cb853eb8b7b0ec115ea26058c02c844b9d,1.0,362.8809523809524,5.670014880952381,2.3261599511599513,181.4404761904762,181.4404761904762,a82ee340ee94b28a0337e46506b1ab1556e41e8aab43912f0d8628359a0a0c91,xgboost__fold_01__attention__30c140ca__weighted_aug__a82ee340ee94
xgboost,XGBClassifier,6f5020a62aa64b2ba8e9eeb74b2bb836f9767f0e14b46b7d244a45e2f8dda4ec,1,7150e10a,attention,target_attention,-10,371,1800,15241,42,ac837e636c0af28f8f72f207807d0e14cc379ae7c862995d0eb12a18fdab8cd7,40889ed77c7a49254028614aa69c424c2355cbd1baaed50dc47082b1864510f7,43,45,88,d6c594ed5b89935437f8e45b9bab45dc2b7b3560116ba45babda686c1902417e,174,293,467,61ecb55c21d1173067e59adf8f90702ba8c49572611592a6257797d408311185,1.0,362.8809523809524,4.219545957918052,4.0320105820105825,181.44047619047623,181.4404761904762,96ee98827b9b36c60275ab9c67897c403204159d22dbb17b378928789f972830,xgboost__fold_01__attention__7150e10a__weighted_aug__96ee98827b9b
xgboost,XGBClassifier,6f5020a62aa64b2ba8e9eeb74b2bb836f9767f0e14b46b7d244a45e2f8dda4ec,1,71f0603f,attention,target_attention,-10,371,1800,15241,42,ac837e636c0af28f8f72f207807d0e14cc379ae7c862995d0eb12a18fdab8cd7,40889ed77c7a49254028614aa69c424c2355cbd1baaed50dc47082b1864510f7,81,19,100,018ad479ab5ce63023727c41fe4ac4f8b0ecf182bb79d1b73f3d709b1611b05e,228,305,533,595ed4334245853a6b5b381c05dd115a0859ce688496b5a07eacb19f52a08d68,1.0,362.8809523809524,2.240005878894768,9.549498746867169,181.4404761904762,181.4404761904762,6b65a511b8db5f3ff60702a68623e5d9f1190517130a2030cbfe67d8bbd5a06d,xgboost__fold_01__attention__71f0603f__weighted_aug__6b65a511b8db
xgboost,XGBClassifier,6f5020a62aa64b2ba8e9eeb74b2bb836f9767f0e14b46b7d244a45e2f8dda4ec,1,81f1f0fe,attention,target_attention,-10,371,1800,15241,42,ac837e636c0af28f8f72f207807d0e14cc379ae7c862995d0eb12a18fdab8cd7,40889ed77c7a49254028614aa69c424c2355cbd1baaed50dc47082b1864510f7,51,37,88,188f38af9f06499190444d1e4e23540b648995531afa68869691f40ea48e57f3,147,138,285,2c156a20756451143c44d5935b34082b6e4d0b9918f64717ce6446d39ab32810,1.0,362.8809523809524,3.5576563958916902,4.903796653796654,181.4404761904762,181.4404761904762,eebb21b2145a74ea58d2fbc5d565012d12371f3c8f425702a378307a8a9ca3cb,xgboost__fold_01__attention__81f1f0fe__weighted_aug__eebb21b2145a
xgboost,XGBClassifier,6f5020a62aa64b2ba8e9eeb74b2bb836f9767f0e14b46b7d244a45e2f8dda4ec,1,c060c06a,attention,target_attention,-10,371,1800,15241,42,ac837e636c0af28f8f72f207807d0e14cc379ae7c862995d0eb12a18fdab8cd7,40889ed77c7a49254028614aa69c424c2355cbd1baaed50dc47082b1864510f7,52,49,101,c4bcf29f55303e48e0df9c2c0649f412396d88e34f4d6f5486912d7d8c1fcb7a,83,86,169,eb8d727273c0c421a049f443f3f7ae8a293e842d39d56931283349fd0efb50e6,1.0,362.8809523809524,3.489239926739927,3.7028668610301265,181.4404761904762,181.4404761904762,314ab1cdba317b5d666acb0032db50b999d0f555e796c884333568cbe5e1b79e,xgboost__fold_01__attention__c060c06a__weighted_aug__314ab1cdba31
xgboost,XGBClassifier,6f5020a62aa64b2ba8e9eeb74b2bb836f9767f0e14b46b7d244a45e2f8dda4ec,1,c112918e,attention,target_attention,-10,371,1800,15241,42,ac837e636c0af28f8f72f207807d0e14cc379ae7c862995d0eb12a18fdab8cd7,40889ed77c7a49254028614aa69c424c2355cbd1baaed50dc47082b1864510f7,63,52,115,fbe1988fac0f36bc0abfea9f919cac28d00384901fbf7129df01ecd5906b0eb0,316,177,493,8126a2bf5f4ff63741b2a79a15ad4f0db1b4ca1309d675f388195160fa918c5e,1.0,362.8809523809524,2.8800075585789875,3.489239926739927,181.4404761904762,181.4404761904762,52f4379230842c3525e093cfdf69bf694c27416a0d7e820acec871bf7220ff0e,xgboost__fold_01__attention__c112918e__weighted_aug__52f437923084
xgboost,XGBClassifier,6f5020a62aa64b2ba8e9eeb74b2bb836f9767f0e14b46b7d244a45e2f8dda4ec,1,d111e017,attention,target_attention,-10,371,1800,15241,42,ac837e636c0af28f8f72f207807d0e14cc379ae7c862995d0eb12a18fdab8cd7,40889ed77c7a49254028614aa69c424c2355cbd1baaed50dc47082b1864510f7,14,48,62,de9358ddfa16372df2c985335392da481bc6f56e76d31e98adc18bae472768a9,399,405,804,235dd48d193a12eb10b16b0ad8ec61effb88a9ad5139f185ef89718f569194f2,1.0,362.8809523809524,12.960034013605442,3.780009920634921,181.4404761904762,181.4404761904762,ce4e8cf3da688f1994b1d48310c5135298240a0538e8bdef3394c8de367b2157,xgboost__fold_01__attention__d111e017__weighted_aug__ce4e8cf3da68
xgboost,XGBClassifier,6f5020a62aa64b2ba8e9eeb74b2bb836f9767f0e14b46b7d244a45e2f8dda4ec,1,f1d06060,attention,target_attention,-10,371,1800,15241,42,ac837e636c0af28f8f72f207807d0e14cc379ae7c862995d0eb12a18fdab8cd7,40889ed77c7a49254028614aa69c424c2355cbd1baaed50dc47082b1864510f7,29,34,63,52c5682660e7fd1c5a08e63c6132d581ad109153b1883e57900fec499cfadf9d,43,235,278,e30709a151cd8312e9d27197dac67fb19c01e5099bfe6b777cdcdd81a46460b2,1.0,362.8809523809524,6.256568144499179,5.336484593837535,181.4404761904762,181.4404761904762,88ca456225cb08c5561a491750bdf2e903aa671e5d0c4745b81ec60ad7a51f63,xgboost__fold_01__attention__f1d06060__weighted_aug__88ca456225cb
xgboost,XGBClassifier,6f5020a62aa64b2ba8e9eeb74b2bb836f9767f0e14b46b7d244a45e2f8dda4ec,1,30c140ca,engagement,target_engagement,-10,371,1800,15934,42,2f364e6dd6dac221493bbb8db98c51438d544371f8f0610cd470727d40b9c04b,7d374ea6928381e1ee56d96473fa6567757f8df43407f81bbd24c398d82e419e,45,71,116,be13c9be9481e96928e16c27a8adb77729ec345e961486558acd12b5bf345e6f,104,33,137,b7f6f77ed997514dd1d604766a8293d61d7cb76feaa867cfae5227702ff56bc9,1.0,379.3809523809524,4.215343915343916,2.671696847753186,189.69047619047623,189.6904761904762,209e4755e9124a0e4e042a2fe3c06cd92b627e46ae958f45d55cbc4b044c8c87,xgboost__fold_01__engagement__30c140ca__weighted_aug__209e4755e912
xgboost,XGBClassifier,6f5020a62aa64b2ba8e9eeb74b2bb836f9767f0e14b46b7d244a45e2f8dda4ec,1,3110e0c7,engagement,target_engagement,-10,371,1800,15934,42,2f364e6dd6dac221493bbb8db98c51438d544371f8f0610cd470727d40b9c04b,7d374ea6928381e1ee56d96473fa6567757f8df43407f81bbd24c398d82e419e,19,64,83,6bfaa90942d36ed83cd53bd59a73f0cdbbcf3c78ad84ebb02590ab6cf7ddf1e4,75,103,178,d34e5a82fa8db562f681fdcd62e792efd7b3d5c156eb3a246a472ad073a23bbc,1.0,379.3809523809524,9.983709273182958,2.9639136904761907,189.6904761904762,189.6904761904762,da1b49603d0995e2cfff6ec5086ac0f97115063e75c27cc238760a0910399972,xgboost__fold_01__engagement__3110e0c7__weighted_aug__da1b49603d09
xgboost,XGBClassifier,6f5020a62aa64b2ba8e9eeb74b2bb836f9767f0e14b46b7d244a45e2f8dda4ec,1,7150e10a,engagement,target_engagement,-10,371,1800,15934,42,2f364e6dd6dac221493bbb8db98c51438d544371f8f0610cd470727d40b9c04b,7d374ea6928381e1ee56d96473fa6567757f8df43407f81bbd24c398d82e419e,58,29,87,0b18a79282efce6ab8e2d53c58c3f951b42b07a4a0452ed0ac06bb11c3578238,311,135,446,16aa6107d40974882689466629f9195169c84121a5d31d071e4e97551edcae97,1.0,379.3809523809524,3.2705254515599345,6.541050903119869,189.6904761904762,189.6904761904762,8e62caeef2543856c606ef98fca8df8b94322ee280b9874205e9fb34da3dd512,xgboost__fold_01__engagement__7150e10a__weighted_aug__8e62caeef254
xgboost,XGBClassifier,6f5020a62aa64b2ba8e9eeb74b2bb836f9767f0e14b46b7d244a45e2f8dda4ec,1,71f0603f,engagement,target_engagement,-10,371,1800,15934,42,2f364e6dd6dac221493bbb8db98c51438d544371f8f0610cd470727d40b9c04b,7d374ea6928381e1ee56d96473fa6567757f8df43407f81bbd24c398d82e419e,39,94,133,cd7a93dc972b50831dffe789a6eb73f15b87a33be4167ca4fd0ed6293f556e60,328,296,624,b9e416d0ae782905233d16d9fb5ef741890087f7eab54551646b30d85e5ede93,1.0,379.3809523809524,4.863858363858364,2.017983789260385,189.6904761904762,189.6904761904762,d7b7ea7580ce807ffcfac8c4018c1f0b97220cbc8097bddcaa9daeb823fcbac6,xgboost__fold_01__engagement__71f0603f__weighted_aug__d7b7ea7580ce
xgboost,XGBClassifier,6f5020a62aa64b2ba8e9eeb74b2bb836f9767f0e14b46b7d244a45e2f8dda4ec,1,81f1f0fe,engagement,target_engagement,-10,371,1800,15934,42,2f364e6dd6dac221493bbb8db98c51438d544371f8f0610cd470727d40b9c04b,7d374ea6928381e1ee56d96473fa6567757f8df43407f81bbd24c398d82e419e,58,63,121,5338b58154bc6879c421d6a441433664457e8c8d4949c7e5228fbcdb805acb68,33,289,322,65315387c9e25fe45f52e8ba48ab49af392d37dc4139620d8f92b974230a199b,1.0,379.3809523809524,3.2705254515599345,3.0109599395313684,189.6904761904762,189.6904761904762,cf3e0b3cef6ff94444aa1fc2db2668bc1fb8e148633f8863c10564d8406b95ca,xgboost__fold_01__engagement__81f1f0fe__weighted_aug__cf3e0b3cef6f
xgboost,XGBClassifier,6f5020a62aa64b2ba8e9eeb74b2bb836f9767f0e14b46b7d244a45e2f8dda4ec,1,c060c06a,engagement,target_engagement,-10,371,1800,15934,42,2f364e6dd6dac221493bbb8db98c51438d544371f8f0610cd470727d40b9c04b,7d374ea6928381e1ee56d96473fa6567757f8df43407f81bbd24c398d82e419e,48,87,135,1a5a21ba66e173e42cb1496757dd60c5881eea7b541a65647635ef31bd2e3b1d,98,84,182,600fdaf46a0b79041c15c1a3f9972f4b772b1388911edd38c067c77de2ffb5f0,1.0,379.3809523809524,3.951884920634921,2.1803503010399563,189.6904761904762,189.6904761904762,ff8e6649731c9636244cadcd3d2dc30cb80826da0267c54bec6e36d142469ac0,xgboost__fold_01__engagement__c060c06a__weighted_aug__ff8e6649731c
xgboost,XGBClassifier,6f5020a62aa64b2ba8e9eeb74b2bb836f9767f0e14b46b7d244a45e2f8dda4ec,1,c112918e,engagement,target_engagement,-10,371,1800,15934,42,2f364e6dd6dac221493bbb8db98c51438d544371f8f0610cd470727d40b9c04b,7d374ea6928381e1ee56d96473fa6567757f8df43407f81bbd24c398d82e419e,55,54,109,6b82d6ee33df6b4142d9876e16e0eba58267c139bcc26c650fa8629ce204ab1d,235,197,432,959460e0472e73056b3a4df2f8b435ecaeab0a8eede79db4f3c9ebea328d06f7,1.0,379.3809523809524,3.4489177489177494,3.5127865961199296,189.6904761904762,189.6904761904762,9b1559281b1e958af3a1408f587e39330b1cb2207f3bc16f4bd49325031d511c,xgboost__fold_01__engagement__c112918e__weighted_aug__9b1559281b1e
xgboost,XGBClassifier,6f5020a62aa64b2ba8e9eeb74b2bb836f9767f0e14b46b7d244a45e2f8dda4ec,1,f1d06060,engagement,target_engagement,-10,371,1800,15934,42,2f364e6dd6dac221493bbb8db98c51438d544371f8f0610cd470727d40b9c04b,7d374ea6928381e1ee56d96473fa6567757f8df43407f81bbd24c398d82e419e,42,64,106,98a783a2ea0615ac7b61f487e3e5369a0bd5575a34bbc7e10e1bcdfe2a4ceb88,207,53,260,3df9af7d5b9bb00fb6f2ccfab376d1d42a30a614f1f7291c48fb081ed028ecae,1.0,379.3809523809524,4.516439909297053,2.9639136904761907,189.69047619047623,189.6904761904762,57155806ae5599fb1ae669a563aa7c1359fc813decfc7db471c80dc7ba8edae2,xgboost__fold_01__engagement__f1d06060__weighted_aug__57155806ae55
xgboost,XGBClassifier,6f5020a62aa64b2ba8e9eeb74b2bb836f9767f0e14b46b7d244a45e2f8dda4ec,1,30c140ca,excitement,target_excitement,-10,371,1800,15941,43,46755c1e20e5799d3c8e3c0be4a2f4a3f18856086f1b6fe611eda5fc71a849dd,f13db677a8358b59d7e0528258ba7ff9bf95b5314741ce39a724cf74d183ddaa,53,53,106,789003aa59d83d874cc9b60c831a2af4ed186f97c7ee88bc642372d689087e2d,113,47,160,156805c476a35a05e48cb3733a91ca484da7b5fa15e2db079f90e1f31cc1de4b,1.0,370.72093023255815,3.497367266344888,3.497367266344888,185.36046511627907,185.36046511627907,1134dd8d66f7b91b57bda4b2286485753ed166b04be3ed64d7ac262bec8dece0,xgboost__fold_01__excitement__30c140ca__weighted_aug__1134dd8d66f7
xgboost,XGBClassifier,6f5020a62aa64b2ba8e9eeb74b2bb836f9767f0e14b46b7d244a45e2f8dda4ec,1,3110e0c7,excitement,target_excitement,-10,371,1800,15941,43,46755c1e20e5799d3c8e3c0be4a2f4a3f18856086f1b6fe611eda5fc71a849dd,f13db677a8358b59d7e0528258ba7ff9bf95b5314741ce39a724cf74d183ddaa,31,46,77,258612e94fb81e8a801cb9f13a7a84ef82994cf076a114ac2dc9303758e4755b,62,171,233,4c54fc7d6ffdc9446ea942e3f690fc0de0d64fb490066333b73cf3d51681840a,1.0,370.72093023255815,5.979369842460615,4.029575328614762,185.36046511627907,185.36046511627907,d8ad80999d4d625a8ffca9f82faba77203d58472b635b98d3f9b323cfcf81514,xgboost__fold_01__excitement__3110e0c7__weighted_aug__d8ad80999d4d
xgboost,XGBClassifier,6f5020a62aa64b2ba8e9eeb74b2bb836f9767f0e14b46b7d244a45e2f8dda4ec,1,7150e10a,excitement,target_excitement,-10,371,1800,15941,43,46755c1e20e5799d3c8e3c0be4a2f4a3f18856086f1b6fe611eda5fc71a849dd,f13db677a8358b59d7e0528258ba7ff9bf95b5314741ce39a724cf74d183ddaa,123,20,143,440741abd6228753f8c688ef205ec922b542db17b3b309800ebf7387633de4d0,320,82,402,391d7c318e625e81cf2e72fc210e438d1ba423387f7eb3f417a5aaf4445edd3b,1.0,370.72093023255815,1.5069956513518623,9.268023255813954,185.36046511627907,185.3604651162791,3b3247582f835cacdc8f2cbac37e6e99d38b17e62692c4f43ae6d9228a1bb116,xgboost__fold_01__excitement__7150e10a__weighted_aug__3b3247582f83
xgboost,XGBClassifier,6f5020a62aa64b2ba8e9eeb74b2bb836f9767f0e14b46b7d244a45e2f8dda4ec,1,71f0603f,excitement,target_excitement,-10,371,1800,15941,43,46755c1e20e5799d3c8e3c0be4a2f4a3f18856086f1b6fe611eda5fc71a849dd,f13db677a8358b59d7e0528258ba7ff9bf95b5314741ce39a724cf74d183ddaa,43,52,95,ef1703bd9d8165add18f221f6ce9923b0a59563d4ad78a7f64627263068a941e,256,365,621,897a8c81caee2087a0f6590982f571d507fc215958f9a2d44b9d931f6a29f6b0,1.0,370.72093023255815,4.310708491076258,3.564624329159213,185.3604651162791,185.36046511627907,3923f2ae3e307034df4796a02699f3f2217b37b04969f270e4895d4bf4223baa,xgboost__fold_01__excitement__71f0603f__weighted_aug__3923f2ae3e30
xgboost,XGBClassifier,6f5020a62aa64b2ba8e9eeb74b2bb836f9767f0e14b46b7d244a45e2f8dda4ec,1,81f1f0fe,excitement,target_excitement,-10,371,1800,15941,43,46755c1e20e5799d3c8e3c0be4a2f4a3f18856086f1b6fe611eda5fc71a849dd,f13db677a8358b59d7e0528258ba7ff9bf95b5314741ce39a724cf74d183ddaa,28,44,72,42ebbe399c694733657c6a517241392bfd282968cb9ead8b071bafc8519adedc,121,188,309,29ec33230e5f5d7dc02e7944cc4a18e2ac1f68f1d70267757247387b4d29d51c,1.0,370.72093023255815,6.620016611295681,4.212737843551797,185.36046511627907,185.36046511627907,307252d69fa5eb9c96879c9b67cc03dc97d156e3c4e7c76f4f2ec3a4d88fe045,xgboost__fold_01__excitement__81f1f0fe__weighted_aug__307252d69fa5
xgboost,XGBClassifier,6f5020a62aa64b2ba8e9eeb74b2bb836f9767f0e14b46b7d244a45e2f8dda4ec,1,c060c06a,excitement,target_excitement,-10,371,1800,15941,43,46755c1e20e5799d3c8e3c0be4a2f4a3f18856086f1b6fe611eda5fc71a849dd,f13db677a8358b59d7e0528258ba7ff9bf95b5314741ce39a724cf74d183ddaa,107,10,117,1f0549ad95f5c1c870329954662460432774d278055acb5bab80930f76f8f60c,126,34,160,e54ffb71f604e97bcafd2838613c608f11e60d7f72360e5b3de6354e8a0846cc,1.0,370.72093023255815,1.7323407954792436,18.53604651162791,185.36046511627907,185.3604651162791,34e671fe7c8b3e7e510577574a7ff429d206f4088329910cccc8774d860b4259,xgboost__fold_01__excitement__c060c06a__weighted_aug__34e671fe7c8b
xgboost,XGBClassifier,6f5020a62aa64b2ba8e9eeb74b2bb836f9767f0e14b46b7d244a45e2f8dda4ec,1,c112918e,excitement,target_excitement,-10,371,1800,15941,43,46755c1e20e5799d3c8e3c0be4a2f4a3f18856086f1b6fe611eda5fc71a849dd,f13db677a8358b59d7e0528258ba7ff9bf95b5314741ce39a724cf74d183ddaa,34,79,113,f3565ce7256ad0c0ba28645e8bda5d73f7b300a087cbbe979e45c7805f2a164d,335,118,453,693e4056b5822d6afcffde91dc97469eea4081dfcf6bc773f6af498b88953a59,1.0,370.72093023255815,5.451778385772914,2.346335001471887,185.36046511627907,185.36046511627907,93b0f96b3936b012bc0cd1171ea68f9786bc7d9bfecf109e7e4ceb927aa4822b,xgboost__fold_01__excitement__c112918e__weighted_aug__93b0f96b3936
xgboost,XGBClassifier,6f5020a62aa64b2ba8e9eeb74b2bb836f9767f0e14b46b7d244a45e2f8dda4ec,1,d111e017,excitement,target_excitement,-10,371,1800,15941,43,46755c1e20e5799d3c8e3c0be4a2f4a3f18856086f1b6fe611eda5fc71a849dd,f13db677a8358b59d7e0528258ba7ff9bf95b5314741ce39a724cf74d183ddaa,37,56,93,a00e763e7f8282412d199d7cbdfd06d63604d44b6db2a0d0dab493e2813e78ed,374,429,803,b4efe3344b74faa0d6ed7bfd7572a901f2a57b5447f7cf36fcdfe5ea5564dfb6,1.0,370.72093023255815,5.009742300439975,3.3100083056478407,185.36046511627907,185.36046511627907,948f58e2b9b4b9f7e0446bc311847247a7c5658ad0bfa7c70e5e5b48df4da323,xgboost__fold_01__excitement__d111e017__weighted_aug__948f58e2b9b4
xgboost,XGBClassifier,6f5020a62aa64b2ba8e9eeb74b2bb836f9767f0e14b46b7d244a45e2f8dda4ec,1,f1d06060,excitement,target_excitement,-10,371,1800,15941,43,46755c1e20e5799d3c8e3c0be4a2f4a3f18856086f1b6fe611eda5fc71a849dd,f13db677a8358b59d7e0528258ba7ff9bf95b5314741ce39a724cf74d183ddaa,72,76,148,1bcdd325896bae90cee2c01f8e716a6ac373d66050f25eff5d9ba81224c20d37,88,204,292,11b7f04710ffc1ab55fdca4f15be66510560f92884bf4dfe18ff28daed21a909,1.0,370.72093023255815,2.574450904392765,2.438953488372093,185.36046511627907,185.36046511627907,20364a257c9e9c4339c6f0a83a110a86a43535386c5f72671adffd0e88bae92c,xgboost__fold_01__excitement__f1d06060__weighted_aug__20364a257c9e
xgboost,XGBClassifier,6f5020a62aa64b2ba8e9eeb74b2bb836f9767f0e14b46b7d244a45e2f8dda4ec,1,30c140ca,focus,target_focus,-10,371,1800,15934,43,13c8256d6c504d64c2aafbcf8afda590c95af37fa8630180dd05588323d3acaf,7d71bb99b3a559d0df0aa3bf8b195bafc98a0dd046a82039a430a2fa4892b0d0,137,21,158,30d43b879e76bfc77dfddfea96d3e8a65f11f59a5593b8758805b7c121a61609,49,94,143,194aeb1b1fd6275088bac7237adb739bf065a09bd7bcb0d3401db5f681cb1849,1.0,370.5581395348837,1.352401969105415,8.82281284606866,185.27906976744185,185.27906976744185,259398fafe3949f87a1c0ff4db937dffa4e5c4a4b16bca90cfa6be8224806ad2,xgboost__fold_01__focus__30c140ca__weighted_aug__259398fafe39
xgboost,XGBClassifier,6f5020a62aa64b2ba8e9eeb74b2bb836f9767f0e14b46b7d244a45e2f8dda4ec,1,3110e0c7,focus,target_focus,-10,371,1800,15934,43,13c8256d6c504d64c2aafbcf8afda590c95af37fa8630180dd05588323d3acaf,7d71bb99b3a559d0df0aa3bf8b195bafc98a0dd046a82039a430a2fa4892b0d0,28,41,69,84eb3f3cf37e7bd89f28aca56977874ef827a968c24a66c6d92ef3a41b31f9fa,37,185,222,f9c03b5d4c62318fd1263b5af6ec519c3a8859d5f192852cd20660658954a74d,1.0,370.5581395348837,6.617109634551495,4.519001701644923,185.27906976744185,185.27906976744183,91559ece600f792478d33f8a10c021377bdac6d0a5928b631ca260107808d4c8,xgboost__fold_01__focus__3110e0c7__weighted_aug__91559ece600f
xgboost,XGBClassifier,6f5020a62aa64b2ba8e9eeb74b2bb836f9767f0e14b46b7d244a45e2f8dda4ec,1,7150e10a,focus,target_focus,-10,371,1800,15934,43,13c8256d6c504d64c2aafbcf8afda590c95af37fa8630180dd05588323d3acaf,7d71bb99b3a559d0df0aa3bf8b195bafc98a0dd046a82039a430a2fa4892b0d0,119,10,129,44b3321831680d8c1fcfa9ba0c3465d8550721eaba2c8aa90d7066066af073ba,297,78,375,4be7ae15632de70c5b07ca2fc5f5dab3f5dee5c9f76dd2cd814e58e18675a538,1.0,370.5581395348837,1.556966972835646,18.527906976744184,185.27906976744185,185.27906976744185,28f26d476f4713426c126a84bd051083e3adc14af14e0c8777f72488f65e4325,xgboost__fold_01__focus__7150e10a__weighted_aug__28f26d476f47
xgboost,XGBClassifier,6f5020a62aa64b2ba8e9eeb74b2bb836f9767f0e14b46b7d244a45e2f8dda4ec,1,71f0603f,focus,target_focus,-10,371,1800,15934,43,13c8256d6c504d64c2aafbcf8afda590c95af37fa8630180dd05588323d3acaf,7d71bb99b3a559d0df0aa3bf8b195bafc98a0dd046a82039a430a2fa4892b0d0,38,61,99,f1b2f348572218b6b71165cdefa959cb7b4ec1bb26b5ec8453bc4d7678239d07,302,339,641,c782f2fde0942647968fc529161733ded7f9b917e78e60f5862de7c4515e4f59,1.0,370.5581395348837,4.875764993880049,3.03736179946626,185.27906976744185,185.27906976744185,d9e4d2bda11332902624ca2b25dfa79987ada5bbb9dec416a696e76f3e8ab0bb,xgboost__fold_01__focus__71f0603f__weighted_aug__d9e4d2bda113
xgboost,XGBClassifier,6f5020a62aa64b2ba8e9eeb74b2bb836f9767f0e14b46b7d244a45e2f8dda4ec,1,81f1f0fe,focus,target_focus,-10,371,1800,15934,43,13c8256d6c504d64c2aafbcf8afda590c95af37fa8630180dd05588323d3acaf,7d71bb99b3a559d0df0aa3bf8b195bafc98a0dd046a82039a430a2fa4892b0d0,11,121,132,11da21f9d7b532bace2b97966998de4909b1535261a21284680b01ed4d1c6b59,57,249,306,d285d791bc0bfc9ed4d523b7d22769abe2059da1e969816a6a1ddaeda173bc73,1.0,370.5581395348837,16.843551797040167,1.5312319815491062,185.27906976744183,185.27906976744185,120f1541d7011a975f3006c3125e17302c176f872a555caafb1669d2960a39e9,xgboost__fold_01__focus__81f1f0fe__weighted_aug__120f1541d701
xgboost,XGBClassifier,6f5020a62aa64b2ba8e9eeb74b2bb836f9767f0e14b46b7d244a45e2f8dda4ec,1,c112918e,focus,target_focus,-10,371,1800,15934,43,13c8256d6c504d64c2aafbcf8afda590c95af37fa8630180dd05588323d3acaf,7d71bb99b3a559d0df0aa3bf8b195bafc98a0dd046a82039a430a2fa4892b0d0,43,61,104,fe8fd33b83ffc3797c0fb7c980303e58bcfdc9d5bf7f4c66baccfa6ef872242f,367,84,451,41e2c0bdeff43b07a35d1ff3970988af1ba4ee1fc36949358ea70c30268a5f9e,1.0,370.5581395348837,4.30881557598702,3.03736179946626,185.27906976744185,185.27906976744185,246b27e0a2fb6d22ef9f401fc85ed5743cebad5d939d787388099582f9a8e599,xgboost__fold_01__focus__c112918e__weighted_aug__246b27e0a2fb
xgboost,XGBClassifier,6f5020a62aa64b2ba8e9eeb74b2bb836f9767f0e14b46b7d244a45e2f8dda4ec,1,d111e017,focus,target_focus,-10,371,1800,15934,43,13c8256d6c504d64c2aafbcf8afda590c95af37fa8630180dd05588323d3acaf,7d71bb99b3a559d0df0aa3bf8b195bafc98a0dd046a82039a430a2fa4892b0d0,15,55,70,f352f709e8b4411635e44c7d6589bf5d2426fc11b9038d23c6daa64e63fe67e6,403,366,769,ff768d4de989f9b85a50256750b0aecfc4def26e1e7521fddeb5cd6284c1015e,1.0,370.5581395348837,12.351937984496123,3.3687103594080336,185.27906976744185,185.27906976744185,0c937753dee3ce17acccf8ccaacd726c9b6870c0c1eef6f099a7cb2449139d27,xgboost__fold_01__focus__d111e017__weighted_aug__0c937753dee3
xgboost,XGBClassifier,6f5020a62aa64b2ba8e9eeb74b2bb836f9767f0e14b46b7d244a45e2f8dda4ec,1,f1d06060,focus,target_focus,-10,371,1800,15934,43,13c8256d6c504d64c2aafbcf8afda590c95af37fa8630180dd05588323d3acaf,7d71bb99b3a559d0df0aa3bf8b195bafc98a0dd046a82039a430a2fa4892b0d0,46,89,135,0c6799b4c03686384b824dcb88e3d5ca6db0577d987e1c0341fa3a696e47a48d,79,200,279,65753d02fd6da9591cf80243b0b940cfe0e583f804cc07223274aa1c2ce43be0,1.0,370.5581395348837,4.027805864509605,2.0817873007577736,185.27906976744183,185.27906976744185,105c04de1e33a3c1b0fb3ba5e587fa55b0964302461dbf5ecc609a7a3094e454,xgboost__fold_01__focus__f1d06060__weighted_aug__105c04de1e33
xgboost,XGBClassifier,6f5020a62aa64b2ba8e9eeb74b2bb836f9767f0e14b46b7d244a45e2f8dda4ec,1,30c140ca,interest,target_interest,-10,371,1800,15927,43,5ca8d61de646678312a2d530cab97192f5b8c2fdb963f8ebda9a06db87a1f1fc,bd39db4c19d9f742cb059d0566f550cf160821412eeb67d3cc0780042dbd7317,86,71,157,665c9718e3629b71a0ceff4bf30c5affc6b96aba1fdc5712ee58c5eb9db4e336,192,3,195,d5a4928a0b697900b617349957b7ab399ebf266e12fcddad08232a8c919d1b12,1.0,370.3953488372093,2.1534613304488914,2.608417949557812,185.19767441860466,185.19767441860466,5f76d90c483e61bca96b542d00446c34d6b235c75672c7d7ee26b28a6d335551,xgboost__fold_01__interest__30c140ca__weighted_aug__5f76d90c483e
xgboost,XGBClassifier,6f5020a62aa64b2ba8e9eeb74b2bb836f9767f0e14b46b7d244a45e2f8dda4ec,1,3110e0c7,interest,target_interest,-10,371,1800,15927,43,5ca8d61de646678312a2d530cab97192f5b8c2fdb963f8ebda9a06db87a1f1fc,bd39db4c19d9f742cb059d0566f550cf160821412eeb67d3cc0780042dbd7317,51,49,100,291bf179ac1a2c05de6ecb05b87bcf69c8d3be598bc1e2c21290479a682176f5,130,77,207,1c52cc19f3be3879d4d55b7af6ba78d8098458963bce35cdd07bfaa9b77a1f86,1.0,370.3953488372093,3.6313269493844054,3.7795443758898912,185.19767441860466,185.19767441860466,b4ef0a1d2639ab57a6367693288bcc17f63e0e73b5326322f260e485281b7c4c,xgboost__fold_01__interest__3110e0c7__weighted_aug__b4ef0a1d2639
xgboost,XGBClassifier,6f5020a62aa64b2ba8e9eeb74b2bb836f9767f0e14b46b7d244a45e2f8dda4ec,1,71f0603f,interest,target_interest,-10,371,1800,15927,43,5ca8d61de646678312a2d530cab97192f5b8c2fdb963f8ebda9a06db87a1f1fc,bd39db4c19d9f742cb059d0566f550cf160821412eeb67d3cc0780042dbd7317,103,47,150,63ca592fa36153a438f29050e25f1017e475c180272fb15a54fca93a9411f4fb,278,388,666,f6eff89343b13c9acdd70afb4d74011f571d713196caed9bfd5922101df857ad,1.0,370.3953488372093,1.7980356739670356,3.9403760514596735,185.19767441860466,185.19767441860466,1b2e27899f36fa04ae0e7e447b5051d0f4faca02f35274e567f7142be16a8995,xgboost__fold_01__interest__71f0603f__weighted_aug__1b2e27899f36
xgboost,XGBClassifier,6f5020a62aa64b2ba8e9eeb74b2bb836f9767f0e14b46b7d244a45e2f8dda4ec,1,81f1f0fe,interest,target_interest,-10,371,1800,15927,43,5ca8d61de646678312a2d530cab97192f5b8c2fdb963f8ebda9a06db87a1f1fc,bd39db4c19d9f742cb059d0566f550cf160821412eeb67d3cc0780042dbd7317,56,98,154,858892c7ddcb83a90548c1ab27c97fa0f57899e2019afe81f3068e1a46ff7c94,221,149,370,ce92fad43fd65f1b3b1f0c4645184d0c81521a4dbe5d0029950b97961b0d6d84,1.0,370.3953488372093,3.307101328903655,1.8897721879449456,185.19767441860466,185.19767441860466,6f390ce72d51a9c4c6f4e693279dc1fe5e78d382e36909c5f4140180ce7529d6,xgboost__fold_01__interest__81f1f0fe__weighted_aug__6f390ce72d51
xgboost,XGBClassifier,6f5020a62aa64b2ba8e9eeb74b2bb836f9767f0e14b46b7d244a45e2f8dda4ec,1,c060c06a,interest,target_interest,-10,371,1800,15927,43,5ca8d61de646678312a2d530cab97192f5b8c2fdb963f8ebda9a06db87a1f1fc,bd39db4c19d9f742cb059d0566f550cf160821412eeb67d3cc0780042dbd7317,38,43,81,87ac8b0d396f38f7369fd2fa679c5315d661d5fb2937b804f5b46cddf64355e4,83,120,203,d2d2d2afc62db4ca588b53fb484c79202dc83691e69753709eeca6859a11f71d,1.0,370.3953488372093,4.873623011015912,4.306922660897783,185.19767441860466,185.19767441860466,a2cd523f3381788e90d3de33c73ba9ac034fb0c7b616c39bf1ba90f71ba4a5fd,xgboost__fold_01__interest__c060c06a__weighted_aug__a2cd523f3381
xgboost,XGBClassifier,6f5020a62aa64b2ba8e9eeb74b2bb836f9767f0e14b46b7d244a45e2f8dda4ec,1,c112918e,interest,target_interest,-10,371,1800,15927,43,5ca8d61de646678312a2d530cab97192f5b8c2fdb963f8ebda9a06db87a1f1fc,bd39db4c19d9f742cb059d0566f550cf160821412eeb67d3cc0780042dbd7317,53,41,94,c0e1711b8c54c448700765a89890b3c613f16d7d0e1d43ef9af59e85fd3ab0aa,230,170,400,b82524c7eddc47baa9765310b629ebdb11284d0ddcc4f7fda9d964a35d95ba64,1.0,370.3953488372093,3.4942957437472577,4.51701644923426,185.19767441860466,185.19767441860466,6a2c8d6908494fb092259ebb26173b34000255a5e1235d333872fa97b7a634f7,xgboost__fold_01__interest__c112918e__weighted_aug__6a2c8d690849
xgboost,XGBClassifier,6f5020a62aa64b2ba8e9eeb74b2bb836f9767f0e14b46b7d244a45e2f8dda4ec,1,d111e017,interest,target_interest,-10,371,1800,15927,43,5ca8d61de646678312a2d530cab97192f5b8c2fdb963f8ebda9a06db87a1f1fc,bd39db4c19d9f742cb059d0566f550cf160821412eeb67d3cc0780042dbd7317,80,21,101,16a7aedf62a2d7abe9e029284a249921ffe561b4ae37fb4fc2ac3de8651b642c,436,360,796,aef3285d6163014f00068180f574aa6e18d1c9e5299bfb4a289d85a44b5d30a7,1.0,370.3953488372093,2.3149709302325583,8.818936877076412,185.19767441860466,185.19767441860466,0431a400f2961f77a5f52cca72984a414abf80e0d0fefab710da086fff315d04,xgboost__fold_01__interest__d111e017__weighted_aug__0431a400f296
xgboost,XGBClassifier,6f5020a62aa64b2ba8e9eeb74b2bb836f9767f0e14b46b7d244a45e2f8dda4ec,1,f1d06060,interest,target_interest,-10,371,1800,15927,43,5ca8d61de646678312a2d530cab97192f5b8c2fdb963f8ebda9a06db87a1f1fc,bd39db4c19d9f742cb059d0566f550cf160821412eeb67d3cc0780042dbd7317,68,58,126,5604ace228daa512b0a0a6a82a457795377e19013009b14377ba275278d8057b,173,121,294,a7ee71a868c1f2ceeeee1454a2544e7d700d647d91130fdcd2e50620b968cbc6,1.0,370.3953488372093,2.723495212038304,3.193063352044908,185.19767441860466,185.19767441860466,9334afe2d747a3ccf13c6fd6b4b136040feec546cfe47e08662c04d999e6a734,xgboost__fold_01__interest__f1d06060__weighted_aug__9334afe2d747
xgboost,XGBClassifier,6f5020a62aa64b2ba8e9eeb74b2bb836f9767f0e14b46b7d244a45e2f8dda4ec,1,3110e0c7,relaxation,target_relaxation,-10,371,1800,15947,43,80bdf541d6d3f3dc1ccae382c9f7be6cac38ef75bc83ec94bf56735813804e10,38b0c29f91cf04074516bcbbf6cf6e9362b22718f7ac54fdbe5adf6de43d5d14,37,35,72,182df246e8e93fe8484a996dd03aa72cd96fe5d0b9d021e790eaabfd9e35f18f,118,94,212,f7c34121e39600488031e007151bb4b7abbdf90ab6c2641c3568fe3d6e7462bf,1.0,370.86046511627904,5.011627906976744,5.298006644518272,185.43023255813952,185.4302325581395,3a927ecf388deea63b054fbf35e3309c238853f325280a015d774f09b36ef01c,xgboost__fold_01__relaxation__3110e0c7__weighted_aug__3a927ecf388d
xgboost,XGBClassifier,6f5020a62aa64b2ba8e9eeb74b2bb836f9767f0e14b46b7d244a45e2f8dda4ec,1,7150e10a,relaxation,target_relaxation,-10,371,1800,15947,43,80bdf541d6d3f3dc1ccae382c9f7be6cac38ef75bc83ec94bf56735813804e10,38b0c29f91cf04074516bcbbf6cf6e9362b22718f7ac54fdbe5adf6de43d5d14,84,13,97,5dd02aace992d8534dc183e17c75ddbd231b7d10502ceea786532a8a7308d2a6,205,181,386,eb82ec58b1b091b17fa711c53eba8e871a782db0ee64878721a8273d8b6582b1,1.0,370.86046511627904,2.20750276854928,14.26386404293381,185.43023255813952,185.43023255813952,943cb23f2f6097599d743b3dfdde2e09b866ad828fde498bfe92a9f4d4bf6c74,xgboost__fold_01__relaxation__7150e10a__weighted_aug__943cb23f2f60
xgboost,XGBClassifier,6f5020a62aa64b2ba8e9eeb74b2bb836f9767f0e14b46b7d244a45e2f8dda4ec,1,71f0603f,relaxation,target_relaxation,-10,371,1800,15947,43,80bdf541d6d3f3dc1ccae382c9f7be6cac38ef75bc83ec94bf56735813804e10,38b0c29f91cf04074516bcbbf6cf6e9362b22718f7ac54fdbe5adf6de43d5d14,66,23,89,cf9b2209a4646be7a97afe2f60831cf1e04afffb6fcafc93074a5490a79d830c,240,430,670,f6dec376ee7a2d1be5c34360ae3918569adc5173430d48815d0c80b19b8ec8a5,1.0,370.86046511627904,2.809548978153629,8.062184024266935,185.43023255813952,185.43023255813952,8af475825400367b348981affb3c05efb47d18cf8490b261b0a38fd96ff01354,xgboost__fold_01__relaxation__71f0603f__weighted_aug__8af475825400
xgboost,XGBClassifier,6f5020a62aa64b2ba8e9eeb74b2bb836f9767f0e14b46b7d244a45e2f8dda4ec,1,81f1f0fe,relaxation,target_relaxation,-10,371,1800,15947,43,80bdf541d6d3f3dc1ccae382c9f7be6cac38ef75bc83ec94bf56735813804e10,38b0c29f91cf04074516bcbbf6cf6e9362b22718f7ac54fdbe5adf6de43d5d14,18,71,89,bc4bc575d44fbcee78b3738a9e1da479d02193a84a294d02e9fdfade449666c0,225,112,337,87fb69e74da4238e461142da81173bc409039df6735d1fa586453195da200c08,1.0,370.86046511627904,10.301679586563306,2.6116934163118244,185.43023255813952,185.43023255813952,958d511e19ccbe47e0de674d103be1606304df7bee2800d1a80ea1b8b6b5b999,xgboost__fold_01__relaxation__81f1f0fe__weighted_aug__958d511e19cc
xgboost,XGBClassifier,6f5020a62aa64b2ba8e9eeb74b2bb836f9767f0e14b46b7d244a45e2f8dda4ec,1,c060c06a,relaxation,target_relaxation,-10,371,1800,15947,43,80bdf541d6d3f3dc1ccae382c9f7be6cac38ef75bc83ec94bf56735813804e10,38b0c29f91cf04074516bcbbf6cf6e9362b22718f7ac54fdbe5adf6de43d5d14,14,119,133,76d03792015b6707683b3f856ff3d10be75870a369d2bc0f70fd3f08a6d6ec71,17,147,164,a30353a27d4a7bcb0f05da7a47bccbe086def9e2d4d6d34d8ef4580f2f514a0d,1.0,370.86046511627904,13.24501661129568,1.5582372483877271,185.43023255813952,185.43023255813952,1685464d94cd4e759b3e157ad21cdfc99d7ad7b8edfa2379ed305f309afedef0,xgboost__fold_01__relaxation__c060c06a__weighted_aug__1685464d94cd
xgboost,XGBClassifier,6f5020a62aa64b2ba8e9eeb74b2bb836f9767f0e14b46b7d244a45e2f8dda4ec,1,c112918e,relaxation,target_relaxation,-10,371,1800,15947,43,80bdf541d6d3f3dc1ccae382c9f7be6cac38ef75bc83ec94bf56735813804e10,38b0c29f91cf04074516bcbbf6cf6e9362b22718f7ac54fdbe5adf6de43d5d14,37,62,99,d27ac004d7188a715146da234443cbc11dd9564042d6df3b065e6d96bca0019b,221,287,508,097acc5003ebe9b1499a2c0faaca1b60ce74f7c0687377fc39504a7ae7e0c25f,1.0,370.86046511627904,5.011627906976744,2.9908102025506373,185.43023255813952,185.43023255813952,e226050df3740d3db469171585fd0f3ccd607e24658a3b0c01f2b0c0194116db,xgboost__fold_01__relaxation__c112918e__weighted_aug__e226050df374
xgboost,XGBClassifier,6f5020a62aa64b2ba8e9eeb74b2bb836f9767f0e14b46b7d244a45e2f8dda4ec,1,f1d06060,relaxation,target_relaxation,-10,371,1800,15947,43,80bdf541d6d3f3dc1ccae382c9f7be6cac38ef75bc83ec94bf56735813804e10,38b0c29f91cf04074516bcbbf6cf6e9362b22718f7ac54fdbe5adf6de43d5d14,114,24,138,84a05e69e2e94a195cc9480d5b9476a3c953365babcd64c11e58906341895aa2,135,159,294,466bed25fbe85581d0810093f592f4b8c6298b32e5dac5942e7dea59cbad4fbb,1.0,370.86046511627904,1.626580987352101,7.72625968992248,185.43023255813952,185.43023255813952,09b3d707685279fdd6f316fa15ec3711fc4742a7c16b56dd29b6ebbfdda86e02,xgboost__fold_01__relaxation__f1d06060__weighted_aug__09b3d7076852
xgboost,XGBClassifier,6f5020a62aa64b2ba8e9eeb74b2bb836f9767f0e14b46b7d244a45e2f8dda4ec,1,30c140ca,stress,target_stress,-10,371,1800,15924,43,5646662f70b23c348f500bc8018a5f316a9dcaa12c89cf89cf99c0ffff37fe88,bc3be14a13e7a39ebeab010389e1c408e3b117b37aecad2317d7955676362ffa,68,72,140,4279867ecd418e2c2037abf025399052338470aaa43bea74c71a96a2c189d61b,67,98,165,24cace45a46912281bada25aca77a93b6cf4df8608859a3c08091187480571e9,1.0,370.3255813953488,2.7229822161422708,2.571705426356589,185.1627906976744,185.16279069767438,b9bc8cff985f6d207c8b2b0fe2799a82751271f4328fcb681f0b99f2cde9e58c,xgboost__fold_01__stress__30c140ca__weighted_aug__b9bc8cff985f
xgboost,XGBClassifier,6f5020a62aa64b2ba8e9eeb74b2bb836f9767f0e14b46b7d244a45e2f8dda4ec,1,7150e10a,stress,target_stress,-10,371,1800,15924,43,5646662f70b23c348f500bc8018a5f316a9dcaa12c89cf89cf99c0ffff37fe88,bc3be14a13e7a39ebeab010389e1c408e3b117b37aecad2317d7955676362ffa,133,23,156,4d6b03b4fdd454f17f8105c7734d9dbf275ca36a59cb5b6a5f3aa168485cf592,219,187,406,d254197e7cb69f33b5d758827d99cd1239fc1524463bfcb4ba4233b39d05cc2e,1.0,370.3255813953488,1.392201433817101,8.050556117290192,185.1627906976744,185.1627906976744,e802bde41e2d36f26109ce845d0bfe732e78661d5fe391788d6fc4ab519d511f,xgboost__fold_01__stress__7150e10a__weighted_aug__e802bde41e2d
xgboost,XGBClassifier,6f5020a62aa64b2ba8e9eeb74b2bb836f9767f0e14b46b7d244a45e2f8dda4ec,1,71f0603f,stress,target_stress,-10,371,1800,15924,43,5646662f70b23c348f500bc8018a5f316a9dcaa12c89cf89cf99c0ffff37fe88,bc3be14a13e7a39ebeab010389e1c408e3b117b37aecad2317d7955676362ffa,103,54,157,b27a41a6cedac4ba6645bde32dd25430800c4351aa799c16b264dd80dd516d9d,161,327,488,d787e18f302ccca0ab46a4a273d2012a1941ca8ae6a209be119a1ebbf97000a6,1.0,370.3255813953488,1.7976969970648,3.428940568475452,185.1627906976744,185.1627906976744,bb86d5a0deabf952b6a4891ef6219319aaaa3ff620b2d73acf4a9b894e5a4c1b,xgboost__fold_01__stress__71f0603f__weighted_aug__bb86d5a0deab
xgboost,XGBClassifier,6f5020a62aa64b2ba8e9eeb74b2bb836f9767f0e14b46b7d244a45e2f8dda4ec,1,c060c06a,stress,target_stress,-10,371,1800,15924,43,5646662f70b23c348f500bc8018a5f316a9dcaa12c89cf89cf99c0ffff37fe88,bc3be14a13e7a39ebeab010389e1c408e3b117b37aecad2317d7955676362ffa,77,57,134,597ee69d4d43e85f2e9f654dd969296f7e133d313190be229bb8d1001eea0d4d,141,86,227,45a8b3d2ee0be4d60766b45ef83cd8d15b41e5d0f3f4a9a184f2e044078994d4,1.0,370.3255813953488,2.404711567502265,3.2484700122399017,185.1627906976744,185.1627906976744,59c59c2fbdc08d1b3d3839c56b2ba4a1f05e01075943f41b0eea74f666c55dab,xgboost__fold_01__stress__c060c06a__weighted_aug__59c59c2fbdc0
xgboost,XGBClassifier,6f5020a62aa64b2ba8e9eeb74b2bb836f9767f0e14b46b7d244a45e2f8dda4ec,1,d111e017,stress,target_stress,-10,371,1800,15924,43,5646662f70b23c348f500bc8018a5f316a9dcaa12c89cf89cf99c0ffff37fe88,bc3be14a13e7a39ebeab010389e1c408e3b117b37aecad2317d7955676362ffa,100,27,127,1075a7faf99932a8d77bc5114bd1f71ccc1bc95befcb6f37ad7b038d61ebb9e4,465,456,921,a685b16f05aaf44b59afb95c6d376a1098f9b7b96845c15b0e6c769ed11aa52e,1.0,370.3255813953488,1.851627906976744,6.857881136950904,185.1627906976744,185.1627906976744,a8bbe14f06e4ebbaf25f6ae9fa28e31f5c5bdbab277dc09ce904acef2cbab313,xgboost__fold_01__stress__d111e017__weighted_aug__a8bbe14f06e4
xgboost,XGBClassifier,6f5020a62aa64b2ba8e9eeb74b2bb836f9767f0e14b46b7d244a45e2f8dda4ec,1,f1d06060,stress,target_stress,-10,371,1800,15924,43,5646662f70b23c348f500bc8018a5f316a9dcaa12c89cf89cf99c0ffff37fe88,bc3be14a13e7a39ebeab010389e1c408e3b117b37aecad2317d7955676362ffa,81,68,149,508a92f920cab9516ccb9ceb9603644c9459734bc8d8ce0408eb1a1649f0182b,193,147,340,f592685079d60ebda56d693eb86415293827e12860d10b74de17f542ee040582,1.0,370.3255813953488,2.285960378983635,2.7229822161422708,185.16279069767444,185.1627906976744,e5dcde04a5d560c672e5224cc3b7e9d55f8510560889277180c3da168305e20b,xgboost__fold_01__stress__f1d06060__weighted_aug__e5dcde04a5d5
xgboost,XGBClassifier,6f5020a62aa64b2ba8e9eeb74b2bb836f9767f0e14b46b7d244a45e2f8dda4ec,2,1081b177,attention,target_attention,-10,371,1800,15830,43,268687b6f9714bde2a4a9a04b3242317a7f895633752dd62d71cf4dc00d641ec,05b80bfaecd22890a7e360375d08013c2763762bc191dded6a0bbd75f29be07f,53,77,130,d988c4218545d39c8d9bcea318ed94580d7e0bab9f42d6054d4345856753b59b,152,115,267,227b4d6f57fd47553846d9a3a6e5364e14a45acf91da8350eea968667ce17014,1.0,368.13953488372096,3.4730144800351033,2.3905164602839024,184.06976744186048,184.06976744186048,8e497946f67ca261429beb35cf8fdaf458fe69252d8b0b439dea03713d42abff,xgboost__fold_02__attention__1081b177__weighted_aug__8e497946f67c
xgboost,XGBClassifier,6f5020a62aa64b2ba8e9eeb74b2bb836f9767f0e14b46b7d244a45e2f8dda4ec,2,6030f0fd,attention,target_attention,-10,371,1800,15830,43,268687b6f9714bde2a4a9a04b3242317a7f895633752dd62d71cf4dc00d641ec,05b80bfaecd22890a7e360375d08013c2763762bc191dded6a0bbd75f29be07f,72,56,128,aba44396cded88d7a90ef2bf01073fc5c8ab954e807fd3bcb5e1195922063b07,64,163,227,7c06ed050cd4d38a4f6d5c6560dd3947f8ca120a9f1667a3309d44cb5d2e8ab6,1.0,368.13953488372096,2.5565245478036176,3.2869601328903655,184.06976744186048,184.06976744186048,eec07f29a62c928df2819774c954a9904d1b4eebe4915b86a1e756166b35699e,xgboost__fold_02__attention__6030f0fd__weighted_aug__eec07f29a62c
xgboost,XGBClassifier,6f5020a62aa64b2ba8e9eeb74b2bb836f9767f0e14b46b7d244a45e2f8dda4ec,2,7072a0e0,attention,target_attention,-10,371,1800,15830,43,268687b6f9714bde2a4a9a04b3242317a7f895633752dd62d71cf4dc00d641ec,05b80bfaecd22890a7e360375d08013c2763762bc191dded6a0bbd75f29be07f,76,13,89,284d0b1c15c2bf5f010d374270e804b7eb25de69b62ecfbc4a506d88f7c0aeee,221,186,407,fe4540e53f8190423c51d95ab99b9616f8b68e48529ddcca1806b5355a801b9a,1.0,368.13953488372096,2.4219706242350063,14.159212880143114,184.06976744186048,184.06976744186048,d3cf0a917151edfdf7c9524dbc681089e1b707b4ec9c73089e78a8bf44b66ede,xgboost__fold_02__attention__7072a0e0__weighted_aug__d3cf0a917151
xgboost,XGBClassifier,6f5020a62aa64b2ba8e9eeb74b2bb836f9767f0e14b46b7d244a45e2f8dda4ec,2,71c09041,attention,target_attention,-10,371,1800,15830,43,268687b6f9714bde2a4a9a04b3242317a7f895633752dd62d71cf4dc00d641ec,05b80bfaecd22890a7e360375d08013c2763762bc191dded6a0bbd75f29be07f,46,15,61,185d68b56eaf11a8a4f1a68a70421d64d4b9fef957f37682ebaa52da7c0317bb,33,78,111,91cb13b5813965b2c6c82a9598e4e599864df43ddad0794799de69e1ecc41c26,1.0,368.13953488372096,4.001516683518706,12.271317829457365,184.06976744186048,184.06976744186048,dcb6d00aee2a10aca0a55ee8d664294626e7618b2aa5586e781e11b10063820c,xgboost__fold_02__attention__71c09041__weighted_aug__dcb6d00aee2a
xgboost,XGBClassifier,6f5020a62aa64b2ba8e9eeb74b2bb836f9767f0e14b46b7d244a45e2f8dda4ec,2,a02151ac,attention,target_attention,-10,371,1800,15830,43,268687b6f9714bde2a4a9a04b3242317a7f895633752dd62d71cf4dc00d641ec,05b80bfaecd22890a7e360375d08013c2763762bc191dded6a0bbd75f29be07f,48,69,117,fa587b296373b5de2dcc92a4c93bfe487fe3dc51fe8a3a1d7e57bd052628d7fb,151,189,340,14442a6cecc8ce919e40f6dbaf7f03c6076cc3fd6c48c95a42d72fb8db71e54c,1.0,368.13953488372096,3.8347868217054266,2.6676777890124708,184.06976744186048,184.06976744186048,61a906f9be3f5faa667a8fdff0f8f26ea3baacb2e0549a931578a0e245f88e84,xgboost__fold_02__attention__a02151ac__weighted_aug__61a906f9be3f
xgboost,XGBClassifier,6f5020a62aa64b2ba8e9eeb74b2bb836f9767f0e14b46b7d244a45e2f8dda4ec,2,d0e2d025,attention,target_attention,-10,371,1800,15830,43,268687b6f9714bde2a4a9a04b3242317a7f895633752dd62d71cf4dc00d641ec,05b80bfaecd22890a7e360375d08013c2763762bc191dded6a0bbd75f29be07f,103,16,119,5e981dd27dfa8cc441b73bc6878f3b08d3c926c46734c32b7c95890a675e1a9b,400,149,549,e2a3e7effc9f5f9ba5010568a7015c8508dbd2d587c73c05b93eb5fa9724d3c3,1.0,368.13953488372096,1.787085120794762,11.50436046511628,184.06976744186048,184.06976744186048,cf4cbbfc1a05c614429bbfd245901f4b81ee95aaa0d0bc409c9dd7b8f522a116,xgboost__fold_02__attention__d0e2d025__weighted_aug__cf4cbbfc1a05
xgboost,XGBClassifier,6f5020a62aa64b2ba8e9eeb74b2bb836f9767f0e14b46b7d244a45e2f8dda4ec,2,d18000a3,attention,target_attention,-10,371,1800,15830,43,268687b6f9714bde2a4a9a04b3242317a7f895633752dd62d71cf4dc00d641ec,05b80bfaecd22890a7e360375d08013c2763762bc191dded6a0bbd75f29be07f,46,59,105,cea860a705249a5a51e84799eea78bf8bb36843ac3868eb4ab8f9b768c6ea419,168,220,388,ca5562f54882b03263e97591651b03ad2f06e0b4f638fec391557d16f039f468,1.0,368.13953488372096,4.001516683518706,3.1198265668111946,184.06976744186048,184.06976744186048,c308badb17220166f6238a1a9449f314f4d7cd6b30cb17238ccbd188f9d775da,xgboost__fold_02__attention__d18000a3__weighted_aug__c308badb1722
xgboost,XGBClassifier,6f5020a62aa64b2ba8e9eeb74b2bb836f9767f0e14b46b7d244a45e2f8dda4ec,2,f0f2a1e1,attention,target_attention,-10,371,1800,15830,43,268687b6f9714bde2a4a9a04b3242317a7f895633752dd62d71cf4dc00d641ec,05b80bfaecd22890a7e360375d08013c2763762bc191dded6a0bbd75f29be07f,47,19,66,5235665955822f2d472f45fbec0d4989432f2c316761a855a2029d2094cde9d4,55,161,216,ae75b44b16d8a57370a738969003888486a448f9fca975d1f1a6881682c1a54a,1.0,368.13953488372096,3.9163780306778824,9.687882496940025,184.06976744186048,184.06976744186048,57e5c357ac8cd16fd9095cb1be4ea280082eb06fe910a48db0df75f13ce9225f,xgboost__fold_02__attention__f0f2a1e1__weighted_aug__57e5c357ac8c
xgboost,XGBClassifier,6f5020a62aa64b2ba8e9eeb74b2bb836f9767f0e14b46b7d244a45e2f8dda4ec,2,1081b177,engagement,target_engagement,-10,371,1800,16404,43,878c34cf2e7399941af30ed0623103fcf66324e3c84753cfd8725855ef681b41,96921223f37aee74e8576505e04d8d93656b6d22365a8c1e79d1aadc606e3780,17,93,110,64219e8d525a64dcbd4feb03b7b4b6869e4b33b11ccd0e05e22f1fc5452338e4,73,188,261,640b314903571314524906e7c771a2579d3b14df967959cdb6ee38e6371794e7,1.0,381.48837209302326,11.220246238030096,2.051012753188297,190.74418604651163,190.74418604651163,5b4f15d9f71a0b6e5e9449c32f90dab05862d089e184458e86aa821858da1441,xgboost__fold_02__engagement__1081b177__weighted_aug__5b4f15d9f71a
xgboost,XGBClassifier,6f5020a62aa64b2ba8e9eeb74b2bb836f9767f0e14b46b7d244a45e2f8dda4ec,2,6030f0fd,engagement,target_engagement,-10,371,1800,16404,43,878c34cf2e7399941af30ed0623103fcf66324e3c84753cfd8725855ef681b41,96921223f37aee74e8576505e04d8d93656b6d22365a8c1e79d1aadc606e3780,24,87,111,121494092aa8551c6330859a45eb7129fdf5b6523ec6b5895e6d7e2fcbeb874c,88,99,187,cc96aa1d95339cad7a385ba7a8d1396068693dda0572c4c374d10f9e48fcfdc0,1.0,381.48837209302326,7.9476744186046515,2.1924619085805936,190.74418604651163,190.74418604651166,b10ae1f50a218736748314d034c7c5f68ef3718905e457d2bcd2c523471d057b,xgboost__fold_02__engagement__6030f0fd__weighted_aug__b10ae1f50a21
xgboost,XGBClassifier,6f5020a62aa64b2ba8e9eeb74b2bb836f9767f0e14b46b7d244a45e2f8dda4ec,2,7072a0e0,engagement,target_engagement,-10,371,1800,16404,43,878c34cf2e7399941af30ed0623103fcf66324e3c84753cfd8725855ef681b41,96921223f37aee74e8576505e04d8d93656b6d22365a8c1e79d1aadc606e3780,30,76,106,603ff4a811bae2bd60ada87a012e9e8eab8e3a5dc22d08d2d14fbf601f71de17,193,192,385,38e26c8495d2e5191087676b5225b57c5ced2083a27df3e4b5f26c2b54f125bb,1.0,381.48837209302326,6.358139534883721,2.5097919216646267,190.74418604651163,190.74418604651163,36c1f9c1d84a0e33cb9b4970ccb1b8685c844ba70e94b0be577ac4cdd91bd7aa,xgboost__fold_02__engagement__7072a0e0__weighted_aug__36c1f9c1d84a
xgboost,XGBClassifier,6f5020a62aa64b2ba8e9eeb74b2bb836f9767f0e14b46b7d244a45e2f8dda4ec,2,71c09041,engagement,target_engagement,-10,371,1800,16404,43,878c34cf2e7399941af30ed0623103fcf66324e3c84753cfd8725855ef681b41,96921223f37aee74e8576505e04d8d93656b6d22365a8c1e79d1aadc606e3780,61,65,126,526187516998a519f485f49c91ac5ac06b83a41c904a7fdb367e97a116a22c95,211,119,330,6e745766811957cae6b9de0ef8c0dcbe32029cdc390319107eb41cbeb79b29a1,1.0,381.48837209302326,3.126953869614945,2.934525939177102,190.74418604651163,190.74418604651163,93bb9b96ef474080be2c08fed8a7b998e1ebf4829115a33b1ae7a1e797d42d4c,xgboost__fold_02__engagement__71c09041__weighted_aug__93bb9b96ef47
xgboost,XGBClassifier,6f5020a62aa64b2ba8e9eeb74b2bb836f9767f0e14b46b7d244a45e2f8dda4ec,2,a02151ac,engagement,target_engagement,-10,371,1800,16404,43,878c34cf2e7399941af30ed0623103fcf66324e3c84753cfd8725855ef681b41,96921223f37aee74e8576505e04d8d93656b6d22365a8c1e79d1aadc606e3780,16,51,67,a6e86819990359dc35fccf4dc06224ae8fcb78a80c9208a7133fc9563bcbd0a9,98,167,265,61f07c988c5fad312857978c1997bf6971994d98b24cff3033070ad18d8cab5d,1.0,381.48837209302326,11.921511627906977,3.7400820793433653,190.74418604651163,190.74418604651163,9dd3563481f597f3325b27eccddb18f29899f4ca62bc89f0bc4a71d0b6b322d0,xgboost__fold_02__engagement__a02151ac__weighted_aug__9dd3563481f5
xgboost,XGBClassifier,6f5020a62aa64b2ba8e9eeb74b2bb836f9767f0e14b46b7d244a45e2f8dda4ec,2,d0e2d025,engagement,target_engagement,-10,371,1800,16404,43,878c34cf2e7399941af30ed0623103fcf66324e3c84753cfd8725855ef681b41,96921223f37aee74e8576505e04d8d93656b6d22365a8c1e79d1aadc606e3780,10,78,88,14e7db39757b0e6ce50aa4bfff978bdc0a7a9d901a347141ae7411e66e76b15d,126,280,406,d61de83582937a084b1892f2a198313c3ce571fa9d695e7a0b13735a27f52d45,1.0,381.48837209302326,19.074418604651164,2.445438282647585,190.74418604651163,190.74418604651163,4e6a4fbd1071c9652ba0ce9c6ffb062cf430f57f2ec38b78cfc2cca98336408a,xgboost__fold_02__engagement__d0e2d025__weighted_aug__4e6a4fbd1071
xgboost,XGBClassifier,6f5020a62aa64b2ba8e9eeb74b2bb836f9767f0e14b46b7d244a45e2f8dda4ec,2,d18000a3,engagement,target_engagement,-10,371,1800,16404,43,878c34cf2e7399941af30ed0623103fcf66324e3c84753cfd8725855ef681b41,96921223f37aee74e8576505e04d8d93656b6d22365a8c1e79d1aadc606e3780,22,70,92,1ee04a4e3822da79ec20cad28c23628c73f902e589570f7a9b1a94a901f3e18c,204,136,340,9230c2a5cfea84f766226036d9d91f581c6116293ff0e8c8a4526448ee1b870e,1.0,381.48837209302326,8.670190274841438,2.7249169435215945,190.74418604651163,190.74418604651163,8a0ad5d7889e1039dc0e848cbff6ae6fb4e60f623c7306814b35ea5ecf2c2120,xgboost__fold_02__engagement__d18000a3__weighted_aug__8a0ad5d7889e
xgboost,XGBClassifier,6f5020a62aa64b2ba8e9eeb74b2bb836f9767f0e14b46b7d244a45e2f8dda4ec,2,f0f2a1e1,engagement,target_engagement,-10,371,1800,16404,43,878c34cf2e7399941af30ed0623103fcf66324e3c84753cfd8725855ef681b41,96921223f37aee74e8576505e04d8d93656b6d22365a8c1e79d1aadc606e3780,46,59,105,3d547a81602203a461b3d579e3509db1b64909d9da6866d714de58bd97556148,97,119,216,52943519b3ca86c6b5b7b1287dd0eb8f4ff291b349edc3c26430ef6fa41d0ca9,1.0,381.48837209302326,4.146612740141557,3.2329523058730785,190.74418604651163,190.74418604651163,2ca9cbd387c972659adf32e3b556131e880219f843980be6a9073515c52700a8,xgboost__fold_02__engagement__f0f2a1e1__weighted_aug__2ca9cbd387c9
xgboost,XGBClassifier,6f5020a62aa64b2ba8e9eeb74b2bb836f9767f0e14b46b7d244a45e2f8dda4ec,2,1081b177,excitement,target_excitement,-10,371,1800,16414,43,8128443e2c1fbe267985083ef437ccfcd31a09508cbb3f5c8359013491a7ae1d,8cf290447cc76b4db2bf7811a784e38768237f66e910c108ea9bd99fce1b2673,73,47,120,e21dc4be0d2b280f8511160ff27e59d6f42920883f989ef19826d911dd0d68a5,122,184,306,ec62b2e04fac79fcb79fc9adae1cbcb83f594284fccebf53f5534341c754bec8,1.0,381.72093023255815,2.6145269194010834,4.060860959920832,190.8604651162791,190.86046511627907,c7daec1e06d9222d08efd48c3173c2ac9aee2330e5f599b1559214769579389f,xgboost__fold_02__excitement__1081b177__weighted_aug__c7daec1e06d9
xgboost,XGBClassifier,6f5020a62aa64b2ba8e9eeb74b2bb836f9767f0e14b46b7d244a45e2f8dda4ec,2,517001af,excitement,target_excitement,-10,371,1800,16414,43,8128443e2c1fbe267985083ef437ccfcd31a09508cbb3f5c8359013491a7ae1d,8cf290447cc76b4db2bf7811a784e38768237f66e910c108ea9bd99fce1b2673,17,106,123,c44884128b017dd04def78b10d3ee64ef9da0c42bec24d87f4dac717a93abe52,121,128,249,dad86721089fea8addc449a3f08070ccd5526abafc45134773344c73196e7c62,1.0,381.72093023255815,11.227086183310533,1.8005704256252744,190.86046511627904,190.86046511627907,7e4a15af5bc6798e535e5c516007a98131d995275bf52ef03d9db00ec21d18d4,xgboost__fold_02__excitement__517001af__weighted_aug__7e4a15af5bc6
xgboost,XGBClassifier,6f5020a62aa64b2ba8e9eeb74b2bb836f9767f0e14b46b7d244a45e2f8dda4ec,2,6030f0fd,excitement,target_excitement,-10,371,1800,16414,43,8128443e2c1fbe267985083ef437ccfcd31a09508cbb3f5c8359013491a7ae1d,8cf290447cc76b4db2bf7811a784e38768237f66e910c108ea9bd99fce1b2673,81,42,123,e38e01fc560b9b6d6b43a6e0303474dd73cb22e6096b6ac37699ef7568f6eab3,121,54,175,0da0abe8860982da853cfb74d7e88148bdabf495b6d6e8406ae4ac1ed56d9e35,1.0,381.72093023255815,2.356302038472581,4.544296788482835,190.86046511627907,190.86046511627904,6817b8be9ee8d27dffc2a7f2bc31d954682d006875d88123e78ab7f840a15155,xgboost__fold_02__excitement__6030f0fd__weighted_aug__6817b8be9ee8
xgboost,XGBClassifier,6f5020a62aa64b2ba8e9eeb74b2bb836f9767f0e14b46b7d244a45e2f8dda4ec,2,7072a0e0,excitement,target_excitement,-10,371,1800,16414,43,8128443e2c1fbe267985083ef437ccfcd31a09508cbb3f5c8359013491a7ae1d,8cf290447cc76b4db2bf7811a784e38768237f66e910c108ea9bd99fce1b2673,21,32,53,c5bc256a39a8484361639e4802a5daede59a16ab0e0352ccb8181b14b1280613,79,318,397,97a1dcbd158e82f2cb37747aa787d3f6ebb51ac1fa5b54e2fbdf58242c459f62,1.0,381.72093023255815,9.08859357696567,5.964389534883721,190.86046511627904,190.86046511627907,59b27a7e58a71c733b9ca7a6a7bf2ff229533d08264386b7a8cadf5e3ebdedb5,xgboost__fold_02__excitement__7072a0e0__weighted_aug__59b27a7e58a7
xgboost,XGBClassifier,6f5020a62aa64b2ba8e9eeb74b2bb836f9767f0e14b46b7d244a45e2f8dda4ec,2,a02151ac,excitement,target_excitement,-10,371,1800,16414,43,8128443e2c1fbe267985083ef437ccfcd31a09508cbb3f5c8359013491a7ae1d,8cf290447cc76b4db2bf7811a784e38768237f66e910c108ea9bd99fce1b2673,63,33,96,97e94bd84fe291f4e03c059a28ecda4eb1b0c0b58ac968921ed23ba3cea533de,316,93,409,9d1f846f8826f5882127016146d581fed9c25232fe7db3224452bad3d90413ce,1.0,381.72093023255815,3.02953119232189,5.783650458069062,190.86046511627907,190.86046511627907,999bf05c5b8c942193f0957a9ce41f99297a7c6f7528098817dd468fee628d62,xgboost__fold_02__excitement__a02151ac__weighted_aug__999bf05c5b8c
xgboost,XGBClassifier,6f5020a62aa64b2ba8e9eeb74b2bb836f9767f0e14b46b7d244a45e2f8dda4ec,2,d0e2d025,excitement,target_excitement,-10,371,1800,16414,43,8128443e2c1fbe267985083ef437ccfcd31a09508cbb3f5c8359013491a7ae1d,8cf290447cc76b4db2bf7811a784e38768237f66e910c108ea9bd99fce1b2673,22,73,95,24abad6a126c971f6be714a9cb75aa1504f1787eafb38a5e8e9f3d71fa13963e,146,391,537,8ce08446f987952c584e05a7ca77d40575c594d791bc98f96c68097d72a4e355,1.0,381.72093023255815,8.675475687103594,2.6145269194010834,190.86046511627907,190.8604651162791,75b52317868a3d5de3a397725adc7a092b3b1977c3750e902db63fcb140ac640,xgboost__fold_02__excitement__d0e2d025__weighted_aug__75b52317868a
xgboost,XGBClassifier,6f5020a62aa64b2ba8e9eeb74b2bb836f9767f0e14b46b7d244a45e2f8dda4ec,2,d18000a3,excitement,target_excitement,-10,371,1800,16414,43,8128443e2c1fbe267985083ef437ccfcd31a09508cbb3f5c8359013491a7ae1d,8cf290447cc76b4db2bf7811a784e38768237f66e910c108ea9bd99fce1b2673,67,37,104,be50f345963ce2d78381e854dfae5b46c923ac028442353b1f6e848711f0041a,90,236,326,0430e492bafc786e6a08d8442f9ef50a79738ec45d26e2ca45fc67b6be428a28,1.0,381.72093023255815,2.8486636584519265,5.1583909490886235,190.86046511627907,190.86046511627907,1f9a0fa6c4158209ddf62673134720c80f6ca07dbabfc230c969427173b67efb,xgboost__fold_02__excitement__d18000a3__weighted_aug__1f9a0fa6c415
xgboost,XGBClassifier,6f5020a62aa64b2ba8e9eeb74b2bb836f9767f0e14b46b7d244a45e2f8dda4ec,2,f0f2a1e1,excitement,target_excitement,-10,371,1800,16414,43,8128443e2c1fbe267985083ef437ccfcd31a09508cbb3f5c8359013491a7ae1d,8cf290447cc76b4db2bf7811a784e38768237f66e910c108ea9bd99fce1b2673,17,108,125,f2160dcea908605da4a5e6a24d3efe070f53c98ec0b2a7eef387970a79ce727f,45,229,274,60aad71a195a26f036ffd277182cce50e4ccad6d7896b7da726db9355cebdd83,1.0,381.72093023255815,11.227086183310533,1.7672265288544358,190.86046511627904,190.86046511627907,91d0cc17f1869a9bab15767ecebcb69d8304b6eacce830a39302cc2474450523,xgboost__fold_02__excitement__f0f2a1e1__weighted_aug__91d0cc17f186
xgboost,XGBClassifier,6f5020a62aa64b2ba8e9eeb74b2bb836f9767f0e14b46b7d244a45e2f8dda4ec,2,1081b177,focus,target_focus,-10,371,1800,16408,43,579252362f13a47c63e39500fdef5edae2a4fb3c1ab2e8ea24b60c89b6e48782,74e34c54e7221dc6ee613f5b9c86caff220ef215c764f9f3f1457db68a376147,40,60,100,fc1e4835fe05049a31d90cee0656b5b40c925df32ebb0558063e8e70bad703d6,97,234,331,1a8050db84ac55060018f5c41ffb62078cffa5d9b5c82a289dcfca39ca175f54,1.0,381.5813953488372,4.7697674418604645,3.17984496124031,190.7906976744186,190.7906976744186,43530d07eb6512dcd9bf77a0949e5011f8f342ca8597c41f11edb3f09d744734,xgboost__fold_02__focus__1081b177__weighted_aug__43530d07eb65
xgboost,XGBClassifier,6f5020a62aa64b2ba8e9eeb74b2bb836f9767f0e14b46b7d244a45e2f8dda4ec,2,6030f0fd,focus,target_focus,-10,371,1800,16408,43,579252362f13a47c63e39500fdef5edae2a4fb3c1ab2e8ea24b60c89b6e48782,74e34c54e7221dc6ee613f5b9c86caff220ef215c764f9f3f1457db68a376147,82,44,126,7cacc3f59d01670a9052e0ce174363102a973ed5fa59e1a66ae84852ed8ab7f3,130,29,159,c759ca9d8ef0e9d61f91796ac380a333648299cfcbdc30620c0d77c11b12b8e6,1.0,381.5813953488372,2.3267158252977875,4.33615221987315,190.79069767441857,190.7906976744186,cfa93af6ed738c689b73c08ea72cb5742a3353b5052f9b8dba82c7ef5bf7b2ec,xgboost__fold_02__focus__6030f0fd__weighted_aug__cfa93af6ed73
xgboost,XGBClassifier,6f5020a62aa64b2ba8e9eeb74b2bb836f9767f0e14b46b7d244a45e2f8dda4ec,2,7072a0e0,focus,target_focus,-10,371,1800,16408,43,579252362f13a47c63e39500fdef5edae2a4fb3c1ab2e8ea24b60c89b6e48782,74e34c54e7221dc6ee613f5b9c86caff220ef215c764f9f3f1457db68a376147,48,22,70,e299d26afbcd98ab8736b0c55c1df4577ba6be32b56b5b6476bb3d92ed6172db,66,341,407,13bd929d3a3c931b88637dde297a4748dc0431d0f37e3a28d04d60bcfa0097c1,1.0,381.5813953488372,3.9748062015503876,8.6723044397463,190.7906976744186,190.7906976744186,93b4a0146e888d14277b12512e273aaaa79f898b87a35ec7d53b2f8133f72b9a,xgboost__fold_02__focus__7072a0e0__weighted_aug__93b4a0146e88
xgboost,XGBClassifier,6f5020a62aa64b2ba8e9eeb74b2bb836f9767f0e14b46b7d244a45e2f8dda4ec,2,a02151ac,focus,target_focus,-10,371,1800,16408,43,579252362f13a47c63e39500fdef5edae2a4fb3c1ab2e8ea24b60c89b6e48782,74e34c54e7221dc6ee613f5b9c86caff220ef215c764f9f3f1457db68a376147,50,54,104,fae69699fca71a974cfb39b17787eedb80dba17d2527963955c052ca4bdd9d94,319,76,395,c2615751b397a76df01986f974b365f007a28b09881a256e7ba217dcb3326791,1.0,381.5813953488372,3.8158139534883717,3.5331610680447887,190.7906976744186,190.7906976744186,27b8ff7e03b092766abdf76a9e8a38ebf2d08a382516b1594993fcd5c282e380,xgboost__fold_02__focus__a02151ac__weighted_aug__27b8ff7e03b0
xgboost,XGBClassifier,6f5020a62aa64b2ba8e9eeb74b2bb836f9767f0e14b46b7d244a45e2f8dda4ec,2,d0e2d025,focus,target_focus,-10,371,1800,16408,43,579252362f13a47c63e39500fdef5edae2a4fb3c1ab2e8ea24b60c89b6e48782,74e34c54e7221dc6ee613f5b9c86caff220ef215c764f9f3f1457db68a376147,32,60,92,1d191f93397bc9bd9a95d17b8c13f44f77cb209de9b8ef5b9c3a446485798b9c,130,394,524,84fac9f1e48991c325d5325e08ac4ef6df4b08e3f593628dd3a84533ffd4312e,1.0,381.5813953488372,5.962209302325581,3.17984496124031,190.7906976744186,190.7906976744186,99fbe8646e92da1f7ee2aa023e5ebb4807f886680a6ea97d8359dccb96976f59,xgboost__fold_02__focus__d0e2d025__weighted_aug__99fbe8646e92
xgboost,XGBClassifier,6f5020a62aa64b2ba8e9eeb74b2bb836f9767f0e14b46b7d244a45e2f8dda4ec,2,d18000a3,focus,target_focus,-10,371,1800,16408,43,579252362f13a47c63e39500fdef5edae2a4fb3c1ab2e8ea24b60c89b6e48782,74e34c54e7221dc6ee613f5b9c86caff220ef215c764f9f3f1457db68a376147,88,31,119,7b6214ac0bca9df624c53c20d940527044bbf9cc0653c5cff7930ee2a0b2ad1f,72,249,321,c28a55c7cd17ea74513e74433c260bc9e427984db1691c237aa75e9540d09864,1.0,381.5813953488372,2.168076109936575,6.154538634658665,190.7906976744186,190.7906976744186,5b352ccb637468535bd9a1ff01f70a0b628e0ae7469671c10da967a6598a7764,xgboost__fold_02__focus__d18000a3__weighted_aug__5b352ccb6374
xgboost,XGBClassifier,6f5020a62aa64b2ba8e9eeb74b2bb836f9767f0e14b46b7d244a45e2f8dda4ec,2,1081b177,interest,target_interest,-10,371,1800,16405,43,c5c15f44d2e69c783960565a46f87ce02502fa98359739201710edf8deeb3c6c,a6f226a94e84838366c4cf62d5dbcdfa343d2e4317631dc9cd843403760f8fb3,100,45,145,4b69f76dc21e4f55a3a036934df30bc75b36485e96902431c88525eaf3bcd6ff,134,183,317,c6d7d62ba703c3bf617592f9ff76f80a7db5e40b1cfa3b76564f57d3ea0fde7a,1.0,381.51162790697674,1.9075581395348837,4.239018087855297,190.75581395348837,190.75581395348837,d0c821d446eb1142f762d9739b51eea9128a2f7da8ab7206c49616e3a7d90b98,xgboost__fold_02__interest__1081b177__weighted_aug__d0c821d446eb
xgboost,XGBClassifier,6f5020a62aa64b2ba8e9eeb74b2bb836f9767f0e14b46b7d244a45e2f8dda4ec,2,517001af,interest,target_interest,-10,371,1800,16405,43,c5c15f44d2e69c783960565a46f87ce02502fa98359739201710edf8deeb3c6c,a6f226a94e84838366c4cf62d5dbcdfa343d2e4317631dc9cd843403760f8fb3,94,20,114,35b20be663ef65b191dafcd591f0a03349845e181a637082045e11105972b2de,55,51,106,99a0772f552126e586d8baa1e2e7c3e19a8d097e96fc591853278d6e49f170c8,1.0,381.51162790697674,2.0293171697179613,9.537790697674419,190.75581395348837,190.75581395348837,0b7dbf42f95fa44da0a289de1a9150b1639041ca5efe661a3f3d5ac12b0a6f70,xgboost__fold_02__interest__517001af__weighted_aug__0b7dbf42f95f
xgboost,XGBClassifier,6f5020a62aa64b2ba8e9eeb74b2bb836f9767f0e14b46b7d244a45e2f8dda4ec,2,6030f0fd,interest,target_interest,-10,371,1800,16405,43,c5c15f44d2e69c783960565a46f87ce02502fa98359739201710edf8deeb3c6c,a6f226a94e84838366c4cf62d5dbcdfa343d2e4317631dc9cd843403760f8fb3,61,78,139,9bddee57a34beb6b59f2ed8633112ca930eda90542a8bae7008b36c84e740e9b,70,61,131,20b9621e1cdf1ef54d9d06a1662a3a5aa80ffe8a563778c41161ebd304c7fff1,1.0,381.51162790697674,3.127144491040793,2.445587358378056,190.75581395348837,190.75581395348837,8d285c2b8b204dfb2ecf816fa956d87bacbbd9c6f0fde360ea73a4c0971aa949,xgboost__fold_02__interest__6030f0fd__weighted_aug__8d285c2b8b20
xgboost,XGBClassifier,6f5020a62aa64b2ba8e9eeb74b2bb836f9767f0e14b46b7d244a45e2f8dda4ec,2,7072a0e0,interest,target_interest,-10,371,1800,16405,43,c5c15f44d2e69c783960565a46f87ce02502fa98359739201710edf8deeb3c6c,a6f226a94e84838366c4cf62d5dbcdfa343d2e4317631dc9cd843403760f8fb3,25,30,55,4aafba00b7fe3d35540af9e062da306b5c2f308a8cd0aaaf1b22904429b981d3,98,282,380,6c36700502941333c28b0984e6b9c4ae4c51a1b67541d592a970704808f5b0b8,1.0,381.51162790697674,7.630232558139535,6.358527131782946,190.75581395348837,190.75581395348837,7cc7606aa3ef3674a0bcf02527df285112b999521a65f9ad713edf6cd63e3fda,xgboost__fold_02__interest__7072a0e0__weighted_aug__7cc7606aa3ef
xgboost,XGBClassifier,6f5020a62aa64b2ba8e9eeb74b2bb836f9767f0e14b46b7d244a45e2f8dda4ec,2,71c09041,interest,target_interest,-10,371,1800,16405,43,c5c15f44d2e69c783960565a46f87ce02502fa98359739201710edf8deeb3c6c,a6f226a94e84838366c4cf62d5dbcdfa343d2e4317631dc9cd843403760f8fb3,52,47,99,d9f410b65b3a6e922622c7fe2e5fdd2d05b6bc7dca02ce1493d1ddeadedf7ffc,60,223,283,46c335c9765254bfb72e3cc9757e87f2b51e6984eda6040fbbfaeca75ac7308f,1.0,381.51162790697674,3.6683810375670842,4.0586343394359226,190.75581395348837,190.75581395348837,064736e8703c8483dd465213500cbdbef89ed8f3dc8157c1af92d4de602e9ebf,xgboost__fold_02__interest__71c09041__weighted_aug__064736e8703c
xgboost,XGBClassifier,6f5020a62aa64b2ba8e9eeb74b2bb836f9767f0e14b46b7d244a45e2f8dda4ec,2,a02151ac,interest,target_interest,-10,371,1800,16405,43,c5c15f44d2e69c783960565a46f87ce02502fa98359739201710edf8deeb3c6c,a6f226a94e84838366c4cf62d5dbcdfa343d2e4317631dc9cd843403760f8fb3,20,63,83,5042bf60e378111e4e0e192d22c7251f7773ce6167313bd231fcfb3f94c4138a,117,153,270,2ccb53cdb3997eb0c8bdae62e7639c3240cdf95034e2a4097613fd3cc4af7d0a,1.0,381.51162790697674,9.537790697674419,3.0278700627537836,190.75581395348837,190.75581395348837,2d087fe59c04074a8e9ee8c2b3bd2df672fff95ed2a4bf3fa689bc647219736b,xgboost__fold_02__interest__a02151ac__weighted_aug__2d087fe59c04
xgboost,XGBClassifier,6f5020a62aa64b2ba8e9eeb74b2bb836f9767f0e14b46b7d244a45e2f8dda4ec,2,d0e2d025,interest,target_interest,-10,371,1800,16405,43,c5c15f44d2e69c783960565a46f87ce02502fa98359739201710edf8deeb3c6c,a6f226a94e84838366c4cf62d5dbcdfa343d2e4317631dc9cd843403760f8fb3,93,21,114,12e72c2fe47b676820b3452f422a2a8f7221570eed9bc125dead8e3c33d03a28,247,280,527,fbd1b9f40907ae75c16f2b0a1299594315a7cee9bb2aeae025177405482423a4,1.0,381.51162790697674,2.0511377844461114,9.083610188261352,190.75581395348837,190.75581395348837,d1ad9d146ba26d229c84dee4b4a29fedc9eacab8660cdf3f78fc0a85397a2325,xgboost__fold_02__interest__d0e2d025__weighted_aug__d1ad9d146ba2
xgboost,XGBClassifier,6f5020a62aa64b2ba8e9eeb74b2bb836f9767f0e14b46b7d244a45e2f8dda4ec,2,d18000a3,interest,target_interest,-10,371,1800,16405,43,c5c15f44d2e69c783960565a46f87ce02502fa98359739201710edf8deeb3c6c,a6f226a94e84838366c4cf62d5dbcdfa343d2e4317631dc9cd843403760f8fb3,54,38,92,e016f933539007bb7c34a4b9b3ee71567f48d837b47693e4eb97a56145c364ea,108,191,299,3bd11e43713d3c651f3fff72173819e662c67f066683967278a9c70122151d77,1.0,381.51162790697674,3.5325150732127475,5.019889840881273,190.75581395348837,190.75581395348837,8150c22bf749fce1c7adc0f33d1f48b260ded0ebd5ddbfd52ae067ae562e1b57,xgboost__fold_02__interest__d18000a3__weighted_aug__8150c22bf749
xgboost,XGBClassifier,6f5020a62aa64b2ba8e9eeb74b2bb836f9767f0e14b46b7d244a45e2f8dda4ec,2,1081b177,relaxation,target_relaxation,-10,371,1800,16429,43,2e83a1c1225e05466fe0b2b5ffb2b245f458634c7a01109b8b7feb9fe9b3e86e,7656df549309178054e578a36ceed79ea658632f163e5e508467b9011bdaa756,109,18,127,8c4e889ca156d5945424addcee27ce862e0bd3c7a4a0ea9d0d2f5d6e0e7d94d5,174,97,271,3b1d0a3245dc7ac8a5fda059d2429c786e88ef1179b27e74e72757ae4f7f2683,1.0,382.06976744186045,1.752613612118626,10.613049095607234,191.03488372093022,191.03488372093022,8d687417f110cf7498d3c0669151a01f134d613a58205b29101fb930177f5e6b,xgboost__fold_02__relaxation__1081b177__weighted_aug__8d687417f110
xgboost,XGBClassifier,6f5020a62aa64b2ba8e9eeb74b2bb836f9767f0e14b46b7d244a45e2f8dda4ec,2,517001af,relaxation,target_relaxation,-10,371,1800,16429,43,2e83a1c1225e05466fe0b2b5ffb2b245f458634c7a01109b8b7feb9fe9b3e86e,7656df549309178054e578a36ceed79ea658632f163e5e508467b9011bdaa756,134,15,149,17ead14aa73c2a20f380896d89f5e94e1a8a5a75fa85c309eaa4e01d72b6b4ab,135,63,198,f76411b80d4233da0f00c77612cb7a37c5586352841d388ed4bdd71c0312fb15,1.0,382.06976744186045,1.425633460603957,12.735658914728681,191.03488372093022,191.03488372093022,abdf21a33d5f53c05fc450127804222db0a28f229de1576ac60d780a0030c7ac,xgboost__fold_02__relaxation__517001af__weighted_aug__abdf21a33d5f
xgboost,XGBClassifier,6f5020a62aa64b2ba8e9eeb74b2bb836f9767f0e14b46b7d244a45e2f8dda4ec,2,6030f0fd,relaxation,target_relaxation,-10,371,1800,16429,43,2e83a1c1225e05466fe0b2b5ffb2b245f458634c7a01109b8b7feb9fe9b3e86e,7656df549309178054e578a36ceed79ea658632f163e5e508467b9011bdaa756,35,57,92,83527806395990a15f303285415f5495d3166f79d07bd8c7e70a1618adba03c6,64,73,137,a5b0c2a453c652362c42041bf40596d89c44ce48f971aba384c79be71140b739,1.0,382.06976744186045,5.4581395348837205,3.351489188086495,191.03488372093022,191.03488372093022,df8055412c6e6ff1e2815f549644783213bf3b40572ef7fe17db99b91789f618,xgboost__fold_02__relaxation__6030f0fd__weighted_aug__df8055412c6e
xgboost,XGBClassifier,6f5020a62aa64b2ba8e9eeb74b2bb836f9767f0e14b46b7d244a45e2f8dda4ec,2,7072a0e0,relaxation,target_relaxation,-10,371,1800,16429,43,2e83a1c1225e05466fe0b2b5ffb2b245f458634c7a01109b8b7feb9fe9b3e86e,7656df549309178054e578a36ceed79ea658632f163e5e508467b9011bdaa756,13,17,30,e222bc05a7daaf55886457debde5a07c0e34a86eeedca59cad76519c0b91d86a,125,178,303,e55870739be886d125d92dd01d640f9b57b93bfd29db2483636f7f034eedd54b,1.0,382.06976744186045,14.694991055456171,11.23734610123119,191.03488372093022,191.03488372093022,0373e3b32ab8f23c07b070f851a500f7c00504add6b496ae2cfcad28760b94dc,xgboost__fold_02__relaxation__7072a0e0__weighted_aug__0373e3b32ab8
xgboost,XGBClassifier,6f5020a62aa64b2ba8e9eeb74b2bb836f9767f0e14b46b7d244a45e2f8dda4ec,2,71c09041,relaxation,target_relaxation,-10,371,1800,16429,43,2e83a1c1225e05466fe0b2b5ffb2b245f458634c7a01109b8b7feb9fe9b3e86e,7656df549309178054e578a36ceed79ea658632f163e5e508467b9011bdaa756,33,40,73,ab96902f0e4eb26682e954970372494214f490abaf6a1783f7a221d41e1d0a92,159,177,336,ba1cfa56cf8aadc23e127a2a0dad65c99ce41364e5b40ffee4be3d8c9b56988a,1.0,382.06976744186045,5.788935870331219,4.775872093023255,191.03488372093022,191.03488372093022,a6c54b944af53c4c42ecf85eae2e5a6b96f5905c3cacc4d4092258dce626db6e,xgboost__fold_02__relaxation__71c09041__weighted_aug__a6c54b944af5
xgboost,XGBClassifier,6f5020a62aa64b2ba8e9eeb74b2bb836f9767f0e14b46b7d244a45e2f8dda4ec,2,a02151ac,relaxation,target_relaxation,-10,371,1800,16429,43,2e83a1c1225e05466fe0b2b5ffb2b245f458634c7a01109b8b7feb9fe9b3e86e,7656df549309178054e578a36ceed79ea658632f163e5e508467b9011bdaa756,49,39,88,1090070b60f6897f9924581804a34b8325d676efee45b181b45b7b4c3cff336c,210,179,389,e1b2cfebf157407c60f828531f5f9895961f3dbf75b100c3fe478e4eec41249b,1.0,382.06976744186045,3.898671096345515,4.898330351818724,191.03488372093022,191.03488372093022,fe0e5eb4e5dbd36111853d4163b7b0feb09219218538a06ddead7ae396cc85d4,xgboost__fold_02__relaxation__a02151ac__weighted_aug__fe0e5eb4e5db
xgboost,XGBClassifier,6f5020a62aa64b2ba8e9eeb74b2bb836f9767f0e14b46b7d244a45e2f8dda4ec,2,d0e2d025,relaxation,target_relaxation,-10,371,1800,16429,43,2e83a1c1225e05466fe0b2b5ffb2b245f458634c7a01109b8b7feb9fe9b3e86e,7656df549309178054e578a36ceed79ea658632f163e5e508467b9011bdaa756,39,40,79,fd4915b21909c48fb55797d4e1274571798724726f8d496cb647c918f3c08d01,183,290,473,1df607063182f22488640073a6d918ce5971fc976b891a7a5c5b70c6e5f9c1ec,1.0,382.06976744186045,4.898330351818724,4.775872093023255,191.03488372093022,191.03488372093022,d8eaa323aa20f664f9acf03fb91a45eac6e43410801bae60fbb429fa26a8836f,xgboost__fold_02__relaxation__d0e2d025__weighted_aug__d8eaa323aa20
xgboost,XGBClassifier,6f5020a62aa64b2ba8e9eeb74b2bb836f9767f0e14b46b7d244a45e2f8dda4ec,2,d18000a3,relaxation,target_relaxation,-10,371,1800,16429,43,2e83a1c1225e05466fe0b2b5ffb2b245f458634c7a01109b8b7feb9fe9b3e86e,7656df549309178054e578a36ceed79ea658632f163e5e508467b9011bdaa756,37,46,83,59253eed508d208e8d9f8e258877d46f6739c2bbdae39fb5e65f6b1bdaad259b,181,214,395,7cbae68d1bc4a9384f92a2eb693c847944839bb84696281d593e1ee142ec96f0,1.0,382.06976744186045,5.163104965430547,4.152932254802831,191.03488372093022,191.03488372093022,5842808e0c50ae8869e2d7cc2957c30218021d6de9fc337163c7e75f7adbd105,xgboost__fold_02__relaxation__d18000a3__weighted_aug__5842808e0c50
xgboost,XGBClassifier,6f5020a62aa64b2ba8e9eeb74b2bb836f9767f0e14b46b7d244a45e2f8dda4ec,2,f0f2a1e1,relaxation,target_relaxation,-10,371,1800,16429,43,2e83a1c1225e05466fe0b2b5ffb2b245f458634c7a01109b8b7feb9fe9b3e86e,7656df549309178054e578a36ceed79ea658632f163e5e508467b9011bdaa756,89,19,108,9834baed87ed0e5a11669ea4585505fb6636e847b6d7aee7a65feb16cb9244aa,129,80,209,f5ed40201f305417313a1065f632fd71c041321821653a3689ceed663b356d44,1.0,382.06976744186045,2.1464593676509014,10.054467564259486,191.03488372093022,191.03488372093022,e3006a02cd94893fc3db40605584b2f464b24e5fc7898c695d7e934f433bcc7f,xgboost__fold_02__relaxation__f0f2a1e1__weighted_aug__e3006a02cd94
xgboost,XGBClassifier,6f5020a62aa64b2ba8e9eeb74b2bb836f9767f0e14b46b7d244a45e2f8dda4ec,2,1081b177,stress,target_stress,-10,371,1800,16401,43,8411423f328c85b008130bdb1aaa959cb4d1107da7454c28e84663819d643639,f31c8981acf165f01f66cc01c4f2b2d6927c370f1a035493f12dece19b93ba49,77,40,117,3c90b30b04b4731e136796fc85f297e5b81804c7459b5ebbc3c138dd3accd72e,153,166,319,6293eef1d07861679cf1cb0c1772c2ce42c9fd23d4afd543db35323b34380205,1.0,381.4186046511628,2.4767441860465116,4.767732558139535,190.7093023255814,190.7093023255814,af138ce943bcadec63ab3066a72b39eb9a4ce4fdf923cbab7e5676d18cdeb070,xgboost__fold_02__stress__1081b177__weighted_aug__af138ce943bc
xgboost,XGBClassifier,6f5020a62aa64b2ba8e9eeb74b2bb836f9767f0e14b46b7d244a45e2f8dda4ec,2,517001af,stress,target_stress,-10,371,1800,16401,43,8411423f328c85b008130bdb1aaa959cb4d1107da7454c28e84663819d643639,f31c8981acf165f01f66cc01c4f2b2d6927c370f1a035493f12dece19b93ba49,13,21,34,3f2da3c018bf6ca7e0bbe389a6408e93e9fd28deb70b7d8f947794f78e3f0658,9,69,78,15d3c030b9a43345471d98209e1cf388ed498dff5eacfdc6d51f3d3f3dfa8a5b,1.0,381.4186046511628,14.66994633273703,9.08139534883721,190.7093023255814,190.7093023255814,9c220a8c582500942161649742e5ff705c3459a485ae9ff10bc0d8ed2d9e29a5,xgboost__fold_02__stress__517001af__weighted_aug__9c220a8c5825
xgboost,XGBClassifier,6f5020a62aa64b2ba8e9eeb74b2bb836f9767f0e14b46b7d244a45e2f8dda4ec,2,6030f0fd,stress,target_stress,-10,371,1800,16401,43,8411423f328c85b008130bdb1aaa959cb4d1107da7454c28e84663819d643639,f31c8981acf165f01f66cc01c4f2b2d6927c370f1a035493f12dece19b93ba49,70,77,147,68284f0255626ee382b5c4e03544c3505c7ebd3cf3ee3af43c54437542cec315,128,27,155,cc7e98106eb1542fa4ea2730598e51b3451255fb5efcf516b512b63c4d51e1e6,1.0,381.4186046511628,2.724418604651163,2.4767441860465116,190.7093023255814,190.7093023255814,05c603a7034f2428dee80c5087c6a522b3bc25301df7aaa4551975a746d202fd,xgboost__fold_02__stress__6030f0fd__weighted_aug__05c603a7034f
xgboost,XGBClassifier,6f5020a62aa64b2ba8e9eeb74b2bb836f9767f0e14b46b7d244a45e2f8dda4ec,2,7072a0e0,stress,target_stress,-10,371,1800,16401,43,8411423f328c85b008130bdb1aaa959cb4d1107da7454c28e84663819d643639,f31c8981acf165f01f66cc01c4f2b2d6927c370f1a035493f12dece19b93ba49,46,13,59,f019242fe3cf1cd88061245cb369452ce9e88de65531fc0a0b9351c15e7479ff,84,369,453,b143a484ddcc3b1ca1fbc95f1b747e4e5e29e80893d072b2849f2bfad786b43f,1.0,381.4186046511628,4.1458543983822045,14.66994633273703,190.7093023255814,190.7093023255814,e34db51146ab2a3d779582d9b5df9c039e17270329cc7500569776e66379a729,xgboost__fold_02__stress__7072a0e0__weighted_aug__e34db51146ab
xgboost,XGBClassifier,6f5020a62aa64b2ba8e9eeb74b2bb836f9767f0e14b46b7d244a45e2f8dda4ec,2,a02151ac,stress,target_stress,-10,371,1800,16401,43,8411423f328c85b008130bdb1aaa959cb4d1107da7454c28e84663819d643639,f31c8981acf165f01f66cc01c4f2b2d6927c370f1a035493f12dece19b93ba49,50,93,143,bbe3c564f4ad5f3ffbbd6f72b76649914470569bcb4ea2352c12fceef97cedc4,233,89,322,67f6809f032fc9ebfb036a46a3c3987a25f9446ed34b84380441a7043bb0c12d,1.0,381.4186046511628,3.814186046511628,2.050637659414854,190.7093023255814,190.7093023255814,ab6aee1d655ca76e0e83d7c8365ce889169fda1b93c32d9244bd1272a7bdb90b,xgboost__fold_02__stress__a02151ac__weighted_aug__ab6aee1d655c
xgboost,XGBClassifier,6f5020a62aa64b2ba8e9eeb74b2bb836f9767f0e14b46b7d244a45e2f8dda4ec,2,d0e2d025,stress,target_stress,-10,371,1800,16401,43,8411423f328c85b008130bdb1aaa959cb4d1107da7454c28e84663819d643639,f31c8981acf165f01f66cc01c4f2b2d6927c370f1a035493f12dece19b93ba49,40,44,84,01314a4349e784b663eccc9770187bfc220301ad5d13100acea56db0c7ceed88,124,363,487,326a3968dab77e9fea38c2687b9799f941a0809e6cf364bb56c6a420501da50d,1.0,381.4186046511628,4.767732558139535,4.334302325581396,190.7093023255814,190.7093023255814,bb101c7a1339d846450ac9d162fed2c9351b2c5cab0696f3605a187ae75f9eeb,xgboost__fold_02__stress__d0e2d025__weighted_aug__bb101c7a1339
xgboost,XGBClassifier,6f5020a62aa64b2ba8e9eeb74b2bb836f9767f0e14b46b7d244a45e2f8dda4ec,2,d18000a3,stress,target_stress,-10,371,1800,16401,43,8411423f328c85b008130bdb1aaa959cb4d1107da7454c28e84663819d643639,f31c8981acf165f01f66cc01c4f2b2d6927c370f1a035493f12dece19b93ba49,40,33,73,3040bd2d76be51e4ff0562e70ff41b03712b26ac72f6b840d616b6c60a7e4882,3,173,176,b0b60773ec2f3c4267523e0b9c23c2b33ee01b3549e6cdd6f63127242ff80cf7,1.0,381.4186046511628,4.767732558139535,5.779069767441861,190.7093023255814,190.7093023255814,3bb388e94ed4e7d4b624088fafe07102ca471236c7bea4e7ad33bcf9fc12220d,xgboost__fold_02__stress__d18000a3__weighted_aug__3bb388e94ed4
xgboost,XGBClassifier,6f5020a62aa64b2ba8e9eeb74b2bb836f9767f0e14b46b7d244a45e2f8dda4ec,2,f0f2a1e1,stress,target_stress,-10,371,1800,16401,43,8411423f328c85b008130bdb1aaa959cb4d1107da7454c28e84663819d643639,f31c8981acf165f01f66cc01c4f2b2d6927c370f1a035493f12dece19b93ba49,125,22,147,39030d9e91465fbf6b76854c26207dbd861e327a2e4300d755ea85685ee6d168,143,105,248,acc74de136fb9297eb38a01d3d9989605d401a9940bcf7a8f9605e773f19cc78,1.0,381.4186046511628,1.5256744186046511,8.668604651162791,190.7093023255814,190.7093023255814,3a1d893b8dd0e46906a410b3c7835288c163d6feb4e425d2de6c0db3a632fcb8,xgboost__fold_02__stress__f0f2a1e1__weighted_aug__3a1d893b8dd0
xgboost,XGBClassifier,6f5020a62aa64b2ba8e9eeb74b2bb836f9767f0e14b46b7d244a45e2f8dda4ec,3,2162c09e,attention,target_attention,-10,371,1800,15726,42,a5cebc76705dfe78d9069309261992d18aaefba45bd8350cd77267952e5e1ff9,d9fe93c98329da3f22770036d5d5bcc1723fbbfb61707901d1eaef4a7001f95d,109,23,132,14d784ba1b3b2229afdcd5717468b418d648d6931d2851b3d27f43215dfc61c9,174,165,339,56b6995bd55372a81a1ed4292d43e6f45dd430a0df12116b98c122f2d74c7fd6,1.0,374.42857142857144,1.717562254259502,8.139751552795031,187.21428571428572,187.21428571428572,517b5813ab49819d2d08e92e3ff4b73c66ccad371dca9f216476c609ee70c1d2,xgboost__fold_03__attention__2162c09e__weighted_aug__517b5813ab49
xgboost,XGBClassifier,6f5020a62aa64b2ba8e9eeb74b2bb836f9767f0e14b46b7d244a45e2f8dda4ec,3,21a031f6,attention,target_attention,-10,371,1800,15726,42,a5cebc76705dfe78d9069309261992d18aaefba45bd8350cd77267952e5e1ff9,d9fe93c98329da3f22770036d5d5bcc1723fbbfb61707901d1eaef4a7001f95d,39,82,121,c7dcc87d9d112ba13026c95db981d4f1d57e9c37de6e144e6657c568704b3e58,293,174,467,9c570f8cb8ca04b135c8e351148b4855c5d1642a2c99c8ded808a1c70ca15ba1,1.0,374.42857142857144,4.8003663003663,2.2831010452961675,187.2142857142857,187.21428571428575,329282276c5f337a8da497a7502817c522177d5e438256d21888aa3233712eeb,xgboost__fold_03__attention__21a031f6__weighted_aug__329282276c5f
xgboost,XGBClassifier,6f5020a62aa64b2ba8e9eeb74b2bb836f9767f0e14b46b7d244a45e2f8dda4ec,3,41e2010c,attention,target_attention,-10,371,1800,15726,42,a5cebc76705dfe78d9069309261992d18aaefba45bd8350cd77267952e5e1ff9,d9fe93c98329da3f22770036d5d5bcc1723fbbfb61707901d1eaef4a7001f95d,51,26,77,117d7dba8aee018cea320f82cd4fa5f0df574034649ad2d970c78b04858ca65b,35,79,114,4deebd60b75c3b485a5bc1a40b84999fa349398e292002670af4aedafadc8c3f,1.0,374.42857142857144,3.670868347338936,7.200549450549451,187.21428571428572,187.21428571428572,61cd1f89832b7a8a7b7771dd2843af61fbb7427ac0933cd2b8de9ce791213feb,xgboost__fold_03__attention__41e2010c__weighted_aug__61cd1f89832b
xgboost,XGBClassifier,6f5020a62aa64b2ba8e9eeb74b2bb836f9767f0e14b46b7d244a45e2f8dda4ec,3,5001d09a,attention,target_attention,-10,371,1800,15726,42,a5cebc76705dfe78d9069309261992d18aaefba45bd8350cd77267952e5e1ff9,d9fe93c98329da3f22770036d5d5bcc1723fbbfb61707901d1eaef4a7001f95d,50,37,87,8d44f56df6542434988021e577ec031cf857931c27262115c76237d193c66b1d,32,33,65,0ae080eaf45181a34a43b226b9912fbaebdb1313552016c84e9057b0ada52513,1.0,374.42857142857144,3.7442857142857147,5.05984555984556,187.21428571428572,187.21428571428572,8037c49c2c10b2d3df9a9589a5be7b2c290dec80225c80f68e421b505b07f1f8,xgboost__fold_03__attention__5001d09a__weighted_aug__8037c49c2c10
xgboost,XGBClassifier,6f5020a62aa64b2ba8e9eeb74b2bb836f9767f0e14b46b7d244a45e2f8dda4ec,3,50c02189,attention,target_attention,-10,371,1800,15726,42,a5cebc76705dfe78d9069309261992d18aaefba45bd8350cd77267952e5e1ff9,d9fe93c98329da3f22770036d5d5bcc1723fbbfb61707901d1eaef4a7001f95d,25,56,81,4824ebfd810f31a772411e965da6856b561b1163de1d0392a4ea72f8982f34cf,118,387,505,c759cfda2c34de898dfda542bae22ca4a17b3a644113020fcbc9e7c4cab2833d,1.0,374.42857142857144,7.488571428571429,3.3431122448979593,187.21428571428572,187.21428571428572,985a13936a3b1214197efbb21e63fb8e2337c1ab13089f1e7edb97ee0382d5f1,xgboost__fold_03__attention__50c02189__weighted_aug__985a13936a3b
xgboost,XGBClassifier,6f5020a62aa64b2ba8e9eeb74b2bb836f9767f0e14b46b7d244a45e2f8dda4ec,3,71f21142,attention,target_attention,-10,371,1800,15726,42,a5cebc76705dfe78d9069309261992d18aaefba45bd8350cd77267952e5e1ff9,d9fe93c98329da3f22770036d5d5bcc1723fbbfb61707901d1eaef4a7001f95d,46,39,85,2a83a6263a40c4ed1e77a138ceeb9b25742aa1d47e3b9475777bfb0a131a011f,105,138,243,fea1489cdf339c287bb1cd782a1989662353ec2522b080eeedf983247f9def48,1.0,374.42857142857144,4.069875776397516,4.8003663003663,187.21428571428572,187.2142857142857,1001dab538ffd388d3d0c6434467b80b7a42d31538d15a94a39133ca1ba7afe7,xgboost__fold_03__attention__71f21142__weighted_aug__1001dab538ff
xgboost,XGBClassifier,6f5020a62aa64b2ba8e9eeb74b2bb836f9767f0e14b46b7d244a45e2f8dda4ec,3,b0700166,attention,target_attention,-10,371,1800,15726,42,a5cebc76705dfe78d9069309261992d18aaefba45bd8350cd77267952e5e1ff9,d9fe93c98329da3f22770036d5d5bcc1723fbbfb61707901d1eaef4a7001f95d,30,40,70,ec4bd3ee2b23b9828aad394b93d241de17bfdec9706bb594866eb91fcf4a3c9f,137,294,431,166ce5b5fa3d031ea4b87015049842e04f9fc93fb144debe9ae21972558af682,1.0,374.42857142857144,6.2404761904761905,4.680357142857143,187.21428571428572,187.21428571428572,8b7a70b48a2bbfd860de77e8bea3a80647ed87c2304593827b3071a41eb4278c,xgboost__fold_03__attention__b0700166__weighted_aug__8b7a70b48a2b
xgboost,XGBClassifier,6f5020a62aa64b2ba8e9eeb74b2bb836f9767f0e14b46b7d244a45e2f8dda4ec,3,d0724095,attention,target_attention,-10,371,1800,15726,42,a5cebc76705dfe78d9069309261992d18aaefba45bd8350cd77267952e5e1ff9,d9fe93c98329da3f22770036d5d5bcc1723fbbfb61707901d1eaef4a7001f95d,123,28,151,fe73f78528c51e314093efc2754e845aee5071e3a569d3898e3e70646f975396,80,136,216,d31a21c1342d1188ef0929f933f179be7d3ee663ee050f5e39df95cfb136180b,1.0,374.42857142857144,1.5220673635307782,6.686224489795919,187.21428571428572,187.21428571428572,f30215831e1d9429fbff4d6cc04f4e51f04014d2b9e92c677d3f716197c5bb54,xgboost__fold_03__attention__d0724095__weighted_aug__f30215831e1d
xgboost,XGBClassifier,6f5020a62aa64b2ba8e9eeb74b2bb836f9767f0e14b46b7d244a45e2f8dda4ec,3,0012905a,engagement,target_engagement,-10,371,1800,16515,42,61e4715e3fdbf84e55771724176e8af24b1d35914579776aac4f4fb3de4dcd0f,a74a573473ef95d46567294f0aa220d0bd8b428d9a9120f4a96756b0c84d9f51,112,32,144,de501c868dd756a4f7824a659d3d2f74f53e7f4f1c50506c66e957ef54b6bd21,271,170,441,981fa535735ab847bd4a0f1bc87adc16aa6ba9a1eace7bc27a02acd1002f1bdf,1.0,393.2142857142857,1.755420918367347,6.143973214285714,196.60714285714286,196.60714285714286,29b1d7f8f6fc67d51e06e9aab931c702fb3fc2b87e516277abdc920ad90ba52a,xgboost__fold_03__engagement__0012905a__weighted_aug__29b1d7f8f6fc
xgboost,XGBClassifier,6f5020a62aa64b2ba8e9eeb74b2bb836f9767f0e14b46b7d244a45e2f8dda4ec,3,20201194,engagement,target_engagement,-10,371,1800,16515,42,61e4715e3fdbf84e55771724176e8af24b1d35914579776aac4f4fb3de4dcd0f,a74a573473ef95d46567294f0aa220d0bd8b428d9a9120f4a96756b0c84d9f51,23,66,89,2b9fe0daa13b734fca556227076b237f55810e7628cd97e7817ff804e124b64d,146,36,182,4506280bf6c53edd5ffc525410612ca3bee92631fcdf715d8df5e88e9da8b58c,1.0,393.2142857142857,8.548136645962733,2.978896103896104,196.60714285714286,196.60714285714286,2d05c14183f5d5b7b98f9cd407d3cabed27e85221f93062425cc309ba3c923d4,xgboost__fold_03__engagement__20201194__weighted_aug__2d05c14183f5
xgboost,XGBClassifier,6f5020a62aa64b2ba8e9eeb74b2bb836f9767f0e14b46b7d244a45e2f8dda4ec,3,21a031f6,engagement,target_engagement,-10,371,1800,16515,42,61e4715e3fdbf84e55771724176e8af24b1d35914579776aac4f4fb3de4dcd0f,a74a573473ef95d46567294f0aa220d0bd8b428d9a9120f4a96756b0c84d9f51,76,38,114,5596aa395ce2523bf4f8948d26aaa649a0ae51ffc9f45c623e315bb1294dab79,347,85,432,1198572c664f3cf24f0f81d49c4701b751811c7e518374564ae1b07e312cc9db,1.0,393.2142857142857,2.586936090225564,5.173872180451128,196.60714285714286,196.60714285714286,9f2b254b96f21f933377ab23b2f0f6cfc8535409b5f46c4db1a70434b83fc0b3,xgboost__fold_03__engagement__21a031f6__weighted_aug__9f2b254b96f2
xgboost,XGBClassifier,6f5020a62aa64b2ba8e9eeb74b2bb836f9767f0e14b46b7d244a45e2f8dda4ec,3,41e2010c,engagement,target_engagement,-10,371,1800,16515,42,61e4715e3fdbf84e55771724176e8af24b1d35914579776aac4f4fb3de4dcd0f,a74a573473ef95d46567294f0aa220d0bd8b428d9a9120f4a96756b0c84d9f51,41,62,103,98c17a17b81d776d84e9da1c08e4da59749702c8059051231c0214460f211531,67,42,109,fc4021f24bfe218fdd6bb47ae128b95a8bb11cb1ae773d821a1e6ba0c8ed79d6,1.0,393.2142857142857,4.795296167247387,3.171082949308756,196.60714285714286,196.60714285714286,a452bb95e84392b780cc471a8b7ce95447f3e7b84be8dbdb637b5dbeb35343ea,xgboost__fold_03__engagement__41e2010c__weighted_aug__a452bb95e843
xgboost,XGBClassifier,6f5020a62aa64b2ba8e9eeb74b2bb836f9767f0e14b46b7d244a45e2f8dda4ec,3,5001d09a,engagement,target_engagement,-10,371,1800,16515,42,61e4715e3fdbf84e55771724176e8af24b1d35914579776aac4f4fb3de4dcd0f,a74a573473ef95d46567294f0aa220d0bd8b428d9a9120f4a96756b0c84d9f51,51,71,122,a0d6ca961b322ea365f1da1c3e6e94eb22802697c0e2b426a201a72493d20ae5,37,58,95,af1d362456d8568d0b1b96468f8e47442d1c6ffc805969746fcb80281aac24f9,1.0,393.2142857142857,3.8550420168067228,2.7691146881287727,196.60714285714286,196.60714285714286,e6fbf4e63ec4a0ea8cb3651d0b46e62f1bebf2467281f2f30860040a0b2a4d39,xgboost__fold_03__engagement__5001d09a__weighted_aug__e6fbf4e63ec4
xgboost,XGBClassifier,6f5020a62aa64b2ba8e9eeb74b2bb836f9767f0e14b46b7d244a45e2f8dda4ec,3,50c02189,engagement,target_engagement,-10,371,1800,16515,42,61e4715e3fdbf84e55771724176e8af24b1d35914579776aac4f4fb3de4dcd0f,a74a573473ef95d46567294f0aa220d0bd8b428d9a9120f4a96756b0c84d9f51,79,65,144,63aee863c1430497f60c65cc4745b9ddb4d65e8d9acaf71a95942583a408f7a4,437,163,600,050f6846c865ff928105a7e1a31d5b8caf66f6ed1264afc8da5a4f28ff55a3cd,1.0,393.2142857142857,2.4886980108499097,3.0247252747252746,196.60714285714286,196.60714285714286,3b245aa0a8d153344c275d14924c83f0d32330deef7155226a3910357543a0ee,xgboost__fold_03__engagement__50c02189__weighted_aug__3b245aa0a8d1
xgboost,XGBClassifier,6f5020a62aa64b2ba8e9eeb74b2bb836f9767f0e14b46b7d244a45e2f8dda4ec,3,b0700166,engagement,target_engagement,-10,371,1800,16515,42,61e4715e3fdbf84e55771724176e8af24b1d35914579776aac4f4fb3de4dcd0f,a74a573473ef95d46567294f0aa220d0bd8b428d9a9120f4a96756b0c84d9f51,48,59,107,64a44da1657ced409cb550d4e4ea9e077031a9c58d140eee33685114ccee6300,242,130,372,6d78e9181e430db2dd866248a288d81ca5815ecbfedd3a46ea2eb028c830c111,1.0,393.2142857142857,4.095982142857143,3.332324455205811,196.6071428571429,196.60714285714286,6134cdf3fa1abda4a8e349674e9ed8ad1d4ad6f88faf75755b58bd5f73ba7e5d,xgboost__fold_03__engagement__b0700166__weighted_aug__6134cdf3fa1a
xgboost,XGBClassifier,6f5020a62aa64b2ba8e9eeb74b2bb836f9767f0e14b46b7d244a45e2f8dda4ec,3,d0724095,engagement,target_engagement,-10,371,1800,16515,42,61e4715e3fdbf84e55771724176e8af24b1d35914579776aac4f4fb3de4dcd0f,a74a573473ef95d46567294f0aa220d0bd8b428d9a9120f4a96756b0c84d9f51,51,52,103,38839ba915caab7cda68f5769e3763abb09de1831d661ff397293f8256f7b978,87,140,227,687283284363650bd8bc3fbda69112abe6461493f8e510cb67de5bed42e377d1,1.0,393.2142857142857,3.8550420168067228,3.7809065934065935,196.60714285714286,196.60714285714286,91e31ba7224ef319f5770e1ac90cecbcd99a6c8896a5ade97d35ed3fc1e8f323,xgboost__fold_03__engagement__d0724095__weighted_aug__91e31ba7224e
xgboost,XGBClassifier,6f5020a62aa64b2ba8e9eeb74b2bb836f9767f0e14b46b7d244a45e2f8dda4ec,3,0012905a,excitement,target_excitement,-10,371,1800,16517,43,7a976bb97d5068a96b057954d13a2c8d561b0ceb98cd9b0d027321d726e1be60,fa418d56645cfa9ab67032bef122ddca9f2bf2af811172bdbe6b172d6197f493,121,16,137,e65ae0ea7b7d021a7bd62e80cbc559022fe2440e1a677b215f95626825715fcd,122,252,374,731df22ebbf080fbe184e012807fb5817afa27a9477c57dd405f26c07bf2a3bb,1.0,384.1162790697674,1.5872573515279644,12.003633720930232,192.0581395348837,192.0581395348837,0ccb42c50ac7c88fda8e2ffc161a3372894b190edc7c2d969cf1445d495087ec,xgboost__fold_03__excitement__0012905a__weighted_aug__0ccb42c50ac7
xgboost,XGBClassifier,6f5020a62aa64b2ba8e9eeb74b2bb836f9767f0e14b46b7d244a45e2f8dda4ec,3,20201194,excitement,target_excitement,-10,371,1800,16517,43,7a976bb97d5068a96b057954d13a2c8d561b0ceb98cd9b0d027321d726e1be60,fa418d56645cfa9ab67032bef122ddca9f2bf2af811172bdbe6b172d6197f493,27,115,142,f494fa48048400711e97d3c3cc95f1961b733d7a89be0fbc6f160621d0f8f975,145,87,232,3287199a8d03c926fe440b9ea613ca2770105cc8aa20d2b950ca2f5991cd8b11,1.0,384.1162790697674,7.113264427217915,1.6700707785642062,192.0581395348837,192.0581395348837,517d28fe01e8d0b0790d116e94e4651d8eed04d1fc86921536c6ba3d513fd9ed,xgboost__fold_03__excitement__20201194__weighted_aug__517d28fe01e8
xgboost,XGBClassifier,6f5020a62aa64b2ba8e9eeb74b2bb836f9767f0e14b46b7d244a45e2f8dda4ec,3,2162c09e,excitement,target_excitement,-10,371,1800,16517,43,7a976bb97d5068a96b057954d13a2c8d561b0ceb98cd9b0d027321d726e1be60,fa418d56645cfa9ab67032bef122ddca9f2bf2af811172bdbe6b172d6197f493,32,66,98,f882b81ff1ac179c146b0843abf1ff575d51ef4f4a1bf50b4c28c607a39e1a3a,52,217,269,08810eb8678a954e9879d3daa73c5547781dd657ba088d0079c1023f27a95608,1.0,384.1162790697674,6.001816860465116,2.909971811134602,192.0581395348837,192.0581395348837,dbcbd5f101b808d27802dfc44c9dbb2c308e496b56e4ada332827543225e0b20,xgboost__fold_03__excitement__2162c09e__weighted_aug__dbcbd5f101b8
xgboost,XGBClassifier,6f5020a62aa64b2ba8e9eeb74b2bb836f9767f0e14b46b7d244a45e2f8dda4ec,3,21a031f6,excitement,target_excitement,-10,371,1800,16517,43,7a976bb97d5068a96b057954d13a2c8d561b0ceb98cd9b0d027321d726e1be60,fa418d56645cfa9ab67032bef122ddca9f2bf2af811172bdbe6b172d6197f493,39,57,96,c7076f79107649f0013182e0683bacc86a1165a8cd3e27ee6b8381ef8a3e01da,183,153,336,b5eb3768aff2b244c185f4b7f4f7790249d813ffacee0774b1e0742ecbc049c8,1.0,384.1162790697674,4.924567680381633,3.369441044471644,192.0581395348837,192.0581395348837,2f65d35bf9e48bf41f4211620777a66d080735800a74e8cb0a26305fdcfc2450,xgboost__fold_03__excitement__21a031f6__weighted_aug__2f65d35bf9e4
xgboost,XGBClassifier,6f5020a62aa64b2ba8e9eeb74b2bb836f9767f0e14b46b7d244a45e2f8dda4ec,3,41e2010c,excitement,target_excitement,-10,371,1800,16517,43,7a976bb97d5068a96b057954d13a2c8d561b0ceb98cd9b0d027321d726e1be60,fa418d56645cfa9ab67032bef122ddca9f2bf2af811172bdbe6b172d6197f493,35,67,102,11f0705765860e846a28528cfc924b037e9b8a4f0da5ae214411d0213144076d,37,55,92,8fa2fbda0fa25e72d849aa99a0123962a1ec669cdb74185904bc440134749548,1.0,384.1162790697674,5.487375415282392,2.8665393960430405,192.0581395348837,192.0581395348837,83f0a40141716134dd106dbb0eb276b5bfa34f9bd5e7a9b492151a23f399fd49,xgboost__fold_03__excitement__41e2010c__weighted_aug__83f0a4014171
xgboost,XGBClassifier,6f5020a62aa64b2ba8e9eeb74b2bb836f9767f0e14b46b7d244a45e2f8dda4ec,3,5001d09a,excitement,target_excitement,-10,371,1800,16517,43,7a976bb97d5068a96b057954d13a2c8d561b0ceb98cd9b0d027321d726e1be60,fa418d56645cfa9ab67032bef122ddca9f2bf2af811172bdbe6b172d6197f493,38,87,125,6f8cc3e941cb5db1f7d7f25c36109254aeacc79ab3f1b0db51b5cd4ac577aaf2,13,79,92,e762bbc4d6b27a67d0ab76ffbd4d1a49a2816614c63f2238d78301f9e92ada56,1.0,384.1162790697674,5.054161566707466,2.207564822240043,192.05813953488374,192.05813953488374,6f7808d85403ebf09634c69659d78464c8fa19e15a9bc31c1a93c4585cfc35b3,xgboost__fold_03__excitement__5001d09a__weighted_aug__6f7808d85403
xgboost,XGBClassifier,6f5020a62aa64b2ba8e9eeb74b2bb836f9767f0e14b46b7d244a45e2f8dda4ec,3,71f21142,excitement,target_excitement,-10,371,1800,16517,43,7a976bb97d5068a96b057954d13a2c8d561b0ceb98cd9b0d027321d726e1be60,fa418d56645cfa9ab67032bef122ddca9f2bf2af811172bdbe6b172d6197f493,116,22,138,9f3866b542d667baac9191ddb7873120b172a56561a129a30477b32baf220b88,165,97,262,7a9df755593ef4ba68e9613233034cec2e6b2f603aee0ad5c8b99017b15ed4dd,1.0,384.1162790697674,1.6556736166800319,8.729915433403805,192.0581395348837,192.0581395348837,4cf5a5cfe0ce7a2f2bdb47323a8a1bfc1a7bf2ee29cdb1922419e9145505328f,xgboost__fold_03__excitement__71f21142__weighted_aug__4cf5a5cfe0ce
xgboost,XGBClassifier,6f5020a62aa64b2ba8e9eeb74b2bb836f9767f0e14b46b7d244a45e2f8dda4ec,3,b0700166,excitement,target_excitement,-10,371,1800,16517,43,7a976bb97d5068a96b057954d13a2c8d561b0ceb98cd9b0d027321d726e1be60,fa418d56645cfa9ab67032bef122ddca9f2bf2af811172bdbe6b172d6197f493,79,15,94,380d953757d512df73c9460b971596c5d2ddfc46e4a5c7ef066d6dc2be413800,103,233,336,0b00dd2260b1d651c5eaee9696bd9c208dba5dd2b740eb1deb8778704607392d,1.0,384.1162790697674,2.4311156903149835,12.803875968992248,192.0581395348837,192.0581395348837,b5d4d8ab05b3d07539f933f75129d986e7ec235a8020d5e2cf15a09d29d51d53,xgboost__fold_03__excitement__b0700166__weighted_aug__b5d4d8ab05b3
xgboost,XGBClassifier,6f5020a62aa64b2ba8e9eeb74b2bb836f9767f0e14b46b7d244a45e2f8dda4ec,3,d0724095,excitement,target_excitement,-10,371,1800,16517,43,7a976bb97d5068a96b057954d13a2c8d561b0ceb98cd9b0d027321d726e1be60,fa418d56645cfa9ab67032bef122ddca9f2bf2af811172bdbe6b172d6197f493,98,27,125,acdf6f065aea17d081100e081d980add578bb2f8925616a7aeb9d4b935deea41,126,125,251,96ed4f76903e880ae75cfb950041dd34eb1a23de004c42c4c6d3892460540ec3,1.0,384.1162790697674,1.9597769340294255,7.113264427217915,192.0581395348837,192.0581395348837,7ed31631d3f42b11f20fd269528569296cc8ab1468880187c00a93d39bd10685,xgboost__fold_03__excitement__d0724095__weighted_aug__7ed31631d3f4
xgboost,XGBClassifier,6f5020a62aa64b2ba8e9eeb74b2bb836f9767f0e14b46b7d244a45e2f8dda4ec,3,2162c09e,focus,target_focus,-10,371,1800,16512,43,3c290bf4d79fcee4f6815537dfbbbba754381ef0f03daff8de7166884d8b7e4e,0c7365a9f52cdea7f5ff5bd02009df8f23994345c83ad7446745f49568834711,17,69,86,0549b96dafe5e52b8fb692eadc10d2f7421476f6287c46da3ddf65274d7fcfba,31,264,295,2e7ebe4d6c913e29721277e84aeb06135979ac5667ae5459d2df89c42e08c81a,1.0,384.0,11.294117647058824,2.782608695652174,192.0,192.0,18e1b06f685b0b7b7569e5d4eaf856f6db4f35c89f91b430c9c043bd9df61d2d,xgboost__fold_03__focus__2162c09e__weighted_aug__18e1b06f685b
xgboost,XGBClassifier,6f5020a62aa64b2ba8e9eeb74b2bb836f9767f0e14b46b7d244a45e2f8dda4ec,3,21a031f6,focus,target_focus,-10,371,1800,16512,43,3c290bf4d79fcee4f6815537dfbbbba754381ef0f03daff8de7166884d8b7e4e,0c7365a9f52cdea7f5ff5bd02009df8f23994345c83ad7446745f49568834711,45,45,90,fedc3d3814987f0124f9f01c4f09589b91a74371cf5fa0653b9fbe72afffc81e,134,158,292,9086497b446e47f817c97f0e6ef01e0d116572d5fe1dbef4e726b50478572716,1.0,384.0,4.266666666666667,4.266666666666667,192.0,192.0,ea83bd6b9cbc9eba445032efae46dcf74ff3072c59915762e7ba9734b0341017,xgboost__fold_03__focus__21a031f6__weighted_aug__ea83bd6b9cbc
xgboost,XGBClassifier,6f5020a62aa64b2ba8e9eeb74b2bb836f9767f0e14b46b7d244a45e2f8dda4ec,3,41e2010c,focus,target_focus,-10,371,1800,16512,43,3c290bf4d79fcee4f6815537dfbbbba754381ef0f03daff8de7166884d8b7e4e,0c7365a9f52cdea7f5ff5bd02009df8f23994345c83ad7446745f49568834711,31,80,111,2395a49f3c8ebe737d05e4defb3415db37ff38623e44edde4f33d93a676d8f08,17,80,97,5f871daa7304d5d145fa7ff4c6bae42cf98d79e3a49accc82e3120b4c68f852b,1.0,384.0,6.193548387096774,2.4,192.0,192.0,e46bbbe3e7b1efc71949086cdaa3e1ca678474c9e1848174681a981cf5119651,xgboost__fold_03__focus__41e2010c__weighted_aug__e46bbbe3e7b1
xgboost,XGBClassifier,6f5020a62aa64b2ba8e9eeb74b2bb836f9767f0e14b46b7d244a45e2f8dda4ec,3,5001d09a,focus,target_focus,-10,371,1800,16512,43,3c290bf4d79fcee4f6815537dfbbbba754381ef0f03daff8de7166884d8b7e4e,0c7365a9f52cdea7f5ff5bd02009df8f23994345c83ad7446745f49568834711,14,105,119,8bdcd7ff2d27fcc070a851c2546482bace55a3143475087f5f6866448a722843,22,78,100,0f2e0ed15fac8ff24a2e869e8a2de839aeaf24ce15c22b8e3c1f05d46d70fc59,1.0,384.0,13.714285714285714,1.8285714285714285,192.0,192.0,003133665f9a95cc9501f56016d542a2938762f6e0f7b0b4500faf95a5aa3df3,xgboost__fold_03__focus__5001d09a__weighted_aug__003133665f9a
xgboost,XGBClassifier,6f5020a62aa64b2ba8e9eeb74b2bb836f9767f0e14b46b7d244a45e2f8dda4ec,3,50c02189,focus,target_focus,-10,371,1800,16512,43,3c290bf4d79fcee4f6815537dfbbbba754381ef0f03daff8de7166884d8b7e4e,0c7365a9f52cdea7f5ff5bd02009df8f23994345c83ad7446745f49568834711,63,43,106,e0a71d651e5e332b7524ed3711aca9bf714137572755b1b5e0b9066de0f21614,242,309,551,1b428bfcbdefb923b659e6e8cf8e94ce012e255f4fb07d11bc5942e499150a15,1.0,384.0,3.0476190476190474,4.465116279069767,192.0,192.0,0a18cbf5e5eb624a0ff08e6cb290e700e08c702c35ec2d5afecaf4ebc1c44079,xgboost__fold_03__focus__50c02189__weighted_aug__0a18cbf5e5eb
xgboost,XGBClassifier,6f5020a62aa64b2ba8e9eeb74b2bb836f9767f0e14b46b7d244a45e2f8dda4ec,3,d0724095,focus,target_focus,-10,371,1800,16512,43,3c290bf4d79fcee4f6815537dfbbbba754381ef0f03daff8de7166884d8b7e4e,0c7365a9f52cdea7f5ff5bd02009df8f23994345c83ad7446745f49568834711,112,23,135,c10ec70e8608783b8d6ffa4ef97ee73f09d55f1aa914dfcc19d3ecaea9845b19,176,77,253,06d6745d735164f9da4b9c98af963d6d4cf2a98aca50b2ef7eb2d491d8c247d3,1.0,384.0,1.7142857142857142,8.347826086956522,192.0,192.0,746f9e4ae3c6d2149451c1a1e43f99696aaa0fe279179282cc278f146d367b18,xgboost__fold_03__focus__d0724095__weighted_aug__746f9e4ae3c6
xgboost,XGBClassifier,6f5020a62aa64b2ba8e9eeb74b2bb836f9767f0e14b46b7d244a45e2f8dda4ec,3,0012905a,interest,target_interest,-10,371,1800,16506,43,98d0d02732f3c0569a53ab5fee22fc2175491585aacdc45f62af16b2ac720089,3bcb6d908dca29ca782906a4f9f4eb0ea8493afdf7dc53a3c5de50526bd55ffb,70,65,135,3851b437362b3cd098d26d3c2bdfd1d40dfc5eae2912ceb10b6e5076854d11fb,227,204,431,470bdaa130941cedb57e10b2c47a2dab9467b1d8ece19f67d3bf4990d41616b3,1.0,383.86046511627904,2.741860465116279,2.952772808586762,191.93023255813952,191.93023255813952,3c1335132a929ffc42a56add3fe11e0be50fdadbefb42f38f9409d4b185a4505,xgboost__fold_03__interest__0012905a__weighted_aug__3c1335132a92
xgboost,XGBClassifier,6f5020a62aa64b2ba8e9eeb74b2bb836f9767f0e14b46b7d244a45e2f8dda4ec,3,20201194,interest,target_interest,-10,371,1800,16506,43,98d0d02732f3c0569a53ab5fee22fc2175491585aacdc45f62af16b2ac720089,3bcb6d908dca29ca782906a4f9f4eb0ea8493afdf7dc53a3c5de50526bd55ffb,146,11,157,baf09844d78872da74a3cf1ff2c8eb5a1ae27f0e7631784d0fd285bdf76add82,117,66,183,7cd83d862e1d1ea90cbcdd3809fddc20e0425829348d2f74d3a150ff0af7e434,1.0,383.86046511627904,1.3145906339598596,17.448202959830866,191.9302325581395,191.93023255813952,c817f136a731a5ee46875d18de7407cded530edf76bcb323a8e2cead4b3de91d,xgboost__fold_03__interest__20201194__weighted_aug__c817f136a731
xgboost,XGBClassifier,6f5020a62aa64b2ba8e9eeb74b2bb836f9767f0e14b46b7d244a45e2f8dda4ec,3,2162c09e,interest,target_interest,-10,371,1800,16506,43,98d0d02732f3c0569a53ab5fee22fc2175491585aacdc45f62af16b2ac720089,3bcb6d908dca29ca782906a4f9f4eb0ea8493afdf7dc53a3c5de50526bd55ffb,101,59,160,0c2e4dab834561aa633bcc550fbc440ca0d31a6cf60686f1ba2741dae584384f,232,121,353,a3746bc25d9b7f7e9989e919b59208b7e5968962d47756535d6143d444da264b,1.0,383.86046511627904,1.900299332258807,3.2530547891210086,191.93023255813952,191.93023255813952,5b5bc6feea1690222ad344104560a2e842d484826e2829e36ac4c9a168b932df,xgboost__fold_03__interest__2162c09e__weighted_aug__5b5bc6feea16
xgboost,XGBClassifier,6f5020a62aa64b2ba8e9eeb74b2bb836f9767f0e14b46b7d244a45e2f8dda4ec,3,21a031f6,interest,target_interest,-10,371,1800,16506,43,98d0d02732f3c0569a53ab5fee22fc2175491585aacdc45f62af16b2ac720089,3bcb6d908dca29ca782906a4f9f4eb0ea8493afdf7dc53a3c5de50526bd55ffb,26,24,50,123eea52cfe98a7990290d566aedbf04fcea540b5e4a718fa8c01f1f2aaf0adb,140,143,283,050b2959f55e2374f84b541f829036fd0011ce16e69e3bd98e491e290417f21e,1.0,383.86046511627904,7.381932021466905,7.997093023255814,191.93023255813952,191.93023255813952,3918c1ad9f41ad7f44a49a405094a6b76eb1f790324e32a9f12932486a6a5db7,xgboost__fold_03__interest__21a031f6__weighted_aug__3918c1ad9f41
xgboost,XGBClassifier,6f5020a62aa64b2ba8e9eeb74b2bb836f9767f0e14b46b7d244a45e2f8dda4ec,3,41e2010c,interest,target_interest,-10,371,1800,16506,43,98d0d02732f3c0569a53ab5fee22fc2175491585aacdc45f62af16b2ac720089,3bcb6d908dca29ca782906a4f9f4eb0ea8493afdf7dc53a3c5de50526bd55ffb,88,54,142,290081fe6d7c847027734a3d4713d1108698384732a68631e0dd475001460b42,76,65,141,f9ea67b641ddf272496982a0ec76f7fb7cdf3d4e79a67b662efda1842c46de9c,1.0,383.86046511627904,2.181025369978858,3.5542635658914725,191.93023255813952,191.93023255813952,f325725912b6974f3d621445db53a52eff72c66064f6a06e975b4cb2eda56a7a,xgboost__fold_03__interest__41e2010c__weighted_aug__f325725912b6
xgboost,XGBClassifier,6f5020a62aa64b2ba8e9eeb74b2bb836f9767f0e14b46b7d244a45e2f8dda4ec,3,5001d09a,interest,target_interest,-10,371,1800,16506,43,98d0d02732f3c0569a53ab5fee22fc2175491585aacdc45f62af16b2ac720089,3bcb6d908dca29ca782906a4f9f4eb0ea8493afdf7dc53a3c5de50526bd55ffb,83,66,149,35ac5bf217ba081bac4bc1d1adba37ec4a9b0f51063e1d11a09b3e4c19c5b352,54,50,104,69d3e55c29ba17144804ece5596ebaa62fe96926b733734de4782958a98ca40c,1.0,383.86046511627904,2.312412440459512,2.9080338266384778,191.9302325581395,191.93023255813952,49f6169a33eccba6fadaae32ccef2c34854e583ea12d72a86704dc851a5fec11,xgboost__fold_03__interest__5001d09a__weighted_aug__49f6169a33ec
xgboost,XGBClassifier,6f5020a62aa64b2ba8e9eeb74b2bb836f9767f0e14b46b7d244a45e2f8dda4ec,3,50c02189,interest,target_interest,-10,371,1800,16506,43,98d0d02732f3c0569a53ab5fee22fc2175491585aacdc45f62af16b2ac720089,3bcb6d908dca29ca782906a4f9f4eb0ea8493afdf7dc53a3c5de50526bd55ffb,76,80,156,ff8d59ac2a9501ac15ef80076200d93bea3aba337f5e2a36329717280ef4b1e9,365,274,639,00e7285421ba14396c81805e90752d97cacfef98c4cbcf7eec41bcec4e0e0113,1.0,383.86046511627904,2.525397796817625,2.399127906976744,191.9302325581395,191.93023255813952,934a29003f4d2142fe575b1661bf645809c61cd56f92296e7c11cb1de8be83f2,xgboost__fold_03__interest__50c02189__weighted_aug__934a29003f4d
xgboost,XGBClassifier,6f5020a62aa64b2ba8e9eeb74b2bb836f9767f0e14b46b7d244a45e2f8dda4ec,3,71f21142,interest,target_interest,-10,371,1800,16506,43,98d0d02732f3c0569a53ab5fee22fc2175491585aacdc45f62af16b2ac720089,3bcb6d908dca29ca782906a4f9f4eb0ea8493afdf7dc53a3c5de50526bd55ffb,21,13,34,c6a0340e2ed4455a3b0d30b57ea081a5d741fb2a04b77e5c95504ad569adcfbd,17,119,136,cf443d911e229a2b1af0805c6eaf7996f470b726eb20939238d5d3b172b0c7ba,1.0,383.86046511627904,9.13953488372093,14.76386404293381,191.93023255813955,191.93023255813952,e68e55d72b51dda8f5d0d76bcc5a8e8cd6362e0ddd830e06246100c21484f28f,xgboost__fold_03__interest__71f21142__weighted_aug__e68e55d72b51
xgboost,XGBClassifier,6f5020a62aa64b2ba8e9eeb74b2bb836f9767f0e14b46b7d244a45e2f8dda4ec,3,b0700166,interest,target_interest,-10,371,1800,16506,43,98d0d02732f3c0569a53ab5fee22fc2175491585aacdc45f62af16b2ac720089,3bcb6d908dca29ca782906a4f9f4eb0ea8493afdf7dc53a3c5de50526bd55ffb,27,81,108,c5348d419ef36db5f412c46fcaab24e774605ca5576eea0339ac1c240cfbef62,86,354,440,556ae49448868c6456bfcd5f440d74f9bd9d429971bf1df8cd8b7c659f38e016,1.0,383.86046511627904,7.108527131782945,2.3695090439276485,191.93023255813952,191.93023255813952,ac18ea7514fb8f863a77ae9d5197eeeca445f7cc73c3f3d2d7196df3aa7ecf3e,xgboost__fold_03__interest__b0700166__weighted_aug__ac18ea7514fb
xgboost,XGBClassifier,6f5020a62aa64b2ba8e9eeb74b2bb836f9767f0e14b46b7d244a45e2f8dda4ec,3,d0724095,interest,target_interest,-10,371,1800,16506,43,98d0d02732f3c0569a53ab5fee22fc2175491585aacdc45f62af16b2ac720089,3bcb6d908dca29ca782906a4f9f4eb0ea8493afdf7dc53a3c5de50526bd55ffb,109,45,154,3e81bd1ffa6d81448a9a5d7a140a6ccefab985e15fbf0be6b4e7c7cdb14e9b9d,133,148,281,583eb794354529352aa2849f30df9be4aec3948bd15080f18f9693bb00b0ee6a,1.0,383.86046511627904,1.7608278216343076,4.265116279069767,191.93023255813952,191.93023255813952,a803e4b34e1569afed692372eac24428e8d94801fbe9b7486a4c2c7504ef3934,xgboost__fold_03__interest__d0724095__weighted_aug__a803e4b34e15
xgboost,XGBClassifier,6f5020a62aa64b2ba8e9eeb74b2bb836f9767f0e14b46b7d244a45e2f8dda4ec,3,0012905a,relaxation,target_relaxation,-10,371,1800,16534,43,859ef1bfd9ab662090b6e308b6572b188a70e20137a1c047b9d4e06fff054f2d,e60bf995e60c88b6af88b34c7d1f44be24f60c5b4257ba68426a2504b9aa025a,21,54,75,ae7119ed288d0b8895a98b7f7c114b5ecf9586c1dde5469f901e798477d31d1e,104,203,307,e57f352fa35bafbda6870ebf14e1b9acb3f775b1baa817fbe24a7625d95ded67,1.0,384.51162790697674,9.155038759689923,3.560292850990525,192.25581395348837,192.25581395348837,50151acd9a93b58963fc380d22aad1b180d2bc19448f1c144a08813bae09de28,xgboost__fold_03__relaxation__0012905a__weighted_aug__50151acd9a93
xgboost,XGBClassifier,6f5020a62aa64b2ba8e9eeb74b2bb836f9767f0e14b46b7d244a45e2f8dda4ec,3,20201194,relaxation,target_relaxation,-10,371,1800,16534,43,859ef1bfd9ab662090b6e308b6572b188a70e20137a1c047b9d4e06fff054f2d,e60bf995e60c88b6af88b34c7d1f44be24f60c5b4257ba68426a2504b9aa025a,107,26,133,d6a5b62a7bc795a5f6cf0163dbc93e65d29f6415c47fc09532a875ec104d7c75,116,77,193,02c1bd2b8c8b445baf70e7f69c94a9827aaf3b3825501e519e471ada1a9d641c,1.0,384.51162790697674,1.7967833079765267,7.394454382826476,192.25581395348837,192.25581395348837,a55b9bd1a773b79566da2d9afbcfaf11c372b91a1ef20a1cc7f58aab2ff91b2a,xgboost__fold_03__relaxation__20201194__weighted_aug__a55b9bd1a773
xgboost,XGBClassifier,6f5020a62aa64b2ba8e9eeb74b2bb836f9767f0e14b46b7d244a45e2f8dda4ec,3,2162c09e,relaxation,target_relaxation,-10,371,1800,16534,43,859ef1bfd9ab662090b6e308b6572b188a70e20137a1c047b9d4e06fff054f2d,e60bf995e60c88b6af88b34c7d1f44be24f60c5b4257ba68426a2504b9aa025a,85,38,123,3fd685e17bde03b963dc65353f4cb0ceae74bf0ba4ed4ff87dcf463c6d686e0e,188,143,331,4f5582fb4e537a58357567a5bdb9205d5b30cb890ab52652556fc2f1032cb3a7,1.0,384.51162790697674,2.2618331053351572,5.0593635250918,192.25581395348837,192.2558139534884,45509cc2c47f8e44b058313cc1ee85867d526075c22f8b031ca8c8f891d2fe0b,xgboost__fold_03__relaxation__2162c09e__weighted_aug__45509cc2c47f
xgboost,XGBClassifier,6f5020a62aa64b2ba8e9eeb74b2bb836f9767f0e14b46b7d244a45e2f8dda4ec,3,21a031f6,relaxation,target_relaxation,-10,371,1800,16534,43,859ef1bfd9ab662090b6e308b6572b188a70e20137a1c047b9d4e06fff054f2d,e60bf995e60c88b6af88b34c7d1f44be24f60c5b4257ba68426a2504b9aa025a,33,63,96,b764608c429e4f5f480406cb4d47fdf5b31aa22ec1e0c0ea7979d8102cae0f81,257,147,404,6174892bbca5c8d59b85f673803dbe1622b23cf883ae8da9ae614d96285b1239,1.0,384.51162790697674,5.8259337561663145,3.0516795865633073,192.25581395348837,192.25581395348837,7cad033ca4248c4c9048cb6f5ed863ee4b949a37508e14c27d3e13bf6c209fa3,xgboost__fold_03__relaxation__21a031f6__weighted_aug__7cad033ca424
xgboost,XGBClassifier,6f5020a62aa64b2ba8e9eeb74b2bb836f9767f0e14b46b7d244a45e2f8dda4ec,3,41e2010c,relaxation,target_relaxation,-10,371,1800,16534,43,859ef1bfd9ab662090b6e308b6572b188a70e20137a1c047b9d4e06fff054f2d,e60bf995e60c88b6af88b34c7d1f44be24f60c5b4257ba68426a2504b9aa025a,23,41,64,b7c4d64bf5cbf1bbb1a97d392986f1675e814f7a659e74c67475da1ddc83b8b3,54,45,99,fa90f03bec54ece536d8b20eeb1e6864b2aa4cb69231f93bc86789bf5199509c,1.0,384.51162790697674,8.358948432760364,4.689166193987521,192.25581395348837,192.25581395348837,9d1d8b7e72818f1ff85cc440a5c6c10faa385e74ab6aa5a26996b002d38e8fa4,xgboost__fold_03__relaxation__41e2010c__weighted_aug__9d1d8b7e7281
xgboost,XGBClassifier,6f5020a62aa64b2ba8e9eeb74b2bb836f9767f0e14b46b7d244a45e2f8dda4ec,3,5001d09a,relaxation,target_relaxation,-10,371,1800,16534,43,859ef1bfd9ab662090b6e308b6572b188a70e20137a1c047b9d4e06fff054f2d,e60bf995e60c88b6af88b34c7d1f44be24f60c5b4257ba68426a2504b9aa025a,73,30,103,507af79f15ac2478a7bc968bedd3953106cd654eb7b5fdc0d69cb542ead459b9,21,35,56,82cd9462be2ef84973b089ac0f488a4aca61784d0f77d98f91092aceab0a7944,1.0,384.51162790697674,2.633641287034087,6.408527131782946,192.25581395348834,192.25581395348837,5ef494a205387f92312d846682b535403baacae2d9713eb038198760c8634f96,xgboost__fold_03__relaxation__5001d09a__weighted_aug__5ef494a20538
xgboost,XGBClassifier,6f5020a62aa64b2ba8e9eeb74b2bb836f9767f0e14b46b7d244a45e2f8dda4ec,3,50c02189,relaxation,target_relaxation,-10,371,1800,16534,43,859ef1bfd9ab662090b6e308b6572b188a70e20137a1c047b9d4e06fff054f2d,e60bf995e60c88b6af88b34c7d1f44be24f60c5b4257ba68426a2504b9aa025a,33,64,97,e96acaf2cced65fbd88c7d9f459e9fe3122b92e6d00fa34830f67d7fa34c2401,220,372,592,54cc6dac5b10a2c5f5842398434575c5f91ece0f539cc04d290eab65f42e4465,1.0,384.51162790697674,5.8259337561663145,3.003997093023256,192.25581395348837,192.25581395348837,76c2bfd1c442b824e5775e08f3e8cb7df31a1d73e605dc3296c7673164ffc5a9,xgboost__fold_03__relaxation__50c02189__weighted_aug__76c2bfd1c442
xgboost,XGBClassifier,6f5020a62aa64b2ba8e9eeb74b2bb836f9767f0e14b46b7d244a45e2f8dda4ec,3,71f21142,relaxation,target_relaxation,-10,371,1800,16534,43,859ef1bfd9ab662090b6e308b6572b188a70e20137a1c047b9d4e06fff054f2d,e60bf995e60c88b6af88b34c7d1f44be24f60c5b4257ba68426a2504b9aa025a,32,69,101,cd017af71f90a1a911bb59a748f437dd3d49bc4dbb0cc1dd2493cd7bb19cd2da,146,111,257,e84cbe38009098df945a2010229dc466e3ec0b40646d449ab40bca5a378b3859,1.0,384.51162790697674,6.007994186046512,2.7863161442534548,192.25581395348837,192.25581395348837,a4126ee093b7d74d28eb57b337f86437ea55e0144156fca50fffdd940c867284,xgboost__fold_03__relaxation__71f21142__weighted_aug__a4126ee093b7
xgboost,XGBClassifier,6f5020a62aa64b2ba8e9eeb74b2bb836f9767f0e14b46b7d244a45e2f8dda4ec,3,b0700166,relaxation,target_relaxation,-10,371,1800,16534,43,859ef1bfd9ab662090b6e308b6572b188a70e20137a1c047b9d4e06fff054f2d,e60bf995e60c88b6af88b34c7d1f44be24f60c5b4257ba68426a2504b9aa025a,12,50,62,ac69ee81ffaec0d4b44c21f12700df5f2dc788e9f898258e8986ab41c9e18cf9,127,278,405,9ea4d15f9e6c5c4d6d6940feef3eb8c780c6a5f7164d902fb3009fab6b41b586,1.0,384.51162790697674,16.021317829457363,3.8451162790697673,192.25581395348837,192.25581395348837,961326cb464588367be7da802ef4845e0b54506d1c31066f33fc8eea7bf37d07,xgboost__fold_03__relaxation__b0700166__weighted_aug__961326cb4645
xgboost,XGBClassifier,6f5020a62aa64b2ba8e9eeb74b2bb836f9767f0e14b46b7d244a45e2f8dda4ec,3,d0724095,relaxation,target_relaxation,-10,371,1800,16534,43,859ef1bfd9ab662090b6e308b6572b188a70e20137a1c047b9d4e06fff054f2d,e60bf995e60c88b6af88b34c7d1f44be24f60c5b4257ba68426a2504b9aa025a,36,36,72,141cbf99d521a27e505890569fec75971ff7c8a4b927672eed00290fc1a9f8f4,63,173,236,786b4b3e6e12a9fb21e8c360c67b167329dddb08ffa775d47a890b072a380b7c,1.0,384.51162790697674,5.340439276485788,5.340439276485788,192.25581395348837,192.25581395348837,2dd1f6dd5a6897e0cefe811ea90fa68b6bc32d0ffd5dc2584c9567076581eae2,xgboost__fold_03__relaxation__d0724095__weighted_aug__2dd1f6dd5a68
xgboost,XGBClassifier,6f5020a62aa64b2ba8e9eeb74b2bb836f9767f0e14b46b7d244a45e2f8dda4ec,3,0012905a,stress,target_stress,-10,371,1800,16507,43,b7d9c058d17c7ccbcb337407c89dce3643aea4836abb54fc1caad17d93661355,bcd3007f8b807817734d67f5fb79247d682169631186c1b04d4f2cedd74be7de,123,21,144,7a7a75110d601c34e1b47bf7758af608aa136cb541cb5fcedd1ff461f7108ac3,183,252,435,38ad2ba9b860a3bec66587ca6c8a8705c6500c8c96d0b6dbd288aa0823839a77,1.0,383.8837209302326,1.5605029306107017,9.140088593576966,191.9418604651163,191.9418604651163,63f42348c4a0d4c7741f3e4b98d466def0f92d0293204a135e305f623e1a6f85,xgboost__fold_03__stress__0012905a__weighted_aug__63f42348c4a0
xgboost,XGBClassifier,6f5020a62aa64b2ba8e9eeb74b2bb836f9767f0e14b46b7d244a45e2f8dda4ec,3,20201194,stress,target_stress,-10,371,1800,16507,43,b7d9c058d17c7ccbcb337407c89dce3643aea4836abb54fc1caad17d93661355,bcd3007f8b807817734d67f5fb79247d682169631186c1b04d4f2cedd74be7de,108,53,161,c4687e24c547073bbddd114aff8f8dc2f8751241ef2cbbddbd0991649287ed3f,137,86,223,eaa39568c4292804ac17333a3313a2e6071b8e74f9ea9d6557f992392ddeb27a,1.0,383.8837209302326,1.7772394487510768,3.621544537077666,191.9418604651163,191.9418604651163,7cef4e12636557523cb553f1c8d71af1747b42fd2ac03c0687bf4dd7271b9755,xgboost__fold_03__stress__20201194__weighted_aug__7cef4e126365
xgboost,XGBClassifier,6f5020a62aa64b2ba8e9eeb74b2bb836f9767f0e14b46b7d244a45e2f8dda4ec,3,2162c09e,stress,target_stress,-10,371,1800,16507,43,b7d9c058d17c7ccbcb337407c89dce3643aea4836abb54fc1caad17d93661355,bcd3007f8b807817734d67f5fb79247d682169631186c1b04d4f2cedd74be7de,105,50,155,9ce7b83c96cf2bc02d47aae3ff3f54f84b565b108142aef22e93b3e3d14eedd0,228,123,351,b13a6e8216077cfff973249b6b40d6a7d9821abf8cb0843e38d1999fdec8502a,1.0,383.8837209302326,1.8280177187153932,3.838837209302326,191.9418604651163,191.9418604651163,c78a138c83b6ab744d7d7c06c39d69c2bb7cf2f16f04c9d5f5b3ec4678880471,xgboost__fold_03__stress__2162c09e__weighted_aug__c78a138c83b6
xgboost,XGBClassifier,6f5020a62aa64b2ba8e9eeb74b2bb836f9767f0e14b46b7d244a45e2f8dda4ec,3,21a031f6,stress,target_stress,-10,371,1800,16507,43,b7d9c058d17c7ccbcb337407c89dce3643aea4836abb54fc1caad17d93661355,bcd3007f8b807817734d67f5fb79247d682169631186c1b04d4f2cedd74be7de,69,74,143,74a31498bfc4f6227c8995dba8ba08b93a4ada6e0f7d0e1710e2faaefe35cb62,363,119,482,56814786cf9381a8b0d89103c578b35ff0d03bc88d45b86cc7ccebdc35f987bc,1.0,383.8837209302326,2.7817660936973376,2.593808925204274,191.9418604651163,191.9418604651163,631bbf5b7e71172e497f2609dc1b93519b4a4d7e5a43ccb6709d1fea72d8fe0c,xgboost__fold_03__stress__21a031f6__weighted_aug__631bbf5b7e71
xgboost,XGBClassifier,6f5020a62aa64b2ba8e9eeb74b2bb836f9767f0e14b46b7d244a45e2f8dda4ec,3,41e2010c,stress,target_stress,-10,371,1800,16507,43,b7d9c058d17c7ccbcb337407c89dce3643aea4836abb54fc1caad17d93661355,bcd3007f8b807817734d67f5fb79247d682169631186c1b04d4f2cedd74be7de,45,105,150,061debf965382c2716ba005b6b4c510cc01a77fb9a95d5fc3f299cced1e4a574,46,102,148,ec6c9d5a2b1c730db4dae03fdc9ca4b0177f79d47aae83e0d4f8e7eaa8598c28,1.0,383.8837209302326,4.265374677002584,1.8280177187153932,191.9418604651163,191.9418604651163,9e0c8e348d228244bcccd37491504ea5225f4623614410f8486353114b42d37e,xgboost__fold_03__stress__41e2010c__weighted_aug__9e0c8e348d22
xgboost,XGBClassifier,6f5020a62aa64b2ba8e9eeb74b2bb836f9767f0e14b46b7d244a45e2f8dda4ec,3,5001d09a,stress,target_stress,-10,371,1800,16507,43,b7d9c058d17c7ccbcb337407c89dce3643aea4836abb54fc1caad17d93661355,bcd3007f8b807817734d67f5fb79247d682169631186c1b04d4f2cedd74be7de,73,32,105,ab19a7e84ab90b4e73d557f451ae3bfea03a8bb87adcd3f0625c70e9daa1c7e6,79,50,129,98f4bf5c6248bd80dcb8c3e6fb61910f3017492d2d44a2e9351db972efb42a12,1.0,383.8837209302326,2.6293405543166615,5.998183139534884,191.9418604651163,191.9418604651163,6bcea085f33979bc1a56f516ea238f2379ebbf45dba516a75280a94a6b3c2abb,xgboost__fold_03__stress__5001d09a__weighted_aug__6bcea085f339
xgboost,XGBClassifier,6f5020a62aa64b2ba8e9eeb74b2bb836f9767f0e14b46b7d244a45e2f8dda4ec,3,50c02189,stress,target_stress,-10,371,1800,16507,43,b7d9c058d17c7ccbcb337407c89dce3643aea4836abb54fc1caad17d93661355,bcd3007f8b807817734d67f5fb79247d682169631186c1b04d4f2cedd74be7de,156,19,175,3eb3951cf8ef03b800154fea7fa8de930d8b405eb746e3e2859821e15067fbe7,238,431,669,f60083067fd7d7752ef001ba0e7b1969a242bcfe78dac317e2510aa3b90a6522,1.0,383.8837209302326,1.230396541443053,10.102203182374542,191.9418604651163,191.9418604651163,22ec02840d90526b59e9cc9243fcdf3e12d155f7f119fc2bc1d97672e8e1f3ee,xgboost__fold_03__stress__50c02189__weighted_aug__22ec02840d90
xgboost,XGBClassifier,6f5020a62aa64b2ba8e9eeb74b2bb836f9767f0e14b46b7d244a45e2f8dda4ec,3,b0700166,stress,target_stress,-10,371,1800,16507,43,b7d9c058d17c7ccbcb337407c89dce3643aea4836abb54fc1caad17d93661355,bcd3007f8b807817734d67f5fb79247d682169631186c1b04d4f2cedd74be7de,93,29,122,a80585c50d5a1c2984a3c615574f15533494b6e6313b8a473328f8d860a1c10f,84,298,382,ef975bcb69998f7b1fefc381428f3112c8bda50cdea3e047f7e3d6b7c39d5e85,1.0,383.8837209302326,2.063890972743186,6.6186848436247,191.94186046511626,191.9418604651163,d6546302279837fbd9b0f72f69be8739156358b90dbe043eb67813b535c7782d,xgboost__fold_03__stress__b0700166__weighted_aug__d65463022798
xgboost,XGBClassifier,6f5020a62aa64b2ba8e9eeb74b2bb836f9767f0e14b46b7d244a45e2f8dda4ec,3,d0724095,stress,target_stress,-10,371,1800,16507,43,b7d9c058d17c7ccbcb337407c89dce3643aea4836abb54fc1caad17d93661355,bcd3007f8b807817734d67f5fb79247d682169631186c1b04d4f2cedd74be7de,108,47,155,e95218a4c3d4e8ac97992da9c1a0bf7d37a38b45d6cb9695aa9f45a09aecf33e,251,55,306,83c9ed49eeec9c5aba8050ec4980a007f7bcc04892b378fc886f46cc768a4ab8,1.0,383.8837209302326,1.7772394487510768,4.083869371598219,191.9418604651163,191.9418604651163,f3661cc497cfcd44d65fdba8f90409ca1f7e6c6697fb62e627e468b6ece9a9d8,xgboost__fold_03__stress__d0724095__weighted_aug__f3661cc497cf
xgboost,XGBClassifier,6f5020a62aa64b2ba8e9eeb74b2bb836f9767f0e14b46b7d244a45e2f8dda4ec,4,01c2a0d8,attention,target_attention,-10,371,1800,15937,43,d6bc4dd44a146802aea289085e20f3a5469bc59a944f3a84808d81b7aed2dd74,4404f50166a53629f16deb855b5dbdefb3de95149a3eec0eec91689ced0aaf96,89,59,148,eb3d06eff99c20b68643552548fda2d724bec09899bc82a6497db7dd3dfd22ef,129,105,234,aa0d35b5066706ad664a3f547732f314d9c63fbc8cd3ca6d185f40b2d1b00c0d,1.0,370.6279069767442,2.0821792526783383,3.1409144659046118,185.3139534883721,185.3139534883721,f3157c1a8beb031e55af964f0961cb297ece41fd26a80f5d75b8fe1d2c2255db,xgboost__fold_04__attention__01c2a0d8__weighted_aug__f3157c1a8beb
xgboost,XGBClassifier,6f5020a62aa64b2ba8e9eeb74b2bb836f9767f0e14b46b7d244a45e2f8dda4ec,4,30908049,attention,target_attention,-10,371,1800,15937,43,d6bc4dd44a146802aea289085e20f3a5469bc59a944f3a84808d81b7aed2dd74,4404f50166a53629f16deb855b5dbdefb3de95149a3eec0eec91689ced0aaf96,17,23,40,f73caa5299a136376c65c49ae1bb9b5fd27eb3cb444c8a688fa6d7622cc73751,182,95,277,a98f3daa6cfe4a1080c3d8e31249fc53c73e2c84c5dab3e58e906a150b305f0d,1.0,370.6279069767442,10.900820793433653,8.057128412537917,185.31395348837208,185.3139534883721,a7805e99bff77b0bb1f427dd28aadc833cd72ce240b2d1be1220693eefc358de,xgboost__fold_04__attention__30908049__weighted_aug__a7805e99bff7
xgboost,XGBClassifier,6f5020a62aa64b2ba8e9eeb74b2bb836f9767f0e14b46b7d244a45e2f8dda4ec,4,40009139,attention,target_attention,-10,371,1800,15937,43,d6bc4dd44a146802aea289085e20f3a5469bc59a944f3a84808d81b7aed2dd74,4404f50166a53629f16deb855b5dbdefb3de95149a3eec0eec91689ced0aaf96,106,27,133,00f3bfcb5171eddd4bcbd2dc0a31567adf70b2dda0c837f7c275d9e4799ff45a,42,89,131,9c374c282bbdf5979ec2317011acdc3a5779617957414e5e13ff0ef90451a6aa,1.0,370.6279069767442,1.7482448442299254,6.863479758828596,185.3139534883721,185.3139534883721,332dfc5ded48cd95153b2fe5dbbd0fcfa61c97b418ef942d368770a6958e0efc,xgboost__fold_04__attention__40009139__weighted_aug__332dfc5ded48
xgboost,XGBClassifier,6f5020a62aa64b2ba8e9eeb74b2bb836f9767f0e14b46b7d244a45e2f8dda4ec,4,7092f07b,attention,target_attention,-10,371,1800,15937,43,d6bc4dd44a146802aea289085e20f3a5469bc59a944f3a84808d81b7aed2dd74,4404f50166a53629f16deb855b5dbdefb3de95149a3eec0eec91689ced0aaf96,125,22,147,635c71361c7fc9e61ed2215e261ab2e9b359d4e56775bea693ac2b54b7ff43a9,34,196,230,017ddacdff799be68f3254e0aa3565a1cfad6c14c7850cfec281e82f0aa2f9eb,1.0,370.6279069767442,1.4825116279069768,8.423361522198732,185.3139534883721,185.3139534883721,7f32e6630dbb7991b706b55752c93a2fd7bed55c97a188f1a3f49c3dc82c9f30,xgboost__fold_04__attention__7092f07b__weighted_aug__7f32e6630dbb
xgboost,XGBClassifier,6f5020a62aa64b2ba8e9eeb74b2bb836f9767f0e14b46b7d244a45e2f8dda4ec,4,8030618f,attention,target_attention,-10,371,1800,15937,43,d6bc4dd44a146802aea289085e20f3a5469bc59a944f3a84808d81b7aed2dd74,4404f50166a53629f16deb855b5dbdefb3de95149a3eec0eec91689ced0aaf96,25,81,106,a6a3cc0aeeaabab264743e6fb52c3a89c68df3438a8ef6d12a77295383d786d5,130,76,206,a0fc97f917cb0d9a9d56b34554d3c265f479e0cb5d73e10e98be1a9d1bdc57ea,1.0,370.6279069767442,7.412558139534884,2.287826586276199,185.3139534883721,185.31395348837214,9d60ce33fbad7ca8a9813897f40efda68bf0ec8c21af85fe7aa76470b0d15dfe,xgboost__fold_04__attention__8030618f__weighted_aug__9d60ce33fbad
xgboost,XGBClassifier,6f5020a62aa64b2ba8e9eeb74b2bb836f9767f0e14b46b7d244a45e2f8dda4ec,4,a1b210fc,attention,target_attention,-10,371,1800,15937,43,d6bc4dd44a146802aea289085e20f3a5469bc59a944f3a84808d81b7aed2dd74,4404f50166a53629f16deb855b5dbdefb3de95149a3eec0eec91689ced0aaf96,62,77,139,7f1ddad7919035ba31ec359948350215795d6b6a98fba5da10f9b38c055f8fdd,68,216,284,35503ba14b58aebf968bb70defbd829a8235bdc13ab5d51552797abb9d0bea9f,1.0,370.6279069767442,2.988934733683421,2.4066747206282093,185.3139534883721,185.3139534883721,9ebd61cf65adb09eed6886be1019eeac248b6ab3c3de7f753ddb79916c10c21d,xgboost__fold_04__attention__a1b210fc__weighted_aug__9ebd61cf65ad
xgboost,XGBClassifier,6f5020a62aa64b2ba8e9eeb74b2bb836f9767f0e14b46b7d244a45e2f8dda4ec,4,b112005d,attention,target_attention,-10,371,1800,15937,43,d6bc4dd44a146802aea289085e20f3a5469bc59a944f3a84808d81b7aed2dd74,4404f50166a53629f16deb855b5dbdefb3de95149a3eec0eec91689ced0aaf96,128,23,151,9b0903aa67d101421d3473a138deb06b7f733094bb6541e4196ae3def49a989e,228,188,416,b5fd3c35d5df54505044fbd8f60860fe1b6fd89a49f6aab7bd2a42bc33e26938,1.0,370.6279069767442,1.447765261627907,8.057128412537917,185.3139534883721,185.3139534883721,d9013e7c3b0327ff5dbfcb39fd3220071dbbd88013dd1365eaa210864a1e844d,xgboost__fold_04__attention__b112005d__weighted_aug__d9013e7c3b03
xgboost,XGBClassifier,6f5020a62aa64b2ba8e9eeb74b2bb836f9767f0e14b46b7d244a45e2f8dda4ec,4,d151b0c4,attention,target_attention,-10,371,1800,15937,43,d6bc4dd44a146802aea289085e20f3a5469bc59a944f3a84808d81b7aed2dd74,4404f50166a53629f16deb855b5dbdefb3de95149a3eec0eec91689ced0aaf96,48,22,70,bd88a8e476f322ede73d11f558a85d7a999fc2f55ef452a5332f749141d8807c,190,183,373,b4607bad16d4987bcd82328bea9113fc9c59cda74709dfcc9fa1b31586b7fa0b,1.0,370.6279069767442,3.8607073643410854,8.423361522198732,185.3139534883721,185.3139534883721,a055a53eea9e3abc9857682c3b89c9a7f5a30e2250ca22d00bc1b44e4cf94452,xgboost__fold_04__attention__d151b0c4__weighted_aug__a055a53eea9e
xgboost,XGBClassifier,6f5020a62aa64b2ba8e9eeb74b2bb836f9767f0e14b46b7d244a45e2f8dda4ec,4,f1a0c120,attention,target_attention,-10,371,1800,15937,43,d6bc4dd44a146802aea289085e20f3a5469bc59a944f3a84808d81b7aed2dd74,4404f50166a53629f16deb855b5dbdefb3de95149a3eec0eec91689ced0aaf96,137,12,149,1232d7f4cf51fd1f5edd395798f1b6146c2fcae5f481ba2dfb27a84ebb65a0d6,123,63,186,f8375dd054790fb62ac5d8b681f159e3598a55f5735c0a3897a53301c3bc373b,1.0,370.6279069767442,1.3526565948056357,15.442829457364342,185.3139534883721,185.3139534883721,59835470db1b16552e5affc51ddd121573e7c9112073f33cfd8ed411feb0807f,xgboost__fold_04__attention__f1a0c120__weighted_aug__59835470db1b
xgboost,XGBClassifier,6f5020a62aa64b2ba8e9eeb74b2bb836f9767f0e14b46b7d244a45e2f8dda4ec,4,01c2a0d8,engagement,target_engagement,-10,371,1800,16687,43,986d1415067904080d56b49303685c463e195fe0f6cc22b9219e6da5b4f26546,4efdbb963e4328ea609ced0c43ea79ec54863afcf8b6dc3b54e36caff30afe16,41,49,90,679e0de806cf6b02e9df32f33772c4f359fa5ecea5355f2ce7995e424cb5d23a,218,44,262,4af947be5370fcfb0b0ee503d128919382d3d108a0a9c2e8cf786f18bcf55886,1.0,388.06976744186045,4.732558139534883,3.959895586141433,194.03488372093022,194.03488372093022,74318bc4ce5cfd194786991232e756c222f8e1d280e7dbac392bf363699fd589,xgboost__fold_04__engagement__01c2a0d8__weighted_aug__74318bc4ce5c
xgboost,XGBClassifier,6f5020a62aa64b2ba8e9eeb74b2bb836f9767f0e14b46b7d244a45e2f8dda4ec,4,30908049,engagement,target_engagement,-10,371,1800,16687,43,986d1415067904080d56b49303685c463e195fe0f6cc22b9219e6da5b4f26546,4efdbb963e4328ea609ced0c43ea79ec54863afcf8b6dc3b54e36caff30afe16,59,50,109,e4b4e56961eef4068ba1a4ec7b373ef3a6c107eaa9941a0e2caef6b9e18ede72,167,183,350,3e392d28dfa253fd64d771e858c3ac39a499bd3914353036b4116bd2a0d30b10,1.0,388.06976744186045,3.288726842727631,3.8806976744186046,194.03488372093022,194.03488372093022,ad09602bf78ef8d35d2b533b350952749a54dba77f67dae3754f3cd9ce0f4dc5,xgboost__fold_04__engagement__30908049__weighted_aug__ad09602bf78e
xgboost,XGBClassifier,6f5020a62aa64b2ba8e9eeb74b2bb836f9767f0e14b46b7d244a45e2f8dda4ec,4,40009139,engagement,target_engagement,-10,371,1800,16687,43,986d1415067904080d56b49303685c463e195fe0f6cc22b9219e6da5b4f26546,4efdbb963e4328ea609ced0c43ea79ec54863afcf8b6dc3b54e36caff30afe16,26,57,83,05b6df5931340c68f7dc126072455fe6238875fb8d544171aa7a2748bf074efe,64,104,168,1927cef6a89f14267c555a8dfd74d66d883500c754f9bd16d457c48fcd8514ac,1.0,388.06976744186045,7.4628801431127005,3.404120767033864,194.03488372093022,194.03488372093022,f890e9fe81dae9511a95a61d428b980444538c48a29c255ec59c533018f0eb49,xgboost__fold_04__engagement__40009139__weighted_aug__f890e9fe81da
xgboost,XGBClassifier,6f5020a62aa64b2ba8e9eeb74b2bb836f9767f0e14b46b7d244a45e2f8dda4ec,4,7092f07b,engagement,target_engagement,-10,371,1800,16687,43,986d1415067904080d56b49303685c463e195fe0f6cc22b9219e6da5b4f26546,4efdbb963e4328ea609ced0c43ea79ec54863afcf8b6dc3b54e36caff30afe16,41,61,102,bc4ba75736ad65f5bc7d2cf523e2b1457fd7085cd6d828dbe32873b9d985fb7f,153,46,199,f5870359c2361845fb6452e4390fe85aa53e82bc81d65a523b27eb8add6d5fdb,1.0,388.06976744186045,4.732558139534883,3.1808997331300035,194.03488372093022,194.03488372093022,6627ae05f8cceb31284781ec8fa474aef2dc919842809418704991eb6e6a973f,xgboost__fold_04__engagement__7092f07b__weighted_aug__6627ae05f8cc
xgboost,XGBClassifier,6f5020a62aa64b2ba8e9eeb74b2bb836f9767f0e14b46b7d244a45e2f8dda4ec,4,8030618f,engagement,target_engagement,-10,371,1800,16687,43,986d1415067904080d56b49303685c463e195fe0f6cc22b9219e6da5b4f26546,4efdbb963e4328ea609ced0c43ea79ec54863afcf8b6dc3b54e36caff30afe16,21,37,58,4931fd0cf9c5cf853e8f80ca251792337e1be9a5cbf90c024062cf090d803de9,165,17,182,7f942bb4421a8a1df4b0df11ee43bc50e11c204c21af00ba2e149accce5c20d9,1.0,388.06976744186045,9.239756367663343,5.2441860465116275,194.0348837209302,194.03488372093022,1a544da27aa39ff449f87d68de33420000a7a348497bef6be64c888ccdfa4a60,xgboost__fold_04__engagement__8030618f__weighted_aug__1a544da27aa3
xgboost,XGBClassifier,6f5020a62aa64b2ba8e9eeb74b2bb836f9767f0e14b46b7d244a45e2f8dda4ec,4,a1b210fc,engagement,target_engagement,-10,371,1800,16687,43,986d1415067904080d56b49303685c463e195fe0f6cc22b9219e6da5b4f26546,4efdbb963e4328ea609ced0c43ea79ec54863afcf8b6dc3b54e36caff30afe16,19,106,125,cd59f391ce84c8dac32825f08a5cc8f7b92900c86675ef7d246db66918c7b8df,155,124,279,812fd4be251238ffd4c7f92d17c6f773aa9995b00c1657b078823d0cb84b8c3f,1.0,388.06976744186045,10.21236230110159,1.8305177709521718,194.03488372093022,194.03488372093022,2f2f894f989100ab7d8eff68705109d606ecb3933ed2c1da59813d0b71a16689,xgboost__fold_04__engagement__a1b210fc__weighted_aug__2f2f894f9891
xgboost,XGBClassifier,6f5020a62aa64b2ba8e9eeb74b2bb836f9767f0e14b46b7d244a45e2f8dda4ec,4,b112005d,engagement,target_engagement,-10,371,1800,16687,43,986d1415067904080d56b49303685c463e195fe0f6cc22b9219e6da5b4f26546,4efdbb963e4328ea609ced0c43ea79ec54863afcf8b6dc3b54e36caff30afe16,25,46,71,071474708397f5a044428af87689c36790b5a7e91e47b111190a580fba2d4edc,199,103,302,2110ede6d407c6b646d7a357ab7ad861d5f43c601222fe3ae7660c7894b4e6c5,1.0,388.06976744186045,7.761395348837209,4.218149646107179,194.03488372093022,194.03488372093022,91f5bcdeea74ef78e4085cf4530aba7f484b6811eee686a7353164bc4e79e6e3,xgboost__fold_04__engagement__b112005d__weighted_aug__91f5bcdeea74
xgboost,XGBClassifier,6f5020a62aa64b2ba8e9eeb74b2bb836f9767f0e14b46b7d244a45e2f8dda4ec,4,b1c2f044,engagement,target_engagement,-10,371,1800,16687,43,986d1415067904080d56b49303685c463e195fe0f6cc22b9219e6da5b4f26546,4efdbb963e4328ea609ced0c43ea79ec54863afcf8b6dc3b54e36caff30afe16,96,42,138,94018a802674d39ff0f5434107d4aac777e26bff111352d1deb00f6b7035fbc3,228,69,297,0346616ff7480d6a16abbdb107b2eeea8c02b778841e12db21ac727452f1437e,1.0,388.06976744186045,2.0211967054263567,4.619878183831672,194.03488372093022,194.0348837209302,07c96301a1977156d39e71d73de7239d2e487e3858a561e0eb861e8be675e72e,xgboost__fold_04__engagement__b1c2f044__weighted_aug__07c96301a197
xgboost,XGBClassifier,6f5020a62aa64b2ba8e9eeb74b2bb836f9767f0e14b46b7d244a45e2f8dda4ec,4,d151b0c4,engagement,target_engagement,-10,371,1800,16687,43,986d1415067904080d56b49303685c463e195fe0f6cc22b9219e6da5b4f26546,4efdbb963e4328ea609ced0c43ea79ec54863afcf8b6dc3b54e36caff30afe16,47,47,94,b5d2b6c843a840c3bcd46ca9799f70632aa8722df72fad14b09d762175b54192,244,102,346,4af35eed8938fe4be8389c05c8a93ec4de4704ecf1d51eded50d61df66bf20b8,1.0,388.06976744186045,4.128401781296388,4.128401781296388,194.03488372093022,194.03488372093022,c48730c43945d63de32c4970876ced96f832798fe735a8ec97157e4b1ba31887,xgboost__fold_04__engagement__d151b0c4__weighted_aug__c48730c43945
xgboost,XGBClassifier,6f5020a62aa64b2ba8e9eeb74b2bb836f9767f0e14b46b7d244a45e2f8dda4ec,4,01c2a0d8,excitement,target_excitement,-10,371,1800,16689,44,2bf159cea185c08806e5852a0521171522678bfd8d04d9dfff4d87344dd97627,01a9a36af7fd4938668057f58a4af0d4815b36985a13f61e071f1297e75e14d1,91,50,141,ad1838181c78a9500c889460be1936e2d1e2aa26fd69bde66eb3556e7a5ed1ca,106,137,243,6cd7a72869784ddf8c9cb708a5c18dfdefd93e6e600bd2b4d77b35e8be6efbb9,1.0,379.29545454545456,2.084040959040959,3.7929545454545455,189.64772727272728,189.64772727272728,ae4354e9eb7202aff47355cb3fd4134e771e0b3f854aedc568d5ef7ead89d9b3,xgboost__fold_04__excitement__01c2a0d8__weighted_aug__ae4354e9eb72
xgboost,XGBClassifier,6f5020a62aa64b2ba8e9eeb74b2bb836f9767f0e14b46b7d244a45e2f8dda4ec,4,30908049,excitement,target_excitement,-10,371,1800,16689,44,2bf159cea185c08806e5852a0521171522678bfd8d04d9dfff4d87344dd97627,01a9a36af7fd4938668057f58a4af0d4815b36985a13f61e071f1297e75e14d1,34,109,143,1708592dbd48d5b483ffe6e6e4804ab3be45af60a2d3f3d658b4d991a9a228ad,63,341,404,7e747215e2eca91ccba730a64c0e4d26ced5e20adea7282819c0ceacd3554705,1.0,379.29545454545456,5.577874331550802,1.73988740617181,189.64772727272728,189.64772727272728,bfb3ef0704c28c335a39da015415c276bb4fa104413260fd1e77b286bbc3b3ee,xgboost__fold_04__excitement__30908049__weighted_aug__bfb3ef0704c2
xgboost,XGBClassifier,6f5020a62aa64b2ba8e9eeb74b2bb836f9767f0e14b46b7d244a45e2f8dda4ec,4,40009139,excitement,target_excitement,-10,371,1800,16689,44,2bf159cea185c08806e5852a0521171522678bfd8d04d9dfff4d87344dd97627,01a9a36af7fd4938668057f58a4af0d4815b36985a13f61e071f1297e75e14d1,53,67,120,460fc0af4863261639cef1322b2be856536fbf92ab671e7b0cb58fde5ac8e741,89,67,156,87edb7cdad9e7842bfd4df2ca63bc761418964643b34240f05f140bd561b4b35,1.0,379.29545454545456,3.5782590051457976,2.830563093622795,189.64772727272728,189.64772727272725,2af545167756b61a9a78fccfadb0ed799c0e3e414f91edcf784234964c067fef,xgboost__fold_04__excitement__40009139__weighted_aug__2af545167756
xgboost,XGBClassifier,6f5020a62aa64b2ba8e9eeb74b2bb836f9767f0e14b46b7d244a45e2f8dda4ec,4,7092f07b,excitement,target_excitement,-10,371,1800,16689,44,2bf159cea185c08806e5852a0521171522678bfd8d04d9dfff4d87344dd97627,01a9a36af7fd4938668057f58a4af0d4815b36985a13f61e071f1297e75e14d1,89,30,119,6b7c40c71c7480ac8d961d141ca0e1e0dd166053881d228dc401b5e79fd1db0f,98,63,161,6733deea18ee1f90b4bcf7e9deb668ecbe16734c1a8b6b8b4b9fa672857ad206,1.0,379.29545454545456,2.1308733401430033,6.32159090909091,189.6477272727273,189.64772727272728,f1e35e71c4c060fcd27285c8b637870d4868867109e70f8011331c79fd287b3d,xgboost__fold_04__excitement__7092f07b__weighted_aug__f1e35e71c4c0
xgboost,XGBClassifier,6f5020a62aa64b2ba8e9eeb74b2bb836f9767f0e14b46b7d244a45e2f8dda4ec,4,8030618f,excitement,target_excitement,-10,371,1800,16689,44,2bf159cea185c08806e5852a0521171522678bfd8d04d9dfff4d87344dd97627,01a9a36af7fd4938668057f58a4af0d4815b36985a13f61e071f1297e75e14d1,66,23,89,e6a38f823d691c75ef973793b341f402c9e45d838d421ec6375199d7f6e285b0,51,74,125,15ec32f2483a6678b7b1cf725124f4b765e5c5fcb9b0902ae636eea53dbbbee8,1.0,379.29545454545456,2.8734504132231407,8.245553359683795,189.64772727272728,189.64772727272728,ec917218bb03156096cb4a3d4e06f2f384b8653f8a370ffcf9b9abb6b9e9f568,xgboost__fold_04__excitement__8030618f__weighted_aug__ec917218bb03
xgboost,XGBClassifier,6f5020a62aa64b2ba8e9eeb74b2bb836f9767f0e14b46b7d244a45e2f8dda4ec,4,a1b210fc,excitement,target_excitement,-10,371,1800,16689,44,2bf159cea185c08806e5852a0521171522678bfd8d04d9dfff4d87344dd97627,01a9a36af7fd4938668057f58a4af0d4815b36985a13f61e071f1297e75e14d1,110,18,128,392f7dd3e3a07bab4dbc4e52dc482d3c8f37b10bceb87397afb24e81d4767dad,214,70,284,94bfa29afa95fd09a873aa21e807b227662c378cea03b97074cc0a9c884cf9be,1.0,379.29545454545456,1.7240702479338843,10.53598484848485,189.64772727272728,189.64772727272728,62d203a968b3b369c8cec34921f4cf459ffdc3383ba2fe66694ffd6d6da062bb,xgboost__fold_04__excitement__a1b210fc__weighted_aug__62d203a968b3
xgboost,XGBClassifier,6f5020a62aa64b2ba8e9eeb74b2bb836f9767f0e14b46b7d244a45e2f8dda4ec,4,b112005d,excitement,target_excitement,-10,371,1800,16689,44,2bf159cea185c08806e5852a0521171522678bfd8d04d9dfff4d87344dd97627,01a9a36af7fd4938668057f58a4af0d4815b36985a13f61e071f1297e75e14d1,99,40,139,30afb0984b0f57ee7c2e3d9d0a01977196c031724e9a022dce0b06e71bdfcb4b,295,154,449,d0dbf2cc89b918f3f8da22b4353b6c964cbf836075f62519accbe657dc2d8556,1.0,379.29545454545456,1.915633608815427,4.741193181818182,189.64772727272728,189.64772727272728,4f0211bd6a7b1cee780994917a92243cc7ea33eb9bb52e1f3967287bcbfdda85,xgboost__fold_04__excitement__b112005d__weighted_aug__4f0211bd6a7b
xgboost,XGBClassifier,6f5020a62aa64b2ba8e9eeb74b2bb836f9767f0e14b46b7d244a45e2f8dda4ec,4,b1c2f044,excitement,target_excitement,-10,371,1800,16689,44,2bf159cea185c08806e5852a0521171522678bfd8d04d9dfff4d87344dd97627,01a9a36af7fd4938668057f58a4af0d4815b36985a13f61e071f1297e75e14d1,110,27,137,d16a72e8286a6562e6eddd11a1d21a645202dd843c6cee29292b931c3834e94f,200,102,302,8d08c3eed7bc5a1c88f74188adb256cd9f678dd66d87778b83c3b40eef3f412a,1.0,379.29545454545456,1.7240702479338843,7.0239898989899,189.64772727272728,189.64772727272728,eff1c6bc31241733b95708d31c10d8eece9eae92cdbac55e2f801ba2d1feee89,xgboost__fold_04__excitement__b1c2f044__weighted_aug__eff1c6bc3124
xgboost,XGBClassifier,6f5020a62aa64b2ba8e9eeb74b2bb836f9767f0e14b46b7d244a45e2f8dda4ec,4,d151b0c4,excitement,target_excitement,-10,371,1800,16689,44,2bf159cea185c08806e5852a0521171522678bfd8d04d9dfff4d87344dd97627,01a9a36af7fd4938668057f58a4af0d4815b36985a13f61e071f1297e75e14d1,18,83,101,c0c0b391e2a112d8a3cd1ebf656a8b4c1c2d90ae3806d7266f392d07e54a2828,210,183,393,ed2c303fff7cb5b47a144edd55c3530e21a56b5924751c60bc8d7dc5fb74fc72,1.0,379.29545454545456,10.53598484848485,2.2849123767798467,189.64772727272728,189.64772727272728,98fe823ec6acf8f32ad0887b3a491e9c9cf0d7588f60d28dc3ce02175596b299,xgboost__fold_04__excitement__d151b0c4__weighted_aug__98fe823ec6ac
xgboost,XGBClassifier,6f5020a62aa64b2ba8e9eeb74b2bb836f9767f0e14b46b7d244a45e2f8dda4ec,4,f1a0c120,excitement,target_excitement,-10,371,1800,16689,44,2bf159cea185c08806e5852a0521171522678bfd8d04d9dfff4d87344dd97627,01a9a36af7fd4938668057f58a4af0d4815b36985a13f61e071f1297e75e14d1,49,35,84,2912c828ec0033c87fbb1d5c3021eef1708170e48950dea1b3cefc53a904d996,98,88,186,d7a5ffe4e6c0b29c70df9ab7c6a5f0a26923753389df7b50134973144795f3bd,1.0,379.29545454545456,3.870361781076067,5.418506493506494,189.64772727272728,189.6477272727273,1631af9940f50e91b5be77f1bbe766e4b57e9f6eb31cb73f67249270569bec88,xgboost__fold_04__excitement__f1a0c120__weighted_aug__1631af9940f5
xgboost,XGBClassifier,6f5020a62aa64b2ba8e9eeb74b2bb836f9767f0e14b46b7d244a45e2f8dda4ec,4,01c2a0d8,focus,target_focus,-10,371,1800,16688,44,433fdfdab7418b3ac1b1eba53628b0a707ee15dfd4099c8f04fe8c7220275e8e,bcbf7453b6c3768b7f4446c03f027f80397a24d1f0f54a82146b8fe6d4a67bdf,48,54,102,18b371f0d8712b0c13aafe82f2cc55f6055d1d650c8d1f228126d9a79129dcf0,31,185,216,564b0da1774b311d8a81b434de6ecf15f3088682dcb99f92d6812e5c90f5073e,1.0,379.27272727272725,3.9507575757575757,3.5117845117845117,189.63636363636363,189.63636363636363,653b97c563255004201d6a4e847e78302a04f9b1ec6b26fe616cef828c3add4d,xgboost__fold_04__focus__01c2a0d8__weighted_aug__653b97c56325
xgboost,XGBClassifier,6f5020a62aa64b2ba8e9eeb74b2bb836f9767f0e14b46b7d244a45e2f8dda4ec,4,40009139,focus,target_focus,-10,371,1800,16688,44,433fdfdab7418b3ac1b1eba53628b0a707ee15dfd4099c8f04fe8c7220275e8e,bcbf7453b6c3768b7f4446c03f027f80397a24d1f0f54a82146b8fe6d4a67bdf,36,54,90,b957da1e03893837b7bc1c0429f94015a564b8c7da08330b5deb6f3efb7bd1a1,136,52,188,3bd000be8a7d6e68fe9e8d63562fef606f801abe484e86258e93eaf94a4b0738,1.0,379.27272727272725,5.267676767676767,3.5117845117845117,189.63636363636363,189.63636363636363,11f91f4c5a281dd6706ad6e8b37e19992e2d79bc576960677c1b18e22f4f67ea,xgboost__fold_04__focus__40009139__weighted_aug__11f91f4c5a28
xgboost,XGBClassifier,6f5020a62aa64b2ba8e9eeb74b2bb836f9767f0e14b46b7d244a45e2f8dda4ec,4,7092f07b,focus,target_focus,-10,371,1800,16688,44,433fdfdab7418b3ac1b1eba53628b0a707ee15dfd4099c8f04fe8c7220275e8e,bcbf7453b6c3768b7f4446c03f027f80397a24d1f0f54a82146b8fe6d4a67bdf,111,27,138,e47af2a4e3612a0e8582badb99d57b17539026f00e07f78e49d7ca642e4a7c50,106,61,167,fe59858b602b6d486bd81a2afb725e246a118d3a94a0a76184ac4756cb2af06e,1.0,379.27272727272725,1.7084357084357082,7.023569023569023,189.63636363636363,189.63636363636363,5a02ac62e66acd068717aabf510b9b96f4b8d52609b8154998ded96a21e471a5,xgboost__fold_04__focus__7092f07b__weighted_aug__5a02ac62e66a
xgboost,XGBClassifier,6f5020a62aa64b2ba8e9eeb74b2bb836f9767f0e14b46b7d244a45e2f8dda4ec,4,8030618f,focus,target_focus,-10,371,1800,16688,44,433fdfdab7418b3ac1b1eba53628b0a707ee15dfd4099c8f04fe8c7220275e8e,bcbf7453b6c3768b7f4446c03f027f80397a24d1f0f54a82146b8fe6d4a67bdf,103,12,115,45e6c9156462dfd198006b9132105338e2cac0a6ac0a57e36d832bc9708d5fb8,52,115,167,70aef016ec525db6a9f5449da9e2cca52fcfd26a686fcc930a15aefe5d210d83,1.0,379.27272727272725,1.8411297440423653,15.803030303030303,189.63636363636363,189.63636363636363,84e27548ebf05eae938481bf9bb358862f9efea2675e636616d0dbb4598a380c,xgboost__fold_04__focus__8030618f__weighted_aug__84e27548ebf0
xgboost,XGBClassifier,6f5020a62aa64b2ba8e9eeb74b2bb836f9767f0e14b46b7d244a45e2f8dda4ec,4,a1b210fc,focus,target_focus,-10,371,1800,16688,44,433fdfdab7418b3ac1b1eba53628b0a707ee15dfd4099c8f04fe8c7220275e8e,bcbf7453b6c3768b7f4446c03f027f80397a24d1f0f54a82146b8fe6d4a67bdf,95,12,107,334521a5ee4e977159bf9cdc32afb0764c4023dccf85fcc7acf461161ae4f776,139,98,237,199eec8793998394383020827b945c577c701483dfa5354d6073e7c37252fb2e,1.0,379.27272727272725,1.9961722488038276,15.803030303030303,189.63636363636363,189.63636363636363,2c151ffd27945f8314602e64c21a279d65793da0c23b96c84856bd1626467d4a,xgboost__fold_04__focus__a1b210fc__weighted_aug__2c151ffd2794
xgboost,XGBClassifier,6f5020a62aa64b2ba8e9eeb74b2bb836f9767f0e14b46b7d244a45e2f8dda4ec,4,b112005d,focus,target_focus,-10,371,1800,16688,44,433fdfdab7418b3ac1b1eba53628b0a707ee15dfd4099c8f04fe8c7220275e8e,bcbf7453b6c3768b7f4446c03f027f80397a24d1f0f54a82146b8fe6d4a67bdf,59,13,72,fa7e5ae9ee316e6578a61a091b6b84d573713ba789763df1445b3a237d373174,105,201,306,aa07bff06a5a8e4c34bb577bf16967911046d4055d3df3e1a6160cac54de20df,1.0,379.27272727272725,3.2141756548536207,14.587412587412587,189.63636363636363,189.63636363636363,ba074398ecfd3c4e84c0f157440bfa7a2c0dde98c459688438a3ec39385d84ed,xgboost__fold_04__focus__b112005d__weighted_aug__ba074398ecfd
xgboost,XGBClassifier,6f5020a62aa64b2ba8e9eeb74b2bb836f9767f0e14b46b7d244a45e2f8dda4ec,4,b1c2f044,focus,target_focus,-10,371,1800,16688,44,433fdfdab7418b3ac1b1eba53628b0a707ee15dfd4099c8f04fe8c7220275e8e,bcbf7453b6c3768b7f4446c03f027f80397a24d1f0f54a82146b8fe6d4a67bdf,120,24,144,570f19edeec3ff2cd004d28b727aa37341239cce95a5b613089ede4367f9a340,201,85,286,8f8b36cf636dc64729811ec241065a3667483100291310b23722efc0bfa0417f,1.0,379.27272727272725,1.5803030303030303,7.901515151515151,189.63636363636363,189.63636363636363,4276fa4a9dbb70f513a75ce5b0d8c122f2877f82dfd5d8f8ae388472d6682499,xgboost__fold_04__focus__b1c2f044__weighted_aug__4276fa4a9dbb
xgboost,XGBClassifier,6f5020a62aa64b2ba8e9eeb74b2bb836f9767f0e14b46b7d244a45e2f8dda4ec,4,f1a0c120,focus,target_focus,-10,371,1800,16688,44,433fdfdab7418b3ac1b1eba53628b0a707ee15dfd4099c8f04fe8c7220275e8e,bcbf7453b6c3768b7f4446c03f027f80397a24d1f0f54a82146b8fe6d4a67bdf,79,36,115,98f3fbbd73ad1652b28866b21cd73df4fbdad413e053dadf8826b8b102ba830e,186,92,278,854e6b743b0ad26085226b26c58ee6dd6c6944d35e938e6f04faa05a8647136e,1.0,379.27272727272725,2.400460299194476,5.267676767676767,189.63636363636363,189.63636363636363,64ac026003a23d2d152444822a6f856ac892ab5f2127aad0f240bea7da34b9bc,xgboost__fold_04__focus__f1a0c120__weighted_aug__64ac026003a2
xgboost,XGBClassifier,6f5020a62aa64b2ba8e9eeb74b2bb836f9767f0e14b46b7d244a45e2f8dda4ec,4,01c2a0d8,interest,target_interest,-10,371,1800,16683,44,dc15a575b4e8dd1791706916a39e0b9e65dc5b69242cd007fc815a7885d98e3e,c4110c8ecd8ea7c835b8ea571bfeb6ad10ec8d02d986bd0e2c5b9a70c03e3241,89,47,136,f456a922c2d5d75bc436f677e1893923b9682bc1dc035814029746e8018cee1e,182,87,269,70493fabd30850fd3d09833f21b4923fdf46323f998247676b31d6fc9ee6c857,1.0,379.15909090909093,2.130107252298264,4.0336073500967125,189.57954545454547,189.5795454545455,216ac77fc626990621df898840df746f8007eaf1a59e467f2c210ccf1b33ec8a,xgboost__fold_04__interest__01c2a0d8__weighted_aug__216ac77fc626
xgboost,XGBClassifier,6f5020a62aa64b2ba8e9eeb74b2bb836f9767f0e14b46b7d244a45e2f8dda4ec,4,40009139,interest,target_interest,-10,371,1800,16683,44,dc15a575b4e8dd1791706916a39e0b9e65dc5b69242cd007fc815a7885d98e3e,c4110c8ecd8ea7c835b8ea571bfeb6ad10ec8d02d986bd0e2c5b9a70c03e3241,58,23,81,db17f0b09f978cc61fec52373462d7e96e81f082b0651fdc03700fffbbf543c5,40,70,110,f8a3d3fb25f292cc9d465a34c0630945204414b08e040bc038a57cba30a0e4d2,1.0,379.15909090909093,3.2686128526645772,8.242588932806324,189.57954545454547,189.57954545454547,f4435c4fabd1360641d3a53b9eef7d8f730e22278daca5cd2ede12c8152b81df,xgboost__fold_04__interest__40009139__weighted_aug__f4435c4fabd1
xgboost,XGBClassifier,6f5020a62aa64b2ba8e9eeb74b2bb836f9767f0e14b46b7d244a45e2f8dda4ec,4,7092f07b,interest,target_interest,-10,371,1800,16683,44,dc15a575b4e8dd1791706916a39e0b9e65dc5b69242cd007fc815a7885d98e3e,c4110c8ecd8ea7c835b8ea571bfeb6ad10ec8d02d986bd0e2c5b9a70c03e3241,26,121,147,7451279adf3a6324e8129ec5bb518dba1dff9d56dcecf28d2a0e2b2f9d9b4246,113,154,267,a2ac43888e2e8f21b497a15aa793c08767208a7cbbbca6aebfe6297a166cf670,1.0,379.15909090909093,7.291520979020979,1.5667731029301277,189.57954545454547,189.57954545454547,15e723177ceb4328eab0a58f52397ac488313dc28b9ec67248864c35bfb916f5,xgboost__fold_04__interest__7092f07b__weighted_aug__15e723177ceb
xgboost,XGBClassifier,6f5020a62aa64b2ba8e9eeb74b2bb836f9767f0e14b46b7d244a45e2f8dda4ec,4,8030618f,interest,target_interest,-10,371,1800,16683,44,dc15a575b4e8dd1791706916a39e0b9e65dc5b69242cd007fc815a7885d98e3e,c4110c8ecd8ea7c835b8ea571bfeb6ad10ec8d02d986bd0e2c5b9a70c03e3241,40,33,73,524da4d7b4f364854610f22ffffcfe1dd256b7537efe4af0617a92221e91a528,43,104,147,56486f0282116bf1baa8ed512a5c19d2c38d6a4ea75b1a202aa56ce29a22108d,1.0,379.15909090909093,4.739488636363637,5.7448347107438025,189.5795454545455,189.5795454545455,3ef30bee7b11e080f6268c681003d0a04e562c8d7274cbdc0adcba0a1be515d9,xgboost__fold_04__interest__8030618f__weighted_aug__3ef30bee7b11
xgboost,XGBClassifier,6f5020a62aa64b2ba8e9eeb74b2bb836f9767f0e14b46b7d244a45e2f8dda4ec,4,a1b210fc,interest,target_interest,-10,371,1800,16683,44,dc15a575b4e8dd1791706916a39e0b9e65dc5b69242cd007fc815a7885d98e3e,c4110c8ecd8ea7c835b8ea571bfeb6ad10ec8d02d986bd0e2c5b9a70c03e3241,46,74,120,bbc4457de08f652a7565ab7d47b3aff3907af410238b456f5d52946371ee62ec,178,187,365,d1ff88ac2204680b34dfc512fcdf9ccfb8d69b5f9d6445d5585d197f2f6f649e,1.0,379.15909090909093,4.121294466403162,2.5618857493857496,189.57954545454547,189.57954545454547,0f9ee43fafe241f87806020e661d9c3314f0c0c7ac67781fffc46f409bcb5dea,xgboost__fold_04__interest__a1b210fc__weighted_aug__0f9ee43fafe2
xgboost,XGBClassifier,6f5020a62aa64b2ba8e9eeb74b2bb836f9767f0e14b46b7d244a45e2f8dda4ec,4,b112005d,interest,target_interest,-10,371,1800,16683,44,dc15a575b4e8dd1791706916a39e0b9e65dc5b69242cd007fc815a7885d98e3e,c4110c8ecd8ea7c835b8ea571bfeb6ad10ec8d02d986bd0e2c5b9a70c03e3241,120,19,139,9fe27f9f14db147225faaeafb1de9ce289feba3c54d9b8a7431aec6fa978b0a3,237,151,388,ebbb730f4af9e0b50cd2f622270f46b80b143677373dca39f689443030d9513b,1.0,379.15909090909093,1.5798295454545455,9.97787081339713,189.57954545454547,189.57954545454547,e591b711948d8c831c572b1945d99b0a7fe456375a352c1e009ef772bb13c140,xgboost__fold_04__interest__b112005d__weighted_aug__e591b711948d
xgboost,XGBClassifier,6f5020a62aa64b2ba8e9eeb74b2bb836f9767f0e14b46b7d244a45e2f8dda4ec,4,b1c2f044,interest,target_interest,-10,371,1800,16683,44,dc15a575b4e8dd1791706916a39e0b9e65dc5b69242cd007fc815a7885d98e3e,c4110c8ecd8ea7c835b8ea571bfeb6ad10ec8d02d986bd0e2c5b9a70c03e3241,105,19,124,14285e3e330f7ece3d44c5cd6e06a3312cf594684ca5fdda26694e552e57067e,234,60,294,f231a3e9df0f20718b613ed7d7e6b9de94b8cce2075ec92fdf5b6e241d288b9f,1.0,379.15909090909093,1.8055194805194807,9.97787081339713,189.57954545454547,189.57954545454547,1a27836b744fdbc79502657c8ad783ab2a3503471650edcc23ffc9050b39dce6,xgboost__fold_04__interest__b1c2f044__weighted_aug__1a27836b744f
xgboost,XGBClassifier,6f5020a62aa64b2ba8e9eeb74b2bb836f9767f0e14b46b7d244a45e2f8dda4ec,4,d151b0c4,interest,target_interest,-10,371,1800,16683,44,dc15a575b4e8dd1791706916a39e0b9e65dc5b69242cd007fc815a7885d98e3e,c4110c8ecd8ea7c835b8ea571bfeb6ad10ec8d02d986bd0e2c5b9a70c03e3241,117,23,140,23d905282c388a9d69fbeea4c3ac0b0e7abeb4e428e04f8fe5fef155207271eb,196,210,406,b5219ee58132e6fdc20e17f44eb0b60e3759fa97bc9057774e332fca211c58b4,1.0,379.15909090909093,1.6203379953379955,8.242588932806324,189.57954545454547,189.57954545454547,9a879ca8a67b69d031abb72b4ea8593c742ce5d92ca397c2dfdea44137291453,xgboost__fold_04__interest__d151b0c4__weighted_aug__9a879ca8a67b
xgboost,XGBClassifier,6f5020a62aa64b2ba8e9eeb74b2bb836f9767f0e14b46b7d244a45e2f8dda4ec,4,01c2a0d8,relaxation,target_relaxation,-10,371,1800,16707,44,8b1921d4d5c07dab4a8de8755eec16059309a05437e5489c47467415666005fb,a5f608b86ee9061617d36b1743ad601431f955dde27218d8d7829829dc257d43,109,20,129,a6262f467e5a175efb26f85051e345cbfafbe945cc72d750e9c081379f49d7ae,172,88,260,70dadf5d9f37fcd4dd72d08607ce55999b72138c489affe9cf24a5c0f4a21d87,1.0,379.70454545454544,1.7417639699749792,9.492613636363636,189.85227272727272,189.85227272727272,e5eb0c16b16d1a1d730e5dd9755ea74f70656a3388ba7a51f97d61f6b6bd61b9,xgboost__fold_04__relaxation__01c2a0d8__weighted_aug__e5eb0c16b16d
xgboost,XGBClassifier,6f5020a62aa64b2ba8e9eeb74b2bb836f9767f0e14b46b7d244a45e2f8dda4ec,4,30908049,relaxation,target_relaxation,-10,371,1800,16707,44,8b1921d4d5c07dab4a8de8755eec16059309a05437e5489c47467415666005fb,a5f608b86ee9061617d36b1743ad601431f955dde27218d8d7829829dc257d43,48,16,64,42e3f2d67a8dd0afec39a85c2c44186fadc8bae6d97db3fa4b66f9c7d0b9cba2,158,100,258,0df7fbf9ed85d781fa76b42d46a59e14bf704a70a5159bae7604623f6ff16c88,1.0,379.70454545454544,3.9552556818181817,11.865767045454545,189.85227272727272,189.85227272727272,429c50be8ec30d36c5ebfa9f51f31ca298e9f8d6bb69867b749bbe71900681f1,xgboost__fold_04__relaxation__30908049__weighted_aug__429c50be8ec3
xgboost,XGBClassifier,6f5020a62aa64b2ba8e9eeb74b2bb836f9767f0e14b46b7d244a45e2f8dda4ec,4,40009139,relaxation,target_relaxation,-10,371,1800,16707,44,8b1921d4d5c07dab4a8de8755eec16059309a05437e5489c47467415666005fb,a5f608b86ee9061617d36b1743ad601431f955dde27218d8d7829829dc257d43,62,37,99,bd87b87f41124c019181d13427fd53dc371952a48bd2c509bbd5bba236d47a66,49,103,152,c58f4e33bfb99ae34dc7c9b8acc07c03d0e750157ef6010bb82ef956a05b7a29,1.0,379.70454545454544,3.062133431085044,5.131142506142506,189.85227272727272,189.85227272727272,221e7391191bb1bba57172c4d92e4a1a7dc60937d738638e5081cfb7e07c42bc,xgboost__fold_04__relaxation__40009139__weighted_aug__221e7391191b
xgboost,XGBClassifier,6f5020a62aa64b2ba8e9eeb74b2bb836f9767f0e14b46b7d244a45e2f8dda4ec,4,7092f07b,relaxation,target_relaxation,-10,371,1800,16707,44,8b1921d4d5c07dab4a8de8755eec16059309a05437e5489c47467415666005fb,a5f608b86ee9061617d36b1743ad601431f955dde27218d8d7829829dc257d43,17,44,61,c684f96932ced96e892af46e35b461c455a47bbf28e2801e11391ab44dfa5b4d,95,122,217,1a3baadb5b38e81a3e4ae4299b79ee76cf1e005eab84549198471fcaedee4fb3,1.0,379.70454545454544,11.167780748663102,4.314824380165289,189.85227272727272,189.85227272727272,f4a3c719252a74fe110991bf371e531e619d38592e76718c46bba14cac0b7710,xgboost__fold_04__relaxation__7092f07b__weighted_aug__f4a3c719252a
xgboost,XGBClassifier,6f5020a62aa64b2ba8e9eeb74b2bb836f9767f0e14b46b7d244a45e2f8dda4ec,4,8030618f,relaxation,target_relaxation,-10,371,1800,16707,44,8b1921d4d5c07dab4a8de8755eec16059309a05437e5489c47467415666005fb,a5f608b86ee9061617d36b1743ad601431f955dde27218d8d7829829dc257d43,14,54,68,58f372b69f5a9254a92d7935fa6b36e4792cce6046cff0a04f772b71011c241e,108,75,183,302eb6acec0f17da0f9503b266b44ee0a9bf3057decbb115f6f8ebc8d7b2e7ee,1.0,379.70454545454544,13.560876623376624,3.5157828282828283,189.85227272727272,189.85227272727272,dee5551f2a0f22fc2670318d600584fe5e81efa50076c3030dfaba7725303345,xgboost__fold_04__relaxation__8030618f__weighted_aug__dee5551f2a0f
xgboost,XGBClassifier,6f5020a62aa64b2ba8e9eeb74b2bb836f9767f0e14b46b7d244a45e2f8dda4ec,4,a1b210fc,relaxation,target_relaxation,-10,371,1800,16707,44,8b1921d4d5c07dab4a8de8755eec16059309a05437e5489c47467415666005fb,a5f608b86ee9061617d36b1743ad601431f955dde27218d8d7829829dc257d43,69,36,105,0b034b736ee4bde7d2c859d00df101c1a313fa25f52d72fe32b620c457a045a2,199,137,336,c29326f2dae2f9c5f677c4c29dfddf123c5e9b724edf284dc98abfbb94a39ed1,1.0,379.70454545454544,2.751482213438735,5.273674242424242,189.85227272727272,189.85227272727272,eecefa288baa8e9ede098cc8c4857d5d7c125a4c57a5035dde9dab7a51bb2280,xgboost__fold_04__relaxation__a1b210fc__weighted_aug__eecefa288baa
xgboost,XGBClassifier,6f5020a62aa64b2ba8e9eeb74b2bb836f9767f0e14b46b7d244a45e2f8dda4ec,4,b112005d,relaxation,target_relaxation,-10,371,1800,16707,44,8b1921d4d5c07dab4a8de8755eec16059309a05437e5489c47467415666005fb,a5f608b86ee9061617d36b1743ad601431f955dde27218d8d7829829dc257d43,96,17,113,83da5d48abf9039b5e82cfd8fe9dab8fc16b380c8ed96678fcebfabb31445676,305,114,419,9dbdcd9e6b37b8ffe9e4408155ab5f352c1a568c2e8bf50cdb20a55b07825f1b,1.0,379.70454545454544,1.9776278409090908,11.167780748663102,189.85227272727272,189.85227272727272,782251c8d068200149b229dcf1b65556479a371789e9b1f426e1593a060654e5,xgboost__fold_04__relaxation__b112005d__weighted_aug__782251c8d068
xgboost,XGBClassifier,6f5020a62aa64b2ba8e9eeb74b2bb836f9767f0e14b46b7d244a45e2f8dda4ec,4,b1c2f044,relaxation,target_relaxation,-10,371,1800,16707,44,8b1921d4d5c07dab4a8de8755eec16059309a05437e5489c47467415666005fb,a5f608b86ee9061617d36b1743ad601431f955dde27218d8d7829829dc257d43,31,38,69,62c23850595b81d1e6c7deaeb4e84f70e303db022dcb1550b8bbe3627cb06e9f,91,229,320,a66578fc6358b6377fd715b28cc44ba82e4f6c627072916ef79d194afae6a6c7,1.0,379.70454545454544,6.124266862170088,4.9961124401913874,189.85227272727272,189.85227272727272,6d50528048405e47f0b12714ef0ac7161b7aa14fd2ad313f5a04ba2b0810a220,xgboost__fold_04__relaxation__b1c2f044__weighted_aug__6d5052804840
xgboost,XGBClassifier,6f5020a62aa64b2ba8e9eeb74b2bb836f9767f0e14b46b7d244a45e2f8dda4ec,4,f1a0c120,relaxation,target_relaxation,-10,371,1800,16707,44,8b1921d4d5c07dab4a8de8755eec16059309a05437e5489c47467415666005fb,a5f608b86ee9061617d36b1743ad601431f955dde27218d8d7829829dc257d43,57,56,113,f27bdbba5442a34252c6408eaf1054820aee9fd1f5a87e8eb714f972a350934f,162,184,346,baa7eab0fb6a32246a5af58a7b3bbced7c2d21639a1946b060bd33e99960a9f6,1.0,379.70454545454544,3.3307416267942584,3.390219155844156,189.85227272727272,189.85227272727272,ed2339f00bb78cbecc8d88db1512a78f95966496769e666b6df70f265382a1d1,xgboost__fold_04__relaxation__f1a0c120__weighted_aug__ed2339f00bb7
xgboost,XGBClassifier,6f5020a62aa64b2ba8e9eeb74b2bb836f9767f0e14b46b7d244a45e2f8dda4ec,4,01c2a0d8,stress,target_stress,-10,371,1800,16679,44,8626c877b29078ccbf8827b46494b91b7bfcea537af78dcbb845acad5ad28c42,27d0b6e27ea4a69159776babe88351288b3e08a8b6a0e0a437af967ad54f9cf0,89,34,123,6188f759efb90cb07289fedddd544728cdc05926ce1e5d14f9283581017bf575,131,91,222,3b315db7bfe716727c597c423616e3406e7b2d655c9e991137fd0627217e8815,1.0,379.0681818181818,2.129596527068437,5.574532085561497,189.5340909090909,189.5340909090909,8d70888ed87aeefc382ade199c9d6878eef31636524bdad284c7f385ead5a433,xgboost__fold_04__stress__01c2a0d8__weighted_aug__8d70888ed87a
xgboost,XGBClassifier,6f5020a62aa64b2ba8e9eeb74b2bb836f9767f0e14b46b7d244a45e2f8dda4ec,4,40009139,stress,target_stress,-10,371,1800,16679,44,8626c877b29078ccbf8827b46494b91b7bfcea537af78dcbb845acad5ad28c42,27d0b6e27ea4a69159776babe88351288b3e08a8b6a0e0a437af967ad54f9cf0,60,44,104,3bfe7f6075bb323bfbb378b5601ec8115ccde029c6f797237aaf294ccb69475f,52,40,92,5169a1318cb6381b46d1ff2ffab36ed231fc8b8da1576bcf23f07942e8b9d3ec,1.0,379.0681818181818,3.158901515151515,4.307592975206611,189.5340909090909,189.53409090909088,2c3c6b6bacf9f6113b105f062c86bfbb25cc4ae42c9a6345176193b70e97b33e,xgboost__fold_04__stress__40009139__weighted_aug__2c3c6b6bacf9
xgboost,XGBClassifier,6f5020a62aa64b2ba8e9eeb74b2bb836f9767f0e14b46b7d244a45e2f8dda4ec,4,7092f07b,stress,target_stress,-10,371,1800,16679,44,8626c877b29078ccbf8827b46494b91b7bfcea537af78dcbb845acad5ad28c42,27d0b6e27ea4a69159776babe88351288b3e08a8b6a0e0a437af967ad54f9cf0,86,45,131,fb097ed4b1a423d04ca8974412c8c9cfb150b74aed8553c5576c2162524ad06c,118,124,242,bea54ed1febd275eb4270e9cce30456658d9c17b4fd00034434fcb40b3d4bb78,1.0,379.0681818181818,2.203884778012685,4.211868686868687,189.5340909090909,189.53409090909093,52b34f783936c917c2e2925255af782959f33df5558118e2d9b56f794c650f13,xgboost__fold_04__stress__7092f07b__weighted_aug__52b34f783936
xgboost,XGBClassifier,6f5020a62aa64b2ba8e9eeb74b2bb836f9767f0e14b46b7d244a45e2f8dda4ec,4,8030618f,stress,target_stress,-10,371,1800,16679,44,8626c877b29078ccbf8827b46494b91b7bfcea537af78dcbb845acad5ad28c42,27d0b6e27ea4a69159776babe88351288b3e08a8b6a0e0a437af967ad54f9cf0,16,45,61,9fa4661075fc0138705e5939559f36f532be8930efe8b9863a58cb25edaa2ff3,1,124,125,728dbc5d626fcb6deea620edfcf96387f659728e1ab3014ba61507aaa961ea8b,1.0,379.0681818181818,11.845880681818182,4.211868686868687,189.5340909090909,189.53409090909093,99f6ae22dbaa477fb4d594aaec01ab8ffe20a6ad4198454bdb165093eed1beb3,xgboost__fold_04__stress__8030618f__weighted_aug__99f6ae22dbaa
xgboost,XGBClassifier,6f5020a62aa64b2ba8e9eeb74b2bb836f9767f0e14b46b7d244a45e2f8dda4ec,4,a1b210fc,stress,target_stress,-10,371,1800,16679,44,8626c877b29078ccbf8827b46494b91b7bfcea537af78dcbb845acad5ad28c42,27d0b6e27ea4a69159776babe88351288b3e08a8b6a0e0a437af967ad54f9cf0,14,48,62,e2117193c901f70271420361d647377a75afb8c89acab7c431b614788877a7b6,34,90,124,95a5dabcff70f65304f14e9942d9e62df43e7475494b64949f922f802d012cd1,1.0,379.0681818181818,13.53814935064935,3.948626893939394,189.5340909090909,189.5340909090909,7a83ef532d5b4fe52dc3f37d73def27fc6bc86f56f0ff2fc923a82ffc3f74d35,xgboost__fold_04__stress__a1b210fc__weighted_aug__7a83ef532d5b
xgboost,XGBClassifier,6f5020a62aa64b2ba8e9eeb74b2bb836f9767f0e14b46b7d244a45e2f8dda4ec,4,b112005d,stress,target_stress,-10,371,1800,16679,44,8626c877b29078ccbf8827b46494b91b7bfcea537af78dcbb845acad5ad28c42,27d0b6e27ea4a69159776babe88351288b3e08a8b6a0e0a437af967ad54f9cf0,26,24,50,0176a7a83b42dea3ea13e9c0542874de63e86416b9e6acc29e6c4ae4744d25a2,30,260,290,920728ca85067921ce8fe6427bc81f9e42e80a4aa94ec231074e96f0aa348cdd,1.0,379.0681818181818,7.2897727272727275,7.897253787878788,189.5340909090909,189.5340909090909,fa35e8ce0410b67501a4f50312c80ebd6932f35afbb3a4435d7998fdc67194eb,xgboost__fold_04__stress__b112005d__weighted_aug__fa35e8ce0410
xgboost,XGBClassifier,6f5020a62aa64b2ba8e9eeb74b2bb836f9767f0e14b46b7d244a45e2f8dda4ec,4,b1c2f044,stress,target_stress,-10,371,1800,16679,44,8626c877b29078ccbf8827b46494b91b7bfcea537af78dcbb845acad5ad28c42,27d0b6e27ea4a69159776babe88351288b3e08a8b6a0e0a437af967ad54f9cf0,74,23,97,6c273438892cb4b497e81f9ec61f748c008508af58fe37c34d8acf977b02298e,77,62,139,063b0676a7d67f9255b74979f7b82651d18ed0be924f2e66936f24c02564f901,1.0,379.0681818181818,2.561271498771499,8.240612648221344,189.5340909090909,189.5340909090909,e7a264f2efd735193213854a5b8fc213c0099326f0ea1e16e4e1f77fa80d37d9,xgboost__fold_04__stress__b1c2f044__weighted_aug__e7a264f2efd7
xgboost,XGBClassifier,6f5020a62aa64b2ba8e9eeb74b2bb836f9767f0e14b46b7d244a45e2f8dda4ec,4,d151b0c4,stress,target_stress,-10,371,1800,16679,44,8626c877b29078ccbf8827b46494b91b7bfcea537af78dcbb845acad5ad28c42,27d0b6e27ea4a69159776babe88351288b3e08a8b6a0e0a437af967ad54f9cf0,72,24,96,19c28218f2253b28b9d434e75045aade65be39b68333625e24f61aea6e9a581a,99,221,320,f85fd5df82ba82fb3a63a5dfe50321796f10c30dde46aa0873edfbdfee7f418c,1.0,379.0681818181818,2.632417929292929,7.897253787878788,189.53409090909088,189.5340909090909,4c106db056d604f0328d1b007e3e2550cae538310f1870305975058c4f99aa2d,xgboost__fold_04__stress__d151b0c4__weighted_aug__4c106db056d6
xgboost,XGBClassifier,6f5020a62aa64b2ba8e9eeb74b2bb836f9767f0e14b46b7d244a45e2f8dda4ec,4,f1a0c120,stress,target_stress,-10,371,1800,16679,44,8626c877b29078ccbf8827b46494b91b7bfcea537af78dcbb845acad5ad28c42,27d0b6e27ea4a69159776babe88351288b3e08a8b6a0e0a437af967ad54f9cf0,94,60,154,e3ed712ea2f782f6eb93ecf0e0150e07c75c24ba2ddf6e635c8db8039d2f90ff,209,135,344,4ef8bab37aa7eabc7271ef107e5cca4492000ddb115d1727e954ac2324f71f49,1.0,379.0681818181818,2.0163201160541586,3.158901515151515,189.5340909090909,189.5340909090909,77073101d80ec7ff5f3406cef6885d42b71caee574d83fb843e1880649d806b5,xgboost__fold_04__stress__f1a0c120__weighted_aug__77073101d80e
xgboost,XGBClassifier,6f5020a62aa64b2ba8e9eeb74b2bb836f9767f0e14b46b7d244a45e2f8dda4ec,5,0001508a,attention,target_attention,-10,371,1800,15812,42,047be59ccbfa5b7c40042855c6bec8ef2a849ce95090b47c1e15252441077662,2f86d0e8c455b4f21168d0123e21d085836ed48610878f7e823e2e4fab91a878,144,13,157,1b57d9e07cd9f64037a494a83ddec34ea21726312f3a6a853dd6cfb46045f538,49,11,60,26d43b87ea0ae6f920fe3a9ec75da039399e76298245359bb66d20c6cd6988f2,1.0,376.4761904761905,1.3072089947089947,14.47985347985348,188.23809523809524,188.23809523809524,0ea27eb4063e58eed39487b8b124593954ae712e24319694829054e8c4d09cf1,xgboost__fold_05__attention__0001508a__weighted_aug__0ea27eb4063e
xgboost,XGBClassifier,6f5020a62aa64b2ba8e9eeb74b2bb836f9767f0e14b46b7d244a45e2f8dda4ec,5,0110f12e,attention,target_attention,-10,371,1800,15812,42,047be59ccbfa5b7c40042855c6bec8ef2a849ce95090b47c1e15252441077662,2f86d0e8c455b4f21168d0123e21d085836ed48610878f7e823e2e4fab91a878,62,58,120,fa3905a674cc0497c6ab28f3c1452d219fc592b724a81a160229f3f75b603dfa,132,194,326,de27c37c9a269aca55e18311f3a4b14e9c0989f38008f19c4d59acf7bd86d3aa,1.0,376.4761904761905,3.036098310291859,3.2454844006568146,188.23809523809524,188.23809523809524,311d5fb624a2bb59bd0a53cdfa3cbca482bcac65640de6535bf22bf2fa5efc99,xgboost__fold_05__attention__0110f12e__weighted_aug__311d5fb624a2
xgboost,XGBClassifier,6f5020a62aa64b2ba8e9eeb74b2bb836f9767f0e14b46b7d244a45e2f8dda4ec,5,0182e16c,attention,target_attention,-10,371,1800,15812,42,047be59ccbfa5b7c40042855c6bec8ef2a849ce95090b47c1e15252441077662,2f86d0e8c455b4f21168d0123e21d085836ed48610878f7e823e2e4fab91a878,110,13,123,a836df24b3ba4cd75119f96709fcb6259ba71e9a4bc726e4f1b594802b641a69,150,111,261,6f919459db5382b81772edda72e8a1ed908d59b7a87e4c13811af2f9c521d7a5,1.0,376.4761904761905,1.7112554112554113,14.47985347985348,188.23809523809524,188.23809523809524,cf0e6d141fd875040c3d4e90d6d00c138bef3c527745a60ece05946f906c4ffe,xgboost__fold_05__attention__0182e16c__weighted_aug__cf0e6d141fd8
xgboost,XGBClassifier,6f5020a62aa64b2ba8e9eeb74b2bb836f9767f0e14b46b7d244a45e2f8dda4ec,5,2182c1cd,attention,target_attention,-10,371,1800,15812,42,047be59ccbfa5b7c40042855c6bec8ef2a849ce95090b47c1e15252441077662,2f86d0e8c455b4f21168d0123e21d085836ed48610878f7e823e2e4fab91a878,59,79,138,959516a29d08315e9793261326e4335b7af1eebceb46a4eb985b84195b8e33f2,94,65,159,b61b92a7ad08aff171493e66df0cb767cc3c794da75a756e7f200637178ab325,1.0,376.4761904761905,3.1904761904761907,2.3827606992163957,188.23809523809524,188.23809523809527,92549f3aedc7082e4e95ab80ff32d6936d5ccc033437bd87893aa9530c049328,xgboost__fold_05__attention__2182c1cd__weighted_aug__92549f3aedc7
xgboost,XGBClassifier,6f5020a62aa64b2ba8e9eeb74b2bb836f9767f0e14b46b7d244a45e2f8dda4ec,5,219060fa,attention,target_attention,-10,371,1800,15812,42,047be59ccbfa5b7c40042855c6bec8ef2a849ce95090b47c1e15252441077662,2f86d0e8c455b4f21168d0123e21d085836ed48610878f7e823e2e4fab91a878,49,46,95,e257166e6900ff0fdcf1e2c80f7aa218d77c040f3ec5837046eb7948136f2853,95,107,202,9424d93ce8f8119a77ef7179f6a3badbb9796bbf90e9da7df9c4148694dbbcee,1.0,376.4761904761905,3.8415937803692906,4.092132505175983,188.23809523809524,188.2380952380952,078287f79d6f7f95021476504fca70cc2306fbc07aa1632e06bc0c9cd9639241,xgboost__fold_05__attention__219060fa__weighted_aug__078287f79d6f
xgboost,XGBClassifier,6f5020a62aa64b2ba8e9eeb74b2bb836f9767f0e14b46b7d244a45e2f8dda4ec,5,71e10186,attention,target_attention,-10,371,1800,15812,42,047be59ccbfa5b7c40042855c6bec8ef2a849ce95090b47c1e15252441077662,2f86d0e8c455b4f21168d0123e21d085836ed48610878f7e823e2e4fab91a878,15,48,63,10f15b1d7c4a26e9d6c96425950b6386e9b6d7b7d87d37e0c4e658fe5ba8983a,185,251,436,36d3d0ed6f708739c5e744fa82ed69d1f2d06e60621af4636d542b9db36149b5,1.0,376.4761904761905,12.549206349206349,3.921626984126984,188.23809523809524,188.23809523809524,767b3d2991fe7593581544d43e723b7ade65e801c7f5d0ef8b3f04d8f8a28830,xgboost__fold_05__attention__71e10186__weighted_aug__767b3d2991fe
xgboost,XGBClassifier,6f5020a62aa64b2ba8e9eeb74b2bb836f9767f0e14b46b7d244a45e2f8dda4ec,5,8191f1d9,attention,target_attention,-10,371,1800,15812,42,047be59ccbfa5b7c40042855c6bec8ef2a849ce95090b47c1e15252441077662,2f86d0e8c455b4f21168d0123e21d085836ed48610878f7e823e2e4fab91a878,58,19,77,8929172f475ab7d625c8f54a46842637296123a42c2c54f8b7ca5b454451637b,94,337,431,33d4e3638a3dab0d04624a4ae5b8823cabbc1b38c497e63483e6a1632c682482,1.0,376.4761904761905,3.2454844006568146,9.907268170426065,188.23809523809524,188.23809523809524,9b55446d06abd4d02a4cad710f1cda51f89a743fb2a2230c6d2ddce806d74e5f,xgboost__fold_05__attention__8191f1d9__weighted_aug__9b55446d06ab
xgboost,XGBClassifier,6f5020a62aa64b2ba8e9eeb74b2bb836f9767f0e14b46b7d244a45e2f8dda4ec,5,c1a150b1,attention,target_attention,-10,371,1800,15812,42,047be59ccbfa5b7c40042855c6bec8ef2a849ce95090b47c1e15252441077662,2f86d0e8c455b4f21168d0123e21d085836ed48610878f7e823e2e4fab91a878,18,95,113,9a4a0e7fd50e4af6958d171b19861dec2a33b435b8277513523c1fac05660fe7,142,182,324,64c62c63afcbd91f0d016205c4388f2799cee00cc0b09aadce06778ca5ba7915,1.0,376.4761904761905,10.457671957671957,1.9814536340852131,188.23809523809524,188.23809523809524,712c3668c257d15894160f37a2fddb03f9d853782d04a5d3dd7b23de7a272ba2,xgboost__fold_05__attention__c1a150b1__weighted_aug__712c3668c257
xgboost,XGBClassifier,6f5020a62aa64b2ba8e9eeb74b2bb836f9767f0e14b46b7d244a45e2f8dda4ec,5,f121f1e0,attention,target_attention,-10,371,1800,15812,42,047be59ccbfa5b7c40042855c6bec8ef2a849ce95090b47c1e15252441077662,2f86d0e8c455b4f21168d0123e21d085836ed48610878f7e823e2e4fab91a878,58,26,84,1aa1ea3638c612d804c310be7a884c6945e61c5c9bade2e793c34c7322dc2ff8,122,219,341,d35f252be9c6dce0e5778c32968ca756253e975042d91193f0d747a252a1adfb,1.0,376.4761904761905,3.2454844006568146,7.23992673992674,188.23809523809524,188.23809523809524,47c494a6e820d084598279eebb531ebdf714d2bf42999790d76b1812e45adc4a,xgboost__fold_05__attention__f121f1e0__weighted_aug__47c494a6e820
xgboost,XGBClassifier,6f5020a62aa64b2ba8e9eeb74b2bb836f9767f0e14b46b7d244a45e2f8dda4ec,5,0001508a,engagement,target_engagement,-10,371,1800,16528,42,346f7b7e7729a5185038ff24672d882799d06a3b9532a846a0a88d310ca16a04,fd819c1414dbc4a71c004ee2f223fde45d23c5e1a929dfb308519bdd81be5cc8,76,42,118,59929916f058a93bdf724d3ee735352e43ff838da92b66957c5bd758078fc036,34,68,102,fcce3680fa7beb162dc83d583f5ec4062fb67da959d3903be556c50bcbe44a85,1.0,393.5238095238095,2.588972431077694,4.684807256235827,196.76190476190476,196.76190476190476,5fefc5bf07b0cbac554c48e0cd1312e82059101653d67bc5667851390a3db666,xgboost__fold_05__engagement__0001508a__weighted_aug__5fefc5bf07b0
xgboost,XGBClassifier,6f5020a62aa64b2ba8e9eeb74b2bb836f9767f0e14b46b7d244a45e2f8dda4ec,5,0110f12e,engagement,target_engagement,-10,371,1800,16528,42,346f7b7e7729a5185038ff24672d882799d06a3b9532a846a0a88d310ca16a04,fd819c1414dbc4a71c004ee2f223fde45d23c5e1a929dfb308519bdd81be5cc8,57,61,118,51b167d4c53dfa36c80495d540f3730965bdc4f95875840911729966bdde9913,143,190,333,2a1ea53c775c18dc4b8bd55c1828be144e891962ee6a5d557783405fcb989bba,1.0,393.5238095238095,3.4519632414369257,3.2256049960967994,196.76190476190476,196.76190476190476,8bb46eb2dbc6694b7b71f782c095ef7efd85ad3e5a64e1c13d6d862d6a93999f,xgboost__fold_05__engagement__0110f12e__weighted_aug__8bb46eb2dbc6
xgboost,XGBClassifier,6f5020a62aa64b2ba8e9eeb74b2bb836f9767f0e14b46b7d244a45e2f8dda4ec,5,0182e16c,engagement,target_engagement,-10,371,1800,16528,42,346f7b7e7729a5185038ff24672d882799d06a3b9532a846a0a88d310ca16a04,fd819c1414dbc4a71c004ee2f223fde45d23c5e1a929dfb308519bdd81be5cc8,33,72,105,cbbe197a64adabebf5403224e468ef47d0bb08abf86163249ff45974f01e205b,86,164,250,4e829c341107560176f571e9d8e23fbf22c595410c2b7d891e19bde13d5a8eaf,1.0,393.5238095238095,5.962481962481962,2.7328042328042326,196.76190476190476,196.76190476190476,111c7e7d7215f4209e52afd6f19401242e90555af50277ac26beaa7d43bfffa7,xgboost__fold_05__engagement__0182e16c__weighted_aug__111c7e7d7215
xgboost,XGBClassifier,6f5020a62aa64b2ba8e9eeb74b2bb836f9767f0e14b46b7d244a45e2f8dda4ec,5,2182c1cd,engagement,target_engagement,-10,371,1800,16528,42,346f7b7e7729a5185038ff24672d882799d06a3b9532a846a0a88d310ca16a04,fd819c1414dbc4a71c004ee2f223fde45d23c5e1a929dfb308519bdd81be5cc8,78,50,128,28152137f3428a57beb4c468c45c5bbba24e7ceae6fde858b0025b85ff31adb3,89,77,166,8768395083ceedc21bd6c15154336d7cdd2da40cc337b3ed7f185e9e1e2373e6,1.0,393.5238095238095,2.5225885225885225,3.935238095238095,196.76190476190476,196.76190476190476,0bbd00544f8b0fa435d843908dededd28dc182a0ca40050c85033b9dcbdd8b17,xgboost__fold_05__engagement__2182c1cd__weighted_aug__0bbd00544f8b
xgboost,XGBClassifier,6f5020a62aa64b2ba8e9eeb74b2bb836f9767f0e14b46b7d244a45e2f8dda4ec,5,219060fa,engagement,target_engagement,-10,371,1800,16528,42,346f7b7e7729a5185038ff24672d882799d06a3b9532a846a0a88d310ca16a04,fd819c1414dbc4a71c004ee2f223fde45d23c5e1a929dfb308519bdd81be5cc8,86,46,132,3edc5d1ef29349e5bcb0ddb86ff141169289180db5b7430b3404006e7ad4878e,134,84,218,9ad8806d75ce61d4c1a769240d565fb9e1be151e74c4fc6743016fdabcb4a7fb,1.0,393.5238095238095,2.2879291251384273,4.277432712215321,196.76190476190476,196.76190476190476,0aac99427944b76c1d26055f18b2ef9e1895cee5c2928354c54677855f806826,xgboost__fold_05__engagement__219060fa__weighted_aug__0aac99427944
xgboost,XGBClassifier,6f5020a62aa64b2ba8e9eeb74b2bb836f9767f0e14b46b7d244a45e2f8dda4ec,5,8191f1d9,engagement,target_engagement,-10,371,1800,16528,42,346f7b7e7729a5185038ff24672d882799d06a3b9532a846a0a88d310ca16a04,fd819c1414dbc4a71c004ee2f223fde45d23c5e1a929dfb308519bdd81be5cc8,13,97,110,949c89822162160520f836799b710b615acd10bafb849fca8be8afa65854e01f,490,23,513,4e471f685c421c8f5f228c83cb601ac1b1acb50313bead70a1edf37a7dc073ee,1.0,393.5238095238095,15.135531135531135,2.0284732449680902,196.76190476190476,196.76190476190476,cca40c362c1b426c68f713e6ed733d053688a98ca963c0e0723d68e91a82188a,xgboost__fold_05__engagement__8191f1d9__weighted_aug__cca40c362c1b
xgboost,XGBClassifier,6f5020a62aa64b2ba8e9eeb74b2bb836f9767f0e14b46b7d244a45e2f8dda4ec,5,81e150c1,engagement,target_engagement,-10,371,1800,16528,42,346f7b7e7729a5185038ff24672d882799d06a3b9532a846a0a88d310ca16a04,fd819c1414dbc4a71c004ee2f223fde45d23c5e1a929dfb308519bdd81be5cc8,11,86,97,711e8c0ef95c546e313f5a74dd17b1ecc733b4bd337254e2f4491e56f8219902,72,171,243,b9b21e1f06cea130f669aa583ab532190e4b40e20775591068c52b1645dc6d66,1.0,393.5238095238095,17.88744588744589,2.2879291251384273,196.7619047619048,196.76190476190476,366bea3f83efa9ae8ec8986cfdab2be5f80595bc21580825a92111dd85e1ea9c,xgboost__fold_05__engagement__81e150c1__weighted_aug__366bea3f83ef
xgboost,XGBClassifier,6f5020a62aa64b2ba8e9eeb74b2bb836f9767f0e14b46b7d244a45e2f8dda4ec,5,c1a150b1,engagement,target_engagement,-10,371,1800,16528,42,346f7b7e7729a5185038ff24672d882799d06a3b9532a846a0a88d310ca16a04,fd819c1414dbc4a71c004ee2f223fde45d23c5e1a929dfb308519bdd81be5cc8,73,44,117,7cac027bf10572d6e23ab09e8c5640c7d09bc1645aacede8d4c638ed365d2fa2,78,251,329,8f557d984488b50ddfc0c4200e79b56c50140033a49eab39337e11804e51d355,1.0,393.5238095238095,2.695368558382257,4.471861471861472,196.76190476190476,196.7619047619048,a668ed0f375379d17260d502503bfb77de6dfcfc896f95285bdf1026244e1d9f,xgboost__fold_05__engagement__c1a150b1__weighted_aug__a668ed0f3753
xgboost,XGBClassifier,6f5020a62aa64b2ba8e9eeb74b2bb836f9767f0e14b46b7d244a45e2f8dda4ec,5,0001508a,excitement,target_excitement,-10,371,1800,16537,43,c4809372afeffc8c0ab08e218557e903e3bed3671b35dcd9b17b3e80ec3e1e4c,e83502bfb241187a15bbe01f2a2df8a2dcfd119976c2c47635b1515b95a004a5,56,40,96,42f5af785ec8a9b4a7bba8fcd5ab58c001f265fd4337487f9912edd7d00209eb,27,47,74,0b094782358b6530b924f0b10adf1a6bcddcfd8c6bdb0f644b7b03bd4165ee99,1.0,384.5813953488372,3.4337624584717608,4.807267441860465,192.2906976744186,192.2906976744186,d722f073db1e56c4f9025f5052a84acc0cba8f9c65180f898d987a6c7c09d629,xgboost__fold_05__excitement__0001508a__weighted_aug__d722f073db1e
xgboost,XGBClassifier,6f5020a62aa64b2ba8e9eeb74b2bb836f9767f0e14b46b7d244a45e2f8dda4ec,5,0110f12e,excitement,target_excitement,-10,371,1800,16537,43,c4809372afeffc8c0ab08e218557e903e3bed3671b35dcd9b17b3e80ec3e1e4c,e83502bfb241187a15bbe01f2a2df8a2dcfd119976c2c47635b1515b95a004a5,60,44,104,9b5f3acd836a2e94bc49861c4ed45c12153754129b904165c78d5a33676227ea,146,162,308,4a1ee735f5a95e473f34f5ab4268a0850097486c5bc8da107ee303c756a267a7,1.0,384.5813953488372,3.20484496124031,4.370243128964059,192.2906976744186,192.2906976744186,5c3c46c3e609054bcb8f117c9416bcc526ed82cf903a225de1ee5733f22609f3,xgboost__fold_05__excitement__0110f12e__weighted_aug__5c3c46c3e609
xgboost,XGBClassifier,6f5020a62aa64b2ba8e9eeb74b2bb836f9767f0e14b46b7d244a45e2f8dda4ec,5,2182c1cd,excitement,target_excitement,-10,371,1800,16537,43,c4809372afeffc8c0ab08e218557e903e3bed3671b35dcd9b17b3e80ec3e1e4c,e83502bfb241187a15bbe01f2a2df8a2dcfd119976c2c47635b1515b95a004a5,40,115,155,a78c451259f9c34823659bf72f02373062fa24f4b98efe93881f7b8ca43ac206,66,118,184,b7feb518535afb27c88cf394665733240e2cf0e3a7271899ce2ccce19e70fd89,1.0,384.5813953488372,4.807267441860465,1.6720930232558138,192.2906976744186,192.2906976744186,5182978b8d0b681ef2bfa9b11af4c7fb81cfde0180bfc9254a277793e6467d48,xgboost__fold_05__excitement__2182c1cd__weighted_aug__5182978b8d0b
xgboost,XGBClassifier,6f5020a62aa64b2ba8e9eeb74b2bb836f9767f0e14b46b7d244a45e2f8dda4ec,5,219060fa,excitement,target_excitement,-10,371,1800,16537,43,c4809372afeffc8c0ab08e218557e903e3bed3671b35dcd9b17b3e80ec3e1e4c,e83502bfb241187a15bbe01f2a2df8a2dcfd119976c2c47635b1515b95a004a5,29,53,82,7536b7e20b6f5fcc90e4740b8e537048a0ee1fd6e1f1bdd0213ba973c92f73a8,63,159,222,47682a48d9fc3e1811e08e035b95882aa329f0ca140b8c7c5b5ee8bc5a603572,1.0,384.5813953488372,6.630713712910986,3.628126371215445,192.2906976744186,192.2906976744186,055e23b984d709c828e3685bae1cbda2c9a45651d505ef9c95803bea4a18d6af,xgboost__fold_05__excitement__219060fa__weighted_aug__055e23b984d7
xgboost,XGBClassifier,6f5020a62aa64b2ba8e9eeb74b2bb836f9767f0e14b46b7d244a45e2f8dda4ec,5,71e10186,excitement,target_excitement,-10,371,1800,16537,43,c4809372afeffc8c0ab08e218557e903e3bed3671b35dcd9b17b3e80ec3e1e4c,e83502bfb241187a15bbe01f2a2df8a2dcfd119976c2c47635b1515b95a004a5,34,57,91,fd6240f35aa909bf63cdc05351807224c4f31e4c52e01ea1a9f99fee6afbd1a5,181,244,425,16ce358ce1494c52ad85bde7e41f6ff7d8c904d64f4b8c46a5ce1fb53051b587,1.0,384.5813953488372,5.6556087551299585,3.373521011831905,192.2906976744186,192.2906976744186,c952a62dd02cd9148ef64c8fe4ceaad04167e16563f2f088b4f746b507c1bd42,xgboost__fold_05__excitement__71e10186__weighted_aug__c952a62dd02c
xgboost,XGBClassifier,6f5020a62aa64b2ba8e9eeb74b2bb836f9767f0e14b46b7d244a45e2f8dda4ec,5,8191f1d9,excitement,target_excitement,-10,371,1800,16537,43,c4809372afeffc8c0ab08e218557e903e3bed3671b35dcd9b17b3e80ec3e1e4c,e83502bfb241187a15bbe01f2a2df8a2dcfd119976c2c47635b1515b95a004a5,17,91,108,eeedad7e6bb0fc6a423b528e851bccbadd6d993ee0bf5133dfc2c16df5076372,215,224,439,c25903cf3f166704e486ca4d88271b56382ad84acfd8c26cb481102ac457cd3a,1.0,384.5813953488372,11.311217510259917,2.113084589828776,192.2906976744186,192.2906976744186,c25798cc91dcf265280a0833c58146726a0d370cf60387c11280eef31de13ca2,xgboost__fold_05__excitement__8191f1d9__weighted_aug__c25798cc91dc
xgboost,XGBClassifier,6f5020a62aa64b2ba8e9eeb74b2bb836f9767f0e14b46b7d244a45e2f8dda4ec,5,81e150c1,excitement,target_excitement,-10,371,1800,16537,43,c4809372afeffc8c0ab08e218557e903e3bed3671b35dcd9b17b3e80ec3e1e4c,e83502bfb241187a15bbe01f2a2df8a2dcfd119976c2c47635b1515b95a004a5,39,16,55,7c73c4b95546fab4150a8b970480815703ad5da5f2540ba3d6b3d049e7a65105,54,140,194,486d27becd25f2e329044a131c7a21faa55a44238d61f9f0333455689ef478e0,1.0,384.5813953488372,4.930530709600477,12.018168604651162,192.2906976744186,192.2906976744186,234a015c2a06a704af00853bcaec11e582f63821a491d489dcce53f38d49580e,xgboost__fold_05__excitement__81e150c1__weighted_aug__234a015c2a06
xgboost,XGBClassifier,6f5020a62aa64b2ba8e9eeb74b2bb836f9767f0e14b46b7d244a45e2f8dda4ec,5,f121f1e0,excitement,target_excitement,-10,371,1800,16537,43,c4809372afeffc8c0ab08e218557e903e3bed3671b35dcd9b17b3e80ec3e1e4c,e83502bfb241187a15bbe01f2a2df8a2dcfd119976c2c47635b1515b95a004a5,42,51,93,fabdb381bde8595663a212930b4008f7a567beae61f01f91b085908e99fe7a21,83,269,352,e99be0e3cbddc25502dd01e5b9058ea83db4c0ed515207bbf0bf5c023c01577f,1.0,384.5813953488372,4.578349944629014,3.770405836753306,192.2906976744186,192.2906976744186,601d7a31171470e1b257cfd13f1884176f679ea067a51bb3b8346eae9782a5ad,xgboost__fold_05__excitement__f121f1e0__weighted_aug__601d7a311714
xgboost,XGBClassifier,6f5020a62aa64b2ba8e9eeb74b2bb836f9767f0e14b46b7d244a45e2f8dda4ec,5,0001508a,focus,target_focus,-10,371,1800,16541,43,a5d17c5668a7a564616395987307aaf225e9945fa5e651416dfd56d7d9442b6a,d1251c35ecfb7ccdf7b0d7e26663f103bb7b943f31fc83ad844ddbed424760ce,99,33,132,a45ad990d45ae8f9d5616f62cb514816bb8c6b7d78a8a6922dca795b2075b055,28,32,60,a6da05ff73ab07be2c1c59108a7c70f81ec913ebe49946db8d35516772651370,1.0,384.6744186046512,1.9428000939628847,5.828400281888654,192.3372093023256,192.3372093023256,861d11854cf171e9e67638ac30e05e6e45314695af029b6cf5ade76a1de5b73f,xgboost__fold_05__focus__0001508a__weighted_aug__861d11854cf1
xgboost,XGBClassifier,6f5020a62aa64b2ba8e9eeb74b2bb836f9767f0e14b46b7d244a45e2f8dda4ec,5,0110f12e,focus,target_focus,-10,371,1800,16541,43,a5d17c5668a7a564616395987307aaf225e9945fa5e651416dfd56d7d9442b6a,d1251c35ecfb7ccdf7b0d7e26663f103bb7b943f31fc83ad844ddbed424760ce,31,42,73,b8f802bd4199e38568a1d44550c214fa5d56e7b9b5e33f298f50aec4709e718c,188,125,313,d730937c1aa6916184c21b9f44ba81aa0a827946bc0caa11865e86704f20d75f,1.0,384.6744186046512,6.204426106526632,4.579457364341086,192.3372093023256,192.33720930232562,ec09af83f30ed048b2716079b44db3d42544c95354f07ac891ec5e69796f0a93,xgboost__fold_05__focus__0110f12e__weighted_aug__ec09af83f30e
xgboost,XGBClassifier,6f5020a62aa64b2ba8e9eeb74b2bb836f9767f0e14b46b7d244a45e2f8dda4ec,5,0182e16c,focus,target_focus,-10,371,1800,16541,43,a5d17c5668a7a564616395987307aaf225e9945fa5e651416dfd56d7d9442b6a,d1251c35ecfb7ccdf7b0d7e26663f103bb7b943f31fc83ad844ddbed424760ce,88,19,107,80c841daa73c9a462115fca5069e89448a497b48f29f3d11d00d45c49c30f0ff,191,53,244,0868f0ee774bff248aa97501d3bbe13a6f8ef3a0059cc4315117e7297a3dd0de,1.0,384.6744186046512,2.185650105708245,10.123011015911873,192.33720930232556,192.3372093023256,6745f9340b6950e7eca30b8396aae7b14feb686d7c0838e85fbe90bfca3f8c90,xgboost__fold_05__focus__0182e16c__weighted_aug__6745f9340b69
xgboost,XGBClassifier,6f5020a62aa64b2ba8e9eeb74b2bb836f9767f0e14b46b7d244a45e2f8dda4ec,5,2182c1cd,focus,target_focus,-10,371,1800,16541,43,a5d17c5668a7a564616395987307aaf225e9945fa5e651416dfd56d7d9442b6a,d1251c35ecfb7ccdf7b0d7e26663f103bb7b943f31fc83ad844ddbed424760ce,35,116,151,22a27c223b4f7603b099c0d2d877b7aba6ee164a30006d9e6c3e4bbd9eaf41a8,62,106,168,15821744601d5d1651deacef09b9db92b565ce4708bd97130a149f967ea9e18d,1.0,384.6744186046512,5.495348837209303,1.6580793905372895,192.3372093023256,192.3372093023256,1903b35c7b42e25d624f6d38ec672f7926897c28c00f0fdb22401d4decf5babc,xgboost__fold_05__focus__2182c1cd__weighted_aug__1903b35c7b42
xgboost,XGBClassifier,6f5020a62aa64b2ba8e9eeb74b2bb836f9767f0e14b46b7d244a45e2f8dda4ec,5,219060fa,focus,target_focus,-10,371,1800,16541,43,a5d17c5668a7a564616395987307aaf225e9945fa5e651416dfd56d7d9442b6a,d1251c35ecfb7ccdf7b0d7e26663f103bb7b943f31fc83ad844ddbed424760ce,87,17,104,28dda53b46028c8c941e74390c4f0be73e2232aede607c50d46b6daa5b9458fa,85,107,192,7466c595a53f1a1e6ce15e6b5b70256b7c4cd18ca3842ba31a071eed7d9553b6,1.0,384.6744186046512,2.210772520716386,11.313953488372093,192.3372093023256,192.33720930232556,3b896182a697986b115176cb2559e299c20ec9e294f3b09ff223a50738d0118e,xgboost__fold_05__focus__219060fa__weighted_aug__3b896182a697
xgboost,XGBClassifier,6f5020a62aa64b2ba8e9eeb74b2bb836f9767f0e14b46b7d244a45e2f8dda4ec,5,71e10186,focus,target_focus,-10,371,1800,16541,43,a5d17c5668a7a564616395987307aaf225e9945fa5e651416dfd56d7d9442b6a,d1251c35ecfb7ccdf7b0d7e26663f103bb7b943f31fc83ad844ddbed424760ce,15,55,70,b1fa0193994e532227a8456b004ae70aa7dfe6294c8a38c5bd5e41c2347b5a52,166,253,419,250c92c8db6820c8f6670807a13255a61c0be6be0e739308a69ac0b5a7c98a00,1.0,384.6744186046512,12.822480620155039,3.4970401691331925,192.3372093023256,192.3372093023256,bc29f14e721754e427d6d5d6f3507f782a353eb52ae24f69817992e0900497d8,xgboost__fold_05__focus__71e10186__weighted_aug__bc29f14e7217
xgboost,XGBClassifier,6f5020a62aa64b2ba8e9eeb74b2bb836f9767f0e14b46b7d244a45e2f8dda4ec,5,f121f1e0,focus,target_focus,-10,371,1800,16541,43,a5d17c5668a7a564616395987307aaf225e9945fa5e651416dfd56d7d9442b6a,d1251c35ecfb7ccdf7b0d7e26663f103bb7b943f31fc83ad844ddbed424760ce,53,58,111,b3ebdc24cefcb62e133296529230299c4cc48a4ace147ada90a9c264f9afeb45,107,260,367,e29d20e0084125003338b7dfa2bf5f0b51859d2e09478cd73da99490c6674b47,1.0,384.6744186046512,3.6290039491004826,3.316158781074579,192.3372093023256,192.3372093023256,f19589230203a0eef4191351745c96f8ee7cf13084e4c1f678ef1ef044ff8254,xgboost__fold_05__focus__f121f1e0__weighted_aug__f19589230203
xgboost,XGBClassifier,6f5020a62aa64b2ba8e9eeb74b2bb836f9767f0e14b46b7d244a45e2f8dda4ec,5,0001508a,interest,target_interest,-10,371,1800,16528,43,6e396b2c20ae510b314530d23b3dd9ef1d7496266d7214d984cdf177230647e0,df1d4a9a8a978ee0e3bcd8ba820067c8fc420fd3f5f02f8d6b88fa7e63bbaac1,31,39,70,59f72242e341cdc87bb4d9fa3f4e77848b414bced3cf0b989ef3423aafe9016e,21,44,65,3147d2d7f3d401978bf693033a3839371d7a9026364d769dda1da1b696935e02,1.0,384.3720930232558,6.199549887471868,4.927847346451998,192.1860465116279,192.18604651162792,8f8de49cea7d85ac49810a57145acbe543305348d2695f21e6066fe321d1e76c,xgboost__fold_05__interest__0001508a__weighted_aug__8f8de49cea7d
xgboost,XGBClassifier,6f5020a62aa64b2ba8e9eeb74b2bb836f9767f0e14b46b7d244a45e2f8dda4ec,5,0110f12e,interest,target_interest,-10,371,1800,16528,43,6e396b2c20ae510b314530d23b3dd9ef1d7496266d7214d984cdf177230647e0,df1d4a9a8a978ee0e3bcd8ba820067c8fc420fd3f5f02f8d6b88fa7e63bbaac1,48,31,79,79b9a33181e557daeffc8d44157288fe5d07fdc5f8edd20ee4ac6a629ffd117e,87,205,292,6503ba40faff8d93881a19984721146ac4c77a4f907d9ab7c4f93d09a8ee7e18,1.0,384.3720930232558,4.003875968992248,6.199549887471868,192.18604651162792,192.1860465116279,846b4086fa584aafb051f370087a95016fd3fc09d9972f1326e2b879a1c15cff,xgboost__fold_05__interest__0110f12e__weighted_aug__846b4086fa58
xgboost,XGBClassifier,6f5020a62aa64b2ba8e9eeb74b2bb836f9767f0e14b46b7d244a45e2f8dda4ec,5,0182e16c,interest,target_interest,-10,371,1800,16528,43,6e396b2c20ae510b314530d23b3dd9ef1d7496266d7214d984cdf177230647e0,df1d4a9a8a978ee0e3bcd8ba820067c8fc420fd3f5f02f8d6b88fa7e63bbaac1,25,122,147,8887b49630a49af29645e2128617021e3cbc767c06727f894a7f64aa5ce5ca01,85,143,228,6f5d296ebce203e0e588f11be6fb911720322e60cfe4742fdab55727222aae34,1.0,384.3720930232558,7.687441860465116,1.5752954632100646,192.1860465116279,192.1860465116279,ec6c7fc000436818335418f4df01481192871c5d1c5ed259d8d779bd9d50c2c1,xgboost__fold_05__interest__0182e16c__weighted_aug__ec6c7fc00043
xgboost,XGBClassifier,6f5020a62aa64b2ba8e9eeb74b2bb836f9767f0e14b46b7d244a45e2f8dda4ec,5,2182c1cd,interest,target_interest,-10,371,1800,16528,43,6e396b2c20ae510b314530d23b3dd9ef1d7496266d7214d984cdf177230647e0,df1d4a9a8a978ee0e3bcd8ba820067c8fc420fd3f5f02f8d6b88fa7e63bbaac1,68,85,153,f5bad54e51b3c63af66a41726ae991938601a571687e3bce9cf2976b5359d04d,111,52,163,3b85025b9c5b868f98b053ea1813dd97dc66a45468a97e3106842ae9396b407f,1.0,384.3720930232558,2.826265389876881,2.2610123119015046,192.1860465116279,192.1860465116279,4563b34d4acc0b244c5f6efebb44957ce410347f4c922b97513fd4af3a3e5c24,xgboost__fold_05__interest__2182c1cd__weighted_aug__4563b34d4acc
xgboost,XGBClassifier,6f5020a62aa64b2ba8e9eeb74b2bb836f9767f0e14b46b7d244a45e2f8dda4ec,5,71e10186,interest,target_interest,-10,371,1800,16528,43,6e396b2c20ae510b314530d23b3dd9ef1d7496266d7214d984cdf177230647e0,df1d4a9a8a978ee0e3bcd8ba820067c8fc420fd3f5f02f8d6b88fa7e63bbaac1,73,21,94,72cd5b200fb0b806c5e0ae92e6c8b32a457a891ce5cdc51c4da42cf76e730c68,182,270,452,15a29d244a55d88a70e12a90e70e064d4f54db08a65fd89cb943f7e363365eac,1.0,384.3720930232558,2.632685568652437,9.151716500553709,192.1860465116279,192.1860465116279,d7977a16b4564b2d828ceec74fa389e17d17391444c9da1f8cde980ea6dd5176,xgboost__fold_05__interest__71e10186__weighted_aug__d7977a16b456
xgboost,XGBClassifier,6f5020a62aa64b2ba8e9eeb74b2bb836f9767f0e14b46b7d244a45e2f8dda4ec,5,8191f1d9,interest,target_interest,-10,371,1800,16528,43,6e396b2c20ae510b314530d23b3dd9ef1d7496266d7214d984cdf177230647e0,df1d4a9a8a978ee0e3bcd8ba820067c8fc420fd3f5f02f8d6b88fa7e63bbaac1,58,82,140,811667a955aab8c6ed419ed62897b965da7a11479b9c92481ea4856513e1369f,539,9,548,8f614b1580ad657fa73584bcaf860bcc890f957249125aa8ff4755562e48fbe9,1.0,384.3720930232558,3.31355252606255,2.3437322745320475,192.1860465116279,192.1860465116279,4f12ffbbca80e3346b8d875b2cf968d4b8af862b3b16762b77adabbf2d125845,xgboost__fold_05__interest__8191f1d9__weighted_aug__4f12ffbbca80
xgboost,XGBClassifier,6f5020a62aa64b2ba8e9eeb74b2bb836f9767f0e14b46b7d244a45e2f8dda4ec,5,f121f1e0,interest,target_interest,-10,371,1800,16528,43,6e396b2c20ae510b314530d23b3dd9ef1d7496266d7214d984cdf177230647e0,df1d4a9a8a978ee0e3bcd8ba820067c8fc420fd3f5f02f8d6b88fa7e63bbaac1,87,57,144,4d87a68cc910f9dc59e430b0dd1f3f37ea955d47949f0775b8b542dca8254112,162,280,442,be30307add2ff46f0100f87110fbdf1da62a5e04ef08853763f0baf196e26282,1.0,384.3720930232558,2.209035017375033,3.3716850265197875,192.18604651162786,192.1860465116279,2f73d55f195ddc1ea42f3d152b6a855b078a9bfeb97a6462ad7123f505423480,xgboost__fold_05__interest__f121f1e0__weighted_aug__2f73d55f195d
xgboost,XGBClassifier,6f5020a62aa64b2ba8e9eeb74b2bb836f9767f0e14b46b7d244a45e2f8dda4ec,5,0001508a,relaxation,target_relaxation,-10,371,1800,16548,43,1f6a8f73338edc08be6c918244ea7a42d13eee1132a7c5cab422880956d63d5a,a638d2bb20962ed825b35f176b1a4005a8304bfc01370b1636d6ce403b817a6a,12,91,103,9e8261ea4655fb6b6c2b8049e921fe375b020360a2279ad0785703135bffdd75,53,59,112,2e5f9dfd935773f60e9920a44c8989bf24090d1e5e160f1786142af0dbefcbd5,1.0,384.83720930232556,16.03488372093023,2.1144901610017888,192.41860465116278,192.41860465116278,2cf574c4df1fb31811c57c7c968b0cd6eb5b65d20c6f79709221fb9c825466df,xgboost__fold_05__relaxation__0001508a__weighted_aug__2cf574c4df1f
xgboost,XGBClassifier,6f5020a62aa64b2ba8e9eeb74b2bb836f9767f0e14b46b7d244a45e2f8dda4ec,5,0110f12e,relaxation,target_relaxation,-10,371,1800,16548,43,1f6a8f73338edc08be6c918244ea7a42d13eee1132a7c5cab422880956d63d5a,a638d2bb20962ed825b35f176b1a4005a8304bfc01370b1636d6ce403b817a6a,86,22,108,c63aed329ff74e692f2a69cbd3a4675541d67e0c278305153d0c2138008e4850,121,236,357,3c0f51a9cea8302ecaea698fb4dc5ffdab602ae45b99fca51cfbe573ecb238bf,1.0,384.83720930232556,2.237425635478637,8.74630021141649,192.41860465116275,192.41860465116275,b9e1b2e38fdffaa538720d98ecd6fd74656d800aafdf429ff2089b15bedd0750,xgboost__fold_05__relaxation__0110f12e__weighted_aug__b9e1b2e38fdf
xgboost,XGBClassifier,6f5020a62aa64b2ba8e9eeb74b2bb836f9767f0e14b46b7d244a45e2f8dda4ec,5,2182c1cd,relaxation,target_relaxation,-10,371,1800,16548,43,1f6a8f73338edc08be6c918244ea7a42d13eee1132a7c5cab422880956d63d5a,a638d2bb20962ed825b35f176b1a4005a8304bfc01370b1636d6ce403b817a6a,49,97,146,8d4e49d5c3a4d2dff2ed91356a99251b7a3813dedaeb8adddd92bae0f1b00ac8,83,97,180,844eb24eefa3249c04caf3efc66a5134e23cc5c11b28e9f32727d8c3667e2713,1.0,384.83720930232556,3.926910299003322,1.9836969551666266,192.41860465116278,192.41860465116278,5618c2f1907c48be990440ef4a05add2d3f1c655f7dc7d493590c641fba10464,xgboost__fold_05__relaxation__2182c1cd__weighted_aug__5618c2f1907c
xgboost,XGBClassifier,6f5020a62aa64b2ba8e9eeb74b2bb836f9767f0e14b46b7d244a45e2f8dda4ec,5,219060fa,relaxation,target_relaxation,-10,371,1800,16548,43,1f6a8f73338edc08be6c918244ea7a42d13eee1132a7c5cab422880956d63d5a,a638d2bb20962ed825b35f176b1a4005a8304bfc01370b1636d6ce403b817a6a,10,104,114,194519598448948f0314ad9339f6bf8cc421ce6020689809dffed88635495cb2,60,171,231,33a913c4fa80e2dc242d8fbd3cc03aed441a73d8fd7e4cb952b79b317923bf60,1.0,384.83720930232556,19.24186046511628,1.8501788908765653,192.41860465116278,192.41860465116278,0fe5682de8a3576ffdbeadf5d3ba2815a9dea5101c1a6911e27d212059fd8d90,xgboost__fold_05__relaxation__219060fa__weighted_aug__0fe5682de8a3
xgboost,XGBClassifier,6f5020a62aa64b2ba8e9eeb74b2bb836f9767f0e14b46b7d244a45e2f8dda4ec,5,81e150c1,relaxation,target_relaxation,-10,371,1800,16548,43,1f6a8f73338edc08be6c918244ea7a42d13eee1132a7c5cab422880956d63d5a,a638d2bb20962ed825b35f176b1a4005a8304bfc01370b1636d6ce403b817a6a,43,28,71,818919767ee2cb24d149631252e2de885c2f5147dd0029254949eb95e11831fc,57,212,269,ebc736f4f73724f507f0b6de3a2e4104a7df35ce492e2ad25aeb4f2cf3f1fdc3,1.0,384.83720930232556,4.474851270957274,6.872093023255814,192.41860465116275,192.41860465116278,ff4b088086f4dd0e7b8834d4c441d6c9a1f2cd1aa8c7e23e288a48a75705998d,xgboost__fold_05__relaxation__81e150c1__weighted_aug__ff4b088086f4
xgboost,XGBClassifier,6f5020a62aa64b2ba8e9eeb74b2bb836f9767f0e14b46b7d244a45e2f8dda4ec,5,c1a150b1,relaxation,target_relaxation,-10,371,1800,16548,43,1f6a8f73338edc08be6c918244ea7a42d13eee1132a7c5cab422880956d63d5a,a638d2bb20962ed825b35f176b1a4005a8304bfc01370b1636d6ce403b817a6a,109,21,130,5f9e3240a167470daa4dcdd9eb78543037a4f6cd994b2cb38801d47b5419a57a,211,97,308,5da8bf7162e8c77122c6ceace4588a8b9a7944d025c2dc5759e2696e700daf59,1.0,384.83720930232556,1.765308299551952,9.162790697674419,192.41860465116278,192.4186046511628,524c9fab8b6c3ca74a40c84271e89e7b75989557cf613aae73912a96b517e2c2,xgboost__fold_05__relaxation__c1a150b1__weighted_aug__524c9fab8b6c
xgboost,XGBClassifier,6f5020a62aa64b2ba8e9eeb74b2bb836f9767f0e14b46b7d244a45e2f8dda4ec,5,f121f1e0,relaxation,target_relaxation,-10,371,1800,16548,43,1f6a8f73338edc08be6c918244ea7a42d13eee1132a7c5cab422880956d63d5a,a638d2bb20962ed825b35f176b1a4005a8304bfc01370b1636d6ce403b817a6a,16,27,43,603832e858beac9ba568fe521aa56d43091e41f2a548e97e0fa85dbcefd48bf7,195,173,368,3f106aa75063d6d5ac2a438a56364eb58e3a1a2e9a60119105c4e974ac847f2b,1.0,384.83720930232556,12.026162790697674,7.126614987080103,192.41860465116278,192.41860465116278,50567bb1eef79df00170f5fdda808743fdf34209a9c141d1ecf62ea11904c4b9,xgboost__fold_05__relaxation__f121f1e0__weighted_aug__50567bb1eef7
xgboost,XGBClassifier,6f5020a62aa64b2ba8e9eeb74b2bb836f9767f0e14b46b7d244a45e2f8dda4ec,5,0001508a,stress,target_stress,-10,371,1800,16523,43,5598d9b428cc8d2daffd3a09ae72357ec7e9584093626d817f11e57cc0f076c5,f830184ed4091f7c1893003e91eb518737ed15e8b5f007bf46bf30fa7cf23cdb,44,87,131,2fe00ef6b49cf993ff03ac83fe4bcb2fa9d5cff38a7f30b1851e6a2a2be81a9b,67,39,106,c7e60c6b6d43fb1a622b52f710061ff2c921677cb01688ed0de749dd9f0a5b98,1.0,384.25581395348837,4.36654334038055,2.2083667468591286,192.12790697674419,192.12790697674419,d56b1753733d59cf569b8015bf1023fc0e7133e3c55e75b17552af1b74fba722,xgboost__fold_05__stress__0001508a__weighted_aug__d56b1753733d
xgboost,XGBClassifier,6f5020a62aa64b2ba8e9eeb74b2bb836f9767f0e14b46b7d244a45e2f8dda4ec,5,0110f12e,stress,target_stress,-10,371,1800,16523,43,5598d9b428cc8d2daffd3a09ae72357ec7e9584093626d817f11e57cc0f076c5,f830184ed4091f7c1893003e91eb518737ed15e8b5f007bf46bf30fa7cf23cdb,88,33,121,69ff61828e4ccdf456ea8762a140415ca425f16230500f23d9831bef3ea9c899,173,196,369,78cc4de0249588d36844785f653a8a3da27154ecfdc2009b8cf6d6829464882a,1.0,384.25581395348837,2.183271670190275,5.822057787174066,192.12790697674419,192.12790697674419,66691bf17c128e4f2b2bd4be496e10bfe5a289dd1c46607285a628e05f0caea2,xgboost__fold_05__stress__0110f12e__weighted_aug__66691bf17c12
xgboost,XGBClassifier,6f5020a62aa64b2ba8e9eeb74b2bb836f9767f0e14b46b7d244a45e2f8dda4ec,5,0182e16c,stress,target_stress,-10,371,1800,16523,43,5598d9b428cc8d2daffd3a09ae72357ec7e9584093626d817f11e57cc0f076c5,f830184ed4091f7c1893003e91eb518737ed15e8b5f007bf46bf30fa7cf23cdb,57,98,155,0fb9b957c194998642d6cb6b52227aae5301328fbb57012f6405361dc468b14d,69,118,187,7a856be0c433dc6436037d0f02ddb4da3e4dd433db80bfff210c6cd5186c5238,1.0,384.25581395348837,3.3706650346797224,1.9604888467014714,192.12790697674419,192.12790697674419,1c5131b7af03220c5b130d38cc5aa73172d5e3b69a06f58a3f7b9c5f1132070c,xgboost__fold_05__stress__0182e16c__weighted_aug__1c5131b7af03
xgboost,XGBClassifier,6f5020a62aa64b2ba8e9eeb74b2bb836f9767f0e14b46b7d244a45e2f8dda4ec,5,2182c1cd,stress,target_stress,-10,371,1800,16523,43,5598d9b428cc8d2daffd3a09ae72357ec7e9584093626d817f11e57cc0f076c5,f830184ed4091f7c1893003e91eb518737ed15e8b5f007bf46bf30fa7cf23cdb,87,73,160,3e6215cc3e88ba913997880b9ec733da83cd55a8a4dfef0f2dba8b11b44eb5cf,155,59,214,6f008db1a969690387a20a7f606ba4edfdb17b0b1f16816e5def16fe96cb0c76,1.0,384.25581395348837,2.2083667468591286,2.6318891366677284,192.12790697674419,192.12790697674419,a445097fa0d2a37adc484b026fb191799081b1cd306f2ac1e717ca2a6664bd84,xgboost__fold_05__stress__2182c1cd__weighted_aug__a445097fa0d2
xgboost,XGBClassifier,6f5020a62aa64b2ba8e9eeb74b2bb836f9767f0e14b46b7d244a45e2f8dda4ec,5,71e10186,stress,target_stress,-10,371,1800,16523,43,5598d9b428cc8d2daffd3a09ae72357ec7e9584093626d817f11e57cc0f076c5,f830184ed4091f7c1893003e91eb518737ed15e8b5f007bf46bf30fa7cf23cdb,99,27,126,c8c76d86429192cb6637038231d8891a72b41087e5ace871abb7c8d307606f1c,186,339,525,b69248164026cc699f21c0bf76f7e5e8fba079399a19a4efe7ef7f76ae1b17ec,1.0,384.25581395348837,1.940685929058022,7.115848406546081,192.12790697674419,192.12790697674419,3b35d4e35d10682627164efdee5334ae7e420498f2c79e593ea4f1bf77971eb5,xgboost__fold_05__stress__71e10186__weighted_aug__3b35d4e35d10
xgboost,XGBClassifier,6f5020a62aa64b2ba8e9eeb74b2bb836f9767f0e14b46b7d244a45e2f8dda4ec,5,8191f1d9,stress,target_stress,-10,371,1800,16523,43,5598d9b428cc8d2daffd3a09ae72357ec7e9584093626d817f11e57cc0f076c5,f830184ed4091f7c1893003e91eb518737ed15e8b5f007bf46bf30fa7cf23cdb,112,36,148,ad338d1ce5b7a5d6e5352403f6d41e3172ee4e83439a2179536548e023edcae3,327,171,498,41abc9a941ba8a76dd995cd9a2d605ed079d4e019262f713e3b6e20ee4392c22,1.0,384.25581395348837,1.7154277408637875,5.3368863049095605,192.12790697674419,192.12790697674419,5ca3f144542fdd740cfb196c2d7e5215ec57bc54ab9d5a8f8b67163371175968,xgboost__fold_05__stress__8191f1d9__weighted_aug__5ca3f144542f
xgboost,XGBClassifier,6f5020a62aa64b2ba8e9eeb74b2bb836f9767f0e14b46b7d244a45e2f8dda4ec,5,81e150c1,stress,target_stress,-10,371,1800,16523,43,5598d9b428cc8d2daffd3a09ae72357ec7e9584093626d817f11e57cc0f076c5,f830184ed4091f7c1893003e91eb518737ed15e8b5f007bf46bf30fa7cf23cdb,63,25,88,9f6a3767bcfd9ca9b9f24d52914bdc43b034857398699573cd27b6f7fdb1cc7b,90,139,229,feb5adc6cae899411787e172db2ccf4119c0d3474a03028abec528e12a8ee5c2,1.0,384.25581395348837,3.0496493170911774,7.685116279069767,192.12790697674419,192.12790697674419,f0fab10d9716317cc339a1b7d4d7bc961fa337d9addbac4934915c64aa9373eb,xgboost__fold_05__stress__81e150c1__weighted_aug__f0fab10d9716
xgboost,XGBClassifier,6f5020a62aa64b2ba8e9eeb74b2bb836f9767f0e14b46b7d244a45e2f8dda4ec,5,f121f1e0,stress,target_stress,-10,371,1800,16523,43,5598d9b428cc8d2daffd3a09ae72357ec7e9584093626d817f11e57cc0f076c5,f830184ed4091f7c1893003e91eb518737ed15e8b5f007bf46bf30fa7cf23cdb,76,83,159,8aa763ff5737343beaf96faa2e105d8db0461bc15cb0c750aaae281de143f7a2,309,157,466,b6f0c1d8fedd2c58a8a920caf3f97d7c3e7ba423b13218c1e233d7d556ae43f4,1.0,384.25581395348837,2.5279987760097917,2.3147940599607733,192.12790697674416,192.12790697674419,15e1f725dc75c0db6e6101e31b85f7a13724aa35ca74e5c1e6dabe1975729635,xgboost__fold_05__stress__f121f1e0__weighted_aug__15e1f725dc75
lightgbm,LGBMClassifier,6f5020a62aa64b2ba8e9eeb74b2bb836f9767f0e14b46b7d244a45e2f8dda4ec,1,30c140ca,attention,target_attention,-10,371,1800,15241,42,ac837e636c0af28f8f72f207807d0e14cc379ae7c862995d0eb12a18fdab8cd7,40889ed77c7a49254028614aa69c424c2355cbd1baaed50dc47082b1864510f7,32,78,110,c344df237720b07711148a11076d3a7ab363447c60174d20aa0789119841951b,91,79,170,0ed5d7f4e8a953676baa957772b489cb853eb8b7b0ec115ea26058c02c844b9d,1.0,362.8809523809524,5.670014880952381,2.3261599511599513,181.4404761904762,181.4404761904762,12258582d4aebb6c03da92473cab72df4ba1c15a6511250503da1c59757326a2,lightgbm__fold_01__attention__30c140ca__weighted_aug__12258582d4ae
lightgbm,LGBMClassifier,6f5020a62aa64b2ba8e9eeb74b2bb836f9767f0e14b46b7d244a45e2f8dda4ec,1,7150e10a,attention,target_attention,-10,371,1800,15241,42,ac837e636c0af28f8f72f207807d0e14cc379ae7c862995d0eb12a18fdab8cd7,40889ed77c7a49254028614aa69c424c2355cbd1baaed50dc47082b1864510f7,43,45,88,d6c594ed5b89935437f8e45b9bab45dc2b7b3560116ba45babda686c1902417e,174,293,467,61ecb55c21d1173067e59adf8f90702ba8c49572611592a6257797d408311185,1.0,362.8809523809524,4.219545957918052,4.0320105820105825,181.44047619047623,181.4404761904762,ac3d28c60793e23f470a56bb2bce544316173ebaf55a90d5ae4a046f8469717b,lightgbm__fold_01__attention__7150e10a__weighted_aug__ac3d28c60793
lightgbm,LGBMClassifier,6f5020a62aa64b2ba8e9eeb74b2bb836f9767f0e14b46b7d244a45e2f8dda4ec,1,71f0603f,attention,target_attention,-10,371,1800,15241,42,ac837e636c0af28f8f72f207807d0e14cc379ae7c862995d0eb12a18fdab8cd7,40889ed77c7a49254028614aa69c424c2355cbd1baaed50dc47082b1864510f7,81,19,100,018ad479ab5ce63023727c41fe4ac4f8b0ecf182bb79d1b73f3d709b1611b05e,228,305,533,595ed4334245853a6b5b381c05dd115a0859ce688496b5a07eacb19f52a08d68,1.0,362.8809523809524,2.240005878894768,9.549498746867169,181.4404761904762,181.4404761904762,b49534a6f2987e3a022e8e1b9a95fe0a2664e40059ba1a475325c79553c6647d,lightgbm__fold_01__attention__71f0603f__weighted_aug__b49534a6f298
lightgbm,LGBMClassifier,6f5020a62aa64b2ba8e9eeb74b2bb836f9767f0e14b46b7d244a45e2f8dda4ec,1,81f1f0fe,attention,target_attention,-10,371,1800,15241,42,ac837e636c0af28f8f72f207807d0e14cc379ae7c862995d0eb12a18fdab8cd7,40889ed77c7a49254028614aa69c424c2355cbd1baaed50dc47082b1864510f7,51,37,88,188f38af9f06499190444d1e4e23540b648995531afa68869691f40ea48e57f3,147,138,285,2c156a20756451143c44d5935b34082b6e4d0b9918f64717ce6446d39ab32810,1.0,362.8809523809524,3.5576563958916902,4.903796653796654,181.4404761904762,181.4404761904762,27a948927c4fbbc3d02ec84b8a8d507e42b8abadaa7e10983d816bb253b0b32b,lightgbm__fold_01__attention__81f1f0fe__weighted_aug__27a948927c4f
lightgbm,LGBMClassifier,6f5020a62aa64b2ba8e9eeb74b2bb836f9767f0e14b46b7d244a45e2f8dda4ec,1,c060c06a,attention,target_attention,-10,371,1800,15241,42,ac837e636c0af28f8f72f207807d0e14cc379ae7c862995d0eb12a18fdab8cd7,40889ed77c7a49254028614aa69c424c2355cbd1baaed50dc47082b1864510f7,52,49,101,c4bcf29f55303e48e0df9c2c0649f412396d88e34f4d6f5486912d7d8c1fcb7a,83,86,169,eb8d727273c0c421a049f443f3f7ae8a293e842d39d56931283349fd0efb50e6,1.0,362.8809523809524,3.489239926739927,3.7028668610301265,181.4404761904762,181.4404761904762,e2b70d9f0fc98486e01f66fe7035a4275c260831dc33e1a66308a576b3a51804,lightgbm__fold_01__attention__c060c06a__weighted_aug__e2b70d9f0fc9
lightgbm,LGBMClassifier,6f5020a62aa64b2ba8e9eeb74b2bb836f9767f0e14b46b7d244a45e2f8dda4ec,1,c112918e,attention,target_attention,-10,371,1800,15241,42,ac837e636c0af28f8f72f207807d0e14cc379ae7c862995d0eb12a18fdab8cd7,40889ed77c7a49254028614aa69c424c2355cbd1baaed50dc47082b1864510f7,63,52,115,fbe1988fac0f36bc0abfea9f919cac28d00384901fbf7129df01ecd5906b0eb0,316,177,493,8126a2bf5f4ff63741b2a79a15ad4f0db1b4ca1309d675f388195160fa918c5e,1.0,362.8809523809524,2.8800075585789875,3.489239926739927,181.4404761904762,181.4404761904762,68bf77ceeb41253a2f66a4e23c873b0703a01c24e0eecb04cd022dcf6080c590,lightgbm__fold_01__attention__c112918e__weighted_aug__68bf77ceeb41
lightgbm,LGBMClassifier,6f5020a62aa64b2ba8e9eeb74b2bb836f9767f0e14b46b7d244a45e2f8dda4ec,1,d111e017,attention,target_attention,-10,371,1800,15241,42,ac837e636c0af28f8f72f207807d0e14cc379ae7c862995d0eb12a18fdab8cd7,40889ed77c7a49254028614aa69c424c2355cbd1baaed50dc47082b1864510f7,14,48,62,de9358ddfa16372df2c985335392da481bc6f56e76d31e98adc18bae472768a9,399,405,804,235dd48d193a12eb10b16b0ad8ec61effb88a9ad5139f185ef89718f569194f2,1.0,362.8809523809524,12.960034013605442,3.780009920634921,181.4404761904762,181.4404761904762,3a93899dbe3e4862c717828d3843671d5172758fa1d05c9358dea3eca89d198d,lightgbm__fold_01__attention__d111e017__weighted_aug__3a93899dbe3e
lightgbm,LGBMClassifier,6f5020a62aa64b2ba8e9eeb74b2bb836f9767f0e14b46b7d244a45e2f8dda4ec,1,f1d06060,attention,target_attention,-10,371,1800,15241,42,ac837e636c0af28f8f72f207807d0e14cc379ae7c862995d0eb12a18fdab8cd7,40889ed77c7a49254028614aa69c424c2355cbd1baaed50dc47082b1864510f7,29,34,63,52c5682660e7fd1c5a08e63c6132d581ad109153b1883e57900fec499cfadf9d,43,235,278,e30709a151cd8312e9d27197dac67fb19c01e5099bfe6b777cdcdd81a46460b2,1.0,362.8809523809524,6.256568144499179,5.336484593837535,181.4404761904762,181.4404761904762,466a0daa0e809a30d7ac48cfcfa7067ec55b10251db88c04f061fad292d59736,lightgbm__fold_01__attention__f1d06060__weighted_aug__466a0daa0e80
lightgbm,LGBMClassifier,6f5020a62aa64b2ba8e9eeb74b2bb836f9767f0e14b46b7d244a45e2f8dda4ec,1,30c140ca,engagement,target_engagement,-10,371,1800,15934,42,2f364e6dd6dac221493bbb8db98c51438d544371f8f0610cd470727d40b9c04b,7d374ea6928381e1ee56d96473fa6567757f8df43407f81bbd24c398d82e419e,45,71,116,be13c9be9481e96928e16c27a8adb77729ec345e961486558acd12b5bf345e6f,104,33,137,b7f6f77ed997514dd1d604766a8293d61d7cb76feaa867cfae5227702ff56bc9,1.0,379.3809523809524,4.215343915343916,2.671696847753186,189.69047619047623,189.6904761904762,ca96a83e2ede5a2699edda4b7a4eb6323d5d0702bfdb102351182da013edc6ef,lightgbm__fold_01__engagement__30c140ca__weighted_aug__ca96a83e2ede
lightgbm,LGBMClassifier,6f5020a62aa64b2ba8e9eeb74b2bb836f9767f0e14b46b7d244a45e2f8dda4ec,1,3110e0c7,engagement,target_engagement,-10,371,1800,15934,42,2f364e6dd6dac221493bbb8db98c51438d544371f8f0610cd470727d40b9c04b,7d374ea6928381e1ee56d96473fa6567757f8df43407f81bbd24c398d82e419e,19,64,83,6bfaa90942d36ed83cd53bd59a73f0cdbbcf3c78ad84ebb02590ab6cf7ddf1e4,75,103,178,d34e5a82fa8db562f681fdcd62e792efd7b3d5c156eb3a246a472ad073a23bbc,1.0,379.3809523809524,9.983709273182958,2.9639136904761907,189.6904761904762,189.6904761904762,b218015d195b22e989c9d25975fb0e4156805be3d3bf69fba13d903755dfbc39,lightgbm__fold_01__engagement__3110e0c7__weighted_aug__b218015d195b
lightgbm,LGBMClassifier,6f5020a62aa64b2ba8e9eeb74b2bb836f9767f0e14b46b7d244a45e2f8dda4ec,1,7150e10a,engagement,target_engagement,-10,371,1800,15934,42,2f364e6dd6dac221493bbb8db98c51438d544371f8f0610cd470727d40b9c04b,7d374ea6928381e1ee56d96473fa6567757f8df43407f81bbd24c398d82e419e,58,29,87,0b18a79282efce6ab8e2d53c58c3f951b42b07a4a0452ed0ac06bb11c3578238,311,135,446,16aa6107d40974882689466629f9195169c84121a5d31d071e4e97551edcae97,1.0,379.3809523809524,3.2705254515599345,6.541050903119869,189.6904761904762,189.6904761904762,b82f62aa2beff6572c77b09c585c319c2e941cdbf70091ac4550982fd1612068,lightgbm__fold_01__engagement__7150e10a__weighted_aug__b82f62aa2bef
lightgbm,LGBMClassifier,6f5020a62aa64b2ba8e9eeb74b2bb836f9767f0e14b46b7d244a45e2f8dda4ec,1,71f0603f,engagement,target_engagement,-10,371,1800,15934,42,2f364e6dd6dac221493bbb8db98c51438d544371f8f0610cd470727d40b9c04b,7d374ea6928381e1ee56d96473fa6567757f8df43407f81bbd24c398d82e419e,39,94,133,cd7a93dc972b50831dffe789a6eb73f15b87a33be4167ca4fd0ed6293f556e60,328,296,624,b9e416d0ae782905233d16d9fb5ef741890087f7eab54551646b30d85e5ede93,1.0,379.3809523809524,4.863858363858364,2.017983789260385,189.6904761904762,189.6904761904762,11e5fbc1b4d14c760d1c95de0404551e384417055fe5cecdc57d2a7bbd7b33e3,lightgbm__fold_01__engagement__71f0603f__weighted_aug__11e5fbc1b4d1
lightgbm,LGBMClassifier,6f5020a62aa64b2ba8e9eeb74b2bb836f9767f0e14b46b7d244a45e2f8dda4ec,1,81f1f0fe,engagement,target_engagement,-10,371,1800,15934,42,2f364e6dd6dac221493bbb8db98c51438d544371f8f0610cd470727d40b9c04b,7d374ea6928381e1ee56d96473fa6567757f8df43407f81bbd24c398d82e419e,58,63,121,5338b58154bc6879c421d6a441433664457e8c8d4949c7e5228fbcdb805acb68,33,289,322,65315387c9e25fe45f52e8ba48ab49af392d37dc4139620d8f92b974230a199b,1.0,379.3809523809524,3.2705254515599345,3.0109599395313684,189.6904761904762,189.6904761904762,5babf04d1ca383673ae395e9bab941e1c8ca73b232fae6154e80edf22a4d8635,lightgbm__fold_01__engagement__81f1f0fe__weighted_aug__5babf04d1ca3
lightgbm,LGBMClassifier,6f5020a62aa64b2ba8e9eeb74b2bb836f9767f0e14b46b7d244a45e2f8dda4ec,1,c060c06a,engagement,target_engagement,-10,371,1800,15934,42,2f364e6dd6dac221493bbb8db98c51438d544371f8f0610cd470727d40b9c04b,7d374ea6928381e1ee56d96473fa6567757f8df43407f81bbd24c398d82e419e,48,87,135,1a5a21ba66e173e42cb1496757dd60c5881eea7b541a65647635ef31bd2e3b1d,98,84,182,600fdaf46a0b79041c15c1a3f9972f4b772b1388911edd38c067c77de2ffb5f0,1.0,379.3809523809524,3.951884920634921,2.1803503010399563,189.6904761904762,189.6904761904762,1cce0e4e2b6ccf9d486a481cb74b3c290f20d7ad827009794f6a27e1c100fcb3,lightgbm__fold_01__engagement__c060c06a__weighted_aug__1cce0e4e2b6c
lightgbm,LGBMClassifier,6f5020a62aa64b2ba8e9eeb74b2bb836f9767f0e14b46b7d244a45e2f8dda4ec,1,c112918e,engagement,target_engagement,-10,371,1800,15934,42,2f364e6dd6dac221493bbb8db98c51438d544371f8f0610cd470727d40b9c04b,7d374ea6928381e1ee56d96473fa6567757f8df43407f81bbd24c398d82e419e,55,54,109,6b82d6ee33df6b4142d9876e16e0eba58267c139bcc26c650fa8629ce204ab1d,235,197,432,959460e0472e73056b3a4df2f8b435ecaeab0a8eede79db4f3c9ebea328d06f7,1.0,379.3809523809524,3.4489177489177494,3.5127865961199296,189.6904761904762,189.6904761904762,65ea100de815c201ccd166330ff73c90cc47cd9db7073f254ebf743034e9c51c,lightgbm__fold_01__engagement__c112918e__weighted_aug__65ea100de815
lightgbm,LGBMClassifier,6f5020a62aa64b2ba8e9eeb74b2bb836f9767f0e14b46b7d244a45e2f8dda4ec,1,f1d06060,engagement,target_engagement,-10,371,1800,15934,42,2f364e6dd6dac221493bbb8db98c51438d544371f8f0610cd470727d40b9c04b,7d374ea6928381e1ee56d96473fa6567757f8df43407f81bbd24c398d82e419e,42,64,106,98a783a2ea0615ac7b61f487e3e5369a0bd5575a34bbc7e10e1bcdfe2a4ceb88,207,53,260,3df9af7d5b9bb00fb6f2ccfab376d1d42a30a614f1f7291c48fb081ed028ecae,1.0,379.3809523809524,4.516439909297053,2.9639136904761907,189.69047619047623,189.6904761904762,eafb2c42721721df565da658ee325bc52fb755f0dbea90b2cfdb7df51863b78b,lightgbm__fold_01__engagement__f1d06060__weighted_aug__eafb2c427217
lightgbm,LGBMClassifier,6f5020a62aa64b2ba8e9eeb74b2bb836f9767f0e14b46b7d244a45e2f8dda4ec,1,30c140ca,excitement,target_excitement,-10,371,1800,15941,43,46755c1e20e5799d3c8e3c0be4a2f4a3f18856086f1b6fe611eda5fc71a849dd,f13db677a8358b59d7e0528258ba7ff9bf95b5314741ce39a724cf74d183ddaa,53,53,106,789003aa59d83d874cc9b60c831a2af4ed186f97c7ee88bc642372d689087e2d,113,47,160,156805c476a35a05e48cb3733a91ca484da7b5fa15e2db079f90e1f31cc1de4b,1.0,370.72093023255815,3.497367266344888,3.497367266344888,185.36046511627907,185.36046511627907,0aebc9616f5abfeebdbce5ac2b727b76fbb4030d6648e69a2cab3287ab0b7405,lightgbm__fold_01__excitement__30c140ca__weighted_aug__0aebc9616f5a
lightgbm,LGBMClassifier,6f5020a62aa64b2ba8e9eeb74b2bb836f9767f0e14b46b7d244a45e2f8dda4ec,1,3110e0c7,excitement,target_excitement,-10,371,1800,15941,43,46755c1e20e5799d3c8e3c0be4a2f4a3f18856086f1b6fe611eda5fc71a849dd,f13db677a8358b59d7e0528258ba7ff9bf95b5314741ce39a724cf74d183ddaa,31,46,77,258612e94fb81e8a801cb9f13a7a84ef82994cf076a114ac2dc9303758e4755b,62,171,233,4c54fc7d6ffdc9446ea942e3f690fc0de0d64fb490066333b73cf3d51681840a,1.0,370.72093023255815,5.979369842460615,4.029575328614762,185.36046511627907,185.36046511627907,3632ab51cc02c7583a07cd23dc60f6c5c3ee8ee1f650894b776d40d81800b89e,lightgbm__fold_01__excitement__3110e0c7__weighted_aug__3632ab51cc02
lightgbm,LGBMClassifier,6f5020a62aa64b2ba8e9eeb74b2bb836f9767f0e14b46b7d244a45e2f8dda4ec,1,7150e10a,excitement,target_excitement,-10,371,1800,15941,43,46755c1e20e5799d3c8e3c0be4a2f4a3f18856086f1b6fe611eda5fc71a849dd,f13db677a8358b59d7e0528258ba7ff9bf95b5314741ce39a724cf74d183ddaa,123,20,143,440741abd6228753f8c688ef205ec922b542db17b3b309800ebf7387633de4d0,320,82,402,391d7c318e625e81cf2e72fc210e438d1ba423387f7eb3f417a5aaf4445edd3b,1.0,370.72093023255815,1.5069956513518623,9.268023255813954,185.36046511627907,185.3604651162791,2fb6861efeb3cec926708e9508a7124aaff7c9a9cd332b19ae23d782df65ee9f,lightgbm__fold_01__excitement__7150e10a__weighted_aug__2fb6861efeb3
lightgbm,LGBMClassifier,6f5020a62aa64b2ba8e9eeb74b2bb836f9767f0e14b46b7d244a45e2f8dda4ec,1,71f0603f,excitement,target_excitement,-10,371,1800,15941,43,46755c1e20e5799d3c8e3c0be4a2f4a3f18856086f1b6fe611eda5fc71a849dd,f13db677a8358b59d7e0528258ba7ff9bf95b5314741ce39a724cf74d183ddaa,43,52,95,ef1703bd9d8165add18f221f6ce9923b0a59563d4ad78a7f64627263068a941e,256,365,621,897a8c81caee2087a0f6590982f571d507fc215958f9a2d44b9d931f6a29f6b0,1.0,370.72093023255815,4.310708491076258,3.564624329159213,185.3604651162791,185.36046511627907,6f1258cf0c6f0ecd11d3d6c7fec7a47ff6f55dfcd11d227e490444dabae59a29,lightgbm__fold_01__excitement__71f0603f__weighted_aug__6f1258cf0c6f
lightgbm,LGBMClassifier,6f5020a62aa64b2ba8e9eeb74b2bb836f9767f0e14b46b7d244a45e2f8dda4ec,1,81f1f0fe,excitement,target_excitement,-10,371,1800,15941,43,46755c1e20e5799d3c8e3c0be4a2f4a3f18856086f1b6fe611eda5fc71a849dd,f13db677a8358b59d7e0528258ba7ff9bf95b5314741ce39a724cf74d183ddaa,28,44,72,42ebbe399c694733657c6a517241392bfd282968cb9ead8b071bafc8519adedc,121,188,309,29ec33230e5f5d7dc02e7944cc4a18e2ac1f68f1d70267757247387b4d29d51c,1.0,370.72093023255815,6.620016611295681,4.212737843551797,185.36046511627907,185.36046511627907,151c1a0171e54e5fe8181ad17fd206ccd232191cb9701e600cfd1fea5f488481,lightgbm__fold_01__excitement__81f1f0fe__weighted_aug__151c1a0171e5
lightgbm,LGBMClassifier,6f5020a62aa64b2ba8e9eeb74b2bb836f9767f0e14b46b7d244a45e2f8dda4ec,1,c060c06a,excitement,target_excitement,-10,371,1800,15941,43,46755c1e20e5799d3c8e3c0be4a2f4a3f18856086f1b6fe611eda5fc71a849dd,f13db677a8358b59d7e0528258ba7ff9bf95b5314741ce39a724cf74d183ddaa,107,10,117,1f0549ad95f5c1c870329954662460432774d278055acb5bab80930f76f8f60c,126,34,160,e54ffb71f604e97bcafd2838613c608f11e60d7f72360e5b3de6354e8a0846cc,1.0,370.72093023255815,1.7323407954792436,18.53604651162791,185.36046511627907,185.3604651162791,0a9a760c42103a957a43aad37fccc4b6541c0a472866f49a39bb85dc5dc65411,lightgbm__fold_01__excitement__c060c06a__weighted_aug__0a9a760c4210
lightgbm,LGBMClassifier,6f5020a62aa64b2ba8e9eeb74b2bb836f9767f0e14b46b7d244a45e2f8dda4ec,1,c112918e,excitement,target_excitement,-10,371,1800,15941,43,46755c1e20e5799d3c8e3c0be4a2f4a3f18856086f1b6fe611eda5fc71a849dd,f13db677a8358b59d7e0528258ba7ff9bf95b5314741ce39a724cf74d183ddaa,34,79,113,f3565ce7256ad0c0ba28645e8bda5d73f7b300a087cbbe979e45c7805f2a164d,335,118,453,693e4056b5822d6afcffde91dc97469eea4081dfcf6bc773f6af498b88953a59,1.0,370.72093023255815,5.451778385772914,2.346335001471887,185.36046511627907,185.36046511627907,519bcf3e7ad520a2f5299364b7d09146bf4fbe6f32b0a37d0d058418bb9a044b,lightgbm__fold_01__excitement__c112918e__weighted_aug__519bcf3e7ad5
lightgbm,LGBMClassifier,6f5020a62aa64b2ba8e9eeb74b2bb836f9767f0e14b46b7d244a45e2f8dda4ec,1,d111e017,excitement,target_excitement,-10,371,1800,15941,43,46755c1e20e5799d3c8e3c0be4a2f4a3f18856086f1b6fe611eda5fc71a849dd,f13db677a8358b59d7e0528258ba7ff9bf95b5314741ce39a724cf74d183ddaa,37,56,93,a00e763e7f8282412d199d7cbdfd06d63604d44b6db2a0d0dab493e2813e78ed,374,429,803,b4efe3344b74faa0d6ed7bfd7572a901f2a57b5447f7cf36fcdfe5ea5564dfb6,1.0,370.72093023255815,5.009742300439975,3.3100083056478407,185.36046511627907,185.36046511627907,c8860fa79b1a4796cc869511417a9df7e518cc8fa110b7bc5f5e06bb86493051,lightgbm__fold_01__excitement__d111e017__weighted_aug__c8860fa79b1a
lightgbm,LGBMClassifier,6f5020a62aa64b2ba8e9eeb74b2bb836f9767f0e14b46b7d244a45e2f8dda4ec,1,f1d06060,excitement,target_excitement,-10,371,1800,15941,43,46755c1e20e5799d3c8e3c0be4a2f4a3f18856086f1b6fe611eda5fc71a849dd,f13db677a8358b59d7e0528258ba7ff9bf95b5314741ce39a724cf74d183ddaa,72,76,148,1bcdd325896bae90cee2c01f8e716a6ac373d66050f25eff5d9ba81224c20d37,88,204,292,11b7f04710ffc1ab55fdca4f15be66510560f92884bf4dfe18ff28daed21a909,1.0,370.72093023255815,2.574450904392765,2.438953488372093,185.36046511627907,185.36046511627907,ad68366d79565cc864fe960f36466c69ac0f8632fcd0b8fa06ca641b624de521,lightgbm__fold_01__excitement__f1d06060__weighted_aug__ad68366d7956
lightgbm,LGBMClassifier,6f5020a62aa64b2ba8e9eeb74b2bb836f9767f0e14b46b7d244a45e2f8dda4ec,1,30c140ca,focus,target_focus,-10,371,1800,15934,43,13c8256d6c504d64c2aafbcf8afda590c95af37fa8630180dd05588323d3acaf,7d71bb99b3a559d0df0aa3bf8b195bafc98a0dd046a82039a430a2fa4892b0d0,137,21,158,30d43b879e76bfc77dfddfea96d3e8a65f11f59a5593b8758805b7c121a61609,49,94,143,194aeb1b1fd6275088bac7237adb739bf065a09bd7bcb0d3401db5f681cb1849,1.0,370.5581395348837,1.352401969105415,8.82281284606866,185.27906976744185,185.27906976744185,995ccd0795026d32e2a6152b9e989b738db7bacb7c6cfb1df3680883eacc2c54,lightgbm__fold_01__focus__30c140ca__weighted_aug__995ccd079502
lightgbm,LGBMClassifier,6f5020a62aa64b2ba8e9eeb74b2bb836f9767f0e14b46b7d244a45e2f8dda4ec,1,3110e0c7,focus,target_focus,-10,371,1800,15934,43,13c8256d6c504d64c2aafbcf8afda590c95af37fa8630180dd05588323d3acaf,7d71bb99b3a559d0df0aa3bf8b195bafc98a0dd046a82039a430a2fa4892b0d0,28,41,69,84eb3f3cf37e7bd89f28aca56977874ef827a968c24a66c6d92ef3a41b31f9fa,37,185,222,f9c03b5d4c62318fd1263b5af6ec519c3a8859d5f192852cd20660658954a74d,1.0,370.5581395348837,6.617109634551495,4.519001701644923,185.27906976744185,185.27906976744183,2adae2e1dc8c8cbe6ebb7befdbf0d0a3a4423a81cf1658628f513fce9b853639,lightgbm__fold_01__focus__3110e0c7__weighted_aug__2adae2e1dc8c
lightgbm,LGBMClassifier,6f5020a62aa64b2ba8e9eeb74b2bb836f9767f0e14b46b7d244a45e2f8dda4ec,1,7150e10a,focus,target_focus,-10,371,1800,15934,43,13c8256d6c504d64c2aafbcf8afda590c95af37fa8630180dd05588323d3acaf,7d71bb99b3a559d0df0aa3bf8b195bafc98a0dd046a82039a430a2fa4892b0d0,119,10,129,44b3321831680d8c1fcfa9ba0c3465d8550721eaba2c8aa90d7066066af073ba,297,78,375,4be7ae15632de70c5b07ca2fc5f5dab3f5dee5c9f76dd2cd814e58e18675a538,1.0,370.5581395348837,1.556966972835646,18.527906976744184,185.27906976744185,185.27906976744185,9f2167133e04969c88cd2286463c0241601a0fdf008b739abf88bd4f919933e8,lightgbm__fold_01__focus__7150e10a__weighted_aug__9f2167133e04
lightgbm,LGBMClassifier,6f5020a62aa64b2ba8e9eeb74b2bb836f9767f0e14b46b7d244a45e2f8dda4ec,1,71f0603f,focus,target_focus,-10,371,1800,15934,43,13c8256d6c504d64c2aafbcf8afda590c95af37fa8630180dd05588323d3acaf,7d71bb99b3a559d0df0aa3bf8b195bafc98a0dd046a82039a430a2fa4892b0d0,38,61,99,f1b2f348572218b6b71165cdefa959cb7b4ec1bb26b5ec8453bc4d7678239d07,302,339,641,c782f2fde0942647968fc529161733ded7f9b917e78e60f5862de7c4515e4f59,1.0,370.5581395348837,4.875764993880049,3.03736179946626,185.27906976744185,185.27906976744185,1c0734ac23be3324b6d2a087d784941110bd2c5e45af475be270e9be89051674,lightgbm__fold_01__focus__71f0603f__weighted_aug__1c0734ac23be
lightgbm,LGBMClassifier,6f5020a62aa64b2ba8e9eeb74b2bb836f9767f0e14b46b7d244a45e2f8dda4ec,1,81f1f0fe,focus,target_focus,-10,371,1800,15934,43,13c8256d6c504d64c2aafbcf8afda590c95af37fa8630180dd05588323d3acaf,7d71bb99b3a559d0df0aa3bf8b195bafc98a0dd046a82039a430a2fa4892b0d0,11,121,132,11da21f9d7b532bace2b97966998de4909b1535261a21284680b01ed4d1c6b59,57,249,306,d285d791bc0bfc9ed4d523b7d22769abe2059da1e969816a6a1ddaeda173bc73,1.0,370.5581395348837,16.843551797040167,1.5312319815491062,185.27906976744183,185.27906976744185,bfae4ee92417b53dfb81c9c31c9b956e3f0aeb2fff17fa0e2a59e1f1020da67e,lightgbm__fold_01__focus__81f1f0fe__weighted_aug__bfae4ee92417
lightgbm,LGBMClassifier,6f5020a62aa64b2ba8e9eeb74b2bb836f9767f0e14b46b7d244a45e2f8dda4ec,1,c112918e,focus,target_focus,-10,371,1800,15934,43,13c8256d6c504d64c2aafbcf8afda590c95af37fa8630180dd05588323d3acaf,7d71bb99b3a559d0df0aa3bf8b195bafc98a0dd046a82039a430a2fa4892b0d0,43,61,104,fe8fd33b83ffc3797c0fb7c980303e58bcfdc9d5bf7f4c66baccfa6ef872242f,367,84,451,41e2c0bdeff43b07a35d1ff3970988af1ba4ee1fc36949358ea70c30268a5f9e,1.0,370.5581395348837,4.30881557598702,3.03736179946626,185.27906976744185,185.27906976744185,26800bcfcf3c6ddb58fb99432036059beb2a671a8a6d9473f4caea79c2019f09,lightgbm__fold_01__focus__c112918e__weighted_aug__26800bcfcf3c
lightgbm,LGBMClassifier,6f5020a62aa64b2ba8e9eeb74b2bb836f9767f0e14b46b7d244a45e2f8dda4ec,1,d111e017,focus,target_focus,-10,371,1800,15934,43,13c8256d6c504d64c2aafbcf8afda590c95af37fa8630180dd05588323d3acaf,7d71bb99b3a559d0df0aa3bf8b195bafc98a0dd046a82039a430a2fa4892b0d0,15,55,70,f352f709e8b4411635e44c7d6589bf5d2426fc11b9038d23c6daa64e63fe67e6,403,366,769,ff768d4de989f9b85a50256750b0aecfc4def26e1e7521fddeb5cd6284c1015e,1.0,370.5581395348837,12.351937984496123,3.3687103594080336,185.27906976744185,185.27906976744185,0cdfa1a1f5bb80888e23f1c53c0b6523392bd9d7de3b63ceff9d48ad45252f1e,lightgbm__fold_01__focus__d111e017__weighted_aug__0cdfa1a1f5bb
lightgbm,LGBMClassifier,6f5020a62aa64b2ba8e9eeb74b2bb836f9767f0e14b46b7d244a45e2f8dda4ec,1,f1d06060,focus,target_focus,-10,371,1800,15934,43,13c8256d6c504d64c2aafbcf8afda590c95af37fa8630180dd05588323d3acaf,7d71bb99b3a559d0df0aa3bf8b195bafc98a0dd046a82039a430a2fa4892b0d0,46,89,135,0c6799b4c03686384b824dcb88e3d5ca6db0577d987e1c0341fa3a696e47a48d,79,200,279,65753d02fd6da9591cf80243b0b940cfe0e583f804cc07223274aa1c2ce43be0,1.0,370.5581395348837,4.027805864509605,2.0817873007577736,185.27906976744183,185.27906976744185,164870e8b1368737598aec47beb125b4bcff9354661dabc5e5b9ebdc72351fd7,lightgbm__fold_01__focus__f1d06060__weighted_aug__164870e8b136
lightgbm,LGBMClassifier,6f5020a62aa64b2ba8e9eeb74b2bb836f9767f0e14b46b7d244a45e2f8dda4ec,1,30c140ca,interest,target_interest,-10,371,1800,15927,43,5ca8d61de646678312a2d530cab97192f5b8c2fdb963f8ebda9a06db87a1f1fc,bd39db4c19d9f742cb059d0566f550cf160821412eeb67d3cc0780042dbd7317,86,71,157,665c9718e3629b71a0ceff4bf30c5affc6b96aba1fdc5712ee58c5eb9db4e336,192,3,195,d5a4928a0b697900b617349957b7ab399ebf266e12fcddad08232a8c919d1b12,1.0,370.3953488372093,2.1534613304488914,2.608417949557812,185.19767441860466,185.19767441860466,df68a54dae66884e9581e9247e097b3fc8c5f4582b2640204cb101cf99bd5c8d,lightgbm__fold_01__interest__30c140ca__weighted_aug__df68a54dae66
lightgbm,LGBMClassifier,6f5020a62aa64b2ba8e9eeb74b2bb836f9767f0e14b46b7d244a45e2f8dda4ec,1,3110e0c7,interest,target_interest,-10,371,1800,15927,43,5ca8d61de646678312a2d530cab97192f5b8c2fdb963f8ebda9a06db87a1f1fc,bd39db4c19d9f742cb059d0566f550cf160821412eeb67d3cc0780042dbd7317,51,49,100,291bf179ac1a2c05de6ecb05b87bcf69c8d3be598bc1e2c21290479a682176f5,130,77,207,1c52cc19f3be3879d4d55b7af6ba78d8098458963bce35cdd07bfaa9b77a1f86,1.0,370.3953488372093,3.6313269493844054,3.7795443758898912,185.19767441860466,185.19767441860466,faa04d09279c6a263b6be14f987a9c1d1a96b0cb7f305aff1d262b577bf9e07d,lightgbm__fold_01__interest__3110e0c7__weighted_aug__faa04d09279c
lightgbm,LGBMClassifier,6f5020a62aa64b2ba8e9eeb74b2bb836f9767f0e14b46b7d244a45e2f8dda4ec,1,71f0603f,interest,target_interest,-10,371,1800,15927,43,5ca8d61de646678312a2d530cab97192f5b8c2fdb963f8ebda9a06db87a1f1fc,bd39db4c19d9f742cb059d0566f550cf160821412eeb67d3cc0780042dbd7317,103,47,150,63ca592fa36153a438f29050e25f1017e475c180272fb15a54fca93a9411f4fb,278,388,666,f6eff89343b13c9acdd70afb4d74011f571d713196caed9bfd5922101df857ad,1.0,370.3953488372093,1.7980356739670356,3.9403760514596735,185.19767441860466,185.19767441860466,724f9818d0bdb4877871e5000e567c801654907656ae03dafa2c87fd96a43f98,lightgbm__fold_01__interest__71f0603f__weighted_aug__724f9818d0bd
lightgbm,LGBMClassifier,6f5020a62aa64b2ba8e9eeb74b2bb836f9767f0e14b46b7d244a45e2f8dda4ec,1,81f1f0fe,interest,target_interest,-10,371,1800,15927,43,5ca8d61de646678312a2d530cab97192f5b8c2fdb963f8ebda9a06db87a1f1fc,bd39db4c19d9f742cb059d0566f550cf160821412eeb67d3cc0780042dbd7317,56,98,154,858892c7ddcb83a90548c1ab27c97fa0f57899e2019afe81f3068e1a46ff7c94,221,149,370,ce92fad43fd65f1b3b1f0c4645184d0c81521a4dbe5d0029950b97961b0d6d84,1.0,370.3953488372093,3.307101328903655,1.8897721879449456,185.19767441860466,185.19767441860466,be887c6a15a76dffea07f00f0c36a05355ac856d6b69b80088583a92bf229654,lightgbm__fold_01__interest__81f1f0fe__weighted_aug__be887c6a15a7
lightgbm,LGBMClassifier,6f5020a62aa64b2ba8e9eeb74b2bb836f9767f0e14b46b7d244a45e2f8dda4ec,1,c060c06a,interest,target_interest,-10,371,1800,15927,43,5ca8d61de646678312a2d530cab97192f5b8c2fdb963f8ebda9a06db87a1f1fc,bd39db4c19d9f742cb059d0566f550cf160821412eeb67d3cc0780042dbd7317,38,43,81,87ac8b0d396f38f7369fd2fa679c5315d661d5fb2937b804f5b46cddf64355e4,83,120,203,d2d2d2afc62db4ca588b53fb484c79202dc83691e69753709eeca6859a11f71d,1.0,370.3953488372093,4.873623011015912,4.306922660897783,185.19767441860466,185.19767441860466,e41958526e1c842570e7fd41e943685dc94c963962a55970b114702f89bf6406,lightgbm__fold_01__interest__c060c06a__weighted_aug__e41958526e1c
lightgbm,LGBMClassifier,6f5020a62aa64b2ba8e9eeb74b2bb836f9767f0e14b46b7d244a45e2f8dda4ec,1,c112918e,interest,target_interest,-10,371,1800,15927,43,5ca8d61de646678312a2d530cab97192f5b8c2fdb963f8ebda9a06db87a1f1fc,bd39db4c19d9f742cb059d0566f550cf160821412eeb67d3cc0780042dbd7317,53,41,94,c0e1711b8c54c448700765a89890b3c613f16d7d0e1d43ef9af59e85fd3ab0aa,230,170,400,b82524c7eddc47baa9765310b629ebdb11284d0ddcc4f7fda9d964a35d95ba64,1.0,370.3953488372093,3.4942957437472577,4.51701644923426,185.19767441860466,185.19767441860466,742730832eef1663eaa1737d888eb80a536c4fdb38a7f324cdcfdbf476d4dfa9,lightgbm__fold_01__interest__c112918e__weighted_aug__742730832eef
lightgbm,LGBMClassifier,6f5020a62aa64b2ba8e9eeb74b2bb836f9767f0e14b46b7d244a45e2f8dda4ec,1,d111e017,interest,target_interest,-10,371,1800,15927,43,5ca8d61de646678312a2d530cab97192f5b8c2fdb963f8ebda9a06db87a1f1fc,bd39db4c19d9f742cb059d0566f550cf160821412eeb67d3cc0780042dbd7317,80,21,101,16a7aedf62a2d7abe9e029284a249921ffe561b4ae37fb4fc2ac3de8651b642c,436,360,796,aef3285d6163014f00068180f574aa6e18d1c9e5299bfb4a289d85a44b5d30a7,1.0,370.3953488372093,2.3149709302325583,8.818936877076412,185.19767441860466,185.19767441860466,424058068ff5ed91390c825f73786fb233c6081a9b934b0c3ae09970adc90b7b,lightgbm__fold_01__interest__d111e017__weighted_aug__424058068ff5
lightgbm,LGBMClassifier,6f5020a62aa64b2ba8e9eeb74b2bb836f9767f0e14b46b7d244a45e2f8dda4ec,1,f1d06060,interest,target_interest,-10,371,1800,15927,43,5ca8d61de646678312a2d530cab97192f5b8c2fdb963f8ebda9a06db87a1f1fc,bd39db4c19d9f742cb059d0566f550cf160821412eeb67d3cc0780042dbd7317,68,58,126,5604ace228daa512b0a0a6a82a457795377e19013009b14377ba275278d8057b,173,121,294,a7ee71a868c1f2ceeeee1454a2544e7d700d647d91130fdcd2e50620b968cbc6,1.0,370.3953488372093,2.723495212038304,3.193063352044908,185.19767441860466,185.19767441860466,691758cce5da559b43332de91fd21f44e1671208e197efc36dafcc4844f8a263,lightgbm__fold_01__interest__f1d06060__weighted_aug__691758cce5da
lightgbm,LGBMClassifier,6f5020a62aa64b2ba8e9eeb74b2bb836f9767f0e14b46b7d244a45e2f8dda4ec,1,3110e0c7,relaxation,target_relaxation,-10,371,1800,15947,43,80bdf541d6d3f3dc1ccae382c9f7be6cac38ef75bc83ec94bf56735813804e10,38b0c29f91cf04074516bcbbf6cf6e9362b22718f7ac54fdbe5adf6de43d5d14,37,35,72,182df246e8e93fe8484a996dd03aa72cd96fe5d0b9d021e790eaabfd9e35f18f,118,94,212,f7c34121e39600488031e007151bb4b7abbdf90ab6c2641c3568fe3d6e7462bf,1.0,370.86046511627904,5.011627906976744,5.298006644518272,185.43023255813952,185.4302325581395,e28a394d330a299c1af442702488b619028b10794ca558a20514f6165f734496,lightgbm__fold_01__relaxation__3110e0c7__weighted_aug__e28a394d330a
lightgbm,LGBMClassifier,6f5020a62aa64b2ba8e9eeb74b2bb836f9767f0e14b46b7d244a45e2f8dda4ec,1,7150e10a,relaxation,target_relaxation,-10,371,1800,15947,43,80bdf541d6d3f3dc1ccae382c9f7be6cac38ef75bc83ec94bf56735813804e10,38b0c29f91cf04074516bcbbf6cf6e9362b22718f7ac54fdbe5adf6de43d5d14,84,13,97,5dd02aace992d8534dc183e17c75ddbd231b7d10502ceea786532a8a7308d2a6,205,181,386,eb82ec58b1b091b17fa711c53eba8e871a782db0ee64878721a8273d8b6582b1,1.0,370.86046511627904,2.20750276854928,14.26386404293381,185.43023255813952,185.43023255813952,051c2fd2d0622a450295363307c523dd43e919d31826372ac4dd0ae8064de2c4,lightgbm__fold_01__relaxation__7150e10a__weighted_aug__051c2fd2d062
lightgbm,LGBMClassifier,6f5020a62aa64b2ba8e9eeb74b2bb836f9767f0e14b46b7d244a45e2f8dda4ec,1,71f0603f,relaxation,target_relaxation,-10,371,1800,15947,43,80bdf541d6d3f3dc1ccae382c9f7be6cac38ef75bc83ec94bf56735813804e10,38b0c29f91cf04074516bcbbf6cf6e9362b22718f7ac54fdbe5adf6de43d5d14,66,23,89,cf9b2209a4646be7a97afe2f60831cf1e04afffb6fcafc93074a5490a79d830c,240,430,670,f6dec376ee7a2d1be5c34360ae3918569adc5173430d48815d0c80b19b8ec8a5,1.0,370.86046511627904,2.809548978153629,8.062184024266935,185.43023255813952,185.43023255813952,65844eb31fe7cbb8dd16bbed0dbc6a16de8fa3beaca8851d099ae2a84b05448e,lightgbm__fold_01__relaxation__71f0603f__weighted_aug__65844eb31fe7
lightgbm,LGBMClassifier,6f5020a62aa64b2ba8e9eeb74b2bb836f9767f0e14b46b7d244a45e2f8dda4ec,1,81f1f0fe,relaxation,target_relaxation,-10,371,1800,15947,43,80bdf541d6d3f3dc1ccae382c9f7be6cac38ef75bc83ec94bf56735813804e10,38b0c29f91cf04074516bcbbf6cf6e9362b22718f7ac54fdbe5adf6de43d5d14,18,71,89,bc4bc575d44fbcee78b3738a9e1da479d02193a84a294d02e9fdfade449666c0,225,112,337,87fb69e74da4238e461142da81173bc409039df6735d1fa586453195da200c08,1.0,370.86046511627904,10.301679586563306,2.6116934163118244,185.43023255813952,185.43023255813952,042383918fbfef607043202d2139af029f8803754dbdc991f59284983a402427,lightgbm__fold_01__relaxation__81f1f0fe__weighted_aug__042383918fbf
lightgbm,LGBMClassifier,6f5020a62aa64b2ba8e9eeb74b2bb836f9767f0e14b46b7d244a45e2f8dda4ec,1,c060c06a,relaxation,target_relaxation,-10,371,1800,15947,43,80bdf541d6d3f3dc1ccae382c9f7be6cac38ef75bc83ec94bf56735813804e10,38b0c29f91cf04074516bcbbf6cf6e9362b22718f7ac54fdbe5adf6de43d5d14,14,119,133,76d03792015b6707683b3f856ff3d10be75870a369d2bc0f70fd3f08a6d6ec71,17,147,164,a30353a27d4a7bcb0f05da7a47bccbe086def9e2d4d6d34d8ef4580f2f514a0d,1.0,370.86046511627904,13.24501661129568,1.5582372483877271,185.43023255813952,185.43023255813952,b93325e5f5a3f2d9b606961b9566b54e914348729142e2b5ec11d6ae5199b7f7,lightgbm__fold_01__relaxation__c060c06a__weighted_aug__b93325e5f5a3
lightgbm,LGBMClassifier,6f5020a62aa64b2ba8e9eeb74b2bb836f9767f0e14b46b7d244a45e2f8dda4ec,1,c112918e,relaxation,target_relaxation,-10,371,1800,15947,43,80bdf541d6d3f3dc1ccae382c9f7be6cac38ef75bc83ec94bf56735813804e10,38b0c29f91cf04074516bcbbf6cf6e9362b22718f7ac54fdbe5adf6de43d5d14,37,62,99,d27ac004d7188a715146da234443cbc11dd9564042d6df3b065e6d96bca0019b,221,287,508,097acc5003ebe9b1499a2c0faaca1b60ce74f7c0687377fc39504a7ae7e0c25f,1.0,370.86046511627904,5.011627906976744,2.9908102025506373,185.43023255813952,185.43023255813952,4529b05874cf01a6709acd7540c65909fcef9a6ce6f2bd954c5ab65ef553f67a,lightgbm__fold_01__relaxation__c112918e__weighted_aug__4529b05874cf
lightgbm,LGBMClassifier,6f5020a62aa64b2ba8e9eeb74b2bb836f9767f0e14b46b7d244a45e2f8dda4ec,1,f1d06060,relaxation,target_relaxation,-10,371,1800,15947,43,80bdf541d6d3f3dc1ccae382c9f7be6cac38ef75bc83ec94bf56735813804e10,38b0c29f91cf04074516bcbbf6cf6e9362b22718f7ac54fdbe5adf6de43d5d14,114,24,138,84a05e69e2e94a195cc9480d5b9476a3c953365babcd64c11e58906341895aa2,135,159,294,466bed25fbe85581d0810093f592f4b8c6298b32e5dac5942e7dea59cbad4fbb,1.0,370.86046511627904,1.626580987352101,7.72625968992248,185.43023255813952,185.43023255813952,0adfb1d239b604fb45266465e598780045ee12e2db9e98b694de356c9095df10,lightgbm__fold_01__relaxation__f1d06060__weighted_aug__0adfb1d239b6
lightgbm,LGBMClassifier,6f5020a62aa64b2ba8e9eeb74b2bb836f9767f0e14b46b7d244a45e2f8dda4ec,1,30c140ca,stress,target_stress,-10,371,1800,15924,43,5646662f70b23c348f500bc8018a5f316a9dcaa12c89cf89cf99c0ffff37fe88,bc3be14a13e7a39ebeab010389e1c408e3b117b37aecad2317d7955676362ffa,68,72,140,4279867ecd418e2c2037abf025399052338470aaa43bea74c71a96a2c189d61b,67,98,165,24cace45a46912281bada25aca77a93b6cf4df8608859a3c08091187480571e9,1.0,370.3255813953488,2.7229822161422708,2.571705426356589,185.1627906976744,185.16279069767438,4b8ad94c10dd964007cb8b6137a96c73c4b29e53e4c2d296776716d875b3bfb7,lightgbm__fold_01__stress__30c140ca__weighted_aug__4b8ad94c10dd
lightgbm,LGBMClassifier,6f5020a62aa64b2ba8e9eeb74b2bb836f9767f0e14b46b7d244a45e2f8dda4ec,1,7150e10a,stress,target_stress,-10,371,1800,15924,43,5646662f70b23c348f500bc8018a5f316a9dcaa12c89cf89cf99c0ffff37fe88,bc3be14a13e7a39ebeab010389e1c408e3b117b37aecad2317d7955676362ffa,133,23,156,4d6b03b4fdd454f17f8105c7734d9dbf275ca36a59cb5b6a5f3aa168485cf592,219,187,406,d254197e7cb69f33b5d758827d99cd1239fc1524463bfcb4ba4233b39d05cc2e,1.0,370.3255813953488,1.392201433817101,8.050556117290192,185.1627906976744,185.1627906976744,d99a036e2770a6cab9b128960ac98eb5381469682b53bbd6c2cd12441c7f24f9,lightgbm__fold_01__stress__7150e10a__weighted_aug__d99a036e2770
lightgbm,LGBMClassifier,6f5020a62aa64b2ba8e9eeb74b2bb836f9767f0e14b46b7d244a45e2f8dda4ec,1,71f0603f,stress,target_stress,-10,371,1800,15924,43,5646662f70b23c348f500bc8018a5f316a9dcaa12c89cf89cf99c0ffff37fe88,bc3be14a13e7a39ebeab010389e1c408e3b117b37aecad2317d7955676362ffa,103,54,157,b27a41a6cedac4ba6645bde32dd25430800c4351aa799c16b264dd80dd516d9d,161,327,488,d787e18f302ccca0ab46a4a273d2012a1941ca8ae6a209be119a1ebbf97000a6,1.0,370.3255813953488,1.7976969970648,3.428940568475452,185.1627906976744,185.1627906976744,ebe54460ced2666bc4b39f7563255396d11b2c9a74e86de4fdaf5c899ed12248,lightgbm__fold_01__stress__71f0603f__weighted_aug__ebe54460ced2
lightgbm,LGBMClassifier,6f5020a62aa64b2ba8e9eeb74b2bb836f9767f0e14b46b7d244a45e2f8dda4ec,1,c060c06a,stress,target_stress,-10,371,1800,15924,43,5646662f70b23c348f500bc8018a5f316a9dcaa12c89cf89cf99c0ffff37fe88,bc3be14a13e7a39ebeab010389e1c408e3b117b37aecad2317d7955676362ffa,77,57,134,597ee69d4d43e85f2e9f654dd969296f7e133d313190be229bb8d1001eea0d4d,141,86,227,45a8b3d2ee0be4d60766b45ef83cd8d15b41e5d0f3f4a9a184f2e044078994d4,1.0,370.3255813953488,2.404711567502265,3.2484700122399017,185.1627906976744,185.1627906976744,9026ff2e5e55a192165bf21b59f60c3f3a9438a56710629ff74003aa5ee27151,lightgbm__fold_01__stress__c060c06a__weighted_aug__9026ff2e5e55
lightgbm,LGBMClassifier,6f5020a62aa64b2ba8e9eeb74b2bb836f9767f0e14b46b7d244a45e2f8dda4ec,1,d111e017,stress,target_stress,-10,371,1800,15924,43,5646662f70b23c348f500bc8018a5f316a9dcaa12c89cf89cf99c0ffff37fe88,bc3be14a13e7a39ebeab010389e1c408e3b117b37aecad2317d7955676362ffa,100,27,127,1075a7faf99932a8d77bc5114bd1f71ccc1bc95befcb6f37ad7b038d61ebb9e4,465,456,921,a685b16f05aaf44b59afb95c6d376a1098f9b7b96845c15b0e6c769ed11aa52e,1.0,370.3255813953488,1.851627906976744,6.857881136950904,185.1627906976744,185.1627906976744,aee26a4d897cd7d4276edbdfff40daf946dd0c4faa9db7800ae07da005f86218,lightgbm__fold_01__stress__d111e017__weighted_aug__aee26a4d897c
lightgbm,LGBMClassifier,6f5020a62aa64b2ba8e9eeb74b2bb836f9767f0e14b46b7d244a45e2f8dda4ec,1,f1d06060,stress,target_stress,-10,371,1800,15924,43,5646662f70b23c348f500bc8018a5f316a9dcaa12c89cf89cf99c0ffff37fe88,bc3be14a13e7a39ebeab010389e1c408e3b117b37aecad2317d7955676362ffa,81,68,149,508a92f920cab9516ccb9ceb9603644c9459734bc8d8ce0408eb1a1649f0182b,193,147,340,f592685079d60ebda56d693eb86415293827e12860d10b74de17f542ee040582,1.0,370.3255813953488,2.285960378983635,2.7229822161422708,185.16279069767444,185.1627906976744,de78667f169eebb0bb3c4e6c6c349d32d33009b2de0a1fd6107a2d8170a93657,lightgbm__fold_01__stress__f1d06060__weighted_aug__de78667f169e
lightgbm,LGBMClassifier,6f5020a62aa64b2ba8e9eeb74b2bb836f9767f0e14b46b7d244a45e2f8dda4ec,2,1081b177,attention,target_attention,-10,371,1800,15830,43,268687b6f9714bde2a4a9a04b3242317a7f895633752dd62d71cf4dc00d641ec,05b80bfaecd22890a7e360375d08013c2763762bc191dded6a0bbd75f29be07f,53,77,130,d988c4218545d39c8d9bcea318ed94580d7e0bab9f42d6054d4345856753b59b,152,115,267,227b4d6f57fd47553846d9a3a6e5364e14a45acf91da8350eea968667ce17014,1.0,368.13953488372096,3.4730144800351033,2.3905164602839024,184.06976744186048,184.06976744186048,3d0ff182329711078f601c798a5ca8e1bce70b4b4cb85f6d31a66709a755f6dc,lightgbm__fold_02__attention__1081b177__weighted_aug__3d0ff1823297
lightgbm,LGBMClassifier,6f5020a62aa64b2ba8e9eeb74b2bb836f9767f0e14b46b7d244a45e2f8dda4ec,2,6030f0fd,attention,target_attention,-10,371,1800,15830,43,268687b6f9714bde2a4a9a04b3242317a7f895633752dd62d71cf4dc00d641ec,05b80bfaecd22890a7e360375d08013c2763762bc191dded6a0bbd75f29be07f,72,56,128,aba44396cded88d7a90ef2bf01073fc5c8ab954e807fd3bcb5e1195922063b07,64,163,227,7c06ed050cd4d38a4f6d5c6560dd3947f8ca120a9f1667a3309d44cb5d2e8ab6,1.0,368.13953488372096,2.5565245478036176,3.2869601328903655,184.06976744186048,184.06976744186048,b4495d0248ea18b2c16796eec58ce1fdfae45bf85be419b34ff1b6ab519b6c5c,lightgbm__fold_02__attention__6030f0fd__weighted_aug__b4495d0248ea
lightgbm,LGBMClassifier,6f5020a62aa64b2ba8e9eeb74b2bb836f9767f0e14b46b7d244a45e2f8dda4ec,2,7072a0e0,attention,target_attention,-10,371,1800,15830,43,268687b6f9714bde2a4a9a04b3242317a7f895633752dd62d71cf4dc00d641ec,05b80bfaecd22890a7e360375d08013c2763762bc191dded6a0bbd75f29be07f,76,13,89,284d0b1c15c2bf5f010d374270e804b7eb25de69b62ecfbc4a506d88f7c0aeee,221,186,407,fe4540e53f8190423c51d95ab99b9616f8b68e48529ddcca1806b5355a801b9a,1.0,368.13953488372096,2.4219706242350063,14.159212880143114,184.06976744186048,184.06976744186048,8527ea0e664e20d942d537ba8ec684318e803a38e5a20944ba7fb1227eef66ba,lightgbm__fold_02__attention__7072a0e0__weighted_aug__8527ea0e664e
lightgbm,LGBMClassifier,6f5020a62aa64b2ba8e9eeb74b2bb836f9767f0e14b46b7d244a45e2f8dda4ec,2,71c09041,attention,target_attention,-10,371,1800,15830,43,268687b6f9714bde2a4a9a04b3242317a7f895633752dd62d71cf4dc00d641ec,05b80bfaecd22890a7e360375d08013c2763762bc191dded6a0bbd75f29be07f,46,15,61,185d68b56eaf11a8a4f1a68a70421d64d4b9fef957f37682ebaa52da7c0317bb,33,78,111,91cb13b5813965b2c6c82a9598e4e599864df43ddad0794799de69e1ecc41c26,1.0,368.13953488372096,4.001516683518706,12.271317829457365,184.06976744186048,184.06976744186048,1a47271c8d515af1c0c43d225f6a04e4041e16c205522d42b5b8b16a9eac4824,lightgbm__fold_02__attention__71c09041__weighted_aug__1a47271c8d51
lightgbm,LGBMClassifier,6f5020a62aa64b2ba8e9eeb74b2bb836f9767f0e14b46b7d244a45e2f8dda4ec,2,a02151ac,attention,target_attention,-10,371,1800,15830,43,268687b6f9714bde2a4a9a04b3242317a7f895633752dd62d71cf4dc00d641ec,05b80bfaecd22890a7e360375d08013c2763762bc191dded6a0bbd75f29be07f,48,69,117,fa587b296373b5de2dcc92a4c93bfe487fe3dc51fe8a3a1d7e57bd052628d7fb,151,189,340,14442a6cecc8ce919e40f6dbaf7f03c6076cc3fd6c48c95a42d72fb8db71e54c,1.0,368.13953488372096,3.8347868217054266,2.6676777890124708,184.06976744186048,184.06976744186048,56cc014b340af4fb30cb9afddd7a1d9e15897f75f1471d1553c9a82ae50db279,lightgbm__fold_02__attention__a02151ac__weighted_aug__56cc014b340a
lightgbm,LGBMClassifier,6f5020a62aa64b2ba8e9eeb74b2bb836f9767f0e14b46b7d244a45e2f8dda4ec,2,d0e2d025,attention,target_attention,-10,371,1800,15830,43,268687b6f9714bde2a4a9a04b3242317a7f895633752dd62d71cf4dc00d641ec,05b80bfaecd22890a7e360375d08013c2763762bc191dded6a0bbd75f29be07f,103,16,119,5e981dd27dfa8cc441b73bc6878f3b08d3c926c46734c32b7c95890a675e1a9b,400,149,549,e2a3e7effc9f5f9ba5010568a7015c8508dbd2d587c73c05b93eb5fa9724d3c3,1.0,368.13953488372096,1.787085120794762,11.50436046511628,184.06976744186048,184.06976744186048,5a501ba77ef14c80a58018446485b95acfe676faa5f5e74108146016462e46e1,lightgbm__fold_02__attention__d0e2d025__weighted_aug__5a501ba77ef1
lightgbm,LGBMClassifier,6f5020a62aa64b2ba8e9eeb74b2bb836f9767f0e14b46b7d244a45e2f8dda4ec,2,d18000a3,attention,target_attention,-10,371,1800,15830,43,268687b6f9714bde2a4a9a04b3242317a7f895633752dd62d71cf4dc00d641ec,05b80bfaecd22890a7e360375d08013c2763762bc191dded6a0bbd75f29be07f,46,59,105,cea860a705249a5a51e84799eea78bf8bb36843ac3868eb4ab8f9b768c6ea419,168,220,388,ca5562f54882b03263e97591651b03ad2f06e0b4f638fec391557d16f039f468,1.0,368.13953488372096,4.001516683518706,3.1198265668111946,184.06976744186048,184.06976744186048,3b90e2b78fc8a5a9b2501218d378c718070ca37c2a11f86690051fe6accc8cee,lightgbm__fold_02__attention__d18000a3__weighted_aug__3b90e2b78fc8
lightgbm,LGBMClassifier,6f5020a62aa64b2ba8e9eeb74b2bb836f9767f0e14b46b7d244a45e2f8dda4ec,2,f0f2a1e1,attention,target_attention,-10,371,1800,15830,43,268687b6f9714bde2a4a9a04b3242317a7f895633752dd62d71cf4dc00d641ec,05b80bfaecd22890a7e360375d08013c2763762bc191dded6a0bbd75f29be07f,47,19,66,5235665955822f2d472f45fbec0d4989432f2c316761a855a2029d2094cde9d4,55,161,216,ae75b44b16d8a57370a738969003888486a448f9fca975d1f1a6881682c1a54a,1.0,368.13953488372096,3.9163780306778824,9.687882496940025,184.06976744186048,184.06976744186048,f61f0e814c3a95f01742ea6d0e07655f3da13abc249b4a32fa1bd3965bd8823b,lightgbm__fold_02__attention__f0f2a1e1__weighted_aug__f61f0e814c3a
lightgbm,LGBMClassifier,6f5020a62aa64b2ba8e9eeb74b2bb836f9767f0e14b46b7d244a45e2f8dda4ec,2,1081b177,engagement,target_engagement,-10,371,1800,16404,43,878c34cf2e7399941af30ed0623103fcf66324e3c84753cfd8725855ef681b41,96921223f37aee74e8576505e04d8d93656b6d22365a8c1e79d1aadc606e3780,17,93,110,64219e8d525a64dcbd4feb03b7b4b6869e4b33b11ccd0e05e22f1fc5452338e4,73,188,261,640b314903571314524906e7c771a2579d3b14df967959cdb6ee38e6371794e7,1.0,381.48837209302326,11.220246238030096,2.051012753188297,190.74418604651163,190.74418604651163,1b09396791f92b0912e53c219d24549fe523ef612ecfb182882f2b3c48d6b4fd,lightgbm__fold_02__engagement__1081b177__weighted_aug__1b09396791f9
lightgbm,LGBMClassifier,6f5020a62aa64b2ba8e9eeb74b2bb836f9767f0e14b46b7d244a45e2f8dda4ec,2,6030f0fd,engagement,target_engagement,-10,371,1800,16404,43,878c34cf2e7399941af30ed0623103fcf66324e3c84753cfd8725855ef681b41,96921223f37aee74e8576505e04d8d93656b6d22365a8c1e79d1aadc606e3780,24,87,111,121494092aa8551c6330859a45eb7129fdf5b6523ec6b5895e6d7e2fcbeb874c,88,99,187,cc96aa1d95339cad7a385ba7a8d1396068693dda0572c4c374d10f9e48fcfdc0,1.0,381.48837209302326,7.9476744186046515,2.1924619085805936,190.74418604651163,190.74418604651166,36eb40f2fe61c9627d320e779d663fe20701507fb0495b107fbd9d9112f31cdc,lightgbm__fold_02__engagement__6030f0fd__weighted_aug__36eb40f2fe61
lightgbm,LGBMClassifier,6f5020a62aa64b2ba8e9eeb74b2bb836f9767f0e14b46b7d244a45e2f8dda4ec,2,7072a0e0,engagement,target_engagement,-10,371,1800,16404,43,878c34cf2e7399941af30ed0623103fcf66324e3c84753cfd8725855ef681b41,96921223f37aee74e8576505e04d8d93656b6d22365a8c1e79d1aadc606e3780,30,76,106,603ff4a811bae2bd60ada87a012e9e8eab8e3a5dc22d08d2d14fbf601f71de17,193,192,385,38e26c8495d2e5191087676b5225b57c5ced2083a27df3e4b5f26c2b54f125bb,1.0,381.48837209302326,6.358139534883721,2.5097919216646267,190.74418604651163,190.74418604651163,7cbeb18176b866a8b8cd4383533c0264b692e8d74cdfbb4f8ffd3b33dc04768c,lightgbm__fold_02__engagement__7072a0e0__weighted_aug__7cbeb18176b8
lightgbm,LGBMClassifier,6f5020a62aa64b2ba8e9eeb74b2bb836f9767f0e14b46b7d244a45e2f8dda4ec,2,71c09041,engagement,target_engagement,-10,371,1800,16404,43,878c34cf2e7399941af30ed0623103fcf66324e3c84753cfd8725855ef681b41,96921223f37aee74e8576505e04d8d93656b6d22365a8c1e79d1aadc606e3780,61,65,126,526187516998a519f485f49c91ac5ac06b83a41c904a7fdb367e97a116a22c95,211,119,330,6e745766811957cae6b9de0ef8c0dcbe32029cdc390319107eb41cbeb79b29a1,1.0,381.48837209302326,3.126953869614945,2.934525939177102,190.74418604651163,190.74418604651163,e812ee0c8ce9ebdc50b5bb30dab7263d91a6a502264b74ff02731a592c529a4f,lightgbm__fold_02__engagement__71c09041__weighted_aug__e812ee0c8ce9
lightgbm,LGBMClassifier,6f5020a62aa64b2ba8e9eeb74b2bb836f9767f0e14b46b7d244a45e2f8dda4ec,2,a02151ac,engagement,target_engagement,-10,371,1800,16404,43,878c34cf2e7399941af30ed0623103fcf66324e3c84753cfd8725855ef681b41,96921223f37aee74e8576505e04d8d93656b6d22365a8c1e79d1aadc606e3780,16,51,67,a6e86819990359dc35fccf4dc06224ae8fcb78a80c9208a7133fc9563bcbd0a9,98,167,265,61f07c988c5fad312857978c1997bf6971994d98b24cff3033070ad18d8cab5d,1.0,381.48837209302326,11.921511627906977,3.7400820793433653,190.74418604651163,190.74418604651163,579871953e3b760ea62d33543948d4496bdaa3f2968221bd8bd3598df0546efc,lightgbm__fold_02__engagement__a02151ac__weighted_aug__579871953e3b
lightgbm,LGBMClassifier,6f5020a62aa64b2ba8e9eeb74b2bb836f9767f0e14b46b7d244a45e2f8dda4ec,2,d0e2d025,engagement,target_engagement,-10,371,1800,16404,43,878c34cf2e7399941af30ed0623103fcf66324e3c84753cfd8725855ef681b41,96921223f37aee74e8576505e04d8d93656b6d22365a8c1e79d1aadc606e3780,10,78,88,14e7db39757b0e6ce50aa4bfff978bdc0a7a9d901a347141ae7411e66e76b15d,126,280,406,d61de83582937a084b1892f2a198313c3ce571fa9d695e7a0b13735a27f52d45,1.0,381.48837209302326,19.074418604651164,2.445438282647585,190.74418604651163,190.74418604651163,f5cc2e2a9735684c02f1a346d6b4382feaa909bd5cd08678ba0a2c4ef6118a9a,lightgbm__fold_02__engagement__d0e2d025__weighted_aug__f5cc2e2a9735
lightgbm,LGBMClassifier,6f5020a62aa64b2ba8e9eeb74b2bb836f9767f0e14b46b7d244a45e2f8dda4ec,2,d18000a3,engagement,target_engagement,-10,371,1800,16404,43,878c34cf2e7399941af30ed0623103fcf66324e3c84753cfd8725855ef681b41,96921223f37aee74e8576505e04d8d93656b6d22365a8c1e79d1aadc606e3780,22,70,92,1ee04a4e3822da79ec20cad28c23628c73f902e589570f7a9b1a94a901f3e18c,204,136,340,9230c2a5cfea84f766226036d9d91f581c6116293ff0e8c8a4526448ee1b870e,1.0,381.48837209302326,8.670190274841438,2.7249169435215945,190.74418604651163,190.74418604651163,a7db347038677629980eed6bdaebfd172a64a8659b1478ad1d651e0b0f418f1e,lightgbm__fold_02__engagement__d18000a3__weighted_aug__a7db34703867
lightgbm,LGBMClassifier,6f5020a62aa64b2ba8e9eeb74b2bb836f9767f0e14b46b7d244a45e2f8dda4ec,2,f0f2a1e1,engagement,target_engagement,-10,371,1800,16404,43,878c34cf2e7399941af30ed0623103fcf66324e3c84753cfd8725855ef681b41,96921223f37aee74e8576505e04d8d93656b6d22365a8c1e79d1aadc606e3780,46,59,105,3d547a81602203a461b3d579e3509db1b64909d9da6866d714de58bd97556148,97,119,216,52943519b3ca86c6b5b7b1287dd0eb8f4ff291b349edc3c26430ef6fa41d0ca9,1.0,381.48837209302326,4.146612740141557,3.2329523058730785,190.74418604651163,190.74418604651163,589cde93f74c94114946dbaae6a4d087d08e485ba1d6f0157391fa436c375a1f,lightgbm__fold_02__engagement__f0f2a1e1__weighted_aug__589cde93f74c
lightgbm,LGBMClassifier,6f5020a62aa64b2ba8e9eeb74b2bb836f9767f0e14b46b7d244a45e2f8dda4ec,2,1081b177,excitement,target_excitement,-10,371,1800,16414,43,8128443e2c1fbe267985083ef437ccfcd31a09508cbb3f5c8359013491a7ae1d,8cf290447cc76b4db2bf7811a784e38768237f66e910c108ea9bd99fce1b2673,73,47,120,e21dc4be0d2b280f8511160ff27e59d6f42920883f989ef19826d911dd0d68a5,122,184,306,ec62b2e04fac79fcb79fc9adae1cbcb83f594284fccebf53f5534341c754bec8,1.0,381.72093023255815,2.6145269194010834,4.060860959920832,190.8604651162791,190.86046511627907,ee3b59877b5a602009c960b3be3b38c0b35926c75c7ce9f6c0118190d1870894,lightgbm__fold_02__excitement__1081b177__weighted_aug__ee3b59877b5a
lightgbm,LGBMClassifier,6f5020a62aa64b2ba8e9eeb74b2bb836f9767f0e14b46b7d244a45e2f8dda4ec,2,517001af,excitement,target_excitement,-10,371,1800,16414,43,8128443e2c1fbe267985083ef437ccfcd31a09508cbb3f5c8359013491a7ae1d,8cf290447cc76b4db2bf7811a784e38768237f66e910c108ea9bd99fce1b2673,17,106,123,c44884128b017dd04def78b10d3ee64ef9da0c42bec24d87f4dac717a93abe52,121,128,249,dad86721089fea8addc449a3f08070ccd5526abafc45134773344c73196e7c62,1.0,381.72093023255815,11.227086183310533,1.8005704256252744,190.86046511627904,190.86046511627907,7bff99b12c7e634fbcc0a1ff6345c4e79c1585c862e49268ecf7ff22decca5a5,lightgbm__fold_02__excitement__517001af__weighted_aug__7bff99b12c7e
lightgbm,LGBMClassifier,6f5020a62aa64b2ba8e9eeb74b2bb836f9767f0e14b46b7d244a45e2f8dda4ec,2,6030f0fd,excitement,target_excitement,-10,371,1800,16414,43,8128443e2c1fbe267985083ef437ccfcd31a09508cbb3f5c8359013491a7ae1d,8cf290447cc76b4db2bf7811a784e38768237f66e910c108ea9bd99fce1b2673,81,42,123,e38e01fc560b9b6d6b43a6e0303474dd73cb22e6096b6ac37699ef7568f6eab3,121,54,175,0da0abe8860982da853cfb74d7e88148bdabf495b6d6e8406ae4ac1ed56d9e35,1.0,381.72093023255815,2.356302038472581,4.544296788482835,190.86046511627907,190.86046511627904,2e69dfd8e35af821fef3bf306cf885949d29d4bd79a7bc4fc0bb003b654b83f9,lightgbm__fold_02__excitement__6030f0fd__weighted_aug__2e69dfd8e35a
lightgbm,LGBMClassifier,6f5020a62aa64b2ba8e9eeb74b2bb836f9767f0e14b46b7d244a45e2f8dda4ec,2,7072a0e0,excitement,target_excitement,-10,371,1800,16414,43,8128443e2c1fbe267985083ef437ccfcd31a09508cbb3f5c8359013491a7ae1d,8cf290447cc76b4db2bf7811a784e38768237f66e910c108ea9bd99fce1b2673,21,32,53,c5bc256a39a8484361639e4802a5daede59a16ab0e0352ccb8181b14b1280613,79,318,397,97a1dcbd158e82f2cb37747aa787d3f6ebb51ac1fa5b54e2fbdf58242c459f62,1.0,381.72093023255815,9.08859357696567,5.964389534883721,190.86046511627904,190.86046511627907,c1bafc68ae0400f3fb525921f72266c5a1a5d7562dc73c94c0682f069a17bfa1,lightgbm__fold_02__excitement__7072a0e0__weighted_aug__c1bafc68ae04
lightgbm,LGBMClassifier,6f5020a62aa64b2ba8e9eeb74b2bb836f9767f0e14b46b7d244a45e2f8dda4ec,2,a02151ac,excitement,target_excitement,-10,371,1800,16414,43,8128443e2c1fbe267985083ef437ccfcd31a09508cbb3f5c8359013491a7ae1d,8cf290447cc76b4db2bf7811a784e38768237f66e910c108ea9bd99fce1b2673,63,33,96,97e94bd84fe291f4e03c059a28ecda4eb1b0c0b58ac968921ed23ba3cea533de,316,93,409,9d1f846f8826f5882127016146d581fed9c25232fe7db3224452bad3d90413ce,1.0,381.72093023255815,3.02953119232189,5.783650458069062,190.86046511627907,190.86046511627907,dbffb942f888650c103c929ba55537db45de480b38d7a09d1118769d1f9e8bb6,lightgbm__fold_02__excitement__a02151ac__weighted_aug__dbffb942f888
lightgbm,LGBMClassifier,6f5020a62aa64b2ba8e9eeb74b2bb836f9767f0e14b46b7d244a45e2f8dda4ec,2,d0e2d025,excitement,target_excitement,-10,371,1800,16414,43,8128443e2c1fbe267985083ef437ccfcd31a09508cbb3f5c8359013491a7ae1d,8cf290447cc76b4db2bf7811a784e38768237f66e910c108ea9bd99fce1b2673,22,73,95,24abad6a126c971f6be714a9cb75aa1504f1787eafb38a5e8e9f3d71fa13963e,146,391,537,8ce08446f987952c584e05a7ca77d40575c594d791bc98f96c68097d72a4e355,1.0,381.72093023255815,8.675475687103594,2.6145269194010834,190.86046511627907,190.8604651162791,38b313aea5f002855fb5c48e2677175d3fe90b87d1c3995cf575a2fe47822a18,lightgbm__fold_02__excitement__d0e2d025__weighted_aug__38b313aea5f0
lightgbm,LGBMClassifier,6f5020a62aa64b2ba8e9eeb74b2bb836f9767f0e14b46b7d244a45e2f8dda4ec,2,d18000a3,excitement,target_excitement,-10,371,1800,16414,43,8128443e2c1fbe267985083ef437ccfcd31a09508cbb3f5c8359013491a7ae1d,8cf290447cc76b4db2bf7811a784e38768237f66e910c108ea9bd99fce1b2673,67,37,104,be50f345963ce2d78381e854dfae5b46c923ac028442353b1f6e848711f0041a,90,236,326,0430e492bafc786e6a08d8442f9ef50a79738ec45d26e2ca45fc67b6be428a28,1.0,381.72093023255815,2.8486636584519265,5.1583909490886235,190.86046511627907,190.86046511627907,63cd3cc849a65c4f51181a4db1a8c1b2d1251e81fc9a16f47dc803e9c63f8759,lightgbm__fold_02__excitement__d18000a3__weighted_aug__63cd3cc849a6
lightgbm,LGBMClassifier,6f5020a62aa64b2ba8e9eeb74b2bb836f9767f0e14b46b7d244a45e2f8dda4ec,2,f0f2a1e1,excitement,target_excitement,-10,371,1800,16414,43,8128443e2c1fbe267985083ef437ccfcd31a09508cbb3f5c8359013491a7ae1d,8cf290447cc76b4db2bf7811a784e38768237f66e910c108ea9bd99fce1b2673,17,108,125,f2160dcea908605da4a5e6a24d3efe070f53c98ec0b2a7eef387970a79ce727f,45,229,274,60aad71a195a26f036ffd277182cce50e4ccad6d7896b7da726db9355cebdd83,1.0,381.72093023255815,11.227086183310533,1.7672265288544358,190.86046511627904,190.86046511627907,b096fd9c9651b2fb9343cdbaba7906105f3e856d4a312b99f3ab7fe8bef4706c,lightgbm__fold_02__excitement__f0f2a1e1__weighted_aug__b096fd9c9651
lightgbm,LGBMClassifier,6f5020a62aa64b2ba8e9eeb74b2bb836f9767f0e14b46b7d244a45e2f8dda4ec,2,1081b177,focus,target_focus,-10,371,1800,16408,43,579252362f13a47c63e39500fdef5edae2a4fb3c1ab2e8ea24b60c89b6e48782,74e34c54e7221dc6ee613f5b9c86caff220ef215c764f9f3f1457db68a376147,40,60,100,fc1e4835fe05049a31d90cee0656b5b40c925df32ebb0558063e8e70bad703d6,97,234,331,1a8050db84ac55060018f5c41ffb62078cffa5d9b5c82a289dcfca39ca175f54,1.0,381.5813953488372,4.7697674418604645,3.17984496124031,190.7906976744186,190.7906976744186,d4f8c0f77a0252817b9e265edd3676acb0087822600133ae81bba545411c3f45,lightgbm__fold_02__focus__1081b177__weighted_aug__d4f8c0f77a02
lightgbm,LGBMClassifier,6f5020a62aa64b2ba8e9eeb74b2bb836f9767f0e14b46b7d244a45e2f8dda4ec,2,6030f0fd,focus,target_focus,-10,371,1800,16408,43,579252362f13a47c63e39500fdef5edae2a4fb3c1ab2e8ea24b60c89b6e48782,74e34c54e7221dc6ee613f5b9c86caff220ef215c764f9f3f1457db68a376147,82,44,126,7cacc3f59d01670a9052e0ce174363102a973ed5fa59e1a66ae84852ed8ab7f3,130,29,159,c759ca9d8ef0e9d61f91796ac380a333648299cfcbdc30620c0d77c11b12b8e6,1.0,381.5813953488372,2.3267158252977875,4.33615221987315,190.79069767441857,190.7906976744186,289a2bbaab45d54e702fa8c668f1387b0df69f1d1d3942553df815fca0e74200,lightgbm__fold_02__focus__6030f0fd__weighted_aug__289a2bbaab45
lightgbm,LGBMClassifier,6f5020a62aa64b2ba8e9eeb74b2bb836f9767f0e14b46b7d244a45e2f8dda4ec,2,7072a0e0,focus,target_focus,-10,371,1800,16408,43,579252362f13a47c63e39500fdef5edae2a4fb3c1ab2e8ea24b60c89b6e48782,74e34c54e7221dc6ee613f5b9c86caff220ef215c764f9f3f1457db68a376147,48,22,70,e299d26afbcd98ab8736b0c55c1df4577ba6be32b56b5b6476bb3d92ed6172db,66,341,407,13bd929d3a3c931b88637dde297a4748dc0431d0f37e3a28d04d60bcfa0097c1,1.0,381.5813953488372,3.9748062015503876,8.6723044397463,190.7906976744186,190.7906976744186,4a065259bf7bcd6ee66593c394120668cf45aa1d9a2838f4d4c4e513942ac1c2,lightgbm__fold_02__focus__7072a0e0__weighted_aug__4a065259bf7b
lightgbm,LGBMClassifier,6f5020a62aa64b2ba8e9eeb74b2bb836f9767f0e14b46b7d244a45e2f8dda4ec,2,a02151ac,focus,target_focus,-10,371,1800,16408,43,579252362f13a47c63e39500fdef5edae2a4fb3c1ab2e8ea24b60c89b6e48782,74e34c54e7221dc6ee613f5b9c86caff220ef215c764f9f3f1457db68a376147,50,54,104,fae69699fca71a974cfb39b17787eedb80dba17d2527963955c052ca4bdd9d94,319,76,395,c2615751b397a76df01986f974b365f007a28b09881a256e7ba217dcb3326791,1.0,381.5813953488372,3.8158139534883717,3.5331610680447887,190.7906976744186,190.7906976744186,64a8b84b2a8b5d3d96a59e14a4574595a4fb98c494027cb49f6113b137562b5a,lightgbm__fold_02__focus__a02151ac__weighted_aug__64a8b84b2a8b
lightgbm,LGBMClassifier,6f5020a62aa64b2ba8e9eeb74b2bb836f9767f0e14b46b7d244a45e2f8dda4ec,2,d0e2d025,focus,target_focus,-10,371,1800,16408,43,579252362f13a47c63e39500fdef5edae2a4fb3c1ab2e8ea24b60c89b6e48782,74e34c54e7221dc6ee613f5b9c86caff220ef215c764f9f3f1457db68a376147,32,60,92,1d191f93397bc9bd9a95d17b8c13f44f77cb209de9b8ef5b9c3a446485798b9c,130,394,524,84fac9f1e48991c325d5325e08ac4ef6df4b08e3f593628dd3a84533ffd4312e,1.0,381.5813953488372,5.962209302325581,3.17984496124031,190.7906976744186,190.7906976744186,0a811e4839532fa826092332ddea7dd4039f2b3804fc6b5e48969bf5ace59bba,lightgbm__fold_02__focus__d0e2d025__weighted_aug__0a811e483953
lightgbm,LGBMClassifier,6f5020a62aa64b2ba8e9eeb74b2bb836f9767f0e14b46b7d244a45e2f8dda4ec,2,d18000a3,focus,target_focus,-10,371,1800,16408,43,579252362f13a47c63e39500fdef5edae2a4fb3c1ab2e8ea24b60c89b6e48782,74e34c54e7221dc6ee613f5b9c86caff220ef215c764f9f3f1457db68a376147,88,31,119,7b6214ac0bca9df624c53c20d940527044bbf9cc0653c5cff7930ee2a0b2ad1f,72,249,321,c28a55c7cd17ea74513e74433c260bc9e427984db1691c237aa75e9540d09864,1.0,381.5813953488372,2.168076109936575,6.154538634658665,190.7906976744186,190.7906976744186,c658ff042f7078c4c4ecdebafabf5f863c6a3afe5647bbfd3440930f15b5c26c,lightgbm__fold_02__focus__d18000a3__weighted_aug__c658ff042f70
lightgbm,LGBMClassifier,6f5020a62aa64b2ba8e9eeb74b2bb836f9767f0e14b46b7d244a45e2f8dda4ec,2,1081b177,interest,target_interest,-10,371,1800,16405,43,c5c15f44d2e69c783960565a46f87ce02502fa98359739201710edf8deeb3c6c,a6f226a94e84838366c4cf62d5dbcdfa343d2e4317631dc9cd843403760f8fb3,100,45,145,4b69f76dc21e4f55a3a036934df30bc75b36485e96902431c88525eaf3bcd6ff,134,183,317,c6d7d62ba703c3bf617592f9ff76f80a7db5e40b1cfa3b76564f57d3ea0fde7a,1.0,381.51162790697674,1.9075581395348837,4.239018087855297,190.75581395348837,190.75581395348837,0efa9bf34c6caacb0604a9340a8013f84769093ae6e501a5315d42d9d15f73ee,lightgbm__fold_02__interest__1081b177__weighted_aug__0efa9bf34c6c
lightgbm,LGBMClassifier,6f5020a62aa64b2ba8e9eeb74b2bb836f9767f0e14b46b7d244a45e2f8dda4ec,2,517001af,interest,target_interest,-10,371,1800,16405,43,c5c15f44d2e69c783960565a46f87ce02502fa98359739201710edf8deeb3c6c,a6f226a94e84838366c4cf62d5dbcdfa343d2e4317631dc9cd843403760f8fb3,94,20,114,35b20be663ef65b191dafcd591f0a03349845e181a637082045e11105972b2de,55,51,106,99a0772f552126e586d8baa1e2e7c3e19a8d097e96fc591853278d6e49f170c8,1.0,381.51162790697674,2.0293171697179613,9.537790697674419,190.75581395348837,190.75581395348837,53883fc782769e841be5c9e22e074c786224389d64599b6ed9f3b3d2c51229de,lightgbm__fold_02__interest__517001af__weighted_aug__53883fc78276
lightgbm,LGBMClassifier,6f5020a62aa64b2ba8e9eeb74b2bb836f9767f0e14b46b7d244a45e2f8dda4ec,2,6030f0fd,interest,target_interest,-10,371,1800,16405,43,c5c15f44d2e69c783960565a46f87ce02502fa98359739201710edf8deeb3c6c,a6f226a94e84838366c4cf62d5dbcdfa343d2e4317631dc9cd843403760f8fb3,61,78,139,9bddee57a34beb6b59f2ed8633112ca930eda90542a8bae7008b36c84e740e9b,70,61,131,20b9621e1cdf1ef54d9d06a1662a3a5aa80ffe8a563778c41161ebd304c7fff1,1.0,381.51162790697674,3.127144491040793,2.445587358378056,190.75581395348837,190.75581395348837,382757741274a2cb15922e436071c5cc4eb69130f049d61f5cb3a3b9d9451532,lightgbm__fold_02__interest__6030f0fd__weighted_aug__382757741274
lightgbm,LGBMClassifier,6f5020a62aa64b2ba8e9eeb74b2bb836f9767f0e14b46b7d244a45e2f8dda4ec,2,7072a0e0,interest,target_interest,-10,371,1800,16405,43,c5c15f44d2e69c783960565a46f87ce02502fa98359739201710edf8deeb3c6c,a6f226a94e84838366c4cf62d5dbcdfa343d2e4317631dc9cd843403760f8fb3,25,30,55,4aafba00b7fe3d35540af9e062da306b5c2f308a8cd0aaaf1b22904429b981d3,98,282,380,6c36700502941333c28b0984e6b9c4ae4c51a1b67541d592a970704808f5b0b8,1.0,381.51162790697674,7.630232558139535,6.358527131782946,190.75581395348837,190.75581395348837,a4ef570d2a136a5095efc86eaf780f041824699267c1114edd0f7ce38adde60c,lightgbm__fold_02__interest__7072a0e0__weighted_aug__a4ef570d2a13
lightgbm,LGBMClassifier,6f5020a62aa64b2ba8e9eeb74b2bb836f9767f0e14b46b7d244a45e2f8dda4ec,2,71c09041,interest,target_interest,-10,371,1800,16405,43,c5c15f44d2e69c783960565a46f87ce02502fa98359739201710edf8deeb3c6c,a6f226a94e84838366c4cf62d5dbcdfa343d2e4317631dc9cd843403760f8fb3,52,47,99,d9f410b65b3a6e922622c7fe2e5fdd2d05b6bc7dca02ce1493d1ddeadedf7ffc,60,223,283,46c335c9765254bfb72e3cc9757e87f2b51e6984eda6040fbbfaeca75ac7308f,1.0,381.51162790697674,3.6683810375670842,4.0586343394359226,190.75581395348837,190.75581395348837,289794ddf721484840029594b4774bf0acb130871622edee616de9b4817f4a99,lightgbm__fold_02__interest__71c09041__weighted_aug__289794ddf721
lightgbm,LGBMClassifier,6f5020a62aa64b2ba8e9eeb74b2bb836f9767f0e14b46b7d244a45e2f8dda4ec,2,a02151ac,interest,target_interest,-10,371,1800,16405,43,c5c15f44d2e69c783960565a46f87ce02502fa98359739201710edf8deeb3c6c,a6f226a94e84838366c4cf62d5dbcdfa343d2e4317631dc9cd843403760f8fb3,20,63,83,5042bf60e378111e4e0e192d22c7251f7773ce6167313bd231fcfb3f94c4138a,117,153,270,2ccb53cdb3997eb0c8bdae62e7639c3240cdf95034e2a4097613fd3cc4af7d0a,1.0,381.51162790697674,9.537790697674419,3.0278700627537836,190.75581395348837,190.75581395348837,0c28e8186035ad28be7b4bd28ee7e6f4d7a827ca3303fcbffc0826d6f5469c98,lightgbm__fold_02__interest__a02151ac__weighted_aug__0c28e8186035
lightgbm,LGBMClassifier,6f5020a62aa64b2ba8e9eeb74b2bb836f9767f0e14b46b7d244a45e2f8dda4ec,2,d0e2d025,interest,target_interest,-10,371,1800,16405,43,c5c15f44d2e69c783960565a46f87ce02502fa98359739201710edf8deeb3c6c,a6f226a94e84838366c4cf62d5dbcdfa343d2e4317631dc9cd843403760f8fb3,93,21,114,12e72c2fe47b676820b3452f422a2a8f7221570eed9bc125dead8e3c33d03a28,247,280,527,fbd1b9f40907ae75c16f2b0a1299594315a7cee9bb2aeae025177405482423a4,1.0,381.51162790697674,2.0511377844461114,9.083610188261352,190.75581395348837,190.75581395348837,08f4289f3a6ab3241ae7ff45ae3ad10e4b609b60448173c257936273ec3e7841,lightgbm__fold_02__interest__d0e2d025__weighted_aug__08f4289f3a6a
lightgbm,LGBMClassifier,6f5020a62aa64b2ba8e9eeb74b2bb836f9767f0e14b46b7d244a45e2f8dda4ec,2,d18000a3,interest,target_interest,-10,371,1800,16405,43,c5c15f44d2e69c783960565a46f87ce02502fa98359739201710edf8deeb3c6c,a6f226a94e84838366c4cf62d5dbcdfa343d2e4317631dc9cd843403760f8fb3,54,38,92,e016f933539007bb7c34a4b9b3ee71567f48d837b47693e4eb97a56145c364ea,108,191,299,3bd11e43713d3c651f3fff72173819e662c67f066683967278a9c70122151d77,1.0,381.51162790697674,3.5325150732127475,5.019889840881273,190.75581395348837,190.75581395348837,22071b5bc3dc00c716f7a725025d82e0db2fb4919586df11461b7f64d06effa2,lightgbm__fold_02__interest__d18000a3__weighted_aug__22071b5bc3dc
lightgbm,LGBMClassifier,6f5020a62aa64b2ba8e9eeb74b2bb836f9767f0e14b46b7d244a45e2f8dda4ec,2,1081b177,relaxation,target_relaxation,-10,371,1800,16429,43,2e83a1c1225e05466fe0b2b5ffb2b245f458634c7a01109b8b7feb9fe9b3e86e,7656df549309178054e578a36ceed79ea658632f163e5e508467b9011bdaa756,109,18,127,8c4e889ca156d5945424addcee27ce862e0bd3c7a4a0ea9d0d2f5d6e0e7d94d5,174,97,271,3b1d0a3245dc7ac8a5fda059d2429c786e88ef1179b27e74e72757ae4f7f2683,1.0,382.06976744186045,1.752613612118626,10.613049095607234,191.03488372093022,191.03488372093022,21da3321bbc430a00d5fc5f09c100a518395f3d4225702dfa55962e0ca2b0ff0,lightgbm__fold_02__relaxation__1081b177__weighted_aug__21da3321bbc4
lightgbm,LGBMClassifier,6f5020a62aa64b2ba8e9eeb74b2bb836f9767f0e14b46b7d244a45e2f8dda4ec,2,517001af,relaxation,target_relaxation,-10,371,1800,16429,43,2e83a1c1225e05466fe0b2b5ffb2b245f458634c7a01109b8b7feb9fe9b3e86e,7656df549309178054e578a36ceed79ea658632f163e5e508467b9011bdaa756,134,15,149,17ead14aa73c2a20f380896d89f5e94e1a8a5a75fa85c309eaa4e01d72b6b4ab,135,63,198,f76411b80d4233da0f00c77612cb7a37c5586352841d388ed4bdd71c0312fb15,1.0,382.06976744186045,1.425633460603957,12.735658914728681,191.03488372093022,191.03488372093022,c5b10b69877cac7eb8198713f46852f649774548e11711176ee26daf7c15f3e0,lightgbm__fold_02__relaxation__517001af__weighted_aug__c5b10b69877c
lightgbm,LGBMClassifier,6f5020a62aa64b2ba8e9eeb74b2bb836f9767f0e14b46b7d244a45e2f8dda4ec,2,6030f0fd,relaxation,target_relaxation,-10,371,1800,16429,43,2e83a1c1225e05466fe0b2b5ffb2b245f458634c7a01109b8b7feb9fe9b3e86e,7656df549309178054e578a36ceed79ea658632f163e5e508467b9011bdaa756,35,57,92,83527806395990a15f303285415f5495d3166f79d07bd8c7e70a1618adba03c6,64,73,137,a5b0c2a453c652362c42041bf40596d89c44ce48f971aba384c79be71140b739,1.0,382.06976744186045,5.4581395348837205,3.351489188086495,191.03488372093022,191.03488372093022,2e1bafd1d0ece81a309494181d7cb1a9bd5fc8c61dbe830211e17c0a4b3e1305,lightgbm__fold_02__relaxation__6030f0fd__weighted_aug__2e1bafd1d0ec
lightgbm,LGBMClassifier,6f5020a62aa64b2ba8e9eeb74b2bb836f9767f0e14b46b7d244a45e2f8dda4ec,2,7072a0e0,relaxation,target_relaxation,-10,371,1800,16429,43,2e83a1c1225e05466fe0b2b5ffb2b245f458634c7a01109b8b7feb9fe9b3e86e,7656df549309178054e578a36ceed79ea658632f163e5e508467b9011bdaa756,13,17,30,e222bc05a7daaf55886457debde5a07c0e34a86eeedca59cad76519c0b91d86a,125,178,303,e55870739be886d125d92dd01d640f9b57b93bfd29db2483636f7f034eedd54b,1.0,382.06976744186045,14.694991055456171,11.23734610123119,191.03488372093022,191.03488372093022,866924e8c7452aa012f7379311a464863679eb4fb71daab84a77a3054df3802e,lightgbm__fold_02__relaxation__7072a0e0__weighted_aug__866924e8c745
lightgbm,LGBMClassifier,6f5020a62aa64b2ba8e9eeb74b2bb836f9767f0e14b46b7d244a45e2f8dda4ec,2,71c09041,relaxation,target_relaxation,-10,371,1800,16429,43,2e83a1c1225e05466fe0b2b5ffb2b245f458634c7a01109b8b7feb9fe9b3e86e,7656df549309178054e578a36ceed79ea658632f163e5e508467b9011bdaa756,33,40,73,ab96902f0e4eb26682e954970372494214f490abaf6a1783f7a221d41e1d0a92,159,177,336,ba1cfa56cf8aadc23e127a2a0dad65c99ce41364e5b40ffee4be3d8c9b56988a,1.0,382.06976744186045,5.788935870331219,4.775872093023255,191.03488372093022,191.03488372093022,536c7745e986812e8f642706a7612ac8d4ffe45bfb7cd563b358d8b3cec3b106,lightgbm__fold_02__relaxation__71c09041__weighted_aug__536c7745e986
lightgbm,LGBMClassifier,6f5020a62aa64b2ba8e9eeb74b2bb836f9767f0e14b46b7d244a45e2f8dda4ec,2,a02151ac,relaxation,target_relaxation,-10,371,1800,16429,43,2e83a1c1225e05466fe0b2b5ffb2b245f458634c7a01109b8b7feb9fe9b3e86e,7656df549309178054e578a36ceed79ea658632f163e5e508467b9011bdaa756,49,39,88,1090070b60f6897f9924581804a34b8325d676efee45b181b45b7b4c3cff336c,210,179,389,e1b2cfebf157407c60f828531f5f9895961f3dbf75b100c3fe478e4eec41249b,1.0,382.06976744186045,3.898671096345515,4.898330351818724,191.03488372093022,191.03488372093022,86372ec2464de8542b1485f14d86c24ee731b53e4c1dd45c2445dfba4ac3292d,lightgbm__fold_02__relaxation__a02151ac__weighted_aug__86372ec2464d
lightgbm,LGBMClassifier,6f5020a62aa64b2ba8e9eeb74b2bb836f9767f0e14b46b7d244a45e2f8dda4ec,2,d0e2d025,relaxation,target_relaxation,-10,371,1800,16429,43,2e83a1c1225e05466fe0b2b5ffb2b245f458634c7a01109b8b7feb9fe9b3e86e,7656df549309178054e578a36ceed79ea658632f163e5e508467b9011bdaa756,39,40,79,fd4915b21909c48fb55797d4e1274571798724726f8d496cb647c918f3c08d01,183,290,473,1df607063182f22488640073a6d918ce5971fc976b891a7a5c5b70c6e5f9c1ec,1.0,382.06976744186045,4.898330351818724,4.775872093023255,191.03488372093022,191.03488372093022,a6825ee8fd6e30515c8379852376d880d7fe23d65c14c49d6187d6a7b889ff53,lightgbm__fold_02__relaxation__d0e2d025__weighted_aug__a6825ee8fd6e
lightgbm,LGBMClassifier,6f5020a62aa64b2ba8e9eeb74b2bb836f9767f0e14b46b7d244a45e2f8dda4ec,2,d18000a3,relaxation,target_relaxation,-10,371,1800,16429,43,2e83a1c1225e05466fe0b2b5ffb2b245f458634c7a01109b8b7feb9fe9b3e86e,7656df549309178054e578a36ceed79ea658632f163e5e508467b9011bdaa756,37,46,83,59253eed508d208e8d9f8e258877d46f6739c2bbdae39fb5e65f6b1bdaad259b,181,214,395,7cbae68d1bc4a9384f92a2eb693c847944839bb84696281d593e1ee142ec96f0,1.0,382.06976744186045,5.163104965430547,4.152932254802831,191.03488372093022,191.03488372093022,91c2dad39a87b19e4bc37d115dd12c59db3f8a64591ae254856e8712ebcb8e63,lightgbm__fold_02__relaxation__d18000a3__weighted_aug__91c2dad39a87
lightgbm,LGBMClassifier,6f5020a62aa64b2ba8e9eeb74b2bb836f9767f0e14b46b7d244a45e2f8dda4ec,2,f0f2a1e1,relaxation,target_relaxation,-10,371,1800,16429,43,2e83a1c1225e05466fe0b2b5ffb2b245f458634c7a01109b8b7feb9fe9b3e86e,7656df549309178054e578a36ceed79ea658632f163e5e508467b9011bdaa756,89,19,108,9834baed87ed0e5a11669ea4585505fb6636e847b6d7aee7a65feb16cb9244aa,129,80,209,f5ed40201f305417313a1065f632fd71c041321821653a3689ceed663b356d44,1.0,382.06976744186045,2.1464593676509014,10.054467564259486,191.03488372093022,191.03488372093022,8c821dc6e38a263d7d1d484d92187eb1d6d590199c6a62a4c66c768123e87d84,lightgbm__fold_02__relaxation__f0f2a1e1__weighted_aug__8c821dc6e38a
lightgbm,LGBMClassifier,6f5020a62aa64b2ba8e9eeb74b2bb836f9767f0e14b46b7d244a45e2f8dda4ec,2,1081b177,stress,target_stress,-10,371,1800,16401,43,8411423f328c85b008130bdb1aaa959cb4d1107da7454c28e84663819d643639,f31c8981acf165f01f66cc01c4f2b2d6927c370f1a035493f12dece19b93ba49,77,40,117,3c90b30b04b4731e136796fc85f297e5b81804c7459b5ebbc3c138dd3accd72e,153,166,319,6293eef1d07861679cf1cb0c1772c2ce42c9fd23d4afd543db35323b34380205,1.0,381.4186046511628,2.4767441860465116,4.767732558139535,190.7093023255814,190.7093023255814,f896753cdfcf63dc489843c3ada05e6c0a310f7a3af296a032a6bd67295b7318,lightgbm__fold_02__stress__1081b177__weighted_aug__f896753cdfcf
lightgbm,LGBMClassifier,6f5020a62aa64b2ba8e9eeb74b2bb836f9767f0e14b46b7d244a45e2f8dda4ec,2,517001af,stress,target_stress,-10,371,1800,16401,43,8411423f328c85b008130bdb1aaa959cb4d1107da7454c28e84663819d643639,f31c8981acf165f01f66cc01c4f2b2d6927c370f1a035493f12dece19b93ba49,13,21,34,3f2da3c018bf6ca7e0bbe389a6408e93e9fd28deb70b7d8f947794f78e3f0658,9,69,78,15d3c030b9a43345471d98209e1cf388ed498dff5eacfdc6d51f3d3f3dfa8a5b,1.0,381.4186046511628,14.66994633273703,9.08139534883721,190.7093023255814,190.7093023255814,b1fd4862cd22ebe8e93e9c5e4d5d906a8d95044b3ab7b49baab066c75cfb6a50,lightgbm__fold_02__stress__517001af__weighted_aug__b1fd4862cd22
lightgbm,LGBMClassifier,6f5020a62aa64b2ba8e9eeb74b2bb836f9767f0e14b46b7d244a45e2f8dda4ec,2,6030f0fd,stress,target_stress,-10,371,1800,16401,43,8411423f328c85b008130bdb1aaa959cb4d1107da7454c28e84663819d643639,f31c8981acf165f01f66cc01c4f2b2d6927c370f1a035493f12dece19b93ba49,70,77,147,68284f0255626ee382b5c4e03544c3505c7ebd3cf3ee3af43c54437542cec315,128,27,155,cc7e98106eb1542fa4ea2730598e51b3451255fb5efcf516b512b63c4d51e1e6,1.0,381.4186046511628,2.724418604651163,2.4767441860465116,190.7093023255814,190.7093023255814,cc8a62575efeae031c2d08ff5a7aae7297acc5e4837a88644f2a6a036ca02dba,lightgbm__fold_02__stress__6030f0fd__weighted_aug__cc8a62575efe
lightgbm,LGBMClassifier,6f5020a62aa64b2ba8e9eeb74b2bb836f9767f0e14b46b7d244a45e2f8dda4ec,2,7072a0e0,stress,target_stress,-10,371,1800,16401,43,8411423f328c85b008130bdb1aaa959cb4d1107da7454c28e84663819d643639,f31c8981acf165f01f66cc01c4f2b2d6927c370f1a035493f12dece19b93ba49,46,13,59,f019242fe3cf1cd88061245cb369452ce9e88de65531fc0a0b9351c15e7479ff,84,369,453,b143a484ddcc3b1ca1fbc95f1b747e4e5e29e80893d072b2849f2bfad786b43f,1.0,381.4186046511628,4.1458543983822045,14.66994633273703,190.7093023255814,190.7093023255814,f6c6786df4b152c14e2baefc8560a9c83310b15ea2c1b72d126533b24dcd53d0,lightgbm__fold_02__stress__7072a0e0__weighted_aug__f6c6786df4b1
lightgbm,LGBMClassifier,6f5020a62aa64b2ba8e9eeb74b2bb836f9767f0e14b46b7d244a45e2f8dda4ec,2,a02151ac,stress,target_stress,-10,371,1800,16401,43,8411423f328c85b008130bdb1aaa959cb4d1107da7454c28e84663819d643639,f31c8981acf165f01f66cc01c4f2b2d6927c370f1a035493f12dece19b93ba49,50,93,143,bbe3c564f4ad5f3ffbbd6f72b76649914470569bcb4ea2352c12fceef97cedc4,233,89,322,67f6809f032fc9ebfb036a46a3c3987a25f9446ed34b84380441a7043bb0c12d,1.0,381.4186046511628,3.814186046511628,2.050637659414854,190.7093023255814,190.7093023255814,b62bf444e236645d9eb3a5e61cebe3de7d2cbcef7d9598dd8cb503ce39e62d97,lightgbm__fold_02__stress__a02151ac__weighted_aug__b62bf444e236
lightgbm,LGBMClassifier,6f5020a62aa64b2ba8e9eeb74b2bb836f9767f0e14b46b7d244a45e2f8dda4ec,2,d0e2d025,stress,target_stress,-10,371,1800,16401,43,8411423f328c85b008130bdb1aaa959cb4d1107da7454c28e84663819d643639,f31c8981acf165f01f66cc01c4f2b2d6927c370f1a035493f12dece19b93ba49,40,44,84,01314a4349e784b663eccc9770187bfc220301ad5d13100acea56db0c7ceed88,124,363,487,326a3968dab77e9fea38c2687b9799f941a0809e6cf364bb56c6a420501da50d,1.0,381.4186046511628,4.767732558139535,4.334302325581396,190.7093023255814,190.7093023255814,6e82100c5f11ae0613aa9674d3c0e6de96fd763a5ecd212e0e0833399f763cb0,lightgbm__fold_02__stress__d0e2d025__weighted_aug__6e82100c5f11
lightgbm,LGBMClassifier,6f5020a62aa64b2ba8e9eeb74b2bb836f9767f0e14b46b7d244a45e2f8dda4ec,2,d18000a3,stress,target_stress,-10,371,1800,16401,43,8411423f328c85b008130bdb1aaa959cb4d1107da7454c28e84663819d643639,f31c8981acf165f01f66cc01c4f2b2d6927c370f1a035493f12dece19b93ba49,40,33,73,3040bd2d76be51e4ff0562e70ff41b03712b26ac72f6b840d616b6c60a7e4882,3,173,176,b0b60773ec2f3c4267523e0b9c23c2b33ee01b3549e6cdd6f63127242ff80cf7,1.0,381.4186046511628,4.767732558139535,5.779069767441861,190.7093023255814,190.7093023255814,cfa5224cd58e0e64bd951f7f885b16142987f8c797f227ec687df0e9780fc887,lightgbm__fold_02__stress__d18000a3__weighted_aug__cfa5224cd58e
lightgbm,LGBMClassifier,6f5020a62aa64b2ba8e9eeb74b2bb836f9767f0e14b46b7d244a45e2f8dda4ec,2,f0f2a1e1,stress,target_stress,-10,371,1800,16401,43,8411423f328c85b008130bdb1aaa959cb4d1107da7454c28e84663819d643639,f31c8981acf165f01f66cc01c4f2b2d6927c370f1a035493f12dece19b93ba49,125,22,147,39030d9e91465fbf6b76854c26207dbd861e327a2e4300d755ea85685ee6d168,143,105,248,acc74de136fb9297eb38a01d3d9989605d401a9940bcf7a8f9605e773f19cc78,1.0,381.4186046511628,1.5256744186046511,8.668604651162791,190.7093023255814,190.7093023255814,710e47607089e1ee2b04963fed5667148cd515e79c1ec2c2cf870aa0518494e2,lightgbm__fold_02__stress__f0f2a1e1__weighted_aug__710e47607089
lightgbm,LGBMClassifier,6f5020a62aa64b2ba8e9eeb74b2bb836f9767f0e14b46b7d244a45e2f8dda4ec,3,2162c09e,attention,target_attention,-10,371,1800,15726,42,a5cebc76705dfe78d9069309261992d18aaefba45bd8350cd77267952e5e1ff9,d9fe93c98329da3f22770036d5d5bcc1723fbbfb61707901d1eaef4a7001f95d,109,23,132,14d784ba1b3b2229afdcd5717468b418d648d6931d2851b3d27f43215dfc61c9,174,165,339,56b6995bd55372a81a1ed4292d43e6f45dd430a0df12116b98c122f2d74c7fd6,1.0,374.42857142857144,1.717562254259502,8.139751552795031,187.21428571428572,187.21428571428572,9d0b17f284ef11eff33001e1d2a72320c3a001015d1f39f7726b3468ccc9f7ab,lightgbm__fold_03__attention__2162c09e__weighted_aug__9d0b17f284ef
lightgbm,LGBMClassifier,6f5020a62aa64b2ba8e9eeb74b2bb836f9767f0e14b46b7d244a45e2f8dda4ec,3,21a031f6,attention,target_attention,-10,371,1800,15726,42,a5cebc76705dfe78d9069309261992d18aaefba45bd8350cd77267952e5e1ff9,d9fe93c98329da3f22770036d5d5bcc1723fbbfb61707901d1eaef4a7001f95d,39,82,121,c7dcc87d9d112ba13026c95db981d4f1d57e9c37de6e144e6657c568704b3e58,293,174,467,9c570f8cb8ca04b135c8e351148b4855c5d1642a2c99c8ded808a1c70ca15ba1,1.0,374.42857142857144,4.8003663003663,2.2831010452961675,187.2142857142857,187.21428571428575,798a47abd10ed12940c6c17b7a94ba1b91de6b2f048f9c894827b6a72db68fb0,lightgbm__fold_03__attention__21a031f6__weighted_aug__798a47abd10e
lightgbm,LGBMClassifier,6f5020a62aa64b2ba8e9eeb74b2bb836f9767f0e14b46b7d244a45e2f8dda4ec,3,41e2010c,attention,target_attention,-10,371,1800,15726,42,a5cebc76705dfe78d9069309261992d18aaefba45bd8350cd77267952e5e1ff9,d9fe93c98329da3f22770036d5d5bcc1723fbbfb61707901d1eaef4a7001f95d,51,26,77,117d7dba8aee018cea320f82cd4fa5f0df574034649ad2d970c78b04858ca65b,35,79,114,4deebd60b75c3b485a5bc1a40b84999fa349398e292002670af4aedafadc8c3f,1.0,374.42857142857144,3.670868347338936,7.200549450549451,187.21428571428572,187.21428571428572,72bd9222f180410fade1874ede3c51ea1aec774743b8a17093ffb25e6b79d4da,lightgbm__fold_03__attention__41e2010c__weighted_aug__72bd9222f180
lightgbm,LGBMClassifier,6f5020a62aa64b2ba8e9eeb74b2bb836f9767f0e14b46b7d244a45e2f8dda4ec,3,5001d09a,attention,target_attention,-10,371,1800,15726,42,a5cebc76705dfe78d9069309261992d18aaefba45bd8350cd77267952e5e1ff9,d9fe93c98329da3f22770036d5d5bcc1723fbbfb61707901d1eaef4a7001f95d,50,37,87,8d44f56df6542434988021e577ec031cf857931c27262115c76237d193c66b1d,32,33,65,0ae080eaf45181a34a43b226b9912fbaebdb1313552016c84e9057b0ada52513,1.0,374.42857142857144,3.7442857142857147,5.05984555984556,187.21428571428572,187.21428571428572,f0730e0eaf5182c4e4f90b96aca8c9dadfe3640cbbf30cba8a8fb05048a5b56e,lightgbm__fold_03__attention__5001d09a__weighted_aug__f0730e0eaf51
lightgbm,LGBMClassifier,6f5020a62aa64b2ba8e9eeb74b2bb836f9767f0e14b46b7d244a45e2f8dda4ec,3,50c02189,attention,target_attention,-10,371,1800,15726,42,a5cebc76705dfe78d9069309261992d18aaefba45bd8350cd77267952e5e1ff9,d9fe93c98329da3f22770036d5d5bcc1723fbbfb61707901d1eaef4a7001f95d,25,56,81,4824ebfd810f31a772411e965da6856b561b1163de1d0392a4ea72f8982f34cf,118,387,505,c759cfda2c34de898dfda542bae22ca4a17b3a644113020fcbc9e7c4cab2833d,1.0,374.42857142857144,7.488571428571429,3.3431122448979593,187.21428571428572,187.21428571428572,b7f6a90164313e86c2445b970107bd3d26500b9804002644f42fdf3b0e9471a6,lightgbm__fold_03__attention__50c02189__weighted_aug__b7f6a9016431
lightgbm,LGBMClassifier,6f5020a62aa64b2ba8e9eeb74b2bb836f9767f0e14b46b7d244a45e2f8dda4ec,3,71f21142,attention,target_attention,-10,371,1800,15726,42,a5cebc76705dfe78d9069309261992d18aaefba45bd8350cd77267952e5e1ff9,d9fe93c98329da3f22770036d5d5bcc1723fbbfb61707901d1eaef4a7001f95d,46,39,85,2a83a6263a40c4ed1e77a138ceeb9b25742aa1d47e3b9475777bfb0a131a011f,105,138,243,fea1489cdf339c287bb1cd782a1989662353ec2522b080eeedf983247f9def48,1.0,374.42857142857144,4.069875776397516,4.8003663003663,187.21428571428572,187.2142857142857,ab5e5cd897af6b477daabed9745aa4612a0b9c7585be63db515d81711b302051,lightgbm__fold_03__attention__71f21142__weighted_aug__ab5e5cd897af
lightgbm,LGBMClassifier,6f5020a62aa64b2ba8e9eeb74b2bb836f9767f0e14b46b7d244a45e2f8dda4ec,3,b0700166,attention,target_attention,-10,371,1800,15726,42,a5cebc76705dfe78d9069309261992d18aaefba45bd8350cd77267952e5e1ff9,d9fe93c98329da3f22770036d5d5bcc1723fbbfb61707901d1eaef4a7001f95d,30,40,70,ec4bd3ee2b23b9828aad394b93d241de17bfdec9706bb594866eb91fcf4a3c9f,137,294,431,166ce5b5fa3d031ea4b87015049842e04f9fc93fb144debe9ae21972558af682,1.0,374.42857142857144,6.2404761904761905,4.680357142857143,187.21428571428572,187.21428571428572,1be48816c47e41042515c1c82a020e0571597e6010328508cb860289f2e1a862,lightgbm__fold_03__attention__b0700166__weighted_aug__1be48816c47e
lightgbm,LGBMClassifier,6f5020a62aa64b2ba8e9eeb74b2bb836f9767f0e14b46b7d244a45e2f8dda4ec,3,d0724095,attention,target_attention,-10,371,1800,15726,42,a5cebc76705dfe78d9069309261992d18aaefba45bd8350cd77267952e5e1ff9,d9fe93c98329da3f22770036d5d5bcc1723fbbfb61707901d1eaef4a7001f95d,123,28,151,fe73f78528c51e314093efc2754e845aee5071e3a569d3898e3e70646f975396,80,136,216,d31a21c1342d1188ef0929f933f179be7d3ee663ee050f5e39df95cfb136180b,1.0,374.42857142857144,1.5220673635307782,6.686224489795919,187.21428571428572,187.21428571428572,949f1535d5949ddb37424c225c956656601bd15861bd5b6590825f755f60b741,lightgbm__fold_03__attention__d0724095__weighted_aug__949f1535d594
lightgbm,LGBMClassifier,6f5020a62aa64b2ba8e9eeb74b2bb836f9767f0e14b46b7d244a45e2f8dda4ec,3,0012905a,engagement,target_engagement,-10,371,1800,16515,42,61e4715e3fdbf84e55771724176e8af24b1d35914579776aac4f4fb3de4dcd0f,a74a573473ef95d46567294f0aa220d0bd8b428d9a9120f4a96756b0c84d9f51,112,32,144,de501c868dd756a4f7824a659d3d2f74f53e7f4f1c50506c66e957ef54b6bd21,271,170,441,981fa535735ab847bd4a0f1bc87adc16aa6ba9a1eace7bc27a02acd1002f1bdf,1.0,393.2142857142857,1.755420918367347,6.143973214285714,196.60714285714286,196.60714285714286,3668fa2299f5d00edd0355b72ec4c8469b7c02c7202c4540fefe4da914abe76e,lightgbm__fold_03__engagement__0012905a__weighted_aug__3668fa2299f5
lightgbm,LGBMClassifier,6f5020a62aa64b2ba8e9eeb74b2bb836f9767f0e14b46b7d244a45e2f8dda4ec,3,20201194,engagement,target_engagement,-10,371,1800,16515,42,61e4715e3fdbf84e55771724176e8af24b1d35914579776aac4f4fb3de4dcd0f,a74a573473ef95d46567294f0aa220d0bd8b428d9a9120f4a96756b0c84d9f51,23,66,89,2b9fe0daa13b734fca556227076b237f55810e7628cd97e7817ff804e124b64d,146,36,182,4506280bf6c53edd5ffc525410612ca3bee92631fcdf715d8df5e88e9da8b58c,1.0,393.2142857142857,8.548136645962733,2.978896103896104,196.60714285714286,196.60714285714286,5a322165ea1908a26d4d31266c26ecd58608bb4a3b370bc51dd7630c45f9ffa9,lightgbm__fold_03__engagement__20201194__weighted_aug__5a322165ea19
lightgbm,LGBMClassifier,6f5020a62aa64b2ba8e9eeb74b2bb836f9767f0e14b46b7d244a45e2f8dda4ec,3,21a031f6,engagement,target_engagement,-10,371,1800,16515,42,61e4715e3fdbf84e55771724176e8af24b1d35914579776aac4f4fb3de4dcd0f,a74a573473ef95d46567294f0aa220d0bd8b428d9a9120f4a96756b0c84d9f51,76,38,114,5596aa395ce2523bf4f8948d26aaa649a0ae51ffc9f45c623e315bb1294dab79,347,85,432,1198572c664f3cf24f0f81d49c4701b751811c7e518374564ae1b07e312cc9db,1.0,393.2142857142857,2.586936090225564,5.173872180451128,196.60714285714286,196.60714285714286,1d1f34b3e08edb15569b0cb6e56b91ce06201654999066ca1ea797f29a2406f3,lightgbm__fold_03__engagement__21a031f6__weighted_aug__1d1f34b3e08e
lightgbm,LGBMClassifier,6f5020a62aa64b2ba8e9eeb74b2bb836f9767f0e14b46b7d244a45e2f8dda4ec,3,41e2010c,engagement,target_engagement,-10,371,1800,16515,42,61e4715e3fdbf84e55771724176e8af24b1d35914579776aac4f4fb3de4dcd0f,a74a573473ef95d46567294f0aa220d0bd8b428d9a9120f4a96756b0c84d9f51,41,62,103,98c17a17b81d776d84e9da1c08e4da59749702c8059051231c0214460f211531,67,42,109,fc4021f24bfe218fdd6bb47ae128b95a8bb11cb1ae773d821a1e6ba0c8ed79d6,1.0,393.2142857142857,4.795296167247387,3.171082949308756,196.60714285714286,196.60714285714286,8ede466fee4b594cb4bf3d2a2806040328a06ef9811921dc4056d63c8a7ab4a4,lightgbm__fold_03__engagement__41e2010c__weighted_aug__8ede466fee4b
lightgbm,LGBMClassifier,6f5020a62aa64b2ba8e9eeb74b2bb836f9767f0e14b46b7d244a45e2f8dda4ec,3,5001d09a,engagement,target_engagement,-10,371,1800,16515,42,61e4715e3fdbf84e55771724176e8af24b1d35914579776aac4f4fb3de4dcd0f,a74a573473ef95d46567294f0aa220d0bd8b428d9a9120f4a96756b0c84d9f51,51,71,122,a0d6ca961b322ea365f1da1c3e6e94eb22802697c0e2b426a201a72493d20ae5,37,58,95,af1d362456d8568d0b1b96468f8e47442d1c6ffc805969746fcb80281aac24f9,1.0,393.2142857142857,3.8550420168067228,2.7691146881287727,196.60714285714286,196.60714285714286,cf00108e86d22f37e7016ec3548b83c5993f79c3012d8b3f8f932fa6c4dabea6,lightgbm__fold_03__engagement__5001d09a__weighted_aug__cf00108e86d2
lightgbm,LGBMClassifier,6f5020a62aa64b2ba8e9eeb74b2bb836f9767f0e14b46b7d244a45e2f8dda4ec,3,50c02189,engagement,target_engagement,-10,371,1800,16515,42,61e4715e3fdbf84e55771724176e8af24b1d35914579776aac4f4fb3de4dcd0f,a74a573473ef95d46567294f0aa220d0bd8b428d9a9120f4a96756b0c84d9f51,79,65,144,63aee863c1430497f60c65cc4745b9ddb4d65e8d9acaf71a95942583a408f7a4,437,163,600,050f6846c865ff928105a7e1a31d5b8caf66f6ed1264afc8da5a4f28ff55a3cd,1.0,393.2142857142857,2.4886980108499097,3.0247252747252746,196.60714285714286,196.60714285714286,ff0de1fcf0c8e82728e0415e3e66d0327063bd90c90c67643c0755920ad1d848,lightgbm__fold_03__engagement__50c02189__weighted_aug__ff0de1fcf0c8
lightgbm,LGBMClassifier,6f5020a62aa64b2ba8e9eeb74b2bb836f9767f0e14b46b7d244a45e2f8dda4ec,3,b0700166,engagement,target_engagement,-10,371,1800,16515,42,61e4715e3fdbf84e55771724176e8af24b1d35914579776aac4f4fb3de4dcd0f,a74a573473ef95d46567294f0aa220d0bd8b428d9a9120f4a96756b0c84d9f51,48,59,107,64a44da1657ced409cb550d4e4ea9e077031a9c58d140eee33685114ccee6300,242,130,372,6d78e9181e430db2dd866248a288d81ca5815ecbfedd3a46ea2eb028c830c111,1.0,393.2142857142857,4.095982142857143,3.332324455205811,196.6071428571429,196.60714285714286,9950171f518a1a364c5b72fb6cd44e3a2fcc1aae9d45941bb79e6c7dffecfdf2,lightgbm__fold_03__engagement__b0700166__weighted_aug__9950171f518a
lightgbm,LGBMClassifier,6f5020a62aa64b2ba8e9eeb74b2bb836f9767f0e14b46b7d244a45e2f8dda4ec,3,d0724095,engagement,target_engagement,-10,371,1800,16515,42,61e4715e3fdbf84e55771724176e8af24b1d35914579776aac4f4fb3de4dcd0f,a74a573473ef95d46567294f0aa220d0bd8b428d9a9120f4a96756b0c84d9f51,51,52,103,38839ba915caab7cda68f5769e3763abb09de1831d661ff397293f8256f7b978,87,140,227,687283284363650bd8bc3fbda69112abe6461493f8e510cb67de5bed42e377d1,1.0,393.2142857142857,3.8550420168067228,3.7809065934065935,196.60714285714286,196.60714285714286,8b9512f2dd807a8cbffcae8263a2bbd6e419f43cce3ff9687282467de7a6ec56,lightgbm__fold_03__engagement__d0724095__weighted_aug__8b9512f2dd80
lightgbm,LGBMClassifier,6f5020a62aa64b2ba8e9eeb74b2bb836f9767f0e14b46b7d244a45e2f8dda4ec,3,0012905a,excitement,target_excitement,-10,371,1800,16517,43,7a976bb97d5068a96b057954d13a2c8d561b0ceb98cd9b0d027321d726e1be60,fa418d56645cfa9ab67032bef122ddca9f2bf2af811172bdbe6b172d6197f493,121,16,137,e65ae0ea7b7d021a7bd62e80cbc559022fe2440e1a677b215f95626825715fcd,122,252,374,731df22ebbf080fbe184e012807fb5817afa27a9477c57dd405f26c07bf2a3bb,1.0,384.1162790697674,1.5872573515279644,12.003633720930232,192.0581395348837,192.0581395348837,fb358aa02bd1a6d8dbe9db0f69142c5c43a43ad523feca7aa8adfe0d21d9275a,lightgbm__fold_03__excitement__0012905a__weighted_aug__fb358aa02bd1
lightgbm,LGBMClassifier,6f5020a62aa64b2ba8e9eeb74b2bb836f9767f0e14b46b7d244a45e2f8dda4ec,3,20201194,excitement,target_excitement,-10,371,1800,16517,43,7a976bb97d5068a96b057954d13a2c8d561b0ceb98cd9b0d027321d726e1be60,fa418d56645cfa9ab67032bef122ddca9f2bf2af811172bdbe6b172d6197f493,27,115,142,f494fa48048400711e97d3c3cc95f1961b733d7a89be0fbc6f160621d0f8f975,145,87,232,3287199a8d03c926fe440b9ea613ca2770105cc8aa20d2b950ca2f5991cd8b11,1.0,384.1162790697674,7.113264427217915,1.6700707785642062,192.0581395348837,192.0581395348837,487beb4dd2c82665cc2287c1f979721cad32032a11a19d52430eeedaf6c4534a,lightgbm__fold_03__excitement__20201194__weighted_aug__487beb4dd2c8
lightgbm,LGBMClassifier,6f5020a62aa64b2ba8e9eeb74b2bb836f9767f0e14b46b7d244a45e2f8dda4ec,3,2162c09e,excitement,target_excitement,-10,371,1800,16517,43,7a976bb97d5068a96b057954d13a2c8d561b0ceb98cd9b0d027321d726e1be60,fa418d56645cfa9ab67032bef122ddca9f2bf2af811172bdbe6b172d6197f493,32,66,98,f882b81ff1ac179c146b0843abf1ff575d51ef4f4a1bf50b4c28c607a39e1a3a,52,217,269,08810eb8678a954e9879d3daa73c5547781dd657ba088d0079c1023f27a95608,1.0,384.1162790697674,6.001816860465116,2.909971811134602,192.0581395348837,192.0581395348837,ea7688e7ce7b908992287cb1c46ba1f6c3c0811336398941a3a9116d7c8c0f5b,lightgbm__fold_03__excitement__2162c09e__weighted_aug__ea7688e7ce7b
lightgbm,LGBMClassifier,6f5020a62aa64b2ba8e9eeb74b2bb836f9767f0e14b46b7d244a45e2f8dda4ec,3,21a031f6,excitement,target_excitement,-10,371,1800,16517,43,7a976bb97d5068a96b057954d13a2c8d561b0ceb98cd9b0d027321d726e1be60,fa418d56645cfa9ab67032bef122ddca9f2bf2af811172bdbe6b172d6197f493,39,57,96,c7076f79107649f0013182e0683bacc86a1165a8cd3e27ee6b8381ef8a3e01da,183,153,336,b5eb3768aff2b244c185f4b7f4f7790249d813ffacee0774b1e0742ecbc049c8,1.0,384.1162790697674,4.924567680381633,3.369441044471644,192.0581395348837,192.0581395348837,d2a37312340797f3874758967460f78c69fc9a84b08b9a099d73bd0c84982119,lightgbm__fold_03__excitement__21a031f6__weighted_aug__d2a373123407
lightgbm,LGBMClassifier,6f5020a62aa64b2ba8e9eeb74b2bb836f9767f0e14b46b7d244a45e2f8dda4ec,3,41e2010c,excitement,target_excitement,-10,371,1800,16517,43,7a976bb97d5068a96b057954d13a2c8d561b0ceb98cd9b0d027321d726e1be60,fa418d56645cfa9ab67032bef122ddca9f2bf2af811172bdbe6b172d6197f493,35,67,102,11f0705765860e846a28528cfc924b037e9b8a4f0da5ae214411d0213144076d,37,55,92,8fa2fbda0fa25e72d849aa99a0123962a1ec669cdb74185904bc440134749548,1.0,384.1162790697674,5.487375415282392,2.8665393960430405,192.0581395348837,192.0581395348837,9cdeddc9f136c7733135deb2567b99e62cecf3127828b6824443e745241e79ee,lightgbm__fold_03__excitement__41e2010c__weighted_aug__9cdeddc9f136
lightgbm,LGBMClassifier,6f5020a62aa64b2ba8e9eeb74b2bb836f9767f0e14b46b7d244a45e2f8dda4ec,3,5001d09a,excitement,target_excitement,-10,371,1800,16517,43,7a976bb97d5068a96b057954d13a2c8d561b0ceb98cd9b0d027321d726e1be60,fa418d56645cfa9ab67032bef122ddca9f2bf2af811172bdbe6b172d6197f493,38,87,125,6f8cc3e941cb5db1f7d7f25c36109254aeacc79ab3f1b0db51b5cd4ac577aaf2,13,79,92,e762bbc4d6b27a67d0ab76ffbd4d1a49a2816614c63f2238d78301f9e92ada56,1.0,384.1162790697674,5.054161566707466,2.207564822240043,192.05813953488374,192.05813953488374,991d08c1e14c8e6be5e24b20597393ee477c3a04d530a69c4269fabae697d69d,lightgbm__fold_03__excitement__5001d09a__weighted_aug__991d08c1e14c
lightgbm,LGBMClassifier,6f5020a62aa64b2ba8e9eeb74b2bb836f9767f0e14b46b7d244a45e2f8dda4ec,3,71f21142,excitement,target_excitement,-10,371,1800,16517,43,7a976bb97d5068a96b057954d13a2c8d561b0ceb98cd9b0d027321d726e1be60,fa418d56645cfa9ab67032bef122ddca9f2bf2af811172bdbe6b172d6197f493,116,22,138,9f3866b542d667baac9191ddb7873120b172a56561a129a30477b32baf220b88,165,97,262,7a9df755593ef4ba68e9613233034cec2e6b2f603aee0ad5c8b99017b15ed4dd,1.0,384.1162790697674,1.6556736166800319,8.729915433403805,192.0581395348837,192.0581395348837,eb12f5becd727f45fba2b04cbce10c8fd55646ddfae69b1c630e6d7a7267a729,lightgbm__fold_03__excitement__71f21142__weighted_aug__eb12f5becd72
lightgbm,LGBMClassifier,6f5020a62aa64b2ba8e9eeb74b2bb836f9767f0e14b46b7d244a45e2f8dda4ec,3,b0700166,excitement,target_excitement,-10,371,1800,16517,43,7a976bb97d5068a96b057954d13a2c8d561b0ceb98cd9b0d027321d726e1be60,fa418d56645cfa9ab67032bef122ddca9f2bf2af811172bdbe6b172d6197f493,79,15,94,380d953757d512df73c9460b971596c5d2ddfc46e4a5c7ef066d6dc2be413800,103,233,336,0b00dd2260b1d651c5eaee9696bd9c208dba5dd2b740eb1deb8778704607392d,1.0,384.1162790697674,2.4311156903149835,12.803875968992248,192.0581395348837,192.0581395348837,6fc641453af5d33179519df1b251339a859ad7118f6950d9554d5e5b4036aec2,lightgbm__fold_03__excitement__b0700166__weighted_aug__6fc641453af5
lightgbm,LGBMClassifier,6f5020a62aa64b2ba8e9eeb74b2bb836f9767f0e14b46b7d244a45e2f8dda4ec,3,d0724095,excitement,target_excitement,-10,371,1800,16517,43,7a976bb97d5068a96b057954d13a2c8d561b0ceb98cd9b0d027321d726e1be60,fa418d56645cfa9ab67032bef122ddca9f2bf2af811172bdbe6b172d6197f493,98,27,125,acdf6f065aea17d081100e081d980add578bb2f8925616a7aeb9d4b935deea41,126,125,251,96ed4f76903e880ae75cfb950041dd34eb1a23de004c42c4c6d3892460540ec3,1.0,384.1162790697674,1.9597769340294255,7.113264427217915,192.0581395348837,192.0581395348837,c2ebe90f711985a8e0e8bd803a80b33b0de7cb817718b728068c85b79160ca30,lightgbm__fold_03__excitement__d0724095__weighted_aug__c2ebe90f7119
lightgbm,LGBMClassifier,6f5020a62aa64b2ba8e9eeb74b2bb836f9767f0e14b46b7d244a45e2f8dda4ec,3,2162c09e,focus,target_focus,-10,371,1800,16512,43,3c290bf4d79fcee4f6815537dfbbbba754381ef0f03daff8de7166884d8b7e4e,0c7365a9f52cdea7f5ff5bd02009df8f23994345c83ad7446745f49568834711,17,69,86,0549b96dafe5e52b8fb692eadc10d2f7421476f6287c46da3ddf65274d7fcfba,31,264,295,2e7ebe4d6c913e29721277e84aeb06135979ac5667ae5459d2df89c42e08c81a,1.0,384.0,11.294117647058824,2.782608695652174,192.0,192.0,3e4b72733a8eb965c8ad9859fe3f9f76240bda33e5917b2ab8da664661cabe14,lightgbm__fold_03__focus__2162c09e__weighted_aug__3e4b72733a8e
lightgbm,LGBMClassifier,6f5020a62aa64b2ba8e9eeb74b2bb836f9767f0e14b46b7d244a45e2f8dda4ec,3,21a031f6,focus,target_focus,-10,371,1800,16512,43,3c290bf4d79fcee4f6815537dfbbbba754381ef0f03daff8de7166884d8b7e4e,0c7365a9f52cdea7f5ff5bd02009df8f23994345c83ad7446745f49568834711,45,45,90,fedc3d3814987f0124f9f01c4f09589b91a74371cf5fa0653b9fbe72afffc81e,134,158,292,9086497b446e47f817c97f0e6ef01e0d116572d5fe1dbef4e726b50478572716,1.0,384.0,4.266666666666667,4.266666666666667,192.0,192.0,8d5a55a96801cb91b98df1b936a7d0749e8d487450a60700ac36c54260f66875,lightgbm__fold_03__focus__21a031f6__weighted_aug__8d5a55a96801
lightgbm,LGBMClassifier,6f5020a62aa64b2ba8e9eeb74b2bb836f9767f0e14b46b7d244a45e2f8dda4ec,3,41e2010c,focus,target_focus,-10,371,1800,16512,43,3c290bf4d79fcee4f6815537dfbbbba754381ef0f03daff8de7166884d8b7e4e,0c7365a9f52cdea7f5ff5bd02009df8f23994345c83ad7446745f49568834711,31,80,111,2395a49f3c8ebe737d05e4defb3415db37ff38623e44edde4f33d93a676d8f08,17,80,97,5f871daa7304d5d145fa7ff4c6bae42cf98d79e3a49accc82e3120b4c68f852b,1.0,384.0,6.193548387096774,2.4,192.0,192.0,718727f2aca27c5d1f9468e0f66ef509c87aa84e3a5194c9f906a2432beb4a8a,lightgbm__fold_03__focus__41e2010c__weighted_aug__718727f2aca2
lightgbm,LGBMClassifier,6f5020a62aa64b2ba8e9eeb74b2bb836f9767f0e14b46b7d244a45e2f8dda4ec,3,5001d09a,focus,target_focus,-10,371,1800,16512,43,3c290bf4d79fcee4f6815537dfbbbba754381ef0f03daff8de7166884d8b7e4e,0c7365a9f52cdea7f5ff5bd02009df8f23994345c83ad7446745f49568834711,14,105,119,8bdcd7ff2d27fcc070a851c2546482bace55a3143475087f5f6866448a722843,22,78,100,0f2e0ed15fac8ff24a2e869e8a2de839aeaf24ce15c22b8e3c1f05d46d70fc59,1.0,384.0,13.714285714285714,1.8285714285714285,192.0,192.0,4fc5aeac198aebe66d845622c05901e99501d09226ad2e7de3205152c77d1759,lightgbm__fold_03__focus__5001d09a__weighted_aug__4fc5aeac198a
lightgbm,LGBMClassifier,6f5020a62aa64b2ba8e9eeb74b2bb836f9767f0e14b46b7d244a45e2f8dda4ec,3,50c02189,focus,target_focus,-10,371,1800,16512,43,3c290bf4d79fcee4f6815537dfbbbba754381ef0f03daff8de7166884d8b7e4e,0c7365a9f52cdea7f5ff5bd02009df8f23994345c83ad7446745f49568834711,63,43,106,e0a71d651e5e332b7524ed3711aca9bf714137572755b1b5e0b9066de0f21614,242,309,551,1b428bfcbdefb923b659e6e8cf8e94ce012e255f4fb07d11bc5942e499150a15,1.0,384.0,3.0476190476190474,4.465116279069767,192.0,192.0,80d99e62cc69ba4638baa9bdc65a920871b9b626ee863ea88c419df9f86cf232,lightgbm__fold_03__focus__50c02189__weighted_aug__80d99e62cc69
lightgbm,LGBMClassifier,6f5020a62aa64b2ba8e9eeb74b2bb836f9767f0e14b46b7d244a45e2f8dda4ec,3,d0724095,focus,target_focus,-10,371,1800,16512,43,3c290bf4d79fcee4f6815537dfbbbba754381ef0f03daff8de7166884d8b7e4e,0c7365a9f52cdea7f5ff5bd02009df8f23994345c83ad7446745f49568834711,112,23,135,c10ec70e8608783b8d6ffa4ef97ee73f09d55f1aa914dfcc19d3ecaea9845b19,176,77,253,06d6745d735164f9da4b9c98af963d6d4cf2a98aca50b2ef7eb2d491d8c247d3,1.0,384.0,1.7142857142857142,8.347826086956522,192.0,192.0,ca0c63d2fed954d598eda50978c06b5a912e42ad099f6e763f7d70729853a84e,lightgbm__fold_03__focus__d0724095__weighted_aug__ca0c63d2fed9
lightgbm,LGBMClassifier,6f5020a62aa64b2ba8e9eeb74b2bb836f9767f0e14b46b7d244a45e2f8dda4ec,3,0012905a,interest,target_interest,-10,371,1800,16506,43,98d0d02732f3c0569a53ab5fee22fc2175491585aacdc45f62af16b2ac720089,3bcb6d908dca29ca782906a4f9f4eb0ea8493afdf7dc53a3c5de50526bd55ffb,70,65,135,3851b437362b3cd098d26d3c2bdfd1d40dfc5eae2912ceb10b6e5076854d11fb,227,204,431,470bdaa130941cedb57e10b2c47a2dab9467b1d8ece19f67d3bf4990d41616b3,1.0,383.86046511627904,2.741860465116279,2.952772808586762,191.93023255813952,191.93023255813952,42cf514e4318f6533998e6913900c38db3e47a26152b9444ba455ddab0a8e3f7,lightgbm__fold_03__interest__0012905a__weighted_aug__42cf514e4318
lightgbm,LGBMClassifier,6f5020a62aa64b2ba8e9eeb74b2bb836f9767f0e14b46b7d244a45e2f8dda4ec,3,20201194,interest,target_interest,-10,371,1800,16506,43,98d0d02732f3c0569a53ab5fee22fc2175491585aacdc45f62af16b2ac720089,3bcb6d908dca29ca782906a4f9f4eb0ea8493afdf7dc53a3c5de50526bd55ffb,146,11,157,baf09844d78872da74a3cf1ff2c8eb5a1ae27f0e7631784d0fd285bdf76add82,117,66,183,7cd83d862e1d1ea90cbcdd3809fddc20e0425829348d2f74d3a150ff0af7e434,1.0,383.86046511627904,1.3145906339598596,17.448202959830866,191.9302325581395,191.93023255813952,bcc668f289d3ed4d564dbb7fe16cafeebab44fd16f13eb5cf17a1bf5a21650bd,lightgbm__fold_03__interest__20201194__weighted_aug__bcc668f289d3
lightgbm,LGBMClassifier,6f5020a62aa64b2ba8e9eeb74b2bb836f9767f0e14b46b7d244a45e2f8dda4ec,3,2162c09e,interest,target_interest,-10,371,1800,16506,43,98d0d02732f3c0569a53ab5fee22fc2175491585aacdc45f62af16b2ac720089,3bcb6d908dca29ca782906a4f9f4eb0ea8493afdf7dc53a3c5de50526bd55ffb,101,59,160,0c2e4dab834561aa633bcc550fbc440ca0d31a6cf60686f1ba2741dae584384f,232,121,353,a3746bc25d9b7f7e9989e919b59208b7e5968962d47756535d6143d444da264b,1.0,383.86046511627904,1.900299332258807,3.2530547891210086,191.93023255813952,191.93023255813952,cddb1f5ec234cfc59a02dc10b7a3c30e0c1eaf85be0e35e83d0cb936183d567c,lightgbm__fold_03__interest__2162c09e__weighted_aug__cddb1f5ec234
lightgbm,LGBMClassifier,6f5020a62aa64b2ba8e9eeb74b2bb836f9767f0e14b46b7d244a45e2f8dda4ec,3,21a031f6,interest,target_interest,-10,371,1800,16506,43,98d0d02732f3c0569a53ab5fee22fc2175491585aacdc45f62af16b2ac720089,3bcb6d908dca29ca782906a4f9f4eb0ea8493afdf7dc53a3c5de50526bd55ffb,26,24,50,123eea52cfe98a7990290d566aedbf04fcea540b5e4a718fa8c01f1f2aaf0adb,140,143,283,050b2959f55e2374f84b541f829036fd0011ce16e69e3bd98e491e290417f21e,1.0,383.86046511627904,7.381932021466905,7.997093023255814,191.93023255813952,191.93023255813952,2e8b4ebc8b80e2f3400519702cc07d429ae8b780b535ee83313baecb2e04fc93,lightgbm__fold_03__interest__21a031f6__weighted_aug__2e8b4ebc8b80
lightgbm,LGBMClassifier,6f5020a62aa64b2ba8e9eeb74b2bb836f9767f0e14b46b7d244a45e2f8dda4ec,3,41e2010c,interest,target_interest,-10,371,1800,16506,43,98d0d02732f3c0569a53ab5fee22fc2175491585aacdc45f62af16b2ac720089,3bcb6d908dca29ca782906a4f9f4eb0ea8493afdf7dc53a3c5de50526bd55ffb,88,54,142,290081fe6d7c847027734a3d4713d1108698384732a68631e0dd475001460b42,76,65,141,f9ea67b641ddf272496982a0ec76f7fb7cdf3d4e79a67b662efda1842c46de9c,1.0,383.86046511627904,2.181025369978858,3.5542635658914725,191.93023255813952,191.93023255813952,09297cedc101158d20e8c6711ee3d9ba3bff8f76c707b725340162a9a45780d0,lightgbm__fold_03__interest__41e2010c__weighted_aug__09297cedc101
lightgbm,LGBMClassifier,6f5020a62aa64b2ba8e9eeb74b2bb836f9767f0e14b46b7d244a45e2f8dda4ec,3,5001d09a,interest,target_interest,-10,371,1800,16506,43,98d0d02732f3c0569a53ab5fee22fc2175491585aacdc45f62af16b2ac720089,3bcb6d908dca29ca782906a4f9f4eb0ea8493afdf7dc53a3c5de50526bd55ffb,83,66,149,35ac5bf217ba081bac4bc1d1adba37ec4a9b0f51063e1d11a09b3e4c19c5b352,54,50,104,69d3e55c29ba17144804ece5596ebaa62fe96926b733734de4782958a98ca40c,1.0,383.86046511627904,2.312412440459512,2.9080338266384778,191.9302325581395,191.93023255813952,de119eced8ebaa7f0e9bec6a15f31a2c49db13d8bc2601b2a5f165b76cfdf384,lightgbm__fold_03__interest__5001d09a__weighted_aug__de119eced8eb
lightgbm,LGBMClassifier,6f5020a62aa64b2ba8e9eeb74b2bb836f9767f0e14b46b7d244a45e2f8dda4ec,3,50c02189,interest,target_interest,-10,371,1800,16506,43,98d0d02732f3c0569a53ab5fee22fc2175491585aacdc45f62af16b2ac720089,3bcb6d908dca29ca782906a4f9f4eb0ea8493afdf7dc53a3c5de50526bd55ffb,76,80,156,ff8d59ac2a9501ac15ef80076200d93bea3aba337f5e2a36329717280ef4b1e9,365,274,639,00e7285421ba14396c81805e90752d97cacfef98c4cbcf7eec41bcec4e0e0113,1.0,383.86046511627904,2.525397796817625,2.399127906976744,191.9302325581395,191.93023255813952,d8b32d4364faeea50b015ef0cecbd1e22719a5d5d7b7e80e57b44e55e04b39a7,lightgbm__fold_03__interest__50c02189__weighted_aug__d8b32d4364fa
lightgbm,LGBMClassifier,6f5020a62aa64b2ba8e9eeb74b2bb836f9767f0e14b46b7d244a45e2f8dda4ec,3,71f21142,interest,target_interest,-10,371,1800,16506,43,98d0d02732f3c0569a53ab5fee22fc2175491585aacdc45f62af16b2ac720089,3bcb6d908dca29ca782906a4f9f4eb0ea8493afdf7dc53a3c5de50526bd55ffb,21,13,34,c6a0340e2ed4455a3b0d30b57ea081a5d741fb2a04b77e5c95504ad569adcfbd,17,119,136,cf443d911e229a2b1af0805c6eaf7996f470b726eb20939238d5d3b172b0c7ba,1.0,383.86046511627904,9.13953488372093,14.76386404293381,191.93023255813955,191.93023255813952,183dd005a53666ce74b7f9778a28c6b0a2e8b08a4a0a7505c12171931a5711fb,lightgbm__fold_03__interest__71f21142__weighted_aug__183dd005a536
lightgbm,LGBMClassifier,6f5020a62aa64b2ba8e9eeb74b2bb836f9767f0e14b46b7d244a45e2f8dda4ec,3,b0700166,interest,target_interest,-10,371,1800,16506,43,98d0d02732f3c0569a53ab5fee22fc2175491585aacdc45f62af16b2ac720089,3bcb6d908dca29ca782906a4f9f4eb0ea8493afdf7dc53a3c5de50526bd55ffb,27,81,108,c5348d419ef36db5f412c46fcaab24e774605ca5576eea0339ac1c240cfbef62,86,354,440,556ae49448868c6456bfcd5f440d74f9bd9d429971bf1df8cd8b7c659f38e016,1.0,383.86046511627904,7.108527131782945,2.3695090439276485,191.93023255813952,191.93023255813952,aa205e9b52cc5035a1162b815afa23acc87d558a871ac3b08cc8b6987817a868,lightgbm__fold_03__interest__b0700166__weighted_aug__aa205e9b52cc
lightgbm,LGBMClassifier,6f5020a62aa64b2ba8e9eeb74b2bb836f9767f0e14b46b7d244a45e2f8dda4ec,3,d0724095,interest,target_interest,-10,371,1800,16506,43,98d0d02732f3c0569a53ab5fee22fc2175491585aacdc45f62af16b2ac720089,3bcb6d908dca29ca782906a4f9f4eb0ea8493afdf7dc53a3c5de50526bd55ffb,109,45,154,3e81bd1ffa6d81448a9a5d7a140a6ccefab985e15fbf0be6b4e7c7cdb14e9b9d,133,148,281,583eb794354529352aa2849f30df9be4aec3948bd15080f18f9693bb00b0ee6a,1.0,383.86046511627904,1.7608278216343076,4.265116279069767,191.93023255813952,191.93023255813952,91b8dffc46dd4348b3e5ccaeeb1a86cd44478a9092524f8c3f3bb87558ef15ec,lightgbm__fold_03__interest__d0724095__weighted_aug__91b8dffc46dd
lightgbm,LGBMClassifier,6f5020a62aa64b2ba8e9eeb74b2bb836f9767f0e14b46b7d244a45e2f8dda4ec,3,0012905a,relaxation,target_relaxation,-10,371,1800,16534,43,859ef1bfd9ab662090b6e308b6572b188a70e20137a1c047b9d4e06fff054f2d,e60bf995e60c88b6af88b34c7d1f44be24f60c5b4257ba68426a2504b9aa025a,21,54,75,ae7119ed288d0b8895a98b7f7c114b5ecf9586c1dde5469f901e798477d31d1e,104,203,307,e57f352fa35bafbda6870ebf14e1b9acb3f775b1baa817fbe24a7625d95ded67,1.0,384.51162790697674,9.155038759689923,3.560292850990525,192.25581395348837,192.25581395348837,94b172ceb6a87cf1e19ec622c8f99477054bea9e77d5186fee365bfceb89b28e,lightgbm__fold_03__relaxation__0012905a__weighted_aug__94b172ceb6a8
lightgbm,LGBMClassifier,6f5020a62aa64b2ba8e9eeb74b2bb836f9767f0e14b46b7d244a45e2f8dda4ec,3,20201194,relaxation,target_relaxation,-10,371,1800,16534,43,859ef1bfd9ab662090b6e308b6572b188a70e20137a1c047b9d4e06fff054f2d,e60bf995e60c88b6af88b34c7d1f44be24f60c5b4257ba68426a2504b9aa025a,107,26,133,d6a5b62a7bc795a5f6cf0163dbc93e65d29f6415c47fc09532a875ec104d7c75,116,77,193,02c1bd2b8c8b445baf70e7f69c94a9827aaf3b3825501e519e471ada1a9d641c,1.0,384.51162790697674,1.7967833079765267,7.394454382826476,192.25581395348837,192.25581395348837,410e9c951ad6216688d7d3872c38b1a0e659808064581084d279940c75143390,lightgbm__fold_03__relaxation__20201194__weighted_aug__410e9c951ad6
lightgbm,LGBMClassifier,6f5020a62aa64b2ba8e9eeb74b2bb836f9767f0e14b46b7d244a45e2f8dda4ec,3,2162c09e,relaxation,target_relaxation,-10,371,1800,16534,43,859ef1bfd9ab662090b6e308b6572b188a70e20137a1c047b9d4e06fff054f2d,e60bf995e60c88b6af88b34c7d1f44be24f60c5b4257ba68426a2504b9aa025a,85,38,123,3fd685e17bde03b963dc65353f4cb0ceae74bf0ba4ed4ff87dcf463c6d686e0e,188,143,331,4f5582fb4e537a58357567a5bdb9205d5b30cb890ab52652556fc2f1032cb3a7,1.0,384.51162790697674,2.2618331053351572,5.0593635250918,192.25581395348837,192.2558139534884,bb5465baeef72c5ecb9fa0a0fcf76070b04861a94142ae1f6f072fa5fa8f60e6,lightgbm__fold_03__relaxation__2162c09e__weighted_aug__bb5465baeef7
lightgbm,LGBMClassifier,6f5020a62aa64b2ba8e9eeb74b2bb836f9767f0e14b46b7d244a45e2f8dda4ec,3,21a031f6,relaxation,target_relaxation,-10,371,1800,16534,43,859ef1bfd9ab662090b6e308b6572b188a70e20137a1c047b9d4e06fff054f2d,e60bf995e60c88b6af88b34c7d1f44be24f60c5b4257ba68426a2504b9aa025a,33,63,96,b764608c429e4f5f480406cb4d47fdf5b31aa22ec1e0c0ea7979d8102cae0f81,257,147,404,6174892bbca5c8d59b85f673803dbe1622b23cf883ae8da9ae614d96285b1239,1.0,384.51162790697674,5.8259337561663145,3.0516795865633073,192.25581395348837,192.25581395348837,67e373dc7d9a1f22e975094ac8a41312ce9f169f5ca8a46e2626a70b7997274a,lightgbm__fold_03__relaxation__21a031f6__weighted_aug__67e373dc7d9a
lightgbm,LGBMClassifier,6f5020a62aa64b2ba8e9eeb74b2bb836f9767f0e14b46b7d244a45e2f8dda4ec,3,41e2010c,relaxation,target_relaxation,-10,371,1800,16534,43,859ef1bfd9ab662090b6e308b6572b188a70e20137a1c047b9d4e06fff054f2d,e60bf995e60c88b6af88b34c7d1f44be24f60c5b4257ba68426a2504b9aa025a,23,41,64,b7c4d64bf5cbf1bbb1a97d392986f1675e814f7a659e74c67475da1ddc83b8b3,54,45,99,fa90f03bec54ece536d8b20eeb1e6864b2aa4cb69231f93bc86789bf5199509c,1.0,384.51162790697674,8.358948432760364,4.689166193987521,192.25581395348837,192.25581395348837,6de3422a9f3110c05423a468f267bdc20582fa610196b668ed0e1fa2c93af43f,lightgbm__fold_03__relaxation__41e2010c__weighted_aug__6de3422a9f31
lightgbm,LGBMClassifier,6f5020a62aa64b2ba8e9eeb74b2bb836f9767f0e14b46b7d244a45e2f8dda4ec,3,5001d09a,relaxation,target_relaxation,-10,371,1800,16534,43,859ef1bfd9ab662090b6e308b6572b188a70e20137a1c047b9d4e06fff054f2d,e60bf995e60c88b6af88b34c7d1f44be24f60c5b4257ba68426a2504b9aa025a,73,30,103,507af79f15ac2478a7bc968bedd3953106cd654eb7b5fdc0d69cb542ead459b9,21,35,56,82cd9462be2ef84973b089ac0f488a4aca61784d0f77d98f91092aceab0a7944,1.0,384.51162790697674,2.633641287034087,6.408527131782946,192.25581395348834,192.25581395348837,8140bd02bad41130da75927620f69f6b81975d13c673e2a9a0c87fb82312fe48,lightgbm__fold_03__relaxation__5001d09a__weighted_aug__8140bd02bad4
lightgbm,LGBMClassifier,6f5020a62aa64b2ba8e9eeb74b2bb836f9767f0e14b46b7d244a45e2f8dda4ec,3,50c02189,relaxation,target_relaxation,-10,371,1800,16534,43,859ef1bfd9ab662090b6e308b6572b188a70e20137a1c047b9d4e06fff054f2d,e60bf995e60c88b6af88b34c7d1f44be24f60c5b4257ba68426a2504b9aa025a,33,64,97,e96acaf2cced65fbd88c7d9f459e9fe3122b92e6d00fa34830f67d7fa34c2401,220,372,592,54cc6dac5b10a2c5f5842398434575c5f91ece0f539cc04d290eab65f42e4465,1.0,384.51162790697674,5.8259337561663145,3.003997093023256,192.25581395348837,192.25581395348837,d85e7cab1fdbe5b2da2fd9eef55397fddc4db50f285e645f6c0096f73f71f422,lightgbm__fold_03__relaxation__50c02189__weighted_aug__d85e7cab1fdb
lightgbm,LGBMClassifier,6f5020a62aa64b2ba8e9eeb74b2bb836f9767f0e14b46b7d244a45e2f8dda4ec,3,71f21142,relaxation,target_relaxation,-10,371,1800,16534,43,859ef1bfd9ab662090b6e308b6572b188a70e20137a1c047b9d4e06fff054f2d,e60bf995e60c88b6af88b34c7d1f44be24f60c5b4257ba68426a2504b9aa025a,32,69,101,cd017af71f90a1a911bb59a748f437dd3d49bc4dbb0cc1dd2493cd7bb19cd2da,146,111,257,e84cbe38009098df945a2010229dc466e3ec0b40646d449ab40bca5a378b3859,1.0,384.51162790697674,6.007994186046512,2.7863161442534548,192.25581395348837,192.25581395348837,8e74c20f9b8f602f8ac1dd0c747bd7a6a1ab63653d3f6267bc18f18034882b34,lightgbm__fold_03__relaxation__71f21142__weighted_aug__8e74c20f9b8f
lightgbm,LGBMClassifier,6f5020a62aa64b2ba8e9eeb74b2bb836f9767f0e14b46b7d244a45e2f8dda4ec,3,b0700166,relaxation,target_relaxation,-10,371,1800,16534,43,859ef1bfd9ab662090b6e308b6572b188a70e20137a1c047b9d4e06fff054f2d,e60bf995e60c88b6af88b34c7d1f44be24f60c5b4257ba68426a2504b9aa025a,12,50,62,ac69ee81ffaec0d4b44c21f12700df5f2dc788e9f898258e8986ab41c9e18cf9,127,278,405,9ea4d15f9e6c5c4d6d6940feef3eb8c780c6a5f7164d902fb3009fab6b41b586,1.0,384.51162790697674,16.021317829457363,3.8451162790697673,192.25581395348837,192.25581395348837,f9af7a84d4f9b8c8d328a448bfa0f6fc08f44cbf9c6f8570b9c5b3f8e1afe193,lightgbm__fold_03__relaxation__b0700166__weighted_aug__f9af7a84d4f9
lightgbm,LGBMClassifier,6f5020a62aa64b2ba8e9eeb74b2bb836f9767f0e14b46b7d244a45e2f8dda4ec,3,d0724095,relaxation,target_relaxation,-10,371,1800,16534,43,859ef1bfd9ab662090b6e308b6572b188a70e20137a1c047b9d4e06fff054f2d,e60bf995e60c88b6af88b34c7d1f44be24f60c5b4257ba68426a2504b9aa025a,36,36,72,141cbf99d521a27e505890569fec75971ff7c8a4b927672eed00290fc1a9f8f4,63,173,236,786b4b3e6e12a9fb21e8c360c67b167329dddb08ffa775d47a890b072a380b7c,1.0,384.51162790697674,5.340439276485788,5.340439276485788,192.25581395348837,192.25581395348837,7165da6aace89d5b794ad00f22ecb02fd5e8ebb0b2aa64e499e8ce16475c7d2c,lightgbm__fold_03__relaxation__d0724095__weighted_aug__7165da6aace8
lightgbm,LGBMClassifier,6f5020a62aa64b2ba8e9eeb74b2bb836f9767f0e14b46b7d244a45e2f8dda4ec,3,0012905a,stress,target_stress,-10,371,1800,16507,43,b7d9c058d17c7ccbcb337407c89dce3643aea4836abb54fc1caad17d93661355,bcd3007f8b807817734d67f5fb79247d682169631186c1b04d4f2cedd74be7de,123,21,144,7a7a75110d601c34e1b47bf7758af608aa136cb541cb5fcedd1ff461f7108ac3,183,252,435,38ad2ba9b860a3bec66587ca6c8a8705c6500c8c96d0b6dbd288aa0823839a77,1.0,383.8837209302326,1.5605029306107017,9.140088593576966,191.9418604651163,191.9418604651163,e2abbf2ca9541f087c997c73f1ce883627b50e3dc2d4736f18ba54bdcfb39bb1,lightgbm__fold_03__stress__0012905a__weighted_aug__e2abbf2ca954
lightgbm,LGBMClassifier,6f5020a62aa64b2ba8e9eeb74b2bb836f9767f0e14b46b7d244a45e2f8dda4ec,3,20201194,stress,target_stress,-10,371,1800,16507,43,b7d9c058d17c7ccbcb337407c89dce3643aea4836abb54fc1caad17d93661355,bcd3007f8b807817734d67f5fb79247d682169631186c1b04d4f2cedd74be7de,108,53,161,c4687e24c547073bbddd114aff8f8dc2f8751241ef2cbbddbd0991649287ed3f,137,86,223,eaa39568c4292804ac17333a3313a2e6071b8e74f9ea9d6557f992392ddeb27a,1.0,383.8837209302326,1.7772394487510768,3.621544537077666,191.9418604651163,191.9418604651163,30768330129db1fb18450ebdae49ea3dc4bb7647d78e382ea9ee1ff743c8fe1a,lightgbm__fold_03__stress__20201194__weighted_aug__30768330129d
lightgbm,LGBMClassifier,6f5020a62aa64b2ba8e9eeb74b2bb836f9767f0e14b46b7d244a45e2f8dda4ec,3,2162c09e,stress,target_stress,-10,371,1800,16507,43,b7d9c058d17c7ccbcb337407c89dce3643aea4836abb54fc1caad17d93661355,bcd3007f8b807817734d67f5fb79247d682169631186c1b04d4f2cedd74be7de,105,50,155,9ce7b83c96cf2bc02d47aae3ff3f54f84b565b108142aef22e93b3e3d14eedd0,228,123,351,b13a6e8216077cfff973249b6b40d6a7d9821abf8cb0843e38d1999fdec8502a,1.0,383.8837209302326,1.8280177187153932,3.838837209302326,191.9418604651163,191.9418604651163,a72e7ebdfba196b53c1c19a6ea87297ac51915e00d3d966277a60f70524af275,lightgbm__fold_03__stress__2162c09e__weighted_aug__a72e7ebdfba1
lightgbm,LGBMClassifier,6f5020a62aa64b2ba8e9eeb74b2bb836f9767f0e14b46b7d244a45e2f8dda4ec,3,21a031f6,stress,target_stress,-10,371,1800,16507,43,b7d9c058d17c7ccbcb337407c89dce3643aea4836abb54fc1caad17d93661355,bcd3007f8b807817734d67f5fb79247d682169631186c1b04d4f2cedd74be7de,69,74,143,74a31498bfc4f6227c8995dba8ba08b93a4ada6e0f7d0e1710e2faaefe35cb62,363,119,482,56814786cf9381a8b0d89103c578b35ff0d03bc88d45b86cc7ccebdc35f987bc,1.0,383.8837209302326,2.7817660936973376,2.593808925204274,191.9418604651163,191.9418604651163,5d75fc9e3e491bc49c52cff94d9a038543d02cf1bec2e720867e2f3a875fa844,lightgbm__fold_03__stress__21a031f6__weighted_aug__5d75fc9e3e49
lightgbm,LGBMClassifier,6f5020a62aa64b2ba8e9eeb74b2bb836f9767f0e14b46b7d244a45e2f8dda4ec,3,41e2010c,stress,target_stress,-10,371,1800,16507,43,b7d9c058d17c7ccbcb337407c89dce3643aea4836abb54fc1caad17d93661355,bcd3007f8b807817734d67f5fb79247d682169631186c1b04d4f2cedd74be7de,45,105,150,061debf965382c2716ba005b6b4c510cc01a77fb9a95d5fc3f299cced1e4a574,46,102,148,ec6c9d5a2b1c730db4dae03fdc9ca4b0177f79d47aae83e0d4f8e7eaa8598c28,1.0,383.8837209302326,4.265374677002584,1.8280177187153932,191.9418604651163,191.9418604651163,bff17ef07515eebc4afc94d2be05c43b7e1bb9642984d1b33fb133bb6bc4d7ab,lightgbm__fold_03__stress__41e2010c__weighted_aug__bff17ef07515
lightgbm,LGBMClassifier,6f5020a62aa64b2ba8e9eeb74b2bb836f9767f0e14b46b7d244a45e2f8dda4ec,3,5001d09a,stress,target_stress,-10,371,1800,16507,43,b7d9c058d17c7ccbcb337407c89dce3643aea4836abb54fc1caad17d93661355,bcd3007f8b807817734d67f5fb79247d682169631186c1b04d4f2cedd74be7de,73,32,105,ab19a7e84ab90b4e73d557f451ae3bfea03a8bb87adcd3f0625c70e9daa1c7e6,79,50,129,98f4bf5c6248bd80dcb8c3e6fb61910f3017492d2d44a2e9351db972efb42a12,1.0,383.8837209302326,2.6293405543166615,5.998183139534884,191.9418604651163,191.9418604651163,49796f195f4b8ca895a1778f64e9f7d2a0f417e6180d7797ff0c9ee90eff663e,lightgbm__fold_03__stress__5001d09a__weighted_aug__49796f195f4b
lightgbm,LGBMClassifier,6f5020a62aa64b2ba8e9eeb74b2bb836f9767f0e14b46b7d244a45e2f8dda4ec,3,50c02189,stress,target_stress,-10,371,1800,16507,43,b7d9c058d17c7ccbcb337407c89dce3643aea4836abb54fc1caad17d93661355,bcd3007f8b807817734d67f5fb79247d682169631186c1b04d4f2cedd74be7de,156,19,175,3eb3951cf8ef03b800154fea7fa8de930d8b405eb746e3e2859821e15067fbe7,238,431,669,f60083067fd7d7752ef001ba0e7b1969a242bcfe78dac317e2510aa3b90a6522,1.0,383.8837209302326,1.230396541443053,10.102203182374542,191.9418604651163,191.9418604651163,e7727f1e265fa16cc77daf434b553e7099483f72bc1ccc66cceb151c6ea9ce7b,lightgbm__fold_03__stress__50c02189__weighted_aug__e7727f1e265f
lightgbm,LGBMClassifier,6f5020a62aa64b2ba8e9eeb74b2bb836f9767f0e14b46b7d244a45e2f8dda4ec,3,b0700166,stress,target_stress,-10,371,1800,16507,43,b7d9c058d17c7ccbcb337407c89dce3643aea4836abb54fc1caad17d93661355,bcd3007f8b807817734d67f5fb79247d682169631186c1b04d4f2cedd74be7de,93,29,122,a80585c50d5a1c2984a3c615574f15533494b6e6313b8a473328f8d860a1c10f,84,298,382,ef975bcb69998f7b1fefc381428f3112c8bda50cdea3e047f7e3d6b7c39d5e85,1.0,383.8837209302326,2.063890972743186,6.6186848436247,191.94186046511626,191.9418604651163,a095d944cd6f46309f86a37aaea066410e61d9313e6ee0e642f5b333ba63f15c,lightgbm__fold_03__stress__b0700166__weighted_aug__a095d944cd6f
lightgbm,LGBMClassifier,6f5020a62aa64b2ba8e9eeb74b2bb836f9767f0e14b46b7d244a45e2f8dda4ec,3,d0724095,stress,target_stress,-10,371,1800,16507,43,b7d9c058d17c7ccbcb337407c89dce3643aea4836abb54fc1caad17d93661355,bcd3007f8b807817734d67f5fb79247d682169631186c1b04d4f2cedd74be7de,108,47,155,e95218a4c3d4e8ac97992da9c1a0bf7d37a38b45d6cb9695aa9f45a09aecf33e,251,55,306,83c9ed49eeec9c5aba8050ec4980a007f7bcc04892b378fc886f46cc768a4ab8,1.0,383.8837209302326,1.7772394487510768,4.083869371598219,191.9418604651163,191.9418604651163,02aab1a0c7b1bbc369482c90a8de3667ef6580c00473344b4e41b579c13575a2,lightgbm__fold_03__stress__d0724095__weighted_aug__02aab1a0c7b1
lightgbm,LGBMClassifier,6f5020a62aa64b2ba8e9eeb74b2bb836f9767f0e14b46b7d244a45e2f8dda4ec,4,01c2a0d8,attention,target_attention,-10,371,1800,15937,43,d6bc4dd44a146802aea289085e20f3a5469bc59a944f3a84808d81b7aed2dd74,4404f50166a53629f16deb855b5dbdefb3de95149a3eec0eec91689ced0aaf96,89,59,148,eb3d06eff99c20b68643552548fda2d724bec09899bc82a6497db7dd3dfd22ef,129,105,234,aa0d35b5066706ad664a3f547732f314d9c63fbc8cd3ca6d185f40b2d1b00c0d,1.0,370.6279069767442,2.0821792526783383,3.1409144659046118,185.3139534883721,185.3139534883721,b55f057d0b3de2a3dbe384ddbae82bef700e7dfbf65e4d2b4cb17a804d857cff,lightgbm__fold_04__attention__01c2a0d8__weighted_aug__b55f057d0b3d
lightgbm,LGBMClassifier,6f5020a62aa64b2ba8e9eeb74b2bb836f9767f0e14b46b7d244a45e2f8dda4ec,4,30908049,attention,target_attention,-10,371,1800,15937,43,d6bc4dd44a146802aea289085e20f3a5469bc59a944f3a84808d81b7aed2dd74,4404f50166a53629f16deb855b5dbdefb3de95149a3eec0eec91689ced0aaf96,17,23,40,f73caa5299a136376c65c49ae1bb9b5fd27eb3cb444c8a688fa6d7622cc73751,182,95,277,a98f3daa6cfe4a1080c3d8e31249fc53c73e2c84c5dab3e58e906a150b305f0d,1.0,370.6279069767442,10.900820793433653,8.057128412537917,185.31395348837208,185.3139534883721,14a155545b28801f21abf44b11edb660e2fd7b6abe6aa6af8e66897c8101bafa,lightgbm__fold_04__attention__30908049__weighted_aug__14a155545b28
lightgbm,LGBMClassifier,6f5020a62aa64b2ba8e9eeb74b2bb836f9767f0e14b46b7d244a45e2f8dda4ec,4,40009139,attention,target_attention,-10,371,1800,15937,43,d6bc4dd44a146802aea289085e20f3a5469bc59a944f3a84808d81b7aed2dd74,4404f50166a53629f16deb855b5dbdefb3de95149a3eec0eec91689ced0aaf96,106,27,133,00f3bfcb5171eddd4bcbd2dc0a31567adf70b2dda0c837f7c275d9e4799ff45a,42,89,131,9c374c282bbdf5979ec2317011acdc3a5779617957414e5e13ff0ef90451a6aa,1.0,370.6279069767442,1.7482448442299254,6.863479758828596,185.3139534883721,185.3139534883721,88a6f92ec7f3eb50abcce61aae70ec8510ba1f52dca97a6bf7ceb87d900b9c97,lightgbm__fold_04__attention__40009139__weighted_aug__88a6f92ec7f3
lightgbm,LGBMClassifier,6f5020a62aa64b2ba8e9eeb74b2bb836f9767f0e14b46b7d244a45e2f8dda4ec,4,7092f07b,attention,target_attention,-10,371,1800,15937,43,d6bc4dd44a146802aea289085e20f3a5469bc59a944f3a84808d81b7aed2dd74,4404f50166a53629f16deb855b5dbdefb3de95149a3eec0eec91689ced0aaf96,125,22,147,635c71361c7fc9e61ed2215e261ab2e9b359d4e56775bea693ac2b54b7ff43a9,34,196,230,017ddacdff799be68f3254e0aa3565a1cfad6c14c7850cfec281e82f0aa2f9eb,1.0,370.6279069767442,1.4825116279069768,8.423361522198732,185.3139534883721,185.3139534883721,24ab73a17aaeed6053780896918a4509b6e0c158957edd7eb182ca3c90bfafcf,lightgbm__fold_04__attention__7092f07b__weighted_aug__24ab73a17aae
lightgbm,LGBMClassifier,6f5020a62aa64b2ba8e9eeb74b2bb836f9767f0e14b46b7d244a45e2f8dda4ec,4,8030618f,attention,target_attention,-10,371,1800,15937,43,d6bc4dd44a146802aea289085e20f3a5469bc59a944f3a84808d81b7aed2dd74,4404f50166a53629f16deb855b5dbdefb3de95149a3eec0eec91689ced0aaf96,25,81,106,a6a3cc0aeeaabab264743e6fb52c3a89c68df3438a8ef6d12a77295383d786d5,130,76,206,a0fc97f917cb0d9a9d56b34554d3c265f479e0cb5d73e10e98be1a9d1bdc57ea,1.0,370.6279069767442,7.412558139534884,2.287826586276199,185.3139534883721,185.31395348837214,c5e77b77aa653c8a1d79c07562312136caaf99173b194aca6fc0f1ed06997291,lightgbm__fold_04__attention__8030618f__weighted_aug__c5e77b77aa65
lightgbm,LGBMClassifier,6f5020a62aa64b2ba8e9eeb74b2bb836f9767f0e14b46b7d244a45e2f8dda4ec,4,a1b210fc,attention,target_attention,-10,371,1800,15937,43,d6bc4dd44a146802aea289085e20f3a5469bc59a944f3a84808d81b7aed2dd74,4404f50166a53629f16deb855b5dbdefb3de95149a3eec0eec91689ced0aaf96,62,77,139,7f1ddad7919035ba31ec359948350215795d6b6a98fba5da10f9b38c055f8fdd,68,216,284,35503ba14b58aebf968bb70defbd829a8235bdc13ab5d51552797abb9d0bea9f,1.0,370.6279069767442,2.988934733683421,2.4066747206282093,185.3139534883721,185.3139534883721,6cb48ce975593248738f0a35b848d3e97f13c3ef23eed3bf1fc8135595fb5350,lightgbm__fold_04__attention__a1b210fc__weighted_aug__6cb48ce97559
lightgbm,LGBMClassifier,6f5020a62aa64b2ba8e9eeb74b2bb836f9767f0e14b46b7d244a45e2f8dda4ec,4,b112005d,attention,target_attention,-10,371,1800,15937,43,d6bc4dd44a146802aea289085e20f3a5469bc59a944f3a84808d81b7aed2dd74,4404f50166a53629f16deb855b5dbdefb3de95149a3eec0eec91689ced0aaf96,128,23,151,9b0903aa67d101421d3473a138deb06b7f733094bb6541e4196ae3def49a989e,228,188,416,b5fd3c35d5df54505044fbd8f60860fe1b6fd89a49f6aab7bd2a42bc33e26938,1.0,370.6279069767442,1.447765261627907,8.057128412537917,185.3139534883721,185.3139534883721,2abf61980f8fe1d5b77f4e71c738df4b670ab292d584c06801cfd26ba1e56160,lightgbm__fold_04__attention__b112005d__weighted_aug__2abf61980f8f
lightgbm,LGBMClassifier,6f5020a62aa64b2ba8e9eeb74b2bb836f9767f0e14b46b7d244a45e2f8dda4ec,4,d151b0c4,attention,target_attention,-10,371,1800,15937,43,d6bc4dd44a146802aea289085e20f3a5469bc59a944f3a84808d81b7aed2dd74,4404f50166a53629f16deb855b5dbdefb3de95149a3eec0eec91689ced0aaf96,48,22,70,bd88a8e476f322ede73d11f558a85d7a999fc2f55ef452a5332f749141d8807c,190,183,373,b4607bad16d4987bcd82328bea9113fc9c59cda74709dfcc9fa1b31586b7fa0b,1.0,370.6279069767442,3.8607073643410854,8.423361522198732,185.3139534883721,185.3139534883721,3daeeb8300220638d66adde244b1472bebfe9a8d6da3b672565cbc7d2d49fcea,lightgbm__fold_04__attention__d151b0c4__weighted_aug__3daeeb830022
lightgbm,LGBMClassifier,6f5020a62aa64b2ba8e9eeb74b2bb836f9767f0e14b46b7d244a45e2f8dda4ec,4,f1a0c120,attention,target_attention,-10,371,1800,15937,43,d6bc4dd44a146802aea289085e20f3a5469bc59a944f3a84808d81b7aed2dd74,4404f50166a53629f16deb855b5dbdefb3de95149a3eec0eec91689ced0aaf96,137,12,149,1232d7f4cf51fd1f5edd395798f1b6146c2fcae5f481ba2dfb27a84ebb65a0d6,123,63,186,f8375dd054790fb62ac5d8b681f159e3598a55f5735c0a3897a53301c3bc373b,1.0,370.6279069767442,1.3526565948056357,15.442829457364342,185.3139534883721,185.3139534883721,0e18377b9b989ab3500343c13cd9f5fbc9a572f131343655fb06718439eeee55,lightgbm__fold_04__attention__f1a0c120__weighted_aug__0e18377b9b98
lightgbm,LGBMClassifier,6f5020a62aa64b2ba8e9eeb74b2bb836f9767f0e14b46b7d244a45e2f8dda4ec,4,01c2a0d8,engagement,target_engagement,-10,371,1800,16687,43,986d1415067904080d56b49303685c463e195fe0f6cc22b9219e6da5b4f26546,4efdbb963e4328ea609ced0c43ea79ec54863afcf8b6dc3b54e36caff30afe16,41,49,90,679e0de806cf6b02e9df32f33772c4f359fa5ecea5355f2ce7995e424cb5d23a,218,44,262,4af947be5370fcfb0b0ee503d128919382d3d108a0a9c2e8cf786f18bcf55886,1.0,388.06976744186045,4.732558139534883,3.959895586141433,194.03488372093022,194.03488372093022,8570cdb456b788d5a7546339841aa18869fc75e95595cc037c2b8da68581984a,lightgbm__fold_04__engagement__01c2a0d8__weighted_aug__8570cdb456b7
lightgbm,LGBMClassifier,6f5020a62aa64b2ba8e9eeb74b2bb836f9767f0e14b46b7d244a45e2f8dda4ec,4,30908049,engagement,target_engagement,-10,371,1800,16687,43,986d1415067904080d56b49303685c463e195fe0f6cc22b9219e6da5b4f26546,4efdbb963e4328ea609ced0c43ea79ec54863afcf8b6dc3b54e36caff30afe16,59,50,109,e4b4e56961eef4068ba1a4ec7b373ef3a6c107eaa9941a0e2caef6b9e18ede72,167,183,350,3e392d28dfa253fd64d771e858c3ac39a499bd3914353036b4116bd2a0d30b10,1.0,388.06976744186045,3.288726842727631,3.8806976744186046,194.03488372093022,194.03488372093022,9b59805b36ced95507dd2437c843b88347a936e3e983b6cf22f46317c9f4f79d,lightgbm__fold_04__engagement__30908049__weighted_aug__9b59805b36ce
lightgbm,LGBMClassifier,6f5020a62aa64b2ba8e9eeb74b2bb836f9767f0e14b46b7d244a45e2f8dda4ec,4,40009139,engagement,target_engagement,-10,371,1800,16687,43,986d1415067904080d56b49303685c463e195fe0f6cc22b9219e6da5b4f26546,4efdbb963e4328ea609ced0c43ea79ec54863afcf8b6dc3b54e36caff30afe16,26,57,83,05b6df5931340c68f7dc126072455fe6238875fb8d544171aa7a2748bf074efe,64,104,168,1927cef6a89f14267c555a8dfd74d66d883500c754f9bd16d457c48fcd8514ac,1.0,388.06976744186045,7.4628801431127005,3.404120767033864,194.03488372093022,194.03488372093022,83982c63607f6a519e8dd3fb4faa19218b42f8a2f35a58f479447457b3dc9ecc,lightgbm__fold_04__engagement__40009139__weighted_aug__83982c63607f
lightgbm,LGBMClassifier,6f5020a62aa64b2ba8e9eeb74b2bb836f9767f0e14b46b7d244a45e2f8dda4ec,4,7092f07b,engagement,target_engagement,-10,371,1800,16687,43,986d1415067904080d56b49303685c463e195fe0f6cc22b9219e6da5b4f26546,4efdbb963e4328ea609ced0c43ea79ec54863afcf8b6dc3b54e36caff30afe16,41,61,102,bc4ba75736ad65f5bc7d2cf523e2b1457fd7085cd6d828dbe32873b9d985fb7f,153,46,199,f5870359c2361845fb6452e4390fe85aa53e82bc81d65a523b27eb8add6d5fdb,1.0,388.06976744186045,4.732558139534883,3.1808997331300035,194.03488372093022,194.03488372093022,131fd6947f1fdf9e7d670710d5a312b29e692da88e7256f3dbdfe6ed6bf5bd01,lightgbm__fold_04__engagement__7092f07b__weighted_aug__131fd6947f1f
lightgbm,LGBMClassifier,6f5020a62aa64b2ba8e9eeb74b2bb836f9767f0e14b46b7d244a45e2f8dda4ec,4,8030618f,engagement,target_engagement,-10,371,1800,16687,43,986d1415067904080d56b49303685c463e195fe0f6cc22b9219e6da5b4f26546,4efdbb963e4328ea609ced0c43ea79ec54863afcf8b6dc3b54e36caff30afe16,21,37,58,4931fd0cf9c5cf853e8f80ca251792337e1be9a5cbf90c024062cf090d803de9,165,17,182,7f942bb4421a8a1df4b0df11ee43bc50e11c204c21af00ba2e149accce5c20d9,1.0,388.06976744186045,9.239756367663343,5.2441860465116275,194.0348837209302,194.03488372093022,7c5d223825363c2df1882c93e2a0923e41168788ed7b77418cb752896bf4437d,lightgbm__fold_04__engagement__8030618f__weighted_aug__7c5d22382536
lightgbm,LGBMClassifier,6f5020a62aa64b2ba8e9eeb74b2bb836f9767f0e14b46b7d244a45e2f8dda4ec,4,a1b210fc,engagement,target_engagement,-10,371,1800,16687,43,986d1415067904080d56b49303685c463e195fe0f6cc22b9219e6da5b4f26546,4efdbb963e4328ea609ced0c43ea79ec54863afcf8b6dc3b54e36caff30afe16,19,106,125,cd59f391ce84c8dac32825f08a5cc8f7b92900c86675ef7d246db66918c7b8df,155,124,279,812fd4be251238ffd4c7f92d17c6f773aa9995b00c1657b078823d0cb84b8c3f,1.0,388.06976744186045,10.21236230110159,1.8305177709521718,194.03488372093022,194.03488372093022,4dab73faf8555859bf77df0641acfb36871d3c57db9472b13c24fb01507b67be,lightgbm__fold_04__engagement__a1b210fc__weighted_aug__4dab73faf855
lightgbm,LGBMClassifier,6f5020a62aa64b2ba8e9eeb74b2bb836f9767f0e14b46b7d244a45e2f8dda4ec,4,b112005d,engagement,target_engagement,-10,371,1800,16687,43,986d1415067904080d56b49303685c463e195fe0f6cc22b9219e6da5b4f26546,4efdbb963e4328ea609ced0c43ea79ec54863afcf8b6dc3b54e36caff30afe16,25,46,71,071474708397f5a044428af87689c36790b5a7e91e47b111190a580fba2d4edc,199,103,302,2110ede6d407c6b646d7a357ab7ad861d5f43c601222fe3ae7660c7894b4e6c5,1.0,388.06976744186045,7.761395348837209,4.218149646107179,194.03488372093022,194.03488372093022,e77f05330d6bd511a0fc31f7ff8d4f03bc570420aa9f70ac16a5d82ecba6534f,lightgbm__fold_04__engagement__b112005d__weighted_aug__e77f05330d6b
lightgbm,LGBMClassifier,6f5020a62aa64b2ba8e9eeb74b2bb836f9767f0e14b46b7d244a45e2f8dda4ec,4,b1c2f044,engagement,target_engagement,-10,371,1800,16687,43,986d1415067904080d56b49303685c463e195fe0f6cc22b9219e6da5b4f26546,4efdbb963e4328ea609ced0c43ea79ec54863afcf8b6dc3b54e36caff30afe16,96,42,138,94018a802674d39ff0f5434107d4aac777e26bff111352d1deb00f6b7035fbc3,228,69,297,0346616ff7480d6a16abbdb107b2eeea8c02b778841e12db21ac727452f1437e,1.0,388.06976744186045,2.0211967054263567,4.619878183831672,194.03488372093022,194.0348837209302,72b63c7290850047ea1f992b9f4ff8e39b7d0a6af410405c14b990f231ed7f46,lightgbm__fold_04__engagement__b1c2f044__weighted_aug__72b63c729085
lightgbm,LGBMClassifier,6f5020a62aa64b2ba8e9eeb74b2bb836f9767f0e14b46b7d244a45e2f8dda4ec,4,d151b0c4,engagement,target_engagement,-10,371,1800,16687,43,986d1415067904080d56b49303685c463e195fe0f6cc22b9219e6da5b4f26546,4efdbb963e4328ea609ced0c43ea79ec54863afcf8b6dc3b54e36caff30afe16,47,47,94,b5d2b6c843a840c3bcd46ca9799f70632aa8722df72fad14b09d762175b54192,244,102,346,4af35eed8938fe4be8389c05c8a93ec4de4704ecf1d51eded50d61df66bf20b8,1.0,388.06976744186045,4.128401781296388,4.128401781296388,194.03488372093022,194.03488372093022,c6aec9fec26b020d81f93fa48ad4a119d47080fbf59b7d8bde238922b771e77d,lightgbm__fold_04__engagement__d151b0c4__weighted_aug__c6aec9fec26b
lightgbm,LGBMClassifier,6f5020a62aa64b2ba8e9eeb74b2bb836f9767f0e14b46b7d244a45e2f8dda4ec,4,01c2a0d8,excitement,target_excitement,-10,371,1800,16689,44,2bf159cea185c08806e5852a0521171522678bfd8d04d9dfff4d87344dd97627,01a9a36af7fd4938668057f58a4af0d4815b36985a13f61e071f1297e75e14d1,91,50,141,ad1838181c78a9500c889460be1936e2d1e2aa26fd69bde66eb3556e7a5ed1ca,106,137,243,6cd7a72869784ddf8c9cb708a5c18dfdefd93e6e600bd2b4d77b35e8be6efbb9,1.0,379.29545454545456,2.084040959040959,3.7929545454545455,189.64772727272728,189.64772727272728,bc4ab952155fb29a56d40a80d02be33857c65446ca7f359517b6c793eb216027,lightgbm__fold_04__excitement__01c2a0d8__weighted_aug__bc4ab952155f
lightgbm,LGBMClassifier,6f5020a62aa64b2ba8e9eeb74b2bb836f9767f0e14b46b7d244a45e2f8dda4ec,4,30908049,excitement,target_excitement,-10,371,1800,16689,44,2bf159cea185c08806e5852a0521171522678bfd8d04d9dfff4d87344dd97627,01a9a36af7fd4938668057f58a4af0d4815b36985a13f61e071f1297e75e14d1,34,109,143,1708592dbd48d5b483ffe6e6e4804ab3be45af60a2d3f3d658b4d991a9a228ad,63,341,404,7e747215e2eca91ccba730a64c0e4d26ced5e20adea7282819c0ceacd3554705,1.0,379.29545454545456,5.577874331550802,1.73988740617181,189.64772727272728,189.64772727272728,06871d5493ad4ddaf47f9fd98b2d5e173ee711ff0dc0e269dca2befeb6bd81e0,lightgbm__fold_04__excitement__30908049__weighted_aug__06871d5493ad
lightgbm,LGBMClassifier,6f5020a62aa64b2ba8e9eeb74b2bb836f9767f0e14b46b7d244a45e2f8dda4ec,4,40009139,excitement,target_excitement,-10,371,1800,16689,44,2bf159cea185c08806e5852a0521171522678bfd8d04d9dfff4d87344dd97627,01a9a36af7fd4938668057f58a4af0d4815b36985a13f61e071f1297e75e14d1,53,67,120,460fc0af4863261639cef1322b2be856536fbf92ab671e7b0cb58fde5ac8e741,89,67,156,87edb7cdad9e7842bfd4df2ca63bc761418964643b34240f05f140bd561b4b35,1.0,379.29545454545456,3.5782590051457976,2.830563093622795,189.64772727272728,189.64772727272725,906736822b83022f7272d59c6aa0f4837ff646633a64e5900373c6b3100ed55f,lightgbm__fold_04__excitement__40009139__weighted_aug__906736822b83
lightgbm,LGBMClassifier,6f5020a62aa64b2ba8e9eeb74b2bb836f9767f0e14b46b7d244a45e2f8dda4ec,4,7092f07b,excitement,target_excitement,-10,371,1800,16689,44,2bf159cea185c08806e5852a0521171522678bfd8d04d9dfff4d87344dd97627,01a9a36af7fd4938668057f58a4af0d4815b36985a13f61e071f1297e75e14d1,89,30,119,6b7c40c71c7480ac8d961d141ca0e1e0dd166053881d228dc401b5e79fd1db0f,98,63,161,6733deea18ee1f90b4bcf7e9deb668ecbe16734c1a8b6b8b4b9fa672857ad206,1.0,379.29545454545456,2.1308733401430033,6.32159090909091,189.6477272727273,189.64772727272728,897784d7ffdf115ce33ef01ec9cbc2d453861c312d2049e1312d37dfe45aec01,lightgbm__fold_04__excitement__7092f07b__weighted_aug__897784d7ffdf
lightgbm,LGBMClassifier,6f5020a62aa64b2ba8e9eeb74b2bb836f9767f0e14b46b7d244a45e2f8dda4ec,4,8030618f,excitement,target_excitement,-10,371,1800,16689,44,2bf159cea185c08806e5852a0521171522678bfd8d04d9dfff4d87344dd97627,01a9a36af7fd4938668057f58a4af0d4815b36985a13f61e071f1297e75e14d1,66,23,89,e6a38f823d691c75ef973793b341f402c9e45d838d421ec6375199d7f6e285b0,51,74,125,15ec32f2483a6678b7b1cf725124f4b765e5c5fcb9b0902ae636eea53dbbbee8,1.0,379.29545454545456,2.8734504132231407,8.245553359683795,189.64772727272728,189.64772727272728,c07fc20415dc52496ce8bfb61a147be6f6d0b03678168bd5d77686d23fe3783e,lightgbm__fold_04__excitement__8030618f__weighted_aug__c07fc20415dc
lightgbm,LGBMClassifier,6f5020a62aa64b2ba8e9eeb74b2bb836f9767f0e14b46b7d244a45e2f8dda4ec,4,a1b210fc,excitement,target_excitement,-10,371,1800,16689,44,2bf159cea185c08806e5852a0521171522678bfd8d04d9dfff4d87344dd97627,01a9a36af7fd4938668057f58a4af0d4815b36985a13f61e071f1297e75e14d1,110,18,128,392f7dd3e3a07bab4dbc4e52dc482d3c8f37b10bceb87397afb24e81d4767dad,214,70,284,94bfa29afa95fd09a873aa21e807b227662c378cea03b97074cc0a9c884cf9be,1.0,379.29545454545456,1.7240702479338843,10.53598484848485,189.64772727272728,189.64772727272728,53f93737567a15adcf50dd4c348442db52f6ea792f8238a7e2ce29585b14f1be,lightgbm__fold_04__excitement__a1b210fc__weighted_aug__53f93737567a
lightgbm,LGBMClassifier,6f5020a62aa64b2ba8e9eeb74b2bb836f9767f0e14b46b7d244a45e2f8dda4ec,4,b112005d,excitement,target_excitement,-10,371,1800,16689,44,2bf159cea185c08806e5852a0521171522678bfd8d04d9dfff4d87344dd97627,01a9a36af7fd4938668057f58a4af0d4815b36985a13f61e071f1297e75e14d1,99,40,139,30afb0984b0f57ee7c2e3d9d0a01977196c031724e9a022dce0b06e71bdfcb4b,295,154,449,d0dbf2cc89b918f3f8da22b4353b6c964cbf836075f62519accbe657dc2d8556,1.0,379.29545454545456,1.915633608815427,4.741193181818182,189.64772727272728,189.64772727272728,5d013e39ef0f7a57da8332372a2b4aa9a212cd99e1f140c02efa3331119ce11d,lightgbm__fold_04__excitement__b112005d__weighted_aug__5d013e39ef0f
lightgbm,LGBMClassifier,6f5020a62aa64b2ba8e9eeb74b2bb836f9767f0e14b46b7d244a45e2f8dda4ec,4,b1c2f044,excitement,target_excitement,-10,371,1800,16689,44,2bf159cea185c08806e5852a0521171522678bfd8d04d9dfff4d87344dd97627,01a9a36af7fd4938668057f58a4af0d4815b36985a13f61e071f1297e75e14d1,110,27,137,d16a72e8286a6562e6eddd11a1d21a645202dd843c6cee29292b931c3834e94f,200,102,302,8d08c3eed7bc5a1c88f74188adb256cd9f678dd66d87778b83c3b40eef3f412a,1.0,379.29545454545456,1.7240702479338843,7.0239898989899,189.64772727272728,189.64772727272728,d27cde85d2eb2aed63006a16ec005703e9857ba694402a530c045d68af245996,lightgbm__fold_04__excitement__b1c2f044__weighted_aug__d27cde85d2eb
lightgbm,LGBMClassifier,6f5020a62aa64b2ba8e9eeb74b2bb836f9767f0e14b46b7d244a45e2f8dda4ec,4,d151b0c4,excitement,target_excitement,-10,371,1800,16689,44,2bf159cea185c08806e5852a0521171522678bfd8d04d9dfff4d87344dd97627,01a9a36af7fd4938668057f58a4af0d4815b36985a13f61e071f1297e75e14d1,18,83,101,c0c0b391e2a112d8a3cd1ebf656a8b4c1c2d90ae3806d7266f392d07e54a2828,210,183,393,ed2c303fff7cb5b47a144edd55c3530e21a56b5924751c60bc8d7dc5fb74fc72,1.0,379.29545454545456,10.53598484848485,2.2849123767798467,189.64772727272728,189.64772727272728,f80fe2963364c276a42d006b54dd45342ad01b6807e260eb80f61009a7ce2fbf,lightgbm__fold_04__excitement__d151b0c4__weighted_aug__f80fe2963364
lightgbm,LGBMClassifier,6f5020a62aa64b2ba8e9eeb74b2bb836f9767f0e14b46b7d244a45e2f8dda4ec,4,f1a0c120,excitement,target_excitement,-10,371,1800,16689,44,2bf159cea185c08806e5852a0521171522678bfd8d04d9dfff4d87344dd97627,01a9a36af7fd4938668057f58a4af0d4815b36985a13f61e071f1297e75e14d1,49,35,84,2912c828ec0033c87fbb1d5c3021eef1708170e48950dea1b3cefc53a904d996,98,88,186,d7a5ffe4e6c0b29c70df9ab7c6a5f0a26923753389df7b50134973144795f3bd,1.0,379.29545454545456,3.870361781076067,5.418506493506494,189.64772727272728,189.6477272727273,7e56043d91c68d5457f1168029ca89899a7194d359ffd3d05ece83a4824dbd60,lightgbm__fold_04__excitement__f1a0c120__weighted_aug__7e56043d91c6
lightgbm,LGBMClassifier,6f5020a62aa64b2ba8e9eeb74b2bb836f9767f0e14b46b7d244a45e2f8dda4ec,4,01c2a0d8,focus,target_focus,-10,371,1800,16688,44,433fdfdab7418b3ac1b1eba53628b0a707ee15dfd4099c8f04fe8c7220275e8e,bcbf7453b6c3768b7f4446c03f027f80397a24d1f0f54a82146b8fe6d4a67bdf,48,54,102,18b371f0d8712b0c13aafe82f2cc55f6055d1d650c8d1f228126d9a79129dcf0,31,185,216,564b0da1774b311d8a81b434de6ecf15f3088682dcb99f92d6812e5c90f5073e,1.0,379.27272727272725,3.9507575757575757,3.5117845117845117,189.63636363636363,189.63636363636363,c92c0534fef48faaa97f42b14214c407853ed19dde8ba8937748709c1a93d965,lightgbm__fold_04__focus__01c2a0d8__weighted_aug__c92c0534fef4
lightgbm,LGBMClassifier,6f5020a62aa64b2ba8e9eeb74b2bb836f9767f0e14b46b7d244a45e2f8dda4ec,4,40009139,focus,target_focus,-10,371,1800,16688,44,433fdfdab7418b3ac1b1eba53628b0a707ee15dfd4099c8f04fe8c7220275e8e,bcbf7453b6c3768b7f4446c03f027f80397a24d1f0f54a82146b8fe6d4a67bdf,36,54,90,b957da1e03893837b7bc1c0429f94015a564b8c7da08330b5deb6f3efb7bd1a1,136,52,188,3bd000be8a7d6e68fe9e8d63562fef606f801abe484e86258e93eaf94a4b0738,1.0,379.27272727272725,5.267676767676767,3.5117845117845117,189.63636363636363,189.63636363636363,415c7360dd8773639bc1533e7ff841dbcc32774727a9136bb2ea0fdef8d8a028,lightgbm__fold_04__focus__40009139__weighted_aug__415c7360dd87
lightgbm,LGBMClassifier,6f5020a62aa64b2ba8e9eeb74b2bb836f9767f0e14b46b7d244a45e2f8dda4ec,4,7092f07b,focus,target_focus,-10,371,1800,16688,44,433fdfdab7418b3ac1b1eba53628b0a707ee15dfd4099c8f04fe8c7220275e8e,bcbf7453b6c3768b7f4446c03f027f80397a24d1f0f54a82146b8fe6d4a67bdf,111,27,138,e47af2a4e3612a0e8582badb99d57b17539026f00e07f78e49d7ca642e4a7c50,106,61,167,fe59858b602b6d486bd81a2afb725e246a118d3a94a0a76184ac4756cb2af06e,1.0,379.27272727272725,1.7084357084357082,7.023569023569023,189.63636363636363,189.63636363636363,d51f0747fc8e158060446975c779c0e804442c78b92c59498550a75f7c47ff66,lightgbm__fold_04__focus__7092f07b__weighted_aug__d51f0747fc8e
lightgbm,LGBMClassifier,6f5020a62aa64b2ba8e9eeb74b2bb836f9767f0e14b46b7d244a45e2f8dda4ec,4,8030618f,focus,target_focus,-10,371,1800,16688,44,433fdfdab7418b3ac1b1eba53628b0a707ee15dfd4099c8f04fe8c7220275e8e,bcbf7453b6c3768b7f4446c03f027f80397a24d1f0f54a82146b8fe6d4a67bdf,103,12,115,45e6c9156462dfd198006b9132105338e2cac0a6ac0a57e36d832bc9708d5fb8,52,115,167,70aef016ec525db6a9f5449da9e2cca52fcfd26a686fcc930a15aefe5d210d83,1.0,379.27272727272725,1.8411297440423653,15.803030303030303,189.63636363636363,189.63636363636363,c77b53873765053f72234d4b8cdf1e8200e9efda81745b98113aa59c7dec6d43,lightgbm__fold_04__focus__8030618f__weighted_aug__c77b53873765
lightgbm,LGBMClassifier,6f5020a62aa64b2ba8e9eeb74b2bb836f9767f0e14b46b7d244a45e2f8dda4ec,4,a1b210fc,focus,target_focus,-10,371,1800,16688,44,433fdfdab7418b3ac1b1eba53628b0a707ee15dfd4099c8f04fe8c7220275e8e,bcbf7453b6c3768b7f4446c03f027f80397a24d1f0f54a82146b8fe6d4a67bdf,95,12,107,334521a5ee4e977159bf9cdc32afb0764c4023dccf85fcc7acf461161ae4f776,139,98,237,199eec8793998394383020827b945c577c701483dfa5354d6073e7c37252fb2e,1.0,379.27272727272725,1.9961722488038276,15.803030303030303,189.63636363636363,189.63636363636363,a8bf1aee646a44c175261ceb4a206af0a8db4af7e82f12a64bc7ed8b684784a8,lightgbm__fold_04__focus__a1b210fc__weighted_aug__a8bf1aee646a
lightgbm,LGBMClassifier,6f5020a62aa64b2ba8e9eeb74b2bb836f9767f0e14b46b7d244a45e2f8dda4ec,4,b112005d,focus,target_focus,-10,371,1800,16688,44,433fdfdab7418b3ac1b1eba53628b0a707ee15dfd4099c8f04fe8c7220275e8e,bcbf7453b6c3768b7f4446c03f027f80397a24d1f0f54a82146b8fe6d4a67bdf,59,13,72,fa7e5ae9ee316e6578a61a091b6b84d573713ba789763df1445b3a237d373174,105,201,306,aa07bff06a5a8e4c34bb577bf16967911046d4055d3df3e1a6160cac54de20df,1.0,379.27272727272725,3.2141756548536207,14.587412587412587,189.63636363636363,189.63636363636363,ee01f30c5c832ea41954887e7703129337439d45a1413ddda9b4859d67b56b11,lightgbm__fold_04__focus__b112005d__weighted_aug__ee01f30c5c83
lightgbm,LGBMClassifier,6f5020a62aa64b2ba8e9eeb74b2bb836f9767f0e14b46b7d244a45e2f8dda4ec,4,b1c2f044,focus,target_focus,-10,371,1800,16688,44,433fdfdab7418b3ac1b1eba53628b0a707ee15dfd4099c8f04fe8c7220275e8e,bcbf7453b6c3768b7f4446c03f027f80397a24d1f0f54a82146b8fe6d4a67bdf,120,24,144,570f19edeec3ff2cd004d28b727aa37341239cce95a5b613089ede4367f9a340,201,85,286,8f8b36cf636dc64729811ec241065a3667483100291310b23722efc0bfa0417f,1.0,379.27272727272725,1.5803030303030303,7.901515151515151,189.63636363636363,189.63636363636363,34374e3e7f88b7bf9e9d7d1b3aa04741418f5cd6abc0bc9ecb4b2e4fdab930b8,lightgbm__fold_04__focus__b1c2f044__weighted_aug__34374e3e7f88
lightgbm,LGBMClassifier,6f5020a62aa64b2ba8e9eeb74b2bb836f9767f0e14b46b7d244a45e2f8dda4ec,4,f1a0c120,focus,target_focus,-10,371,1800,16688,44,433fdfdab7418b3ac1b1eba53628b0a707ee15dfd4099c8f04fe8c7220275e8e,bcbf7453b6c3768b7f4446c03f027f80397a24d1f0f54a82146b8fe6d4a67bdf,79,36,115,98f3fbbd73ad1652b28866b21cd73df4fbdad413e053dadf8826b8b102ba830e,186,92,278,854e6b743b0ad26085226b26c58ee6dd6c6944d35e938e6f04faa05a8647136e,1.0,379.27272727272725,2.400460299194476,5.267676767676767,189.63636363636363,189.63636363636363,5df48a2675c4a40b689ba739cd08f31a351de1e0959a5c2595968e59fc5d54b6,lightgbm__fold_04__focus__f1a0c120__weighted_aug__5df48a2675c4
lightgbm,LGBMClassifier,6f5020a62aa64b2ba8e9eeb74b2bb836f9767f0e14b46b7d244a45e2f8dda4ec,4,01c2a0d8,interest,target_interest,-10,371,1800,16683,44,dc15a575b4e8dd1791706916a39e0b9e65dc5b69242cd007fc815a7885d98e3e,c4110c8ecd8ea7c835b8ea571bfeb6ad10ec8d02d986bd0e2c5b9a70c03e3241,89,47,136,f456a922c2d5d75bc436f677e1893923b9682bc1dc035814029746e8018cee1e,182,87,269,70493fabd30850fd3d09833f21b4923fdf46323f998247676b31d6fc9ee6c857,1.0,379.15909090909093,2.130107252298264,4.0336073500967125,189.57954545454547,189.5795454545455,6205a5a4f2d918e2a96290f4c3bb2d872a09a905b07c4fba04b047f810814b8f,lightgbm__fold_04__interest__01c2a0d8__weighted_aug__6205a5a4f2d9
lightgbm,LGBMClassifier,6f5020a62aa64b2ba8e9eeb74b2bb836f9767f0e14b46b7d244a45e2f8dda4ec,4,40009139,interest,target_interest,-10,371,1800,16683,44,dc15a575b4e8dd1791706916a39e0b9e65dc5b69242cd007fc815a7885d98e3e,c4110c8ecd8ea7c835b8ea571bfeb6ad10ec8d02d986bd0e2c5b9a70c03e3241,58,23,81,db17f0b09f978cc61fec52373462d7e96e81f082b0651fdc03700fffbbf543c5,40,70,110,f8a3d3fb25f292cc9d465a34c0630945204414b08e040bc038a57cba30a0e4d2,1.0,379.15909090909093,3.2686128526645772,8.242588932806324,189.57954545454547,189.57954545454547,c0e0d55c5fcefc1b68a5088ba785e70ede660468ec58f77c069c5e0ff1cdacf3,lightgbm__fold_04__interest__40009139__weighted_aug__c0e0d55c5fce
lightgbm,LGBMClassifier,6f5020a62aa64b2ba8e9eeb74b2bb836f9767f0e14b46b7d244a45e2f8dda4ec,4,7092f07b,interest,target_interest,-10,371,1800,16683,44,dc15a575b4e8dd1791706916a39e0b9e65dc5b69242cd007fc815a7885d98e3e,c4110c8ecd8ea7c835b8ea571bfeb6ad10ec8d02d986bd0e2c5b9a70c03e3241,26,121,147,7451279adf3a6324e8129ec5bb518dba1dff9d56dcecf28d2a0e2b2f9d9b4246,113,154,267,a2ac43888e2e8f21b497a15aa793c08767208a7cbbbca6aebfe6297a166cf670,1.0,379.15909090909093,7.291520979020979,1.5667731029301277,189.57954545454547,189.57954545454547,eaefad0452e7645f2a9a0c9813c5239757aaf754efb279da67e5d972aa2bac5d,lightgbm__fold_04__interest__7092f07b__weighted_aug__eaefad0452e7
lightgbm,LGBMClassifier,6f5020a62aa64b2ba8e9eeb74b2bb836f9767f0e14b46b7d244a45e2f8dda4ec,4,8030618f,interest,target_interest,-10,371,1800,16683,44,dc15a575b4e8dd1791706916a39e0b9e65dc5b69242cd007fc815a7885d98e3e,c4110c8ecd8ea7c835b8ea571bfeb6ad10ec8d02d986bd0e2c5b9a70c03e3241,40,33,73,524da4d7b4f364854610f22ffffcfe1dd256b7537efe4af0617a92221e91a528,43,104,147,56486f0282116bf1baa8ed512a5c19d2c38d6a4ea75b1a202aa56ce29a22108d,1.0,379.15909090909093,4.739488636363637,5.7448347107438025,189.5795454545455,189.5795454545455,9c81d94c6f01aa6f6dcce4c03907a38cd9aeab09f4f97757d8a784041e3ab352,lightgbm__fold_04__interest__8030618f__weighted_aug__9c81d94c6f01
lightgbm,LGBMClassifier,6f5020a62aa64b2ba8e9eeb74b2bb836f9767f0e14b46b7d244a45e2f8dda4ec,4,a1b210fc,interest,target_interest,-10,371,1800,16683,44,dc15a575b4e8dd1791706916a39e0b9e65dc5b69242cd007fc815a7885d98e3e,c4110c8ecd8ea7c835b8ea571bfeb6ad10ec8d02d986bd0e2c5b9a70c03e3241,46,74,120,bbc4457de08f652a7565ab7d47b3aff3907af410238b456f5d52946371ee62ec,178,187,365,d1ff88ac2204680b34dfc512fcdf9ccfb8d69b5f9d6445d5585d197f2f6f649e,1.0,379.15909090909093,4.121294466403162,2.5618857493857496,189.57954545454547,189.57954545454547,b4c874dc65debcead5b83d1f18031202de93ec11f37035fecfeba6e680d3ab30,lightgbm__fold_04__interest__a1b210fc__weighted_aug__b4c874dc65de
lightgbm,LGBMClassifier,6f5020a62aa64b2ba8e9eeb74b2bb836f9767f0e14b46b7d244a45e2f8dda4ec,4,b112005d,interest,target_interest,-10,371,1800,16683,44,dc15a575b4e8dd1791706916a39e0b9e65dc5b69242cd007fc815a7885d98e3e,c4110c8ecd8ea7c835b8ea571bfeb6ad10ec8d02d986bd0e2c5b9a70c03e3241,120,19,139,9fe27f9f14db147225faaeafb1de9ce289feba3c54d9b8a7431aec6fa978b0a3,237,151,388,ebbb730f4af9e0b50cd2f622270f46b80b143677373dca39f689443030d9513b,1.0,379.15909090909093,1.5798295454545455,9.97787081339713,189.57954545454547,189.57954545454547,10fd61662510fa28bbeb80d4da99f700156e48c266b79afe2e4f25ab09b60a53,lightgbm__fold_04__interest__b112005d__weighted_aug__10fd61662510
lightgbm,LGBMClassifier,6f5020a62aa64b2ba8e9eeb74b2bb836f9767f0e14b46b7d244a45e2f8dda4ec,4,b1c2f044,interest,target_interest,-10,371,1800,16683,44,dc15a575b4e8dd1791706916a39e0b9e65dc5b69242cd007fc815a7885d98e3e,c4110c8ecd8ea7c835b8ea571bfeb6ad10ec8d02d986bd0e2c5b9a70c03e3241,105,19,124,14285e3e330f7ece3d44c5cd6e06a3312cf594684ca5fdda26694e552e57067e,234,60,294,f231a3e9df0f20718b613ed7d7e6b9de94b8cce2075ec92fdf5b6e241d288b9f,1.0,379.15909090909093,1.8055194805194807,9.97787081339713,189.57954545454547,189.57954545454547,a230b177fc55b095253998acc2579cbffa5cf3431ceb86a3a3b038cfb870ba0e,lightgbm__fold_04__interest__b1c2f044__weighted_aug__a230b177fc55
lightgbm,LGBMClassifier,6f5020a62aa64b2ba8e9eeb74b2bb836f9767f0e14b46b7d244a45e2f8dda4ec,4,d151b0c4,interest,target_interest,-10,371,1800,16683,44,dc15a575b4e8dd1791706916a39e0b9e65dc5b69242cd007fc815a7885d98e3e,c4110c8ecd8ea7c835b8ea571bfeb6ad10ec8d02d986bd0e2c5b9a70c03e3241,117,23,140,23d905282c388a9d69fbeea4c3ac0b0e7abeb4e428e04f8fe5fef155207271eb,196,210,406,b5219ee58132e6fdc20e17f44eb0b60e3759fa97bc9057774e332fca211c58b4,1.0,379.15909090909093,1.6203379953379955,8.242588932806324,189.57954545454547,189.57954545454547,6ee1861a06dadc06f8ef38e9a81625c1fd328bc58f434915fcc9114598d19c92,lightgbm__fold_04__interest__d151b0c4__weighted_aug__6ee1861a06da
lightgbm,LGBMClassifier,6f5020a62aa64b2ba8e9eeb74b2bb836f9767f0e14b46b7d244a45e2f8dda4ec,4,01c2a0d8,relaxation,target_relaxation,-10,371,1800,16707,44,8b1921d4d5c07dab4a8de8755eec16059309a05437e5489c47467415666005fb,a5f608b86ee9061617d36b1743ad601431f955dde27218d8d7829829dc257d43,109,20,129,a6262f467e5a175efb26f85051e345cbfafbe945cc72d750e9c081379f49d7ae,172,88,260,70dadf5d9f37fcd4dd72d08607ce55999b72138c489affe9cf24a5c0f4a21d87,1.0,379.70454545454544,1.7417639699749792,9.492613636363636,189.85227272727272,189.85227272727272,9338dc2ebf8a40a3592c3413d618658ce5b4f244d570281eb9a2a2430a4c36c2,lightgbm__fold_04__relaxation__01c2a0d8__weighted_aug__9338dc2ebf8a
lightgbm,LGBMClassifier,6f5020a62aa64b2ba8e9eeb74b2bb836f9767f0e14b46b7d244a45e2f8dda4ec,4,30908049,relaxation,target_relaxation,-10,371,1800,16707,44,8b1921d4d5c07dab4a8de8755eec16059309a05437e5489c47467415666005fb,a5f608b86ee9061617d36b1743ad601431f955dde27218d8d7829829dc257d43,48,16,64,42e3f2d67a8dd0afec39a85c2c44186fadc8bae6d97db3fa4b66f9c7d0b9cba2,158,100,258,0df7fbf9ed85d781fa76b42d46a59e14bf704a70a5159bae7604623f6ff16c88,1.0,379.70454545454544,3.9552556818181817,11.865767045454545,189.85227272727272,189.85227272727272,c84f65326bc937f7b168176c9d2a8a4067caf0b62b4f11a3ae403fa7079767d5,lightgbm__fold_04__relaxation__30908049__weighted_aug__c84f65326bc9
lightgbm,LGBMClassifier,6f5020a62aa64b2ba8e9eeb74b2bb836f9767f0e14b46b7d244a45e2f8dda4ec,4,40009139,relaxation,target_relaxation,-10,371,1800,16707,44,8b1921d4d5c07dab4a8de8755eec16059309a05437e5489c47467415666005fb,a5f608b86ee9061617d36b1743ad601431f955dde27218d8d7829829dc257d43,62,37,99,bd87b87f41124c019181d13427fd53dc371952a48bd2c509bbd5bba236d47a66,49,103,152,c58f4e33bfb99ae34dc7c9b8acc07c03d0e750157ef6010bb82ef956a05b7a29,1.0,379.70454545454544,3.062133431085044,5.131142506142506,189.85227272727272,189.85227272727272,c701c714b1906775fde1dc03e64669018053dab5aea48f6a7007ea262d61ebaa,lightgbm__fold_04__relaxation__40009139__weighted_aug__c701c714b190
lightgbm,LGBMClassifier,6f5020a62aa64b2ba8e9eeb74b2bb836f9767f0e14b46b7d244a45e2f8dda4ec,4,7092f07b,relaxation,target_relaxation,-10,371,1800,16707,44,8b1921d4d5c07dab4a8de8755eec16059309a05437e5489c47467415666005fb,a5f608b86ee9061617d36b1743ad601431f955dde27218d8d7829829dc257d43,17,44,61,c684f96932ced96e892af46e35b461c455a47bbf28e2801e11391ab44dfa5b4d,95,122,217,1a3baadb5b38e81a3e4ae4299b79ee76cf1e005eab84549198471fcaedee4fb3,1.0,379.70454545454544,11.167780748663102,4.314824380165289,189.85227272727272,189.85227272727272,76fd9524530d3a22c0da3c308f0b7a2212ecb05f307961e22f263e0555f034c4,lightgbm__fold_04__relaxation__7092f07b__weighted_aug__76fd9524530d
lightgbm,LGBMClassifier,6f5020a62aa64b2ba8e9eeb74b2bb836f9767f0e14b46b7d244a45e2f8dda4ec,4,8030618f,relaxation,target_relaxation,-10,371,1800,16707,44,8b1921d4d5c07dab4a8de8755eec16059309a05437e5489c47467415666005fb,a5f608b86ee9061617d36b1743ad601431f955dde27218d8d7829829dc257d43,14,54,68,58f372b69f5a9254a92d7935fa6b36e4792cce6046cff0a04f772b71011c241e,108,75,183,302eb6acec0f17da0f9503b266b44ee0a9bf3057decbb115f6f8ebc8d7b2e7ee,1.0,379.70454545454544,13.560876623376624,3.5157828282828283,189.85227272727272,189.85227272727272,5f41ba48b6d946ff3b7cb3258c753eb43a4c58e1e02c3c8f560599d86a55ed84,lightgbm__fold_04__relaxation__8030618f__weighted_aug__5f41ba48b6d9
lightgbm,LGBMClassifier,6f5020a62aa64b2ba8e9eeb74b2bb836f9767f0e14b46b7d244a45e2f8dda4ec,4,a1b210fc,relaxation,target_relaxation,-10,371,1800,16707,44,8b1921d4d5c07dab4a8de8755eec16059309a05437e5489c47467415666005fb,a5f608b86ee9061617d36b1743ad601431f955dde27218d8d7829829dc257d43,69,36,105,0b034b736ee4bde7d2c859d00df101c1a313fa25f52d72fe32b620c457a045a2,199,137,336,c29326f2dae2f9c5f677c4c29dfddf123c5e9b724edf284dc98abfbb94a39ed1,1.0,379.70454545454544,2.751482213438735,5.273674242424242,189.85227272727272,189.85227272727272,d0697577a5bd834e24f223438cba9ef0027cee6c69b1f1b7760597bb630c3f1e,lightgbm__fold_04__relaxation__a1b210fc__weighted_aug__d0697577a5bd
lightgbm,LGBMClassifier,6f5020a62aa64b2ba8e9eeb74b2bb836f9767f0e14b46b7d244a45e2f8dda4ec,4,b112005d,relaxation,target_relaxation,-10,371,1800,16707,44,8b1921d4d5c07dab4a8de8755eec16059309a05437e5489c47467415666005fb,a5f608b86ee9061617d36b1743ad601431f955dde27218d8d7829829dc257d43,96,17,113,83da5d48abf9039b5e82cfd8fe9dab8fc16b380c8ed96678fcebfabb31445676,305,114,419,9dbdcd9e6b37b8ffe9e4408155ab5f352c1a568c2e8bf50cdb20a55b07825f1b,1.0,379.70454545454544,1.9776278409090908,11.167780748663102,189.85227272727272,189.85227272727272,535d2a776d49c0a0a34e95efd2528bb2e136ebc7badbef958bad9b158cce7d51,lightgbm__fold_04__relaxation__b112005d__weighted_aug__535d2a776d49
lightgbm,LGBMClassifier,6f5020a62aa64b2ba8e9eeb74b2bb836f9767f0e14b46b7d244a45e2f8dda4ec,4,b1c2f044,relaxation,target_relaxation,-10,371,1800,16707,44,8b1921d4d5c07dab4a8de8755eec16059309a05437e5489c47467415666005fb,a5f608b86ee9061617d36b1743ad601431f955dde27218d8d7829829dc257d43,31,38,69,62c23850595b81d1e6c7deaeb4e84f70e303db022dcb1550b8bbe3627cb06e9f,91,229,320,a66578fc6358b6377fd715b28cc44ba82e4f6c627072916ef79d194afae6a6c7,1.0,379.70454545454544,6.124266862170088,4.9961124401913874,189.85227272727272,189.85227272727272,fce27daf201aa5562080bcde88c66fd1c10bec6b7c566be5f476b7d9a89b6c69,lightgbm__fold_04__relaxation__b1c2f044__weighted_aug__fce27daf201a
lightgbm,LGBMClassifier,6f5020a62aa64b2ba8e9eeb74b2bb836f9767f0e14b46b7d244a45e2f8dda4ec,4,f1a0c120,relaxation,target_relaxation,-10,371,1800,16707,44,8b1921d4d5c07dab4a8de8755eec16059309a05437e5489c47467415666005fb,a5f608b86ee9061617d36b1743ad601431f955dde27218d8d7829829dc257d43,57,56,113,f27bdbba5442a34252c6408eaf1054820aee9fd1f5a87e8eb714f972a350934f,162,184,346,baa7eab0fb6a32246a5af58a7b3bbced7c2d21639a1946b060bd33e99960a9f6,1.0,379.70454545454544,3.3307416267942584,3.390219155844156,189.85227272727272,189.85227272727272,722df1f75915e7389777623c1284102bee9bd993f5dda2589fc6b135e84ae248,lightgbm__fold_04__relaxation__f1a0c120__weighted_aug__722df1f75915
lightgbm,LGBMClassifier,6f5020a62aa64b2ba8e9eeb74b2bb836f9767f0e14b46b7d244a45e2f8dda4ec,4,01c2a0d8,stress,target_stress,-10,371,1800,16679,44,8626c877b29078ccbf8827b46494b91b7bfcea537af78dcbb845acad5ad28c42,27d0b6e27ea4a69159776babe88351288b3e08a8b6a0e0a437af967ad54f9cf0,89,34,123,6188f759efb90cb07289fedddd544728cdc05926ce1e5d14f9283581017bf575,131,91,222,3b315db7bfe716727c597c423616e3406e7b2d655c9e991137fd0627217e8815,1.0,379.0681818181818,2.129596527068437,5.574532085561497,189.5340909090909,189.5340909090909,05b4f1df59e4187b3cf0118a6466359f9c55df0e40292e19e82dee66f0483c49,lightgbm__fold_04__stress__01c2a0d8__weighted_aug__05b4f1df59e4
lightgbm,LGBMClassifier,6f5020a62aa64b2ba8e9eeb74b2bb836f9767f0e14b46b7d244a45e2f8dda4ec,4,40009139,stress,target_stress,-10,371,1800,16679,44,8626c877b29078ccbf8827b46494b91b7bfcea537af78dcbb845acad5ad28c42,27d0b6e27ea4a69159776babe88351288b3e08a8b6a0e0a437af967ad54f9cf0,60,44,104,3bfe7f6075bb323bfbb378b5601ec8115ccde029c6f797237aaf294ccb69475f,52,40,92,5169a1318cb6381b46d1ff2ffab36ed231fc8b8da1576bcf23f07942e8b9d3ec,1.0,379.0681818181818,3.158901515151515,4.307592975206611,189.5340909090909,189.53409090909088,68d81283c1d2c4dd4a02c2e5fc87641df7800bf559572fcfe6ba24270e5ef664,lightgbm__fold_04__stress__40009139__weighted_aug__68d81283c1d2
lightgbm,LGBMClassifier,6f5020a62aa64b2ba8e9eeb74b2bb836f9767f0e14b46b7d244a45e2f8dda4ec,4,7092f07b,stress,target_stress,-10,371,1800,16679,44,8626c877b29078ccbf8827b46494b91b7bfcea537af78dcbb845acad5ad28c42,27d0b6e27ea4a69159776babe88351288b3e08a8b6a0e0a437af967ad54f9cf0,86,45,131,fb097ed4b1a423d04ca8974412c8c9cfb150b74aed8553c5576c2162524ad06c,118,124,242,bea54ed1febd275eb4270e9cce30456658d9c17b4fd00034434fcb40b3d4bb78,1.0,379.0681818181818,2.203884778012685,4.211868686868687,189.5340909090909,189.53409090909093,4ed9157b3700e40e83ab7b25f8e092d2eeb7d4553e0c833ce979f393d79248f0,lightgbm__fold_04__stress__7092f07b__weighted_aug__4ed9157b3700
lightgbm,LGBMClassifier,6f5020a62aa64b2ba8e9eeb74b2bb836f9767f0e14b46b7d244a45e2f8dda4ec,4,8030618f,stress,target_stress,-10,371,1800,16679,44,8626c877b29078ccbf8827b46494b91b7bfcea537af78dcbb845acad5ad28c42,27d0b6e27ea4a69159776babe88351288b3e08a8b6a0e0a437af967ad54f9cf0,16,45,61,9fa4661075fc0138705e5939559f36f532be8930efe8b9863a58cb25edaa2ff3,1,124,125,728dbc5d626fcb6deea620edfcf96387f659728e1ab3014ba61507aaa961ea8b,1.0,379.0681818181818,11.845880681818182,4.211868686868687,189.5340909090909,189.53409090909093,57d1a1d8132b3fb77ac67fd5ae5f4682385250a9ad850a855a100dd36819878b,lightgbm__fold_04__stress__8030618f__weighted_aug__57d1a1d8132b
lightgbm,LGBMClassifier,6f5020a62aa64b2ba8e9eeb74b2bb836f9767f0e14b46b7d244a45e2f8dda4ec,4,a1b210fc,stress,target_stress,-10,371,1800,16679,44,8626c877b29078ccbf8827b46494b91b7bfcea537af78dcbb845acad5ad28c42,27d0b6e27ea4a69159776babe88351288b3e08a8b6a0e0a437af967ad54f9cf0,14,48,62,e2117193c901f70271420361d647377a75afb8c89acab7c431b614788877a7b6,34,90,124,95a5dabcff70f65304f14e9942d9e62df43e7475494b64949f922f802d012cd1,1.0,379.0681818181818,13.53814935064935,3.948626893939394,189.5340909090909,189.5340909090909,6b7f3dc0d7f20ee027c074822c75679eace2d8d9fdf02d374e4ac936e643b1ae,lightgbm__fold_04__stress__a1b210fc__weighted_aug__6b7f3dc0d7f2
lightgbm,LGBMClassifier,6f5020a62aa64b2ba8e9eeb74b2bb836f9767f0e14b46b7d244a45e2f8dda4ec,4,b112005d,stress,target_stress,-10,371,1800,16679,44,8626c877b29078ccbf8827b46494b91b7bfcea537af78dcbb845acad5ad28c42,27d0b6e27ea4a69159776babe88351288b3e08a8b6a0e0a437af967ad54f9cf0,26,24,50,0176a7a83b42dea3ea13e9c0542874de63e86416b9e6acc29e6c4ae4744d25a2,30,260,290,920728ca85067921ce8fe6427bc81f9e42e80a4aa94ec231074e96f0aa348cdd,1.0,379.0681818181818,7.2897727272727275,7.897253787878788,189.5340909090909,189.5340909090909,fd11e617c8ee53461131920062e70e3c109e7720c3b7ab0d93ff00ce7acefcb0,lightgbm__fold_04__stress__b112005d__weighted_aug__fd11e617c8ee
lightgbm,LGBMClassifier,6f5020a62aa64b2ba8e9eeb74b2bb836f9767f0e14b46b7d244a45e2f8dda4ec,4,b1c2f044,stress,target_stress,-10,371,1800,16679,44,8626c877b29078ccbf8827b46494b91b7bfcea537af78dcbb845acad5ad28c42,27d0b6e27ea4a69159776babe88351288b3e08a8b6a0e0a437af967ad54f9cf0,74,23,97,6c273438892cb4b497e81f9ec61f748c008508af58fe37c34d8acf977b02298e,77,62,139,063b0676a7d67f9255b74979f7b82651d18ed0be924f2e66936f24c02564f901,1.0,379.0681818181818,2.561271498771499,8.240612648221344,189.5340909090909,189.5340909090909,2c5aa1b079faf447505b379d7d8f63df3cca5209621b4df043e6e39c73d5c903,lightgbm__fold_04__stress__b1c2f044__weighted_aug__2c5aa1b079fa
lightgbm,LGBMClassifier,6f5020a62aa64b2ba8e9eeb74b2bb836f9767f0e14b46b7d244a45e2f8dda4ec,4,d151b0c4,stress,target_stress,-10,371,1800,16679,44,8626c877b29078ccbf8827b46494b91b7bfcea537af78dcbb845acad5ad28c42,27d0b6e27ea4a69159776babe88351288b3e08a8b6a0e0a437af967ad54f9cf0,72,24,96,19c28218f2253b28b9d434e75045aade65be39b68333625e24f61aea6e9a581a,99,221,320,f85fd5df82ba82fb3a63a5dfe50321796f10c30dde46aa0873edfbdfee7f418c,1.0,379.0681818181818,2.632417929292929,7.897253787878788,189.53409090909088,189.5340909090909,f6e2e4d1d4073192707f66bd7c7bbfae60ff4197c3caa2119b8cfdbfb214c9fc,lightgbm__fold_04__stress__d151b0c4__weighted_aug__f6e2e4d1d407
lightgbm,LGBMClassifier,6f5020a62aa64b2ba8e9eeb74b2bb836f9767f0e14b46b7d244a45e2f8dda4ec,4,f1a0c120,stress,target_stress,-10,371,1800,16679,44,8626c877b29078ccbf8827b46494b91b7bfcea537af78dcbb845acad5ad28c42,27d0b6e27ea4a69159776babe88351288b3e08a8b6a0e0a437af967ad54f9cf0,94,60,154,e3ed712ea2f782f6eb93ecf0e0150e07c75c24ba2ddf6e635c8db8039d2f90ff,209,135,344,4ef8bab37aa7eabc7271ef107e5cca4492000ddb115d1727e954ac2324f71f49,1.0,379.0681818181818,2.0163201160541586,3.158901515151515,189.5340909090909,189.5340909090909,75e772667ace21266f7b3a9b010249c3b11a8b6080db60533eba8988e9c998b6,lightgbm__fold_04__stress__f1a0c120__weighted_aug__75e772667ace
lightgbm,LGBMClassifier,6f5020a62aa64b2ba8e9eeb74b2bb836f9767f0e14b46b7d244a45e2f8dda4ec,5,0001508a,attention,target_attention,-10,371,1800,15812,42,047be59ccbfa5b7c40042855c6bec8ef2a849ce95090b47c1e15252441077662,2f86d0e8c455b4f21168d0123e21d085836ed48610878f7e823e2e4fab91a878,144,13,157,1b57d9e07cd9f64037a494a83ddec34ea21726312f3a6a853dd6cfb46045f538,49,11,60,26d43b87ea0ae6f920fe3a9ec75da039399e76298245359bb66d20c6cd6988f2,1.0,376.4761904761905,1.3072089947089947,14.47985347985348,188.23809523809524,188.23809523809524,62e707ab61b4bb59356afc39b9ef594cf8dd42cc14abf37dbf41297ab6bb9e0f,lightgbm__fold_05__attention__0001508a__weighted_aug__62e707ab61b4
lightgbm,LGBMClassifier,6f5020a62aa64b2ba8e9eeb74b2bb836f9767f0e14b46b7d244a45e2f8dda4ec,5,0110f12e,attention,target_attention,-10,371,1800,15812,42,047be59ccbfa5b7c40042855c6bec8ef2a849ce95090b47c1e15252441077662,2f86d0e8c455b4f21168d0123e21d085836ed48610878f7e823e2e4fab91a878,62,58,120,fa3905a674cc0497c6ab28f3c1452d219fc592b724a81a160229f3f75b603dfa,132,194,326,de27c37c9a269aca55e18311f3a4b14e9c0989f38008f19c4d59acf7bd86d3aa,1.0,376.4761904761905,3.036098310291859,3.2454844006568146,188.23809523809524,188.23809523809524,db52d362a3252312432841cc52e154bfaa8276a0a30072774ee0fd587909d1b2,lightgbm__fold_05__attention__0110f12e__weighted_aug__db52d362a325
lightgbm,LGBMClassifier,6f5020a62aa64b2ba8e9eeb74b2bb836f9767f0e14b46b7d244a45e2f8dda4ec,5,0182e16c,attention,target_attention,-10,371,1800,15812,42,047be59ccbfa5b7c40042855c6bec8ef2a849ce95090b47c1e15252441077662,2f86d0e8c455b4f21168d0123e21d085836ed48610878f7e823e2e4fab91a878,110,13,123,a836df24b3ba4cd75119f96709fcb6259ba71e9a4bc726e4f1b594802b641a69,150,111,261,6f919459db5382b81772edda72e8a1ed908d59b7a87e4c13811af2f9c521d7a5,1.0,376.4761904761905,1.7112554112554113,14.47985347985348,188.23809523809524,188.23809523809524,d87cea37d9088c892037febe0fd186766e523be7b2bd32441e73f82916dd0e25,lightgbm__fold_05__attention__0182e16c__weighted_aug__d87cea37d908
lightgbm,LGBMClassifier,6f5020a62aa64b2ba8e9eeb74b2bb836f9767f0e14b46b7d244a45e2f8dda4ec,5,2182c1cd,attention,target_attention,-10,371,1800,15812,42,047be59ccbfa5b7c40042855c6bec8ef2a849ce95090b47c1e15252441077662,2f86d0e8c455b4f21168d0123e21d085836ed48610878f7e823e2e4fab91a878,59,79,138,959516a29d08315e9793261326e4335b7af1eebceb46a4eb985b84195b8e33f2,94,65,159,b61b92a7ad08aff171493e66df0cb767cc3c794da75a756e7f200637178ab325,1.0,376.4761904761905,3.1904761904761907,2.3827606992163957,188.23809523809524,188.23809523809527,28d77cfd7182289f949a72e35f80b829b583a181eed97cda660f0d88b9d44e68,lightgbm__fold_05__attention__2182c1cd__weighted_aug__28d77cfd7182
lightgbm,LGBMClassifier,6f5020a62aa64b2ba8e9eeb74b2bb836f9767f0e14b46b7d244a45e2f8dda4ec,5,219060fa,attention,target_attention,-10,371,1800,15812,42,047be59ccbfa5b7c40042855c6bec8ef2a849ce95090b47c1e15252441077662,2f86d0e8c455b4f21168d0123e21d085836ed48610878f7e823e2e4fab91a878,49,46,95,e257166e6900ff0fdcf1e2c80f7aa218d77c040f3ec5837046eb7948136f2853,95,107,202,9424d93ce8f8119a77ef7179f6a3badbb9796bbf90e9da7df9c4148694dbbcee,1.0,376.4761904761905,3.8415937803692906,4.092132505175983,188.23809523809524,188.2380952380952,bbf8e60116bf6d7bb1307b8be082f2a81d4eb742b9870e3bed3ca65a6197137d,lightgbm__fold_05__attention__219060fa__weighted_aug__bbf8e60116bf
lightgbm,LGBMClassifier,6f5020a62aa64b2ba8e9eeb74b2bb836f9767f0e14b46b7d244a45e2f8dda4ec,5,71e10186,attention,target_attention,-10,371,1800,15812,42,047be59ccbfa5b7c40042855c6bec8ef2a849ce95090b47c1e15252441077662,2f86d0e8c455b4f21168d0123e21d085836ed48610878f7e823e2e4fab91a878,15,48,63,10f15b1d7c4a26e9d6c96425950b6386e9b6d7b7d87d37e0c4e658fe5ba8983a,185,251,436,36d3d0ed6f708739c5e744fa82ed69d1f2d06e60621af4636d542b9db36149b5,1.0,376.4761904761905,12.549206349206349,3.921626984126984,188.23809523809524,188.23809523809524,b6772a429021f8eac2440cacdc25ece2dc16bcc3509122af6c877621960c47bb,lightgbm__fold_05__attention__71e10186__weighted_aug__b6772a429021
lightgbm,LGBMClassifier,6f5020a62aa64b2ba8e9eeb74b2bb836f9767f0e14b46b7d244a45e2f8dda4ec,5,8191f1d9,attention,target_attention,-10,371,1800,15812,42,047be59ccbfa5b7c40042855c6bec8ef2a849ce95090b47c1e15252441077662,2f86d0e8c455b4f21168d0123e21d085836ed48610878f7e823e2e4fab91a878,58,19,77,8929172f475ab7d625c8f54a46842637296123a42c2c54f8b7ca5b454451637b,94,337,431,33d4e3638a3dab0d04624a4ae5b8823cabbc1b38c497e63483e6a1632c682482,1.0,376.4761904761905,3.2454844006568146,9.907268170426065,188.23809523809524,188.23809523809524,ab381ffec9f4cd67eb081b8bf1119d572358b08e3ce3aacf8b63c0332e84f070,lightgbm__fold_05__attention__8191f1d9__weighted_aug__ab381ffec9f4
lightgbm,LGBMClassifier,6f5020a62aa64b2ba8e9eeb74b2bb836f9767f0e14b46b7d244a45e2f8dda4ec,5,c1a150b1,attention,target_attention,-10,371,1800,15812,42,047be59ccbfa5b7c40042855c6bec8ef2a849ce95090b47c1e15252441077662,2f86d0e8c455b4f21168d0123e21d085836ed48610878f7e823e2e4fab91a878,18,95,113,9a4a0e7fd50e4af6958d171b19861dec2a33b435b8277513523c1fac05660fe7,142,182,324,64c62c63afcbd91f0d016205c4388f2799cee00cc0b09aadce06778ca5ba7915,1.0,376.4761904761905,10.457671957671957,1.9814536340852131,188.23809523809524,188.23809523809524,3bb70a8d2fdbfd6fab7158a4ae1461d250a49fca964025df3cba2c179ee98ea2,lightgbm__fold_05__attention__c1a150b1__weighted_aug__3bb70a8d2fdb
lightgbm,LGBMClassifier,6f5020a62aa64b2ba8e9eeb74b2bb836f9767f0e14b46b7d244a45e2f8dda4ec,5,f121f1e0,attention,target_attention,-10,371,1800,15812,42,047be59ccbfa5b7c40042855c6bec8ef2a849ce95090b47c1e15252441077662,2f86d0e8c455b4f21168d0123e21d085836ed48610878f7e823e2e4fab91a878,58,26,84,1aa1ea3638c612d804c310be7a884c6945e61c5c9bade2e793c34c7322dc2ff8,122,219,341,d35f252be9c6dce0e5778c32968ca756253e975042d91193f0d747a252a1adfb,1.0,376.4761904761905,3.2454844006568146,7.23992673992674,188.23809523809524,188.23809523809524,7d259b4fc5582371bae3f145e870a940c3e826d372b1ac545acd41b51eab0862,lightgbm__fold_05__attention__f121f1e0__weighted_aug__7d259b4fc558
lightgbm,LGBMClassifier,6f5020a62aa64b2ba8e9eeb74b2bb836f9767f0e14b46b7d244a45e2f8dda4ec,5,0001508a,engagement,target_engagement,-10,371,1800,16528,42,346f7b7e7729a5185038ff24672d882799d06a3b9532a846a0a88d310ca16a04,fd819c1414dbc4a71c004ee2f223fde45d23c5e1a929dfb308519bdd81be5cc8,76,42,118,59929916f058a93bdf724d3ee735352e43ff838da92b66957c5bd758078fc036,34,68,102,fcce3680fa7beb162dc83d583f5ec4062fb67da959d3903be556c50bcbe44a85,1.0,393.5238095238095,2.588972431077694,4.684807256235827,196.76190476190476,196.76190476190476,0653e69d6e2eea59b7e01ec5b8ccfe2065eeaaa908427823a45cac0e875834fb,lightgbm__fold_05__engagement__0001508a__weighted_aug__0653e69d6e2e
lightgbm,LGBMClassifier,6f5020a62aa64b2ba8e9eeb74b2bb836f9767f0e14b46b7d244a45e2f8dda4ec,5,0110f12e,engagement,target_engagement,-10,371,1800,16528,42,346f7b7e7729a5185038ff24672d882799d06a3b9532a846a0a88d310ca16a04,fd819c1414dbc4a71c004ee2f223fde45d23c5e1a929dfb308519bdd81be5cc8,57,61,118,51b167d4c53dfa36c80495d540f3730965bdc4f95875840911729966bdde9913,143,190,333,2a1ea53c775c18dc4b8bd55c1828be144e891962ee6a5d557783405fcb989bba,1.0,393.5238095238095,3.4519632414369257,3.2256049960967994,196.76190476190476,196.76190476190476,b5f89edaa2e97911c942a5874f63117ed8b61cc7b6fd28e8e4e96596ec4cd0c0,lightgbm__fold_05__engagement__0110f12e__weighted_aug__b5f89edaa2e9
lightgbm,LGBMClassifier,6f5020a62aa64b2ba8e9eeb74b2bb836f9767f0e14b46b7d244a45e2f8dda4ec,5,0182e16c,engagement,target_engagement,-10,371,1800,16528,42,346f7b7e7729a5185038ff24672d882799d06a3b9532a846a0a88d310ca16a04,fd819c1414dbc4a71c004ee2f223fde45d23c5e1a929dfb308519bdd81be5cc8,33,72,105,cbbe197a64adabebf5403224e468ef47d0bb08abf86163249ff45974f01e205b,86,164,250,4e829c341107560176f571e9d8e23fbf22c595410c2b7d891e19bde13d5a8eaf,1.0,393.5238095238095,5.962481962481962,2.7328042328042326,196.76190476190476,196.76190476190476,ea3b74921c7f212032672204ec2f6eccdf31d0625c310f20161fa31f5319fbc7,lightgbm__fold_05__engagement__0182e16c__weighted_aug__ea3b74921c7f
lightgbm,LGBMClassifier,6f5020a62aa64b2ba8e9eeb74b2bb836f9767f0e14b46b7d244a45e2f8dda4ec,5,2182c1cd,engagement,target_engagement,-10,371,1800,16528,42,346f7b7e7729a5185038ff24672d882799d06a3b9532a846a0a88d310ca16a04,fd819c1414dbc4a71c004ee2f223fde45d23c5e1a929dfb308519bdd81be5cc8,78,50,128,28152137f3428a57beb4c468c45c5bbba24e7ceae6fde858b0025b85ff31adb3,89,77,166,8768395083ceedc21bd6c15154336d7cdd2da40cc337b3ed7f185e9e1e2373e6,1.0,393.5238095238095,2.5225885225885225,3.935238095238095,196.76190476190476,196.76190476190476,ab15f29128fe54ee04db28e567e8a108b4bd6cfbd5d97c87bed8b15b24d023d8,lightgbm__fold_05__engagement__2182c1cd__weighted_aug__ab15f29128fe
lightgbm,LGBMClassifier,6f5020a62aa64b2ba8e9eeb74b2bb836f9767f0e14b46b7d244a45e2f8dda4ec,5,219060fa,engagement,target_engagement,-10,371,1800,16528,42,346f7b7e7729a5185038ff24672d882799d06a3b9532a846a0a88d310ca16a04,fd819c1414dbc4a71c004ee2f223fde45d23c5e1a929dfb308519bdd81be5cc8,86,46,132,3edc5d1ef29349e5bcb0ddb86ff141169289180db5b7430b3404006e7ad4878e,134,84,218,9ad8806d75ce61d4c1a769240d565fb9e1be151e74c4fc6743016fdabcb4a7fb,1.0,393.5238095238095,2.2879291251384273,4.277432712215321,196.76190476190476,196.76190476190476,ab4d5f0ec9d894d3066997ed3aed1440f73ea999f7cf94c938bd8ca800845538,lightgbm__fold_05__engagement__219060fa__weighted_aug__ab4d5f0ec9d8
lightgbm,LGBMClassifier,6f5020a62aa64b2ba8e9eeb74b2bb836f9767f0e14b46b7d244a45e2f8dda4ec,5,8191f1d9,engagement,target_engagement,-10,371,1800,16528,42,346f7b7e7729a5185038ff24672d882799d06a3b9532a846a0a88d310ca16a04,fd819c1414dbc4a71c004ee2f223fde45d23c5e1a929dfb308519bdd81be5cc8,13,97,110,949c89822162160520f836799b710b615acd10bafb849fca8be8afa65854e01f,490,23,513,4e471f685c421c8f5f228c83cb601ac1b1acb50313bead70a1edf37a7dc073ee,1.0,393.5238095238095,15.135531135531135,2.0284732449680902,196.76190476190476,196.76190476190476,7a6b32d9015af43af45ce3044580c64757b265beecd949201aba8e45eccfdd67,lightgbm__fold_05__engagement__8191f1d9__weighted_aug__7a6b32d9015a
lightgbm,LGBMClassifier,6f5020a62aa64b2ba8e9eeb74b2bb836f9767f0e14b46b7d244a45e2f8dda4ec,5,81e150c1,engagement,target_engagement,-10,371,1800,16528,42,346f7b7e7729a5185038ff24672d882799d06a3b9532a846a0a88d310ca16a04,fd819c1414dbc4a71c004ee2f223fde45d23c5e1a929dfb308519bdd81be5cc8,11,86,97,711e8c0ef95c546e313f5a74dd17b1ecc733b4bd337254e2f4491e56f8219902,72,171,243,b9b21e1f06cea130f669aa583ab532190e4b40e20775591068c52b1645dc6d66,1.0,393.5238095238095,17.88744588744589,2.2879291251384273,196.7619047619048,196.76190476190476,3d6af43930bb147315b92a82d623466ba52f87f8154798bf331a92c1670fdcf6,lightgbm__fold_05__engagement__81e150c1__weighted_aug__3d6af43930bb
lightgbm,LGBMClassifier,6f5020a62aa64b2ba8e9eeb74b2bb836f9767f0e14b46b7d244a45e2f8dda4ec,5,c1a150b1,engagement,target_engagement,-10,371,1800,16528,42,346f7b7e7729a5185038ff24672d882799d06a3b9532a846a0a88d310ca16a04,fd819c1414dbc4a71c004ee2f223fde45d23c5e1a929dfb308519bdd81be5cc8,73,44,117,7cac027bf10572d6e23ab09e8c5640c7d09bc1645aacede8d4c638ed365d2fa2,78,251,329,8f557d984488b50ddfc0c4200e79b56c50140033a49eab39337e11804e51d355,1.0,393.5238095238095,2.695368558382257,4.471861471861472,196.76190476190476,196.7619047619048,b88fa77809d3ac348e122920bb0589d43be162cdea5ba4750cd9e2d4a02f4176,lightgbm__fold_05__engagement__c1a150b1__weighted_aug__b88fa77809d3
lightgbm,LGBMClassifier,6f5020a62aa64b2ba8e9eeb74b2bb836f9767f0e14b46b7d244a45e2f8dda4ec,5,0001508a,excitement,target_excitement,-10,371,1800,16537,43,c4809372afeffc8c0ab08e218557e903e3bed3671b35dcd9b17b3e80ec3e1e4c,e83502bfb241187a15bbe01f2a2df8a2dcfd119976c2c47635b1515b95a004a5,56,40,96,42f5af785ec8a9b4a7bba8fcd5ab58c001f265fd4337487f9912edd7d00209eb,27,47,74,0b094782358b6530b924f0b10adf1a6bcddcfd8c6bdb0f644b7b03bd4165ee99,1.0,384.5813953488372,3.4337624584717608,4.807267441860465,192.2906976744186,192.2906976744186,a26985bdc98e1fb6681b859fe951b56cf7e3d5848f9080b25e59983e1187ed47,lightgbm__fold_05__excitement__0001508a__weighted_aug__a26985bdc98e
lightgbm,LGBMClassifier,6f5020a62aa64b2ba8e9eeb74b2bb836f9767f0e14b46b7d244a45e2f8dda4ec,5,0110f12e,excitement,target_excitement,-10,371,1800,16537,43,c4809372afeffc8c0ab08e218557e903e3bed3671b35dcd9b17b3e80ec3e1e4c,e83502bfb241187a15bbe01f2a2df8a2dcfd119976c2c47635b1515b95a004a5,60,44,104,9b5f3acd836a2e94bc49861c4ed45c12153754129b904165c78d5a33676227ea,146,162,308,4a1ee735f5a95e473f34f5ab4268a0850097486c5bc8da107ee303c756a267a7,1.0,384.5813953488372,3.20484496124031,4.370243128964059,192.2906976744186,192.2906976744186,eae2e9bad877979c60aa3450820aa71a4c7de3dee421439c76ea68d1626fb93c,lightgbm__fold_05__excitement__0110f12e__weighted_aug__eae2e9bad877
lightgbm,LGBMClassifier,6f5020a62aa64b2ba8e9eeb74b2bb836f9767f0e14b46b7d244a45e2f8dda4ec,5,2182c1cd,excitement,target_excitement,-10,371,1800,16537,43,c4809372afeffc8c0ab08e218557e903e3bed3671b35dcd9b17b3e80ec3e1e4c,e83502bfb241187a15bbe01f2a2df8a2dcfd119976c2c47635b1515b95a004a5,40,115,155,a78c451259f9c34823659bf72f02373062fa24f4b98efe93881f7b8ca43ac206,66,118,184,b7feb518535afb27c88cf394665733240e2cf0e3a7271899ce2ccce19e70fd89,1.0,384.5813953488372,4.807267441860465,1.6720930232558138,192.2906976744186,192.2906976744186,c4fb3f5d1ae2804bc44a8818a7c9ac8c8580905c0f32d6f73628b8df6c8adbfb,lightgbm__fold_05__excitement__2182c1cd__weighted_aug__c4fb3f5d1ae2
lightgbm,LGBMClassifier,6f5020a62aa64b2ba8e9eeb74b2bb836f9767f0e14b46b7d244a45e2f8dda4ec,5,219060fa,excitement,target_excitement,-10,371,1800,16537,43,c4809372afeffc8c0ab08e218557e903e3bed3671b35dcd9b17b3e80ec3e1e4c,e83502bfb241187a15bbe01f2a2df8a2dcfd119976c2c47635b1515b95a004a5,29,53,82,7536b7e20b6f5fcc90e4740b8e537048a0ee1fd6e1f1bdd0213ba973c92f73a8,63,159,222,47682a48d9fc3e1811e08e035b95882aa329f0ca140b8c7c5b5ee8bc5a603572,1.0,384.5813953488372,6.630713712910986,3.628126371215445,192.2906976744186,192.2906976744186,138323326386527532c67e586559e06f4aef7c912b90585766d958c48fefc719,lightgbm__fold_05__excitement__219060fa__weighted_aug__138323326386
lightgbm,LGBMClassifier,6f5020a62aa64b2ba8e9eeb74b2bb836f9767f0e14b46b7d244a45e2f8dda4ec,5,71e10186,excitement,target_excitement,-10,371,1800,16537,43,c4809372afeffc8c0ab08e218557e903e3bed3671b35dcd9b17b3e80ec3e1e4c,e83502bfb241187a15bbe01f2a2df8a2dcfd119976c2c47635b1515b95a004a5,34,57,91,fd6240f35aa909bf63cdc05351807224c4f31e4c52e01ea1a9f99fee6afbd1a5,181,244,425,16ce358ce1494c52ad85bde7e41f6ff7d8c904d64f4b8c46a5ce1fb53051b587,1.0,384.5813953488372,5.6556087551299585,3.373521011831905,192.2906976744186,192.2906976744186,689b5e4f41111c93be707d8bafaec9bdec6c49a73cfc3c2e9f3e29d7c85d6d92,lightgbm__fold_05__excitement__71e10186__weighted_aug__689b5e4f4111
lightgbm,LGBMClassifier,6f5020a62aa64b2ba8e9eeb74b2bb836f9767f0e14b46b7d244a45e2f8dda4ec,5,8191f1d9,excitement,target_excitement,-10,371,1800,16537,43,c4809372afeffc8c0ab08e218557e903e3bed3671b35dcd9b17b3e80ec3e1e4c,e83502bfb241187a15bbe01f2a2df8a2dcfd119976c2c47635b1515b95a004a5,17,91,108,eeedad7e6bb0fc6a423b528e851bccbadd6d993ee0bf5133dfc2c16df5076372,215,224,439,c25903cf3f166704e486ca4d88271b56382ad84acfd8c26cb481102ac457cd3a,1.0,384.5813953488372,11.311217510259917,2.113084589828776,192.2906976744186,192.2906976744186,e53f8a999aea2066382e2c6b384c57ca4fdc56fba870115496bf18e32184d22c,lightgbm__fold_05__excitement__8191f1d9__weighted_aug__e53f8a999aea
lightgbm,LGBMClassifier,6f5020a62aa64b2ba8e9eeb74b2bb836f9767f0e14b46b7d244a45e2f8dda4ec,5,81e150c1,excitement,target_excitement,-10,371,1800,16537,43,c4809372afeffc8c0ab08e218557e903e3bed3671b35dcd9b17b3e80ec3e1e4c,e83502bfb241187a15bbe01f2a2df8a2dcfd119976c2c47635b1515b95a004a5,39,16,55,7c73c4b95546fab4150a8b970480815703ad5da5f2540ba3d6b3d049e7a65105,54,140,194,486d27becd25f2e329044a131c7a21faa55a44238d61f9f0333455689ef478e0,1.0,384.5813953488372,4.930530709600477,12.018168604651162,192.2906976744186,192.2906976744186,95cd1551912b4b7ff1eadbd72908807d5528f17ab01f3d05f690449c9f7443ef,lightgbm__fold_05__excitement__81e150c1__weighted_aug__95cd1551912b
lightgbm,LGBMClassifier,6f5020a62aa64b2ba8e9eeb74b2bb836f9767f0e14b46b7d244a45e2f8dda4ec,5,f121f1e0,excitement,target_excitement,-10,371,1800,16537,43,c4809372afeffc8c0ab08e218557e903e3bed3671b35dcd9b17b3e80ec3e1e4c,e83502bfb241187a15bbe01f2a2df8a2dcfd119976c2c47635b1515b95a004a5,42,51,93,fabdb381bde8595663a212930b4008f7a567beae61f01f91b085908e99fe7a21,83,269,352,e99be0e3cbddc25502dd01e5b9058ea83db4c0ed515207bbf0bf5c023c01577f,1.0,384.5813953488372,4.578349944629014,3.770405836753306,192.2906976744186,192.2906976744186,a2c47fc51fa18310e00ad1b745b300367b24ffbbe4c2f87e43e38b3657223c76,lightgbm__fold_05__excitement__f121f1e0__weighted_aug__a2c47fc51fa1
lightgbm,LGBMClassifier,6f5020a62aa64b2ba8e9eeb74b2bb836f9767f0e14b46b7d244a45e2f8dda4ec,5,0001508a,focus,target_focus,-10,371,1800,16541,43,a5d17c5668a7a564616395987307aaf225e9945fa5e651416dfd56d7d9442b6a,d1251c35ecfb7ccdf7b0d7e26663f103bb7b943f31fc83ad844ddbed424760ce,99,33,132,a45ad990d45ae8f9d5616f62cb514816bb8c6b7d78a8a6922dca795b2075b055,28,32,60,a6da05ff73ab07be2c1c59108a7c70f81ec913ebe49946db8d35516772651370,1.0,384.6744186046512,1.9428000939628847,5.828400281888654,192.3372093023256,192.3372093023256,841045b92e90d1a3b8748f86f9076e901297114e56de0a1ca905b7e5e27880bc,lightgbm__fold_05__focus__0001508a__weighted_aug__841045b92e90
lightgbm,LGBMClassifier,6f5020a62aa64b2ba8e9eeb74b2bb836f9767f0e14b46b7d244a45e2f8dda4ec,5,0110f12e,focus,target_focus,-10,371,1800,16541,43,a5d17c5668a7a564616395987307aaf225e9945fa5e651416dfd56d7d9442b6a,d1251c35ecfb7ccdf7b0d7e26663f103bb7b943f31fc83ad844ddbed424760ce,31,42,73,b8f802bd4199e38568a1d44550c214fa5d56e7b9b5e33f298f50aec4709e718c,188,125,313,d730937c1aa6916184c21b9f44ba81aa0a827946bc0caa11865e86704f20d75f,1.0,384.6744186046512,6.204426106526632,4.579457364341086,192.3372093023256,192.33720930232562,f06451f70cde73ab87660cfb27fb209945739f4e13fe9c4dfc6b103d15a6bff3,lightgbm__fold_05__focus__0110f12e__weighted_aug__f06451f70cde
lightgbm,LGBMClassifier,6f5020a62aa64b2ba8e9eeb74b2bb836f9767f0e14b46b7d244a45e2f8dda4ec,5,0182e16c,focus,target_focus,-10,371,1800,16541,43,a5d17c5668a7a564616395987307aaf225e9945fa5e651416dfd56d7d9442b6a,d1251c35ecfb7ccdf7b0d7e26663f103bb7b943f31fc83ad844ddbed424760ce,88,19,107,80c841daa73c9a462115fca5069e89448a497b48f29f3d11d00d45c49c30f0ff,191,53,244,0868f0ee774bff248aa97501d3bbe13a6f8ef3a0059cc4315117e7297a3dd0de,1.0,384.6744186046512,2.185650105708245,10.123011015911873,192.33720930232556,192.3372093023256,1facaf1ca180cb345fb02ce358ff552745cf42f0cf6c3ae603d8e0033161bff9,lightgbm__fold_05__focus__0182e16c__weighted_aug__1facaf1ca180
lightgbm,LGBMClassifier,6f5020a62aa64b2ba8e9eeb74b2bb836f9767f0e14b46b7d244a45e2f8dda4ec,5,2182c1cd,focus,target_focus,-10,371,1800,16541,43,a5d17c5668a7a564616395987307aaf225e9945fa5e651416dfd56d7d9442b6a,d1251c35ecfb7ccdf7b0d7e26663f103bb7b943f31fc83ad844ddbed424760ce,35,116,151,22a27c223b4f7603b099c0d2d877b7aba6ee164a30006d9e6c3e4bbd9eaf41a8,62,106,168,15821744601d5d1651deacef09b9db92b565ce4708bd97130a149f967ea9e18d,1.0,384.6744186046512,5.495348837209303,1.6580793905372895,192.3372093023256,192.3372093023256,4266e370a71183821d6575d481e44c2fdc4610369d4ebbbcf390e3634e94bdd4,lightgbm__fold_05__focus__2182c1cd__weighted_aug__4266e370a711
lightgbm,LGBMClassifier,6f5020a62aa64b2ba8e9eeb74b2bb836f9767f0e14b46b7d244a45e2f8dda4ec,5,219060fa,focus,target_focus,-10,371,1800,16541,43,a5d17c5668a7a564616395987307aaf225e9945fa5e651416dfd56d7d9442b6a,d1251c35ecfb7ccdf7b0d7e26663f103bb7b943f31fc83ad844ddbed424760ce,87,17,104,28dda53b46028c8c941e74390c4f0be73e2232aede607c50d46b6daa5b9458fa,85,107,192,7466c595a53f1a1e6ce15e6b5b70256b7c4cd18ca3842ba31a071eed7d9553b6,1.0,384.6744186046512,2.210772520716386,11.313953488372093,192.3372093023256,192.33720930232556,dd20e778031fe9b16d0ec8ba701830916b7d586df731414882558321f75cbf35,lightgbm__fold_05__focus__219060fa__weighted_aug__dd20e778031f
lightgbm,LGBMClassifier,6f5020a62aa64b2ba8e9eeb74b2bb836f9767f0e14b46b7d244a45e2f8dda4ec,5,71e10186,focus,target_focus,-10,371,1800,16541,43,a5d17c5668a7a564616395987307aaf225e9945fa5e651416dfd56d7d9442b6a,d1251c35ecfb7ccdf7b0d7e26663f103bb7b943f31fc83ad844ddbed424760ce,15,55,70,b1fa0193994e532227a8456b004ae70aa7dfe6294c8a38c5bd5e41c2347b5a52,166,253,419,250c92c8db6820c8f6670807a13255a61c0be6be0e739308a69ac0b5a7c98a00,1.0,384.6744186046512,12.822480620155039,3.4970401691331925,192.3372093023256,192.3372093023256,de3d77f4a9564aa176d4d81aad0ab8b20a139505b7a282b81abaf7f7f654b273,lightgbm__fold_05__focus__71e10186__weighted_aug__de3d77f4a956
lightgbm,LGBMClassifier,6f5020a62aa64b2ba8e9eeb74b2bb836f9767f0e14b46b7d244a45e2f8dda4ec,5,f121f1e0,focus,target_focus,-10,371,1800,16541,43,a5d17c5668a7a564616395987307aaf225e9945fa5e651416dfd56d7d9442b6a,d1251c35ecfb7ccdf7b0d7e26663f103bb7b943f31fc83ad844ddbed424760ce,53,58,111,b3ebdc24cefcb62e133296529230299c4cc48a4ace147ada90a9c264f9afeb45,107,260,367,e29d20e0084125003338b7dfa2bf5f0b51859d2e09478cd73da99490c6674b47,1.0,384.6744186046512,3.6290039491004826,3.316158781074579,192.3372093023256,192.3372093023256,bef25318cbed085a8cbc3d02f2a57df87f242def3e54be008da32d80b69b5c55,lightgbm__fold_05__focus__f121f1e0__weighted_aug__bef25318cbed
lightgbm,LGBMClassifier,6f5020a62aa64b2ba8e9eeb74b2bb836f9767f0e14b46b7d244a45e2f8dda4ec,5,0001508a,interest,target_interest,-10,371,1800,16528,43,6e396b2c20ae510b314530d23b3dd9ef1d7496266d7214d984cdf177230647e0,df1d4a9a8a978ee0e3bcd8ba820067c8fc420fd3f5f02f8d6b88fa7e63bbaac1,31,39,70,59f72242e341cdc87bb4d9fa3f4e77848b414bced3cf0b989ef3423aafe9016e,21,44,65,3147d2d7f3d401978bf693033a3839371d7a9026364d769dda1da1b696935e02,1.0,384.3720930232558,6.199549887471868,4.927847346451998,192.1860465116279,192.18604651162792,c9a5c3cd3a344e94ec717769251db6498da8c0049e5dc4252646330ec84eb869,lightgbm__fold_05__interest__0001508a__weighted_aug__c9a5c3cd3a34
lightgbm,LGBMClassifier,6f5020a62aa64b2ba8e9eeb74b2bb836f9767f0e14b46b7d244a45e2f8dda4ec,5,0110f12e,interest,target_interest,-10,371,1800,16528,43,6e396b2c20ae510b314530d23b3dd9ef1d7496266d7214d984cdf177230647e0,df1d4a9a8a978ee0e3bcd8ba820067c8fc420fd3f5f02f8d6b88fa7e63bbaac1,48,31,79,79b9a33181e557daeffc8d44157288fe5d07fdc5f8edd20ee4ac6a629ffd117e,87,205,292,6503ba40faff8d93881a19984721146ac4c77a4f907d9ab7c4f93d09a8ee7e18,1.0,384.3720930232558,4.003875968992248,6.199549887471868,192.18604651162792,192.1860465116279,6c038afdbdbd77fe1233a344b9c017dfd757102be50791e7f690e52f65407ab6,lightgbm__fold_05__interest__0110f12e__weighted_aug__6c038afdbdbd
lightgbm,LGBMClassifier,6f5020a62aa64b2ba8e9eeb74b2bb836f9767f0e14b46b7d244a45e2f8dda4ec,5,0182e16c,interest,target_interest,-10,371,1800,16528,43,6e396b2c20ae510b314530d23b3dd9ef1d7496266d7214d984cdf177230647e0,df1d4a9a8a978ee0e3bcd8ba820067c8fc420fd3f5f02f8d6b88fa7e63bbaac1,25,122,147,8887b49630a49af29645e2128617021e3cbc767c06727f894a7f64aa5ce5ca01,85,143,228,6f5d296ebce203e0e588f11be6fb911720322e60cfe4742fdab55727222aae34,1.0,384.3720930232558,7.687441860465116,1.5752954632100646,192.1860465116279,192.1860465116279,b3f7b1bfa41a7898915df8819b76df793a4533aa3883be68656f27efd3f9e370,lightgbm__fold_05__interest__0182e16c__weighted_aug__b3f7b1bfa41a
lightgbm,LGBMClassifier,6f5020a62aa64b2ba8e9eeb74b2bb836f9767f0e14b46b7d244a45e2f8dda4ec,5,2182c1cd,interest,target_interest,-10,371,1800,16528,43,6e396b2c20ae510b314530d23b3dd9ef1d7496266d7214d984cdf177230647e0,df1d4a9a8a978ee0e3bcd8ba820067c8fc420fd3f5f02f8d6b88fa7e63bbaac1,68,85,153,f5bad54e51b3c63af66a41726ae991938601a571687e3bce9cf2976b5359d04d,111,52,163,3b85025b9c5b868f98b053ea1813dd97dc66a45468a97e3106842ae9396b407f,1.0,384.3720930232558,2.826265389876881,2.2610123119015046,192.1860465116279,192.1860465116279,6e7577401c8b68f36bf06180b1a7ff2157aae59188c555d9690022a9f81b4ca6,lightgbm__fold_05__interest__2182c1cd__weighted_aug__6e7577401c8b
lightgbm,LGBMClassifier,6f5020a62aa64b2ba8e9eeb74b2bb836f9767f0e14b46b7d244a45e2f8dda4ec,5,71e10186,interest,target_interest,-10,371,1800,16528,43,6e396b2c20ae510b314530d23b3dd9ef1d7496266d7214d984cdf177230647e0,df1d4a9a8a978ee0e3bcd8ba820067c8fc420fd3f5f02f8d6b88fa7e63bbaac1,73,21,94,72cd5b200fb0b806c5e0ae92e6c8b32a457a891ce5cdc51c4da42cf76e730c68,182,270,452,15a29d244a55d88a70e12a90e70e064d4f54db08a65fd89cb943f7e363365eac,1.0,384.3720930232558,2.632685568652437,9.151716500553709,192.1860465116279,192.1860465116279,34f9d790a3c90cb52b3d9226d01cbe8ca2703e46947fc77fce8a8238ea8fb897,lightgbm__fold_05__interest__71e10186__weighted_aug__34f9d790a3c9
lightgbm,LGBMClassifier,6f5020a62aa64b2ba8e9eeb74b2bb836f9767f0e14b46b7d244a45e2f8dda4ec,5,8191f1d9,interest,target_interest,-10,371,1800,16528,43,6e396b2c20ae510b314530d23b3dd9ef1d7496266d7214d984cdf177230647e0,df1d4a9a8a978ee0e3bcd8ba820067c8fc420fd3f5f02f8d6b88fa7e63bbaac1,58,82,140,811667a955aab8c6ed419ed62897b965da7a11479b9c92481ea4856513e1369f,539,9,548,8f614b1580ad657fa73584bcaf860bcc890f957249125aa8ff4755562e48fbe9,1.0,384.3720930232558,3.31355252606255,2.3437322745320475,192.1860465116279,192.1860465116279,8e7ece74fd974c4f5d82e0fe0546be2044c86c340dc24a484f2598400bf7d82a,lightgbm__fold_05__interest__8191f1d9__weighted_aug__8e7ece74fd97
lightgbm,LGBMClassifier,6f5020a62aa64b2ba8e9eeb74b2bb836f9767f0e14b46b7d244a45e2f8dda4ec,5,f121f1e0,interest,target_interest,-10,371,1800,16528,43,6e396b2c20ae510b314530d23b3dd9ef1d7496266d7214d984cdf177230647e0,df1d4a9a8a978ee0e3bcd8ba820067c8fc420fd3f5f02f8d6b88fa7e63bbaac1,87,57,144,4d87a68cc910f9dc59e430b0dd1f3f37ea955d47949f0775b8b542dca8254112,162,280,442,be30307add2ff46f0100f87110fbdf1da62a5e04ef08853763f0baf196e26282,1.0,384.3720930232558,2.209035017375033,3.3716850265197875,192.18604651162786,192.1860465116279,d5fda7b9aa5b93ee5dbc80462ad1db5322335be41554b48ae01e1e7fafa040ce,lightgbm__fold_05__interest__f121f1e0__weighted_aug__d5fda7b9aa5b
lightgbm,LGBMClassifier,6f5020a62aa64b2ba8e9eeb74b2bb836f9767f0e14b46b7d244a45e2f8dda4ec,5,0001508a,relaxation,target_relaxation,-10,371,1800,16548,43,1f6a8f73338edc08be6c918244ea7a42d13eee1132a7c5cab422880956d63d5a,a638d2bb20962ed825b35f176b1a4005a8304bfc01370b1636d6ce403b817a6a,12,91,103,9e8261ea4655fb6b6c2b8049e921fe375b020360a2279ad0785703135bffdd75,53,59,112,2e5f9dfd935773f60e9920a44c8989bf24090d1e5e160f1786142af0dbefcbd5,1.0,384.83720930232556,16.03488372093023,2.1144901610017888,192.41860465116278,192.41860465116278,ff98748d85c12434909b8f4e6c5ff6383a0fe8e2806ae6a121dbf4bb43e90598,lightgbm__fold_05__relaxation__0001508a__weighted_aug__ff98748d85c1
lightgbm,LGBMClassifier,6f5020a62aa64b2ba8e9eeb74b2bb836f9767f0e14b46b7d244a45e2f8dda4ec,5,0110f12e,relaxation,target_relaxation,-10,371,1800,16548,43,1f6a8f73338edc08be6c918244ea7a42d13eee1132a7c5cab422880956d63d5a,a638d2bb20962ed825b35f176b1a4005a8304bfc01370b1636d6ce403b817a6a,86,22,108,c63aed329ff74e692f2a69cbd3a4675541d67e0c278305153d0c2138008e4850,121,236,357,3c0f51a9cea8302ecaea698fb4dc5ffdab602ae45b99fca51cfbe573ecb238bf,1.0,384.83720930232556,2.237425635478637,8.74630021141649,192.41860465116275,192.41860465116275,932790c22a4a298139b63bd184e26d7017cbf1273e992f62fff2d2adfa660e51,lightgbm__fold_05__relaxation__0110f12e__weighted_aug__932790c22a4a
lightgbm,LGBMClassifier,6f5020a62aa64b2ba8e9eeb74b2bb836f9767f0e14b46b7d244a45e2f8dda4ec,5,2182c1cd,relaxation,target_relaxation,-10,371,1800,16548,43,1f6a8f73338edc08be6c918244ea7a42d13eee1132a7c5cab422880956d63d5a,a638d2bb20962ed825b35f176b1a4005a8304bfc01370b1636d6ce403b817a6a,49,97,146,8d4e49d5c3a4d2dff2ed91356a99251b7a3813dedaeb8adddd92bae0f1b00ac8,83,97,180,844eb24eefa3249c04caf3efc66a5134e23cc5c11b28e9f32727d8c3667e2713,1.0,384.83720930232556,3.926910299003322,1.9836969551666266,192.41860465116278,192.41860465116278,6e9b1655e0c3d6de45104d9698c13ee686d0aa5d46bb199efb2d577c57b4c1ef,lightgbm__fold_05__relaxation__2182c1cd__weighted_aug__6e9b1655e0c3
lightgbm,LGBMClassifier,6f5020a62aa64b2ba8e9eeb74b2bb836f9767f0e14b46b7d244a45e2f8dda4ec,5,219060fa,relaxation,target_relaxation,-10,371,1800,16548,43,1f6a8f73338edc08be6c918244ea7a42d13eee1132a7c5cab422880956d63d5a,a638d2bb20962ed825b35f176b1a4005a8304bfc01370b1636d6ce403b817a6a,10,104,114,194519598448948f0314ad9339f6bf8cc421ce6020689809dffed88635495cb2,60,171,231,33a913c4fa80e2dc242d8fbd3cc03aed441a73d8fd7e4cb952b79b317923bf60,1.0,384.83720930232556,19.24186046511628,1.8501788908765653,192.41860465116278,192.41860465116278,6801704096b40500648c9415f8d2c26d04b5aef79d619bd19a40e0a23157ced3,lightgbm__fold_05__relaxation__219060fa__weighted_aug__6801704096b4
lightgbm,LGBMClassifier,6f5020a62aa64b2ba8e9eeb74b2bb836f9767f0e14b46b7d244a45e2f8dda4ec,5,81e150c1,relaxation,target_relaxation,-10,371,1800,16548,43,1f6a8f73338edc08be6c918244ea7a42d13eee1132a7c5cab422880956d63d5a,a638d2bb20962ed825b35f176b1a4005a8304bfc01370b1636d6ce403b817a6a,43,28,71,818919767ee2cb24d149631252e2de885c2f5147dd0029254949eb95e11831fc,57,212,269,ebc736f4f73724f507f0b6de3a2e4104a7df35ce492e2ad25aeb4f2cf3f1fdc3,1.0,384.83720930232556,4.474851270957274,6.872093023255814,192.41860465116275,192.41860465116278,7d7d470184abce4c43611a5f0ec09a65c19659a195e320152a5087fc4816337b,lightgbm__fold_05__relaxation__81e150c1__weighted_aug__7d7d470184ab
lightgbm,LGBMClassifier,6f5020a62aa64b2ba8e9eeb74b2bb836f9767f0e14b46b7d244a45e2f8dda4ec,5,c1a150b1,relaxation,target_relaxation,-10,371,1800,16548,43,1f6a8f73338edc08be6c918244ea7a42d13eee1132a7c5cab422880956d63d5a,a638d2bb20962ed825b35f176b1a4005a8304bfc01370b1636d6ce403b817a6a,109,21,130,5f9e3240a167470daa4dcdd9eb78543037a4f6cd994b2cb38801d47b5419a57a,211,97,308,5da8bf7162e8c77122c6ceace4588a8b9a7944d025c2dc5759e2696e700daf59,1.0,384.83720930232556,1.765308299551952,9.162790697674419,192.41860465116278,192.4186046511628,4c06511d7ed7179b27fbcf261e873e540c210ac8a098e11710467b3fd60d5ad5,lightgbm__fold_05__relaxation__c1a150b1__weighted_aug__4c06511d7ed7
lightgbm,LGBMClassifier,6f5020a62aa64b2ba8e9eeb74b2bb836f9767f0e14b46b7d244a45e2f8dda4ec,5,f121f1e0,relaxation,target_relaxation,-10,371,1800,16548,43,1f6a8f73338edc08be6c918244ea7a42d13eee1132a7c5cab422880956d63d5a,a638d2bb20962ed825b35f176b1a4005a8304bfc01370b1636d6ce403b817a6a,16,27,43,603832e858beac9ba568fe521aa56d43091e41f2a548e97e0fa85dbcefd48bf7,195,173,368,3f106aa75063d6d5ac2a438a56364eb58e3a1a2e9a60119105c4e974ac847f2b,1.0,384.83720930232556,12.026162790697674,7.126614987080103,192.41860465116278,192.41860465116278,c25ffbb46397140cebf68cb169d74268f805169a21d701f6233a4172716dc27f,lightgbm__fold_05__relaxation__f121f1e0__weighted_aug__c25ffbb46397
lightgbm,LGBMClassifier,6f5020a62aa64b2ba8e9eeb74b2bb836f9767f0e14b46b7d244a45e2f8dda4ec,5,0001508a,stress,target_stress,-10,371,1800,16523,43,5598d9b428cc8d2daffd3a09ae72357ec7e9584093626d817f11e57cc0f076c5,f830184ed4091f7c1893003e91eb518737ed15e8b5f007bf46bf30fa7cf23cdb,44,87,131,2fe00ef6b49cf993ff03ac83fe4bcb2fa9d5cff38a7f30b1851e6a2a2be81a9b,67,39,106,c7e60c6b6d43fb1a622b52f710061ff2c921677cb01688ed0de749dd9f0a5b98,1.0,384.25581395348837,4.36654334038055,2.2083667468591286,192.12790697674419,192.12790697674419,1c2739bf79d16da32d105301581eeed13b320bb67358e2145218899d5cdfc03e,lightgbm__fold_05__stress__0001508a__weighted_aug__1c2739bf79d1
lightgbm,LGBMClassifier,6f5020a62aa64b2ba8e9eeb74b2bb836f9767f0e14b46b7d244a45e2f8dda4ec,5,0110f12e,stress,target_stress,-10,371,1800,16523,43,5598d9b428cc8d2daffd3a09ae72357ec7e9584093626d817f11e57cc0f076c5,f830184ed4091f7c1893003e91eb518737ed15e8b5f007bf46bf30fa7cf23cdb,88,33,121,69ff61828e4ccdf456ea8762a140415ca425f16230500f23d9831bef3ea9c899,173,196,369,78cc4de0249588d36844785f653a8a3da27154ecfdc2009b8cf6d6829464882a,1.0,384.25581395348837,2.183271670190275,5.822057787174066,192.12790697674419,192.12790697674419,b78cc72689055dc2411e939e7ccf2c6fd312938fc650184f74db357f6f4ab2b9,lightgbm__fold_05__stress__0110f12e__weighted_aug__b78cc7268905
lightgbm,LGBMClassifier,6f5020a62aa64b2ba8e9eeb74b2bb836f9767f0e14b46b7d244a45e2f8dda4ec,5,0182e16c,stress,target_stress,-10,371,1800,16523,43,5598d9b428cc8d2daffd3a09ae72357ec7e9584093626d817f11e57cc0f076c5,f830184ed4091f7c1893003e91eb518737ed15e8b5f007bf46bf30fa7cf23cdb,57,98,155,0fb9b957c194998642d6cb6b52227aae5301328fbb57012f6405361dc468b14d,69,118,187,7a856be0c433dc6436037d0f02ddb4da3e4dd433db80bfff210c6cd5186c5238,1.0,384.25581395348837,3.3706650346797224,1.9604888467014714,192.12790697674419,192.12790697674419,f69656bbb7c52327af8ecaa546fc640820e97f9205ac882eaea00d19512911a9,lightgbm__fold_05__stress__0182e16c__weighted_aug__f69656bbb7c5
lightgbm,LGBMClassifier,6f5020a62aa64b2ba8e9eeb74b2bb836f9767f0e14b46b7d244a45e2f8dda4ec,5,2182c1cd,stress,target_stress,-10,371,1800,16523,43,5598d9b428cc8d2daffd3a09ae72357ec7e9584093626d817f11e57cc0f076c5,f830184ed4091f7c1893003e91eb518737ed15e8b5f007bf46bf30fa7cf23cdb,87,73,160,3e6215cc3e88ba913997880b9ec733da83cd55a8a4dfef0f2dba8b11b44eb5cf,155,59,214,6f008db1a969690387a20a7f606ba4edfdb17b0b1f16816e5def16fe96cb0c76,1.0,384.25581395348837,2.2083667468591286,2.6318891366677284,192.12790697674419,192.12790697674419,846f5bdeb49835cc6572775a44a3ebf524d3c82e58efaef9cb271f7956f005c1,lightgbm__fold_05__stress__2182c1cd__weighted_aug__846f5bdeb498
lightgbm,LGBMClassifier,6f5020a62aa64b2ba8e9eeb74b2bb836f9767f0e14b46b7d244a45e2f8dda4ec,5,71e10186,stress,target_stress,-10,371,1800,16523,43,5598d9b428cc8d2daffd3a09ae72357ec7e9584093626d817f11e57cc0f076c5,f830184ed4091f7c1893003e91eb518737ed15e8b5f007bf46bf30fa7cf23cdb,99,27,126,c8c76d86429192cb6637038231d8891a72b41087e5ace871abb7c8d307606f1c,186,339,525,b69248164026cc699f21c0bf76f7e5e8fba079399a19a4efe7ef7f76ae1b17ec,1.0,384.25581395348837,1.940685929058022,7.115848406546081,192.12790697674419,192.12790697674419,eb513ae85d84adb24382575c8081fdaf18806a655d0d3f3b6119659e9dce061b,lightgbm__fold_05__stress__71e10186__weighted_aug__eb513ae85d84
lightgbm,LGBMClassifier,6f5020a62aa64b2ba8e9eeb74b2bb836f9767f0e14b46b7d244a45e2f8dda4ec,5,8191f1d9,stress,target_stress,-10,371,1800,16523,43,5598d9b428cc8d2daffd3a09ae72357ec7e9584093626d817f11e57cc0f076c5,f830184ed4091f7c1893003e91eb518737ed15e8b5f007bf46bf30fa7cf23cdb,112,36,148,ad338d1ce5b7a5d6e5352403f6d41e3172ee4e83439a2179536548e023edcae3,327,171,498,41abc9a941ba8a76dd995cd9a2d605ed079d4e019262f713e3b6e20ee4392c22,1.0,384.25581395348837,1.7154277408637875,5.3368863049095605,192.12790697674419,192.12790697674419,f343a81a3f46a1660256436dd77a250635fb69ffca1b29abd7bab8abbb3b4d09,lightgbm__fold_05__stress__8191f1d9__weighted_aug__f343a81a3f46
lightgbm,LGBMClassifier,6f5020a62aa64b2ba8e9eeb74b2bb836f9767f0e14b46b7d244a45e2f8dda4ec,5,81e150c1,stress,target_stress,-10,371,1800,16523,43,5598d9b428cc8d2daffd3a09ae72357ec7e9584093626d817f11e57cc0f076c5,f830184ed4091f7c1893003e91eb518737ed15e8b5f007bf46bf30fa7cf23cdb,63,25,88,9f6a3767bcfd9ca9b9f24d52914bdc43b034857398699573cd27b6f7fdb1cc7b,90,139,229,feb5adc6cae899411787e172db2ccf4119c0d3474a03028abec528e12a8ee5c2,1.0,384.25581395348837,3.0496493170911774,7.685116279069767,192.12790697674419,192.12790697674419,306bd00ae28c7c2808a28e286c135bb9952c6c78dfb8229ed71671df6b7351e6,lightgbm__fold_05__stress__81e150c1__weighted_aug__306bd00ae28c
lightgbm,LGBMClassifier,6f5020a62aa64b2ba8e9eeb74b2bb836f9767f0e14b46b7d244a45e2f8dda4ec,5,f121f1e0,stress,target_stress,-10,371,1800,16523,43,5598d9b428cc8d2daffd3a09ae72357ec7e9584093626d817f11e57cc0f076c5,f830184ed4091f7c1893003e91eb518737ed15e8b5f007bf46bf30fa7cf23cdb,76,83,159,8aa763ff5737343beaf96faa2e105d8db0461bc15cb0c750aaae281de143f7a2,309,157,466,b6f0c1d8fedd2c58a8a920caf3f97d7c3e7ba423b13218c1e233d7d556ae43f4,1.0,384.25581395348837,2.5279987760097917,2.3147940599607733,192.12790697674416,192.12790697674419,35da8585c7ea57ab4e1de19bd701ea34fe446e3b6c84b6b07459277502c38785,lightgbm__fold_05__stress__f121f1e0__weighted_aug__35da8585c7ea
