subject_id,outer_fold,pm,target_id,calibration_record_group_id,calibration_budget_seconds,budget_fully_available,calibration_exact_lag_slots,calibration_low,calibration_high,calibration_middle,calibration_extreme,calibration_extreme_sample_hash,evaluation_low,evaluation_high,evaluation_extreme,evaluation_extreme_sample_hash,evaluation_ready,eligible,eligibility_reason,calibration_evaluation_overlap,record_stitching_used,middle_used_for_training
30c140ca,1,attention,target_attention,30c140ca__day1____2023.12.18T09.42.40p03.00,1800,True,180,32,78,70,110,c344df237720b07711148a11076d3a7ab363447c60174d20aa0789119841951b,91,79,170,0ed5d7f4e8a953676baa957772b489cb853eb8b7b0ec115ea26058c02c844b9d,True,True,full1800_min10_each_eval_ready,0,False,False
3110e0c7,1,attention,target_attention,3110e0c7__day1____2024.01.29T09.42.53p01.00,1800,True,147,0,0,10,0,4f53cda18c2baa0c0354bb5f9a3ecbe5ed12ab4d8e11ba873c2f11161202b945,41,68,109,42ef7e503ebe0f60b7de8eeb585c48440f02b30392b16a9c9f45196726ea1fe7,True,False,operational_fallback,0,False,False
40f0714a,1,attention,target_attention,40f0714a__day2____2023.12.15T11.55.06p03.00,1800,False,154,24,45,85,69,789b35ed59d9e506615f7ac2e0b97ac8fcbdac5984b262aa803f8a6ae7a3ad2c,0,0,0,4f53cda18c2baa0c0354bb5f9a3ecbe5ed12ab4d8e11ba873c2f11161202b945,False,False,operational_fallback,0,False,False
7150e10a,1,attention,target_attention,7150e10a__day1____2023.12.09T09.37.19p03.00,1800,True,180,43,45,92,88,d6c594ed5b89935437f8e45b9bab45dc2b7b3560116ba45babda686c1902417e,174,293,467,61ecb55c21d1173067e59adf8f90702ba8c49572611592a6257797d408311185,True,True,full1800_min10_each_eval_ready,0,False,False
71f0603f,1,attention,target_attention,71f0603f__day1____2023.11.28T09.25.58p03.00,1800,True,180,81,19,80,100,018ad479ab5ce63023727c41fe4ac4f8b0ecf182bb79d1b73f3d709b1611b05e,228,305,533,595ed4334245853a6b5b381c05dd115a0859ce688496b5a07eacb19f52a08d68,True,True,full1800_min10_each_eval_ready,0,False,False
81f1f0fe,1,attention,target_attention,81f1f0fe__day1____2023.11.27T09.37.48p03.00,1800,True,180,51,37,92,88,188f38af9f06499190444d1e4e23540b648995531afa68869691f40ea48e57f3,147,138,285,2c156a20756451143c44d5935b34082b6e4d0b9918f64717ce6446d39ab32810,True,True,full1800_min10_each_eval_ready,0,False,False
a1721173,1,attention,target_attention,a1721173__day1____2023.11.30T14.11.21p03.00,1800,False,27,6,9,12,15,c2960129fff66264a1b037139499f3d1ad1d02ca49301e480f0ecf5d8c21a894,18,62,80,211ebc1cd6df47b34e3b1d800c509f307ad1f775cf8de153a1d2901a282fae14,True,False,operational_fallback,0,False,False
c060c06a,1,attention,target_attention,c060c06a__day1____2023.11.29T09.22.25p03.00,1800,True,180,52,49,79,101,c4bcf29f55303e48e0df9c2c0649f412396d88e34f4d6f5486912d7d8c1fcb7a,83,86,169,eb8d727273c0c421a049f443f3f7ae8a293e842d39d56931283349fd0efb50e6,True,True,full1800_min10_each_eval_ready,0,False,False
c112918e,1,attention,target_attention,c112918e__day1____2023.12.04T15.14.19p03.00,1800,True,180,63,52,65,115,fbe1988fac0f36bc0abfea9f919cac28d00384901fbf7129df01ecd5906b0eb0,316,177,493,8126a2bf5f4ff63741b2a79a15ad4f0db1b4ca1309d675f388195160fa918c5e,True,True,full1800_min10_each_eval_ready,0,False,False
d111e017,1,attention,target_attention,d111e017__day1____2023.12.05T11.06.22p03.00,1800,True,180,14,48,118,62,de9358ddfa16372df2c985335392da481bc6f56e76d31e98adc18bae472768a9,399,405,804,235dd48d193a12eb10b16b0ad8ec61effb88a9ad5139f185ef89718f569194f2,True,True,full1800_min10_each_eval_ready,0,False,False
f1d06060,1,attention,target_attention,f1d06060__day1____2023.12.11T17.50.49p03.00,1800,True,178,29,34,115,63,52c5682660e7fd1c5a08e63c6132d581ad109153b1883e57900fec499cfadf9d,43,235,278,e30709a151cd8312e9d27197dac67fb19c01e5099bfe6b777cdcdd81a46460b2,True,True,full1800_min10_each_eval_ready,0,False,False
30c140ca,1,engagement,target_engagement,30c140ca__day1____2023.12.18T09.42.40p03.00,1800,True,180,45,71,64,116,be13c9be9481e96928e16c27a8adb77729ec345e961486558acd12b5bf345e6f,104,33,137,b7f6f77ed997514dd1d604766a8293d61d7cb76feaa867cfae5227702ff56bc9,True,True,full1800_min10_each_eval_ready,0,False,False
3110e0c7,1,engagement,target_engagement,3110e0c7__day1____2024.01.29T09.42.53p01.00,1800,True,147,19,64,64,83,6bfaa90942d36ed83cd53bd59a73f0cdbbcf3c78ad84ebb02590ab6cf7ddf1e4,75,103,178,d34e5a82fa8db562f681fdcd62e792efd7b3d5c156eb3a246a472ad073a23bbc,True,True,full1800_min10_each_eval_ready,0,False,False
40f0714a,1,engagement,target_engagement,40f0714a__day2____2023.12.15T11.55.06p03.00,1800,False,154,55,42,57,97,3441aa4a95b477a73d5a39095107ac609aa9510b387c63f63349d29d05493b68,0,0,0,4f53cda18c2baa0c0354bb5f9a3ecbe5ed12ab4d8e11ba873c2f11161202b945,False,False,operational_fallback,0,False,False
7150e10a,1,engagement,target_engagement,7150e10a__day1____2023.12.09T09.37.19p03.00,1800,True,180,58,29,93,87,0b18a79282efce6ab8e2d53c58c3f951b42b07a4a0452ed0ac06bb11c3578238,311,135,446,16aa6107d40974882689466629f9195169c84121a5d31d071e4e97551edcae97,True,True,full1800_min10_each_eval_ready,0,False,False
71f0603f,1,engagement,target_engagement,71f0603f__day1____2023.11.28T09.25.58p03.00,1800,True,180,39,94,47,133,cd7a93dc972b50831dffe789a6eb73f15b87a33be4167ca4fd0ed6293f556e60,328,296,624,b9e416d0ae782905233d16d9fb5ef741890087f7eab54551646b30d85e5ede93,True,True,full1800_min10_each_eval_ready,0,False,False
81f1f0fe,1,engagement,target_engagement,81f1f0fe__day1____2023.11.27T09.37.48p03.00,1800,True,180,58,63,59,121,5338b58154bc6879c421d6a441433664457e8c8d4949c7e5228fbcdb805acb68,33,289,322,65315387c9e25fe45f52e8ba48ab49af392d37dc4139620d8f92b974230a199b,True,True,full1800_min10_each_eval_ready,0,False,False
a1721173,1,engagement,target_engagement,a1721173__day1____2023.11.30T14.11.21p03.00,1800,False,27,0,26,1,26,7478042c4b9be314af514faf7ff58b824dec3e1b5a91ccffb15c92e491b6ae2c,33,14,47,4d826942164a95e47093c7ae84f91f2ba9f28e3dec087edef66f7eed90a6c4a0,True,False,operational_fallback,0,False,False
c060c06a,1,engagement,target_engagement,c060c06a__day1____2023.11.29T09.22.25p03.00,1800,True,180,48,87,45,135,1a5a21ba66e173e42cb1496757dd60c5881eea7b541a65647635ef31bd2e3b1d,98,84,182,600fdaf46a0b79041c15c1a3f9972f4b772b1388911edd38c067c77de2ffb5f0,True,True,full1800_min10_each_eval_ready,0,False,False
c112918e,1,engagement,target_engagement,c112918e__day1____2023.12.04T15.14.19p03.00,1800,True,180,55,54,71,109,6b82d6ee33df6b4142d9876e16e0eba58267c139bcc26c650fa8629ce204ab1d,235,197,432,959460e0472e73056b3a4df2f8b435ecaeab0a8eede79db4f3c9ebea328d06f7,True,True,full1800_min10_each_eval_ready,0,False,False
d111e017,1,engagement,target_engagement,d111e017__day1____2023.12.05T11.06.22p03.00,1800,True,180,4,134,42,138,9e1f90a85645643e4e1bbccc56f68f4e7bf16241d9c596c3f589f790c15ad7ec,407,284,691,08f51ad31afd6ccce5c9eed46c35ec15135086aa84866c6c243f5984c0c794db,True,False,operational_fallback,0,False,False
f1d06060,1,engagement,target_engagement,f1d06060__day1____2023.12.11T17.50.49p03.00,1800,True,178,42,64,72,106,98a783a2ea0615ac7b61f487e3e5369a0bd5575a34bbc7e10e1bcdfe2a4ceb88,207,53,260,3df9af7d5b9bb00fb6f2ccfab376d1d42a30a614f1f7291c48fb081ed028ecae,True,True,full1800_min10_each_eval_ready,0,False,False
30c140ca,1,excitement,target_excitement,30c140ca__day1____2023.12.18T09.42.40p03.00,1800,True,180,53,53,74,106,789003aa59d83d874cc9b60c831a2af4ed186f97c7ee88bc642372d689087e2d,113,47,160,156805c476a35a05e48cb3733a91ca484da7b5fa15e2db079f90e1f31cc1de4b,True,True,full1800_min10_each_eval_ready,0,False,False
3110e0c7,1,excitement,target_excitement,3110e0c7__day1____2024.01.29T09.42.53p01.00,1800,True,147,31,46,70,77,258612e94fb81e8a801cb9f13a7a84ef82994cf076a114ac2dc9303758e4755b,62,171,233,4c54fc7d6ffdc9446ea942e3f690fc0de0d64fb490066333b73cf3d51681840a,True,True,full1800_min10_each_eval_ready,0,False,False
40f0714a,1,excitement,target_excitement,40f0714a__day2____2023.12.15T11.55.06p03.00,1800,False,154,118,8,28,126,ee380395f2f2b3f6c08d76e739695f5efe83e35973b01869432344663563cfae,0,0,0,4f53cda18c2baa0c0354bb5f9a3ecbe5ed12ab4d8e11ba873c2f11161202b945,False,False,operational_fallback,0,False,False
7150e10a,1,excitement,target_excitement,7150e10a__day1____2023.12.09T09.37.19p03.00,1800,True,180,123,20,37,143,440741abd6228753f8c688ef205ec922b542db17b3b309800ebf7387633de4d0,320,82,402,391d7c318e625e81cf2e72fc210e438d1ba423387f7eb3f417a5aaf4445edd3b,True,True,full1800_min10_each_eval_ready,0,False,False
71f0603f,1,excitement,target_excitement,71f0603f__day1____2023.11.28T09.25.58p03.00,1800,True,180,43,52,85,95,ef1703bd9d8165add18f221f6ce9923b0a59563d4ad78a7f64627263068a941e,256,365,621,897a8c81caee2087a0f6590982f571d507fc215958f9a2d44b9d931f6a29f6b0,True,True,full1800_min10_each_eval_ready,0,False,False
81f1f0fe,1,excitement,target_excitement,81f1f0fe__day1____2023.11.27T09.37.48p03.00,1800,True,180,28,44,108,72,42ebbe399c694733657c6a517241392bfd282968cb9ead8b071bafc8519adedc,121,188,309,29ec33230e5f5d7dc02e7944cc4a18e2ac1f68f1d70267757247387b4d29d51c,True,True,full1800_min10_each_eval_ready,0,False,False
a1721173,1,excitement,target_excitement,a1721173__day1____2023.11.30T14.11.21p03.00,1800,False,27,9,7,11,16,7a9f12cc8f5592c5d11c50907b4c38485102bbde488d6e12f63b42539ae3737e,39,39,78,abac1927003aff084ae88553fc286844c8e9babc4312e3028eb6c5bf7b846953,True,False,operational_fallback,0,False,False
c060c06a,1,excitement,target_excitement,c060c06a__day1____2023.11.29T09.22.25p03.00,1800,True,180,107,10,63,117,1f0549ad95f5c1c870329954662460432774d278055acb5bab80930f76f8f60c,126,34,160,e54ffb71f604e97bcafd2838613c608f11e60d7f72360e5b3de6354e8a0846cc,True,True,full1800_min10_each_eval_ready,0,False,False
c112918e,1,excitement,target_excitement,c112918e__day1____2023.12.04T15.14.19p03.00,1800,True,180,34,79,67,113,f3565ce7256ad0c0ba28645e8bda5d73f7b300a087cbbe979e45c7805f2a164d,335,118,453,693e4056b5822d6afcffde91dc97469eea4081dfcf6bc773f6af498b88953a59,True,True,full1800_min10_each_eval_ready,0,False,False
d111e017,1,excitement,target_excitement,d111e017__day1____2023.12.05T11.06.22p03.00,1800,True,180,37,56,87,93,a00e763e7f8282412d199d7cbdfd06d63604d44b6db2a0d0dab493e2813e78ed,374,429,803,b4efe3344b74faa0d6ed7bfd7572a901f2a57b5447f7cf36fcdfe5ea5564dfb6,True,True,full1800_min10_each_eval_ready,0,False,False
f1d06060,1,excitement,target_excitement,f1d06060__day1____2023.12.11T17.50.49p03.00,1800,True,178,72,76,30,148,1bcdd325896bae90cee2c01f8e716a6ac373d66050f25eff5d9ba81224c20d37,88,204,292,11b7f04710ffc1ab55fdca4f15be66510560f92884bf4dfe18ff28daed21a909,True,True,full1800_min10_each_eval_ready,0,False,False
30c140ca,1,focus,target_focus,30c140ca__day1____2023.12.18T09.42.40p03.00,1800,True,180,137,21,22,158,30d43b879e76bfc77dfddfea96d3e8a65f11f59a5593b8758805b7c121a61609,49,94,143,194aeb1b1fd6275088bac7237adb739bf065a09bd7bcb0d3401db5f681cb1849,True,True,full1800_min10_each_eval_ready,0,False,False
3110e0c7,1,focus,target_focus,3110e0c7__day1____2024.01.29T09.42.53p01.00,1800,True,147,28,41,78,69,84eb3f3cf37e7bd89f28aca56977874ef827a968c24a66c6d92ef3a41b31f9fa,37,185,222,f9c03b5d4c62318fd1263b5af6ec519c3a8859d5f192852cd20660658954a74d,True,True,full1800_min10_each_eval_ready,0,False,False
40f0714a,1,focus,target_focus,40f0714a__day2____2023.12.15T11.55.06p03.00,1800,False,154,121,3,30,124,12e0bf91b375746723506314fb1e3c5922c07e88ea49eb38c0d078173b3535d2,0,0,0,4f53cda18c2baa0c0354bb5f9a3ecbe5ed12ab4d8e11ba873c2f11161202b945,False,False,operational_fallback,0,False,False
7150e10a,1,focus,target_focus,7150e10a__day1____2023.12.09T09.37.19p03.00,1800,True,180,119,10,51,129,44b3321831680d8c1fcfa9ba0c3465d8550721eaba2c8aa90d7066066af073ba,297,78,375,4be7ae15632de70c5b07ca2fc5f5dab3f5dee5c9f76dd2cd814e58e18675a538,True,True,full1800_min10_each_eval_ready,0,False,False
71f0603f,1,focus,target_focus,71f0603f__day1____2023.11.28T09.25.58p03.00,1800,True,180,38,61,81,99,f1b2f348572218b6b71165cdefa959cb7b4ec1bb26b5ec8453bc4d7678239d07,302,339,641,c782f2fde0942647968fc529161733ded7f9b917e78e60f5862de7c4515e4f59,True,True,full1800_min10_each_eval_ready,0,False,False
81f1f0fe,1,focus,target_focus,81f1f0fe__day1____2023.11.27T09.37.48p03.00,1800,True,180,11,121,48,132,11da21f9d7b532bace2b97966998de4909b1535261a21284680b01ed4d1c6b59,57,249,306,d285d791bc0bfc9ed4d523b7d22769abe2059da1e969816a6a1ddaeda173bc73,True,True,full1800_min10_each_eval_ready,0,False,False
a1721173,1,focus,target_focus,a1721173__day1____2023.11.30T14.11.21p03.00,1800,False,27,14,2,11,16,85533dce587600350190aadca94c8b3c418d0b7dd19e982b0dbf14d62d8106b9,19,39,58,3bf97c6028c6db8eb033d72e6e3a0d0029ca5c5699ba28968e051fed5b0ceb1f,True,False,operational_fallback,0,False,False
c060c06a,1,focus,target_focus,c060c06a__day1____2023.11.29T09.22.25p03.00,1800,True,180,162,3,15,165,a3fb6cfdf63c82fc56028b372e39f864894da457863e82a17af1d4bb1f259af4,220,10,230,2b8cc382aa3551b65caf887f3798dea9a55c5973a9ef8314106f5634c00f14ea,True,False,operational_fallback,0,False,False
c112918e,1,focus,target_focus,c112918e__day1____2023.12.04T15.14.19p03.00,1800,True,180,43,61,76,104,fe8fd33b83ffc3797c0fb7c980303e58bcfdc9d5bf7f4c66baccfa6ef872242f,367,84,451,41e2c0bdeff43b07a35d1ff3970988af1ba4ee1fc36949358ea70c30268a5f9e,True,True,full1800_min10_each_eval_ready,0,False,False
d111e017,1,focus,target_focus,d111e017__day1____2023.12.05T11.06.22p03.00,1800,True,180,15,55,110,70,f352f709e8b4411635e44c7d6589bf5d2426fc11b9038d23c6daa64e63fe67e6,403,366,769,ff768d4de989f9b85a50256750b0aecfc4def26e1e7521fddeb5cd6284c1015e,True,True,full1800_min10_each_eval_ready,0,False,False
f1d06060,1,focus,target_focus,f1d06060__day1____2023.12.11T17.50.49p03.00,1800,True,178,46,89,43,135,0c6799b4c03686384b824dcb88e3d5ca6db0577d987e1c0341fa3a696e47a48d,79,200,279,65753d02fd6da9591cf80243b0b940cfe0e583f804cc07223274aa1c2ce43be0,True,True,full1800_min10_each_eval_ready,0,False,False
30c140ca,1,interest,target_interest,30c140ca__day1____2023.12.18T09.42.40p03.00,1800,True,180,86,71,23,157,665c9718e3629b71a0ceff4bf30c5affc6b96aba1fdc5712ee58c5eb9db4e336,192,3,195,d5a4928a0b697900b617349957b7ab399ebf266e12fcddad08232a8c919d1b12,True,True,full1800_min10_each_eval_ready,0,False,False
3110e0c7,1,interest,target_interest,3110e0c7__day1____2024.01.29T09.42.53p01.00,1800,True,147,51,49,47,100,291bf179ac1a2c05de6ecb05b87bcf69c8d3be598bc1e2c21290479a682176f5,130,77,207,1c52cc19f3be3879d4d55b7af6ba78d8098458963bce35cdd07bfaa9b77a1f86,True,True,full1800_min10_each_eval_ready,0,False,False
40f0714a,1,interest,target_interest,40f0714a__day2____2023.12.15T11.55.06p03.00,1800,False,154,84,42,28,126,158c9e8b75627d8dcaf8d731bf72de950fb098d0491e8bc55e1a71dbcab4f91b,0,0,0,4f53cda18c2baa0c0354bb5f9a3ecbe5ed12ab4d8e11ba873c2f11161202b945,False,False,operational_fallback,0,False,False
7150e10a,1,interest,target_interest,7150e10a__day1____2023.12.09T09.37.19p03.00,1800,True,180,61,4,115,65,33d525123e6cc0e4718fec5fed2ce13b828cd711556dcacad52e7c450c4d9287,12,158,170,bd774c6fae6f611410a5b78c5b00041bc5ac386fc7fd00563d1ede423eaf5c12,True,False,operational_fallback,0,False,False
71f0603f,1,interest,target_interest,71f0603f__day1____2023.11.28T09.25.58p03.00,1800,True,180,103,47,30,150,63ca592fa36153a438f29050e25f1017e475c180272fb15a54fca93a9411f4fb,278,388,666,f6eff89343b13c9acdd70afb4d74011f571d713196caed9bfd5922101df857ad,True,True,full1800_min10_each_eval_ready,0,False,False
81f1f0fe,1,interest,target_interest,81f1f0fe__day1____2023.11.27T09.37.48p03.00,1800,True,180,56,98,26,154,858892c7ddcb83a90548c1ab27c97fa0f57899e2019afe81f3068e1a46ff7c94,221,149,370,ce92fad43fd65f1b3b1f0c4645184d0c81521a4dbe5d0029950b97961b0d6d84,True,True,full1800_min10_each_eval_ready,0,False,False
a1721173,1,interest,target_interest,a1721173__day1____2023.11.30T14.11.21p03.00,1800,False,27,11,7,9,18,4c15c55f9fb6dc28eae47651570429aeb06764800e6c648d96d8b5174252347c,61,45,106,52f6001aef7b2fe51f3cf81a16921c82822cb4be3ebf46c60027121bed04f0a7,True,False,operational_fallback,0,False,False
c060c06a,1,interest,target_interest,c060c06a__day1____2023.11.29T09.22.25p03.00,1800,True,180,38,43,99,81,87ac8b0d396f38f7369fd2fa679c5315d661d5fb2937b804f5b46cddf64355e4,83,120,203,d2d2d2afc62db4ca588b53fb484c79202dc83691e69753709eeca6859a11f71d,True,True,full1800_min10_each_eval_ready,0,False,False
c112918e,1,interest,target_interest,c112918e__day1____2023.12.04T15.14.19p03.00,1800,True,180,53,41,86,94,c0e1711b8c54c448700765a89890b3c613f16d7d0e1d43ef9af59e85fd3ab0aa,230,170,400,b82524c7eddc47baa9765310b629ebdb11284d0ddcc4f7fda9d964a35d95ba64,True,True,full1800_min10_each_eval_ready,0,False,False
d111e017,1,interest,target_interest,d111e017__day1____2023.12.05T11.06.22p03.00,1800,True,180,80,21,79,101,16a7aedf62a2d7abe9e029284a249921ffe561b4ae37fb4fc2ac3de8651b642c,436,360,796,aef3285d6163014f00068180f574aa6e18d1c9e5299bfb4a289d85a44b5d30a7,True,True,full1800_min10_each_eval_ready,0,False,False
f1d06060,1,interest,target_interest,f1d06060__day1____2023.12.11T17.50.49p03.00,1800,True,178,68,58,52,126,5604ace228daa512b0a0a6a82a457795377e19013009b14377ba275278d8057b,173,121,294,a7ee71a868c1f2ceeeee1454a2544e7d700d647d91130fdcd2e50620b968cbc6,True,True,full1800_min10_each_eval_ready,0,False,False
30c140ca,1,relaxation,target_relaxation,30c140ca__day1____2023.12.18T09.42.40p03.00,1800,True,180,2,160,18,162,ba0fd333a1e3a0f8e3ccaf87904d3107ca4415414d38c711b3d8f41201b0d595,141,28,169,2ee1f88498ca792a9393a7ceabf9342ef7959849d03df34079488dbd7171e91c,True,False,operational_fallback,0,False,False
3110e0c7,1,relaxation,target_relaxation,3110e0c7__day1____2024.01.29T09.42.53p01.00,1800,True,147,37,35,75,72,182df246e8e93fe8484a996dd03aa72cd96fe5d0b9d021e790eaabfd9e35f18f,118,94,212,f7c34121e39600488031e007151bb4b7abbdf90ab6c2641c3568fe3d6e7462bf,True,True,full1800_min10_each_eval_ready,0,False,False
40f0714a,1,relaxation,target_relaxation,40f0714a__day2____2023.12.15T11.55.06p03.00,1800,False,154,42,44,68,86,43ece78c53a26c600f8315cef2171132876531e03fa72ef57216ec3d4b195c44,0,0,0,4f53cda18c2baa0c0354bb5f9a3ecbe5ed12ab4d8e11ba873c2f11161202b945,False,False,operational_fallback,0,False,False
7150e10a,1,relaxation,target_relaxation,7150e10a__day1____2023.12.09T09.37.19p03.00,1800,True,180,84,13,83,97,5dd02aace992d8534dc183e17c75ddbd231b7d10502ceea786532a8a7308d2a6,205,181,386,eb82ec58b1b091b17fa711c53eba8e871a782db0ee64878721a8273d8b6582b1,True,True,full1800_min10_each_eval_ready,0,False,False
71f0603f,1,relaxation,target_relaxation,71f0603f__day1____2023.11.28T09.25.58p03.00,1800,True,180,66,23,91,89,cf9b2209a4646be7a97afe2f60831cf1e04afffb6fcafc93074a5490a79d830c,240,430,670,f6dec376ee7a2d1be5c34360ae3918569adc5173430d48815d0c80b19b8ec8a5,True,True,full1800_min10_each_eval_ready,0,False,False
81f1f0fe,1,relaxation,target_relaxation,81f1f0fe__day1____2023.11.27T09.37.48p03.00,1800,True,180,18,71,91,89,bc4bc575d44fbcee78b3738a9e1da479d02193a84a294d02e9fdfade449666c0,225,112,337,87fb69e74da4238e461142da81173bc409039df6735d1fa586453195da200c08,True,True,full1800_min10_each_eval_ready,0,False,False
a1721173,1,relaxation,target_relaxation,a1721173__day1____2023.11.30T14.11.21p03.00,1800,False,27,6,10,11,16,dbb283c39bdcce2f3186c7d1cd1b5302621f7041d7380273428e2af4c53ea6a1,78,30,108,92109cee2b0ce078a14ab8e6c5a7b5293daf4ad9cbb2c8ace11c8c81aaa65ebb,True,False,operational_fallback,0,False,False
c060c06a,1,relaxation,target_relaxation,c060c06a__day1____2023.11.29T09.22.25p03.00,1800,True,180,14,119,47,133,76d03792015b6707683b3f856ff3d10be75870a369d2bc0f70fd3f08a6d6ec71,17,147,164,a30353a27d4a7bcb0f05da7a47bccbe086def9e2d4d6d34d8ef4580f2f514a0d,True,True,full1800_min10_each_eval_ready,0,False,False
c112918e,1,relaxation,target_relaxation,c112918e__day1____2023.12.04T15.14.19p03.00,1800,True,180,37,62,81,99,d27ac004d7188a715146da234443cbc11dd9564042d6df3b065e6d96bca0019b,221,287,508,097acc5003ebe9b1499a2c0faaca1b60ce74f7c0687377fc39504a7ae7e0c25f,True,True,full1800_min10_each_eval_ready,0,False,False
d111e017,1,relaxation,target_relaxation,d111e017__day1____2023.12.05T11.06.22p03.00,1800,True,180,117,8,55,125,9cac30b9fd776513c6029f8da7b85f873946269d92bd7e6128d8ccd2f99b56c2,326,507,833,88901ff1216e62db59eead9d78dfed6c1ac10e84fab2b23acdf266e8e5613b86,True,False,operational_fallback,0,False,False
f1d06060,1,relaxation,target_relaxation,f1d06060__day1____2023.12.11T17.50.49p03.00,1800,True,178,114,24,40,138,84a05e69e2e94a195cc9480d5b9476a3c953365babcd64c11e58906341895aa2,135,159,294,466bed25fbe85581d0810093f592f4b8c6298b32e5dac5942e7dea59cbad4fbb,True,True,full1800_min10_each_eval_ready,0,False,False
30c140ca,1,stress,target_stress,30c140ca__day1____2023.12.18T09.42.40p03.00,1800,True,180,68,72,40,140,4279867ecd418e2c2037abf025399052338470aaa43bea74c71a96a2c189d61b,67,98,165,24cace45a46912281bada25aca77a93b6cf4df8608859a3c08091187480571e9,True,True,full1800_min10_each_eval_ready,0,False,False
3110e0c7,1,stress,target_stress,3110e0c7__day1____2024.01.29T09.42.53p01.00,1800,True,147,3,13,131,16,c57f98297928c161b2f3ff3bb3685d71333cb006eedca245a08096d1d6fc2e50,135,68,203,fa4d5f2212deb6f3bedb138b35a880623b33023fc7c1553f1ea6e724068c1d34,True,False,operational_fallback,0,False,False
40f0714a,1,stress,target_stress,40f0714a__day2____2023.12.15T11.55.06p03.00,1800,False,154,101,42,11,143,ec2bf403c2dd413a60fc92ff2218a48102fa808994686b4a83ba12f9ec47676a,0,0,0,4f53cda18c2baa0c0354bb5f9a3ecbe5ed12ab4d8e11ba873c2f11161202b945,False,False,operational_fallback,0,False,False
7150e10a,1,stress,target_stress,7150e10a__day1____2023.12.09T09.37.19p03.00,1800,True,180,133,23,24,156,4d6b03b4fdd454f17f8105c7734d9dbf275ca36a59cb5b6a5f3aa168485cf592,219,187,406,d254197e7cb69f33b5d758827d99cd1239fc1524463bfcb4ba4233b39d05cc2e,True,True,full1800_min10_each_eval_ready,0,False,False
71f0603f,1,stress,target_stress,71f0603f__day1____2023.11.28T09.25.58p03.00,1800,True,180,103,54,23,157,b27a41a6cedac4ba6645bde32dd25430800c4351aa799c16b264dd80dd516d9d,161,327,488,d787e18f302ccca0ab46a4a273d2012a1941ca8ae6a209be119a1ebbf97000a6,True,True,full1800_min10_each_eval_ready,0,False,False
81f1f0fe,1,stress,target_stress,81f1f0fe__day1____2023.11.27T09.37.48p03.00,1800,True,180,4,174,2,178,86974cb8b1585d0bc6696f8589855782d020f0acd955a529aa5e02c854363b06,152,205,357,cc5d1fcc3a9cd6e272e9f3b3b1d77c5114299fcc0abee40683b2cfa39bb63a92,True,False,operational_fallback,0,False,False
a1721173,1,stress,target_stress,a1721173__day1____2023.11.30T14.11.21p03.00,1800,False,27,13,6,8,19,74085f34dddb4985c6a96ce31c8c288ff79046b41a7ffcbdd8ccc7fe20f1b905,80,32,112,f8309536d8341a3233afd0a00bc5a797d04256c3851890aaad8efa1f7d85e7c4,True,False,operational_fallback,0,False,False
c060c06a,1,stress,target_stress,c060c06a__day1____2023.11.29T09.22.25p03.00,1800,True,180,77,57,46,134,597ee69d4d43e85f2e9f654dd969296f7e133d313190be229bb8d1001eea0d4d,141,86,227,45a8b3d2ee0be4d60766b45ef83cd8d15b41e5d0f3f4a9a184f2e044078994d4,True,True,full1800_min10_each_eval_ready,0,False,False
c112918e,1,stress,target_stress,c112918e__day1____2023.12.04T15.14.19p03.00,1800,True,180,126,9,45,135,3e61e4e16dc38bc79ea0bd1ce679b8bd4a26e47fdb730e82e22b9877a7e52063,68,144,212,ec66442b354338929d495b8e3e7fa344c351f46cec73cc39fdc5cedac5f0527d,True,False,operational_fallback,0,False,False
d111e017,1,stress,target_stress,d111e017__day1____2023.12.05T11.06.22p03.00,1800,True,180,100,27,53,127,1075a7faf99932a8d77bc5114bd1f71ccc1bc95befcb6f37ad7b038d61ebb9e4,465,456,921,a685b16f05aaf44b59afb95c6d376a1098f9b7b96845c15b0e6c769ed11aa52e,True,True,full1800_min10_each_eval_ready,0,False,False
f1d06060,1,stress,target_stress,f1d06060__day1____2023.12.11T17.50.49p03.00,1800,True,178,81,68,29,149,508a92f920cab9516ccb9ceb9603644c9459734bc8d8ce0408eb1a1649f0182b,193,147,340,f592685079d60ebda56d693eb86415293827e12860d10b74de17f542ee040582,True,True,full1800_min10_each_eval_ready,0,False,False
1081b177,2,attention,target_attention,1081b177__day1____2023.12.08T11.39.57p03.00,1800,True,180,53,77,50,130,d988c4218545d39c8d9bcea318ed94580d7e0bab9f42d6054d4345856753b59b,152,115,267,227b4d6f57fd47553846d9a3a6e5364e14a45acf91da8350eea968667ce17014,True,True,full1800_min10_each_eval_ready,0,False,False
517001af,2,attention,target_attention,517001af__day1____2023.11.27T13.40.34p03.00,1800,True,180,101,0,78,101,0ed23b5c597f86e381ce9a1e324dec47040b74d13b84b14bb7e4603c9577a6cb,75,32,107,f20696a8e3a33aff9ca5cddcec5917d0dd776ed785eda541eb35ac6b520d2605,True,False,operational_fallback,0,False,False
6030f0fd,2,attention,target_attention,6030f0fd__day1____2023.12.05T15.32.40p03.00,1800,True,180,72,56,52,128,aba44396cded88d7a90ef2bf01073fc5c8ab954e807fd3bcb5e1195922063b07,64,163,227,7c06ed050cd4d38a4f6d5c6560dd3947f8ca120a9f1667a3309d44cb5d2e8ab6,True,True,full1800_min10_each_eval_ready,0,False,False
7072a0e0,2,attention,target_attention,7072a0e0__day1____2023.12.11T13.28.50p03.00,1800,True,180,76,13,91,89,284d0b1c15c2bf5f010d374270e804b7eb25de69b62ecfbc4a506d88f7c0aeee,221,186,407,fe4540e53f8190423c51d95ab99b9616f8b68e48529ddcca1806b5355a801b9a,True,True,full1800_min10_each_eval_ready,0,False,False
71a251fa,2,attention,target_attention,71a251fa__day1____2023.11.28T17.13.45p03.00,1800,False,127,71,11,18,82,23d4fe278d2564ed1a7ad5c4f2e149e65e8abf5a7e3df680f277f5d1936d522c,58,90,148,7c5fac878092a5778df0bd74910856b8b352e29a98d6cf4407170cfa58a4872b,True,False,operational_fallback,0,False,False
71c09041,2,attention,target_attention,71c09041__day1____2023.12.06T13.27.03p03.00,1800,True,180,46,15,119,61,185d68b56eaf11a8a4f1a68a70421d64d4b9fef957f37682ebaa52da7c0317bb,33,78,111,91cb13b5813965b2c6c82a9598e4e599864df43ddad0794799de69e1ecc41c26,True,True,full1800_min10_each_eval_ready,0,False,False
9192c107,2,attention,target_attention,9192c107__day1____2023.12.13T15.29.18p03.00,1800,False,2,0,0,0,0,4f53cda18c2baa0c0354bb5f9a3ecbe5ed12ab4d8e11ba873c2f11161202b945,0,0,0,4f53cda18c2baa0c0354bb5f9a3ecbe5ed12ab4d8e11ba873c2f11161202b945,False,False,operational_fallback,0,False,False
a02151ac,2,attention,target_attention,a02151ac__day1____2023.11.29T14.45.43p03.00,1800,True,180,48,69,63,117,fa587b296373b5de2dcc92a4c93bfe487fe3dc51fe8a3a1d7e57bd052628d7fb,151,189,340,14442a6cecc8ce919e40f6dbaf7f03c6076cc3fd6c48c95a42d72fb8db71e54c,True,True,full1800_min10_each_eval_ready,0,False,False
d0e2d025,2,attention,target_attention,d0e2d025__day1____2023.11.30T15.28.34p03.00,1800,True,180,103,16,61,119,5e981dd27dfa8cc441b73bc6878f3b08d3c926c46734c32b7c95890a675e1a9b,400,149,549,e2a3e7effc9f5f9ba5010568a7015c8508dbd2d587c73c05b93eb5fa9724d3c3,True,True,full1800_min10_each_eval_ready,0,False,False
d18000a3,2,attention,target_attention,d18000a3__day1____2024.02.01T14.18.30p01.00,1800,True,180,46,59,75,105,cea860a705249a5a51e84799eea78bf8bb36843ac3868eb4ab8f9b768c6ea419,168,220,388,ca5562f54882b03263e97591651b03ad2f06e0b4f638fec391557d16f039f468,True,True,full1800_min10_each_eval_ready,0,False,False
f0f2a1e1,2,attention,target_attention,f0f2a1e1__day1____2023.12.05T17.42.49p03.00,1800,True,180,47,19,114,66,5235665955822f2d472f45fbec0d4989432f2c316761a855a2029d2094cde9d4,55,161,216,ae75b44b16d8a57370a738969003888486a448f9fca975d1f1a6881682c1a54a,True,True,full1800_min10_each_eval_ready,0,False,False
1081b177,2,engagement,target_engagement,1081b177__day1____2023.12.08T11.39.57p03.00,1800,True,180,17,93,70,110,64219e8d525a64dcbd4feb03b7b4b6869e4b33b11ccd0e05e22f1fc5452338e4,73,188,261,640b314903571314524906e7c771a2579d3b14df967959cdb6ee38e6371794e7,True,True,full1800_min10_each_eval_ready,0,False,False
517001af,2,engagement,target_engagement,517001af__day1____2023.11.27T13.40.34p03.00,1800,True,180,0,137,43,137,73c1505a8ff5dba79dbf4d797546ba621afff3f41bd8435df6ceaff72f20b753,35,180,215,26c213f90f34acda06ee4146b3ce8e21fd142e1ba94f36aa0f2579f16dc89919,True,False,operational_fallback,0,False,False
6030f0fd,2,engagement,target_engagement,6030f0fd__day1____2023.12.05T15.32.40p03.00,1800,True,180,24,87,69,111,121494092aa8551c6330859a45eb7129fdf5b6523ec6b5895e6d7e2fcbeb874c,88,99,187,cc96aa1d95339cad7a385ba7a8d1396068693dda0572c4c374d10f9e48fcfdc0,True,True,full1800_min10_each_eval_ready,0,False,False
7072a0e0,2,engagement,target_engagement,7072a0e0__day1____2023.12.11T13.28.50p03.00,1800,True,180,30,76,74,106,603ff4a811bae2bd60ada87a012e9e8eab8e3a5dc22d08d2d14fbf601f71de17,193,192,385,38e26c8495d2e5191087676b5225b57c5ced2083a27df3e4b5f26c2b54f125bb,True,True,full1800_min10_each_eval_ready,0,False,False
71a251fa,2,engagement,target_engagement,71a251fa__day1____2023.11.28T17.13.45p03.00,1800,False,127,20,72,35,92,436d91d0c4c02add05e7325fa7a8b03a36979916d8e38c42f534d596ae50917b,22,151,173,ce35642eb457c0a74a4ffefb4c249734833c1aca6af3a024d35aeba49a3a43c1,True,False,operational_fallback,0,False,False
71c09041,2,engagement,target_engagement,71c09041__day1____2023.12.06T13.27.03p03.00,1800,True,180,61,65,54,126,526187516998a519f485f49c91ac5ac06b83a41c904a7fdb367e97a116a22c95,211,119,330,6e745766811957cae6b9de0ef8c0dcbe32029cdc390319107eb41cbeb79b29a1,True,True,full1800_min10_each_eval_ready,0,False,False
9192c107,2,engagement,target_engagement,9192c107__day1____2023.12.13T15.29.18p03.00,1800,False,2,0,0,2,0,4f53cda18c2baa0c0354bb5f9a3ecbe5ed12ab4d8e11ba873c2f11161202b945,0,0,0,4f53cda18c2baa0c0354bb5f9a3ecbe5ed12ab4d8e11ba873c2f11161202b945,False,False,operational_fallback,0,False,False
a02151ac,2,engagement,target_engagement,a02151ac__day1____2023.11.29T14.45.43p03.00,1800,True,180,16,51,113,67,a6e86819990359dc35fccf4dc06224ae8fcb78a80c9208a7133fc9563bcbd0a9,98,167,265,61f07c988c5fad312857978c1997bf6971994d98b24cff3033070ad18d8cab5d,True,True,full1800_min10_each_eval_ready,0,False,False
d0e2d025,2,engagement,target_engagement,d0e2d025__day1____2023.11.30T15.28.34p03.00,1800,True,180,10,78,92,88,14e7db39757b0e6ce50aa4bfff978bdc0a7a9d901a347141ae7411e66e76b15d,126,280,406,d61de83582937a084b1892f2a198313c3ce571fa9d695e7a0b13735a27f52d45,True,True,full1800_min10_each_eval_ready,0,False,False
d18000a3,2,engagement,target_engagement,d18000a3__day1____2024.02.01T14.18.30p01.00,1800,True,180,22,70,88,92,1ee04a4e3822da79ec20cad28c23628c73f902e589570f7a9b1a94a901f3e18c,204,136,340,9230c2a5cfea84f766226036d9d91f581c6116293ff0e8c8a4526448ee1b870e,True,True,full1800_min10_each_eval_ready,0,False,False
f0f2a1e1,2,engagement,target_engagement,f0f2a1e1__day1____2023.12.05T17.42.49p03.00,1800,True,180,46,59,75,105,3d547a81602203a461b3d579e3509db1b64909d9da6866d714de58bd97556148,97,119,216,52943519b3ca86c6b5b7b1287dd0eb8f4ff291b349edc3c26430ef6fa41d0ca9,True,True,full1800_min10_each_eval_ready,0,False,False
1081b177,2,excitement,target_excitement,1081b177__day1____2023.12.08T11.39.57p03.00,1800,True,180,73,47,60,120,e21dc4be0d2b280f8511160ff27e59d6f42920883f989ef19826d911dd0d68a5,122,184,306,ec62b2e04fac79fcb79fc9adae1cbcb83f594284fccebf53f5534341c754bec8,True,True,full1800_min10_each_eval_ready,0,False,False
517001af,2,excitement,target_excitement,517001af__day1____2023.11.27T13.40.34p03.00,1800,True,180,17,106,57,123,c44884128b017dd04def78b10d3ee64ef9da0c42bec24d87f4dac717a93abe52,121,128,249,dad86721089fea8addc449a3f08070ccd5526abafc45134773344c73196e7c62,True,True,full1800_min10_each_eval_ready,0,False,False
6030f0fd,2,excitement,target_excitement,6030f0fd__day1____2023.12.05T15.32.40p03.00,1800,True,180,81,42,57,123,e38e01fc560b9b6d6b43a6e0303474dd73cb22e6096b6ac37699ef7568f6eab3,121,54,175,0da0abe8860982da853cfb74d7e88148bdabf495b6d6e8406ae4ac1ed56d9e35,True,True,full1800_min10_each_eval_ready,0,False,False
7072a0e0,2,excitement,target_excitement,7072a0e0__day1____2023.12.11T13.28.50p03.00,1800,True,180,21,32,127,53,c5bc256a39a8484361639e4802a5daede59a16ab0e0352ccb8181b14b1280613,79,318,397,97a1dcbd158e82f2cb37747aa787d3f6ebb51ac1fa5b54e2fbdf58242c459f62,True,True,full1800_min10_each_eval_ready,0,False,False
71a251fa,2,excitement,target_excitement,71a251fa__day1____2023.11.28T17.13.45p03.00,1800,False,127,97,8,22,105,8ffcc88746825e87f7ad484c6ec947e02d0bc0d8fd41b6591e90a4343ed2867b,76,38,114,f15dcfb94e75190ad2bc98b8d8cfd82b50baf66946e70f352ceb2ddcf1e29e81,True,False,operational_fallback,0,False,False
71c09041,2,excitement,target_excitement,71c09041__day1____2023.12.06T13.27.03p03.00,1800,True,180,136,6,38,142,e3eec03ff7a904d7fa3a00a91f8b80641604366527d0976453b42e644692a898,184,41,225,6f13884e342c6a4e5a57d05760b399fa04fdcf788a67dde54b292eced721c123,True,False,operational_fallback,0,False,False
9192c107,2,excitement,target_excitement,9192c107__day1____2023.12.13T15.29.18p03.00,1800,False,2,1,0,1,1,c1e35dbce48c747418d199a21cd60c0b656ae421309293b34ce7fd06dfd5b8ce,0,0,0,4f53cda18c2baa0c0354bb5f9a3ecbe5ed12ab4d8e11ba873c2f11161202b945,False,False,operational_fallback,0,False,False
a02151ac,2,excitement,target_excitement,a02151ac__day1____2023.11.29T14.45.43p03.00,1800,True,180,63,33,84,96,97e94bd84fe291f4e03c059a28ecda4eb1b0c0b58ac968921ed23ba3cea533de,316,93,409,9d1f846f8826f5882127016146d581fed9c25232fe7db3224452bad3d90413ce,True,True,full1800_min10_each_eval_ready,0,False,False
d0e2d025,2,excitement,target_excitement,d0e2d025__day1____2023.11.30T15.28.34p03.00,1800,True,180,22,73,85,95,24abad6a126c971f6be714a9cb75aa1504f1787eafb38a5e8e9f3d71fa13963e,146,391,537,8ce08446f987952c584e05a7ca77d40575c594d791bc98f96c68097d72a4e355,True,True,full1800_min10_each_eval_ready,0,False,False
d18000a3,2,excitement,target_excitement,d18000a3__day1____2024.02.01T14.18.30p01.00,1800,True,180,67,37,76,104,be50f345963ce2d78381e854dfae5b46c923ac028442353b1f6e848711f0041a,90,236,326,0430e492bafc786e6a08d8442f9ef50a79738ec45d26e2ca45fc67b6be428a28,True,True,full1800_min10_each_eval_ready,0,False,False
f0f2a1e1,2,excitement,target_excitement,f0f2a1e1__day1____2023.12.05T17.42.49p03.00,1800,True,180,17,108,55,125,f2160dcea908605da4a5e6a24d3efe070f53c98ec0b2a7eef387970a79ce727f,45,229,274,60aad71a195a26f036ffd277182cce50e4ccad6d7896b7da726db9355cebdd83,True,True,full1800_min10_each_eval_ready,0,False,False
1081b177,2,focus,target_focus,1081b177__day1____2023.12.08T11.39.57p03.00,1800,True,180,40,60,80,100,fc1e4835fe05049a31d90cee0656b5b40c925df32ebb0558063e8e70bad703d6,97,234,331,1a8050db84ac55060018f5c41ffb62078cffa5d9b5c82a289dcfca39ca175f54,True,True,full1800_min10_each_eval_ready,0,False,False
517001af,2,focus,target_focus,517001af__day1____2023.11.27T13.40.34p03.00,1800,True,180,3,156,21,159,4b153fcad6af526421e41acb6e6cf15956cdf5f38f96ce05de3f3f1c92f2aa66,119,135,254,00adf53e757557d0c6d88d6d94985edabac6f0d1e481998614e3c0b57493b5c5,True,False,operational_fallback,0,False,False
6030f0fd,2,focus,target_focus,6030f0fd__day1____2023.12.05T15.32.40p03.00,1800,True,180,82,44,54,126,7cacc3f59d01670a9052e0ce174363102a973ed5fa59e1a66ae84852ed8ab7f3,130,29,159,c759ca9d8ef0e9d61f91796ac380a333648299cfcbdc30620c0d77c11b12b8e6,True,True,full1800_min10_each_eval_ready,0,False,False
7072a0e0,2,focus,target_focus,7072a0e0__day1____2023.12.11T13.28.50p03.00,1800,True,180,48,22,110,70,e299d26afbcd98ab8736b0c55c1df4577ba6be32b56b5b6476bb3d92ed6172db,66,341,407,13bd929d3a3c931b88637dde297a4748dc0431d0f37e3a28d04d60bcfa0097c1,True,True,full1800_min10_each_eval_ready,0,False,False
71a251fa,2,focus,target_focus,71a251fa__day1____2023.11.28T17.13.45p03.00,1800,False,127,70,3,54,73,77b363e4a43c0bf69d94bb76d02059f961c30b303d215fc097a645df1a041644,128,21,149,f92e98d03ae2e253e673c0b65d49dd0d095fbaf2a9f0f0f95180fdaa3814e78e,True,False,operational_fallback,0,False,False
71c09041,2,focus,target_focus,71c09041__day1____2023.12.06T13.27.03p03.00,1800,True,180,139,5,36,144,19f39283daacfc425d8c3ce05613442c10f1727f9469f864c788c9b71a076fa2,214,35,249,12098b5dc63762e029a92a83c682f153c4bea27b99e969e7639a597294f37735,True,False,operational_fallback,0,False,False
9192c107,2,focus,target_focus,9192c107__day1____2023.12.13T15.29.18p03.00,1800,False,2,2,0,0,2,ccf84d32d9eaae31857ff33b7e92792067afd20dcad063944edf29ce76f05491,0,0,0,4f53cda18c2baa0c0354bb5f9a3ecbe5ed12ab4d8e11ba873c2f11161202b945,False,False,operational_fallback,0,False,False
a02151ac,2,focus,target_focus,a02151ac__day1____2023.11.29T14.45.43p03.00,1800,True,180,50,54,76,104,fae69699fca71a974cfb39b17787eedb80dba17d2527963955c052ca4bdd9d94,319,76,395,c2615751b397a76df01986f974b365f007a28b09881a256e7ba217dcb3326791,True,True,full1800_min10_each_eval_ready,0,False,False
d0e2d025,2,focus,target_focus,d0e2d025__day1____2023.11.30T15.28.34p03.00,1800,True,180,32,60,88,92,1d191f93397bc9bd9a95d17b8c13f44f77cb209de9b8ef5b9c3a446485798b9c,130,394,524,84fac9f1e48991c325d5325e08ac4ef6df4b08e3f593628dd3a84533ffd4312e,True,True,full1800_min10_each_eval_ready,0,False,False
d18000a3,2,focus,target_focus,d18000a3__day1____2024.02.01T14.18.30p01.00,1800,True,180,88,31,61,119,7b6214ac0bca9df624c53c20d940527044bbf9cc0653c5cff7930ee2a0b2ad1f,72,249,321,c28a55c7cd17ea74513e74433c260bc9e427984db1691c237aa75e9540d09864,True,True,full1800_min10_each_eval_ready,0,False,False
f0f2a1e1,2,focus,target_focus,f0f2a1e1__day1____2023.12.05T17.42.49p03.00,1800,True,180,6,122,52,128,10c824e2a4281138e0351f873654b85d432aee2037ac0fb0322aa0c2490a9238,29,242,271,87a9299e99a88b3436fc8fbeca49b8a42bc7bc7fce8e25145bcd8fcb61be1b95,True,False,operational_fallback,0,False,False
1081b177,2,interest,target_interest,1081b177__day1____2023.12.08T11.39.57p03.00,1800,True,180,100,45,35,145,4b69f76dc21e4f55a3a036934df30bc75b36485e96902431c88525eaf3bcd6ff,134,183,317,c6d7d62ba703c3bf617592f9ff76f80a7db5e40b1cfa3b76564f57d3ea0fde7a,True,True,full1800_min10_each_eval_ready,0,False,False
517001af,2,interest,target_interest,517001af__day1____2023.11.27T13.40.34p03.00,1800,True,180,94,20,66,114,35b20be663ef65b191dafcd591f0a03349845e181a637082045e11105972b2de,55,51,106,99a0772f552126e586d8baa1e2e7c3e19a8d097e96fc591853278d6e49f170c8,True,True,full1800_min10_each_eval_ready,0,False,False
6030f0fd,2,interest,target_interest,6030f0fd__day1____2023.12.05T15.32.40p03.00,1800,True,180,61,78,41,139,9bddee57a34beb6b59f2ed8633112ca930eda90542a8bae7008b36c84e740e9b,70,61,131,20b9621e1cdf1ef54d9d06a1662a3a5aa80ffe8a563778c41161ebd304c7fff1,True,True,full1800_min10_each_eval_ready,0,False,False
7072a0e0,2,interest,target_interest,7072a0e0__day1____2023.12.11T13.28.50p03.00,1800,True,180,25,30,125,55,4aafba00b7fe3d35540af9e062da306b5c2f308a8cd0aaaf1b22904429b981d3,98,282,380,6c36700502941333c28b0984e6b9c4ae4c51a1b67541d592a970704808f5b0b8,True,True,full1800_min10_each_eval_ready,0,False,False
71a251fa,2,interest,target_interest,71a251fa__day1____2023.11.28T17.13.45p03.00,1800,False,127,70,7,50,77,7022772c12b67d4862756bc545322e9f4167f70abedd7df99b87e3910d1397b7,60,104,164,4dd8b6d19252a82d4f167b0cff70e3399519b2bcdbd2e0b1c3bd919ac53cf06c,True,False,operational_fallback,0,False,False
71c09041,2,interest,target_interest,71c09041__day1____2023.12.06T13.27.03p03.00,1800,True,180,52,47,81,99,d9f410b65b3a6e922622c7fe2e5fdd2d05b6bc7dca02ce1493d1ddeadedf7ffc,60,223,283,46c335c9765254bfb72e3cc9757e87f2b51e6984eda6040fbbfaeca75ac7308f,True,True,full1800_min10_each_eval_ready,0,False,False
9192c107,2,interest,target_interest,9192c107__day1____2023.12.13T15.29.18p03.00,1800,False,2,1,0,1,1,c1e35dbce48c747418d199a21cd60c0b656ae421309293b34ce7fd06dfd5b8ce,0,0,0,4f53cda18c2baa0c0354bb5f9a3ecbe5ed12ab4d8e11ba873c2f11161202b945,False,False,operational_fallback,0,False,False
a02151ac,2,interest,target_interest,a02151ac__day1____2023.11.29T14.45.43p03.00,1800,True,180,20,63,97,83,5042bf60e378111e4e0e192d22c7251f7773ce6167313bd231fcfb3f94c4138a,117,153,270,2ccb53cdb3997eb0c8bdae62e7639c3240cdf95034e2a4097613fd3cc4af7d0a,True,True,full1800_min10_each_eval_ready,0,False,False
d0e2d025,2,interest,target_interest,d0e2d025__day1____2023.11.30T15.28.34p03.00,1800,True,180,93,21,66,114,12e72c2fe47b676820b3452f422a2a8f7221570eed9bc125dead8e3c33d03a28,247,280,527,fbd1b9f40907ae75c16f2b0a1299594315a7cee9bb2aeae025177405482423a4,True,True,full1800_min10_each_eval_ready,0,False,False
d18000a3,2,interest,target_interest,d18000a3__day1____2024.02.01T14.18.30p01.00,1800,True,180,54,38,88,92,e016f933539007bb7c34a4b9b3ee71567f48d837b47693e4eb97a56145c364ea,108,191,299,3bd11e43713d3c651f3fff72173819e662c67f066683967278a9c70122151d77,True,True,full1800_min10_each_eval_ready,0,False,False
f0f2a1e1,2,interest,target_interest,f0f2a1e1__day1____2023.12.05T17.42.49p03.00,1800,True,180,3,23,154,26,529e8e0b6f3c63f802b57696c91dc633a19642ffbdd8cf92620c1e3539cbb6b4,86,121,207,329fa6f19b24abe004cc4837d22d6af293f7a70a3a0aefbb1f885b3fd89cc2b7,True,False,operational_fallback,0,False,False
1081b177,2,relaxation,target_relaxation,1081b177__day1____2023.12.08T11.39.57p03.00,1800,True,180,109,18,53,127,8c4e889ca156d5945424addcee27ce862e0bd3c7a4a0ea9d0d2f5d6e0e7d94d5,174,97,271,3b1d0a3245dc7ac8a5fda059d2429c786e88ef1179b27e74e72757ae4f7f2683,True,True,full1800_min10_each_eval_ready,0,False,False
517001af,2,relaxation,target_relaxation,517001af__day1____2023.11.27T13.40.34p03.00,1800,True,180,134,15,31,149,17ead14aa73c2a20f380896d89f5e94e1a8a5a75fa85c309eaa4e01d72b6b4ab,135,63,198,f76411b80d4233da0f00c77612cb7a37c5586352841d388ed4bdd71c0312fb15,True,True,full1800_min10_each_eval_ready,0,False,False
6030f0fd,2,relaxation,target_relaxation,6030f0fd__day1____2023.12.05T15.32.40p03.00,1800,True,180,35,57,88,92,83527806395990a15f303285415f5495d3166f79d07bd8c7e70a1618adba03c6,64,73,137,a5b0c2a453c652362c42041bf40596d89c44ce48f971aba384c79be71140b739,True,True,full1800_min10_each_eval_ready,0,False,False
7072a0e0,2,relaxation,target_relaxation,7072a0e0__day1____2023.12.11T13.28.50p03.00,1800,True,180,13,17,150,30,e222bc05a7daaf55886457debde5a07c0e34a86eeedca59cad76519c0b91d86a,125,178,303,e55870739be886d125d92dd01d640f9b57b93bfd29db2483636f7f034eedd54b,True,True,full1800_min10_each_eval_ready,0,False,False
71a251fa,2,relaxation,target_relaxation,71a251fa__day1____2023.11.28T17.13.45p03.00,1800,False,127,88,7,32,95,2451575f59798cf8f564d9f5a73de146c9f91a5040e3f1147b33bc147a4db3ea,59,91,150,39ceedb484d08d7ea492c231d7e97c4b92d5d798771634b50c2312e3316efedb,True,False,operational_fallback,0,False,False
71c09041,2,relaxation,target_relaxation,71c09041__day1____2023.12.06T13.27.03p03.00,1800,True,180,33,40,107,73,ab96902f0e4eb26682e954970372494214f490abaf6a1783f7a221d41e1d0a92,159,177,336,ba1cfa56cf8aadc23e127a2a0dad65c99ce41364e5b40ffee4be3d8c9b56988a,True,True,full1800_min10_each_eval_ready,0,False,False
9192c107,2,relaxation,target_relaxation,9192c107__day1____2023.12.13T15.29.18p03.00,1800,False,2,2,0,0,2,ccf84d32d9eaae31857ff33b7e92792067afd20dcad063944edf29ce76f05491,0,0,0,4f53cda18c2baa0c0354bb5f9a3ecbe5ed12ab4d8e11ba873c2f11161202b945,False,False,operational_fallback,0,False,False
a02151ac,2,relaxation,target_relaxation,a02151ac__day1____2023.11.29T14.45.43p03.00,1800,True,180,49,39,92,88,1090070b60f6897f9924581804a34b8325d676efee45b181b45b7b4c3cff336c,210,179,389,e1b2cfebf157407c60f828531f5f9895961f3dbf75b100c3fe478e4eec41249b,True,True,full1800_min10_each_eval_ready,0,False,False
d0e2d025,2,relaxation,target_relaxation,d0e2d025__day1____2023.11.30T15.28.34p03.00,1800,True,180,39,40,101,79,fd4915b21909c48fb55797d4e1274571798724726f8d496cb647c918f3c08d01,183,290,473,1df607063182f22488640073a6d918ce5971fc976b891a7a5c5b70c6e5f9c1ec,True,True,full1800_min10_each_eval_ready,0,False,False
d18000a3,2,relaxation,target_relaxation,d18000a3__day1____2024.02.01T14.18.30p01.00,1800,True,180,37,46,97,83,59253eed508d208e8d9f8e258877d46f6739c2bbdae39fb5e65f6b1bdaad259b,181,214,395,7cbae68d1bc4a9384f92a2eb693c847944839bb84696281d593e1ee142ec96f0,True,True,full1800_min10_each_eval_ready,0,False,False
f0f2a1e1,2,relaxation,target_relaxation,f0f2a1e1__day1____2023.12.05T17.42.49p03.00,1800,True,180,89,19,72,108,9834baed87ed0e5a11669ea4585505fb6636e847b6d7aee7a65feb16cb9244aa,129,80,209,f5ed40201f305417313a1065f632fd71c041321821653a3689ceed663b356d44,True,True,full1800_min10_each_eval_ready,0,False,False
1081b177,2,stress,target_stress,1081b177__day1____2023.12.08T11.39.57p03.00,1800,True,180,77,40,63,117,3c90b30b04b4731e136796fc85f297e5b81804c7459b5ebbc3c138dd3accd72e,153,166,319,6293eef1d07861679cf1cb0c1772c2ce42c9fd23d4afd543db35323b34380205,True,True,full1800_min10_each_eval_ready,0,False,False
517001af,2,stress,target_stress,517001af__day1____2023.11.27T13.40.34p03.00,1800,True,180,13,21,146,34,3f2da3c018bf6ca7e0bbe389a6408e93e9fd28deb70b7d8f947794f78e3f0658,9,69,78,15d3c030b9a43345471d98209e1cf388ed498dff5eacfdc6d51f3d3f3dfa8a5b,True,True,full1800_min10_each_eval_ready,0,False,False
6030f0fd,2,stress,target_stress,6030f0fd__day1____2023.12.05T15.32.40p03.00,1800,True,180,70,77,33,147,68284f0255626ee382b5c4e03544c3505c7ebd3cf3ee3af43c54437542cec315,128,27,155,cc7e98106eb1542fa4ea2730598e51b3451255fb5efcf516b512b63c4d51e1e6,True,True,full1800_min10_each_eval_ready,0,False,False
7072a0e0,2,stress,target_stress,7072a0e0__day1____2023.12.11T13.28.50p03.00,1800,True,180,46,13,121,59,f019242fe3cf1cd88061245cb369452ce9e88de65531fc0a0b9351c15e7479ff,84,369,453,b143a484ddcc3b1ca1fbc95f1b747e4e5e29e80893d072b2849f2bfad786b43f,True,True,full1800_min10_each_eval_ready,0,False,False
71a251fa,2,stress,target_stress,71a251fa__day1____2023.11.28T17.13.45p03.00,1800,False,127,6,1,120,7,087ad56dcf119fcf82a19a8d175041c31ecdc6d8e951a5e45d7b0e554900cd9c,37,36,73,31e6c65667860947a668c5d6c6b1cf8c99e81707980b236eecf7d2502b7d5404,True,False,operational_fallback,0,False,False
71c09041,2,stress,target_stress,71c09041__day1____2023.12.06T13.27.03p03.00,1800,True,180,6,4,170,10,7c79b31e73fe59381054a12c47e7e1541bccdede6c4d87dd16cacc0f023d75e6,0,248,248,7d0553d6364beba2d9e219ae07a06a0a9fa37a2a4dfbcad1529335e65a75e009,False,False,operational_fallback,0,False,False
9192c107,2,stress,target_stress,9192c107__day1____2023.12.13T15.29.18p03.00,1800,False,2,2,0,0,2,ccf84d32d9eaae31857ff33b7e92792067afd20dcad063944edf29ce76f05491,0,0,0,4f53cda18c2baa0c0354bb5f9a3ecbe5ed12ab4d8e11ba873c2f11161202b945,False,False,operational_fallback,0,False,False
a02151ac,2,stress,target_stress,a02151ac__day1____2023.11.29T14.45.43p03.00,1800,True,180,50,93,37,143,bbe3c564f4ad5f3ffbbd6f72b76649914470569bcb4ea2352c12fceef97cedc4,233,89,322,67f6809f032fc9ebfb036a46a3c3987a25f9446ed34b84380441a7043bb0c12d,True,True,full1800_min10_each_eval_ready,0,False,False
d0e2d025,2,stress,target_stress,d0e2d025__day1____2023.11.30T15.28.34p03.00,1800,True,180,40,44,96,84,01314a4349e784b663eccc9770187bfc220301ad5d13100acea56db0c7ceed88,124,363,487,326a3968dab77e9fea38c2687b9799f941a0809e6cf364bb56c6a420501da50d,True,True,full1800_min10_each_eval_ready,0,False,False
d18000a3,2,stress,target_stress,d18000a3__day1____2024.02.01T14.18.30p01.00,1800,True,180,40,33,107,73,3040bd2d76be51e4ff0562e70ff41b03712b26ac72f6b840d616b6c60a7e4882,3,173,176,b0b60773ec2f3c4267523e0b9c23c2b33ee01b3549e6cdd6f63127242ff80cf7,True,True,full1800_min10_each_eval_ready,0,False,False
f0f2a1e1,2,stress,target_stress,f0f2a1e1__day1____2023.12.05T17.42.49p03.00,1800,True,180,125,22,33,147,39030d9e91465fbf6b76854c26207dbd861e327a2e4300d755ea85685ee6d168,143,105,248,acc74de136fb9297eb38a01d3d9989605d401a9940bcf7a8f9605e773f19cc78,True,True,full1800_min10_each_eval_ready,0,False,False
0012905a,3,attention,target_attention,0012905a__day1____2023.11.28T11.47.42p03.00,1800,True,180,61,4,115,65,520103984c2e576c1834e37743d4b067fc9a5e3479ea581dd1398cfad2277fa8,184,143,327,756c5c9f90afedff9199742311a319fe7be24d9fd008935c30eeb4b09dbaff93,True,False,operational_fallback,0,False,False
20201194,3,attention,target_attention,20201194__day1____2023.12.03T22.02.18p03.00,1800,True,180,7,89,84,96,de7cf3a56a9ebf56390a41820a176d60e85ae9b5709122ec09952715cf0a3c91,43,171,214,5857e5bd4f65425c5bd12d068684905fd34cdca9f518d4122dab9870ee8de6c8,True,False,operational_fallback,0,False,False
2162c09e,3,attention,target_attention,2162c09e__day1____2023.12.18T12.15.08p03.00,1800,True,180,109,23,47,132,14d784ba1b3b2229afdcd5717468b418d648d6931d2851b3d27f43215dfc61c9,174,165,339,56b6995bd55372a81a1ed4292d43e6f45dd430a0df12116b98c122f2d74c7fd6,True,True,full1800_min10_each_eval_ready,0,False,False
21a031f6,3,attention,target_attention,21a031f6__day1____2024.01.12T16.19.41p03.00,1800,True,180,39,82,59,121,c7dcc87d9d112ba13026c95db981d4f1d57e9c37de6e144e6657c568704b3e58,293,174,467,9c570f8cb8ca04b135c8e351148b4855c5d1642a2c99c8ded808a1c70ca15ba1,True,True,full1800_min10_each_eval_ready,0,False,False
41e2010c,3,attention,target_attention,41e2010c__day1____2023.11.29T17.22.52p03.00,1800,True,180,51,26,103,77,117d7dba8aee018cea320f82cd4fa5f0df574034649ad2d970c78b04858ca65b,35,79,114,4deebd60b75c3b485a5bc1a40b84999fa349398e292002670af4aedafadc8c3f,True,True,full1800_min10_each_eval_ready,0,False,False
5001d09a,3,attention,target_attention,5001d09a__day1____2023.11.27T15.49.07p03.00,1800,True,180,50,37,93,87,8d44f56df6542434988021e577ec031cf857931c27262115c76237d193c66b1d,32,33,65,0ae080eaf45181a34a43b226b9912fbaebdb1313552016c84e9057b0ada52513,True,True,full1800_min10_each_eval_ready,0,False,False
50c02189,3,attention,target_attention,50c02189__day1____2023.11.27T11.56.06p03.00,1800,True,180,25,56,88,81,4824ebfd810f31a772411e965da6856b561b1163de1d0392a4ea72f8982f34cf,118,387,505,c759cfda2c34de898dfda542bae22ca4a17b3a644113020fcbc9e7c4cab2833d,True,True,full1800_min10_each_eval_ready,0,False,False
71f21142,3,attention,target_attention,71f21142__day1____2024.01.23T17.38.50p03.00,1800,True,180,46,39,95,85,2a83a6263a40c4ed1e77a138ceeb9b25742aa1d47e3b9475777bfb0a131a011f,105,138,243,fea1489cdf339c287bb1cd782a1989662353ec2522b080eeedf983247f9def48,True,True,full1800_min10_each_eval_ready,0,False,False
b0700166,3,attention,target_attention,b0700166__day1____2023.12.09T11.52.48p03.00,1800,True,180,30,40,110,70,ec4bd3ee2b23b9828aad394b93d241de17bfdec9706bb594866eb91fcf4a3c9f,137,294,431,166ce5b5fa3d031ea4b87015049842e04f9fc93fb144debe9ae21972558af682,True,True,full1800_min10_each_eval_ready,0,False,False
d0724095,3,attention,target_attention,d0724095__day1____2023.12.01T09.27.20p03.00,1800,True,180,123,28,29,151,fe73f78528c51e314093efc2754e845aee5071e3a569d3898e3e70646f975396,80,136,216,d31a21c1342d1188ef0929f933f179be7d3ee663ee050f5e39df95cfb136180b,True,True,full1800_min10_each_eval_ready,0,False,False
d142d110,3,attention,target_attention,d142d110__day2____2023.12.14T15.13.11p03.00,1800,False,161,46,45,70,91,4c273947f0996c20491132901096cb4a8d0201c27649c25c2d49a45dd1cbed17,0,0,0,4f53cda18c2baa0c0354bb5f9a3ecbe5ed12ab4d8e11ba873c2f11161202b945,False,False,operational_fallback,0,False,False
0012905a,3,engagement,target_engagement,0012905a__day1____2023.11.28T11.47.42p03.00,1800,True,180,112,32,36,144,de501c868dd756a4f7824a659d3d2f74f53e7f4f1c50506c66e957ef54b6bd21,271,170,441,981fa535735ab847bd4a0f1bc87adc16aa6ba9a1eace7bc27a02acd1002f1bdf,True,True,full1800_min10_each_eval_ready,0,False,False
20201194,3,engagement,target_engagement,20201194__day1____2023.12.03T22.02.18p03.00,1800,True,180,23,66,91,89,2b9fe0daa13b734fca556227076b237f55810e7628cd97e7817ff804e124b64d,146,36,182,4506280bf6c53edd5ffc525410612ca3bee92631fcdf715d8df5e88e9da8b58c,True,True,full1800_min10_each_eval_ready,0,False,False
2162c09e,3,engagement,target_engagement,2162c09e__day1____2023.12.18T12.15.08p03.00,1800,True,180,9,111,60,120,93cb7840623feb54afdfc469e53e6954e508ff00d01b3912d203aa16260d1bf1,169,86,255,e29f1a104077dc43e909b1b75783c9d580322dffb2efffe2aaa895dfcd763b63,True,False,operational_fallback,0,False,False
21a031f6,3,engagement,target_engagement,21a031f6__day1____2024.01.12T16.19.41p03.00,1800,True,180,76,38,66,114,5596aa395ce2523bf4f8948d26aaa649a0ae51ffc9f45c623e315bb1294dab79,347,85,432,1198572c664f3cf24f0f81d49c4701b751811c7e518374564ae1b07e312cc9db,True,True,full1800_min10_each_eval_ready,0,False,False
41e2010c,3,engagement,target_engagement,41e2010c__day1____2023.11.29T17.22.52p03.00,1800,True,180,41,62,77,103,98c17a17b81d776d84e9da1c08e4da59749702c8059051231c0214460f211531,67,42,109,fc4021f24bfe218fdd6bb47ae128b95a8bb11cb1ae773d821a1e6ba0c8ed79d6,True,True,full1800_min10_each_eval_ready,0,False,False
5001d09a,3,engagement,target_engagement,5001d09a__day1____2023.11.27T15.49.07p03.00,1800,True,180,51,71,58,122,a0d6ca961b322ea365f1da1c3e6e94eb22802697c0e2b426a201a72493d20ae5,37,58,95,af1d362456d8568d0b1b96468f8e47442d1c6ffc805969746fcb80281aac24f9,True,True,full1800_min10_each_eval_ready,0,False,False
50c02189,3,engagement,target_engagement,50c02189__day1____2023.11.27T11.56.06p03.00,1800,True,180,79,65,36,144,63aee863c1430497f60c65cc4745b9ddb4d65e8d9acaf71a95942583a408f7a4,437,163,600,050f6846c865ff928105a7e1a31d5b8caf66f6ed1264afc8da5a4f28ff55a3cd,True,True,full1800_min10_each_eval_ready,0,False,False
71f21142,3,engagement,target_engagement,71f21142__day1____2024.01.23T17.38.50p03.00,1800,True,180,115,6,59,121,9415865ff8efc56f27826b4b46e9b757273f40aff12f08370f124c3a1db9781e,116,71,187,07ad8f6f517f48a907dba4d0390b7d7af4ac88b3a5fe0d5784f97e52e4e5584c,True,False,operational_fallback,0,False,False
b0700166,3,engagement,target_engagement,b0700166__day1____2023.12.09T11.52.48p03.00,1800,True,180,48,59,73,107,64a44da1657ced409cb550d4e4ea9e077031a9c58d140eee33685114ccee6300,242,130,372,6d78e9181e430db2dd866248a288d81ca5815ecbfedd3a46ea2eb028c830c111,True,True,full1800_min10_each_eval_ready,0,False,False
d0724095,3,engagement,target_engagement,d0724095__day1____2023.12.01T09.27.20p03.00,1800,True,180,51,52,77,103,38839ba915caab7cda68f5769e3763abb09de1831d661ff397293f8256f7b978,87,140,227,687283284363650bd8bc3fbda69112abe6461493f8e510cb67de5bed42e377d1,True,True,full1800_min10_each_eval_ready,0,False,False
d142d110,3,engagement,target_engagement,d142d110__day2____2023.12.14T15.13.11p03.00,1800,False,161,11,92,58,103,51068582dcc4cc3f74b20ee625a81627b3a3efb5c4825334abd2346bd1e85f47,0,0,0,4f53cda18c2baa0c0354bb5f9a3ecbe5ed12ab4d8e11ba873c2f11161202b945,False,False,operational_fallback,0,False,False
0012905a,3,excitement,target_excitement,0012905a__day1____2023.11.28T11.47.42p03.00,1800,True,180,121,16,43,137,e65ae0ea7b7d021a7bd62e80cbc559022fe2440e1a677b215f95626825715fcd,122,252,374,731df22ebbf080fbe184e012807fb5817afa27a9477c57dd405f26c07bf2a3bb,True,True,full1800_min10_each_eval_ready,0,False,False
20201194,3,excitement,target_excitement,20201194__day1____2023.12.03T22.02.18p03.00,1800,True,180,27,115,38,142,f494fa48048400711e97d3c3cc95f1961b733d7a89be0fbc6f160621d0f8f975,145,87,232,3287199a8d03c926fe440b9ea613ca2770105cc8aa20d2b950ca2f5991cd8b11,True,True,full1800_min10_each_eval_ready,0,False,False
2162c09e,3,excitement,target_excitement,2162c09e__day1____2023.12.18T12.15.08p03.00,1800,True,180,32,66,82,98,f882b81ff1ac179c146b0843abf1ff575d51ef4f4a1bf50b4c28c607a39e1a3a,52,217,269,08810eb8678a954e9879d3daa73c5547781dd657ba088d0079c1023f27a95608,True,True,full1800_min10_each_eval_ready,0,False,False
21a031f6,3,excitement,target_excitement,21a031f6__day1____2024.01.12T16.19.41p03.00,1800,True,180,39,57,84,96,c7076f79107649f0013182e0683bacc86a1165a8cd3e27ee6b8381ef8a3e01da,183,153,336,b5eb3768aff2b244c185f4b7f4f7790249d813ffacee0774b1e0742ecbc049c8,True,True,full1800_min10_each_eval_ready,0,False,False
41e2010c,3,excitement,target_excitement,41e2010c__day1____2023.11.29T17.22.52p03.00,1800,True,180,35,67,78,102,11f0705765860e846a28528cfc924b037e9b8a4f0da5ae214411d0213144076d,37,55,92,8fa2fbda0fa25e72d849aa99a0123962a1ec669cdb74185904bc440134749548,True,True,full1800_min10_each_eval_ready,0,False,False
5001d09a,3,excitement,target_excitement,5001d09a__day1____2023.11.27T15.49.07p03.00,1800,True,180,38,87,55,125,6f8cc3e941cb5db1f7d7f25c36109254aeacc79ab3f1b0db51b5cd4ac577aaf2,13,79,92,e762bbc4d6b27a67d0ab76ffbd4d1a49a2816614c63f2238d78301f9e92ada56,True,True,full1800_min10_each_eval_ready,0,False,False
50c02189,3,excitement,target_excitement,50c02189__day1____2023.11.27T11.56.06p03.00,1800,True,180,5,81,94,86,b97ec2bf4f3cdeca0cea09e618241749e93ad6e00d9bf05afaebf20abb993952,203,190,393,6f477020eb8a7927b048fc213b850fefb60ff9dc04996f246f2d1bb99b272459,True,False,operational_fallback,0,False,False
71f21142,3,excitement,target_excitement,71f21142__day1____2024.01.23T17.38.50p03.00,1800,True,180,116,22,42,138,9f3866b542d667baac9191ddb7873120b172a56561a129a30477b32baf220b88,165,97,262,7a9df755593ef4ba68e9613233034cec2e6b2f603aee0ad5c8b99017b15ed4dd,True,True,full1800_min10_each_eval_ready,0,False,False
b0700166,3,excitement,target_excitement,b0700166__day1____2023.12.09T11.52.48p03.00,1800,True,180,79,15,86,94,380d953757d512df73c9460b971596c5d2ddfc46e4a5c7ef066d6dc2be413800,103,233,336,0b00dd2260b1d651c5eaee9696bd9c208dba5dd2b740eb1deb8778704607392d,True,True,full1800_min10_each_eval_ready,0,False,False
d0724095,3,excitement,target_excitement,d0724095__day1____2023.12.01T09.27.20p03.00,1800,True,180,98,27,55,125,acdf6f065aea17d081100e081d980add578bb2f8925616a7aeb9d4b935deea41,126,125,251,96ed4f76903e880ae75cfb950041dd34eb1a23de004c42c4c6d3892460540ec3,True,True,full1800_min10_each_eval_ready,0,False,False
d142d110,3,excitement,target_excitement,d142d110__day2____2023.12.14T15.13.11p03.00,1800,False,161,34,56,71,90,f8f22f691727c2fb0200350aae0d5237e819a67ed104abb3e15139fe876d0234,0,0,0,4f53cda18c2baa0c0354bb5f9a3ecbe5ed12ab4d8e11ba873c2f11161202b945,False,False,operational_fallback,0,False,False
0012905a,3,focus,target_focus,0012905a__day1____2023.11.28T11.47.42p03.00,1800,True,180,153,4,23,157,a9842b7810fc5d15646caf396f72477b0853cb796f155b9404116b21b4971717,130,211,341,9547408fcd139eaec45a82de730c032e3a1a512c209e656365b8fc386d0fdee1,True,False,operational_fallback,0,False,False
20201194,3,focus,target_focus,20201194__day1____2023.12.03T22.02.18p03.00,1800,True,180,8,127,45,135,0ac0f53a835ae706f0ddfbeb312754fdddc4f53827abe6671f6db8d6ee01c76f,140,91,231,b1050272c185b403bcf5007505d86a1b3e2f1e3d213fc23d80e41c8dec06d1be,True,False,operational_fallback,0,False,False
2162c09e,3,focus,target_focus,2162c09e__day1____2023.12.18T12.15.08p03.00,1800,True,180,17,69,94,86,0549b96dafe5e52b8fb692eadc10d2f7421476f6287c46da3ddf65274d7fcfba,31,264,295,2e7ebe4d6c913e29721277e84aeb06135979ac5667ae5459d2df89c42e08c81a,True,True,full1800_min10_each_eval_ready,0,False,False
21a031f6,3,focus,target_focus,21a031f6__day1____2024.01.12T16.19.41p03.00,1800,True,180,45,45,90,90,fedc3d3814987f0124f9f01c4f09589b91a74371cf5fa0653b9fbe72afffc81e,134,158,292,9086497b446e47f817c97f0e6ef01e0d116572d5fe1dbef4e726b50478572716,True,True,full1800_min10_each_eval_ready,0,False,False
41e2010c,3,focus,target_focus,41e2010c__day1____2023.11.29T17.22.52p03.00,1800,True,180,31,80,69,111,2395a49f3c8ebe737d05e4defb3415db37ff38623e44edde4f33d93a676d8f08,17,80,97,5f871daa7304d5d145fa7ff4c6bae42cf98d79e3a49accc82e3120b4c68f852b,True,True,full1800_min10_each_eval_ready,0,False,False
5001d09a,3,focus,target_focus,5001d09a__day1____2023.11.27T15.49.07p03.00,1800,True,180,14,105,61,119,8bdcd7ff2d27fcc070a851c2546482bace55a3143475087f5f6866448a722843,22,78,100,0f2e0ed15fac8ff24a2e869e8a2de839aeaf24ce15c22b8e3c1f05d46d70fc59,True,True,full1800_min10_each_eval_ready,0,False,False
50c02189,3,focus,target_focus,50c02189__day1____2023.11.27T11.56.06p03.00,1800,True,180,63,43,74,106,e0a71d651e5e332b7524ed3711aca9bf714137572755b1b5e0b9066de0f21614,242,309,551,1b428bfcbdefb923b659e6e8cf8e94ce012e255f4fb07d11bc5942e499150a15,True,True,full1800_min10_each_eval_ready,0,False,False
71f21142,3,focus,target_focus,71f21142__day1____2024.01.23T17.38.50p03.00,1800,True,180,129,9,42,138,b8571f26a97232402476d57a4be37361879f7adec4d64a2a3ceb0ca24b27baa8,93,123,216,9ed04541354f10d54b6c50fd2fbc3916a0bad783d21f273e06fcae28e071f872,True,False,operational_fallback,0,False,False
b0700166,3,focus,target_focus,b0700166__day1____2023.12.09T11.52.48p03.00,1800,True,180,132,5,43,137,5f36044f5f1a9eac069865677740e99bc544d05748e68925ec8e25ed5a180e23,154,185,339,480d1186a68ab135e87ff81801266b4800255264baa115b58bfe667676619066,True,False,operational_fallback,0,False,False
d0724095,3,focus,target_focus,d0724095__day1____2023.12.01T09.27.20p03.00,1800,True,180,112,23,45,135,c10ec70e8608783b8d6ffa4ef97ee73f09d55f1aa914dfcc19d3ecaea9845b19,176,77,253,06d6745d735164f9da4b9c98af963d6d4cf2a98aca50b2ef7eb2d491d8c247d3,True,True,full1800_min10_each_eval_ready,0,False,False
d142d110,3,focus,target_focus,d142d110__day2____2023.12.14T15.13.11p03.00,1800,False,161,78,28,55,106,f17dbb58d4a06707d84411cab82218489f59818bd2a94e18c1926814fb31e26b,0,0,0,4f53cda18c2baa0c0354bb5f9a3ecbe5ed12ab4d8e11ba873c2f11161202b945,False,False,operational_fallback,0,False,False
0012905a,3,interest,target_interest,0012905a__day1____2023.11.28T11.47.42p03.00,1800,True,180,70,65,45,135,3851b437362b3cd098d26d3c2bdfd1d40dfc5eae2912ceb10b6e5076854d11fb,227,204,431,470bdaa130941cedb57e10b2c47a2dab9467b1d8ece19f67d3bf4990d41616b3,True,True,full1800_min10_each_eval_ready,0,False,False
20201194,3,interest,target_interest,20201194__day1____2023.12.03T22.02.18p03.00,1800,True,180,146,11,23,157,baf09844d78872da74a3cf1ff2c8eb5a1ae27f0e7631784d0fd285bdf76add82,117,66,183,7cd83d862e1d1ea90cbcdd3809fddc20e0425829348d2f74d3a150ff0af7e434,True,True,full1800_min10_each_eval_ready,0,False,False
2162c09e,3,interest,target_interest,2162c09e__day1____2023.12.18T12.15.08p03.00,1800,True,180,101,59,20,160,0c2e4dab834561aa633bcc550fbc440ca0d31a6cf60686f1ba2741dae584384f,232,121,353,a3746bc25d9b7f7e9989e919b59208b7e5968962d47756535d6143d444da264b,True,True,full1800_min10_each_eval_ready,0,False,False
21a031f6,3,interest,target_interest,21a031f6__day1____2024.01.12T16.19.41p03.00,1800,True,180,26,24,130,50,123eea52cfe98a7990290d566aedbf04fcea540b5e4a718fa8c01f1f2aaf0adb,140,143,283,050b2959f55e2374f84b541f829036fd0011ce16e69e3bd98e491e290417f21e,True,True,full1800_min10_each_eval_ready,0,False,False
41e2010c,3,interest,target_interest,41e2010c__day1____2023.11.29T17.22.52p03.00,1800,True,180,88,54,38,142,290081fe6d7c847027734a3d4713d1108698384732a68631e0dd475001460b42,76,65,141,f9ea67b641ddf272496982a0ec76f7fb7cdf3d4e79a67b662efda1842c46de9c,True,True,full1800_min10_each_eval_ready,0,False,False
5001d09a,3,interest,target_interest,5001d09a__day1____2023.11.27T15.49.07p03.00,1800,True,180,83,66,31,149,35ac5bf217ba081bac4bc1d1adba37ec4a9b0f51063e1d11a09b3e4c19c5b352,54,50,104,69d3e55c29ba17144804ece5596ebaa62fe96926b733734de4782958a98ca40c,True,True,full1800_min10_each_eval_ready,0,False,False
50c02189,3,interest,target_interest,50c02189__day1____2023.11.27T11.56.06p03.00,1800,True,180,76,80,24,156,ff8d59ac2a9501ac15ef80076200d93bea3aba337f5e2a36329717280ef4b1e9,365,274,639,00e7285421ba14396c81805e90752d97cacfef98c4cbcf7eec41bcec4e0e0113,True,True,full1800_min10_each_eval_ready,0,False,False
71f21142,3,interest,target_interest,71f21142__day1____2024.01.23T17.38.50p03.00,1800,True,180,21,13,146,34,c6a0340e2ed4455a3b0d30b57ea081a5d741fb2a04b77e5c95504ad569adcfbd,17,119,136,cf443d911e229a2b1af0805c6eaf7996f470b726eb20939238d5d3b172b0c7ba,True,True,full1800_min10_each_eval_ready,0,False,False
b0700166,3,interest,target_interest,b0700166__day1____2023.12.09T11.52.48p03.00,1800,True,180,27,81,72,108,c5348d419ef36db5f412c46fcaab24e774605ca5576eea0339ac1c240cfbef62,86,354,440,556ae49448868c6456bfcd5f440d74f9bd9d429971bf1df8cd8b7c659f38e016,True,True,full1800_min10_each_eval_ready,0,False,False
d0724095,3,interest,target_interest,d0724095__day1____2023.12.01T09.27.20p03.00,1800,True,180,109,45,26,154,3e81bd1ffa6d81448a9a5d7a140a6ccefab985e15fbf0be6b4e7c7cdb14e9b9d,133,148,281,583eb794354529352aa2849f30df9be4aec3948bd15080f18f9693bb00b0ee6a,True,True,full1800_min10_each_eval_ready,0,False,False
d142d110,3,interest,target_interest,d142d110__day2____2023.12.14T15.13.11p03.00,1800,False,161,47,94,20,141,7af7e68e932a7b308cad3f22324ff5abd7bf024361a38d4c4d67c68021cf95c8,0,0,0,4f53cda18c2baa0c0354bb5f9a3ecbe5ed12ab4d8e11ba873c2f11161202b945,False,False,operational_fallback,0,False,False
0012905a,3,relaxation,target_relaxation,0012905a__day1____2023.11.28T11.47.42p03.00,1800,True,180,21,54,105,75,ae7119ed288d0b8895a98b7f7c114b5ecf9586c1dde5469f901e798477d31d1e,104,203,307,e57f352fa35bafbda6870ebf14e1b9acb3f775b1baa817fbe24a7625d95ded67,True,True,full1800_min10_each_eval_ready,0,False,False
20201194,3,relaxation,target_relaxation,20201194__day1____2023.12.03T22.02.18p03.00,1800,True,180,107,26,47,133,d6a5b62a7bc795a5f6cf0163dbc93e65d29f6415c47fc09532a875ec104d7c75,116,77,193,02c1bd2b8c8b445baf70e7f69c94a9827aaf3b3825501e519e471ada1a9d641c,True,True,full1800_min10_each_eval_ready,0,False,False
2162c09e,3,relaxation,target_relaxation,2162c09e__day1____2023.12.18T12.15.08p03.00,1800,True,180,85,38,57,123,3fd685e17bde03b963dc65353f4cb0ceae74bf0ba4ed4ff87dcf463c6d686e0e,188,143,331,4f5582fb4e537a58357567a5bdb9205d5b30cb890ab52652556fc2f1032cb3a7,True,True,full1800_min10_each_eval_ready,0,False,False
21a031f6,3,relaxation,target_relaxation,21a031f6__day1____2024.01.12T16.19.41p03.00,1800,True,180,33,63,84,96,b764608c429e4f5f480406cb4d47fdf5b31aa22ec1e0c0ea7979d8102cae0f81,257,147,404,6174892bbca5c8d59b85f673803dbe1622b23cf883ae8da9ae614d96285b1239,True,True,full1800_min10_each_eval_ready,0,False,False
41e2010c,3,relaxation,target_relaxation,41e2010c__day1____2023.11.29T17.22.52p03.00,1800,True,180,23,41,116,64,b7c4d64bf5cbf1bbb1a97d392986f1675e814f7a659e74c67475da1ddc83b8b3,54,45,99,fa90f03bec54ece536d8b20eeb1e6864b2aa4cb69231f93bc86789bf5199509c,True,True,full1800_min10_each_eval_ready,0,False,False
5001d09a,3,relaxation,target_relaxation,5001d09a__day1____2023.11.27T15.49.07p03.00,1800,True,180,73,30,77,103,507af79f15ac2478a7bc968bedd3953106cd654eb7b5fdc0d69cb542ead459b9,21,35,56,82cd9462be2ef84973b089ac0f488a4aca61784d0f77d98f91092aceab0a7944,True,True,full1800_min10_each_eval_ready,0,False,False
50c02189,3,relaxation,target_relaxation,50c02189__day1____2023.11.27T11.56.06p03.00,1800,True,180,33,64,83,97,e96acaf2cced65fbd88c7d9f459e9fe3122b92e6d00fa34830f67d7fa34c2401,220,372,592,54cc6dac5b10a2c5f5842398434575c5f91ece0f539cc04d290eab65f42e4465,True,True,full1800_min10_each_eval_ready,0,False,False
71f21142,3,relaxation,target_relaxation,71f21142__day1____2024.01.23T17.38.50p03.00,1800,True,180,32,69,79,101,cd017af71f90a1a911bb59a748f437dd3d49bc4dbb0cc1dd2493cd7bb19cd2da,146,111,257,e84cbe38009098df945a2010229dc466e3ec0b40646d449ab40bca5a378b3859,True,True,full1800_min10_each_eval_ready,0,False,False
b0700166,3,relaxation,target_relaxation,b0700166__day1____2023.12.09T11.52.48p03.00,1800,True,180,12,50,118,62,ac69ee81ffaec0d4b44c21f12700df5f2dc788e9f898258e8986ab41c9e18cf9,127,278,405,9ea4d15f9e6c5c4d6d6940feef3eb8c780c6a5f7164d902fb3009fab6b41b586,True,True,full1800_min10_each_eval_ready,0,False,False
d0724095,3,relaxation,target_relaxation,d0724095__day1____2023.12.01T09.27.20p03.00,1800,True,180,36,36,108,72,141cbf99d521a27e505890569fec75971ff7c8a4b927672eed00290fc1a9f8f4,63,173,236,786b4b3e6e12a9fb21e8c360c67b167329dddb08ffa775d47a890b072a380b7c,True,True,full1800_min10_each_eval_ready,0,False,False
d142d110,3,relaxation,target_relaxation,d142d110__day2____2023.12.14T15.13.11p03.00,1800,False,161,30,51,80,81,00428f51c589bf82e7187a5af6792cf6639dd919617836ed5d0a37baf88410e7,0,0,0,4f53cda18c2baa0c0354bb5f9a3ecbe5ed12ab4d8e11ba873c2f11161202b945,False,False,operational_fallback,0,False,False
0012905a,3,stress,target_stress,0012905a__day1____2023.11.28T11.47.42p03.00,1800,True,180,123,21,36,144,7a7a75110d601c34e1b47bf7758af608aa136cb541cb5fcedd1ff461f7108ac3,183,252,435,38ad2ba9b860a3bec66587ca6c8a8705c6500c8c96d0b6dbd288aa0823839a77,True,True,full1800_min10_each_eval_ready,0,False,False
20201194,3,stress,target_stress,20201194__day1____2023.12.03T22.02.18p03.00,1800,True,180,108,53,19,161,c4687e24c547073bbddd114aff8f8dc2f8751241ef2cbbddbd0991649287ed3f,137,86,223,eaa39568c4292804ac17333a3313a2e6071b8e74f9ea9d6557f992392ddeb27a,True,True,full1800_min10_each_eval_ready,0,False,False
2162c09e,3,stress,target_stress,2162c09e__day1____2023.12.18T12.15.08p03.00,1800,True,180,105,50,25,155,9ce7b83c96cf2bc02d47aae3ff3f54f84b565b108142aef22e93b3e3d14eedd0,228,123,351,b13a6e8216077cfff973249b6b40d6a7d9821abf8cb0843e38d1999fdec8502a,True,True,full1800_min10_each_eval_ready,0,False,False
21a031f6,3,stress,target_stress,21a031f6__day1____2024.01.12T16.19.41p03.00,1800,True,180,69,74,37,143,74a31498bfc4f6227c8995dba8ba08b93a4ada6e0f7d0e1710e2faaefe35cb62,363,119,482,56814786cf9381a8b0d89103c578b35ff0d03bc88d45b86cc7ccebdc35f987bc,True,True,full1800_min10_each_eval_ready,0,False,False
41e2010c,3,stress,target_stress,41e2010c__day1____2023.11.29T17.22.52p03.00,1800,True,180,45,105,30,150,061debf965382c2716ba005b6b4c510cc01a77fb9a95d5fc3f299cced1e4a574,46,102,148,ec6c9d5a2b1c730db4dae03fdc9ca4b0177f79d47aae83e0d4f8e7eaa8598c28,True,True,full1800_min10_each_eval_ready,0,False,False
5001d09a,3,stress,target_stress,5001d09a__day1____2023.11.27T15.49.07p03.00,1800,True,180,73,32,75,105,ab19a7e84ab90b4e73d557f451ae3bfea03a8bb87adcd3f0625c70e9daa1c7e6,79,50,129,98f4bf5c6248bd80dcb8c3e6fb61910f3017492d2d44a2e9351db972efb42a12,True,True,full1800_min10_each_eval_ready,0,False,False
50c02189,3,stress,target_stress,50c02189__day1____2023.11.27T11.56.06p03.00,1800,True,180,156,19,5,175,3eb3951cf8ef03b800154fea7fa8de930d8b405eb746e3e2859821e15067fbe7,238,431,669,f60083067fd7d7752ef001ba0e7b1969a242bcfe78dac317e2510aa3b90a6522,True,True,full1800_min10_each_eval_ready,0,False,False
71f21142,3,stress,target_stress,71f21142__day1____2024.01.23T17.38.50p03.00,1800,True,180,41,5,134,46,5a8802849124232c9053dced12212701fa57f87a0874026b03f9777e6d95b6f6,0,123,123,802a1d8b108b0c3087b10c2b393ab4b97cb59f949fd027b5a8e3d2d67450c79f,False,False,operational_fallback,0,False,False
b0700166,3,stress,target_stress,b0700166__day1____2023.12.09T11.52.48p03.00,1800,True,180,93,29,58,122,a80585c50d5a1c2984a3c615574f15533494b6e6313b8a473328f8d860a1c10f,84,298,382,ef975bcb69998f7b1fefc381428f3112c8bda50cdea3e047f7e3d6b7c39d5e85,True,True,full1800_min10_each_eval_ready,0,False,False
d0724095,3,stress,target_stress,d0724095__day1____2023.12.01T09.27.20p03.00,1800,True,180,108,47,25,155,e95218a4c3d4e8ac97992da9c1a0bf7d37a38b45d6cb9695aa9f45a09aecf33e,251,55,306,83c9ed49eeec9c5aba8050ec4980a007f7bcc04892b378fc886f46cc768a4ab8,True,True,full1800_min10_each_eval_ready,0,False,False
d142d110,3,stress,target_stress,d142d110__day2____2023.12.14T15.13.11p03.00,1800,False,161,118,29,14,147,09e8d0fc47e67049cf678b5edd2f2531fbbcfaa0bd36e97e35b1ff8252218787,0,0,0,4f53cda18c2baa0c0354bb5f9a3ecbe5ed12ab4d8e11ba873c2f11161202b945,False,False,operational_fallback,0,False,False
01c2a0d8,4,attention,target_attention,01c2a0d8__day1____2024.01.12T19.11.49p03.00,1800,True,180,89,59,32,148,eb3d06eff99c20b68643552548fda2d724bec09899bc82a6497db7dd3dfd22ef,129,105,234,aa0d35b5066706ad664a3f547732f314d9c63fbc8cd3ca6d185f40b2d1b00c0d,True,True,full1800_min10_each_eval_ready,0,False,False
30908049,4,attention,target_attention,30908049__day1____2023.12.04T11.14.04p03.00,1800,True,180,17,23,140,40,f73caa5299a136376c65c49ae1bb9b5fd27eb3cb444c8a688fa6d7622cc73751,182,95,277,a98f3daa6cfe4a1080c3d8e31249fc53c73e2c84c5dab3e58e906a150b305f0d,True,True,full1800_min10_each_eval_ready,0,False,False
40009139,4,attention,target_attention,40009139__day1____2023.12.04T13.23.34p03.00,1800,True,180,106,27,47,133,00f3bfcb5171eddd4bcbd2dc0a31567adf70b2dda0c837f7c275d9e4799ff45a,42,89,131,9c374c282bbdf5979ec2317011acdc3a5779617957414e5e13ff0ef90451a6aa,True,True,full1800_min10_each_eval_ready,0,False,False
7092f07b,4,attention,target_attention,7092f07b__day1____2024.01.15T09.47.46p03.00,1800,True,180,125,22,33,147,635c71361c7fc9e61ed2215e261ab2e9b359d4e56775bea693ac2b54b7ff43a9,34,196,230,017ddacdff799be68f3254e0aa3565a1cfad6c14c7850cfec281e82f0aa2f9eb,True,True,full1800_min10_each_eval_ready,0,False,False
8030618f,4,attention,target_attention,8030618f__day1____2023.12.11T11.51.47p03.00,1800,True,180,25,81,74,106,a6a3cc0aeeaabab264743e6fb52c3a89c68df3438a8ef6d12a77295383d786d5,130,76,206,a0fc97f917cb0d9a9d56b34554d3c265f479e0cb5d73e10e98be1a9d1bdc57ea,True,True,full1800_min10_each_eval_ready,0,False,False
a1b210fc,4,attention,target_attention,a1b210fc__day1____2023.12.15T13.50.40p03.00,1800,True,180,62,77,41,139,7f1ddad7919035ba31ec359948350215795d6b6a98fba5da10f9b38c055f8fdd,68,216,284,35503ba14b58aebf968bb70defbd829a8235bdc13ab5d51552797abb9d0bea9f,True,True,full1800_min10_each_eval_ready,0,False,False
b112005d,4,attention,target_attention,b112005d__day1____2024.02.02T12.13.43p01.00,1800,True,180,128,23,28,151,9b0903aa67d101421d3473a138deb06b7f733094bb6541e4196ae3def49a989e,228,188,416,b5fd3c35d5df54505044fbd8f60860fe1b6fd89a49f6aab7bd2a42bc33e26938,True,True,full1800_min10_each_eval_ready,0,False,False
b1c2f044,4,attention,target_attention,b1c2f044__day1____2023.12.27T17.13.43p03.00,1800,True,180,104,9,67,113,2f23c4ddb4419227c0a772ef075c236edb8f190429bb6b924eeeab5960a5d93b,86,170,256,a531c6b2007dca49f5a36f67389a6bf43e494c738da7a150d17aa42a9b2139f4,True,False,operational_fallback,0,False,False
d151b0c4,4,attention,target_attention,d151b0c4__day1____2023.12.13T17.54.40p03.00,1800,True,180,48,22,110,70,bd88a8e476f322ede73d11f558a85d7a999fc2f55ef452a5332f749141d8807c,190,183,373,b4607bad16d4987bcd82328bea9113fc9c59cda74709dfcc9fa1b31586b7fa0b,True,True,full1800_min10_each_eval_ready,0,False,False
f1a0c120,4,attention,target_attention,f1a0c120__day1____2023.12.07T15.27.33p03.00,1800,True,180,137,12,31,149,1232d7f4cf51fd1f5edd395798f1b6146c2fcae5f481ba2dfb27a84ebb65a0d6,123,63,186,f8375dd054790fb62ac5d8b681f159e3598a55f5735c0a3897a53301c3bc373b,True,True,full1800_min10_each_eval_ready,0,False,False
01c2a0d8,4,engagement,target_engagement,01c2a0d8__day1____2024.01.12T19.11.49p03.00,1800,True,180,41,49,90,90,679e0de806cf6b02e9df32f33772c4f359fa5ecea5355f2ce7995e424cb5d23a,218,44,262,4af947be5370fcfb0b0ee503d128919382d3d108a0a9c2e8cf786f18bcf55886,True,True,full1800_min10_each_eval_ready,0,False,False
30908049,4,engagement,target_engagement,30908049__day1____2023.12.04T11.14.04p03.00,1800,True,180,59,50,71,109,e4b4e56961eef4068ba1a4ec7b373ef3a6c107eaa9941a0e2caef6b9e18ede72,167,183,350,3e392d28dfa253fd64d771e858c3ac39a499bd3914353036b4116bd2a0d30b10,True,True,full1800_min10_each_eval_ready,0,False,False
40009139,4,engagement,target_engagement,40009139__day1____2023.12.04T13.23.34p03.00,1800,True,180,26,57,97,83,05b6df5931340c68f7dc126072455fe6238875fb8d544171aa7a2748bf074efe,64,104,168,1927cef6a89f14267c555a8dfd74d66d883500c754f9bd16d457c48fcd8514ac,True,True,full1800_min10_each_eval_ready,0,False,False
7092f07b,4,engagement,target_engagement,7092f07b__day1____2024.01.15T09.47.46p03.00,1800,True,180,41,61,78,102,bc4ba75736ad65f5bc7d2cf523e2b1457fd7085cd6d828dbe32873b9d985fb7f,153,46,199,f5870359c2361845fb6452e4390fe85aa53e82bc81d65a523b27eb8add6d5fdb,True,True,full1800_min10_each_eval_ready,0,False,False
8030618f,4,engagement,target_engagement,8030618f__day1____2023.12.11T11.51.47p03.00,1800,True,180,21,37,122,58,4931fd0cf9c5cf853e8f80ca251792337e1be9a5cbf90c024062cf090d803de9,165,17,182,7f942bb4421a8a1df4b0df11ee43bc50e11c204c21af00ba2e149accce5c20d9,True,True,full1800_min10_each_eval_ready,0,False,False
a1b210fc,4,engagement,target_engagement,a1b210fc__day1____2023.12.15T13.50.40p03.00,1800,True,180,19,106,55,125,cd59f391ce84c8dac32825f08a5cc8f7b92900c86675ef7d246db66918c7b8df,155,124,279,812fd4be251238ffd4c7f92d17c6f773aa9995b00c1657b078823d0cb84b8c3f,True,True,full1800_min10_each_eval_ready,0,False,False
b112005d,4,engagement,target_engagement,b112005d__day1____2024.02.02T12.13.43p01.00,1800,True,180,25,46,109,71,071474708397f5a044428af87689c36790b5a7e91e47b111190a580fba2d4edc,199,103,302,2110ede6d407c6b646d7a357ab7ad861d5f43c601222fe3ae7660c7894b4e6c5,True,True,full1800_min10_each_eval_ready,0,False,False
b1c2f044,4,engagement,target_engagement,b1c2f044__day1____2023.12.27T17.13.43p03.00,1800,True,180,96,42,42,138,94018a802674d39ff0f5434107d4aac777e26bff111352d1deb00f6b7035fbc3,228,69,297,0346616ff7480d6a16abbdb107b2eeea8c02b778841e12db21ac727452f1437e,True,True,full1800_min10_each_eval_ready,0,False,False
d151b0c4,4,engagement,target_engagement,d151b0c4__day1____2023.12.13T17.54.40p03.00,1800,True,180,47,47,86,94,b5d2b6c843a840c3bcd46ca9799f70632aa8722df72fad14b09d762175b54192,244,102,346,4af35eed8938fe4be8389c05c8a93ec4de4704ecf1d51eded50d61df66bf20b8,True,True,full1800_min10_each_eval_ready,0,False,False
f1a0c120,4,engagement,target_engagement,f1a0c120__day1____2023.12.07T15.27.33p03.00,1800,True,180,6,114,60,120,044565403f4a09bf067305267f8b918f7eb63f2c5e57b8932f06bfcbc5a1e396,51,251,302,1e44ece8c5ecd1db966d4efa3fff9e74efcb04575870c27ee606f2ee3fe3cf57,True,False,operational_fallback,0,False,False
01c2a0d8,4,excitement,target_excitement,01c2a0d8__day1____2024.01.12T19.11.49p03.00,1800,True,180,91,50,39,141,ad1838181c78a9500c889460be1936e2d1e2aa26fd69bde66eb3556e7a5ed1ca,106,137,243,6cd7a72869784ddf8c9cb708a5c18dfdefd93e6e600bd2b4d77b35e8be6efbb9,True,True,full1800_min10_each_eval_ready,0,False,False
30908049,4,excitement,target_excitement,30908049__day1____2023.12.04T11.14.04p03.00,1800,True,180,34,109,37,143,1708592dbd48d5b483ffe6e6e4804ab3be45af60a2d3f3d658b4d991a9a228ad,63,341,404,7e747215e2eca91ccba730a64c0e4d26ced5e20adea7282819c0ceacd3554705,True,True,full1800_min10_each_eval_ready,0,False,False
40009139,4,excitement,target_excitement,40009139__day1____2023.12.04T13.23.34p03.00,1800,True,180,53,67,60,120,460fc0af4863261639cef1322b2be856536fbf92ab671e7b0cb58fde5ac8e741,89,67,156,87edb7cdad9e7842bfd4df2ca63bc761418964643b34240f05f140bd561b4b35,True,True,full1800_min10_each_eval_ready,0,False,False
7092f07b,4,excitement,target_excitement,7092f07b__day1____2024.01.15T09.47.46p03.00,1800,True,180,89,30,61,119,6b7c40c71c7480ac8d961d141ca0e1e0dd166053881d228dc401b5e79fd1db0f,98,63,161,6733deea18ee1f90b4bcf7e9deb668ecbe16734c1a8b6b8b4b9fa672857ad206,True,True,full1800_min10_each_eval_ready,0,False,False
8030618f,4,excitement,target_excitement,8030618f__day1____2023.12.11T11.51.47p03.00,1800,True,180,66,23,91,89,e6a38f823d691c75ef973793b341f402c9e45d838d421ec6375199d7f6e285b0,51,74,125,15ec32f2483a6678b7b1cf725124f4b765e5c5fcb9b0902ae636eea53dbbbee8,True,True,full1800_min10_each_eval_ready,0,False,False
a1b210fc,4,excitement,target_excitement,a1b210fc__day1____2023.12.15T13.50.40p03.00,1800,True,180,110,18,52,128,392f7dd3e3a07bab4dbc4e52dc482d3c8f37b10bceb87397afb24e81d4767dad,214,70,284,94bfa29afa95fd09a873aa21e807b227662c378cea03b97074cc0a9c884cf9be,True,True,full1800_min10_each_eval_ready,0,False,False
b112005d,4,excitement,target_excitement,b112005d__day1____2024.02.02T12.13.43p01.00,1800,True,180,99,40,41,139,30afb0984b0f57ee7c2e3d9d0a01977196c031724e9a022dce0b06e71bdfcb4b,295,154,449,d0dbf2cc89b918f3f8da22b4353b6c964cbf836075f62519accbe657dc2d8556,True,True,full1800_min10_each_eval_ready,0,False,False
b1c2f044,4,excitement,target_excitement,b1c2f044__day1____2023.12.27T17.13.43p03.00,1800,True,180,110,27,43,137,d16a72e8286a6562e6eddd11a1d21a645202dd843c6cee29292b931c3834e94f,200,102,302,8d08c3eed7bc5a1c88f74188adb256cd9f678dd66d87778b83c3b40eef3f412a,True,True,full1800_min10_each_eval_ready,0,False,False
d151b0c4,4,excitement,target_excitement,d151b0c4__day1____2023.12.13T17.54.40p03.00,1800,True,180,18,83,79,101,c0c0b391e2a112d8a3cd1ebf656a8b4c1c2d90ae3806d7266f392d07e54a2828,210,183,393,ed2c303fff7cb5b47a144edd55c3530e21a56b5924751c60bc8d7dc5fb74fc72,True,True,full1800_min10_each_eval_ready,0,False,False
f1a0c120,4,excitement,target_excitement,f1a0c120__day1____2023.12.07T15.27.33p03.00,1800,True,180,49,35,96,84,2912c828ec0033c87fbb1d5c3021eef1708170e48950dea1b3cefc53a904d996,98,88,186,d7a5ffe4e6c0b29c70df9ab7c6a5f0a26923753389df7b50134973144795f3bd,True,True,full1800_min10_each_eval_ready,0,False,False
01c2a0d8,4,focus,target_focus,01c2a0d8__day1____2024.01.12T19.11.49p03.00,1800,True,180,48,54,78,102,18b371f0d8712b0c13aafe82f2cc55f6055d1d650c8d1f228126d9a79129dcf0,31,185,216,564b0da1774b311d8a81b434de6ecf15f3088682dcb99f92d6812e5c90f5073e,True,True,full1800_min10_each_eval_ready,0,False,False
30908049,4,focus,target_focus,30908049__day1____2023.12.04T11.14.04p03.00,1800,True,180,4,132,44,136,25ceec4151e5c79d93b9557c176ee99c9c5548f86ea3c71bef68297250cf1ff1,50,362,412,0d659e7ceaab172a3a85867cc9ef1764bc9b4344f9dc3050750d45515c818229,True,False,operational_fallback,0,False,False
40009139,4,focus,target_focus,40009139__day1____2023.12.04T13.23.34p03.00,1800,True,180,36,54,90,90,b957da1e03893837b7bc1c0429f94015a564b8c7da08330b5deb6f3efb7bd1a1,136,52,188,3bd000be8a7d6e68fe9e8d63562fef606f801abe484e86258e93eaf94a4b0738,True,True,full1800_min10_each_eval_ready,0,False,False
7092f07b,4,focus,target_focus,7092f07b__day1____2024.01.15T09.47.46p03.00,1800,True,180,111,27,42,138,e47af2a4e3612a0e8582badb99d57b17539026f00e07f78e49d7ca642e4a7c50,106,61,167,fe59858b602b6d486bd81a2afb725e246a118d3a94a0a76184ac4756cb2af06e,True,True,full1800_min10_each_eval_ready,0,False,False
8030618f,4,focus,target_focus,8030618f__day1____2023.12.11T11.51.47p03.00,1800,True,180,103,12,65,115,45e6c9156462dfd198006b9132105338e2cac0a6ac0a57e36d832bc9708d5fb8,52,115,167,70aef016ec525db6a9f5449da9e2cca52fcfd26a686fcc930a15aefe5d210d83,True,True,full1800_min10_each_eval_ready,0,False,False
a1b210fc,4,focus,target_focus,a1b210fc__day1____2023.12.15T13.50.40p03.00,1800,True,180,95,12,73,107,334521a5ee4e977159bf9cdc32afb0764c4023dccf85fcc7acf461161ae4f776,139,98,237,199eec8793998394383020827b945c577c701483dfa5354d6073e7c37252fb2e,True,True,full1800_min10_each_eval_ready,0,False,False
b112005d,4,focus,target_focus,b112005d__day1____2024.02.02T12.13.43p01.00,1800,True,180,59,13,108,72,fa7e5ae9ee316e6578a61a091b6b84d573713ba789763df1445b3a237d373174,105,201,306,aa07bff06a5a8e4c34bb577bf16967911046d4055d3df3e1a6160cac54de20df,True,True,full1800_min10_each_eval_ready,0,False,False
b1c2f044,4,focus,target_focus,b1c2f044__day1____2023.12.27T17.13.43p03.00,1800,True,180,120,24,36,144,570f19edeec3ff2cd004d28b727aa37341239cce95a5b613089ede4367f9a340,201,85,286,8f8b36cf636dc64729811ec241065a3667483100291310b23722efc0bfa0417f,True,True,full1800_min10_each_eval_ready,0,False,False
d151b0c4,4,focus,target_focus,d151b0c4__day1____2023.12.13T17.54.40p03.00,1800,True,180,1,115,64,116,4b18f3245a4c65bec631c6dcd82654bf3f3e4de2feaa30ed658dd74dde8154e4,123,216,339,9c3b63a118ac1a93e45c88460ceeb86d58c26ff5ef353ce1a64a2b267500fae9,True,False,operational_fallback,0,False,False
f1a0c120,4,focus,target_focus,f1a0c120__day1____2023.12.07T15.27.33p03.00,1800,True,180,79,36,65,115,98f3fbbd73ad1652b28866b21cd73df4fbdad413e053dadf8826b8b102ba830e,186,92,278,854e6b743b0ad26085226b26c58ee6dd6c6944d35e938e6f04faa05a8647136e,True,True,full1800_min10_each_eval_ready,0,False,False
01c2a0d8,4,interest,target_interest,01c2a0d8__day1____2024.01.12T19.11.49p03.00,1800,True,180,89,47,44,136,f456a922c2d5d75bc436f677e1893923b9682bc1dc035814029746e8018cee1e,182,87,269,70493fabd30850fd3d09833f21b4923fdf46323f998247676b31d6fc9ee6c857,True,True,full1800_min10_each_eval_ready,0,False,False
30908049,4,interest,target_interest,30908049__day1____2023.12.04T11.14.04p03.00,1800,True,180,24,7,149,31,aea37dfdc52ff3da937e669a30a80309f914f7eb5a071a9148965fd329a65f8f,25,154,179,54f8e3f7b45cf9085bc84744f7cfd6bdebbb83fc55aa2e50a6b9a20ea915e372,True,False,operational_fallback,0,False,False
40009139,4,interest,target_interest,40009139__day1____2023.12.04T13.23.34p03.00,1800,True,180,58,23,99,81,db17f0b09f978cc61fec52373462d7e96e81f082b0651fdc03700fffbbf543c5,40,70,110,f8a3d3fb25f292cc9d465a34c0630945204414b08e040bc038a57cba30a0e4d2,True,True,full1800_min10_each_eval_ready,0,False,False
7092f07b,4,interest,target_interest,7092f07b__day1____2024.01.15T09.47.46p03.00,1800,True,180,26,121,33,147,7451279adf3a6324e8129ec5bb518dba1dff9d56dcecf28d2a0e2b2f9d9b4246,113,154,267,a2ac43888e2e8f21b497a15aa793c08767208a7cbbbca6aebfe6297a166cf670,True,True,full1800_min10_each_eval_ready,0,False,False
8030618f,4,interest,target_interest,8030618f__day1____2023.12.11T11.51.47p03.00,1800,True,180,40,33,107,73,524da4d7b4f364854610f22ffffcfe1dd256b7537efe4af0617a92221e91a528,43,104,147,56486f0282116bf1baa8ed512a5c19d2c38d6a4ea75b1a202aa56ce29a22108d,True,True,full1800_min10_each_eval_ready,0,False,False
a1b210fc,4,interest,target_interest,a1b210fc__day1____2023.12.15T13.50.40p03.00,1800,True,180,46,74,60,120,bbc4457de08f652a7565ab7d47b3aff3907af410238b456f5d52946371ee62ec,178,187,365,d1ff88ac2204680b34dfc512fcdf9ccfb8d69b5f9d6445d5585d197f2f6f649e,True,True,full1800_min10_each_eval_ready,0,False,False
b112005d,4,interest,target_interest,b112005d__day1____2024.02.02T12.13.43p01.00,1800,True,180,120,19,41,139,9fe27f9f14db147225faaeafb1de9ce289feba3c54d9b8a7431aec6fa978b0a3,237,151,388,ebbb730f4af9e0b50cd2f622270f46b80b143677373dca39f689443030d9513b,True,True,full1800_min10_each_eval_ready,0,False,False
b1c2f044,4,interest,target_interest,b1c2f044__day1____2023.12.27T17.13.43p03.00,1800,True,180,105,19,56,124,14285e3e330f7ece3d44c5cd6e06a3312cf594684ca5fdda26694e552e57067e,234,60,294,f231a3e9df0f20718b613ed7d7e6b9de94b8cce2075ec92fdf5b6e241d288b9f,True,True,full1800_min10_each_eval_ready,0,False,False
d151b0c4,4,interest,target_interest,d151b0c4__day1____2023.12.13T17.54.40p03.00,1800,True,180,117,23,40,140,23d905282c388a9d69fbeea4c3ac0b0e7abeb4e428e04f8fe5fef155207271eb,196,210,406,b5219ee58132e6fdc20e17f44eb0b60e3759fa97bc9057774e332fca211c58b4,True,True,full1800_min10_each_eval_ready,0,False,False
f1a0c120,4,interest,target_interest,f1a0c120__day1____2023.12.07T15.27.33p03.00,1800,True,180,9,160,11,169,e72ccb4cfcd03d5a2f2c7cb6b53e000e9865b5e35b4c4cc01af9fd113af156b3,57,329,386,8dacfc30f5264dd7bc2cbab5d2d30ea7e8ee28934609422c54f558e49babfd80,True,False,operational_fallback,0,False,False
01c2a0d8,4,relaxation,target_relaxation,01c2a0d8__day1____2024.01.12T19.11.49p03.00,1800,True,180,109,20,51,129,a6262f467e5a175efb26f85051e345cbfafbe945cc72d750e9c081379f49d7ae,172,88,260,70dadf5d9f37fcd4dd72d08607ce55999b72138c489affe9cf24a5c0f4a21d87,True,True,full1800_min10_each_eval_ready,0,False,False
30908049,4,relaxation,target_relaxation,30908049__day1____2023.12.04T11.14.04p03.00,1800,True,180,48,16,116,64,42e3f2d67a8dd0afec39a85c2c44186fadc8bae6d97db3fa4b66f9c7d0b9cba2,158,100,258,0df7fbf9ed85d781fa76b42d46a59e14bf704a70a5159bae7604623f6ff16c88,True,True,full1800_min10_each_eval_ready,0,False,False
40009139,4,relaxation,target_relaxation,40009139__day1____2023.12.04T13.23.34p03.00,1800,True,180,62,37,81,99,bd87b87f41124c019181d13427fd53dc371952a48bd2c509bbd5bba236d47a66,49,103,152,c58f4e33bfb99ae34dc7c9b8acc07c03d0e750157ef6010bb82ef956a05b7a29,True,True,full1800_min10_each_eval_ready,0,False,False
7092f07b,4,relaxation,target_relaxation,7092f07b__day1____2024.01.15T09.47.46p03.00,1800,True,180,17,44,119,61,c684f96932ced96e892af46e35b461c455a47bbf28e2801e11391ab44dfa5b4d,95,122,217,1a3baadb5b38e81a3e4ae4299b79ee76cf1e005eab84549198471fcaedee4fb3,True,True,full1800_min10_each_eval_ready,0,False,False
8030618f,4,relaxation,target_relaxation,8030618f__day1____2023.12.11T11.51.47p03.00,1800,True,180,14,54,112,68,58f372b69f5a9254a92d7935fa6b36e4792cce6046cff0a04f772b71011c241e,108,75,183,302eb6acec0f17da0f9503b266b44ee0a9bf3057decbb115f6f8ebc8d7b2e7ee,True,True,full1800_min10_each_eval_ready,0,False,False
a1b210fc,4,relaxation,target_relaxation,a1b210fc__day1____2023.12.15T13.50.40p03.00,1800,True,180,69,36,75,105,0b034b736ee4bde7d2c859d00df101c1a313fa25f52d72fe32b620c457a045a2,199,137,336,c29326f2dae2f9c5f677c4c29dfddf123c5e9b724edf284dc98abfbb94a39ed1,True,True,full1800_min10_each_eval_ready,0,False,False
b112005d,4,relaxation,target_relaxation,b112005d__day1____2024.02.02T12.13.43p01.00,1800,True,180,96,17,67,113,83da5d48abf9039b5e82cfd8fe9dab8fc16b380c8ed96678fcebfabb31445676,305,114,419,9dbdcd9e6b37b8ffe9e4408155ab5f352c1a568c2e8bf50cdb20a55b07825f1b,True,True,full1800_min10_each_eval_ready,0,False,False
b1c2f044,4,relaxation,target_relaxation,b1c2f044__day1____2023.12.27T17.13.43p03.00,1800,True,180,31,38,111,69,62c23850595b81d1e6c7deaeb4e84f70e303db022dcb1550b8bbe3627cb06e9f,91,229,320,a66578fc6358b6377fd715b28cc44ba82e4f6c627072916ef79d194afae6a6c7,True,True,full1800_min10_each_eval_ready,0,False,False
d151b0c4,4,relaxation,target_relaxation,d151b0c4__day1____2023.12.13T17.54.40p03.00,1800,True,180,118,4,58,122,a3d5739700ab2d0c05536f8e4a00dbaf1263d92c3e08f9a09607f1dcdbd705da,192,145,337,f317ca8eff6675b57dda3ea9ae8d066ac9280becaff99a47e2b567aa857a2369,True,False,operational_fallback,0,False,False
f1a0c120,4,relaxation,target_relaxation,f1a0c120__day1____2023.12.07T15.27.33p03.00,1800,True,180,57,56,67,113,f27bdbba5442a34252c6408eaf1054820aee9fd1f5a87e8eb714f972a350934f,162,184,346,baa7eab0fb6a32246a5af58a7b3bbced7c2d21639a1946b060bd33e99960a9f6,True,True,full1800_min10_each_eval_ready,0,False,False
01c2a0d8,4,stress,target_stress,01c2a0d8__day1____2024.01.12T19.11.49p03.00,1800,True,180,89,34,57,123,6188f759efb90cb07289fedddd544728cdc05926ce1e5d14f9283581017bf575,131,91,222,3b315db7bfe716727c597c423616e3406e7b2d655c9e991137fd0627217e8815,True,True,full1800_min10_each_eval_ready,0,False,False
30908049,4,stress,target_stress,30908049__day1____2023.12.04T11.14.04p03.00,1800,True,180,7,10,163,17,6a6ce451ad2f2ee09122515a56e430cb22a29ab76f5753ed3ea650ab4656aa7a,47,115,162,bd791354ca5d7a4deb6ab849f96434e84f8e194838f5ddd2ef31f7587115addc,True,False,operational_fallback,0,False,False
40009139,4,stress,target_stress,40009139__day1____2023.12.04T13.23.34p03.00,1800,True,180,60,44,76,104,3bfe7f6075bb323bfbb378b5601ec8115ccde029c6f797237aaf294ccb69475f,52,40,92,5169a1318cb6381b46d1ff2ffab36ed231fc8b8da1576bcf23f07942e8b9d3ec,True,True,full1800_min10_each_eval_ready,0,False,False
7092f07b,4,stress,target_stress,7092f07b__day1____2024.01.15T09.47.46p03.00,1800,True,180,86,45,49,131,fb097ed4b1a423d04ca8974412c8c9cfb150b74aed8553c5576c2162524ad06c,118,124,242,bea54ed1febd275eb4270e9cce30456658d9c17b4fd00034434fcb40b3d4bb78,True,True,full1800_min10_each_eval_ready,0,False,False
8030618f,4,stress,target_stress,8030618f__day1____2023.12.11T11.51.47p03.00,1800,True,180,16,45,119,61,9fa4661075fc0138705e5939559f36f532be8930efe8b9863a58cb25edaa2ff3,1,124,125,728dbc5d626fcb6deea620edfcf96387f659728e1ab3014ba61507aaa961ea8b,True,True,full1800_min10_each_eval_ready,0,False,False
a1b210fc,4,stress,target_stress,a1b210fc__day1____2023.12.15T13.50.40p03.00,1800,True,180,14,48,118,62,e2117193c901f70271420361d647377a75afb8c89acab7c431b614788877a7b6,34,90,124,95a5dabcff70f65304f14e9942d9e62df43e7475494b64949f922f802d012cd1,True,True,full1800_min10_each_eval_ready,0,False,False
b112005d,4,stress,target_stress,b112005d__day1____2024.02.02T12.13.43p01.00,1800,True,180,26,24,130,50,0176a7a83b42dea3ea13e9c0542874de63e86416b9e6acc29e6c4ae4744d25a2,30,260,290,920728ca85067921ce8fe6427bc81f9e42e80a4aa94ec231074e96f0aa348cdd,True,True,full1800_min10_each_eval_ready,0,False,False
b1c2f044,4,stress,target_stress,b1c2f044__day1____2023.12.27T17.13.43p03.00,1800,True,180,74,23,83,97,6c273438892cb4b497e81f9ec61f748c008508af58fe37c34d8acf977b02298e,77,62,139,063b0676a7d67f9255b74979f7b82651d18ed0be924f2e66936f24c02564f901,True,True,full1800_min10_each_eval_ready,0,False,False
d151b0c4,4,stress,target_stress,d151b0c4__day1____2023.12.13T17.54.40p03.00,1800,True,180,72,24,84,96,19c28218f2253b28b9d434e75045aade65be39b68333625e24f61aea6e9a581a,99,221,320,f85fd5df82ba82fb3a63a5dfe50321796f10c30dde46aa0873edfbdfee7f418c,True,True,full1800_min10_each_eval_ready,0,False,False
f1a0c120,4,stress,target_stress,f1a0c120__day1____2023.12.07T15.27.33p03.00,1800,True,180,94,60,26,154,e3ed712ea2f782f6eb93ecf0e0150e07c75c24ba2ddf6e635c8db8039d2f90ff,209,135,344,4ef8bab37aa7eabc7271ef107e5cca4492000ddb115d1727e954ac2324f71f49,True,True,full1800_min10_each_eval_ready,0,False,False
0001508a,5,attention,target_attention,0001508a__day1____2023.12.18T14.22.47p03.00,1800,True,180,144,13,23,157,1b57d9e07cd9f64037a494a83ddec34ea21726312f3a6a853dd6cfb46045f538,49,11,60,26d43b87ea0ae6f920fe3a9ec75da039399e76298245359bb66d20c6cd6988f2,True,True,full1800_min10_each_eval_ready,0,False,False
0110f12e,5,attention,target_attention,0110f12e__day1____2023.12.04T18.03.21p03.00,1800,True,180,62,58,59,120,fa3905a674cc0497c6ab28f3c1452d219fc592b724a81a160229f3f75b603dfa,132,194,326,de27c37c9a269aca55e18311f3a4b14e9c0989f38008f19c4d59acf7bd86d3aa,True,True,full1800_min10_each_eval_ready,0,False,False
0182e16c,5,attention,target_attention,0182e16c__day1____2023.11.27T13.58.33p03.00,1800,True,180,110,13,57,123,a836df24b3ba4cd75119f96709fcb6259ba71e9a4bc726e4f1b594802b641a69,150,111,261,6f919459db5382b81772edda72e8a1ed908d59b7a87e4c13811af2f9c521d7a5,True,True,full1800_min10_each_eval_ready,0,False,False
2182c1cd,5,attention,target_attention,2182c1cd__day1__part2__2023.11.28T13.51.38p03.00,1800,True,180,59,79,42,138,959516a29d08315e9793261326e4335b7af1eebceb46a4eb985b84195b8e33f2,94,65,159,b61b92a7ad08aff171493e66df0cb767cc3c794da75a756e7f200637178ab325,True,True,full1800_min10_each_eval_ready,0,False,False
219060fa,5,attention,target_attention,219060fa__day1____2023.12.15T16.47.17p03.00,1800,True,180,49,46,85,95,e257166e6900ff0fdcf1e2c80f7aa218d77c040f3ec5837046eb7948136f2853,95,107,202,9424d93ce8f8119a77ef7179f6a3badbb9796bbf90e9da7df9c4148694dbbcee,True,True,full1800_min10_each_eval_ready,0,False,False
71e10186,5,attention,target_attention,71e10186__day1____2023.12.05T11.06.22p03.00,1800,True,180,15,48,117,63,10f15b1d7c4a26e9d6c96425950b6386e9b6d7b7d87d37e0c4e658fe5ba8983a,185,251,436,36d3d0ed6f708739c5e744fa82ed69d1f2d06e60621af4636d542b9db36149b5,True,True,full1800_min10_each_eval_ready,0,False,False
8191f1d9,5,attention,target_attention,8191f1d9__day1____2023.12.22T16.25.50p03.00,1800,True,155,58,19,53,77,8929172f475ab7d625c8f54a46842637296123a42c2c54f8b7ca5b454451637b,94,337,431,33d4e3638a3dab0d04624a4ae5b8823cabbc1b38c497e63483e6a1632c682482,True,True,full1800_min10_each_eval_ready,0,False,False
81e150c1,5,attention,target_attention,81e150c1__day1____2023.11.29T11.58.41p03.00,1800,True,180,77,1,102,78,6d13d299ad9c8fad3dbfb2a41b117b3c7b2c8bcc3c9dddb34ebecdea604ac8b2,165,45,210,6654403cbb75e8273b8b6b98465ff10e776f43cd40d699f74383397b51b2c6ea,True,False,operational_fallback,0,False,False
c1a150b1,5,attention,target_attention,c1a150b1__day1____2024.02.01T16.29.53p01.00,1800,True,176,18,95,63,113,9a4a0e7fd50e4af6958d171b19861dec2a33b435b8277513523c1fac05660fe7,142,182,324,64c62c63afcbd91f0d016205c4388f2799cee00cc0b09aadce06778ca5ba7915,True,True,full1800_min10_each_eval_ready,0,False,False
e0c0408a,5,attention,target_attention,e0c0408a__day1____2023.12.05T19.36.11p03.00,1800,True,171,10,10,9,20,fbfdece9d4402a393c8492d65d398f2dc77f131597bbaf4fabf64f68d69111be,0,0,0,4f53cda18c2baa0c0354bb5f9a3ecbe5ed12ab4d8e11ba873c2f11161202b945,False,False,operational_fallback,0,False,False
f121f1e0,5,attention,target_attention,f121f1e0__day1____2023.12.08T09.23.54p03.00,1800,True,180,58,26,96,84,1aa1ea3638c612d804c310be7a884c6945e61c5c9bade2e793c34c7322dc2ff8,122,219,341,d35f252be9c6dce0e5778c32968ca756253e975042d91193f0d747a252a1adfb,True,True,full1800_min10_each_eval_ready,0,False,False
0001508a,5,engagement,target_engagement,0001508a__day1____2023.12.18T14.22.47p03.00,1800,True,180,76,42,62,118,59929916f058a93bdf724d3ee735352e43ff838da92b66957c5bd758078fc036,34,68,102,fcce3680fa7beb162dc83d583f5ec4062fb67da959d3903be556c50bcbe44a85,True,True,full1800_min10_each_eval_ready,0,False,False
0110f12e,5,engagement,target_engagement,0110f12e__day1____2023.12.04T18.03.21p03.00,1800,True,180,57,61,62,118,51b167d4c53dfa36c80495d540f3730965bdc4f95875840911729966bdde9913,143,190,333,2a1ea53c775c18dc4b8bd55c1828be144e891962ee6a5d557783405fcb989bba,True,True,full1800_min10_each_eval_ready,0,False,False
0182e16c,5,engagement,target_engagement,0182e16c__day1____2023.11.27T13.58.33p03.00,1800,True,180,33,72,75,105,cbbe197a64adabebf5403224e468ef47d0bb08abf86163249ff45974f01e205b,86,164,250,4e829c341107560176f571e9d8e23fbf22c595410c2b7d891e19bde13d5a8eaf,True,True,full1800_min10_each_eval_ready,0,False,False
2182c1cd,5,engagement,target_engagement,2182c1cd__day1__part2__2023.11.28T13.51.38p03.00,1800,True,180,78,50,52,128,28152137f3428a57beb4c468c45c5bbba24e7ceae6fde858b0025b85ff31adb3,89,77,166,8768395083ceedc21bd6c15154336d7cdd2da40cc337b3ed7f185e9e1e2373e6,True,True,full1800_min10_each_eval_ready,0,False,False
219060fa,5,engagement,target_engagement,219060fa__day1____2023.12.15T16.47.17p03.00,1800,True,180,86,46,48,132,3edc5d1ef29349e5bcb0ddb86ff141169289180db5b7430b3404006e7ad4878e,134,84,218,9ad8806d75ce61d4c1a769240d565fb9e1be151e74c4fc6743016fdabcb4a7fb,True,True,full1800_min10_each_eval_ready,0,False,False
71e10186,5,engagement,target_engagement,71e10186__day1____2023.12.05T11.06.22p03.00,1800,True,180,4,136,40,140,5183b37a5c236cd59ef6a80504307b9a4a9e5802530683edf2d9631c7948b8ea,277,174,451,0905a93420505ee04681b4d011a8db2f0efb95b149d0a482d1f352698e9dc8f4,True,False,operational_fallback,0,False,False
8191f1d9,5,engagement,target_engagement,8191f1d9__day1____2023.12.22T16.25.50p03.00,1800,True,155,13,97,45,110,949c89822162160520f836799b710b615acd10bafb849fca8be8afa65854e01f,490,23,513,4e471f685c421c8f5f228c83cb601ac1b1acb50313bead70a1edf37a7dc073ee,True,True,full1800_min10_each_eval_ready,0,False,False
81e150c1,5,engagement,target_engagement,81e150c1__day1____2023.11.29T11.58.41p03.00,1800,True,180,11,86,83,97,711e8c0ef95c546e313f5a74dd17b1ecc733b4bd337254e2f4491e56f8219902,72,171,243,b9b21e1f06cea130f669aa583ab532190e4b40e20775591068c52b1645dc6d66,True,True,full1800_min10_each_eval_ready,0,False,False
c1a150b1,5,engagement,target_engagement,c1a150b1__day1____2024.02.01T16.29.53p01.00,1800,True,176,73,44,59,117,7cac027bf10572d6e23ab09e8c5640c7d09bc1645aacede8d4c638ed365d2fa2,78,251,329,8f557d984488b50ddfc0c4200e79b56c50140033a49eab39337e11804e51d355,True,True,full1800_min10_each_eval_ready,0,False,False
e0c0408a,5,engagement,target_engagement,e0c0408a__day1____2023.12.05T19.36.11p03.00,1800,True,171,86,39,46,125,f708d898f6ee17e989ee74076f49fe8bae01c3272b41002fa379d732f833ebad,1,2,3,4ed83a3c71e7073224fea3db901627d20181512437de09f9e4eba4eb0a50bf8b,False,False,operational_fallback,0,False,False
f121f1e0,5,engagement,target_engagement,f121f1e0__day1____2023.12.08T09.23.54p03.00,1800,True,180,1,115,64,116,c40834b2da0347c43f0d3f08f5e104582bfafdf1ba714ab405e09e5bc6cfa4ac,128,225,353,5f4ac91153295679dfdbedad289583c24815dec183a349fd6236b1f9d74ab06d,True,False,operational_fallback,0,False,False
0001508a,5,excitement,target_excitement,0001508a__day1____2023.12.18T14.22.47p03.00,1800,True,180,56,40,84,96,42f5af785ec8a9b4a7bba8fcd5ab58c001f265fd4337487f9912edd7d00209eb,27,47,74,0b094782358b6530b924f0b10adf1a6bcddcfd8c6bdb0f644b7b03bd4165ee99,True,True,full1800_min10_each_eval_ready,0,False,False
0110f12e,5,excitement,target_excitement,0110f12e__day1____2023.12.04T18.03.21p03.00,1800,True,180,60,44,76,104,9b5f3acd836a2e94bc49861c4ed45c12153754129b904165c78d5a33676227ea,146,162,308,4a1ee735f5a95e473f34f5ab4268a0850097486c5bc8da107ee303c756a267a7,True,True,full1800_min10_each_eval_ready,0,False,False
0182e16c,5,excitement,target_excitement,0182e16c__day1____2023.11.27T13.58.33p03.00,1800,True,180,145,7,28,152,be5940229cb69569b88d938844c4040b58b314ff0c193c00ac3155be6571e63a,223,26,249,a5ded7290f00a798a63186ddae6ab6182d64ac41e9be214d4b119c2ac5e7f9da,True,False,operational_fallback,0,False,False
2182c1cd,5,excitement,target_excitement,2182c1cd__day1__part2__2023.11.28T13.51.38p03.00,1800,True,180,40,115,25,155,a78c451259f9c34823659bf72f02373062fa24f4b98efe93881f7b8ca43ac206,66,118,184,b7feb518535afb27c88cf394665733240e2cf0e3a7271899ce2ccce19e70fd89,True,True,full1800_min10_each_eval_ready,0,False,False
219060fa,5,excitement,target_excitement,219060fa__day1____2023.12.15T16.47.17p03.00,1800,True,180,29,53,98,82,7536b7e20b6f5fcc90e4740b8e537048a0ee1fd6e1f1bdd0213ba973c92f73a8,63,159,222,47682a48d9fc3e1811e08e035b95882aa329f0ca140b8c7c5b5ee8bc5a603572,True,True,full1800_min10_each_eval_ready,0,False,False
71e10186,5,excitement,target_excitement,71e10186__day1____2023.12.05T11.06.22p03.00,1800,True,180,34,57,89,91,fd6240f35aa909bf63cdc05351807224c4f31e4c52e01ea1a9f99fee6afbd1a5,181,244,425,16ce358ce1494c52ad85bde7e41f6ff7d8c904d64f4b8c46a5ce1fb53051b587,True,True,full1800_min10_each_eval_ready,0,False,False
8191f1d9,5,excitement,target_excitement,8191f1d9__day1____2023.12.22T16.25.50p03.00,1800,True,155,17,91,47,108,eeedad7e6bb0fc6a423b528e851bccbadd6d993ee0bf5133dfc2c16df5076372,215,224,439,c25903cf3f166704e486ca4d88271b56382ad84acfd8c26cb481102ac457cd3a,True,True,full1800_min10_each_eval_ready,0,False,False
81e150c1,5,excitement,target_excitement,81e150c1__day1____2023.11.29T11.58.41p03.00,1800,True,180,39,16,125,55,7c73c4b95546fab4150a8b970480815703ad5da5f2540ba3d6b3d049e7a65105,54,140,194,486d27becd25f2e329044a131c7a21faa55a44238d61f9f0333455689ef478e0,True,True,full1800_min10_each_eval_ready,0,False,False
c1a150b1,5,excitement,target_excitement,c1a150b1__day1____2024.02.01T16.29.53p01.00,1800,True,176,129,5,42,134,900d0ac2581367e7516f85d9a206b3d09289d5feda214b5d7fb892dc6800755f,243,52,295,cfb0ebc92f8392eee5499bf4bd05d2a866e7e08e31be4e5ea35bf796bc6e0ba6,True,False,operational_fallback,0,False,False
e0c0408a,5,excitement,target_excitement,e0c0408a__day1____2023.12.05T19.36.11p03.00,1800,True,171,62,53,56,115,8767120d27a0073f10600b0a2bc3b1d10af5ad8826e0878352dd34f5a5cde105,3,0,3,4ed83a3c71e7073224fea3db901627d20181512437de09f9e4eba4eb0a50bf8b,False,False,operational_fallback,0,False,False
f121f1e0,5,excitement,target_excitement,f121f1e0__day1____2023.12.08T09.23.54p03.00,1800,True,180,42,51,87,93,fabdb381bde8595663a212930b4008f7a567beae61f01f91b085908e99fe7a21,83,269,352,e99be0e3cbddc25502dd01e5b9058ea83db4c0ed515207bbf0bf5c023c01577f,True,True,full1800_min10_each_eval_ready,0,False,False
0001508a,5,focus,target_focus,0001508a__day1____2023.12.18T14.22.47p03.00,1800,True,180,99,33,48,132,a45ad990d45ae8f9d5616f62cb514816bb8c6b7d78a8a6922dca795b2075b055,28,32,60,a6da05ff73ab07be2c1c59108a7c70f81ec913ebe49946db8d35516772651370,True,True,full1800_min10_each_eval_ready,0,False,False
0110f12e,5,focus,target_focus,0110f12e__day1____2023.12.04T18.03.21p03.00,1800,True,180,31,42,107,73,b8f802bd4199e38568a1d44550c214fa5d56e7b9b5e33f298f50aec4709e718c,188,125,313,d730937c1aa6916184c21b9f44ba81aa0a827946bc0caa11865e86704f20d75f,True,True,full1800_min10_each_eval_ready,0,False,False
0182e16c,5,focus,target_focus,0182e16c__day1____2023.11.27T13.58.33p03.00,1800,True,180,88,19,73,107,80c841daa73c9a462115fca5069e89448a497b48f29f3d11d00d45c49c30f0ff,191,53,244,0868f0ee774bff248aa97501d3bbe13a6f8ef3a0059cc4315117e7297a3dd0de,True,True,full1800_min10_each_eval_ready,0,False,False
2182c1cd,5,focus,target_focus,2182c1cd__day1__part2__2023.11.28T13.51.38p03.00,1800,True,180,35,116,29,151,22a27c223b4f7603b099c0d2d877b7aba6ee164a30006d9e6c3e4bbd9eaf41a8,62,106,168,15821744601d5d1651deacef09b9db92b565ce4708bd97130a149f967ea9e18d,True,True,full1800_min10_each_eval_ready,0,False,False
219060fa,5,focus,target_focus,219060fa__day1____2023.12.15T16.47.17p03.00,1800,True,180,87,17,76,104,28dda53b46028c8c941e74390c4f0be73e2232aede607c50d46b6daa5b9458fa,85,107,192,7466c595a53f1a1e6ce15e6b5b70256b7c4cd18ca3842ba31a071eed7d9553b6,True,True,full1800_min10_each_eval_ready,0,False,False
71e10186,5,focus,target_focus,71e10186__day1____2023.12.05T11.06.22p03.00,1800,True,180,15,55,110,70,b1fa0193994e532227a8456b004ae70aa7dfe6294c8a38c5bd5e41c2347b5a52,166,253,419,250c92c8db6820c8f6670807a13255a61c0be6be0e739308a69ac0b5a7c98a00,True,True,full1800_min10_each_eval_ready,0,False,False
8191f1d9,5,focus,target_focus,8191f1d9__day1____2023.12.22T16.25.50p03.00,1800,True,155,122,6,27,128,a2e536b37bb45e747a175c20a10672c90504651523697b7dd256346014fdc8fe,230,181,411,6a4a435140886ec169a5e2d972ad000127bac320ecbb88e4b78cafeb4027395d,True,False,operational_fallback,0,False,False
81e150c1,5,focus,target_focus,81e150c1__day1____2023.11.29T11.58.41p03.00,1800,True,180,66,2,112,68,a2bf839aaa4e1a4b65c894b9818d1b383379786418ca6323689f1e9178a51da0,150,93,243,246c9df90190fe18efdab5b0639bbb8d402a17a4dd9d5b1a99de752d90536892,True,False,operational_fallback,0,False,False
c1a150b1,5,focus,target_focus,c1a150b1__day1____2024.02.01T16.29.53p01.00,1800,True,176,84,3,89,87,cf906ab957658ef3671478e39660b0d8f9e37cd592e3f4959fd287f09d7586a5,152,75,227,5cbec50d535cb94c27728356bdb18d30a62222e010ee106ff5032b68d7bdcf8f,True,False,operational_fallback,0,False,False
e0c0408a,5,focus,target_focus,e0c0408a__day1____2023.12.05T19.36.11p03.00,1800,True,171,51,49,71,100,eef5f94ccde38b9f951b448eb1a499caaea442bc400d7964474f709ef6e17f75,3,0,3,4ed83a3c71e7073224fea3db901627d20181512437de09f9e4eba4eb0a50bf8b,False,False,operational_fallback,0,False,False
f121f1e0,5,focus,target_focus,f121f1e0__day1____2023.12.08T09.23.54p03.00,1800,True,180,53,58,69,111,b3ebdc24cefcb62e133296529230299c4cc48a4ace147ada90a9c264f9afeb45,107,260,367,e29d20e0084125003338b7dfa2bf5f0b51859d2e09478cd73da99490c6674b47,True,True,full1800_min10_each_eval_ready,0,False,False
0001508a,5,interest,target_interest,0001508a__day1____2023.12.18T14.22.47p03.00,1800,True,180,31,39,110,70,59f72242e341cdc87bb4d9fa3f4e77848b414bced3cf0b989ef3423aafe9016e,21,44,65,3147d2d7f3d401978bf693033a3839371d7a9026364d769dda1da1b696935e02,True,True,full1800_min10_each_eval_ready,0,False,False
0110f12e,5,interest,target_interest,0110f12e__day1____2023.12.04T18.03.21p03.00,1800,True,180,48,31,101,79,79b9a33181e557daeffc8d44157288fe5d07fdc5f8edd20ee4ac6a629ffd117e,87,205,292,6503ba40faff8d93881a19984721146ac4c77a4f907d9ab7c4f93d09a8ee7e18,True,True,full1800_min10_each_eval_ready,0,False,False
0182e16c,5,interest,target_interest,0182e16c__day1____2023.11.27T13.58.33p03.00,1800,True,180,25,122,33,147,8887b49630a49af29645e2128617021e3cbc767c06727f894a7f64aa5ce5ca01,85,143,228,6f5d296ebce203e0e588f11be6fb911720322e60cfe4742fdab55727222aae34,True,True,full1800_min10_each_eval_ready,0,False,False
2182c1cd,5,interest,target_interest,2182c1cd__day1__part2__2023.11.28T13.51.38p03.00,1800,True,180,68,85,27,153,f5bad54e51b3c63af66a41726ae991938601a571687e3bce9cf2976b5359d04d,111,52,163,3b85025b9c5b868f98b053ea1813dd97dc66a45468a97e3106842ae9396b407f,True,True,full1800_min10_each_eval_ready,0,False,False
219060fa,5,interest,target_interest,219060fa__day1____2023.12.15T16.47.17p03.00,1800,True,180,29,14,137,43,93bc7c7bda9094211437bde18364b35bca5b9451c52b21102e5d8c3aa17dc16f,0,118,118,0ed8caac8aafaa7cc714f97c4093a9097bc82fe626b77b4aa1dadeea78d3ea5a,False,False,operational_fallback,0,False,False
71e10186,5,interest,target_interest,71e10186__day1____2023.12.05T11.06.22p03.00,1800,True,180,73,21,86,94,72cd5b200fb0b806c5e0ae92e6c8b32a457a891ce5cdc51c4da42cf76e730c68,182,270,452,15a29d244a55d88a70e12a90e70e064d4f54db08a65fd89cb943f7e363365eac,True,True,full1800_min10_each_eval_ready,0,False,False
8191f1d9,5,interest,target_interest,8191f1d9__day1____2023.12.22T16.25.50p03.00,1800,True,155,58,82,15,140,811667a955aab8c6ed419ed62897b965da7a11479b9c92481ea4856513e1369f,539,9,548,8f614b1580ad657fa73584bcaf860bcc890f957249125aa8ff4755562e48fbe9,True,True,full1800_min10_each_eval_ready,0,False,False
81e150c1,5,interest,target_interest,81e150c1__day1____2023.11.29T11.58.41p03.00,1800,True,180,5,16,159,21,f5a0402b9e4cbd77e706ae5c41c898313c065787dd962be33a3d700bc0c1e2d4,15,214,229,6f986a3d04167fcc4be8b1810439bc2d3db9527dde6f6105a628c56ac701d2d4,True,False,operational_fallback,0,False,False
c1a150b1,5,interest,target_interest,c1a150b1__day1____2024.02.01T16.29.53p01.00,1800,True,176,121,7,48,128,ae6a85f58f5d1f32edd092b97e49f9c13b3bc570c68cd9fa16b34128fb5bc633,105,77,182,84ff864000cb767f42a288cb3ca4bac5ec0229d3d682acc0b601f4c0a71455ed,True,False,operational_fallback,0,False,False
e0c0408a,5,interest,target_interest,e0c0408a__day1____2023.12.05T19.36.11p03.00,1800,True,171,1,49,121,50,43b44d4bf198596c91c6ea86778d2be1d65151de1e59cdda053015af88ef8fa5,0,3,3,4ed83a3c71e7073224fea3db901627d20181512437de09f9e4eba4eb0a50bf8b,False,False,operational_fallback,0,False,False
f121f1e0,5,interest,target_interest,f121f1e0__day1____2023.12.08T09.23.54p03.00,1800,True,180,87,57,36,144,4d87a68cc910f9dc59e430b0dd1f3f37ea955d47949f0775b8b542dca8254112,162,280,442,be30307add2ff46f0100f87110fbdf1da62a5e04ef08853763f0baf196e26282,True,True,full1800_min10_each_eval_ready,0,False,False
0001508a,5,relaxation,target_relaxation,0001508a__day1____2023.12.18T14.22.47p03.00,1800,True,180,12,91,77,103,9e8261ea4655fb6b6c2b8049e921fe375b020360a2279ad0785703135bffdd75,53,59,112,2e5f9dfd935773f60e9920a44c8989bf24090d1e5e160f1786142af0dbefcbd5,True,True,full1800_min10_each_eval_ready,0,False,False
0110f12e,5,relaxation,target_relaxation,0110f12e__day1____2023.12.04T18.03.21p03.00,1800,True,180,86,22,72,108,c63aed329ff74e692f2a69cbd3a4675541d67e0c278305153d0c2138008e4850,121,236,357,3c0f51a9cea8302ecaea698fb4dc5ffdab602ae45b99fca51cfbe573ecb238bf,True,True,full1800_min10_each_eval_ready,0,False,False
0182e16c,5,relaxation,target_relaxation,0182e16c__day1____2023.11.27T13.58.33p03.00,1800,True,180,90,3,87,93,a26f9b80dc03cb346042d8782f75a5d7b5e9bf09b79c4607a89d149ffc35b004,198,40,238,b5b4391f25a6089e4c17f29b8ddd5fc2b6028a0537b86af8958799aa8f289d46,True,False,operational_fallback,0,False,False
2182c1cd,5,relaxation,target_relaxation,2182c1cd__day1__part2__2023.11.28T13.51.38p03.00,1800,True,180,49,97,34,146,8d4e49d5c3a4d2dff2ed91356a99251b7a3813dedaeb8adddd92bae0f1b00ac8,83,97,180,844eb24eefa3249c04caf3efc66a5134e23cc5c11b28e9f32727d8c3667e2713,True,True,full1800_min10_each_eval_ready,0,False,False
219060fa,5,relaxation,target_relaxation,219060fa__day1____2023.12.15T16.47.17p03.00,1800,True,180,10,104,66,114,194519598448948f0314ad9339f6bf8cc421ce6020689809dffed88635495cb2,60,171,231,33a913c4fa80e2dc242d8fbd3cc03aed441a73d8fd7e4cb952b79b317923bf60,True,True,full1800_min10_each_eval_ready,0,False,False
71e10186,5,relaxation,target_relaxation,71e10186__day1____2023.12.05T11.06.22p03.00,1800,True,180,118,8,54,126,eb543a2305859b2e8e7b2e3a9e7434e512d0fb4a0b08550bca794270a9aacc21,275,242,517,f18975ab0bed24e8d5f4a308eee9b1d5e4beba365641180dbfc8cbff0e7037ae,True,False,operational_fallback,0,False,False
8191f1d9,5,relaxation,target_relaxation,8191f1d9__day1____2023.12.22T16.25.50p03.00,1800,True,155,0,155,0,155,84341e153ea4dc5bc8cb2dc42942e28a8e2452c923bbdc8b2def5d3933d58c26,174,300,474,39a52191af434b95c0b1f32fbcf1c51a40c23e57bf5e7246ad367a1cc3b4380c,True,False,operational_fallback,0,False,False
81e150c1,5,relaxation,target_relaxation,81e150c1__day1____2023.11.29T11.58.41p03.00,1800,True,180,43,28,109,71,818919767ee2cb24d149631252e2de885c2f5147dd0029254949eb95e11831fc,57,212,269,ebc736f4f73724f507f0b6de3a2e4104a7df35ce492e2ad25aeb4f2cf3f1fdc3,True,True,full1800_min10_each_eval_ready,0,False,False
c1a150b1,5,relaxation,target_relaxation,c1a150b1__day1____2024.02.01T16.29.53p01.00,1800,True,176,109,21,46,130,5f9e3240a167470daa4dcdd9eb78543037a4f6cd994b2cb38801d47b5419a57a,211,97,308,5da8bf7162e8c77122c6ceace4588a8b9a7944d025c2dc5759e2696e700daf59,True,True,full1800_min10_each_eval_ready,0,False,False
e0c0408a,5,relaxation,target_relaxation,e0c0408a__day1____2023.12.05T19.36.11p03.00,1800,True,171,52,19,100,71,ee5cef88d7c6775be5887b37a2da623926fe8d722abe1a3d462dc47555217107,0,3,3,4ed83a3c71e7073224fea3db901627d20181512437de09f9e4eba4eb0a50bf8b,False,False,operational_fallback,0,False,False
f121f1e0,5,relaxation,target_relaxation,f121f1e0__day1____2023.12.08T09.23.54p03.00,1800,True,180,16,27,137,43,603832e858beac9ba568fe521aa56d43091e41f2a548e97e0fa85dbcefd48bf7,195,173,368,3f106aa75063d6d5ac2a438a56364eb58e3a1a2e9a60119105c4e974ac847f2b,True,True,full1800_min10_each_eval_ready,0,False,False
0001508a,5,stress,target_stress,0001508a__day1____2023.12.18T14.22.47p03.00,1800,True,180,44,87,49,131,2fe00ef6b49cf993ff03ac83fe4bcb2fa9d5cff38a7f30b1851e6a2a2be81a9b,67,39,106,c7e60c6b6d43fb1a622b52f710061ff2c921677cb01688ed0de749dd9f0a5b98,True,True,full1800_min10_each_eval_ready,0,False,False
0110f12e,5,stress,target_stress,0110f12e__day1____2023.12.04T18.03.21p03.00,1800,True,180,88,33,59,121,69ff61828e4ccdf456ea8762a140415ca425f16230500f23d9831bef3ea9c899,173,196,369,78cc4de0249588d36844785f653a8a3da27154ecfdc2009b8cf6d6829464882a,True,True,full1800_min10_each_eval_ready,0,False,False
0182e16c,5,stress,target_stress,0182e16c__day1____2023.11.27T13.58.33p03.00,1800,True,180,57,98,25,155,0fb9b957c194998642d6cb6b52227aae5301328fbb57012f6405361dc468b14d,69,118,187,7a856be0c433dc6436037d0f02ddb4da3e4dd433db80bfff210c6cd5186c5238,True,True,full1800_min10_each_eval_ready,0,False,False
2182c1cd,5,stress,target_stress,2182c1cd__day1__part2__2023.11.28T13.51.38p03.00,1800,True,180,87,73,20,160,3e6215cc3e88ba913997880b9ec733da83cd55a8a4dfef0f2dba8b11b44eb5cf,155,59,214,6f008db1a969690387a20a7f606ba4edfdb17b0b1f16816e5def16fe96cb0c76,True,True,full1800_min10_each_eval_ready,0,False,False
219060fa,5,stress,target_stress,219060fa__day1____2023.12.15T16.47.17p03.00,1800,True,180,37,22,121,59,de8b70359b1940c12e549f352d28f34d61c824cbe3ffab7e52fe104da5945a65,0,150,150,e818e358ba87e8024c8db6922d57d528eedeb31c5d1b7063a94d9023d922c497,False,False,operational_fallback,0,False,False
71e10186,5,stress,target_stress,71e10186__day1____2023.12.05T11.06.22p03.00,1800,True,180,99,27,54,126,c8c76d86429192cb6637038231d8891a72b41087e5ace871abb7c8d307606f1c,186,339,525,b69248164026cc699f21c0bf76f7e5e8fba079399a19a4efe7ef7f76ae1b17ec,True,True,full1800_min10_each_eval_ready,0,False,False
8191f1d9,5,stress,target_stress,8191f1d9__day1____2023.12.22T16.25.50p03.00,1800,True,155,112,36,7,148,ad338d1ce5b7a5d6e5352403f6d41e3172ee4e83439a2179536548e023edcae3,327,171,498,41abc9a941ba8a76dd995cd9a2d605ed079d4e019262f713e3b6e20ee4392c22,True,True,full1800_min10_each_eval_ready,0,False,False
81e150c1,5,stress,target_stress,81e150c1__day1____2023.11.29T11.58.41p03.00,1800,True,180,63,25,92,88,9f6a3767bcfd9ca9b9f24d52914bdc43b034857398699573cd27b6f7fdb1cc7b,90,139,229,feb5adc6cae899411787e172db2ccf4119c0d3474a03028abec528e12a8ee5c2,True,True,full1800_min10_each_eval_ready,0,False,False
c1a150b1,5,stress,target_stress,c1a150b1__day1____2024.02.01T16.29.53p01.00,1800,True,176,26,5,145,31,e4795450b7cd13be87d694834ddd84ac888c52125b8ad7af135465dc23b6b7ad,0,303,303,4f9f0a24004acde0252f76e9855c80b3bd6f0d93955aed4704b1c083107137db,False,False,operational_fallback,0,False,False
e0c0408a,5,stress,target_stress,e0c0408a__day1____2023.12.05T19.36.11p03.00,1800,True,171,114,40,17,154,f0ba803f710413544589ff3a417e7fcd8be012d5045aa9d848aeb1eb7cfa930c,0,1,1,a4403c2864ddf566b63c4f2f6d7b4edb2e56f586ec06d085e3e6cbb2704f1454,False,False,operational_fallback,0,False,False
f121f1e0,5,stress,target_stress,f121f1e0__day1____2023.12.08T09.23.54p03.00,1800,True,180,76,83,21,159,8aa763ff5737343beaf96faa2e105d8db0461bc15cb0c750aaae281de143f7a2,309,157,466,b6f0c1d8fedd2c58a8a920caf3f97d7c3e7ba423b13218c1e233d7d556ae43f4,True,True,full1800_min10_each_eval_ready,0,False,False
