model,outer_fold,subject_id,pm,target_id,adaptation_eligible,adaptation_applied,run_id,specification_hash,probability_source,classification_policy,candidate_classification_threshold,frozen_median_threshold,evaluation_low,evaluation_high,evaluation_extreme,evaluation_sample_hash,zero_shot_roc_auc,personalized_roc_auc,delta_roc_auc,zero_shot_pr_auc,personalized_pr_auc,delta_pr_auc,zero_shot_brier,personalized_brier,brier_improvement,zero_shot_log_loss,personalized_log_loss,log_loss_improvement,frozen_median_balanced_accuracy,personalized_balanced_accuracy,delta_balanced_accuracy_vs_frozen_median,frozen_median_macro_f1,personalized_macro_f1,delta_macro_f1_vs_frozen_median
xgboost,1,30c140ca,attention,target_attention,True,True,xgboost__fold_01__attention__30c140ca__weighted_aug__a82ee340ee94,a82ee340ee94b28a0337e46506b1ab1556e41e8aab43912f0d8628359a0a0c91,personalized_model_predict_proba_high,fixed_probability_threshold_0.5,0.5,0.9947248250246048,91,79,170,0ed5d7f4e8a953676baa957772b489cb853eb8b7b0ec115ea26058c02c844b9d,0.9353178467102518,0.9408819029072194,0.005564056196967648,0.9241115885757034,0.9346591630923979,0.010547574516694525,0.12635698139461965,0.1167562572714021,0.009600724123217552,0.4515735514229617,0.4248350659405692,0.026738485482392493,0.569620253164557,0.8396160801224093,0.2699958269578523,0.4862222222222222,0.8427941385687865,0.35657191634656427
lightgbm,1,30c140ca,attention,target_attention,True,True,lightgbm__fold_01__attention__30c140ca__weighted_aug__12258582d4ae,12258582d4aebb6c03da92473cab72df4ba1c15a6511250503da1c59757326a2,personalized_model_predict_proba_high,fixed_probability_threshold_0.5,0.5,0.9465218286420288,91,79,170,0ed5d7f4e8a953676baa957772b489cb853eb8b7b0ec115ea26058c02c844b9d,0.9426902211712338,0.948671581582974,0.005981360411740244,0.923659251390319,0.9331950550625501,0.009535803672231058,0.11223631196471635,0.09302610724470711,0.01921020472000924,0.347566837270108,0.2986010708009853,0.04896576646912271,0.5632911392405063,0.8556127416886911,0.2923216024481847,0.4749093513586105,0.8572228443449048,0.3823134929862943
xgboost,1,3110e0c7,attention,target_attention,False,False,,,frozen_zero_shot_probability,frozen_1800s_median_midpoint_policy,0.5,0.5,41,68,109,42ef7e503ebe0f60b7de8eeb585c48440f02b30392b16a9c9f45196726ea1fe7,0.8805595408895266,0.8805595408895266,0.0,0.9359204956638643,0.9359204956638643,0.0,0.4913947259128417,0.4913947259128417,0.0,2.656364969384936,2.656364969384936,0.0,0.5367647058823529,0.5367647058823529,0.0,0.3512517713745867,0.3512517713745867,0.0
lightgbm,1,3110e0c7,attention,target_attention,False,False,,,frozen_zero_shot_probability,frozen_1800s_median_midpoint_policy,0.5,0.5,41,68,109,42ef7e503ebe0f60b7de8eeb585c48440f02b30392b16a9c9f45196726ea1fe7,0.8228120516499282,0.8228120516499282,0.0,0.8808672870353205,0.8808672870353205,0.0,0.45046663882004395,0.45046663882004395,0.0,1.5678045131292018,1.5678045131292018,0.0,0.5661764705882353,0.5661764705882353,0.0,0.4076632587270885,0.4076632587270885,0.0
xgboost,1,7150e10a,attention,target_attention,True,True,xgboost__fold_01__attention__7150e10a__weighted_aug__96ee98827b9b,96ee98827b9b36c60275ab9c67897c403204159d22dbb17b378928789f972830,personalized_model_predict_proba_high,fixed_probability_threshold_0.5,0.5,0.3692134991288185,174,293,467,61ecb55c21d1173067e59adf8f90702ba8c49572611592a6257797d408311185,0.8701894786395198,0.9148130712800596,0.04462359264053983,0.9176384576243843,0.941341670162989,0.023703212538604634,0.14729543356312555,0.11396274396668901,0.03333268959643654,0.4472024938252567,0.3656853546671026,0.08151713915815406,0.7393001451492685,0.8300870895610215,0.09078694441175306,0.7442638599311713,0.8258011384280005,0.08153727849682924
lightgbm,1,7150e10a,attention,target_attention,True,True,lightgbm__fold_01__attention__7150e10a__weighted_aug__ac3d28c60793,ac3d28c60793e23f470a56bb2bce544316173ebaf55a90d5ae4a046f8469717b,personalized_model_predict_proba_high,fixed_probability_threshold_0.5,0.5,0.4670936405439791,174,293,467,61ecb55c21d1173067e59adf8f90702ba8c49572611592a6257797d408311185,0.8386685496842021,0.9141853987681928,0.0755168490839907,0.889097525826628,0.937721894831921,0.04862436900529299,0.15626630354309543,0.11652967053650637,0.039736633006589056,0.47448861750259175,0.3793435110825088,0.09514510642008295,0.7012278843513398,0.815905613746028,0.11467772939468823,0.7093355928302815,0.8262303438081403,0.11689475097785884
xgboost,1,71f0603f,attention,target_attention,True,True,xgboost__fold_01__attention__71f0603f__weighted_aug__6b65a511b8db,6b65a511b8db5f3ff60702a68623e5d9f1190517130a2030cbfe67d8bbd5a06d,personalized_model_predict_proba_high,fixed_probability_threshold_0.5,0.5,0.6634548604488373,228,305,533,595ed4334245853a6b5b381c05dd115a0859ce688496b5a07eacb19f52a08d68,0.8146246764452114,0.8121081392004602,-0.0025165372447512047,0.8427831316800338,0.8466080417952433,0.0038249101152094678,0.1983446841586001,0.21723326802665016,-0.018888583868050063,0.640588793482951,0.697313558027452,-0.05672476454450104,0.7122375611159045,0.7154515386827724,0.0032139775668679205,0.699726768260049,0.7081412396446046,0.008414471384555644
lightgbm,1,71f0603f,attention,target_attention,True,True,lightgbm__fold_01__attention__71f0603f__weighted_aug__b49534a6f298,b49534a6f2987e3a022e8e1b9a95fe0a2664e40059ba1a475325c79553c6647d,personalized_model_predict_proba_high,fixed_probability_threshold_0.5,0.5,0.6132045821970098,228,305,533,595ed4334245853a6b5b381c05dd115a0859ce688496b5a07eacb19f52a08d68,0.8021282714984181,0.8182053494391717,0.016077077940753526,0.8238096705561277,0.8407652872528927,0.01695561669676493,0.18203313190858103,0.1860217292140859,-0.003988597305504882,0.5429418199253045,0.5505150613964107,-0.007573241471106162,0.6979508196721311,0.7225409836065574,0.024590163934426257,0.6896931333425071,0.7168989547038327,0.027205821361325544
xgboost,1,81f1f0fe,attention,target_attention,True,True,xgboost__fold_01__attention__81f1f0fe__weighted_aug__eebb21b2145a,eebb21b2145a74ea58d2fbc5d565012d12371f3c8f425702a378307a8a9ca3cb,personalized_model_predict_proba_high,fixed_probability_threshold_0.5,0.5,0.033536356408149,147,138,285,2c156a20756451143c44d5935b34082b6e4d0b9918f64717ce6446d39ab32810,0.7853692201518289,0.8697623977127082,0.08439317756087938,0.7734103534685295,0.8534409951077364,0.08003064163920692,0.2497327969879093,0.15901273897281817,0.09072005801509112,0.8147215328487031,0.5073724712405155,0.30734906160818753,0.679902395740905,0.7840875480627034,0.10418515232179837,0.6633216894252143,0.7844362608339843,0.12111457140877002
lightgbm,1,81f1f0fe,attention,target_attention,True,True,lightgbm__fold_01__attention__81f1f0fe__weighted_aug__27a948927c4f,27a948927c4fbbc3d02ec84b8a8d507e42b8abadaa7e10983d816bb253b0b32b,personalized_model_predict_proba_high,fixed_probability_threshold_0.5,0.5,0.255299823709956,147,138,285,2c156a20756451143c44d5935b34082b6e4d0b9918f64717ce6446d39ab32810,0.860051266883565,0.8780439712116731,0.017992704328108067,0.8498447340846258,0.8714829607164496,0.021638226631823798,0.16565447448038034,0.14344115819875822,0.022213316281622125,0.4956843451300403,0.4355929206660302,0.06009142446401006,0.7685595977521443,0.7670807453416149,-0.0014788524105294742,0.7629393288557276,0.7673872180451128,0.004447889189385212
xgboost,1,a1721173,attention,target_attention,False,False,,,frozen_zero_shot_probability,frozen_1800s_median_midpoint_policy,0.5,0.5,18,62,80,211ebc1cd6df47b34e3b1d800c509f307ad1f775cf8de153a1d2901a282fae14,0.9283154121863799,0.9283154121863799,0.0,0.9778031029905306,0.9778031029905306,0.0,0.11266249342559478,0.11266249342559478,0.0,0.3526894978054183,0.3526894978054183,0.0,0.8440860215053764,0.8440860215053764,0.0,0.8062953995157385,0.8062953995157385,0.0
lightgbm,1,a1721173,attention,target_attention,False,False,,,frozen_zero_shot_probability,frozen_1800s_median_midpoint_policy,0.5,0.5,18,62,80,211ebc1cd6df47b34e3b1d800c509f307ad1f775cf8de153a1d2901a282fae14,0.9399641577060932,0.9399641577060932,0.0,0.983355936782718,0.983355936782718,0.0,0.12970038446617524,0.12970038446617524,0.0,0.4064761602347401,0.4064761602347401,0.0,0.8593189964157706,0.8593189964157706,0.0,0.7793712079426365,0.7793712079426365,0.0
xgboost,1,c060c06a,attention,target_attention,True,True,xgboost__fold_01__attention__c060c06a__weighted_aug__314ab1cdba31,314ab1cdba317b5d666acb0032db50b999d0f555e796c884333568cbe5e1b79e,personalized_model_predict_proba_high,fixed_probability_threshold_0.5,0.5,0.7317550256848335,83,86,169,eb8d727273c0c421a049f443f3f7ae8a293e842d39d56931283349fd0efb50e6,0.9230876996357523,0.9338750350238163,0.010787335388063979,0.9336175748877598,0.9495551209964118,0.015937546108652056,0.17600725551699425,0.15078170609899522,0.025225549417999038,0.5647092603748451,0.49410496066344034,0.0706042997114048,0.8207481087139255,0.7902073409918744,-0.030540767722051054,0.8202127659574469,0.7870540375130504,-0.03315872844439649
lightgbm,1,c060c06a,attention,target_attention,True,True,lightgbm__fold_01__attention__c060c06a__weighted_aug__e2b70d9f0fc9,e2b70d9f0fc98486e01f66fe7035a4275c260831dc33e1a66308a576b3a51804,personalized_model_predict_proba_high,fixed_probability_threshold_0.5,0.5,0.7730366289834667,83,86,169,eb8d727273c0c421a049f443f3f7ae8a293e842d39d56931283349fd0efb50e6,0.939058559820678,0.9624544690389465,0.023395909218268507,0.9463389433709222,0.9725986463956493,0.026259703024727132,0.19239375411395823,0.10970724241324563,0.0826865117007126,0.5546692768932382,0.3309498967670204,0.22371938012621778,0.8386102549733818,0.8321658727934995,-0.006444382179882302,0.8384035131210823,0.8311929223744292,-0.007210590746653089
xgboost,1,c112918e,attention,target_attention,True,True,xgboost__fold_01__attention__c112918e__weighted_aug__52f437923084,52f4379230842c3525e093cfdf69bf694c27416a0d7e820acec871bf7220ff0e,personalized_model_predict_proba_high,fixed_probability_threshold_0.5,0.5,0.9940013140439988,316,177,493,8126a2bf5f4ff63741b2a79a15ad4f0db1b4ca1309d675f388195160fa918c5e,0.8450082242723308,0.9005399413573625,0.055531717085031684,0.7473791183083343,0.8488308782920547,0.10145175998372047,0.4262373662990219,0.26714239082380364,0.15909497547521828,1.8108940684087471,0.9365956731475115,0.8742983952612357,0.7544428949438604,0.7260423371236502,-0.028400557820210226,0.7538077403245942,0.6544202539996702,-0.099387486324924
lightgbm,1,c112918e,attention,target_attention,True,True,lightgbm__fold_01__attention__c112918e__weighted_aug__68bf77ceeb41,68bf77ceeb41253a2f66a4e23c873b0703a01c24e0eecb04cd022dcf6080c590,personalized_model_predict_proba_high,fixed_probability_threshold_0.5,0.5,0.9590321253397502,316,177,493,8126a2bf5f4ff63741b2a79a15ad4f0db1b4ca1309d675f388195160fa918c5e,0.8753307587785166,0.8876492884216549,0.012318529643138287,0.7952415976062019,0.8285786460059777,0.033337048399775804,0.3890978412069524,0.24150279910433256,0.14759504210261984,1.203574514315157,0.7218765543181473,0.4816979599970097,0.7907190874633484,0.7128209254094258,-0.07789816205392264,0.7932242832595959,0.6422233217878938,-0.15100096147170217
xgboost,1,d111e017,attention,target_attention,True,True,xgboost__fold_01__attention__d111e017__weighted_aug__ce4e8cf3da68,ce4e8cf3da688f1994b1d48310c5135298240a0538e8bdef3394c8de367b2157,personalized_model_predict_proba_high,fixed_probability_threshold_0.5,0.5,0.5052454373799264,399,405,804,235dd48d193a12eb10b16b0ad8ec61effb88a9ad5139f185ef89718f569194f2,0.9187227327578205,0.9174046226677806,-0.0013181100900399034,0.9238436174791949,0.9188386808333906,-0.005004936645804259,0.12250808513063634,0.12468662900653237,-0.0021785438758960274,0.3924880022531585,0.400374314649236,-0.00788631239607751,0.8270583867075095,0.8205513784461154,-0.006507008261394165,0.8270820600499772,0.8204054280448987,-0.006676632005078509
lightgbm,1,d111e017,attention,target_attention,True,True,lightgbm__fold_01__attention__d111e017__weighted_aug__3a93899dbe3e,3a93899dbe3e4862c717828d3843671d5172758fa1d05c9358dea3eca89d198d,personalized_model_predict_proba_high,fixed_probability_threshold_0.5,0.5,0.5477014768836866,399,405,804,235dd48d193a12eb10b16b0ad8ec61effb88a9ad5139f185ef89718f569194f2,0.9183019276586527,0.9117856369318358,-0.00651629072681692,0.9132522224245208,0.9076023960358524,-0.0056498263886684,0.11595604209698922,0.12081626638162325,-0.004860224284634035,0.3720106375340333,0.3846917388169908,-0.012681101282957519,0.8481759955444166,0.826779912744825,-0.021396082799591598,0.848212682987218,0.8266636680186433,-0.021549014968574642
xgboost,1,f1d06060,attention,target_attention,True,True,xgboost__fold_01__attention__f1d06060__weighted_aug__88ca456225cb,88ca456225cb08c5561a491750bdf2e903aa671e5d0c4745b81ec60ad7a51f63,personalized_model_predict_proba_high,fixed_probability_threshold_0.5,0.5,0.0856398865580558,43,235,278,e30709a151cd8312e9d27197dac67fb19c01e5099bfe6b777cdcdd81a46460b2,0.8900544285007422,0.8764967837704106,-0.013557644730331608,0.9777184736449533,0.9739745367737109,-0.003743936871242415,0.31424698762994285,0.2951736979450181,0.019073289684924777,1.0980057461546509,1.0835215840147328,0.0144841621399181,0.7932211776348342,0.7427016328550222,-0.05051954477981202,0.7058747099767981,0.5566440735888819,-0.14923063638791623
lightgbm,1,f1d06060,attention,target_attention,True,True,lightgbm__fold_01__attention__f1d06060__weighted_aug__466a0daa0e80,466a0daa0e809a30d7ac48cfcfa7067ec55b10251db88c04f061fad292d59736,personalized_model_predict_proba_high,fixed_probability_threshold_0.5,0.5,0.1905398517673325,43,235,278,e30709a151cd8312e9d27197dac67fb19c01e5099bfe6b777cdcdd81a46460b2,0.8891637803067788,0.9009401286491836,0.011776348342404819,0.9765465692937949,0.9804993698585242,0.003952800564729242,0.33530144137872303,0.24457639362688094,0.09072504775184209,0.9516495631450257,0.7286304129588766,0.22301915018614904,0.8281048985650667,0.7809995051954478,-0.04710539336961894,0.7259783878504673,0.6092703349282297,-0.11670805292223763
xgboost,1,30c140ca,engagement,target_engagement,True,True,xgboost__fold_01__engagement__30c140ca__weighted_aug__209e4755e912,209e4755e9124a0e4e042a2fe3c06cd92b627e46ae958f45d55cbc4b044c8c87,personalized_model_predict_proba_high,fixed_probability_threshold_0.5,0.5,0.2809257097542286,104,33,137,b7f6f77ed997514dd1d604766a8293d61d7cb76feaa867cfae5227702ff56bc9,0.8895687645687645,0.886946386946387,-0.002622377622377492,0.7938248510432989,0.7827239133439882,-0.011100937699310753,0.16824840814942363,0.14274061390741283,0.0255077942420108,0.520617100296729,0.45703741671305154,0.0635796835836775,0.7581585081585082,0.8074009324009324,0.0492424242424242,0.6484828201695672,0.7742105610125914,0.1257277408430243
lightgbm,1,30c140ca,engagement,target_engagement,True,True,lightgbm__fold_01__engagement__30c140ca__weighted_aug__ca96a83e2ede,ca96a83e2ede5a2699edda4b7a4eb6323d5d0702bfdb102351182da013edc6ef,personalized_model_predict_proba_high,fixed_probability_threshold_0.5,0.5,0.533822464513616,104,33,137,b7f6f77ed997514dd1d604766a8293d61d7cb76feaa867cfae5227702ff56bc9,0.8601398601398602,0.8569347319347319,-0.0032051282051283048,0.7425468768757744,0.7543726569862644,0.01182578011049007,0.19555120390941036,0.13539826539907013,0.06015293851034023,0.5647213348746718,0.43123104855916755,0.13349028631550425,0.7855477855477855,0.7922494172494172,0.006701631701631738,0.7085106382978723,0.763290802764487,0.05478016446661471
xgboost,1,3110e0c7,engagement,target_engagement,True,True,xgboost__fold_01__engagement__3110e0c7__weighted_aug__da1b49603d09,da1b49603d0995e2cfff6ec5086ac0f97115063e75c27cc238760a0910399972,personalized_model_predict_proba_high,fixed_probability_threshold_0.5,0.5,0.878354012966156,75,103,178,d34e5a82fa8db562f681fdcd62e792efd7b3d5c156eb3a246a472ad073a23bbc,0.6759870550161812,0.6428478964401294,-0.033139158576051764,0.7324995295920043,0.7269753040207084,-0.005524225571295838,0.27830225908747575,0.3190954272848551,-0.04079316819737938,0.9512224230224506,1.0619867293943586,-0.11076430637190793,0.6056957928802589,0.5839482200647249,-0.021747572815533966,0.567574478966884,0.5728179866110901,0.0052435076442061135
lightgbm,1,3110e0c7,engagement,target_engagement,True,True,lightgbm__fold_01__engagement__3110e0c7__weighted_aug__b218015d195b,b218015d195b22e989c9d25975fb0e4156805be3d3bf69fba13d903755dfbc39,personalized_model_predict_proba_high,fixed_probability_threshold_0.5,0.5,0.8793922874698072,75,103,178,d34e5a82fa8db562f681fdcd62e792efd7b3d5c156eb3a246a472ad073a23bbc,0.6419417475728155,0.6337864077669902,-0.008155339805825279,0.7119828050524746,0.7096062444071511,-0.0023765606453234334,0.2638780970558745,0.2659053920187801,-0.0020272949629056014,0.7826628337900219,0.7571521420245058,0.025510691765516125,0.5559223300970874,0.5997411003236246,0.04381877022653724,0.4915788436915197,0.5936588459099557,0.10208000221843594
xgboost,1,7150e10a,engagement,target_engagement,True,True,xgboost__fold_01__engagement__7150e10a__weighted_aug__8e62caeef254,8e62caeef2543856c606ef98fca8df8b94322ee280b9874205e9fb34da3dd512,personalized_model_predict_proba_high,fixed_probability_threshold_0.5,0.5,0.1805241269757971,311,135,446,16aa6107d40974882689466629f9195169c84121a5d31d071e4e97551edcae97,0.8942717637251398,0.8999642729546267,0.005692509229486831,0.8236213866742428,0.8317457632000366,0.008124376525793786,0.14297363028890098,0.1348027324582947,0.008170897830606288,0.5571919391227422,0.5455628623485129,0.011629076774229308,0.7714064546861974,0.7299749910682386,-0.0414314636179588,0.7844396321752503,0.7571009635525765,-0.027338668622673756
lightgbm,1,7150e10a,engagement,target_engagement,True,True,lightgbm__fold_01__engagement__7150e10a__weighted_aug__b82f62aa2bef,b82f62aa2beff6572c77b09c585c319c2e941cdbf70091ac4550982fd1612068,personalized_model_predict_proba_high,fixed_probability_threshold_0.5,0.5,0.2832352311930217,311,135,446,16aa6107d40974882689466629f9195169c84121a5d31d071e4e97551edcae97,0.9116351077765869,0.9133023698940097,0.001667262117422852,0.8692742391201483,0.852383147529078,-0.016891091591070384,0.11313819054996715,0.11978887743536144,-0.0066506868853942885,0.3766789797518854,0.3835869898367477,-0.006908010084862304,0.8419197332380612,0.73319042515184,-0.10872930808622128,0.8520784198113207,0.7617521367521367,-0.090326283059184
xgboost,1,71f0603f,engagement,target_engagement,True,True,xgboost__fold_01__engagement__71f0603f__weighted_aug__d7b7ea7580ce,d7b7ea7580ce807ffcfac8c4018c1f0b97220cbc8097bddcaa9daeb823fcbac6,personalized_model_predict_proba_high,fixed_probability_threshold_0.5,0.5,0.5167225860059261,328,296,624,b9e416d0ae782905233d16d9fb5ef741890087f7eab54551646b30d85e5ede93,0.883765243902439,0.8898628048780487,0.0060975609756096505,0.8721109334479437,0.87169732433682,-0.0004136091111236473,0.14305772963257257,0.14610859746877083,-0.003050867836198262,0.5917247826442121,0.5595514570044208,0.03217332563979136,0.8288150955833882,0.816455174686882,-0.012359920896506171,0.8282923617772543,0.8155682405220426,-0.012724121255211718
lightgbm,1,71f0603f,engagement,target_engagement,True,True,lightgbm__fold_01__engagement__71f0603f__weighted_aug__11e5fbc1b4d1,11e5fbc1b4d14c760d1c95de0404551e384417055fe5cecdc57d2a7bbd7b33e3,personalized_model_predict_proba_high,fixed_probability_threshold_0.5,0.5,0.4905642115260782,328,296,624,b9e416d0ae782905233d16d9fb5ef741890087f7eab54551646b30d85e5ede93,0.8840330421885301,0.8844656394199077,0.0004325972313776738,0.8774229334864233,0.8706479447989108,-0.006774988687512473,0.13463639097455155,0.13320292721102697,0.0014334637635245728,0.4562424265384186,0.4567675882777368,-0.0005251617393181585,0.8387854317732366,0.8293094924192486,-0.00947593935398805,0.8379908229759778,0.8283982759639875,-0.009592547011990304
xgboost,1,81f1f0fe,engagement,target_engagement,True,True,xgboost__fold_01__engagement__81f1f0fe__weighted_aug__cf3e0b3cef6f,cf3e0b3cef6ff94444aa1fc2db2668bc1fb8e148633f8863c10564d8406b95ca,personalized_model_predict_proba_high,fixed_probability_threshold_0.5,0.5,0.6240503340959549,33,289,322,65315387c9e25fe45f52e8ba48ab49af392d37dc4139620d8f92b974230a199b,0.8845548914753067,0.9030093320750759,0.018454440599769195,0.9830939417899318,0.9860456396988007,0.0029516979088688444,0.1701536052692926,0.24115583534270907,-0.07100223007341647,0.5651985471481621,0.9620381363491274,-0.3968395892009653,0.7819544930271574,0.7867253853413023,0.004770892314144959,0.5928011394646113,0.5841942148760331,-0.008606924588578257
lightgbm,1,81f1f0fe,engagement,target_engagement,True,True,lightgbm__fold_01__engagement__81f1f0fe__weighted_aug__5babf04d1ca3,5babf04d1ca383673ae395e9bab941e1c8ca73b232fae6154e80edf22a4d8635,personalized_model_predict_proba_high,fixed_probability_threshold_0.5,0.5,0.6066105566556468,33,289,322,65315387c9e25fe45f52e8ba48ab49af392d37dc4139620d8f92b974230a199b,0.8677781272936983,0.8954597881933521,0.027681660899653848,0.9788991936422897,0.9836653622290907,0.004766168586801012,0.18359705379019672,0.1873786137947102,-0.00378156000451349,0.5599396200092527,0.5953155933578729,-0.03537597334862019,0.7676942434727902,0.8178672538534131,0.05017301038062283,0.5581024442713549,0.6295942988608945,0.07149185458953955
xgboost,1,a1721173,engagement,target_engagement,False,False,,,frozen_zero_shot_probability,frozen_1800s_median_midpoint_policy,0.5,0.5,33,14,47,4d826942164a95e47093c7ae84f91f2ba9f28e3dec087edef66f7eed90a6c4a0,0.8722943722943723,0.8722943722943723,0.0,0.6856228820199408,0.6856228820199408,0.0,0.38169995729472855,0.38169995729472855,0.0,1.4920863394713675,1.4920863394713675,0.0,0.6818181818181819,0.6818181818181819,0.0,0.5523809523809524,0.5523809523809524,0.0
lightgbm,1,a1721173,engagement,target_engagement,False,False,,,frozen_zero_shot_probability,frozen_1800s_median_midpoint_policy,0.5,0.5,33,14,47,4d826942164a95e47093c7ae84f91f2ba9f28e3dec087edef66f7eed90a6c4a0,0.8701298701298701,0.8701298701298701,0.0,0.6297252924602548,0.6297252924602548,0.0,0.3465176796866444,0.3465176796866444,0.0,1.0219176900321134,1.0219176900321134,0.0,0.6515151515151515,0.6515151515151515,0.0,0.5070679434564523,0.5070679434564523,0.0
xgboost,1,c060c06a,engagement,target_engagement,True,True,xgboost__fold_01__engagement__c060c06a__weighted_aug__ff8e6649731c,ff8e6649731c9636244cadcd3d2dc30cb80826da0267c54bec6e36d142469ac0,personalized_model_predict_proba_high,fixed_probability_threshold_0.5,0.5,0.5308271422982216,98,84,182,600fdaf46a0b79041c15c1a3f9972f4b772b1388911edd38c067c77de2ffb5f0,0.9088921282798834,0.9582118561710399,0.04931972789115646,0.9165263316506811,0.9568362069185758,0.04030987526789476,0.1474350111704345,0.08354953304491074,0.06388547812552377,0.45044267049322617,0.2610811252943795,0.18936154519884668,0.8001700680272108,0.8809523809523809,0.08078231292517013,0.7966480446927375,0.8830584707646176,0.0864104260718801
lightgbm,1,c060c06a,engagement,target_engagement,True,True,lightgbm__fold_01__engagement__c060c06a__weighted_aug__1cce0e4e2b6c,1cce0e4e2b6ccf9d486a481cb74b3c290f20d7ad827009794f6a27e1c100fcb3,personalized_model_predict_proba_high,fixed_probability_threshold_0.5,0.5,0.5585559240579577,98,84,182,600fdaf46a0b79041c15c1a3f9972f4b772b1388911edd38c067c77de2ffb5f0,0.9186103012633625,0.9647716229348883,0.04616132167152576,0.9242355747864962,0.9651480652225518,0.040912490436055604,0.1255299573875914,0.07330767039274594,0.05222228699484546,0.37687120366537463,0.23709291721542664,0.139778286449948,0.8188775510204082,0.8869047619047619,0.0680272108843537,0.8180165439505499,0.8887666544432221,0.07075011049267221
xgboost,1,c112918e,engagement,target_engagement,True,True,xgboost__fold_01__engagement__c112918e__weighted_aug__9b1559281b1e,9b1559281b1e958af3a1408f587e39330b1cb2207f3bc16f4bd49325031d511c,personalized_model_predict_proba_high,fixed_probability_threshold_0.5,0.5,0.7804114669561386,235,197,432,959460e0472e73056b3a4df2f8b435ecaeab0a8eede79db4f3c9ebea328d06f7,0.8145156064369803,0.8736148612161141,0.0590992547791338,0.7857855401214948,0.8527626092652064,0.0669770691437116,0.19650101463741002,0.22324582335923362,-0.02674480872182361,0.6553096914748108,0.8721229281061016,-0.21681323663129082,0.6415703639701912,0.7008424235878604,0.05927205961766924,0.6171138506163887,0.6906393861892584,0.07352553557286967
lightgbm,1,c112918e,engagement,target_engagement,True,True,lightgbm__fold_01__engagement__c112918e__weighted_aug__65ea100de815,65ea100de815c201ccd166330ff73c90cc47cd9db7073f254ebf743034e9c51c,personalized_model_predict_proba_high,fixed_probability_threshold_0.5,0.5,0.7543825090080454,235,197,432,959460e0472e73056b3a4df2f8b435ecaeab0a8eede79db4f3c9ebea328d06f7,0.8049681391078951,0.8760557295604278,0.07108759045253266,0.7891352234238872,0.8626886611903588,0.07355343776647161,0.18103850036961303,0.19527819590836645,-0.014239695538753427,0.5486418847522448,0.6046924929800113,-0.05605060822776642,0.6340317528890809,0.6974835295388271,0.06345177664974622,0.6002425093334185,0.6852841185041283,0.0850416091707098
xgboost,1,d111e017,engagement,target_engagement,False,False,,,frozen_zero_shot_probability,frozen_1800s_median_midpoint_policy,0.5115595236420631,0.5115595236420631,407,284,691,08f51ad31afd6ccce5c9eed46c35ec15135086aa84866c6c243f5984c0c794db,0.7981927189673669,0.7981927189673669,0.0,0.6515986940877155,0.6515986940877155,0.0,0.2664578209276328,0.2664578209276328,0.0,1.3652498298655076,1.3652498298655076,0.0,0.7537676921479739,0.7537676921479739,0.0,0.707114034790275,0.707114034790275,0.0
lightgbm,1,d111e017,engagement,target_engagement,False,False,,,frozen_zero_shot_probability,frozen_1800s_median_midpoint_policy,0.5425497750325015,0.5425497750325015,407,284,691,08f51ad31afd6ccce5c9eed46c35ec15135086aa84866c6c243f5984c0c794db,0.7876596186455341,0.7876596186455341,0.0,0.6688186177036644,0.6688186177036644,0.0,0.24654891975525775,0.24654891975525775,0.0,0.8213938603014449,0.8213938603014449,0.0,0.7407473094092812,0.7407473094092812,0.0,0.6957751248835831,0.6957751248835831,0.0
xgboost,1,f1d06060,engagement,target_engagement,True,True,xgboost__fold_01__engagement__f1d06060__weighted_aug__57155806ae55,57155806ae5599fb1ae669a563aa7c1359fc813decfc7db471c80dc7ba8edae2,personalized_model_predict_proba_high,fixed_probability_threshold_0.5,0.5,0.2039802524086553,207,53,260,3df9af7d5b9bb00fb6f2ccfab376d1d42a30a614f1f7291c48fb081ed028ecae,0.8969100355482635,0.9055692279646341,0.008659192416370587,0.6806731344997058,0.7442783883263968,0.06360525382669102,0.11142461466460868,0.11160280613011977,-0.0001781914655110961,0.39189051349492277,0.3551659382417059,0.03672457525321687,0.771989791267888,0.7393127335703218,-0.032677057697566236,0.7518610421836228,0.7393127335703218,-0.012548308613301029
lightgbm,1,f1d06060,engagement,target_engagement,True,True,lightgbm__fold_01__engagement__f1d06060__weighted_aug__eafb2c427217,eafb2c42721721df565da658ee325bc52fb755f0dbea90b2cfdb7df51863b78b,personalized_model_predict_proba_high,fixed_probability_threshold_0.5,0.5,0.2452628764821561,207,53,260,3df9af7d5b9bb00fb6f2ccfab376d1d42a30a614f1f7291c48fb081ed028ecae,0.9014675052410902,0.9033816425120773,0.001914137270987104,0.6680779703854322,0.72103376062075,0.05295579023531782,0.09998525009729219,0.10392247298333378,-0.003937222886041591,0.30722924228929754,0.31228002594949383,-0.00505078366019629,0.802023516543615,0.7818795005013217,-0.020144016042293322,0.7486659964426572,0.7779575692197052,0.02929157277704797
xgboost,1,30c140ca,excitement,target_excitement,True,True,xgboost__fold_01__excitement__30c140ca__weighted_aug__1134dd8d66f7,1134dd8d66f7b91b57bda4b2286485753ed166b04be3ed64d7ac262bec8dece0,personalized_model_predict_proba_high,fixed_probability_threshold_0.5,0.5,0.6264969706535339,113,47,160,156805c476a35a05e48cb3733a91ca484da7b5fa15e2db079f90e1f31cc1de4b,0.9201656938429674,0.911504424778761,-0.00866126906420639,0.8750227786964095,0.8661373513042281,-0.008885427392181455,0.1607050626794833,0.16159339315918372,-0.000888330479700411,0.6458685621910553,0.6650441216778468,-0.019175559486791505,0.8424025607230277,0.8273394840896253,-0.01506307663340234,0.7971602434077079,0.7836375929682218,-0.013522650439486084
lightgbm,1,30c140ca,excitement,target_excitement,True,True,lightgbm__fold_01__excitement__30c140ca__weighted_aug__0aebc9616f5a,0aebc9616f5abfeebdbce5ac2b727b76fbb4030d6648e69a2cab3287ab0b7405,personalized_model_predict_proba_high,fixed_probability_threshold_0.5,0.5,0.7061418771486591,113,47,160,156805c476a35a05e48cb3733a91ca484da7b5fa15e2db079f90e1f31cc1de4b,0.9160233477687818,0.9116927132366786,-0.00433063453210325,0.8799340059089636,0.8693496750122056,-0.010584330896758032,0.13121278629334182,0.13657922005599915,-0.00536643376265733,0.4315554400843215,0.46579001336875175,-0.03423457328443025,0.837883637733007,0.849463377894935,0.011579740161927976,0.8254545454545454,0.8137850769429718,-0.011669468511573688
xgboost,1,3110e0c7,excitement,target_excitement,True,True,xgboost__fold_01__excitement__3110e0c7__weighted_aug__d8ad80999d4d,d8ad80999d4d625a8ffca9f82faba77203d58472b635b98d3f9b323cfcf81514,personalized_model_predict_proba_high,fixed_probability_threshold_0.5,0.5,0.099078160317731,62,171,233,4c54fc7d6ffdc9446ea942e3f690fc0de0d64fb490066333b73cf3d51681840a,0.9100169779286926,0.9619883040935673,0.051971326164874654,0.9682797829538066,0.9772892958147401,0.009009512860933544,0.1340312917961564,0.06145961816488982,0.07257167363126657,0.5594276219476658,0.2599324635438678,0.29949515840379803,0.7347670250896057,0.8621958121109224,0.12742878702131677,0.7432223936521931,0.8876538510341327,0.14443145738193963
lightgbm,1,3110e0c7,excitement,target_excitement,True,True,lightgbm__fold_01__excitement__3110e0c7__weighted_aug__3632ab51cc02,3632ab51cc02c7583a07cd23dc60f6c5c3ee8ee1f650894b776d40d81800b89e,personalized_model_predict_proba_high,fixed_probability_threshold_0.5,0.5,0.1307970594503009,62,171,233,4c54fc7d6ffdc9446ea942e3f690fc0de0d64fb490066333b73cf3d51681840a,0.8955857385398979,0.9694397283531409,0.07385398981324298,0.9568339325625943,0.9862039216446468,0.02936998908205246,0.1278272078874164,0.05463205165171684,0.07319515623569955,0.4650272803192534,0.19677510306790996,0.2682521772513434,0.7274099226561026,0.8776174306734579,0.15020750801735527,0.7414245359160614,0.891582788430926,0.1501582525148646
xgboost,1,7150e10a,excitement,target_excitement,True,True,xgboost__fold_01__excitement__7150e10a__weighted_aug__3b3247582f83,3b3247582f835cacdc8f2cbac37e6e99d38b17e62692c4f43ae6d9228a1bb116,personalized_model_predict_proba_high,fixed_probability_threshold_0.5,0.5,0.4999030850594863,320,82,402,391d7c318e625e81cf2e72fc210e438d1ba423387f7eb3f417a5aaf4445edd3b,0.9661585365853658,0.9511814024390245,-0.014977134146341275,0.924153469616419,0.9158582326943979,-0.008295236922021054,0.06279992793192621,0.06048573886207278,0.00231418906985343,0.26384835079020114,0.27030994196651,-0.006461591176308845,0.8200457317073171,0.8155106707317072,-0.00453506097560985,0.8636229330590179,0.8620162763660522,-0.00160665669296578
lightgbm,1,7150e10a,excitement,target_excitement,True,True,lightgbm__fold_01__excitement__7150e10a__weighted_aug__2fb6861efeb3,2fb6861efeb3cec926708e9508a7124aaff7c9a9cd332b19ae23d782df65ee9f,personalized_model_predict_proba_high,fixed_probability_threshold_0.5,0.5,0.502767405597144,320,82,402,391d7c318e625e81cf2e72fc210e438d1ba423387f7eb3f417a5aaf4445edd3b,0.9656631097560975,0.9539634146341464,-0.011699695121951126,0.9342769696672717,0.9217257424265223,-0.012551227240749419,0.051581324002072416,0.05210072167704993,-0.0005193976749775162,0.18143498607262182,0.1924958830778652,-0.011060897005243375,0.8338033536585365,0.8338033536585365,0.0,0.87752970361666,0.87752970361666,0.0
xgboost,1,71f0603f,excitement,target_excitement,True,True,xgboost__fold_01__excitement__71f0603f__weighted_aug__3923f2ae3e30,3923f2ae3e307034df4796a02699f3f2217b37b04969f270e4895d4bf4223baa,personalized_model_predict_proba_high,fixed_probability_threshold_0.5,0.5,0.9714453518390656,256,365,621,897a8c81caee2087a0f6590982f571d507fc215958f9a2d44b9d931f6a29f6b0,0.9612157534246574,0.9559075342465754,-0.0053082191780819965,0.9774497791608947,0.9736455308620822,-0.0038042482988125403,0.14757563333346596,0.13285579317726567,0.014719840156200287,0.5542831658693507,0.47663327802844074,0.07764988784090993,0.8938677226027397,0.802097602739726,-0.09177011986301375,0.8950126796280642,0.8122738072703747,-0.08273887235768951
lightgbm,1,71f0603f,excitement,target_excitement,True,True,lightgbm__fold_01__excitement__71f0603f__weighted_aug__6f1258cf0c6f,6f1258cf0c6f0ecd11d3d6c7fec7a47ff6f55dfcd11d227e490444dabae59a29,personalized_model_predict_proba_high,fixed_probability_threshold_0.5,0.5,0.9395402440593406,256,365,621,897a8c81caee2087a0f6590982f571d507fc215958f9a2d44b9d931f6a29f6b0,0.9684182363013698,0.960049229452055,-0.008369006849314853,0.9820786768746737,0.9765710566952652,-0.005507620179408423,0.1279912202508225,0.11479410019763917,0.013197120053183325,0.39028931576242676,0.3574974689441967,0.03279184681823005,0.9196382705479452,0.8036708047945205,-0.11596746575342476,0.9159485675614707,0.8146453089244852,-0.10130325863698553
xgboost,1,81f1f0fe,excitement,target_excitement,True,True,xgboost__fold_01__excitement__81f1f0fe__weighted_aug__307252d69fa5,307252d69fa5eb9c96879c9b67cc03dc97d156e3c4e7c76f4f2ec3a4d88fe045,personalized_model_predict_proba_high,fixed_probability_threshold_0.5,0.5,0.7445177063345909,121,188,309,29ec33230e5f5d7dc02e7944cc4a18e2ac1f68f1d70267757247387b4d29d51c,0.9635132758923861,0.9595568841216809,-0.00395639177070517,0.9791048586462547,0.9776520321750779,-0.001452826471176838,0.11434790349376912,0.10003010730406608,0.014317796189703039,0.406732242722691,0.37162131219446354,0.035110930528227446,0.8644935818533497,0.8588886935115175,-0.005604888341832148,0.8739575779550399,0.8696900965385186,-0.004267481416521335
lightgbm,1,81f1f0fe,excitement,target_excitement,True,True,lightgbm__fold_01__excitement__81f1f0fe__weighted_aug__151c1a0171e5,151c1a0171e54e5fe8181ad17fd206ccd232191cb9701e600cfd1fea5f488481,personalized_model_predict_proba_high,fixed_probability_threshold_0.5,0.5,0.6884072306984108,121,188,309,29ec33230e5f5d7dc02e7944cc4a18e2ac1f68f1d70267757247387b4d29d51c,0.9693159838227536,0.9613592403727801,-0.007956743449973547,0.9829420038059957,0.9788339114869211,-0.004108092319074608,0.09246544260331543,0.09175639938153257,0.0007090432217828624,0.2764488311693613,0.2776501704035776,-0.001201339234216281,0.8783629330050993,0.8387990152980482,-0.03956391770705103,0.8855311458111157,0.8465324182770453,-0.03899872753407041
xgboost,1,a1721173,excitement,target_excitement,False,False,,,frozen_zero_shot_probability,frozen_1800s_median_midpoint_policy,0.5,0.5,39,39,78,abac1927003aff084ae88553fc286844c8e9babc4312e3028eb6c5bf7b846953,0.9783037475345168,0.9783037475345168,0.0,0.9836779674708607,0.9836779674708607,0.0,0.058910507024747844,0.058910507024747844,0.0,0.21274620040062367,0.21274620040062367,0.0,0.9230769230769231,0.9230769230769231,0.0,0.9226190476190477,0.9226190476190477,0.0
lightgbm,1,a1721173,excitement,target_excitement,False,False,,,frozen_zero_shot_probability,frozen_1800s_median_midpoint_policy,0.5,0.5,39,39,78,abac1927003aff084ae88553fc286844c8e9babc4312e3028eb6c5bf7b846953,0.9737015121630506,0.9737015121630506,0.0,0.977704476690646,0.977704476690646,0.0,0.06998389442246598,0.06998389442246598,0.0,0.23187024041345664,0.23187024041345664,0.0,0.8974358974358974,0.8974358974358974,0.0,0.8968253968253967,0.8968253968253967,0.0
xgboost,1,c060c06a,excitement,target_excitement,True,True,xgboost__fold_01__excitement__c060c06a__weighted_aug__34e671fe7c8b,34e671fe7c8b3e7e510577574a7ff429d206f4088329910cccc8774d860b4259,personalized_model_predict_proba_high,fixed_probability_threshold_0.5,0.5,0.8400230407714844,126,34,160,e54ffb71f604e97bcafd2838613c608f11e60d7f72360e5b3de6354e8a0846cc,0.9794584500466853,0.9873949579831932,0.007936507936507908,0.944401224846138,0.9602470372768458,0.015845812430707817,0.15958415643008433,0.035696280322333726,0.12388787610775061,0.572114730205673,0.13736121532756793,0.4347535148781051,0.8991596638655461,0.9614845938375349,0.062324929971988796,0.8385794995964487,0.9378847540347179,0.09930525443826921
lightgbm,1,c060c06a,excitement,target_excitement,True,True,lightgbm__fold_01__excitement__c060c06a__weighted_aug__0a9a760c4210,0a9a760c42103a957a43aad37fccc4b6541c0a472866f49a39bb85dc5dc65411,personalized_model_predict_proba_high,fixed_probability_threshold_0.5,0.5,0.7222615414902049,126,34,160,e54ffb71f604e97bcafd2838613c608f11e60d7f72360e5b3de6354e8a0846cc,0.9778244631185808,0.9855275443510738,0.00770308123249297,0.9273367077218835,0.9575095011958774,0.03017279347399393,0.14775273639854308,0.042164659155658014,0.10558807724288508,0.4810526537657352,0.15707742777779368,0.3239752259879415,0.9059290382819795,0.9388422035480859,0.03291316526610644,0.8342459671451827,0.9121072291804,0.07786126203521726
xgboost,1,c112918e,excitement,target_excitement,True,True,xgboost__fold_01__excitement__c112918e__weighted_aug__93b0f96b3936,93b0f96b3936b012bc0cd1171ea68f9786bc7d9bfecf109e7e4ceb927aa4822b,personalized_model_predict_proba_high,fixed_probability_threshold_0.5,0.5,0.815933421254158,335,118,453,693e4056b5822d6afcffde91dc97469eea4081dfcf6bc773f6af498b88953a59,0.9391095370604604,0.9506197824437137,0.011510245383253292,0.8912695787471807,0.9128023818632125,0.021532803116031785,0.18736192418947262,0.09599781174747164,0.09136411244200097,0.703531998113169,0.3611764827751582,0.34235551533801084,0.8568555527447508,0.8877181887174298,0.03086263597267902,0.8146481178396072,0.8545984021289386,0.03995028428933134
lightgbm,1,c112918e,excitement,target_excitement,True,True,lightgbm__fold_01__excitement__c112918e__weighted_aug__519bcf3e7ad5,519bcf3e7ad520a2f5299364b7d09146bf4fbe6f32b0a37d0d058418bb9a044b,personalized_model_predict_proba_high,fixed_probability_threshold_0.5,0.5,0.6813897626981784,335,118,453,693e4056b5822d6afcffde91dc97469eea4081dfcf6bc773f6af498b88953a59,0.9503162155325069,0.9518593473311409,0.0015431317986339677,0.9152495877549215,0.9228782161305455,0.007628628375624058,0.12034938348905991,0.09222582174706344,0.02812356174199647,0.3814665012904093,0.29819885326886214,0.08326764802154718,0.8775107513281053,0.8832405767771313,0.005729825449026005,0.8423872703655595,0.8476410280200408,0.005253757654481328
xgboost,1,d111e017,excitement,target_excitement,True,True,xgboost__fold_01__excitement__d111e017__weighted_aug__948f58e2b9b4,948f58e2b9b4b9f7e0446bc311847247a7c5658ad0bfa7c70e5e5b48df4da323,personalized_model_predict_proba_high,fixed_probability_threshold_0.5,0.5,0.5000823613954708,374,429,803,b4efe3344b74faa0d6ed7bfd7572a901f2a57b5447f7cf36fcdfe5ea5564dfb6,0.9765029978933721,0.9785784625356818,0.0020754646423096768,0.9776546316773033,0.9804727682275874,0.002818136550284178,0.052716430662169515,0.05115895874651069,0.0015574719156588243,0.23343822751799703,0.22430200331454195,0.009136224203455084,0.9367544220485398,0.9387426299191005,0.001988207870560754,0.93734785593908,0.9397795165362598,0.0024316605971798078
lightgbm,1,d111e017,excitement,target_excitement,True,True,lightgbm__fold_01__excitement__d111e017__weighted_aug__c8860fa79b1a,c8860fa79b1a4796cc869511417a9df7e518cc8fa110b7bc5f5e06bb86493051,personalized_model_predict_proba_high,fixed_probability_threshold_0.5,0.5,0.4963984882947183,374,429,803,b4efe3344b74faa0d6ed7bfd7572a901f2a57b5447f7cf36fcdfe5ea5564dfb6,0.9760791792877355,0.9754247534996199,-0.0006544257881155868,0.9770037398319298,0.9746457213312691,-0.0023580185006606413,0.05351936317539245,0.05414991091113199,-0.0006305477357395409,0.19371623899839896,0.19737610868499192,-0.003659869686592959,0.9287330316742082,0.926230632112985,-0.002502399561223223,0.929742769292303,0.9272335824813139,-0.002509186810989106
xgboost,1,f1d06060,excitement,target_excitement,True,True,xgboost__fold_01__excitement__f1d06060__weighted_aug__20364a257c9e,20364a257c9e9c4339c6f0a83a110a86a43535386c5f72671adffd0e88bae92c,personalized_model_predict_proba_high,fixed_probability_threshold_0.5,0.5,0.5190723370760679,88,204,292,11b7f04710ffc1ab55fdca4f15be66510560f92884bf4dfe18ff28daed21a909,0.9674131016042781,0.9741532976827094,0.006740196078431349,0.985719774562383,0.9898170961494445,0.004097321587061442,0.087113056742894,0.07757022687465165,0.009542829868242356,0.3373287330750192,0.2516440161082405,0.0856847169667787,0.8407976827094474,0.8472593582887701,0.0064616755793226455,0.8611754917691805,0.8633198759581067,0.0021443841889261517
lightgbm,1,f1d06060,excitement,target_excitement,True,True,lightgbm__fold_01__excitement__f1d06060__weighted_aug__ad68366d7956,ad68366d79565cc864fe960f36466c69ac0f8632fcd0b8fa06ca641b624de521,personalized_model_predict_proba_high,fixed_probability_threshold_0.5,0.5,0.5554878944366123,88,204,292,11b7f04710ffc1ab55fdca4f15be66510560f92884bf4dfe18ff28daed21a909,0.9666889483065954,0.9705882352941176,0.003899286987522288,0.9860449600380137,0.9882980841804753,0.0022531241424615933,0.07886922253635269,0.07154090678086655,0.007328315755486134,0.25113929510704336,0.2198242861550948,0.03131500895194855,0.8464795008912656,0.8643048128342246,0.017825311942959,0.8660451350351461,0.8775150068706155,0.011469871835469325
xgboost,1,30c140ca,focus,target_focus,True,True,xgboost__fold_01__focus__30c140ca__weighted_aug__259398fafe39,259398fafe3949f87a1c0ff4db937dffa4e5c4a4b16bca90cfa6be8224806ad2,personalized_model_predict_proba_high,fixed_probability_threshold_0.5,0.5,0.2660715165548026,49,94,143,194aeb1b1fd6275088bac7237adb739bf065a09bd7bcb0d3401db5f681cb1849,0.8536691272253583,0.8148067737733392,-0.03886235345201905,0.9216092485357512,0.8992179224265814,-0.02239132610916983,0.2398891385734532,0.23138646341902544,0.008502675154427763,0.780649678735289,0.6956766220246628,0.08497305671062616,0.7694311767260096,0.695397307859314,-0.0740338688666956,0.7403147699757869,0.6540265639658323,-0.08628820600995468
lightgbm,1,30c140ca,focus,target_focus,True,True,lightgbm__fold_01__focus__30c140ca__weighted_aug__995ccd079502,995ccd0795026d32e2a6152b9e989b738db7bacb7c6cfb1df3680883eacc2c54,personalized_model_predict_proba_high,fixed_probability_threshold_0.5,0.5,0.3151848125422845,49,94,143,194aeb1b1fd6275088bac7237adb739bf065a09bd7bcb0d3401db5f681cb1849,0.8434650455927052,0.8412939643942683,-0.002171081198436897,0.9114272249805893,0.9133908562417096,0.0019636312611203133,0.2245028868972799,0.18150442792258564,0.04299845897469426,0.6464756642581335,0.5377315056252716,0.10874415863286191,0.7543421623968736,0.7428354320451585,-0.011506730351715122,0.7309433002796847,0.7075664621676891,-0.023376838111995535
xgboost,1,3110e0c7,focus,target_focus,True,True,xgboost__fold_01__focus__3110e0c7__weighted_aug__91559ece600f,91559ece600f792478d33f8a10c021377bdac6d0a5928b631ca260107808d4c8,personalized_model_predict_proba_high,fixed_probability_threshold_0.5,0.5,0.5,37,185,222,f9c03b5d4c62318fd1263b5af6ec519c3a8859d5f192852cd20660658954a74d,0.5972242512783055,0.6772826880934989,0.08005843681519342,0.882536893445135,0.8820343846084152,-0.0005025088367197617,0.24501432425405326,0.14542504738824474,0.09958927686580851,0.9020447296413567,0.5801262960972827,0.321918433544074,0.572972972972973,0.6270270270270271,0.05405405405405406,0.5546504559270516,0.6438101672014862,0.08915971127443456
lightgbm,1,3110e0c7,focus,target_focus,True,True,lightgbm__fold_01__focus__3110e0c7__weighted_aug__2adae2e1dc8c,2adae2e1dc8c8cbe6ebb7befdbf0d0a3a4423a81cf1658628f513fce9b853639,personalized_model_predict_proba_high,fixed_probability_threshold_0.5,0.5,0.5,37,185,222,f9c03b5d4c62318fd1263b5af6ec519c3a8859d5f192852cd20660658954a74d,0.6150474799123449,0.7190650109569029,0.10401753104455802,0.8885900494814607,0.922610333223545,0.03402028374208432,0.22155794220473993,0.1360506373810588,0.08550730482368113,0.6755302299138181,0.43943183109548134,0.23609839881833672,0.5486486486486487,0.6324324324324324,0.0837837837837837,0.5317151430523782,0.644059644059644,0.11234450100726578
xgboost,1,7150e10a,focus,target_focus,True,True,xgboost__fold_01__focus__7150e10a__weighted_aug__28f26d476f47,28f26d476f4713426c126a84bd051083e3adc14af14e0c8777f72488f65e4325,personalized_model_predict_proba_high,fixed_probability_threshold_0.5,0.5,0.8526435643434525,297,78,375,4be7ae15632de70c5b07ca2fc5f5dab3f5dee5c9f76dd2cd814e58e18675a538,0.7769144435811103,0.790986790986791,0.014072347405680752,0.6201775463076458,0.6342176109676216,0.01404006465997587,0.28957455282053296,0.144402143838224,0.14517240898230896,0.8821772003444455,0.4843554161788406,0.3978217841656049,0.7150997150997151,0.7264957264957265,0.011396011396011319,0.6905009272834963,0.7275684467335322,0.037067519450035835
lightgbm,1,7150e10a,focus,target_focus,True,True,lightgbm__fold_01__focus__7150e10a__weighted_aug__9f2167133e04,9f2167133e04969c88cd2286463c0241601a0fdf008b739abf88bd4f919933e8,personalized_model_predict_proba_high,fixed_probability_threshold_0.5,0.5,0.7267390945834876,297,78,375,4be7ae15632de70c5b07ca2fc5f5dab3f5dee5c9f76dd2cd814e58e18675a538,0.7808426141759476,0.7850297850297849,0.004187170853837352,0.6284614448180138,0.6411086575510898,0.012647212733076008,0.23051872997337117,0.14697043874845392,0.08354829122491725,0.6572794835009613,0.454840996108796,0.2024384873921653,0.6901061901061901,0.7204739704739704,0.030367780367780317,0.6803134725403395,0.7032187615832339,0.02290528904289446
xgboost,1,71f0603f,focus,target_focus,True,True,xgboost__fold_01__focus__71f0603f__weighted_aug__d9e4d2bda113,d9e4d2bda11332902624ca2b25dfa79987ada5bbb9dec416a696e76f3e8ab0bb,personalized_model_predict_proba_high,fixed_probability_threshold_0.5,0.5,0.9785388261079788,302,339,641,c782f2fde0942647968fc529161733ded7f9b917e78e60f5862de7c4515e4f59,0.8772197151731816,0.883612690226416,0.006392975053234329,0.8682914032026962,0.892198519780278,0.023907116577581822,0.18992591288560506,0.17932350492849736,0.010602407957107707,0.7755392526441087,0.6997192087785915,0.07582004386551722,0.7960645841880092,0.7565346070444823,-0.039529977143526907,0.7924611897823901,0.7554629799182079,-0.03699820986418223
lightgbm,1,71f0603f,focus,target_focus,True,True,lightgbm__fold_01__focus__71f0603f__weighted_aug__1c0734ac23be,1c0734ac23be3324b6d2a087d784941110bd2c5e45af475be270e9be89051674,personalized_model_predict_proba_high,fixed_probability_threshold_0.5,0.5,0.958327489757504,302,339,641,c782f2fde0942647968fc529161733ded7f9b917e78e60f5862de7c4515e4f59,0.8937174002227042,0.8878274629314893,-0.005889937291214897,0.9056140642474452,0.8911071584812486,-0.01450690576619662,0.15887920988186005,0.15311824063710391,0.005760969244756137,0.5087781737595252,0.48514056367237957,0.0236376100871456,0.7637089999804645,0.7642413409130868,0.0005323409326223327,0.749098242067503,0.7643809542991802,0.015282712231677209
xgboost,1,81f1f0fe,focus,target_focus,True,True,xgboost__fold_01__focus__81f1f0fe__weighted_aug__120f1541d701,120f1541d7011a975f3006c3125e17302c176f872a555caafb1669d2960a39e9,personalized_model_predict_proba_high,fixed_probability_threshold_0.5,0.5,0.1219528061337769,57,249,306,d285d791bc0bfc9ed4d523b7d22769abe2059da1e969816a6a1ddaeda173bc73,0.5898682449094624,0.8650038751497217,0.2751356302402592,0.8851137446270827,0.9666914806554763,0.08157773602839358,0.29303854489147935,0.12238589544300485,0.1706526494484745,1.0136210995299484,0.3867610622211736,0.6268600373087747,0.47231029380680617,0.6974212640033819,0.22511097019657572,0.4688614645125603,0.7041968373246759,0.23533537281211558
lightgbm,1,81f1f0fe,focus,target_focus,True,True,lightgbm__fold_01__focus__81f1f0fe__weighted_aug__bfae4ee92417,bfae4ee92417b53dfb81c9c31c9b956e3f0aeb2fff17fa0e2a59e1f1020da67e,personalized_model_predict_proba_high,fixed_probability_threshold_0.5,0.5,0.2410400878997248,57,249,306,d285d791bc0bfc9ed4d523b7d22769abe2059da1e969816a6a1ddaeda173bc73,0.7803142394137956,0.8416120622842246,0.06129782287042895,0.9445669323037673,0.9586255209345707,0.014058588630803337,0.1880794348897926,0.12134813284606398,0.06673130204372861,0.5567560666905892,0.3741667326683287,0.18258933402226046,0.5753540477700275,0.6786091735362503,0.10325512576622276,0.581640625,0.6798198166243993,0.09817919162439925
xgboost,1,a1721173,focus,target_focus,False,False,,,frozen_zero_shot_probability,frozen_1800s_median_midpoint_policy,0.5,0.5,19,39,58,3bf97c6028c6db8eb033d72e6e3a0d0029ca5c5699ba28968e051fed5b0ceb1f,0.6842105263157895,0.6842105263157895,0.0,0.8286039247003706,0.8286039247003706,0.0,0.22977333648712436,0.22977333648712436,0.0,0.7558818781151347,0.7558818781151347,0.0,0.6329284750337382,0.6329284750337382,0.0,0.6403100775193798,0.6403100775193798,0.0
lightgbm,1,a1721173,focus,target_focus,False,False,,,frozen_zero_shot_probability,frozen_1800s_median_midpoint_policy,0.5,0.5,19,39,58,3bf97c6028c6db8eb033d72e6e3a0d0029ca5c5699ba28968e051fed5b0ceb1f,0.659919028340081,0.659919028340081,0.0,0.8230897614480484,0.8230897614480484,0.0,0.22495711769712,0.22495711769712,0.0,0.6492699162417348,0.6492699162417348,0.0,0.5431848852901484,0.5431848852901484,0.0,0.5436195689360246,0.5436195689360246,0.0
xgboost,1,c060c06a,focus,target_focus,False,False,,,frozen_zero_shot_probability,frozen_1800s_median_midpoint_policy,0.398542545735836,0.398542545735836,220,10,230,2b8cc382aa3551b65caf887f3798dea9a55c5973a9ef8314106f5634c00f14ea,0.7086363636363636,0.7086363636363636,0.0,0.28336605637297113,0.28336605637297113,0.0,0.11349795174992444,0.11349795174992444,0.0,0.39012366732150616,0.39012366732150616,0.0,0.7204545454545455,0.7204545454545455,0.0,0.5699697972098374,0.5699697972098374,0.0
lightgbm,1,c060c06a,focus,target_focus,False,False,,,frozen_zero_shot_probability,frozen_1800s_median_midpoint_policy,0.4357630421520899,0.4357630421520899,220,10,230,2b8cc382aa3551b65caf887f3798dea9a55c5973a9ef8314106f5634c00f14ea,0.8186363636363636,0.8186363636363636,0.0,0.35662537066108496,0.35662537066108496,0.0,0.11871737703236297,0.11871737703236297,0.0,0.36893649534859146,0.36893649534859146,0.0,0.7522727272727272,0.7522727272727272,0.0,0.5591666666666667,0.5591666666666667,0.0
xgboost,1,c112918e,focus,target_focus,True,True,xgboost__fold_01__focus__c112918e__weighted_aug__246b27e0a2fb,246b27e0a2fb6d22ef9f401fc85ed5743cebad5d939d787388099582f9a8e599,personalized_model_predict_proba_high,fixed_probability_threshold_0.5,0.5,0.3637196850031614,367,84,451,41e2c0bdeff43b07a35d1ff3970988af1ba4ee1fc36949358ea70c30268a5f9e,0.8533800441157391,0.8764759309718438,0.023095886856104753,0.6728139384997797,0.7109129852925199,0.03809904679274023,0.10259872440683755,0.09815333651131782,0.004445387895519737,0.3948860685283193,0.36740046746539,0.0274856010629293,0.7873686259244843,0.7368788114700922,-0.05048981445439216,0.7940758943025312,0.768827876720627,-0.025248017581904203
lightgbm,1,c112918e,focus,target_focus,True,True,lightgbm__fold_01__focus__c112918e__weighted_aug__26800bcfcf3c,26800bcfcf3c6ddb58fb99432036059beb2a671a8a6d9473f4caea79c2019f09,personalized_model_predict_proba_high,fixed_probability_threshold_0.5,0.5,0.3899284830999555,367,84,451,41e2c0bdeff43b07a35d1ff3970988af1ba4ee1fc36949358ea70c30268a5f9e,0.833398209420008,0.8636304658103023,0.030232256390294365,0.6781373206347927,0.7317927471709238,0.05365542653613109,0.10149929155102223,0.09096159228011623,0.010537699270906004,0.34239217677322453,0.30868015867694165,0.03371201809628288,0.7572499026858699,0.7685059037238874,0.011256001038017494,0.7560725558416816,0.7920921985815603,0.03601964273987868
xgboost,1,d111e017,focus,target_focus,True,True,xgboost__fold_01__focus__d111e017__weighted_aug__0c937753dee3,0c937753dee3ce17acccf8ccaacd726c9b6870c0c1eef6f099a7cb2449139d27,personalized_model_predict_proba_high,fixed_probability_threshold_0.5,0.5,0.501458135433495,403,366,769,ff768d4de989f9b85a50256750b0aecfc4def26e1e7521fddeb5cd6284c1015e,0.9361550665093763,0.9416059878778018,0.00545092136842551,0.9298279646387975,0.9372165427364932,0.007388578097695775,0.12027323916809665,0.10744359875347034,0.012829640414626309,0.40431716156954306,0.3664871492008923,0.037830012368650745,0.8464894439246634,0.8604998033871646,0.014010359462501176,0.8424129620753953,0.8582536421209277,0.015840680045532407
lightgbm,1,d111e017,focus,target_focus,True,True,lightgbm__fold_01__focus__d111e017__weighted_aug__0cdfa1a1f5bb,0cdfa1a1f5bb80888e23f1c53c0b6523392bd9d7de3b63ceff9d48ad45252f1e,personalized_model_predict_proba_high,fixed_probability_threshold_0.5,0.5,0.5195919563572379,403,366,769,ff768d4de989f9b85a50256750b0aecfc4def26e1e7521fddeb5cd6284c1015e,0.9391856160761501,0.9397890140883267,0.0006033980121765703,0.9356703014455406,0.9358426294931884,0.00017232804764777399,0.10053728415100517,0.10372504751581878,-0.003187763364813606,0.32280350330054824,0.3321756952065743,-0.009372191906026062,0.8562624577960378,0.8607506542461593,0.00448819645012144,0.8555384623195691,0.8582421355088898,0.0027036731893207433
xgboost,1,f1d06060,focus,target_focus,True,True,xgboost__fold_01__focus__f1d06060__weighted_aug__105c04de1e33,105c04de1e33a3c1b0fb3ba5e587fa55b0964302461dbf5ecc609a7a3094e454,personalized_model_predict_proba_high,fixed_probability_threshold_0.5,0.5,0.4967586137354374,79,200,279,65753d02fd6da9591cf80243b0b940cfe0e583f804cc07223274aa1c2ce43be0,0.9194936708860759,0.9268354430379747,0.0073417721518987955,0.9670893663770586,0.969784387998733,0.002695021621674454,0.14566367614814685,0.14080926151598153,0.004854414632165321,0.5035997925406227,0.4705589050008913,0.03304088753973139,0.8343670886075949,0.846867088607595,0.012500000000000067,0.7876592626000677,0.8049702555030886,0.01731099290302096
lightgbm,1,f1d06060,focus,target_focus,True,True,lightgbm__fold_01__focus__f1d06060__weighted_aug__164870e8b136,164870e8b1368737598aec47beb125b4bcff9354661dabc5e5b9ebdc72351fd7,personalized_model_predict_proba_high,fixed_probability_threshold_0.5,0.5,0.4609802998508238,79,200,279,65753d02fd6da9591cf80243b0b940cfe0e583f804cc07223274aa1c2ce43be0,0.9131645569620255,0.9262658227848101,0.013101265822784591,0.9649256267525801,0.9675582399047713,0.00263261315219121,0.14492800017991656,0.12845093928211945,0.016477060897797102,0.44588685301598696,0.3973780780261879,0.04850877498979905,0.8443670886075949,0.8355379746835443,-0.008829113924050613,0.8014856557377049,0.7935450819672131,-0.007940573770491843
xgboost,1,30c140ca,interest,target_interest,True,True,xgboost__fold_01__interest__30c140ca__weighted_aug__5f76d90c483e,5f76d90c483e61bca96b542d00446c34d6b235c75672c7d7ee26b28a6d335551,personalized_model_predict_proba_high,fixed_probability_threshold_0.5,0.5,0.5,192,3,195,d5a4928a0b697900b617349957b7ab399ebf266e12fcddad08232a8c919d1b12,0.7395833333333333,0.6302083333333334,-0.10937499999999989,0.10520923520923521,0.054814814814814816,-0.050394420394420394,0.49926696724095126,0.3134891252097462,0.18577784203120506,2.1565326975846224,1.2697386689637769,0.8867940286208456,0.6927083333333334,0.6328125,-0.05989583333333337,0.30238903710890125,0.3977668672790624,0.09537783017016116
lightgbm,1,30c140ca,interest,target_interest,True,True,lightgbm__fold_01__interest__30c140ca__weighted_aug__df68a54dae66,df68a54dae66884e9581e9247e097b3fc8c5f4582b2640204cb101cf99bd5c8d,personalized_model_predict_proba_high,fixed_probability_threshold_0.5,0.5,0.5,192,3,195,d5a4928a0b697900b617349957b7ab399ebf266e12fcddad08232a8c919d1b12,0.7552083333333333,0.7135416666666667,-0.04166666666666652,0.18943742824339838,0.10502591841334234,-0.08441150983005603,0.44505244647054615,0.24760520543598946,0.1974472410345567,1.4056394322653702,0.8015597946250071,0.6040796376403631,0.6822916666666666,0.6666666666666666,-0.015625,0.29061307251908397,0.4277394013273737,0.13712632880828973
xgboost,1,3110e0c7,interest,target_interest,True,True,xgboost__fold_01__interest__3110e0c7__weighted_aug__b4ef0a1d2639,b4ef0a1d2639ab57a6367693288bcc17f63e0e73b5326322f260e485281b7c4c,personalized_model_predict_proba_high,fixed_probability_threshold_0.5,0.5,0.2468966697342693,130,77,207,1c52cc19f3be3879d4d55b7af6ba78d8098458963bce35cdd07bfaa9b77a1f86,0.6250749250749251,0.6728271728271729,0.047752247752247734,0.5131799201876113,0.5539466296921737,0.040766709504562404,0.3938620016478235,0.3844333070319529,0.009428694615870592,1.466391083732989,1.4346267798629873,0.03176430387000173,0.5773726273726274,0.5978021978021978,0.020429570429570387,0.4917399699635271,0.5260474448247374,0.03430747486121033
lightgbm,1,3110e0c7,interest,target_interest,True,True,lightgbm__fold_01__interest__3110e0c7__weighted_aug__faa04d09279c,faa04d09279c6a263b6be14f987a9c1d1a96b0cb7f305aff1d262b577bf9e07d,personalized_model_predict_proba_high,fixed_probability_threshold_0.5,0.5,0.199306143877578,130,77,207,1c52cc19f3be3879d4d55b7af6ba78d8098458963bce35cdd07bfaa9b77a1f86,0.6278721278721279,0.6506493506493507,0.022777222777222828,0.5437523147338404,0.5330324808848604,-0.01071983384898001,0.35013914279230945,0.3762320377356683,-0.02609289494335887,1.034865174177986,1.1573309951830388,-0.12246582100505288,0.512937062937063,0.5723276723276723,0.05939060939060936,0.4171539961013645,0.4786894682560622,0.06153547215469768
xgboost,1,7150e10a,interest,target_interest,False,False,,,frozen_zero_shot_probability,frozen_1800s_median_midpoint_policy,0.470158587952028,0.470158587952028,12,158,170,bd774c6fae6f611410a5b78c5b00041bc5ac386fc7fd00563d1ede423eaf5c12,0.6371308016877637,0.6371308016877637,0.0,0.9654462643001749,0.9654462643001749,0.0,0.7302155661619134,0.7302155661619134,0.0,5.178967735398781,5.178967735398781,0.0,0.5949367088607596,0.5949367088607596,0.0,0.23852183650615902,0.23852183650615902,0.0
lightgbm,1,7150e10a,interest,target_interest,False,False,,,frozen_zero_shot_probability,frozen_1800s_median_midpoint_policy,0.4147524225361843,0.4147524225361843,12,158,170,bd774c6fae6f611410a5b78c5b00041bc5ac386fc7fd00563d1ede423eaf5c12,0.7626582278481012,0.7626582278481012,0.0,0.9755067490077152,0.9755067490077152,0.0,0.6915133255120868,0.6915133255120868,0.0,2.9883670277152246,2.9883670277152246,0.0,0.6044303797468354,0.6044303797468354,0.0,0.2533117818616255,0.2533117818616255,0.0
xgboost,1,71f0603f,interest,target_interest,True,True,xgboost__fold_01__interest__71f0603f__weighted_aug__1b2e27899f36,1b2e27899f36fa04ae0e7e447b5051d0f4faca02f35274e567f7142be16a8995,personalized_model_predict_proba_high,fixed_probability_threshold_0.5,0.5,0.0649886596947908,278,388,666,f6eff89343b13c9acdd70afb4d74011f571d713196caed9bfd5922101df857ad,0.8836961358748053,0.8896573462879181,0.005961210413112816,0.9020947071143586,0.9125255448627569,0.01043083774839837,0.15478790009200635,0.14871004864527398,0.0060778514467323685,0.5478089080463842,0.5010919894957271,0.04671691855065707,0.7591504116294594,0.8010457613290811,0.04189534969962172,0.76707221788146,0.7948323585721555,0.027760140690695545
lightgbm,1,71f0603f,interest,target_interest,True,True,lightgbm__fold_01__interest__71f0603f__weighted_aug__724f9818d0bd,724f9818d0bdb4877871e5000e567c801654907656ae03dafa2c87fd96a43f98,personalized_model_predict_proba_high,fixed_probability_threshold_0.5,0.5,0.1691880705303872,278,388,666,f6eff89343b13c9acdd70afb4d74011f571d713196caed9bfd5922101df857ad,0.8838259289475636,0.8886931691759994,0.004867240228435765,0.9052830150029455,0.903482278119573,-0.0018007368833724557,0.13952379100540716,0.13534923977991564,0.004174551225491513,0.43111893453125555,0.42347048419020056,0.007648450341054991,0.7496755173181042,0.8087777200919677,0.059102202773863466,0.7573009140693802,0.8035420692178408,0.04624115514846061
xgboost,1,81f1f0fe,interest,target_interest,True,True,xgboost__fold_01__interest__81f1f0fe__weighted_aug__6f390ce72d51,6f390ce72d51a9c4c6f4e693279dc1fe5e78d382e36909c5f4140180ce7529d6,personalized_model_predict_proba_high,fixed_probability_threshold_0.5,0.5,0.044414474396035,221,149,370,ce92fad43fd65f1b3b1f0c4645184d0c81521a4dbe5d0029950b97961b0d6d84,0.9314282243615051,0.9294542804215129,-0.001973943939992173,0.9016324449282256,0.8989170479737282,-0.0027153969544974066,0.11515950413582593,0.11798741744788002,-0.0028279133120540922,0.445412696938991,0.4168150729228684,0.02859762401612259,0.8523793616568982,0.8348112605909684,-0.017568101065929764,0.8409946356065321,0.8344443686058594,-0.006550267000672738
lightgbm,1,81f1f0fe,interest,target_interest,True,True,lightgbm__fold_01__interest__81f1f0fe__weighted_aug__be887c6a15a7,be887c6a15a76dffea07f00f0c36a05355ac856d6b69b80088583a92bf229654,personalized_model_predict_proba_high,fixed_probability_threshold_0.5,0.5,0.1274618355796146,221,149,370,ce92fad43fd65f1b3b1f0c4645184d0c81521a4dbe5d0029950b97961b0d6d84,0.9412979440614655,0.9314585927298126,-0.009839351331652924,0.9109823536102035,0.896708382167184,-0.014273971443019562,0.09912788604822605,0.10516326838389316,-0.006035382335667111,0.32303370006248605,0.33877563768527696,-0.015741937622790914,0.8612772935710165,0.8549454887788879,-0.006331804792128581,0.8470351996220176,0.8521952138684756,0.005160014246458067
xgboost,1,a1721173,interest,target_interest,False,False,,,frozen_zero_shot_probability,frozen_1800s_median_midpoint_policy,0.5,0.5,61,45,106,52f6001aef7b2fe51f3cf81a16921c82822cb4be3ebf46c60027121bed04f0a7,0.9191256830601093,0.9191256830601093,0.0,0.9163649181596106,0.9163649181596106,0.0,0.14086014029849456,0.14086014029849456,0.0,0.5338460341095534,0.5338460341095534,0.0,0.8058287795992713,0.8058287795992713,0.0,0.8154024767801857,0.8154024767801857,0.0
lightgbm,1,a1721173,interest,target_interest,False,False,,,frozen_zero_shot_probability,frozen_1800s_median_midpoint_policy,0.5,0.5,61,45,106,52f6001aef7b2fe51f3cf81a16921c82822cb4be3ebf46c60027121bed04f0a7,0.9424408014571949,0.9424408014571949,0.0,0.9320753170149327,0.9320753170149327,0.0,0.14428688833119369,0.14428688833119369,0.0,0.4415779434090778,0.4415779434090778,0.0,0.761384335154827,0.761384335154827,0.0,0.7686507936507936,0.7686507936507936,0.0
xgboost,1,c060c06a,interest,target_interest,True,True,xgboost__fold_01__interest__c060c06a__weighted_aug__a2cd523f3381,a2cd523f3381788e90d3de33c73ba9ac034fb0c7b616c39bf1ba90f71ba4a5fd,personalized_model_predict_proba_high,fixed_probability_threshold_0.5,0.5,0.8146394044160843,83,120,203,d2d2d2afc62db4ca588b53fb484c79202dc83691e69753709eeca6859a11f71d,0.8785140562248996,0.9548192771084337,0.07630522088353409,0.9116590848534035,0.971491537926807,0.05983245307340346,0.14977391453676167,0.09706084847045186,0.05271306606630981,0.4916777825690066,0.3197631651601636,0.171914617408843,0.7975903614457831,0.8842369477911647,0.08664658634538158,0.7935200575553847,0.8707892675283979,0.07726920997301323
lightgbm,1,c060c06a,interest,target_interest,True,True,lightgbm__fold_01__interest__c060c06a__weighted_aug__e41958526e1c,e41958526e1c842570e7fd41e943685dc94c963962a55970b114702f89bf6406,personalized_model_predict_proba_high,fixed_probability_threshold_0.5,0.5,0.7863301376913736,83,120,203,d2d2d2afc62db4ca588b53fb484c79202dc83691e69753709eeca6859a11f71d,0.9325301204819277,0.9654618473895582,0.032931726907630465,0.9529202793152415,0.9777061336662475,0.024785854351005998,0.10973000186954508,0.0797917153563331,0.02993828651321198,0.34837020267484176,0.25760937838017983,0.09076082429466192,0.8369979919678714,0.888855421686747,0.051857429718875636,0.8216865118094866,0.8799526907155529,0.058266178906066335
xgboost,1,c112918e,interest,target_interest,True,True,xgboost__fold_01__interest__c112918e__weighted_aug__6a2c8d690849,6a2c8d6908494fb092259ebb26173b34000255a5e1235d333872fa97b7a634f7,personalized_model_predict_proba_high,fixed_probability_threshold_0.5,0.5,0.9554738998413086,230,170,400,b82524c7eddc47baa9765310b629ebdb11284d0ddcc4f7fda9d964a35d95ba64,0.8509207161125321,0.8882608695652174,0.037340153452685376,0.7887460298247052,0.8650131717329888,0.07626714190828354,0.40839203647181677,0.2077352869505617,0.20065674952125506,1.4710514809918387,0.6942770146647206,0.7767744663271181,0.7758312020460358,0.7400255754475704,-0.03580562659846542,0.7623202546926113,0.7109808430563147,-0.05133941163629663
lightgbm,1,c112918e,interest,target_interest,True,True,lightgbm__fold_01__interest__c112918e__weighted_aug__742730832eef,742730832eef1663eaa1737d888eb80a536c4fdb38a7f324cdcfdbf476d4dfa9,personalized_model_predict_proba_high,fixed_probability_threshold_0.5,0.5,0.8152092786466784,230,170,400,b82524c7eddc47baa9765310b629ebdb11284d0ddcc4f7fda9d964a35d95ba64,0.8857544757033249,0.90230179028133,0.016547314578005068,0.8508990737084783,0.8821392629544174,0.031240189245939076,0.29977238597584477,0.15889432058115338,0.1408780653946914,0.8420492719361783,0.48883663943947114,0.35321263249670715,0.7941176470588235,0.7819693094629157,-0.012148337595907832,0.7798624140087556,0.762462884825754,-0.017399529183001583
xgboost,1,d111e017,interest,target_interest,True,True,xgboost__fold_01__interest__d111e017__weighted_aug__0431a400f296,0431a400f2961f77a5f52cca72984a414abf80e0d0fefab710da086fff315d04,personalized_model_predict_proba_high,fixed_probability_threshold_0.5,0.5,0.492068185005337,436,360,796,aef3285d6163014f00068180f574aa6e18d1c9e5299bfb4a289d85a44b5d30a7,0.9584734964322121,0.9636467889908257,0.00517329255861354,0.958828942596666,0.9595510259503123,0.0007220833536463189,0.07931574862917963,0.06821172785259123,0.011104020776588397,0.2952510670153094,0.2708046455061842,0.024446421509125182,0.8984582059123343,0.9235728848114169,0.025114678899082588,0.8964725288668951,0.9216948141378369,0.025222285270941835
lightgbm,1,d111e017,interest,target_interest,True,True,lightgbm__fold_01__interest__d111e017__weighted_aug__424058068ff5,424058068ff5ed91390c825f73786fb233c6081a9b934b0c3ae09970adc90b7b,personalized_model_predict_proba_high,fixed_probability_threshold_0.5,0.5,0.4106536642009047,436,360,796,aef3285d6163014f00068180f574aa6e18d1c9e5299bfb4a289d85a44b5d30a7,0.9629523445463812,0.9594864933741081,-0.00346585117227316,0.9630765036562775,0.9580827789201551,-0.0049937247361223625,0.07078139556081282,0.07022796760152342,0.000553427959289407,0.2475036452484825,0.25164499570843657,-0.004141350459954063,0.9031727828746177,0.9180173292558613,0.014844546381243662,0.8992679207557437,0.9165793334730665,0.017311412717322838
xgboost,1,f1d06060,interest,target_interest,True,True,xgboost__fold_01__interest__f1d06060__weighted_aug__9334afe2d747,9334afe2d747a3ccf13c6fd6b4b136040feec546cfe47e08662c04d999e6a734,personalized_model_predict_proba_high,fixed_probability_threshold_0.5,0.5,0.8549544364213943,173,121,294,a7ee71a868c1f2ceeeee1454a2544e7d700d647d91130fdcd2e50620b968cbc6,0.8266373668370515,0.8628003630631061,0.03616299622605468,0.7710846782557006,0.8126047545482293,0.04152007629252874,0.26735138829966254,0.2186269031681774,0.04872448513148514,0.9232273006568071,0.7749436405684271,0.14828366008838,0.7517794869345054,0.7443987961591745,-0.007380690775330878,0.7400409530900969,0.7099144485588587,-0.03012650453123822
lightgbm,1,f1d06060,interest,target_interest,True,True,lightgbm__fold_01__interest__f1d06060__weighted_aug__691758cce5da,691758cce5da559b43332de91fd21f44e1671208e197efc36dafcc4844f8a263,personalized_model_predict_proba_high,fixed_probability_threshold_0.5,0.5,0.6873517044454283,173,121,294,a7ee71a868c1f2ceeeee1454a2544e7d700d647d91130fdcd2e50620b968cbc6,0.8468446949792193,0.8878326087995032,0.04098791382028388,0.7742985723781224,0.8454281369315656,0.07112956455344321,0.21051863403823706,0.17174548663797667,0.03877314740026039,0.6366493339364908,0.5319512958239629,0.10469803811252787,0.7699565279701905,0.7889934553097979,0.01903692733960738,0.7572649572649572,0.761860680398056,0.00459572313309875
xgboost,1,30c140ca,relaxation,target_relaxation,False,False,,,frozen_zero_shot_probability,frozen_1800s_median_midpoint_policy,0.9989978969097136,0.9989978969097136,141,28,169,2ee1f88498ca792a9393a7ceabf9342ef7959849d03df34079488dbd7171e91c,0.9197061803444782,0.9197061803444782,0.0,0.7645889911465403,0.7645889911465403,0.0,0.4106700422021494,0.4106700422021494,0.0,1.9248677733673518,1.9248677733673518,0.0,0.8110435663627154,0.8110435663627154,0.0,0.7899627152749009,0.7899627152749009,0.0
lightgbm,1,30c140ca,relaxation,target_relaxation,False,False,,,frozen_zero_shot_probability,frozen_1800s_median_midpoint_policy,0.976563815740951,0.976563815740951,141,28,169,2ee1f88498ca792a9393a7ceabf9342ef7959849d03df34079488dbd7171e91c,0.925531914893617,0.925531914893617,0.0,0.7388000769190557,0.7388000769190557,0.0,0.36010834906400874,0.36010834906400874,0.0,1.2436919134099693,1.2436919134099693,0.0,0.8218085106382979,0.8218085106382979,0.0,0.7879790145985401,0.7879790145985401,0.0
xgboost,1,3110e0c7,relaxation,target_relaxation,True,True,xgboost__fold_01__relaxation__3110e0c7__weighted_aug__3a927ecf388d,3a927ecf388deea63b054fbf35e3309c238853f325280a015d774f09b36ef01c,personalized_model_predict_proba_high,fixed_probability_threshold_0.5,0.5,0.3052749330527149,118,94,212,f7c34121e39600488031e007151bb4b7abbdf90ab6c2641c3568fe3d6e7462bf,0.8715290299314822,0.9016408222142084,0.030111792282726202,0.8633771363175985,0.8902780333922752,0.02690089707467669,0.15191210475978137,0.14071236654939098,0.011199738210390386,0.6298442175185774,0.5699700770497458,0.05987414046883166,0.8078795528308691,0.8281644428416877,0.020284890010818568,0.805352144216773,0.8206110269885099,0.015258882771736815
lightgbm,1,3110e0c7,relaxation,target_relaxation,True,True,lightgbm__fold_01__relaxation__3110e0c7__weighted_aug__e28a394d330a,e28a394d330a299c1af442702488b619028b10794ca558a20514f6165f734496,personalized_model_predict_proba_high,fixed_probability_threshold_0.5,0.5,0.3438276431554653,118,94,212,f7c34121e39600488031e007151bb4b7abbdf90ab6c2641c3568fe3d6e7462bf,0.8444825099170572,0.9102957086188245,0.06581319870176727,0.8491728799933376,0.9071006675165268,0.05792778752318928,0.17120435416148358,0.1407891878696844,0.03041516629179919,0.5684417395078218,0.44276973274129794,0.1256720067665239,0.7835376848178868,0.8186080057699243,0.03507032095203755,0.7779016115730111,0.8111695020931682,0.033267890520157106
xgboost,1,7150e10a,relaxation,target_relaxation,True,True,xgboost__fold_01__relaxation__7150e10a__weighted_aug__943cb23f2f60,943cb23f2f6097599d743b3dfdde2e09b866ad828fde498bfe92a9f4d4bf6c74,personalized_model_predict_proba_high,fixed_probability_threshold_0.5,0.5,0.0891034217866035,205,181,386,eb82ec58b1b091b17fa711c53eba8e871a782db0ee64878721a8273d8b6582b1,0.8633876836005929,0.9061312491577953,0.04274356555720238,0.8703759353592084,0.9067548535213259,0.03637891816211747,0.3795637585610289,0.36855492199034257,0.011008836570686353,2.668614186357528,2.2962055236417958,0.37240866271573214,0.5997709203611373,0.5831963347257783,-0.016574585635359074,0.5378466975484488,0.5104772942964886,-0.027369403251960245
lightgbm,1,7150e10a,relaxation,target_relaxation,True,True,lightgbm__fold_01__relaxation__7150e10a__weighted_aug__051c2fd2d062,051c2fd2d0622a450295363307c523dd43e919d31826372ac4dd0ae8064de2c4,personalized_model_predict_proba_high,fixed_probability_threshold_0.5,0.5,0.0674099326953409,205,181,386,eb82ec58b1b091b17fa711c53eba8e871a782db0ee64878721a8273d8b6582b1,0.9095539684678615,0.9431073979248079,0.03355342945694639,0.9135374354983543,0.9379078479915502,0.024370412493195936,0.35696077286607847,0.34448031438378235,0.01248045848229612,1.6323049213225613,1.395195830802921,0.23710909051964024,0.6660692629025737,0.5883977900552486,-0.07767147284732512,0.6366620769057232,0.5169610387428927,-0.11970103816283051
xgboost,1,71f0603f,relaxation,target_relaxation,True,True,xgboost__fold_01__relaxation__71f0603f__weighted_aug__8af475825400,8af475825400367b348981affb3c05efb47d18cf8490b261b0a38fd96ff01354,personalized_model_predict_proba_high,fixed_probability_threshold_0.5,0.5,0.5017334278672934,240,430,670,f6dec376ee7a2d1be5c34360ae3918569adc5173430d48815d0c80b19b8ec8a5,0.9212306201550388,0.9318507751937984,0.010620155038759682,0.9508234511027005,0.9574666780554473,0.0066432269527467724,0.11153422693615882,0.10391080055452233,0.007623426381636489,0.46453725125905604,0.43613468448135645,0.02840256677769959,0.8433624031007751,0.8516472868217054,0.00828488372093028,0.8527840199750312,0.8555241903865758,0.002740170411544618
lightgbm,1,71f0603f,relaxation,target_relaxation,True,True,lightgbm__fold_01__relaxation__71f0603f__weighted_aug__65844eb31fe7,65844eb31fe7cbb8dd16bbed0dbc6a16de8fa3beaca8851d099ae2a84b05448e,personalized_model_predict_proba_high,fixed_probability_threshold_0.5,0.5,0.4916369961428868,240,430,670,f6dec376ee7a2d1be5c34360ae3918569adc5173430d48815d0c80b19b8ec8a5,0.9181589147286822,0.927625968992248,0.009467054263565866,0.950354087428965,0.954589824824833,0.004235737395868022,0.10869255829819355,0.1020174612173838,0.006675097080809753,0.3667972798967855,0.33827729827582403,0.028519981620961476,0.8298934108527132,0.844234496124031,0.014341085271317833,0.8371139953957292,0.8486559747007003,0.01154197930497114
xgboost,1,81f1f0fe,relaxation,target_relaxation,True,True,xgboost__fold_01__relaxation__81f1f0fe__weighted_aug__958d511e19cc,958d511e19ccbe47e0de674d103be1606304df7bee2800d1a80ea1b8b6b5b999,personalized_model_predict_proba_high,fixed_probability_threshold_0.5,0.5,0.522243277169764,225,112,337,87fb69e74da4238e461142da81173bc409039df6735d1fa586453195da200c08,0.9532539682539682,0.9665079365079365,0.013253968253968296,0.9222654323204204,0.9436749215161968,0.021409489195776454,0.2590351200305054,0.26177747328533946,-0.0027423532548340734,1.0601395151336612,1.1769652100323382,-0.116825694898677,0.7733333333333333,0.78,0.00666666666666671,0.6970065580706579,0.705723584980551,0.008717026909893066
lightgbm,1,81f1f0fe,relaxation,target_relaxation,True,True,lightgbm__fold_01__relaxation__81f1f0fe__weighted_aug__042383918fbf,042383918fbfef607043202d2139af029f8803754dbdc991f59284983a402427,personalized_model_predict_proba_high,fixed_probability_threshold_0.5,0.5,0.6814173444990775,225,112,337,87fb69e74da4238e461142da81173bc409039df6735d1fa586453195da200c08,0.9661111111111111,0.9756349206349206,0.00952380952380949,0.9420344707411185,0.9577616923575198,0.015727221616401388,0.22745653348645864,0.23916663770198276,-0.011710104215524125,0.7276314656866756,0.7922811028108965,-0.0646496371242209,0.8133134920634921,0.7644444444444445,-0.048869047619047645,0.7514683015682616,0.685324171952079,-0.06614412961618266
xgboost,1,a1721173,relaxation,target_relaxation,False,False,,,frozen_zero_shot_probability,frozen_1800s_median_midpoint_policy,0.5,0.5,78,30,108,92109cee2b0ce078a14ab8e6c5a7b5293daf4ad9cbb2c8ace11c8c81aaa65ebb,0.8470085470085471,0.8470085470085471,0.0,0.775202752625567,0.775202752625567,0.0,0.1394902223972806,0.1394902223972806,0.0,0.6437608203805695,0.6437608203805695,0.0,0.7653846153846153,0.7653846153846153,0.0,0.7735849056603774,0.7735849056603774,0.0
lightgbm,1,a1721173,relaxation,target_relaxation,False,False,,,frozen_zero_shot_probability,frozen_1800s_median_midpoint_policy,0.5,0.5,78,30,108,92109cee2b0ce078a14ab8e6c5a7b5293daf4ad9cbb2c8ace11c8c81aaa65ebb,0.8521367521367521,0.8521367521367521,0.0,0.7631042165680433,0.7631042165680433,0.0,0.11780907730724718,0.11780907730724718,0.0,0.45404127775981845,0.45404127775981845,0.0,0.7846153846153846,0.7846153846153846,0.0,0.8024691358024691,0.8024691358024691,0.0
xgboost,1,c060c06a,relaxation,target_relaxation,True,True,xgboost__fold_01__relaxation__c060c06a__weighted_aug__1685464d94cd,1685464d94cd4e759b3e157ad21cdfc99d7ad7b8edfa2379ed305f309afedef0,personalized_model_predict_proba_high,fixed_probability_threshold_0.5,0.5,0.9840811938047408,17,147,164,a30353a27d4a7bcb0f05da7a47bccbe086def9e2d4d6d34d8ef4580f2f514a0d,0.8171268507402962,0.7731092436974789,-0.04401760704281732,0.9732373709172145,0.9525896216471701,-0.020647749270044424,0.09374832077942415,0.06520533273548539,0.02854298804393876,0.5311967931994209,0.4179666245700225,0.11323016862939844,0.6356542617046819,0.6470588235294118,0.01140456182472993,0.6321794246708923,0.7076648841354723,0.07548545946458007
lightgbm,1,c060c06a,relaxation,target_relaxation,True,True,lightgbm__fold_01__relaxation__c060c06a__weighted_aug__b93325e5f5a3,b93325e5f5a3f2d9b606961b9566b54e914348729142e2b5ec11d6ae5199b7f7,personalized_model_predict_proba_high,fixed_probability_threshold_0.5,0.5,0.9022401683357216,17,147,164,a30353a27d4a7bcb0f05da7a47bccbe086def9e2d4d6d34d8ef4580f2f514a0d,0.720688275310124,0.807923169267707,0.08723489395758299,0.9424412931667551,0.9655162150007406,0.023074921833985518,0.09017644351087908,0.06652902071322349,0.023647422797655596,0.37866101923973017,0.28122990815048227,0.0974311110892479,0.5248099239695878,0.6470588235294118,0.12224889955982399,0.5271594971744896,0.7076648841354723,0.18050538696098273
xgboost,1,c112918e,relaxation,target_relaxation,True,True,xgboost__fold_01__relaxation__c112918e__weighted_aug__e226050df374,e226050df3740d3db469171585fd0f3ccd607e24658a3b0c01f2b0c0194116db,personalized_model_predict_proba_high,fixed_probability_threshold_0.5,0.5,0.9974738657474518,221,287,508,097acc5003ebe9b1499a2c0faaca1b60ce74f7c0687377fc39504a7ae7e0c25f,0.8821795134564144,0.8926167089725197,0.010437195516105224,0.8969133710334976,0.9185602381208016,0.02164686708730401,0.3893555181276843,0.28406935180337434,0.10528616632430998,2.281372144931226,1.3088804791226838,0.9724916658085421,0.7770350166332949,0.6181673419836978,-0.15886767464959706,0.7832147937411096,0.5786921850079745,-0.2045226087331351
lightgbm,1,c112918e,relaxation,target_relaxation,True,True,lightgbm__fold_01__relaxation__c112918e__weighted_aug__4529b05874cf,4529b05874cf01a6709acd7540c65909fcef9a6ce6f2bd954c5ab65ef553f67a,personalized_model_predict_proba_high,fixed_probability_threshold_0.5,0.5,0.9673116303845952,221,287,508,097acc5003ebe9b1499a2c0faaca1b60ce74f7c0687377fc39504a7ae7e0c25f,0.9222886152584862,0.9050562063474545,-0.017232408911031616,0.9368766657902599,0.9238417045616198,-0.013034961228640007,0.34455075035805,0.25374444786440814,0.09080630249364186,1.227372148779858,0.8325221597965258,0.3948499889833321,0.8085279139798509,0.6153846153846154,-0.1931432985952355,0.8149892583120204,0.573252688172043,-0.2417365701399774
xgboost,1,d111e017,relaxation,target_relaxation,False,False,,,frozen_zero_shot_probability,frozen_1800s_median_midpoint_policy,0.4988700239628088,0.4988700239628088,326,507,833,88901ff1216e62db59eead9d78dfed6c1ac10e84fab2b23acdf266e8e5613b86,0.982181967788386,0.982181967788386,0.0,0.9889257382135744,0.9889257382135744,0.0,0.0444074608043485,0.0444074608043485,0.0,0.18197299689861918,0.18197299689861918,0.0,0.9356856766012027,0.9356856766012027,0.0,0.9335410692377748,0.9335410692377748,0.0
lightgbm,1,d111e017,relaxation,target_relaxation,False,False,,,frozen_zero_shot_probability,frozen_1800s_median_midpoint_policy,0.4806939957794642,0.4806939957794642,326,507,833,88901ff1216e62db59eead9d78dfed6c1ac10e84fab2b23acdf266e8e5613b86,0.9829503515204318,0.9829503515204318,0.0,0.9895708546731555,0.9895708546731555,0.0,0.0473336236426459,0.0473336236426459,0.0,0.17419079322562042,0.17419079322562042,0.0,0.9448881305889328,0.9448881305889328,0.0,0.9412440926683805,0.9412440926683805,0.0
xgboost,1,f1d06060,relaxation,target_relaxation,True,True,xgboost__fold_01__relaxation__f1d06060__weighted_aug__09b3d7076852,09b3d707685279fdd6f316fa15ec3711fc4742a7c16b56dd29b6ebbfdda86e02,personalized_model_predict_proba_high,fixed_probability_threshold_0.5,0.5,0.916091799736023,135,159,294,466bed25fbe85581d0810093f592f4b8c6298b32e5dac5942e7dea59cbad4fbb,0.9273701374330305,0.9246680642907058,-0.0027020731423247346,0.9399544418034673,0.9416109018199679,0.0016564600165005494,0.2529604380282719,0.1659678087445482,0.0869926292837237,1.0699004350897796,0.5979301544305553,0.4719702806592243,0.7779874213836477,0.7748427672955975,-0.0031446540880502027,0.7796670557159531,0.7764423076923077,-0.003224748023645363
lightgbm,1,f1d06060,relaxation,target_relaxation,True,True,lightgbm__fold_01__relaxation__f1d06060__weighted_aug__0adfb1d239b6,0adfb1d239b604fb45266465e598780045ee12e2db9e98b694de356c9095df10,personalized_model_predict_proba_high,fixed_probability_threshold_0.5,0.5,0.86715029541768,135,159,294,466bed25fbe85581d0810093f592f4b8c6298b32e5dac5942e7dea59cbad4fbb,0.9361751688795714,0.9333333333333333,-0.0028418355462380696,0.9459816829524763,0.9475267165063653,0.0015450335538890192,0.25212380881539825,0.14858016803150356,0.10354364078389469,0.8304129199121604,0.44961027927094166,0.3808026406412187,0.7985324947589099,0.772606568832984,-0.025925925925925908,0.801339148596351,0.7731481481481481,-0.028191000448202885
xgboost,1,30c140ca,stress,target_stress,True,True,xgboost__fold_01__stress__30c140ca__weighted_aug__b9bc8cff985f,b9bc8cff985f6d207c8b2b0fe2799a82751271f4328fcb681f0b99f2cde9e58c,personalized_model_predict_proba_high,fixed_probability_threshold_0.5,0.5,0.1196660669520497,67,98,165,24cace45a46912281bada25aca77a93b6cf4df8608859a3c08091187480571e9,0.903746573256168,0.9279622296679866,0.024215656411818554,0.9398943974312299,0.9522232448905712,0.012328847459341263,0.13811554862378353,0.10930858691482223,0.0288069617089613,0.48027561162320537,0.37260825086586274,0.10766736075734262,0.7824398416082852,0.8637678952177886,0.08132805360950346,0.7904761904761904,0.8575931554654959,0.06711696498930542
lightgbm,1,30c140ca,stress,target_stress,True,True,lightgbm__fold_01__stress__30c140ca__weighted_aug__4b8ad94c10dd,4b8ad94c10dd964007cb8b6137a96c73c4b29e53e4c2d296776716d875b3bfb7,personalized_model_predict_proba_high,fixed_probability_threshold_0.5,0.5,0.1961712284295979,67,98,165,24cace45a46912281bada25aca77a93b6cf4df8608859a3c08091187480571e9,0.9177581480353335,0.9322266219920805,0.014468473956746997,0.9504115935461069,0.9603327245192602,0.00992113097315328,0.1256343232308958,0.10513125298986681,0.020503070241028987,0.4094475656681689,0.3527271168004766,0.05672044886769234,0.7356838257691136,0.8633871459031374,0.12770332013402375,0.7441431624827124,0.8525908278737344,0.10844766539102202
xgboost,1,3110e0c7,stress,target_stress,False,False,,,frozen_zero_shot_probability,frozen_1800s_median_midpoint_policy,0.1545164084818679,0.1545164084818679,135,68,203,fa4d5f2212deb6f3bedb138b35a880623b33023fc7c1553f1ea6e724068c1d34,0.5018518518518518,0.5018518518518518,0.0,0.4230100357417194,0.4230100357417194,0.0,0.6707768393220345,0.6707768393220345,0.0,3.281166320111723,3.281166320111723,0.0,0.37505446623093686,0.37505446623093686,0.0,0.21210641305744762,0.21210641305744762,0.0
lightgbm,1,3110e0c7,stress,target_stress,False,False,,,frozen_zero_shot_probability,frozen_1800s_median_midpoint_policy,0.1870084190823048,0.1870084190823048,135,68,203,fa4d5f2212deb6f3bedb138b35a880623b33023fc7c1553f1ea6e724068c1d34,0.5785403050108933,0.5785403050108933,0.0,0.572145313040389,0.572145313040389,0.0,0.5929091972169728,0.5929091972169728,0.0,1.9910442234890466,1.9910442234890466,0.0,0.42287581699346405,0.42287581699346405,0.0,0.23875,0.23875,0.0
xgboost,1,7150e10a,stress,target_stress,True,True,xgboost__fold_01__stress__7150e10a__weighted_aug__e802bde41e2d,e802bde41e2d36f26109ce845d0bfe732e78661d5fe391788d6fc4ab519d511f,personalized_model_predict_proba_high,fixed_probability_threshold_0.5,0.5,0.3050292002735659,219,187,406,d254197e7cb69f33b5d758827d99cd1239fc1524463bfcb4ba4233b39d05cc2e,0.9389299929187116,0.9320440504969111,-0.006885942421800517,0.9296847887137141,0.9256271012964555,-0.0040576874172585375,0.2447934929102328,0.2340885845877156,0.01070490832251722,1.0513502130075443,1.0641318317093773,-0.01278161870183303,0.7131834053671282,0.7142944350841208,0.0011110297169926175,0.7036015574302401,0.7025885381366086,-0.0010130192936315119
lightgbm,1,7150e10a,stress,target_stress,True,True,lightgbm__fold_01__stress__7150e10a__weighted_aug__d99a036e2770,d99a036e2770a6cab9b128960ac98eb5381469682b53bbd6c2cd12441c7f24f9,personalized_model_predict_proba_high,fixed_probability_threshold_0.5,0.5,0.3355732136518871,219,187,406,d254197e7cb69f33b5d758827d99cd1239fc1524463bfcb4ba4233b39d05cc2e,0.9270138939760213,0.9391741752740946,0.012160281298073339,0.9189463919656848,0.9313018366098182,0.012355444644133406,0.21425605188105987,0.2149826914603881,-0.0007266395793282254,0.6965561130429239,0.7178040263820856,-0.02124791333916176,0.7372475764901227,0.7070544282470148,-0.030193148243107926,0.7323878957355439,0.6948202815361486,-0.03756761419939525
xgboost,1,71f0603f,stress,target_stress,True,True,xgboost__fold_01__stress__71f0603f__weighted_aug__bb86d5a0deab,bb86d5a0deabf952b6a4891ef6219319aaaa3ff620b2d73acf4a9b894e5a4c1b,personalized_model_predict_proba_high,fixed_probability_threshold_0.5,0.5,0.397569976747036,161,327,488,d787e18f302ccca0ab46a4a273d2012a1941ca8ae6a209be119a1ebbf97000a6,0.8774479077630255,0.8821775219860581,0.004729614223032641,0.9328532293869296,0.9284885475232694,-0.004364681863660236,0.13990284127115502,0.12522684561767028,0.014675995653484736,0.6189207017753223,0.5771191736966641,0.04180152807865822,0.7847550667654377,0.8174349915474766,0.03267992478203885,0.7988539258067759,0.8259314456035767,0.02707751979680073
lightgbm,1,71f0603f,stress,target_stress,True,True,lightgbm__fold_01__stress__71f0603f__weighted_aug__ebe54460ced2,ebe54460ced2666bc4b39f7563255396d11b2c9a74e86de4fdaf5c899ed12248,personalized_model_predict_proba_high,fixed_probability_threshold_0.5,0.5,0.3768631518817104,161,327,488,d787e18f302ccca0ab46a4a273d2012a1941ca8ae6a209be119a1ebbf97000a6,0.8765551693353848,0.8900412179231485,0.0134860485877637,0.9243730817584681,0.9351478121162164,0.010774730357748341,0.12548013015767126,0.11927461948988637,0.006205510667784894,0.4566794021931495,0.42784728083115414,0.028832121361995366,0.7831310426045168,0.8063992250270671,0.023268182422550243,0.7992840277248838,0.8212857752025484,0.02200174747766459
xgboost,1,81f1f0fe,stress,target_stress,False,False,,,frozen_zero_shot_probability,frozen_1800s_median_midpoint_policy,0.0121959419047925,0.0121959419047925,152,205,357,cc5d1fcc3a9cd6e272e9f3b3b1d77c5114299fcc0abee40683b2cfa39bb63a92,0.8714056482670091,0.8714056482670091,0.0,0.913209061876361,0.913209061876361,0.0,0.19435230216247512,0.19435230216247512,0.0,0.7263684697550945,0.7263684697550945,0.0,0.719143132220796,0.719143132220796,0.0,0.7223925978349192,0.7223925978349192,0.0
lightgbm,1,81f1f0fe,stress,target_stress,False,False,,,frozen_zero_shot_probability,frozen_1800s_median_midpoint_policy,0.1218574715468839,0.1218574715468839,152,205,357,cc5d1fcc3a9cd6e272e9f3b3b1d77c5114299fcc0abee40683b2cfa39bb63a92,0.9006418485237484,0.9006418485237484,0.0,0.9336558223890685,0.9336558223890685,0.0,0.13536794401709795,0.13536794401709795,0.0,0.42020550250438066,0.42020550250438066,0.0,0.7413189987163029,0.7413189987163029,0.0,0.7466945867368129,0.7466945867368129,0.0
xgboost,1,a1721173,stress,target_stress,False,False,,,frozen_zero_shot_probability,frozen_1800s_median_midpoint_policy,0.5,0.5,80,32,112,f8309536d8341a3233afd0a00bc5a797d04256c3851890aaad8efa1f7d85e7c4,0.923046875,0.923046875,0.0,0.8759429118940047,0.8759429118940047,0.0,0.1083356186565203,0.1083356186565203,0.0,0.44882782033646407,0.44882782033646407,0.0,0.78125,0.78125,0.0,0.8197701149425287,0.8197701149425287,0.0
lightgbm,1,a1721173,stress,target_stress,False,False,,,frozen_zero_shot_probability,frozen_1800s_median_midpoint_policy,0.5,0.5,80,32,112,f8309536d8341a3233afd0a00bc5a797d04256c3851890aaad8efa1f7d85e7c4,0.9417968750000001,0.9417968750000001,0.0,0.8835802950967,0.8835802950967,0.0,0.09900199630202222,0.09900199630202222,0.0,0.3141706551956204,0.3141706551956204,0.0,0.76875,0.76875,0.0,0.7996422182468694,0.7996422182468694,0.0
xgboost,1,c060c06a,stress,target_stress,True,True,xgboost__fold_01__stress__c060c06a__weighted_aug__59c59c2fbdc0,59c59c2fbdc08d1b3d3839c56b2ba4a1f05e01075943f41b0eea74f666c55dab,personalized_model_predict_proba_high,fixed_probability_threshold_0.5,0.5,0.7390490472316742,141,86,227,45a8b3d2ee0be4d60766b45ef83cd8d15b41e5d0f3f4a9a184f2e044078994d4,0.8542800593765463,0.8955962394854033,0.04131618010885707,0.7846515390041515,0.8557003918034333,0.07104885279928175,0.2840658714440148,0.19623095990783554,0.08783491153617926,0.9912112227148531,0.6648812584823384,0.3263299642325147,0.7675243278904833,0.7819973610423883,0.014473033151904957,0.7224669603524229,0.7481949985404301,0.025728038188007285
lightgbm,1,c060c06a,stress,target_stress,True,True,lightgbm__fold_01__stress__c060c06a__weighted_aug__9026ff2e5e55,9026ff2e5e55a192165bf21b59f60c3f3a9438a56710629ff74003aa5ee27151,personalized_model_predict_proba_high,fixed_probability_threshold_0.5,0.5,0.7468289388875031,141,86,227,45a8b3d2ee0be4d60766b45ef83cd8d15b41e5d0f3f4a9a184f2e044078994d4,0.8962559788883391,0.9101105063499918,0.013854527461652721,0.8320773839024581,0.8608724618516629,0.028795077949204773,0.20016075925080887,0.16042048349065216,0.03974027576015671,0.6003332138939012,0.49389664830506097,0.10643656558884018,0.8357661223816593,0.7971713673099126,-0.0385947550717467,0.8263687600644123,0.7615546218487395,-0.06481413821567283
xgboost,1,c112918e,stress,target_stress,False,False,,,frozen_zero_shot_probability,frozen_1800s_median_midpoint_policy,0.9574865996837616,0.9574865996837616,68,144,212,ec66442b354338929d495b8e3e7fa344c351f46cec73cc39fdc5cedac5f0527d,0.7248774509803922,0.7248774509803922,0.0,0.8451135528476678,0.8451135528476678,0.0,0.23724314300145527,0.23724314300145527,0.0,1.0818759375614668,1.0818759375614668,0.0,0.6593137254901961,0.6593137254901961,0.0,0.6653377926421404,0.6653377926421404,0.0
lightgbm,1,c112918e,stress,target_stress,False,False,,,frozen_zero_shot_probability,frozen_1800s_median_midpoint_policy,0.8338101217895257,0.8338101217895257,68,144,212,ec66442b354338929d495b8e3e7fa344c351f46cec73cc39fdc5cedac5f0527d,0.7700163398692811,0.7700163398692811,0.0,0.8783536401023914,0.8783536401023914,0.0,0.19788342199012712,0.19788342199012712,0.0,0.6147324467305633,0.6147324467305633,0.0,0.6774918300653594,0.6774918300653594,0.0,0.6838180462341537,0.6838180462341537,0.0
xgboost,1,d111e017,stress,target_stress,True,True,xgboost__fold_01__stress__d111e017__weighted_aug__a8bbe14f06e4,a8bbe14f06e4ebbaf25f6ae9fa28e31f5c5bdbab277dc09ce904acef2cbab313,personalized_model_predict_proba_high,fixed_probability_threshold_0.5,0.5,0.4909059379715472,465,456,921,a685b16f05aaf44b59afb95c6d376a1098f9b7b96845c15b0e6c769ed11aa52e,0.9486842105263158,0.9434116204489719,-0.0052725900773439305,0.9552435903691778,0.9467835387310648,-0.00846005163811303,0.08429284950978469,0.09233032317450295,-0.008037473664718256,0.34286047197991354,0.3661131966160274,-0.023252724636113886,0.890315506508206,0.8835455574419921,-0.006769949066213865,0.8903236608063989,0.8836633867911721,-0.006660274015226841
lightgbm,1,d111e017,stress,target_stress,True,True,lightgbm__fold_01__stress__d111e017__weighted_aug__aee26a4d897c,aee26a4d897cd7d4276edbdfff40daf946dd0c4faa9db7800ae07da005f86218,personalized_model_predict_proba_high,fixed_probability_threshold_0.5,0.5,0.4306201445197917,465,456,921,a685b16f05aaf44b59afb95c6d376a1098f9b7b96845c15b0e6c769ed11aa52e,0.9464817958875683,0.9461233729485001,-0.00035842293906818146,0.9489828027093282,0.9492254353525997,0.00024263264327151202,0.0868703202812176,0.08552425317495634,0.00134606710626127,0.29368003401386833,0.2926434772219641,0.0010365567919042307,0.8861205432937183,0.8880800792303338,0.001959535936615575,0.8859913348462967,0.888131275907003,0.002139941060706363
xgboost,1,f1d06060,stress,target_stress,True,True,xgboost__fold_01__stress__f1d06060__weighted_aug__e5dcde04a5d5,e5dcde04a5d560c672e5224cc3b7e9d55f8510560889277180c3da168305e20b,personalized_model_predict_proba_high,fixed_probability_threshold_0.5,0.5,0.9584081768989564,193,147,340,f592685079d60ebda56d693eb86415293827e12860d10b74de17f542ee040582,0.8948926720947445,0.9270734200415918,0.03218074794684722,0.8457652059824489,0.9160997393858262,0.07033453340337736,0.2979289750716137,0.19723438153085515,0.10069459354075855,1.169709272132933,0.7092071317809039,0.4605021403520291,0.8178245391420818,0.7671566035740721,-0.05066793556800964,0.8084507042253521,0.7391455972101133,-0.06930510701523884
lightgbm,1,f1d06060,stress,target_stress,True,True,lightgbm__fold_01__stress__f1d06060__weighted_aug__de78667f169e,de78667f169eebb0bb3c4e6c6c349d32d33009b2de0a1fd6107a2d8170a93657,personalized_model_predict_proba_high,fixed_probability_threshold_0.5,0.5,0.893398430133642,193,147,340,f592685079d60ebda56d693eb86415293827e12860d10b74de17f542ee040582,0.906876740333439,0.9135384723837722,0.006661732050333158,0.8925460252310824,0.9019136666223807,0.00936764139129831,0.25425053220488086,0.18702829758033115,0.06722223462454971,0.7593607383538367,0.5672107726472927,0.19214996570654397,0.8080962955130239,0.7456205280039476,-0.06247576750907624,0.8062745991812692,0.7144456886898096,-0.09182891049145958
xgboost,2,1081b177,attention,target_attention,True,True,xgboost__fold_02__attention__1081b177__weighted_aug__8e497946f67c,8e497946f67ca261429beb35cf8fdaf458fe69252d8b0b439dea03713d42abff,personalized_model_predict_proba_high,fixed_probability_threshold_0.5,0.5,0.7040627151727676,152,115,267,227b4d6f57fd47553846d9a3a6e5364e14a45acf91da8350eea968667ce17014,0.8023455377574371,0.8844393592677345,0.08209382151029743,0.7469794595759164,0.8596962455427148,0.11271678596679846,0.35910018706879604,0.25614049206139294,0.1029596950074031,1.412908560123767,0.899249242380182,0.513659317743585,0.6560068649885583,0.7118135011441648,0.05580663615560644,0.6046626408082685,0.6708806329549364,0.0662179921466679
lightgbm,2,1081b177,attention,target_attention,True,True,lightgbm__fold_02__attention__1081b177__weighted_aug__3d0ff1823297,3d0ff182329711078f601c798a5ca8e1bce70b4b4cb85f6d31a66709a755f6dc,personalized_model_predict_proba_high,fixed_probability_threshold_0.5,0.5,0.6946844491663047,152,115,267,227b4d6f57fd47553846d9a3a6e5364e14a45acf91da8350eea968667ce17014,0.8100686498855836,0.9072082379862699,0.09713958810068635,0.7255757294279879,0.8928564641036592,0.16728073467567128,0.31186478574368465,0.21373159031531283,0.09813319542837182,0.9244755284665771,0.6140970883039552,0.31037844016262195,0.6691647597254005,0.6887871853546911,0.01962242562929062,0.6222279972279972,0.6410304598615066,0.018802462633509487
xgboost,2,517001af,attention,target_attention,False,False,,,frozen_zero_shot_probability,frozen_1800s_median_midpoint_policy,0.5,0.5,75,32,107,f20696a8e3a33aff9ca5cddcec5917d0dd776ed785eda541eb35ac6b520d2605,0.9004166666666666,0.9004166666666666,0.0,0.8053367327789243,0.8053367327789243,0.0,0.1353936066399419,0.1353936066399419,0.0,0.44403145360206664,0.44403145360206664,0.0,0.7322916666666667,0.7322916666666667,0.0,0.7523148148148149,0.7523148148148149,0.0
lightgbm,2,517001af,attention,target_attention,False,False,,,frozen_zero_shot_probability,frozen_1800s_median_midpoint_policy,0.5,0.5,75,32,107,f20696a8e3a33aff9ca5cddcec5917d0dd776ed785eda541eb35ac6b520d2605,0.8912499999999999,0.8912499999999999,0.0,0.7672367096404731,0.7672367096404731,0.0,0.1286264739428689,0.1286264739428689,0.0,0.3877448746610488,0.3877448746610488,0.0,0.756875,0.756875,0.0,0.772823779193206,0.772823779193206,0.0
xgboost,2,6030f0fd,attention,target_attention,True,True,xgboost__fold_02__attention__6030f0fd__weighted_aug__eec07f29a62c,eec07f29a62c928df2819774c954a9904d1b4eebe4915b86a1e756166b35699e,personalized_model_predict_proba_high,fixed_probability_threshold_0.5,0.5,0.020097428234294,64,163,227,7c06ed050cd4d38a4f6d5c6560dd3947f8ca120a9f1667a3309d44cb5d2e8ab6,0.9450728527607363,0.9861963190184049,0.041123466257668606,0.9800213027454348,0.9942618258694882,0.014240523124053439,0.3420384771181422,0.11199367273326581,0.2300448043848764,1.2495433966439111,0.35603684442634204,0.8935065522175691,0.8931652607361964,0.8756230828220859,-0.0175421779141105,0.8750687947165658,0.8143441333752752,-0.06072466134129062
lightgbm,2,6030f0fd,attention,target_attention,True,True,lightgbm__fold_02__attention__6030f0fd__weighted_aug__b4495d0248ea,b4495d0248ea18b2c16796eec58ce1fdfae45bf85be419b34ff1b6ab519b6c5c,personalized_model_predict_proba_high,fixed_probability_threshold_0.5,0.5,0.0884680904925703,64,163,227,7c06ed050cd4d38a4f6d5c6560dd3947f8ca120a9f1667a3309d44cb5d2e8ab6,0.9606019938650306,0.9699961656441718,0.009394171779141147,0.9802888888341563,0.9882130961871007,0.007924207352944412,0.28234750920969526,0.10704329468204096,0.1753042145276543,0.8262152275447127,0.3496043954791547,0.476610832065558,0.9087902607361964,0.8970954754601227,-0.011694785276073705,0.8863967242948134,0.8446801231611358,-0.04171660113367759
xgboost,2,7072a0e0,attention,target_attention,True,True,xgboost__fold_02__attention__7072a0e0__weighted_aug__d3cf0a917151,d3cf0a917151edfdf7c9524dbc681089e1b707b4ec9c73089e78a8bf44b66ede,personalized_model_predict_proba_high,fixed_probability_threshold_0.5,0.5,0.9857546389102936,221,186,407,fe4540e53f8190423c51d95ab99b9616f8b68e48529ddcca1806b5355a801b9a,0.8024376003503139,0.8301951053374205,0.027757504987106607,0.7566307878414726,0.7994083118804115,0.04277752403893886,0.3083305363382453,0.18651335877266154,0.12181717756558377,1.144805568554841,0.5968575762336644,0.5479479923211766,0.6974042718824502,0.7466914805624483,0.04928720867999803,0.6955949192305971,0.7419898208690296,0.04639490163843252
lightgbm,2,7072a0e0,attention,target_attention,True,True,lightgbm__fold_02__attention__7072a0e0__weighted_aug__8527ea0e664e,8527ea0e664e20d942d537ba8ec684318e803a38e5a20944ba7fb1227eef66ba,personalized_model_predict_proba_high,fixed_probability_threshold_0.5,0.5,0.9351339120964944,221,186,407,fe4540e53f8190423c51d95ab99b9616f8b68e48529ddcca1806b5355a801b9a,0.784265070792585,0.8180557582834622,0.033790687490877214,0.758055219514173,0.8060856809853822,0.04803046147120926,0.2877650701969857,0.1799114005991497,0.10785366959783602,0.8351913439644613,0.5288944561794284,0.30629688778503283,0.6482995183184936,0.7227898603610179,0.07449034204252425,0.6339928057553956,0.7174447174447175,0.08345191168932187
xgboost,2,71a251fa,attention,target_attention,False,False,,,frozen_zero_shot_probability,frozen_1800s_median_midpoint_policy,0.5,0.5,58,90,148,7c5fac878092a5778df0bd74910856b8b352e29a98d6cf4407170cfa58a4872b,0.9409961685823754,0.9409961685823754,0.0,0.9617951120021441,0.9617951120021441,0.0,0.11470312638493624,0.11470312638493624,0.0,0.3901467989762936,0.3901467989762936,0.0,0.7998084291187739,0.7998084291187739,0.0,0.8121350596598121,0.8121350596598121,0.0
lightgbm,2,71a251fa,attention,target_attention,False,False,,,frozen_zero_shot_probability,frozen_1800s_median_midpoint_policy,0.5,0.5,58,90,148,7c5fac878092a5778df0bd74910856b8b352e29a98d6cf4407170cfa58a4872b,0.9519157088122605,0.9519157088122605,0.0,0.9692775183387039,0.9692775183387039,0.0,0.10428077533529528,0.10428077533529528,0.0,0.3284573751396865,0.3284573751396865,0.0,0.82816091954023,0.82816091954023,0.0,0.8421934501142423,0.8421934501142423,0.0
xgboost,2,71c09041,attention,target_attention,True,True,xgboost__fold_02__attention__71c09041__weighted_aug__dcb6d00aee2a,dcb6d00aee2a10aca0a55ee8d664294626e7618b2aa5586e781e11b10063820c,personalized_model_predict_proba_high,fixed_probability_threshold_0.5,0.5,0.0008162317244568,33,78,111,91cb13b5813965b2c6c82a9598e4e599864df43ddad0794799de69e1ecc41c26,0.956876456876457,0.9704739704739705,0.0135975135975136,0.9853579310815159,0.9875781683970655,0.0022202373155495447,0.06386885241462105,0.05241952900198127,0.01144932341263978,0.40639620328907655,0.23824795272562924,0.16814825056344732,0.7231934731934733,0.9224941724941724,0.19930069930069916,0.748868778280543,0.9152024446142093,0.1663336663336663
lightgbm,2,71c09041,attention,target_attention,True,True,lightgbm__fold_02__attention__71c09041__weighted_aug__1a47271c8d51,1a47271c8d515af1c0c43d225f6a04e4041e16c205522d42b5b8b16a9eac4824,personalized_model_predict_proba_high,fixed_probability_threshold_0.5,0.5,0.0169496746286767,33,78,111,91cb13b5813965b2c6c82a9598e4e599864df43ddad0794799de69e1ecc41c26,0.9471639471639473,0.9770784770784772,0.02991452991452992,0.9753659100248406,0.9907703301612814,0.015404420136440722,0.06559839097050602,0.05640537636237402,0.009193014608131996,0.30018835663694926,0.2280175247597067,0.07217083187724255,0.7686480186480187,0.9353146853146853,0.16666666666666663,0.7945563418617311,0.9353146853146853,0.14075834345295424
xgboost,2,a02151ac,attention,target_attention,True,True,xgboost__fold_02__attention__a02151ac__weighted_aug__61a906f9be3f,61a906f9be3f5faa667a8fdff0f8f26ea3baacb2e0549a931578a0e245f88e84,personalized_model_predict_proba_high,fixed_probability_threshold_0.5,0.5,0.9966075271368028,151,189,340,14442a6cecc8ce919e40f6dbaf7f03c6076cc3fd6c48c95a42d72fb8db71e54c,0.6382494130838502,0.8971232348715792,0.258873821787729,0.724787500955089,0.9142252312681403,0.18943773031305122,0.4024807996251475,0.17368767199912039,0.2287931276260271,2.5346179387924312,0.5964491806622897,1.9381687581301414,0.563824941308385,0.7483618907459967,0.18453694943761167,0.5639340806071893,0.7496533588333731,0.18571927822618384
lightgbm,2,a02151ac,attention,target_attention,True,True,lightgbm__fold_02__attention__a02151ac__weighted_aug__56cc014b340a,56cc014b340af4fb30cb9afddd7a1d9e15897f75f1471d1553c9a82ae50db279,personalized_model_predict_proba_high,fixed_probability_threshold_0.5,0.5,0.9703962064569304,151,189,340,14442a6cecc8ce919e40f6dbaf7f03c6076cc3fd6c48c95a42d72fb8db71e54c,0.6003714215634744,0.8776761624443743,0.27730474088089985,0.6805990953792468,0.8954432942220554,0.2148441988428086,0.374298123606904,0.17860852624869455,0.19568959735820946,1.5001353124211292,0.5402278453717618,0.9599074670493674,0.5559059532569466,0.7079610357756053,0.15205508251865874,0.5553618134263296,0.7016926428691135,0.14633082944278386
xgboost,2,d0e2d025,attention,target_attention,True,True,xgboost__fold_02__attention__d0e2d025__weighted_aug__cf4cbbfc1a05,cf4cbbfc1a05c614429bbfd245901f4b81ee95aaa0d0bc409c9dd7b8f522a116,personalized_model_predict_proba_high,fixed_probability_threshold_0.5,0.5,0.3298501544632017,400,149,549,e2a3e7effc9f5f9ba5010568a7015c8508dbd2d587c73c05b93eb5fa9724d3c3,0.9385906040268456,0.9083053691275168,-0.030285234899328772,0.8676370821371409,0.8037770659039767,-0.06386001623316417,0.1261570054815406,0.1541635257443532,-0.028006520262812612,0.4540621478577842,0.6278701233824824,-0.17380797552469818,0.7593120805369127,0.6636409395973154,-0.09567114093959728,0.7920454545454545,0.68927685140842,-0.10276860313703451
lightgbm,2,d0e2d025,attention,target_attention,True,True,lightgbm__fold_02__attention__d0e2d025__weighted_aug__5a501ba77ef1,5a501ba77ef14c80a58018446485b95acfe676faa5f5e74108146016462e46e1,personalized_model_predict_proba_high,fixed_probability_threshold_0.5,0.5,0.3386322125160091,400,149,549,e2a3e7effc9f5f9ba5010568a7015c8508dbd2d587c73c05b93eb5fa9724d3c3,0.9443120805369128,0.9336912751677853,-0.010620805369127573,0.8506944236051817,0.8476151577613652,-0.003079265843816459,0.12917767216322842,0.12349489049064974,0.005682781672578685,0.3874495439503288,0.3807818751453886,0.006667668804940241,0.7312164429530201,0.6774580536912752,-0.05375838926174492,0.7630157036890024,0.7072031869040881,-0.05581251678491428
xgboost,2,d18000a3,attention,target_attention,True,True,xgboost__fold_02__attention__d18000a3__weighted_aug__c308badb1722,c308badb17220166f6238a1a9449f314f4d7cd6b30cb17238ccbd188f9d775da,personalized_model_predict_proba_high,fixed_probability_threshold_0.5,0.5,0.7819086015224457,168,220,388,ca5562f54882b03263e97591651b03ad2f06e0b4f638fec391557d16f039f468,0.8992694805194805,0.8854166666666667,-0.013852813852813783,0.9151540258264254,0.9109490074055618,-0.0042050184208635155,0.1931268317826409,0.15721393293324248,0.03591289884939841,0.7048463086736845,0.5806809490190108,0.12416535965467368,0.7740259740259741,0.7770021645021645,0.0029761904761904656,0.7803023244145959,0.7834077636551013,0.0031054392405054365
lightgbm,2,d18000a3,attention,target_attention,True,True,lightgbm__fold_02__attention__d18000a3__weighted_aug__3b90e2b78fc8,3b90e2b78fc8a5a9b2501218d378c718070ca37c2a11f86690051fe6accc8cee,personalized_model_predict_proba_high,fixed_probability_threshold_0.5,0.5,0.7136969946381703,168,220,388,ca5562f54882b03263e97591651b03ad2f06e0b4f638fec391557d16f039f468,0.9139069264069264,0.891693722943723,-0.022213203463203435,0.9349640050441028,0.9115140798598597,-0.02344992518424316,0.17330064118649796,0.15676387253777557,0.01653676864872239,0.5133498635904016,0.48111305273324717,0.03223681085715441,0.7701839826839827,0.7421536796536796,-0.028030303030303072,0.7760629315320322,0.7459070072036673,-0.03015592432836489
xgboost,2,f0f2a1e1,attention,target_attention,True,True,xgboost__fold_02__attention__f0f2a1e1__weighted_aug__57e5c357ac8c,57e5c357ac8cd16fd9095cb1be4ea280082eb06fe910a48db0df75f13ce9225f,personalized_model_predict_proba_high,fixed_probability_threshold_0.5,0.5,0.1821496756747365,55,161,216,ae75b44b16d8a57370a738969003888486a448f9fca975d1f1a6881682c1a54a,0.9081874647092039,0.9106719367588934,0.00248447204968949,0.9582516513505184,0.9636438078142466,0.005392156463728259,0.1616425600297145,0.14362350644439073,0.01801905358532377,0.5151013093483567,0.47864841399305186,0.03645289535530488,0.8075098814229249,0.8219085262563524,0.014398644833427454,0.7948717948717948,0.7818181818181819,-0.013053613053612967
lightgbm,2,f0f2a1e1,attention,target_attention,True,True,lightgbm__fold_02__attention__f0f2a1e1__weighted_aug__f61f0e814c3a,f61f0e814c3a95f01742ea6d0e07655f3da13abc249b4a32fa1bd3965bd8823b,personalized_model_predict_proba_high,fixed_probability_threshold_0.5,0.5,0.2897052873931051,55,161,216,ae75b44b16d8a57370a738969003888486a448f9fca975d1f1a6881682c1a54a,0.9254658385093167,0.9001693958215697,-0.025296442687747,0.9721893132142636,0.9601200982877676,-0.012069214926496041,0.1213386687098046,0.1329601549755401,-0.01162148626573549,0.38929404895043374,0.4082795847091201,-0.01898553575868639,0.8294748729531338,0.794635798983625,-0.034839073969508805,0.8374811899525408,0.7623762376237624,-0.07510495232877845
xgboost,2,1081b177,engagement,target_engagement,True,True,xgboost__fold_02__engagement__1081b177__weighted_aug__5b4f15d9f71a,5b4f15d9f71a0b6e5e9449c32f90dab05862d089e184458e86aa821858da1441,personalized_model_predict_proba_high,fixed_probability_threshold_0.5,0.5,0.9462436139583588,73,188,261,640b314903571314524906e7c771a2579d3b14df967959cdb6ee38e6371794e7,0.7175750510055378,0.7518944914019237,0.0343194403963859,0.8723791467409637,0.8860365676673465,0.01365742092638278,0.24757657960578197,0.20852113007918877,0.039055449526593206,1.0406583988584495,0.8657400969707189,0.1749183018877306,0.6368041387350627,0.6290804430195278,-0.007723695715534884,0.6272775760912579,0.639599348735599,0.012321772644341089
lightgbm,2,1081b177,engagement,target_engagement,True,True,lightgbm__fold_02__engagement__1081b177__weighted_aug__1b09396791f9,1b09396791f92b0912e53c219d24549fe523ef612ecfb182882f2b3c48d6b4fd,personalized_model_predict_proba_high,fixed_probability_threshold_0.5,0.5,0.8894453655348181,73,188,261,640b314903571314524906e7c771a2579d3b14df967959cdb6ee38e6371794e7,0.7389973768580589,0.7394345671815797,0.00043719032352085296,0.8983297856780696,0.8893811398965217,-0.00894864578154797,0.24287759703034667,0.23013322324854282,0.012744373781803847,0.7521272069560728,0.7171753928641572,0.03495181409191561,0.6467137860682017,0.5754881958612649,-0.07122559020693686,0.6313559322033898,0.5783197414986921,-0.05303619070469767
xgboost,2,517001af,engagement,target_engagement,False,False,,,frozen_zero_shot_probability,frozen_1800s_median_midpoint_policy,0.5,0.5,35,180,215,26c213f90f34acda06ee4146b3ce8e21fd142e1ba94f36aa0f2579f16dc89919,0.7252380952380952,0.7252380952380952,0.0,0.9229884652521482,0.9229884652521482,0.0,0.16995556502862405,0.16995556502862405,0.0,0.5670471812491668,0.5670471812491668,0.0,0.6682539682539682,0.6682539682539682,0.0,0.6407502131287297,0.6407502131287297,0.0
lightgbm,2,517001af,engagement,target_engagement,False,False,,,frozen_zero_shot_probability,frozen_1800s_median_midpoint_policy,0.5,0.5,35,180,215,26c213f90f34acda06ee4146b3ce8e21fd142e1ba94f36aa0f2579f16dc89919,0.7896825396825397,0.7896825396825397,0.0,0.9309190523010934,0.9309190523010934,0.0,0.11560073077849045,0.11560073077849045,0.0,0.3821176538710959,0.3821176538710959,0.0,0.721031746031746,0.721031746031746,0.0,0.7315184815184814,0.7315184815184814,0.0
xgboost,2,6030f0fd,engagement,target_engagement,True,True,xgboost__fold_02__engagement__6030f0fd__weighted_aug__b10ae1f50a21,b10ae1f50a218736748314d034c7c5f68ef3718905e457d2bcd2c523471d057b,personalized_model_predict_proba_high,fixed_probability_threshold_0.5,0.5,0.6940165236592293,88,99,187,cc96aa1d95339cad7a385ba7a8d1396068693dda0572c4c374d10f9e48fcfdc0,0.7914370982552801,0.911042240587695,0.11960514233241493,0.7863953276172055,0.9217568873601882,0.1353615597429827,0.19238938421023993,0.1279709050858233,0.06441847912441664,0.5957827628344414,0.4032596499122628,0.1925231129221786,0.6919191919191919,0.8175505050505051,0.12563131313131315,0.6923365565016597,0.8194822290478281,0.12714567254616838
lightgbm,2,6030f0fd,engagement,target_engagement,True,True,lightgbm__fold_02__engagement__6030f0fd__weighted_aug__36eb40f2fe61,36eb40f2fe61c9627d320e779d663fe20701507fb0495b107fbd9d9112f31cdc,personalized_model_predict_proba_high,fixed_probability_threshold_0.5,0.5,0.7497405243587256,88,99,187,cc96aa1d95339cad7a385ba7a8d1396068693dda0572c4c374d10f9e48fcfdc0,0.857208448117539,0.9524793388429752,0.09527089072543615,0.8292003510542846,0.960248980924667,0.13104862987038246,0.16336645199678804,0.09990613915401678,0.06346031284277126,0.4932266155729769,0.32423527420105447,0.16899134137192245,0.7752525252525253,0.860479797979798,0.08522727272727271,0.7748796147672552,0.8632441129150212,0.08836449814776604
xgboost,2,7072a0e0,engagement,target_engagement,True,True,xgboost__fold_02__engagement__7072a0e0__weighted_aug__36c1f9c1d84a,36c1f9c1d84a0e33cb9b4970ccb1b8685c844ba70e94b0be577ac4cdd91bd7aa,personalized_model_predict_proba_high,fixed_probability_threshold_0.5,0.5,0.2855235640890896,193,192,385,38e26c8495d2e5191087676b5225b57c5ced2083a27df3e4b5f26c2b54f125bb,0.9118361398963731,0.9021750863557859,-0.009661053540587217,0.9139772957577461,0.9084089582562107,-0.005568337501535403,0.2175554592096744,0.1734195889211841,0.04413587028849031,0.7435236883695874,0.5998742834686935,0.14364940490089384,0.7657464378238341,0.7761631044905009,0.01041666666666674,0.7575159556600605,0.7692103942452462,0.011694438585185707
lightgbm,2,7072a0e0,engagement,target_engagement,True,True,lightgbm__fold_02__engagement__7072a0e0__weighted_aug__7cbeb18176b8,7cbeb18176b866a8b8cd4383533c0264b692e8d74cdfbb4f8ffd3b33dc04768c,personalized_model_predict_proba_high,fixed_probability_threshold_0.5,0.5,0.2707816342456033,193,192,385,38e26c8495d2e5191087676b5225b57c5ced2083a27df3e4b5f26c2b54f125bb,0.8823942141623488,0.9129155872193436,0.03052137305699487,0.8840380654562433,0.924723790863654,0.04068572540741067,0.203473692985668,0.14865410742680893,0.054819585558859074,0.6072644098284687,0.4628143389376679,0.14445007089080086,0.7685530008635579,0.8047684585492227,0.03621545768566481,0.7660469339960809,0.7996586391357742,0.03361170513969325
xgboost,2,71a251fa,engagement,target_engagement,False,False,,,frozen_zero_shot_probability,frozen_1800s_median_midpoint_policy,0.5,0.5,22,151,173,ce35642eb457c0a74a4ffefb4c249734833c1aca6af3a024d35aeba49a3a43c1,0.9828416616496086,0.9828416616496086,0.0,0.9972475434841559,0.9972475434841559,0.0,0.02691123945227015,0.02691123945227015,0.0,0.0984890508628312,0.0984890508628312,0.0,0.918573148705599,0.918573148705599,0.0,0.9105943152454781,0.9105943152454781,0.0
lightgbm,2,71a251fa,engagement,target_engagement,False,False,,,frozen_zero_shot_probability,frozen_1800s_median_midpoint_policy,0.5,0.5,22,151,173,ce35642eb457c0a74a4ffefb4c249734833c1aca6af3a024d35aeba49a3a43c1,0.9786273329319687,0.9786273329319687,0.0,0.9967726453600301,0.9967726453600301,0.0,0.0358611685362973,0.0358611685362973,0.0,0.1381837232164203,0.1381837232164203,0.0,0.8731186032510536,0.8731186032510536,0.0,0.8804973520607875,0.8804973520607875,0.0
xgboost,2,71c09041,engagement,target_engagement,True,True,xgboost__fold_02__engagement__71c09041__weighted_aug__93bb9b96ef47,93bb9b96ef474080be2c08fed8a7b998e1ebf4829115a33b1ae7a1e797d42d4c,personalized_model_predict_proba_high,fixed_probability_threshold_0.5,0.5,0.4965661708265543,211,119,330,6e745766811957cae6b9de0ef8c0dcbe32029cdc390319107eb41cbeb79b29a1,0.9224979091162532,0.9503763590744354,0.027878449958182228,0.8712454127493481,0.8975830215102009,0.026337608760852782,0.1965726473154401,0.19179850159222117,0.004774145723218937,0.7050612947010101,0.7146031561346673,-0.009541861433657206,0.6567565414791509,0.6585885539049743,0.001832012425823426,0.6590696921793898,0.6618977669699176,0.0028280747905278236
lightgbm,2,71c09041,engagement,target_engagement,True,True,lightgbm__fold_02__engagement__71c09041__weighted_aug__e812ee0c8ce9,e812ee0c8ce9ebdc50b5bb30dab7263d91a6a502264b74ff02731a592c529a4f,personalized_model_predict_proba_high,fixed_probability_threshold_0.5,0.5,0.4992666305228483,211,119,330,6e745766811957cae6b9de0ef8c0dcbe32029cdc390319107eb41cbeb79b29a1,0.935680433310765,0.9572663188498148,0.02158588553904983,0.8865296907998361,0.8938544403853411,0.007324749585504997,0.1490268763447281,0.16366628335713423,-0.014639407012406125,0.4382285618086496,0.48528782524031805,-0.04705926343166844,0.7029750288741089,0.6609582221514199,-0.04201680672268904,0.716927182615326,0.6645842629778372,-0.052342919637488716
xgboost,2,a02151ac,engagement,target_engagement,True,True,xgboost__fold_02__engagement__a02151ac__weighted_aug__9dd3563481f5,9dd3563481f597f3325b27eccddb18f29899f4ca62bc89f0bc4a71d0b6b322d0,personalized_model_predict_proba_high,fixed_probability_threshold_0.5,0.5,0.43399603292346,98,167,265,61f07c988c5fad312857978c1997bf6971994d98b24cff3033070ad18d8cab5d,0.7502138579982891,0.82811927166076,0.07790541366247095,0.8296438304553742,0.8842165474782211,0.05457271702284694,0.2253663738037519,0.1695589776915026,0.0558073961122493,0.6934435082062511,0.5418487190761722,0.15159478913007896,0.6798240254185506,0.7499083465721618,0.07008432115361118,0.6732234916578763,0.7514644608785228,0.0782409692206465
lightgbm,2,a02151ac,engagement,target_engagement,True,True,lightgbm__fold_02__engagement__a02151ac__weighted_aug__579871953e3b,579871953e3b760ea62d33543948d4496bdaa3f2968221bd8bd3598df0546efc,personalized_model_predict_proba_high,fixed_probability_threshold_0.5,0.5,0.4863646367564295,98,167,265,61f07c988c5fad312857978c1997bf6971994d98b24cff3033070ad18d8cab5d,0.81437125748503,0.7984846633264083,-0.015886594158621703,0.8739512165688246,0.8473431047971061,-0.026608111771718512,0.18344495058500374,0.17221101804846314,0.011233932536540592,0.5429649961532874,0.5229399740295091,0.020025022123778324,0.7245203470609801,0.7273921544665771,0.0028718074055970044,0.714359542266519,0.7314510219672286,0.017091479700709566
xgboost,2,d0e2d025,engagement,target_engagement,True,True,xgboost__fold_02__engagement__d0e2d025__weighted_aug__4e6a4fbd1071,4e6a4fbd1071c9652ba0ce9c6ffb062cf430f57f2ec38b78cfc2cca98336408a,personalized_model_predict_proba_high,fixed_probability_threshold_0.5,0.5,0.851252943277359,126,280,406,d61de83582937a084b1892f2a198313c3ce571fa9d695e7a0b13735a27f52d45,0.8781462585034014,0.8749433106575963,-0.003202947845805104,0.9304771821869455,0.9282210072834803,-0.0022561749034651912,0.12726238445753446,0.1266174677989836,0.0006449166585508481,0.48636697522335387,0.5060246129529413,-0.01965763772958745,0.7972222222222223,0.7732142857142856,-0.024007936507936645,0.794626798561151,0.8009723952264234,0.006345596665272346
lightgbm,2,d0e2d025,engagement,target_engagement,True,True,lightgbm__fold_02__engagement__d0e2d025__weighted_aug__f5cc2e2a9735,f5cc2e2a9735684c02f1a346d6b4382feaa909bd5cd08678ba0a2c4ef6118a9a,personalized_model_predict_proba_high,fixed_probability_threshold_0.5,0.5,0.7532529403030022,126,280,406,d61de83582937a084b1892f2a198313c3ce571fa9d695e7a0b13735a27f52d45,0.8930555555555555,0.8925170068027212,-0.0005385487528343225,0.9242358975702591,0.9310162215155622,0.006780323945303035,0.12320856964509817,0.11667253778919078,0.006536031855907398,0.39508160861501507,0.37800212123963833,0.017079487375376734,0.8182539682539682,0.7436507936507937,-0.07460317460317456,0.8259296131849925,0.7703525785534524,-0.05557703463154007
xgboost,2,d18000a3,engagement,target_engagement,True,True,xgboost__fold_02__engagement__d18000a3__weighted_aug__8a0ad5d7889e,8a0ad5d7889e1039dc0e848cbff6ae6fb4e60f623c7306814b35ea5ecf2c2120,personalized_model_predict_proba_high,fixed_probability_threshold_0.5,0.5,0.8950096964836121,204,136,340,9230c2a5cfea84f766226036d9d91f581c6116293ff0e8c8a4526448ee1b870e,0.9280565167243369,0.9585135524798155,0.030457035755478645,0.8891883974287429,0.9417371216934846,0.052548724264741664,0.18671694890079116,0.11271170369545144,0.07400524520533971,0.6722474765524783,0.3694422755004299,0.3028052010520484,0.8468137254901961,0.8676470588235294,0.02083333333333337,0.8379466177093631,0.8489007398112567,0.010954122101893615
lightgbm,2,d18000a3,engagement,target_engagement,True,True,lightgbm__fold_02__engagement__d18000a3__weighted_aug__a7db34703867,a7db347038677629980eed6bdaebfd172a64a8659b1478ad1d651e0b0f418f1e,personalized_model_predict_proba_high,fixed_probability_threshold_0.5,0.5,0.7913155797419774,204,136,340,9230c2a5cfea84f766226036d9d91f581c6116293ff0e8c8a4526448ee1b870e,0.9389057093425606,0.9706603229527104,0.03175461361014986,0.9091339789525659,0.9600978897400608,0.05096391078749496,0.15451368194102524,0.10153353511310868,0.05298014682791656,0.46514628022892185,0.3137380936807369,0.15140818654818494,0.8602941176470589,0.875,0.014705882352941124,0.8571671180471759,0.8523228743180792,-0.004844243729096753
xgboost,2,f0f2a1e1,engagement,target_engagement,True,True,xgboost__fold_02__engagement__f0f2a1e1__weighted_aug__2ca9cbd387c9,2ca9cbd387c972659adf32e3b556131e880219f843980be6a9073515c52700a8,personalized_model_predict_proba_high,fixed_probability_threshold_0.5,0.5,0.4952499201754108,97,119,216,52943519b3ca86c6b5b7b1287dd0eb8f4ff291b349edc3c26430ef6fa41d0ca9,0.9721909382309625,0.9600623754656501,-0.012128562765312378,0.9759342269707324,0.95673300346325,-0.019201223507482434,0.14287643483191592,0.1479664497554473,-0.005090014923531366,0.46428410019010236,0.49164209073221343,-0.027357990542111077,0.8332755782725461,0.8197175777527506,-0.013558000519795499,0.8189749650800473,0.804953560371517,-0.014021404708530305
lightgbm,2,f0f2a1e1,engagement,target_engagement,True,True,lightgbm__fold_02__engagement__f0f2a1e1__weighted_aug__589cde93f74c,589cde93f74c94114946dbaae6a4d087d08e485ba1d6f0157391fa436c375a1f,personalized_model_predict_proba_high,fixed_probability_threshold_0.5,0.5,0.4851045678747505,97,119,216,52943519b3ca86c6b5b7b1287dd0eb8f4ff291b349edc3c26430ef6fa41d0ca9,0.9714978775015161,0.9734037945074937,0.001905917005977642,0.9755573150255125,0.9743853130981461,-0.0011720019273663285,0.1394229165256382,0.1313802514226747,0.008042665102963503,0.4110050351647334,0.3912625534411858,0.01974248172354759,0.8099714112449103,0.8267781339339859,0.01680672268907557,0.7896786757546251,0.8090020920050898,0.01932341625046463
xgboost,2,1081b177,excitement,target_excitement,True,True,xgboost__fold_02__excitement__1081b177__weighted_aug__c7daec1e06d9,c7daec1e06d9222d08efd48c3173c2ac9aee2330e5f599b1559214769579389f,personalized_model_predict_proba_high,fixed_probability_threshold_0.5,0.5,0.5536136887967587,122,184,306,ec62b2e04fac79fcb79fc9adae1cbcb83f594284fccebf53f5534341c754bec8,0.9864130434782609,0.9865021382751247,8.909479686380894e-05,0.9914017481159493,0.9924162486711624,0.001014500555213127,0.050768338568193364,0.04295906087718578,0.007809277691007581,0.18870840666449884,0.16372838800591294,0.0249800186585859,0.9331343549536707,0.9372327156094085,0.004098360655737765,0.9379282365668951,0.9414683544303797,0.0035401178634846264
lightgbm,2,1081b177,excitement,target_excitement,True,True,lightgbm__fold_02__excitement__1081b177__weighted_aug__ee3b59877b5a,ee3b59877b5a602009c960b3be3b38c0b35926c75c7ce9f6c0118190d1870894,personalized_model_predict_proba_high,fixed_probability_threshold_0.5,0.5,0.5924969399381805,122,184,306,ec62b2e04fac79fcb79fc9adae1cbcb83f594284fccebf53f5534341c754bec8,0.9878385602280827,0.9875267284390591,-0.00031183178902360886,0.9926648951084117,0.9929250068795112,0.0002601117710995249,0.05661393438034809,0.044629115739682354,0.011984818640665737,0.18352827352325132,0.15285923317375444,0.030669040349496884,0.9112615823235923,0.9317533856022808,0.020491803278688492,0.9197555497280718,0.9377289377289377,0.017973388000865897
xgboost,2,517001af,excitement,target_excitement,True,True,xgboost__fold_02__excitement__517001af__weighted_aug__7e4a15af5bc6,7e4a15af5bc6798e535e5c516007a98131d995275bf52ef03d9db00ec21d18d4,personalized_model_predict_proba_high,fixed_probability_threshold_0.5,0.5,0.9999412298202516,121,128,249,dad86721089fea8addc449a3f08070ccd5526abafc45134773344c73196e7c62,0.9787577479338843,0.968620867768595,-0.010136880165289242,0.9811157146587145,0.9672001882572687,-0.013915526401445777,0.12506962346222,0.12562693614393128,-0.000557312681711275,0.6353199949111518,0.5897176727105833,0.04560232220056848,0.8239927685950413,0.8434271694214877,0.01943440082644632,0.8154188287620459,0.8431366047745358,0.027717776012489925
lightgbm,2,517001af,excitement,target_excitement,True,True,lightgbm__fold_02__excitement__517001af__weighted_aug__7bff99b12c7e,7bff99b12c7e634fbcc0a1ff6345c4e79c1585c862e49268ecf7ff22decca5a5,personalized_model_predict_proba_high,fixed_probability_threshold_0.5,0.5,0.9985345153480992,121,128,249,dad86721089fea8addc449a3f08070ccd5526abafc45134773344c73196e7c62,0.9664256198347108,0.9790805785123967,0.012654958677685957,0.9523344959500244,0.9841538347494045,0.03181933879938015,0.12066535897110353,0.10101360453365492,0.019651754437448613,0.4546809294178866,0.3423568472863149,0.11232408213157175,0.6364927685950413,0.8604080578512396,0.2239152892561983,0.5785421785421785,0.8610126083530338,0.28247042981085535
xgboost,2,6030f0fd,excitement,target_excitement,True,True,xgboost__fold_02__excitement__6030f0fd__weighted_aug__6817b8be9ee8,6817b8be9ee8d27dffc2a7f2bc31d954682d006875d88123e78ab7f840a15155,personalized_model_predict_proba_high,fixed_probability_threshold_0.5,0.5,0.5105490842834115,121,54,175,0da0abe8860982da853cfb74d7e88148bdabf495b6d6e8406ae4ac1ed56d9e35,0.9540863177226814,0.965105601469238,0.011019283746556585,0.9377733015155636,0.9473237976151062,0.009550496099542616,0.06954863556547582,0.056319607163779525,0.013229028401696291,0.26595370765469845,0.2322491283390954,0.033704579315603056,0.8887358432812978,0.9011325374961738,0.012396694214875992,0.8867486390802848,0.9052737395607795,0.018525100480494716
lightgbm,2,6030f0fd,excitement,target_excitement,True,True,lightgbm__fold_02__excitement__6030f0fd__weighted_aug__2e69dfd8e35a,2e69dfd8e35af821fef3bf306cf885949d29d4bd79a7bc4fc0bb003b654b83f9,personalized_model_predict_proba_high,fixed_probability_threshold_0.5,0.5,0.541910291512136,121,54,175,0da0abe8860982da853cfb74d7e88148bdabf495b6d6e8406ae4ac1ed56d9e35,0.9551576369758187,0.9606672788490971,0.005509641873278404,0.9367714368646141,0.9451917846562289,0.008420347791614824,0.07064206535100127,0.06201143873911259,0.008630626611888681,0.25435096642881655,0.21333202545729607,0.04101894097152048,0.9021273339455158,0.8928680746862565,-0.0092592592592593,0.9000723286002512,0.8928680746862565,-0.007204253913994707
xgboost,2,7072a0e0,excitement,target_excitement,True,True,xgboost__fold_02__excitement__7072a0e0__weighted_aug__59b27a7e58a7,59b27a7e58a71c733b9ca7a6a7bf2ff229533d08264386b7a8cadf5e3ebdedb5,personalized_model_predict_proba_high,fixed_probability_threshold_0.5,0.5,0.2300085853785276,79,318,397,97a1dcbd158e82f2cb37747aa787d3f6ebb51ac1fa5b54e2fbdf58242c459f62,0.9047448451556405,0.909203088926041,0.004458243770400494,0.974523948108077,0.9761745316572563,0.001650583549179352,0.18571347767686205,0.1561732555192837,0.029540222157578344,0.699473232453145,0.588395931162522,0.11107730129062299,0.8360401241939337,0.8361197356898336,7.961149589985617e-05,0.7680254137553597,0.7558562084195226,-0.012169205335837097
lightgbm,2,7072a0e0,excitement,target_excitement,True,True,lightgbm__fold_02__excitement__7072a0e0__weighted_aug__c1bafc68ae04,c1bafc68ae0400f3fb525921f72266c5a1a5d7562dc73c94c0682f069a17bfa1,personalized_model_predict_proba_high,fixed_probability_threshold_0.5,0.5,0.3321521165243848,79,318,397,97a1dcbd158e82f2cb37747aa787d3f6ebb51ac1fa5b54e2fbdf58242c459f62,0.9048244566515404,0.9088448371944908,0.004020380542950397,0.9735190544863852,0.9758940112136565,0.0023749567272712824,0.1703278677479332,0.13944223020478708,0.030885637543146133,0.5355150465780384,0.4402105971569285,0.09530444942110988,0.8218493750497572,0.8313629488098082,0.00951357376005102,0.75149780917464,0.7544362774631481,0.002938468288508078
xgboost,2,71a251fa,excitement,target_excitement,False,False,,,frozen_zero_shot_probability,frozen_1800s_median_midpoint_policy,0.5,0.5,76,38,114,f15dcfb94e75190ad2bc98b8d8cfd82b50baf66946e70f352ceb2ddcf1e29e81,1.0,1.0,0.0,1.0,1.0,0.0,0.017200827546405097,0.017200827546405097,0.0,0.06492609111662724,0.06492609111662724,0.0,0.986842105263158,0.986842105263158,0.0,0.9805128205128205,0.9805128205128205,0.0
lightgbm,2,71a251fa,excitement,target_excitement,False,False,,,frozen_zero_shot_probability,frozen_1800s_median_midpoint_policy,0.5,0.5,76,38,114,f15dcfb94e75190ad2bc98b8d8cfd82b50baf66946e70f352ceb2ddcf1e29e81,1.0,1.0,0.0,1.0,1.0,0.0,0.024094135984705552,0.024094135984705552,0.0,0.10156366422496214,0.10156366422496214,0.0,0.9736842105263157,0.9736842105263157,0.0,0.9614864864864865,0.9614864864864865,0.0
xgboost,2,71c09041,excitement,target_excitement,False,False,,,frozen_zero_shot_probability,frozen_1800s_median_midpoint_policy,0.598562303930521,0.598562303930521,184,41,225,6f13884e342c6a4e5a57d05760b399fa04fdcf788a67dde54b292eced721c123,0.9901908801696713,0.9901908801696713,0.0,0.9518982131946871,0.9518982131946871,0.0,0.040160479441465814,0.040160479441465814,0.0,0.1444282489815591,0.1444282489815591,0.0,0.9443928950159067,0.9443928950159067,0.0,0.9281242013800153,0.9281242013800153,0.0
lightgbm,2,71c09041,excitement,target_excitement,False,False,,,frozen_zero_shot_probability,frozen_1800s_median_midpoint_policy,0.6096120631234296,0.6096120631234296,184,41,225,6f13884e342c6a4e5a57d05760b399fa04fdcf788a67dde54b292eced721c123,0.9943001060445387,0.9943001060445387,0.0,0.9709827778624047,0.9709827778624047,0.0,0.04176862735528325,0.04176862735528325,0.0,0.1644919244774841,0.1644919244774841,0.0,0.959305408271474,0.959305408271474,0.0,0.9424993611040122,0.9424993611040122,0.0
xgboost,2,a02151ac,excitement,target_excitement,True,True,xgboost__fold_02__excitement__a02151ac__weighted_aug__999bf05c5b8c,999bf05c5b8c942193f0957a9ce41f99297a7c6f7528098817dd468fee628d62,personalized_model_predict_proba_high,fixed_probability_threshold_0.5,0.5,0.4961788465734571,316,93,409,9d1f846f8826f5882127016146d581fed9c25232fe7db3224452bad3d90413ce,0.9801959983666803,0.9785286511501294,-0.0016673472165508185,0.9463296706978691,0.9467800630655301,0.0004503923676609789,0.04789107806509656,0.04885996465614616,-0.0009688865910496003,0.17006663075621445,0.1820251940328479,-0.011958563276633444,0.910490676466585,0.9073261195045597,-0.0031645569620253333,0.9184107132015578,0.9120089497009595,-0.00640176350059829
lightgbm,2,a02151ac,excitement,target_excitement,True,True,lightgbm__fold_02__excitement__a02151ac__weighted_aug__dbffb942f888,dbffb942f888650c103c929ba55537db45de480b38d7a09d1118769d1f9e8bb6,personalized_model_predict_proba_high,fixed_probability_threshold_0.5,0.5,0.484231085045686,316,93,409,9d1f846f8826f5882127016146d581fed9c25232fe7db3224452bad3d90413ce,0.9765890839798557,0.9764189465087791,-0.00017013747107652577,0.9447512798470229,0.9481385072344817,0.00338722738745878,0.04562517431505334,0.04477185488120801,0.0008533194338453329,0.15723288251282458,0.15433071923967842,0.0029021632731461577,0.888985300122499,0.9218728732816115,0.032887573159112504,0.9026679711256247,0.9202776341771401,0.017609663051515456
xgboost,2,d0e2d025,excitement,target_excitement,True,True,xgboost__fold_02__excitement__d0e2d025__weighted_aug__75b52317868a,75b52317868a3d5de3a397725adc7a092b3b1977c3750e902db63fcb140ac640,personalized_model_predict_proba_high,fixed_probability_threshold_0.5,0.5,0.4713812880218029,146,391,537,8ce08446f987952c584e05a7ca77d40575c594d791bc98f96c68097d72a4e355,0.9528956311529971,0.9515292716252671,-0.00136635952773001,0.979442012425334,0.9808768823401408,0.0014348699148067912,0.18819293996595735,0.15240637285330028,0.03578656711265707,0.6972823185586354,0.5858064082871044,0.11147591027153103,0.8307027992852889,0.857557019234138,0.026854219948849067,0.7544762691366036,0.7914877575254934,0.03701148838888979
lightgbm,2,d0e2d025,excitement,target_excitement,True,True,lightgbm__fold_02__excitement__d0e2d025__weighted_aug__38b313aea5f0,38b313aea5f002855fb5c48e2677175d3fe90b87d1c3995cf575a2fe47822a18,personalized_model_predict_proba_high,fixed_probability_threshold_0.5,0.5,0.4332122201317241,146,391,537,8ce08446f987952c584e05a7ca77d40575c594d791bc98f96c68097d72a4e355,0.9605682654240969,0.9580983078162771,-0.0024699576078197616,0.9812263647414643,0.978306819285564,-0.002919545455900341,0.15384656240902603,0.13301778904928818,0.020828773359737845,0.46531999355831144,0.41778667288015425,0.04753332067815719,0.8558665872543181,0.8498843849630382,-0.005982202291279881,0.7866171839856051,0.7808187887797553,-0.005798395205849793
xgboost,2,d18000a3,excitement,target_excitement,True,True,xgboost__fold_02__excitement__d18000a3__weighted_aug__1f9a0fa6c415,1f9a0fa6c4158209ddf62673134720c80f6ca07dbabfc230c969427173b67efb,personalized_model_predict_proba_high,fixed_probability_threshold_0.5,0.5,0.4962778302506194,90,236,326,0430e492bafc786e6a08d8442f9ef50a79738ec45d26e2ca45fc67b6be428a28,0.9537664783427495,0.9538135593220339,4.7080979284408464e-05,0.9825020948955445,0.982614112023416,0.00011201712787145546,0.1948072216078271,0.13415586138702099,0.06065136022080611,0.8147890505111447,0.5350223043278687,0.279766746183276,0.8321092278719397,0.8718455743879473,0.03973634651600755,0.7542063492063492,0.8171506917611866,0.06294434255483738
lightgbm,2,d18000a3,excitement,target_excitement,True,True,lightgbm__fold_02__excitement__d18000a3__weighted_aug__63cd3cc849a6,63cd3cc849a65c4f51181a4db1a8c1b2d1251e81fc9a16f47dc803e9c63f8759,personalized_model_predict_proba_high,fixed_probability_threshold_0.5,0.5,0.4894372058857424,90,236,326,0430e492bafc786e6a08d8442f9ef50a79738ec45d26e2ca45fc67b6be428a28,0.9540489642184558,0.9568738229755179,0.0028248587570621764,0.9824941185347483,0.9841182065946519,0.00162408805990355,0.18057889080828293,0.13916929705116227,0.041409593757120666,0.6121243435109567,0.469159084325842,0.14296525918511466,0.8278719397363465,0.8638888888888889,0.03601694915254239,0.7484667431646421,0.7978140409740226,0.04934729780938052
xgboost,2,f0f2a1e1,excitement,target_excitement,True,True,xgboost__fold_02__excitement__f0f2a1e1__weighted_aug__91d0cc17f186,91d0cc17f1869a9bab15767ecebcb69d8304b6eacce830a39302cc2474450523,personalized_model_predict_proba_high,fixed_probability_threshold_0.5,0.5,0.5598573796451092,45,229,274,60aad71a195a26f036ffd277182cce50e4ccad6d7896b7da726db9355cebdd83,0.97117903930131,0.9626394953905871,-0.008539543910722869,0.9945470257341891,0.9927769769031243,-0.0017700488310647966,0.06039192419830449,0.06931685541416445,-0.008924931215859959,0.21313690866629464,0.23253571575957496,-0.019398807093280318,0.8962154294032023,0.853954391072295,-0.04226103833090733,0.8604115445101557,0.8358222713864307,-0.024589273123724942
lightgbm,2,f0f2a1e1,excitement,target_excitement,True,True,lightgbm__fold_02__excitement__f0f2a1e1__weighted_aug__b096fd9c9651,b096fd9c9651b2fb9343cdbaba7906105f3e856d4a312b99f3ab7fe8bef4706c,personalized_model_predict_proba_high,fixed_probability_threshold_0.5,0.5,0.6687862428162108,45,229,274,60aad71a195a26f036ffd277182cce50e4ccad6d7896b7da726db9355cebdd83,0.9655507035419699,0.9726346433770015,0.0070839398350315275,0.993457028761886,0.9948131546507641,0.0013561258888781236,0.062130672180977044,0.056220309434348026,0.005910362746629018,0.19925761423267263,0.17915313962939342,0.020104474603279215,0.8809315866084425,0.8605046094129063,-0.02042697719553621,0.827020202020202,0.8510693607467801,0.02404915872657809
xgboost,2,1081b177,focus,target_focus,True,True,xgboost__fold_02__focus__1081b177__weighted_aug__43530d07eb65,43530d07eb6512dcd9bf77a0949e5011f8f342ca8597c41f11edb3f09d744734,personalized_model_predict_proba_high,fixed_probability_threshold_0.5,0.5,0.525509387254715,97,234,331,1a8050db84ac55060018f5c41ffb62078cffa5d9b5c82a289dcfca39ca175f54,0.9825975856903693,0.9763855846330074,-0.00621200105736186,0.9925307718423153,0.9890448714707754,-0.0034859003715399517,0.0474363502957856,0.04698859805411874,0.0004477522416668628,0.16100065321181292,0.17158383568247307,-0.010583182470660146,0.9210503128028902,0.918913560666138,-0.002136752136752129,0.9261819803746655,0.922733184379898,-0.0034487959947674396
lightgbm,2,1081b177,focus,target_focus,True,True,lightgbm__fold_02__focus__1081b177__weighted_aug__d4f8c0f77a02,d4f8c0f77a0252817b9e265edd3676acb0087822600133ae81bba545411c3f45,personalized_model_predict_proba_high,fixed_probability_threshold_0.5,0.5,0.5851705130634419,97,234,331,1a8050db84ac55060018f5c41ffb62078cffa5d9b5c82a289dcfca39ca175f54,0.9789408758480924,0.9660763062824919,-0.012864569565600559,0.990866912161892,0.9821217240859773,-0.008745188075914734,0.051224122634695855,0.049770708135257434,0.0014534144994384213,0.1779608515066017,0.18306560828374044,-0.00510475677713873,0.8957837694951096,0.9128777865891268,0.017094017094017144,0.8945917751056938,0.9217450042217844,0.027153229116090638
xgboost,2,517001af,focus,target_focus,False,False,,,frozen_zero_shot_probability,frozen_1800s_median_midpoint_policy,0.9693537652492524,0.9693537652492524,119,135,254,00adf53e757557d0c6d88d6d94985edabac6f0d1e481998614e3c0b57493b5c5,0.9661375661375661,0.9661375661375661,0.0,0.9591222852210459,0.9591222852210459,0.0,0.09272183795790856,0.09272183795790856,0.0,0.374169387775733,0.374169387775733,0.0,0.9335511982570806,0.9335511982570806,0.0,0.9328950844639221,0.9328950844639221,0.0
lightgbm,2,517001af,focus,target_focus,False,False,,,frozen_zero_shot_probability,frozen_1800s_median_midpoint_policy,0.9083564868816728,0.9083564868816728,119,135,254,00adf53e757557d0c6d88d6d94985edabac6f0d1e481998614e3c0b57493b5c5,0.9742919389978213,0.9742919389978213,0.0,0.9589815745009196,0.9589815745009196,0.0,0.07955228540027327,0.07955228540027327,0.0,0.2770007639789133,0.2770007639789133,0.0,0.9446623093681917,0.9446623093681917,0.0,0.9446623093681917,0.9446623093681917,0.0
xgboost,2,6030f0fd,focus,target_focus,True,True,xgboost__fold_02__focus__6030f0fd__weighted_aug__cfa93af6ed73,cfa93af6ed738c689b73c08ea72cb5742a3353b5052f9b8dba82c7ef5bf7b2ec,personalized_model_predict_proba_high,fixed_probability_threshold_0.5,0.5,0.6573637872934341,130,29,159,c759ca9d8ef0e9d61f91796ac380a333648299cfcbdc30620c0d77c11b12b8e6,0.927055702917772,0.9092838196286472,-0.017771883289124712,0.7814782630749544,0.7366509794051234,-0.04482728366983102,0.1302947132973561,0.09216058768235755,0.03813412561499854,0.452337051848154,0.3299133654254261,0.12242368642272788,0.9078249336870026,0.846551724137931,-0.06127320954907156,0.845868734675258,0.8162967467315294,-0.029571987943728617
lightgbm,2,6030f0fd,focus,target_focus,True,True,lightgbm__fold_02__focus__6030f0fd__weighted_aug__289a2bbaab45,289a2bbaab45d54e702fa8c668f1387b0df69f1d1d3942553df815fca0e74200,personalized_model_predict_proba_high,fixed_probability_threshold_0.5,0.5,0.5795877202362123,130,29,159,c759ca9d8ef0e9d61f91796ac380a333648299cfcbdc30620c0d77c11b12b8e6,0.9204244031830239,0.9339522546419098,0.013527851458885909,0.8288557546616482,0.815409683113625,-0.01344607154802313,0.1274821076987327,0.08722045571881644,0.040261651979916255,0.4036798921157323,0.30072561951554866,0.10295427260018364,0.8484084880636604,0.8887267904509284,0.04031830238726797,0.7985023041474655,0.8549711158406811,0.056468811693215604
xgboost,2,7072a0e0,focus,target_focus,True,True,xgboost__fold_02__focus__7072a0e0__weighted_aug__93b4a0146e88,93b4a0146e888d14277b12512e273aaaa79f898b87a35ec7d53b2f8133f72b9a,personalized_model_predict_proba_high,fixed_probability_threshold_0.5,0.5,0.8138576596975327,66,341,407,13bd929d3a3c931b88637dde297a4748dc0431d0f37e3a28d04d60bcfa0097c1,0.8579934239758287,0.855682928996712,-0.0023104949791167284,0.9691338163123264,0.967432678763424,-0.0017011375489024427,0.19724020550103277,0.21451501117898805,-0.01727480567795528,0.6569742615234749,0.6942309041897498,-0.03725664266627482,0.7368035190615836,0.7556207233626588,0.018817204301075252,0.5547483508349,0.6279680290166656,0.07321967818176556
lightgbm,2,7072a0e0,focus,target_focus,True,True,lightgbm__fold_02__focus__7072a0e0__weighted_aug__4a065259bf7b,4a065259bf7bcd6ee66593c394120668cf45aa1d9a2838f4d4c4e513942ac1c2,personalized_model_predict_proba_high,fixed_probability_threshold_0.5,0.5,0.7231340154762713,66,341,407,13bd929d3a3c931b88637dde297a4748dc0431d0f37e3a28d04d60bcfa0097c1,0.8667466453390207,0.8888296454278859,0.022083000088865212,0.9702173146427057,0.9755159338839562,0.005298619241250524,0.1629757031888115,0.17514723282938008,-0.012171529640568585,0.4989359383879703,0.5271792261923431,-0.028243287804372852,0.7260508308895406,0.7913000977517106,0.06524926686217003,0.5540108787494719,0.6652480664025655,0.11123718765309365
xgboost,2,71a251fa,focus,target_focus,False,False,,,frozen_zero_shot_probability,frozen_1800s_median_midpoint_policy,0.5,0.5,128,21,149,f92e98d03ae2e253e673c0b65d49dd0d095fbaf2a9f0f0f95180fdaa3814e78e,0.6692708333333333,0.6692708333333333,0.0,0.328432758972251,0.328432758972251,0.0,0.31855183733534714,0.31855183733534714,0.0,1.0407769719244588,1.0407769719244588,0.0,0.6501116071428572,0.6501116071428572,0.0,0.5273910004838449,0.5273910004838449,0.0
lightgbm,2,71a251fa,focus,target_focus,False,False,,,frozen_zero_shot_probability,frozen_1800s_median_midpoint_policy,0.5,0.5,128,21,149,f92e98d03ae2e253e673c0b65d49dd0d095fbaf2a9f0f0f95180fdaa3814e78e,0.6770833333333334,0.6770833333333334,0.0,0.3534933934215737,0.3534933934215737,0.0,0.22832919765126816,0.22832919765126816,0.0,0.6678749551821671,0.6678749551821671,0.0,0.6415550595238095,0.6415550595238095,0.0,0.5534465534465535,0.5534465534465535,0.0
xgboost,2,71c09041,focus,target_focus,False,False,,,frozen_zero_shot_probability,frozen_1800s_median_midpoint_policy,0.5036526499316096,0.5036526499316096,214,35,249,12098b5dc63762e029a92a83c682f153c4bea27b99e969e7639a597294f37735,0.87543391188251,0.87543391188251,0.0,0.5928587092122708,0.5928587092122708,0.0,0.08775528018559603,0.08775528018559603,0.0,0.29170318000687645,0.29170318000687645,0.0,0.6716955941255007,0.6716955941255007,0.0,0.7092092092092092,0.7092092092092092,0.0
lightgbm,2,71c09041,focus,target_focus,False,False,,,frozen_zero_shot_probability,frozen_1800s_median_midpoint_policy,0.5219678984043197,0.5219678984043197,214,35,249,12098b5dc63762e029a92a83c682f153c4bea27b99e969e7639a597294f37735,0.9197596795727636,0.9197596795727636,0.0,0.5852094936842691,0.5852094936842691,0.0,0.08311136182481739,0.08311136182481739,0.0,0.2666771396961666,0.2666771396961666,0.0,0.5883177570093459,0.5883177570093459,0.0,0.6123508043591075,0.6123508043591075,0.0
xgboost,2,a02151ac,focus,target_focus,True,True,xgboost__fold_02__focus__a02151ac__weighted_aug__27b8ff7e03b0,27b8ff7e03b092766abdf76a9e8a38ebf2d08a382516b1594993fcd5c282e380,personalized_model_predict_proba_high,fixed_probability_threshold_0.5,0.5,0.0668500596657395,319,76,395,c2615751b397a76df01986f974b365f007a28b09881a256e7ba217dcb3326791,0.7629516581422207,0.8252763570367926,0.06232469889457193,0.4201669795737886,0.4968564392207777,0.07668945964698909,0.1900146730620549,0.1749093051016976,0.015105367960357302,0.758855035219948,0.6811249041325134,0.07773013108743465,0.6837568058076224,0.746493977891437,0.06273717208381457,0.5664166008292024,0.7044168009226246,0.13800020009342218
lightgbm,2,a02151ac,focus,target_focus,True,True,lightgbm__fold_02__focus__a02151ac__weighted_aug__64a8b84b2a8b,64a8b84b2a8b5d3d96a59e14a4574595a4fb98c494027cb49f6113b137562b5a,personalized_model_predict_proba_high,fixed_probability_threshold_0.5,0.5,0.2021904080236313,319,76,395,c2615751b397a76df01986f974b365f007a28b09881a256e7ba217dcb3326791,0.7690975086619369,0.8251113677610955,0.05601385909915857,0.41274879608300863,0.47068418529048006,0.05793538920747143,0.1802817834674126,0.1515407582781583,0.02874102518925431,0.5839170192054318,0.5044157686185363,0.0795012505868955,0.6934705494142881,0.7324080184787989,0.03893746906451079,0.5740196078431372,0.7101490178369835,0.13612940999384626
xgboost,2,d0e2d025,focus,target_focus,True,True,xgboost__fold_02__focus__d0e2d025__weighted_aug__99fbe8646e92,99fbe8646e92da1f7ee2aa023e5ebb4807f886680a6ea97d8359dccb96976f59,personalized_model_predict_proba_high,fixed_probability_threshold_0.5,0.5,0.4853129908442497,130,394,524,84fac9f1e48991c325d5325e08ac4ef6df4b08e3f593628dd3a84533ffd4312e,0.841858648965248,0.8311206559937525,-0.01073799297149547,0.9382888324345112,0.9398545317357099,0.001565699301198653,0.13579268060888075,0.14914891133918035,-0.013356230730299595,0.45167792442070875,0.47531227161126055,-0.023634347190551797,0.7517766497461928,0.700546661460367,-0.05122998828582581,0.7609634450459217,0.7118788256043158,-0.049084619441605915
lightgbm,2,d0e2d025,focus,target_focus,True,True,lightgbm__fold_02__focus__d0e2d025__weighted_aug__0a811e483953,0a811e4839532fa826092332ddea7dd4039f2b3804fc6b5e48969bf5ace59bba,personalized_model_predict_proba_high,fixed_probability_threshold_0.5,0.5,0.4513162303720042,130,394,524,84fac9f1e48991c325d5325e08ac4ef6df4b08e3f593628dd3a84533ffd4312e,0.8607379929714956,0.853416634127294,-0.0073213588442015975,0.9506201952909688,0.9445965559882543,-0.006023639302714434,0.12934782852396473,0.1278675402572921,0.0014802882666726247,0.401844259525107,0.40034937090823847,0.0014948886168685283,0.7312377977352597,0.7401991409605623,0.00896134322530262,0.7444963170453367,0.7533811565494877,0.008884839504150976
xgboost,2,d18000a3,focus,target_focus,True,True,xgboost__fold_02__focus__d18000a3__weighted_aug__5b352ccb6374,5b352ccb637468535bd9a1ff01f70a0b628e0ae7469671c10da967a6598a7764,personalized_model_predict_proba_high,fixed_probability_threshold_0.5,0.5,0.4802532466128468,72,249,321,c28a55c7cd17ea74513e74433c260bc9e427984db1691c237aa75e9540d09864,0.7780566711289604,0.8068942436412315,0.028837572512271148,0.9219532466043188,0.9258902133346829,0.003936966730364144,0.2097278105394852,0.22222651877195712,-0.012498708232471928,0.7051953128048285,0.7564237315856636,-0.05122841878083506,0.7097556894243642,0.7302543507362784,0.020498661311914246,0.6669496321448782,0.6613359986673331,-0.005613633477545177
lightgbm,2,d18000a3,focus,target_focus,True,True,lightgbm__fold_02__focus__d18000a3__weighted_aug__c658ff042f70,c658ff042f7078c4c4ecdebafabf5f863c6a3afe5647bbfd3440930f15b5c26c,personalized_model_predict_proba_high,fixed_probability_threshold_0.5,0.5,0.4452260349700147,72,249,321,c28a55c7cd17ea74513e74433c260bc9e427984db1691c237aa75e9540d09864,0.7969098616688978,0.8131972333779561,0.016287371709058363,0.9284162189939136,0.9329299064653885,0.004513687471474959,0.18141308416085947,0.1859670536971831,-0.004553969536323643,0.5383041248475827,0.5468255161761392,-0.008521391328556449,0.6960341365461847,0.7304216867469879,0.034387550200803196,0.6661364331599877,0.6713759213759214,0.005239488215933674
xgboost,2,f0f2a1e1,focus,target_focus,False,False,,,frozen_zero_shot_probability,frozen_1800s_median_midpoint_policy,0.5585343427956104,0.5585343427956104,29,242,271,87a9299e99a88b3436fc8fbeca49b8a42bc7bc7fce8e25145bcd8fcb61be1b95,0.816756910800798,0.816756910800798,0.0,0.9730969235590406,0.9730969235590406,0.0,0.13640059695315931,0.13640059695315931,0.0,0.4628751236690974,0.4628751236690974,0.0,0.7215018523795953,0.7215018523795953,0.0,0.6402654867256637,0.6402654867256637,0.0
lightgbm,2,f0f2a1e1,focus,target_focus,False,False,,,frozen_zero_shot_probability,frozen_1800s_median_midpoint_policy,0.5530874925199019,0.5530874925199019,29,242,271,87a9299e99a88b3436fc8fbeca49b8a42bc7bc7fce8e25145bcd8fcb61be1b95,0.8160444571102878,0.8160444571102878,0.0,0.9740500344265575,0.9740500344265575,0.0,0.1349222849585619,0.1349222849585619,0.0,0.4246516362501209,0.4246516362501209,0.0,0.6939298945568537,0.6939298945568537,0.0,0.6138867781155015,0.6138867781155015,0.0
xgboost,2,1081b177,interest,target_interest,True,True,xgboost__fold_02__interest__1081b177__weighted_aug__d0c821d446eb,d0c821d446eb1142f762d9739b51eea9128a2f7da8ab7206c49616e3a7d90b98,personalized_model_predict_proba_high,fixed_probability_threshold_0.5,0.5,0.7290830388665199,134,183,317,c6d7d62ba703c3bf617592f9ff76f80a7db5e40b1cfa3b76564f57d3ea0fde7a,0.8975205937525488,0.9139548160835169,0.01643422233096814,0.9117652589227369,0.9253124692455168,0.013547210322779946,0.1749812789641082,0.11740397332107022,0.05757730564303798,0.6443713261464257,0.4542048992716442,0.19016642687478147,0.8010358045836392,0.8403474431123074,0.03931163852866815,0.8096586035340538,0.8472257145251865,0.037567110991132635
lightgbm,2,1081b177,interest,target_interest,True,True,lightgbm__fold_02__interest__1081b177__weighted_aug__0efa9bf34c6c,0efa9bf34c6caacb0604a9340a8013f84769093ae6e501a5315d42d9d15f73ee,personalized_model_predict_proba_high,fixed_probability_threshold_0.5,0.5,0.7024819556016766,134,183,317,c6d7d62ba703c3bf617592f9ff76f80a7db5e40b1cfa3b76564f57d3ea0fde7a,0.873705244270451,0.9247206590000815,0.05101541472963045,0.9070293499458856,0.9401320311186588,0.03310268117277326,0.18575023671574872,0.1125872022194526,0.07316303449629612,0.5602487388573926,0.3639337621653297,0.19631497669206288,0.7595220618220373,0.8271552075687139,0.06763314574667656,0.7658964177538985,0.8354642232932578,0.06956780553935926
xgboost,2,517001af,interest,target_interest,True,True,xgboost__fold_02__interest__517001af__weighted_aug__0b7dbf42f95f,0b7dbf42f95fa44da0a289de1a9150b1639041ca5efe661a3f3d5ac12b0a6f70,personalized_model_predict_proba_high,fixed_probability_threshold_0.5,0.5,0.7537136971950531,55,51,106,99a0772f552126e586d8baa1e2e7c3e19a8d097e96fc591853278d6e49f170c8,0.9219251336898395,0.9454545454545454,0.02352941176470591,0.914096116125771,0.9386389570487049,0.024542840922933906,0.15355246339114506,0.09567959831451885,0.057872865076626215,0.496228843398881,0.32031460813001844,0.17591423526886257,0.8124777183600713,0.8754010695187165,0.06292335115864522,0.8113207547169812,0.8764679515912147,0.06514719687423354
lightgbm,2,517001af,interest,target_interest,True,True,lightgbm__fold_02__interest__517001af__weighted_aug__53883fc78276,53883fc782769e841be5c9e22e074c786224389d64599b6ed9f3b3d2c51229de,personalized_model_predict_proba_high,fixed_probability_threshold_0.5,0.5,0.790686514942553,55,51,106,99a0772f552126e586d8baa1e2e7c3e19a8d097e96fc591853278d6e49f170c8,0.9440285204991087,0.9372549019607843,-0.006773618538324366,0.9321223467182648,0.9340850657964133,0.0019627190781484893,0.16564776557396205,0.11476923446521708,0.05087853110874496,0.4953774688936851,0.36249611237073115,0.13288135652295396,0.8775401069518716,0.8641711229946524,-0.013368983957219194,0.8772601763605594,0.8655797101449275,-0.011680466215631902
xgboost,2,6030f0fd,interest,target_interest,True,True,xgboost__fold_02__interest__6030f0fd__weighted_aug__8d285c2b8b20,8d285c2b8b204dfb2ecf816fa956d87bacbbd9c6f0fde360ea73a4c0971aa949,personalized_model_predict_proba_high,fixed_probability_threshold_0.5,0.5,0.192006747238338,70,61,131,20b9621e1cdf1ef54d9d06a1662a3a5aa80ffe8a563778c41161ebd304c7fff1,0.7646370023419203,0.8306791569086651,0.06604215456674478,0.7349536098595316,0.7907199332291924,0.05576632336966081,0.24037787698756233,0.1730727911918759,0.06730508579568642,0.7347284639261689,0.570104236112664,0.16462422781350483,0.7156908665105386,0.7728337236533958,0.05714285714285716,0.7159017642576637,0.7743659796875928,0.05846421542992908
lightgbm,2,6030f0fd,interest,target_interest,True,True,lightgbm__fold_02__interest__6030f0fd__weighted_aug__382757741274,382757741274a2cb15922e436071c5cc4eb69130f049d61f5cb3a3b9d9451532,personalized_model_predict_proba_high,fixed_probability_threshold_0.5,0.5,0.2752518356976399,70,61,131,20b9621e1cdf1ef54d9d06a1662a3a5aa80ffe8a563778c41161ebd304c7fff1,0.7437939110070257,0.7943793911007025,0.050585480093676805,0.6905517432103783,0.7481663080514038,0.05761456484102556,0.23335963548072783,0.19311219929253573,0.0402474361881921,0.659128510388325,0.5640805300250764,0.09504798036324857,0.6871194379391101,0.7032786885245902,0.016159250585480067,0.6863649635036497,0.7036904761904762,0.017325512686826472
xgboost,2,7072a0e0,interest,target_interest,True,True,xgboost__fold_02__interest__7072a0e0__weighted_aug__7cc7606aa3ef,7cc7606aa3ef3674a0bcf02527df285112b999521a65f9ad713edf6cd63e3fda,personalized_model_predict_proba_high,fixed_probability_threshold_0.5,0.5,0.2087703682482242,98,282,380,6c36700502941333c28b0984e6b9c4ae4c51a1b67541d592a970704808f5b0b8,0.8195831524099001,0.7960269214068606,-0.023556231003039496,0.9231551517370219,0.9124616401068011,-0.010693511630220809,0.2739604522487886,0.21886097683575165,0.055099475413036975,0.8005386761739804,0.6520087600889697,0.14852991608501076,0.7418946301925025,0.7046967723259516,-0.03719785786655083,0.7121938904317091,0.6378947368421053,-0.07429915358960382
lightgbm,2,7072a0e0,interest,target_interest,True,True,lightgbm__fold_02__interest__7072a0e0__weighted_aug__a4ef570d2a13,a4ef570d2a136a5095efc86eaf780f041824699267c1114edd0f7ce38adde60c,personalized_model_predict_proba_high,fixed_probability_threshold_0.5,0.5,0.2391335775447499,98,282,380,6c36700502941333c28b0984e6b9c4ae4c51a1b67541d592a970704808f5b0b8,0.8319944999276306,0.8041684759009987,-0.027826024026631924,0.9230169633254366,0.9123560932908815,-0.01066087003455507,0.2617842444709669,0.19607407550940056,0.06571016896156631,0.7196986723553807,0.5715445349421074,0.1481541374132732,0.7600593428860907,0.7279635258358663,-0.03209581705022435,0.7438020055472584,0.6714597742992355,-0.07234223124802286
xgboost,2,71a251fa,interest,target_interest,False,False,,,frozen_zero_shot_probability,frozen_1800s_median_midpoint_policy,0.5,0.5,60,104,164,4dd8b6d19252a82d4f167b0cff70e3399519b2bcdbd2e0b1c3bd919ac53cf06c,0.9958333333333333,0.9958333333333333,0.0,0.9975926898596736,0.9975926898596736,0.0,0.02811202530946753,0.02811202530946753,0.0,0.11228713857905019,0.11228713857905019,0.0,0.9618589743589744,0.9618589743589744,0.0,0.9667841374002512,0.9667841374002512,0.0
lightgbm,2,71a251fa,interest,target_interest,False,False,,,frozen_zero_shot_probability,frozen_1800s_median_midpoint_policy,0.5,0.5,60,104,164,4dd8b6d19252a82d4f167b0cff70e3399519b2bcdbd2e0b1c3bd919ac53cf06c,0.9950320512820512,0.9950320512820512,0.0,0.9970023237845473,0.9970023237845473,0.0,0.04871708018958129,0.04871708018958129,0.0,0.20208385596363196,0.20208385596363196,0.0,0.95,0.95,0.0,0.9596655189375307,0.9596655189375307,0.0
xgboost,2,71c09041,interest,target_interest,True,True,xgboost__fold_02__interest__71c09041__weighted_aug__064736e8703c,064736e8703c8483dd465213500cbdbef89ed8f3dc8157c1af92d4de602e9ebf,personalized_model_predict_proba_high,fixed_probability_threshold_0.5,0.5,0.4934646748006344,60,223,283,46c335c9765254bfb72e3cc9757e87f2b51e6984eda6040fbbfaeca75ac7308f,0.992152466367713,0.9954409566517191,0.003288490284006018,0.9978196608491847,0.9988096550551221,0.0009899942059373723,0.05923405481753327,0.02400433927037641,0.03522971554715686,0.1971937513575696,0.08247018818858656,0.11472356316898305,0.9295216741405082,0.9570627802690583,0.027541106128550097,0.8777903268668615,0.9435283446712018,0.0657380178043403
lightgbm,2,71c09041,interest,target_interest,True,True,lightgbm__fold_02__interest__71c09041__weighted_aug__289794ddf721,289794ddf721484840029594b4774bf0acb130871622edee616de9b4817f4a99,personalized_model_predict_proba_high,fixed_probability_threshold_0.5,0.5,0.5785554830432871,60,223,283,46c335c9765254bfb72e3cc9757e87f2b51e6984eda6040fbbfaeca75ac7308f,0.9964125560538117,0.9972346786248131,0.000822122571001338,0.9990791761027371,0.9992723144997187,0.00019313839698154034,0.04463679733211166,0.020691869228300717,0.023944928103810947,0.1901208288184392,0.0968887781428043,0.09323205067563489,0.9641255605381166,0.9637892376681614,-0.000336322869955219,0.9225718194254446,0.9582041057450894,0.03563228631964477
xgboost,2,a02151ac,interest,target_interest,True,True,xgboost__fold_02__interest__a02151ac__weighted_aug__2d087fe59c04,2d087fe59c04074a8e9ee8c2b3bd2df672fff95ed2a4bf3fa689bc647219736b,personalized_model_predict_proba_high,fixed_probability_threshold_0.5,0.5,0.5,117,153,270,2ccb53cdb3997eb0c8bdae62e7639c3240cdf95034e2a4097613fd3cc4af7d0a,0.7646500195519804,0.8893916540975364,0.12474163454555598,0.7766339188933671,0.9026847335331855,0.12605081463981838,0.21362066037974525,0.14986206542789002,0.06375859495185524,0.7820606943916727,0.518578173080622,0.26348252131105065,0.7101558572146807,0.785570638511815,0.0754147812971343,0.7129959956315981,0.7916272297051329,0.07863123407353478
lightgbm,2,a02151ac,interest,target_interest,True,True,lightgbm__fold_02__interest__a02151ac__weighted_aug__0c28e8186035,0c28e8186035ad28be7b4bd28ee7e6f4d7a827ca3303fcbffc0826d6f5469c98,personalized_model_predict_proba_high,fixed_probability_threshold_0.5,0.5,0.5,117,153,270,2ccb53cdb3997eb0c8bdae62e7639c3240cdf95034e2a4097613fd3cc4af7d0a,0.8079995530975923,0.8996704094743311,0.09167085637673877,0.8135254648216146,0.9181562256070591,0.10463076078544453,0.1769663937245944,0.1573753090639107,0.01959108466068371,0.5431189415499014,0.4762615986216934,0.06685734292820794,0.7295123177476119,0.7151835093011564,-0.014328808446455565,0.7331550491250509,0.7163304149219643,-0.016824634203086664
xgboost,2,d0e2d025,interest,target_interest,True,True,xgboost__fold_02__interest__d0e2d025__weighted_aug__d1ad9d146ba2,d1ad9d146ba26d229c84dee4b4a29fedc9eacab8660cdf3f78fc0a85397a2325,personalized_model_predict_proba_high,fixed_probability_threshold_0.5,0.5,0.5906234607100487,247,280,527,fbd1b9f40907ae75c16f2b0a1299594315a7cee9bb2aeae025177405482423a4,0.9240601503759399,0.9174233661075766,-0.006636784268363338,0.9313809966107293,0.9254027582108192,-0.005978238399910074,0.11435594107091025,0.12333027258441158,-0.008974331513501327,0.360561853966996,0.39011079126149323,-0.029548937294497202,0.8408111625216889,0.8451055523423945,0.004294389820705624,0.8414980160527603,0.8424843262163613,0.0009863101636009564
lightgbm,2,d0e2d025,interest,target_interest,True,True,lightgbm__fold_02__interest__d0e2d025__weighted_aug__08f4289f3a6a,08f4289f3a6ab3241ae7ff45ae3ad10e4b609b60448173c257936273ec3e7841,personalized_model_predict_proba_high,fixed_probability_threshold_0.5,0.5,0.6142577421344945,247,280,527,fbd1b9f40907ae75c16f2b0a1299594315a7cee9bb2aeae025177405482423a4,0.9060584152689415,0.8850202429149797,-0.02103817235396177,0.9115588056902824,0.8856573314833858,-0.02590147420689659,0.12420381479763484,0.14277342245636934,-0.0185696076587345,0.3885191234346348,0.43175466123913014,-0.04323553780449535,0.8002241179872759,0.780574031231926,-0.01965008675534985,0.7948529411764707,0.7779758239621479,-0.016877117214322723
xgboost,2,d18000a3,interest,target_interest,True,True,xgboost__fold_02__interest__d18000a3__weighted_aug__8150c22bf749,8150c22bf749fce1c7adc0f33d1f48b260ded0ebd5ddbfd52ae067ae562e1b57,personalized_model_predict_proba_high,fixed_probability_threshold_0.5,0.5,0.5117259230464697,108,191,299,3bd11e43713d3c651f3fff72173819e662c67f066683967278a9c70122151d77,0.9494861353500097,0.9555458599961217,0.006059724646112041,0.9689800330528846,0.9743938314462441,0.005413798393359537,0.08250469699859926,0.08679953615375204,-0.004294839155152774,0.2776578425363706,0.2821118470871368,-0.004454004550766222,0.8800174520069808,0.8723579600542951,-0.007659491952685671,0.88307752468472,0.8648539347226187,-0.018223589962101272
lightgbm,2,d18000a3,interest,target_interest,True,True,lightgbm__fold_02__interest__d18000a3__weighted_aug__22071b5bc3dc,22071b5bc3dc00c716f7a725025d82e0db2fb4919586df11461b7f64d06effa2,personalized_model_predict_proba_high,fixed_probability_threshold_0.5,0.5,0.5052420195024789,108,191,299,3bd11e43713d3c651f3fff72173819e662c67f066683967278a9c70122151d77,0.9400329649020749,0.9477894124490983,0.007756447547023426,0.965359928890605,0.9711055966010971,0.0057456677104921194,0.09549889395349763,0.10503391147715342,-0.009535017523655792,0.32447586958342006,0.33863368259592214,-0.014157813012502074,0.8882586775256933,0.8614746945898778,-0.02678398293581552,0.8765585005367023,0.8407659535056033,-0.03579254703109891
xgboost,2,f0f2a1e1,interest,target_interest,False,False,,,frozen_zero_shot_probability,frozen_1800s_median_midpoint_policy,0.3748874943703413,0.3748874943703413,86,121,207,329fa6f19b24abe004cc4837d22d6af293f7a70a3a0aefbb1f885b3fd89cc2b7,0.9180280607341919,0.9180280607341919,0.0,0.9469370913823045,0.9469370913823045,0.0,0.11628578689162122,0.11628578689162122,0.0,0.3687602299809618,0.3687602299809618,0.0,0.8200557370747645,0.8200557370747645,0.0,0.823658269441402,0.823658269441402,0.0
lightgbm,2,f0f2a1e1,interest,target_interest,False,False,,,frozen_zero_shot_probability,frozen_1800s_median_midpoint_policy,0.4158090817787375,0.4158090817787375,86,121,207,329fa6f19b24abe004cc4837d22d6af293f7a70a3a0aefbb1f885b3fd89cc2b7,0.9412838746876802,0.9412838746876802,0.0,0.9621342241036203,0.9621342241036203,0.0,0.10117469072619621,0.10117469072619621,0.0,0.32440356553556,0.32440356553556,0.0,0.8292331347299635,0.8292331347299635,0.0,0.830327868852459,0.830327868852459,0.0
xgboost,2,1081b177,relaxation,target_relaxation,True,True,xgboost__fold_02__relaxation__1081b177__weighted_aug__8d687417f110,8d687417f110cf7498d3c0669151a01f134d613a58205b29101fb930177f5e6b,personalized_model_predict_proba_high,fixed_probability_threshold_0.5,0.5,0.6393324434757233,174,97,271,3b1d0a3245dc7ac8a5fda059d2429c786e88ef1179b27e74e72757ae4f7f2683,0.9735158194098826,0.9848323261049887,0.011316506695106088,0.931418268176795,0.9684102377369094,0.03699196956011441,0.09367247748428388,0.04458181184874922,0.04909066563553466,0.33572519198648937,0.15947406053730323,0.17625113144918614,0.8995141604455503,0.9380554568076787,0.03854129636212833,0.8805063651233909,0.9360622861861507,0.05555592106275986
lightgbm,2,1081b177,relaxation,target_relaxation,True,True,lightgbm__fold_02__relaxation__1081b177__weighted_aug__21da3321bbc4,21da3321bbc430a00d5fc5f09c100a518395f3d4225702dfa55962e0ca2b0ff0,personalized_model_predict_proba_high,fixed_probability_threshold_0.5,0.5,0.6096425015482045,174,97,271,3b1d0a3245dc7ac8a5fda059d2429c786e88ef1179b27e74e72757ae4f7f2683,0.965931982462377,0.9798554331081881,0.01392345064581113,0.9310861590237431,0.9535955473542137,0.02250938833047056,0.1019550537355335,0.05303154739020806,0.04892350634532544,0.33602257787280027,0.18620627019617633,0.14981630767662393,0.8903009835288542,0.9494608365920132,0.05915985306315896,0.8662973456816228,0.9373555247341655,0.07105817905254275
xgboost,2,517001af,relaxation,target_relaxation,True,True,xgboost__fold_02__relaxation__517001af__weighted_aug__abdf21a33d5f,abdf21a33d5f53c05fc450127804222db0a28f229de1576ac60d780a0030c7ac,personalized_model_predict_proba_high,fixed_probability_threshold_0.5,0.5,0.5053851576521993,135,63,198,f76411b80d4233da0f00c77612cb7a37c5586352841d388ed4bdd71c0312fb15,0.937448559670782,0.9111111111111111,-0.026337448559670906,0.9045221734285801,0.8782975634612288,-0.02622460996735132,0.0789983144571221,0.10346976289343246,-0.024471448436310356,0.3083608615889287,0.43220924539017747,-0.12384838380124874,0.8788359788359789,0.8312169312169313,-0.04761904761904756,0.8869421487603306,0.8468203620609625,-0.04012178669936817
lightgbm,2,517001af,relaxation,target_relaxation,True,True,lightgbm__fold_02__relaxation__517001af__weighted_aug__c5b10b69877c,c5b10b69877cac7eb8198713f46852f649774548e11711176ee26daf7c15f3e0,personalized_model_predict_proba_high,fixed_probability_threshold_0.5,0.5,0.5419279191952887,135,63,198,f76411b80d4233da0f00c77612cb7a37c5586352841d388ed4bdd71c0312fb15,0.9459141681363903,0.9146384479717813,-0.031275720164609,0.912429665341793,0.8919528307189204,-0.02047683462287264,0.0816214222805818,0.08725705518980116,-0.005635632909219354,0.2788996051538302,0.320424816524619,-0.041525211370788795,0.8714285714285714,0.8544973544973544,-0.01693121693121702,0.876172607879925,0.8713291041312085,-0.00484350374871656
xgboost,2,6030f0fd,relaxation,target_relaxation,True,True,xgboost__fold_02__relaxation__6030f0fd__weighted_aug__df8055412c6e,df8055412c6e6ff1e2815f549644783213bf3b40572ef7fe17db99b91789f618,personalized_model_predict_proba_high,fixed_probability_threshold_0.5,0.5,0.4976950156269595,64,73,137,a5b0c2a453c652362c42041bf40596d89c44ce48f971aba384c79be71140b739,0.9467037671232876,0.9550513698630136,0.008347602739726012,0.9556886213615353,0.9601702799503269,0.0044816585887915705,0.10831288269660108,0.10034340420603012,0.007969478490570961,0.37910234953608146,0.3153449759492592,0.06375737358682226,0.8513484589041096,0.8768193493150684,0.025470890410958846,0.8466826538768986,0.8756739443762345,0.02899129049933591
lightgbm,2,6030f0fd,relaxation,target_relaxation,True,True,lightgbm__fold_02__relaxation__6030f0fd__weighted_aug__2e1bafd1d0ec,2e1bafd1d0ece81a309494181d7cb1a9bd5fc8c61dbe830211e17c0a4b3e1305,personalized_model_predict_proba_high,fixed_probability_threshold_0.5,0.5,0.4978019146720721,64,73,137,a5b0c2a453c652362c42041bf40596d89c44ce48f971aba384c79be71140b739,0.9368578767123288,0.9456335616438356,0.008775684931506822,0.9499171798960684,0.9554678550441085,0.005550675148040085,0.11617781492614598,0.10075866922412775,0.01541914570201823,0.3672937962457128,0.32024838480052864,0.04704541144518415,0.831763698630137,0.8709332191780822,0.0391695205479452,0.8243589743589743,0.868550106609808,0.04419113225083371
xgboost,2,7072a0e0,relaxation,target_relaxation,True,True,xgboost__fold_02__relaxation__7072a0e0__weighted_aug__0373e3b32ab8,0373e3b32ab8f23c07b070f851a500f7c00504add6b496ae2cfcad28760b94dc,personalized_model_predict_proba_high,fixed_probability_threshold_0.5,0.5,0.2111643175594508,125,178,303,e55870739be886d125d92dd01d640f9b57b93bfd29db2483636f7f034eedd54b,0.9507865168539326,0.9456629213483146,-0.005123595505617917,0.9633780685815696,0.9622051956714435,-0.0011728729101261326,0.08915919780748022,0.08967724807012074,-0.0005180502626405264,0.2883336487300689,0.29930564940448406,-0.010972000674415172,0.8763370786516854,0.8851011235955055,0.008764044943820104,0.8845714285714286,0.8896174863387978,0.005046057767369216
lightgbm,2,7072a0e0,relaxation,target_relaxation,True,True,lightgbm__fold_02__relaxation__7072a0e0__weighted_aug__866924e8c745,866924e8c7452aa012f7379311a464863679eb4fb71daab84a77a3054df3802e,personalized_model_predict_proba_high,fixed_probability_threshold_0.5,0.5,0.2852364135743527,125,178,303,e55870739be886d125d92dd01d640f9b57b93bfd29db2483636f7f034eedd54b,0.9644044943820225,0.9529438202247191,-0.011460674157303341,0.9749755728708617,0.9669409524245924,-0.008034620446269236,0.08468150852026261,0.08960073509701132,-0.004919226576748703,0.2811354130052189,0.29048482602359715,-0.009349413018378272,0.8775280898876405,0.8798202247191012,0.002292134831460624,0.8849486244232474,0.8779974946313529,-0.006951129791894495
xgboost,2,71a251fa,relaxation,target_relaxation,False,False,,,frozen_zero_shot_probability,frozen_1800s_median_midpoint_policy,0.5,0.5,59,91,150,39ceedb484d08d7ea492c231d7e97c4b92d5d798771634b50c2312e3316efedb,0.9424473831253491,0.9424473831253491,0.0,0.9449767386792152,0.9449767386792152,0.0,0.10005417595454494,0.10005417595454494,0.0,0.35530567888220393,0.35530567888220393,0.0,0.8692493946731235,0.8692493946731235,0.0,0.8625366568914956,0.8625366568914956,0.0
lightgbm,2,71a251fa,relaxation,target_relaxation,False,False,,,frozen_zero_shot_probability,frozen_1800s_median_midpoint_policy,0.5,0.5,59,91,150,39ceedb484d08d7ea492c231d7e97c4b92d5d798771634b50c2312e3316efedb,0.9512013410318495,0.9512013410318495,0.0,0.95116498177564,0.95116498177564,0.0,0.10369208939557101,0.10369208939557101,0.0,0.33655616776629593,0.33655616776629593,0.0,0.8672005960141553,0.8672005960141553,0.0,0.8511904761904763,0.8511904761904763,0.0
xgboost,2,71c09041,relaxation,target_relaxation,True,True,xgboost__fold_02__relaxation__71c09041__weighted_aug__a6c54b944af5,a6c54b944af53c4c42ecf85eae2e5a6b96f5905c3cacc4d4092258dce626db6e,personalized_model_predict_proba_high,fixed_probability_threshold_0.5,0.5,0.6821797490119934,159,177,336,ba1cfa56cf8aadc23e127a2a0dad65c99ce41364e5b40ffee4be3d8c9b56988a,0.9739544469317415,0.9650001776640729,-0.008954269267668624,0.9773793073171697,0.9729994891543611,-0.004379818162808635,0.18584330310563807,0.17348218066161597,0.012361122444022099,0.755715586353941,0.6014356705511048,0.15427991580283618,0.7930924208506556,0.7559961624560281,-0.03709625839462749,0.7917668269230769,0.7507608034083992,-0.041006023514677636
lightgbm,2,71c09041,relaxation,target_relaxation,True,True,lightgbm__fold_02__relaxation__71c09041__weighted_aug__536c7745e986,536c7745e986812e8f642706a7612ac8d4ffe45bfb7cd563b358d8b3cec3b106,personalized_model_predict_proba_high,fixed_probability_threshold_0.5,0.5,0.8119115748382257,159,177,336,ba1cfa56cf8aadc23e127a2a0dad65c99ce41364e5b40ffee4be3d8c9b56988a,0.9811320754716981,0.9738833813026331,-0.00724869416906504,0.9848055673573671,0.9790057036948201,-0.0057998636625470334,0.16517037705595847,0.13248943746750036,0.03268093958845811,0.499642387820338,0.3980633577760942,0.10157903004424379,0.8783178765590023,0.7896279714316171,-0.08868990512738517,0.8811913504691963,0.7876366655032214,-0.09355468496597485
xgboost,2,a02151ac,relaxation,target_relaxation,True,True,xgboost__fold_02__relaxation__a02151ac__weighted_aug__fe0e5eb4e5db,fe0e5eb4e5dbd36111853d4163b7b0feb09219218538a06ddead7ae396cc85d4,personalized_model_predict_proba_high,fixed_probability_threshold_0.5,0.5,0.6584096252918243,210,179,389,e1b2cfebf157407c60f828531f5f9895961f3dbf75b100c3fe478e4eec41249b,0.8872306464485236,0.9238893322692205,0.03665868582069698,0.8652397969009396,0.9090387912285937,0.043798994327654106,0.15033526357434154,0.14785022552334195,0.0024850380509995884,0.4928525735443998,0.5325524031600873,-0.03969982961568752,0.8016360734237828,0.8030061186485767,0.0013700452247938921,0.8036900220028664,0.8060817547357926,0.002391732732926144
lightgbm,2,a02151ac,relaxation,target_relaxation,True,True,lightgbm__fold_02__relaxation__a02151ac__weighted_aug__86372ec2464d,86372ec2464de8542b1485f14d86c24ee731b53e4c1dd45c2445dfba4ac3292d,personalized_model_predict_proba_high,fixed_probability_threshold_0.5,0.5,0.8183109434265001,210,179,389,e1b2cfebf157407c60f828531f5f9895961f3dbf75b100c3fe478e4eec41249b,0.8978451715881883,0.9396914072891727,0.041846235700984336,0.8827922182016182,0.9192030040791543,0.0364107858775361,0.13653534324280395,0.11485730053010283,0.021678042712701115,0.41235169541556616,0.349682800619263,0.06266889479630317,0.768754988028731,0.8321761106677308,0.0634211226389998,0.7702622893868334,0.8357442519341833,0.06548196254734995
xgboost,2,d0e2d025,relaxation,target_relaxation,True,True,xgboost__fold_02__relaxation__d0e2d025__weighted_aug__d8eaa323aa20,d8eaa323aa20f664f9acf03fb91a45eac6e43410801bae60fbb429fa26a8836f,personalized_model_predict_proba_high,fixed_probability_threshold_0.5,0.5,0.2349507645421908,183,290,473,1df607063182f22488640073a6d918ce5971fc976b891a7a5c5b70c6e5f9c1ec,0.9317316751460336,0.9287544752214058,-0.00297719992462786,0.9450608398476041,0.9476306880103857,0.002569848162781607,0.27506616103968623,0.18465018225944316,0.09041597878024307,1.0687983639885126,0.7000563244206823,0.36874203956783025,0.7754098360655737,0.7933672508008291,0.017957414735255472,0.7357293868921776,0.7588030059044552,0.023073619012277558
lightgbm,2,d0e2d025,relaxation,target_relaxation,True,True,lightgbm__fold_02__relaxation__d0e2d025__weighted_aug__a6825ee8fd6e,a6825ee8fd6e30515c8379852376d880d7fe23d65c14c49d6187d6a7b889ff53,personalized_model_predict_proba_high,fixed_probability_threshold_0.5,0.5,0.2820463103748912,183,290,473,1df607063182f22488640073a6d918ce5971fc976b891a7a5c5b70c6e5f9c1ec,0.9317316751460335,0.9344827586206896,0.0027510834746561352,0.942883058301514,0.9442323121645498,0.0013492538630358597,0.22159820619525913,0.1555149010584347,0.06608330513682442,0.6804691306568074,0.4885529551521661,0.19191617550464124,0.8160731109854908,0.8126248351234219,-0.0034482758620689724,0.7839292751961593,0.7797714981555102,-0.004157777040649124
xgboost,2,d18000a3,relaxation,target_relaxation,True,True,xgboost__fold_02__relaxation__d18000a3__weighted_aug__5842808e0c50,5842808e0c50ae8869e2d7cc2957c30218021d6de9fc337163c7e75f7adbd105,personalized_model_predict_proba_high,fixed_probability_threshold_0.5,0.5,0.4883625446236692,181,214,395,7cbae68d1bc4a9384f92a2eb693c847944839bb84696281d593e1ee142ec96f0,0.9305777869571953,0.9551298600712552,0.024552073114059936,0.9490335738814352,0.9648673998625599,0.015833825981124705,0.10824647037261721,0.09653368130282843,0.011712789069788787,0.3739869014924968,0.3145700851641748,0.05941681632832202,0.8638276449630815,0.8686941704962049,0.004866525533123389,0.8605843584955304,0.871271769736156,0.010687411240625666
lightgbm,2,d18000a3,relaxation,target_relaxation,True,True,lightgbm__fold_02__relaxation__d18000a3__weighted_aug__91c2dad39a87,91c2dad39a87b19e4bc37d115dd12c59db3f8a64591ae254856e8712ebcb8e63,personalized_model_predict_proba_high,fixed_probability_threshold_0.5,0.5,0.4762376688189457,181,214,395,7cbae68d1bc4a9384f92a2eb693c847944839bb84696281d593e1ee142ec96f0,0.9402592038002788,0.9608612588423606,0.02060205504208179,0.9561924847200737,0.9690797686193522,0.012887283899278512,0.09852648025205148,0.08849861438164433,0.010027865870407146,0.3098721692060149,0.28580582135984306,0.024066347846171843,0.8551143698043062,0.8642278101925956,0.009113440388289429,0.852824031246788,0.8678366409709692,0.01501260972418128
xgboost,2,f0f2a1e1,relaxation,target_relaxation,True,True,xgboost__fold_02__relaxation__f0f2a1e1__weighted_aug__e3006a02cd94,e3006a02cd94893fc3db40605584b2f464b24e5fc7898c695d7e934f433bcc7f,personalized_model_predict_proba_high,fixed_probability_threshold_0.5,0.5,0.533164631575346,129,80,209,f5ed40201f305417313a1065f632fd71c041321821653a3689ceed663b356d44,0.9572674418604651,0.9468992248062016,-0.010368217054263495,0.9465175269420644,0.9386721981413895,-0.0078453288006749,0.0892601743450056,0.08781015781485282,0.0014500165301527812,0.31147560367403687,0.3066231689864371,0.0048524346875997715,0.8879844961240311,0.8823643410852713,-0.005620155038759789,0.8805714285714286,0.8832714115732984,0.002699983001869799
lightgbm,2,f0f2a1e1,relaxation,target_relaxation,True,True,lightgbm__fold_02__relaxation__f0f2a1e1__weighted_aug__8c821dc6e38a,8c821dc6e38a263d7d1d484d92187eb1d6d590199c6a62a4c66c768123e87d84,personalized_model_predict_proba_high,fixed_probability_threshold_0.5,0.5,0.5562253205412852,129,80,209,f5ed40201f305417313a1065f632fd71c041321821653a3689ceed663b356d44,0.9568798449612403,0.9578488372093024,0.0009689922480620172,0.9405484028273227,0.946463092175904,0.0059146893485813035,0.09253760172642557,0.07837344176192862,0.01416415996449695,0.30276696840056444,0.2573981498119688,0.04536881858859565,0.8942344961240309,0.8784883720930232,-0.015746124031007724,0.8857679237660702,0.8784883720930232,-0.007279551673046947
xgboost,2,1081b177,stress,target_stress,True,True,xgboost__fold_02__stress__1081b177__weighted_aug__af138ce943bc,af138ce943bcadec63ab3066a72b39eb9a4ce4fdf923cbab7e5676d18cdeb070,personalized_model_predict_proba_high,fixed_probability_threshold_0.5,0.5,0.5246391873806715,153,166,319,6293eef1d07861679cf1cb0c1772c2ce42c9fd23d4afd543db35323b34380205,0.9507047799039294,0.9589731474919284,0.008268367587998982,0.9576297653646058,0.9631670010972024,0.005537235732596679,0.1093292709169213,0.10235194097559239,0.006977329941328908,0.37093052098077184,0.3538363056346435,0.017094215346128316,0.856012284431845,0.8628041578077015,0.006791873375856516,0.857313254808409,0.8640009518049594,0.006687696996550363
lightgbm,2,1081b177,stress,target_stress,True,True,lightgbm__fold_02__stress__1081b177__weighted_aug__f896753cdfcf,f896753cdfcf63dc489843c3ada05e6c0a310f7a3af296a032a6bd67295b7318,personalized_model_predict_proba_high,fixed_probability_threshold_0.5,0.5,0.5498279327616415,153,166,319,6293eef1d07861679cf1cb0c1772c2ce42c9fd23d4afd543db35323b34380205,0.9606268210095283,0.9720450429167651,0.011418221907236736,0.9693316744446779,0.9760062228562973,0.006674548411619408,0.09897602846647954,0.07157348863836407,0.02740253982811547,0.30129141432163653,0.22911314292476626,0.07217827139687027,0.8399283408142373,0.9020198440822111,0.06209150326797386,0.8411227986293728,0.9025109181068052,0.06138811947743239
xgboost,2,517001af,stress,target_stress,True,True,xgboost__fold_02__stress__517001af__weighted_aug__9c220a8c5825,9c220a8c582500942161649742e5ff705c3459a485ae9ff10bc0d8ed2d9e29a5,personalized_model_predict_proba_high,fixed_probability_threshold_0.5,0.5,0.8755104839801788,9,69,78,15d3c030b9a43345471d98209e1cf388ed498dff5eacfdc6d51f3d3f3dfa8a5b,0.9516908212560387,0.9500805152979067,-0.0016103059581319412,0.9926775482562774,0.9933932700982407,0.0007157218419633349,0.04128372930559615,0.09342852575345352,-0.05214479644785737,0.1862051248007401,0.424367269338048,-0.2381621445373079,0.8792270531400965,0.893719806763285,0.01449275362318847,0.7692307692307693,0.803030303030303,0.03379953379953371
lightgbm,2,517001af,stress,target_stress,True,True,lightgbm__fold_02__stress__517001af__weighted_aug__b1fd4862cd22,b1fd4862cd22ebe8e93e9c5e4d5d906a8d95044b3ab7b49baab066c75cfb6a50,personalized_model_predict_proba_high,fixed_probability_threshold_0.5,0.5,0.8477947486183335,9,69,78,15d3c030b9a43345471d98209e1cf388ed498dff5eacfdc6d51f3d3f3dfa8a5b,0.9726247987117553,0.9694041867954912,-0.0032206119162641045,0.9962549126896202,0.9957338222377314,-0.0005210904518887505,0.0464949275965039,0.09077028389467709,-0.04427535629817319,0.1775437479737104,0.28197414107486674,-0.10443039310115634,0.9057971014492754,0.8792270531400965,-0.026570048309178862,0.7383225806451613,0.7692307692307693,0.030908188585607954
xgboost,2,6030f0fd,stress,target_stress,True,True,xgboost__fold_02__stress__6030f0fd__weighted_aug__05c603a7034f,05c603a7034f2428dee80c5087c6a522b3bc25301df7aaa4551975a746d202fd,personalized_model_predict_proba_high,fixed_probability_threshold_0.5,0.5,0.4698640503920614,128,27,155,cc7e98106eb1542fa4ea2730598e51b3451255fb5efcf516b512b63c4d51e1e6,0.9045138888888888,0.9021990740740741,-0.0023148148148147696,0.7137589078359776,0.6955887614664431,-0.018170146369534512,0.10632743899345846,0.1172916122992485,-0.01096417330579004,0.38664065575449774,0.4319728439103774,-0.04533218815587964,0.8156828703703703,0.8449074074074074,0.02922453703703709,0.7857001777602212,0.7956043956043957,0.009904217844174501
lightgbm,2,6030f0fd,stress,target_stress,True,True,lightgbm__fold_02__stress__6030f0fd__weighted_aug__cc8a62575efe,cc8a62575efeae031c2d08ff5a7aae7297acc5e4837a88644f2a6a036ca02dba,personalized_model_predict_proba_high,fixed_probability_threshold_0.5,0.5,0.4365592126747861,128,27,155,cc7e98106eb1542fa4ea2730598e51b3451255fb5efcf516b512b63c4d51e1e6,0.8741319444444444,0.9149305555555556,0.04079861111111116,0.6949058565912195,0.8000315473859122,0.1051256907946927,0.11240839010244309,0.1049583278400605,0.007450062262382595,0.35461101989327243,0.32456142678478195,0.03004959310849048,0.7922453703703703,0.8185763888888888,0.02633101851851849,0.7429519071310116,0.7690014903129657,0.02604958318195416
xgboost,2,7072a0e0,stress,target_stress,True,True,xgboost__fold_02__stress__7072a0e0__weighted_aug__e34db51146ab,e34db51146ab2a3d779582d9b5df9c039e17270329cc7500569776e66379a729,personalized_model_predict_proba_high,fixed_probability_threshold_0.5,0.5,0.1344376602210104,84,369,453,b143a484ddcc3b1ca1fbc95f1b747e4e5e29e80893d072b2849f2bfad786b43f,0.9235385210994966,0.9427345463930829,0.019196025293586216,0.9812402081114382,0.9864101226918569,0.005169914580418711,0.1540363387671364,0.14621400651721844,0.007822332249917963,0.49317469003400133,0.47470647507102487,0.01846821496297646,0.8151374370886566,0.8431571815718157,0.028019744483159137,0.8052374438147352,0.7433111603843311,-0.06192628343040407
lightgbm,2,7072a0e0,stress,target_stress,True,True,lightgbm__fold_02__stress__7072a0e0__weighted_aug__f6c6786df4b1,f6c6786df4b152c14e2baefc8560a9c83310b15ea2c1b72d126533b24dcd53d0,personalized_model_predict_proba_high,fixed_probability_threshold_0.5,0.5,0.44822021784786,84,369,453,b143a484ddcc3b1ca1fbc95f1b747e4e5e29e80893d072b2849f2bfad786b43f,0.9217963608207511,0.9554136017550652,0.03361724093431406,0.9807132840498664,0.9896129920106362,0.008899707960769887,0.1221840068848373,0.11508665910042393,0.0070973477844133714,0.383178343945034,0.3670848619378594,0.016093482007174587,0.8388985675571041,0.8821622144792877,0.04326364692218354,0.786380027739251,0.7948688091911194,0.008488781451868377
xgboost,2,71a251fa,stress,target_stress,False,False,,,frozen_zero_shot_probability,frozen_1800s_median_midpoint_policy,0.5,0.5,37,36,73,31e6c65667860947a668c5d6c6b1cf8c99e81707980b236eecf7d2502b7d5404,0.96996996996997,0.96996996996997,0.0,0.9740498382911505,0.9740498382911505,0.0,0.1712321708124891,0.1712321708124891,0.0,0.49778348992910604,0.49778348992910604,0.0,0.7567567567567568,0.7567567567567568,0.0,0.7392857142857143,0.7392857142857143,0.0
lightgbm,2,71a251fa,stress,target_stress,False,False,,,frozen_zero_shot_probability,frozen_1800s_median_midpoint_policy,0.5,0.5,37,36,73,31e6c65667860947a668c5d6c6b1cf8c99e81707980b236eecf7d2502b7d5404,0.9632132132132132,0.9632132132132132,0.0,0.970270698342041,0.970270698342041,0.0,0.14972478396325992,0.14972478396325992,0.0,0.42618717064135436,0.42618717064135436,0.0,0.7293543543543544,0.7293543543543544,0.0,0.7103174603174603,0.7103174603174603,0.0
xgboost,2,a02151ac,stress,target_stress,True,True,xgboost__fold_02__stress__a02151ac__weighted_aug__ab6aee1d655c,ab6aee1d655ca76e0e83d7c8365ce889169fda1b93c32d9244bd1272a7bdb90b,personalized_model_predict_proba_high,fixed_probability_threshold_0.5,0.5,0.6826794147491455,233,89,322,67f6809f032fc9ebfb036a46a3c3987a25f9446ed34b84380441a7043bb0c12d,0.9140184211795341,0.8942469981193036,-0.019771423060230497,0.7886190166956969,0.7775358189376929,-0.011083197758004038,0.1918664021887678,0.1404834853489894,0.051382916839778386,0.6624783543438394,0.5295268647713065,0.1329514895725329,0.8241548922216329,0.7892414524762502,-0.034913439745382635,0.7671142416905129,0.7743414174603357,0.007227175769822791
lightgbm,2,a02151ac,stress,target_stress,True,True,lightgbm__fold_02__stress__a02151ac__weighted_aug__b62bf444e236,b62bf444e236645d9eb3a5e61cebe3de7d2cbcef7d9598dd8cb503ce39e62d97,personalized_model_predict_proba_high,fixed_probability_threshold_0.5,0.5,0.7342087577322922,233,89,322,67f6809f032fc9ebfb036a46a3c3987a25f9446ed34b84380441a7043bb0c12d,0.8995515262574143,0.9172493610454742,0.017697834788059863,0.7462698126681658,0.8070258052680014,0.06075599259983555,0.223073071850826,0.11042255693060603,0.11265051492021998,0.680326417185931,0.3685853165335548,0.3117411006523762,0.8193567054057964,0.839296908906785,0.019940203500988574,0.7682178092052335,0.8197932727999544,0.05157546359472087
xgboost,2,d0e2d025,stress,target_stress,True,True,xgboost__fold_02__stress__d0e2d025__weighted_aug__bb101c7a1339,bb101c7a1339d846450ac9d162fed2c9351b2c5cab0696f3605a187ae75f9eeb,personalized_model_predict_proba_high,fixed_probability_threshold_0.5,0.5,0.0991928895819,124,363,487,326a3968dab77e9fea38c2687b9799f941a0809e6cf364bb56c6a420501da50d,0.9089576113036523,0.9618546165466987,0.05289700524304641,0.9655421729125286,0.9871722891211914,0.02163011620866273,0.13982373078556568,0.06840336198875044,0.07142036879681524,0.460200071366096,0.2286168205407006,0.23158325082539538,0.7761485826001955,0.8903292455345242,0.11418066293432871,0.795799789150853,0.8852000679776113,0.08940027882675827
lightgbm,2,d0e2d025,stress,target_stress,True,True,lightgbm__fold_02__stress__d0e2d025__weighted_aug__6e82100c5f11,6e82100c5f11ae0613aa9674d3c0e6de96fd763a5ecd212e0e0833399f763cb0,personalized_model_predict_proba_high,fixed_probability_threshold_0.5,0.5,0.2112469234384385,124,363,487,326a3968dab77e9fea38c2687b9799f941a0809e6cf364bb56c6a420501da50d,0.9132231404958677,0.9609437483337777,0.04772060783790999,0.9691335521624923,0.9863675924236257,0.0172340402611334,0.13038057135038617,0.06878488541449178,0.06159568593589439,0.4003096023051702,0.23596750665294727,0.16434209565222294,0.7866679996445392,0.8917066560028437,0.10503865635830456,0.7975051975051974,0.8875807940904894,0.09007559658529196
xgboost,2,d18000a3,stress,target_stress,True,True,xgboost__fold_02__stress__d18000a3__weighted_aug__3bb388e94ed4,3bb388e94ed4e7d4b624088fafe07102ca471236c7bea4e7ad33bcf9fc12220d,personalized_model_predict_proba_high,fixed_probability_threshold_0.5,0.5,0.5203138161450624,3,173,176,b0b60773ec2f3c4267523e0b9c23c2b33ee01b3549e6cdd6f63127242ff80cf7,0.9961464354527938,0.9788053949903661,-0.01734104046242768,0.9999339388934769,0.999633546408955,-0.00030039248452196077,0.02896193597156195,0.043495042701875146,-0.014533106730313196,0.10153354153107884,0.1652711609669136,-0.06373761943583477,0.976878612716763,0.9682080924855492,-0.00867052023121384,0.702451394759087,0.660052677787533,-0.04239871697155406
lightgbm,2,d18000a3,stress,target_stress,True,True,lightgbm__fold_02__stress__d18000a3__weighted_aug__cfa5224cd58e,cfa5224cd58e0e64bd951f7f885b16142987f8c797f227ec687df0e9780fc887,personalized_model_predict_proba_high,fixed_probability_threshold_0.5,0.5,0.5790317103843172,3,173,176,b0b60773ec2f3c4267523e0b9c23c2b33ee01b3549e6cdd6f63127242ff80cf7,0.9942196531791907,0.9942196531791907,0.0,0.9999014713610089,0.9999014713610089,0.0,0.03125906593875469,0.04821755441022558,-0.01695848847147089,0.10901493517198699,0.15496512766410078,-0.045950192492113795,0.976878612716763,0.9682080924855492,-0.00867052023121384,0.702451394759087,0.660052677787533,-0.04239871697155406
xgboost,2,f0f2a1e1,stress,target_stress,True,True,xgboost__fold_02__stress__f0f2a1e1__weighted_aug__3a1d893b8dd0,3a1d893b8dd0e46906a410b3c7835288c163d6feb4e425d2de6c0db3a632fcb8,personalized_model_predict_proba_high,fixed_probability_threshold_0.5,0.5,0.572078600525856,143,105,248,acc74de136fb9297eb38a01d3d9989605d401a9940bcf7a8f9605e773f19cc78,0.8879120879120879,0.91008991008991,0.02217782217782216,0.8782512176163766,0.9026781323465174,0.024426914730140803,0.13458310221125905,0.1381139244109377,-0.0035308221996786515,0.4441437182654014,0.48066777868741356,-0.03652406042201217,0.8002331002331002,0.7898101898101898,-0.010422910422910436,0.8034235601652753,0.7984594728287754,-0.004964087336499889
lightgbm,2,f0f2a1e1,stress,target_stress,True,True,lightgbm__fold_02__stress__f0f2a1e1__weighted_aug__710e47607089,710e47607089e1ee2b04963fed5667148cd515e79c1ec2c2cf870aa0518494e2,personalized_model_predict_proba_high,fixed_probability_threshold_0.5,0.5,0.5759663100287813,143,105,248,acc74de136fb9297eb38a01d3d9989605d401a9940bcf7a8f9605e773f19cc78,0.8982350982350982,0.945054945054945,0.046819846819846855,0.8801474513476624,0.9407534801237625,0.06060602877610011,0.1277955095006815,0.10601238615192596,0.02178312334875554,0.39054661469196517,0.339197049570881,0.051349565121084184,0.7631035631035631,0.8323676323676323,0.06926406926406925,0.7687206410610665,0.8430379746835444,0.07431733362247783
xgboost,3,0012905a,attention,target_attention,False,False,,,frozen_zero_shot_probability,frozen_1800s_median_midpoint_policy,0.5022942870855331,0.5022942870855331,184,143,327,756c5c9f90afedff9199742311a319fe7be24d9fd008935c30eeb4b09dbaff93,0.8612420188507146,0.8612420188507146,0.0,0.8236245234679451,0.8236245234679451,0.0,0.17091055983139622,0.17091055983139622,0.0,0.571505246063525,0.571505246063525,0.0,0.7455913651565825,0.7455913651565825,0.0,0.7487868680287456,0.7487868680287456,0.0
lightgbm,3,0012905a,attention,target_attention,False,False,,,frozen_zero_shot_probability,frozen_1800s_median_midpoint_policy,0.6988057518042283,0.6988057518042283,184,143,327,756c5c9f90afedff9199742311a319fe7be24d9fd008935c30eeb4b09dbaff93,0.8653846153846153,0.8653846153846153,0.0,0.8317505089179348,0.8317505089179348,0.0,0.14729603507276717,0.14729603507276717,0.0,0.4582384678977931,0.4582384678977931,0.0,0.7335246275463667,0.7335246275463667,0.0,0.7367149758454106,0.7367149758454106,0.0
xgboost,3,20201194,attention,target_attention,False,False,,,frozen_zero_shot_probability,frozen_1800s_median_midpoint_policy,0.3022572994232178,0.3022572994232178,43,171,214,5857e5bd4f65425c5bd12d068684905fd34cdca9f518d4122dab9870ee8de6c8,0.7383380932952535,0.7383380932952535,0.0,0.9208333749861082,0.9208333749861082,0.0,0.20401700020332858,0.20401700020332858,0.0,0.605439630005039,0.605439630005039,0.0,0.6652386780905752,0.6652386780905752,0.0,0.6580689340333257,0.6580689340333257,0.0
lightgbm,3,20201194,attention,target_attention,False,False,,,frozen_zero_shot_probability,frozen_1800s_median_midpoint_policy,0.3365227135410288,0.3365227135410288,43,171,214,5857e5bd4f65425c5bd12d068684905fd34cdca9f518d4122dab9870ee8de6c8,0.8059295525635796,0.8059295525635796,0.0,0.9427755372476424,0.9427755372476424,0.0,0.16492728670604792,0.16492728670604792,0.0,0.486095217693999,0.486095217693999,0.0,0.6683666530667755,0.6683666530667755,0.0,0.6847592067988668,0.6847592067988668,0.0
xgboost,3,2162c09e,attention,target_attention,True,True,xgboost__fold_03__attention__2162c09e__weighted_aug__517b5813ab49,517b5813ab49819d2d08e92e3ff4b73c66ccad371dca9f216476c609ee70c1d2,personalized_model_predict_proba_high,fixed_probability_threshold_0.5,0.5,0.5709708258509636,174,165,339,56b6995bd55372a81a1ed4292d43e6f45dd430a0df12116b98c122f2d74c7fd6,0.943712991988854,0.9348659003831418,-0.008847091605712287,0.944143176906094,0.9308955905249168,-0.013247586381177179,0.1015899304383574,0.10964502634877556,-0.008055095910418156,0.32672462685725134,0.4115749411952615,-0.08485031433801016,0.8549634273772204,0.8592998955067921,0.004336468129571669,0.855210285465243,0.8599481387069837,0.004737853241740697
lightgbm,3,2162c09e,attention,target_attention,True,True,lightgbm__fold_03__attention__2162c09e__weighted_aug__9d0b17f284ef,9d0b17f284ef11eff33001e1d2a72320c3a001015d1f39f7726b3468ccc9f7ab,personalized_model_predict_proba_high,fixed_probability_threshold_0.5,0.5,0.6028654787244561,174,165,339,56b6995bd55372a81a1ed4292d43e6f45dd430a0df12116b98c122f2d74c7fd6,0.9347614071752002,0.939463601532567,0.004702194357366851,0.9342963697849196,0.9346540694288304,0.0003576996439108582,0.10506055122552245,0.10508602460489612,-2.5473379373669447e-05,0.3276305867632548,0.3398691323894413,-0.012238545626186481,0.8511494252873564,0.8564263322884013,0.005276907001044884,0.8517008469237769,0.8570524984187223,0.005351651494945431
xgboost,3,21a031f6,attention,target_attention,True,True,xgboost__fold_03__attention__21a031f6__weighted_aug__329282276c5f,329282276c5f337a8da497a7502817c522177d5e438256d21888aa3233712eeb,personalized_model_predict_proba_high,fixed_probability_threshold_0.5,0.5,0.9798584878444672,293,174,467,9c570f8cb8ca04b135c8e351148b4855c5d1642a2c99c8ded808a1c70ca15ba1,0.8807716448942764,0.9134400376603508,0.03266839276607436,0.8200575419917534,0.8515493650211746,0.03149182302942122,0.29376126796082214,0.13280918204554373,0.1609520859152784,1.1343651280983365,0.5127000629290505,0.621665065169286,0.7772841395002157,0.845886783570672,0.06860264407045635,0.7776070381807559,0.8283088235294118,0.05070178534865588
lightgbm,3,21a031f6,attention,target_attention,True,True,lightgbm__fold_03__attention__21a031f6__weighted_aug__798a47abd10e,798a47abd10ed12940c6c17b7a94ba1b91de6b2f048f9c894827b6a72db68fb0,personalized_model_predict_proba_high,fixed_probability_threshold_0.5,0.5,0.8966216173816336,293,174,467,9c570f8cb8ca04b135c8e351148b4855c5d1642a2c99c8ded808a1c70ca15ba1,0.9031030559805421,0.9202855909928995,0.017182535012357447,0.8545003397463242,0.8673196894143563,0.01281934966803211,0.2350072528509289,0.13073915505023814,0.10426809780069077,0.7056868214155418,0.4336163648417987,0.2720704565737431,0.7880624534149308,0.8528892550311875,0.06482680161625676,0.7913605496207459,0.829676803950174,0.03831625432942809
xgboost,3,41e2010c,attention,target_attention,True,True,xgboost__fold_03__attention__41e2010c__weighted_aug__61cd1f89832b,61cd1f89832b7a8a7b7771dd2843af61fbb7427ac0933cd2b8de9ce791213feb,personalized_model_predict_proba_high,fixed_probability_threshold_0.5,0.5,0.729202151298523,35,79,114,4deebd60b75c3b485a5bc1a40b84999fa349398e292002670af4aedafadc8c3f,0.8587703435804701,0.8459312839059675,-0.012839059674502606,0.9114296336590754,0.9119586700947341,0.0005290364356587141,0.14249575766814063,0.16912983218609282,-0.02663407451795219,0.5104254271379386,0.5108603981041143,-0.0004349709661757295,0.7699819168173598,0.7670886075949368,-0.002893309222423035,0.7827743902439024,0.7361111111111112,-0.046663279132791224
lightgbm,3,41e2010c,attention,target_attention,True,True,lightgbm__fold_03__attention__41e2010c__weighted_aug__72bd9222f180,72bd9222f180410fade1874ede3c51ea1aec774743b8a17093ffb25e6b79d4da,personalized_model_predict_proba_high,fixed_probability_threshold_0.5,0.5,0.7096525436563257,35,79,114,4deebd60b75c3b485a5bc1a40b84999fa349398e292002670af4aedafadc8c3f,0.8282097649186256,0.8386980108499096,0.010488245931283946,0.9072103932882445,0.9051530894980577,-0.0020573037901867597,0.14450501985990444,0.15745515935267665,-0.012950139492772211,0.45130254637179135,0.47265023579655535,-0.021347689424764005,0.730379746835443,0.7099457504520796,-0.020433996383363406,0.7357930842681005,0.6918918918918919,-0.0439011923762086
xgboost,3,5001d09a,attention,target_attention,True,True,xgboost__fold_03__attention__5001d09a__weighted_aug__8037c49c2c10,8037c49c2c10b2d3df9a9589a5be7b2c290dec80225c80f68e421b505b07f1f8,personalized_model_predict_proba_high,fixed_probability_threshold_0.5,0.5,0.3449597074068151,32,33,65,0ae080eaf45181a34a43b226b9912fbaebdb1313552016c84e9057b0ada52513,0.824810606060606,0.875,0.050189393939394034,0.8619741968070456,0.8740295630064262,0.012055366199380635,0.23369303037996497,0.20088321533165307,0.0328098150483119,0.8577326119367643,0.7062814464321021,0.1514511655046622,0.7263257575757576,0.7414772727272727,0.015151515151515138,0.7115384615384616,0.7292330311198236,0.017694569581362063
lightgbm,3,5001d09a,attention,target_attention,True,True,lightgbm__fold_03__attention__5001d09a__weighted_aug__f0730e0eaf51,f0730e0eaf5182c4e4f90b96aca8c9dadfe3640cbbf30cba8a8fb05048a5b56e,personalized_model_predict_proba_high,fixed_probability_threshold_0.5,0.5,0.3412813478295963,32,33,65,0ae080eaf45181a34a43b226b9912fbaebdb1313552016c84e9057b0ada52513,0.8607954545454545,0.8191287878787878,-0.04166666666666663,0.880322884568383,0.8272380751930297,-0.053084809375353315,0.20393037368223438,0.19031130887426925,0.013619064807965126,0.6216151617852056,0.59245641851926,0.029158743265945586,0.756155303030303,0.756155303030303,0.0,0.7490347490347491,0.7490347490347491,0.0
xgboost,3,50c02189,attention,target_attention,True,True,xgboost__fold_03__attention__50c02189__weighted_aug__985a13936a3b,985a13936a3b1214197efbb21e63fb8e2337c1ab13089f1e7edb97ee0382d5f1,personalized_model_predict_proba_high,fixed_probability_threshold_0.5,0.5,0.1773673156276345,118,387,505,c759cfda2c34de898dfda542bae22ca4a17b3a644113020fcbc9e7c4cab2833d,0.8062234485174966,0.8048000700740157,-0.0014233784434809493,0.9263928718049755,0.9365710081657697,0.010178136360794121,0.2520013633668343,0.23195972134096104,0.020041642025873274,0.815650180964112,0.8042033570687558,0.011446823895356228,0.7157294267069592,0.717842596242281,0.0021131695353218127,0.6930794675593814,0.6602895274997309,-0.032789940059650524
lightgbm,3,50c02189,attention,target_attention,True,True,lightgbm__fold_03__attention__50c02189__weighted_aug__b7f6a9016431,b7f6a90164313e86c2445b970107bd3d26500b9804002644f42fdf3b0e9471a6,personalized_model_predict_proba_high,fixed_probability_threshold_0.5,0.5,0.1797261491548731,118,387,505,c759cfda2c34de898dfda542bae22ca4a17b3a644113020fcbc9e7c4cab2833d,0.7897998510927167,0.8841150965707528,0.09431524547803616,0.8980568151019074,0.9643308022607764,0.06627398715886901,0.22295136267250357,0.14130150412697928,0.08164985854552428,0.654403807054924,0.418399039504253,0.23600476755067096,0.6484036263303113,0.8096724039767004,0.16126877764638903,0.6633333333333333,0.754368241852808,0.09103490851947471
xgboost,3,71f21142,attention,target_attention,True,True,xgboost__fold_03__attention__71f21142__weighted_aug__1001dab538ff,1001dab538ffd388d3d0c6434467b80b7a42d31538d15a94a39133ca1ba7afe7,personalized_model_predict_proba_high,fixed_probability_threshold_0.5,0.5,0.8897541910409927,105,138,243,fea1489cdf339c287bb1cd782a1989662353ec2522b080eeedf983247f9def48,0.8988957902001379,0.9022774327122153,0.0033816425120773985,0.9362423600953762,0.931304051826018,-0.004938308269358149,0.1847300065438381,0.14922509930263936,0.03550490724119873,0.5802250456729551,0.5532236650273809,0.027001380645574224,0.8128364389233955,0.786231884057971,-0.026604554865424568,0.8089883800410116,0.791803512780237,-0.017184867260774617
lightgbm,3,71f21142,attention,target_attention,True,True,lightgbm__fold_03__attention__71f21142__weighted_aug__ab5e5cd897af,ab5e5cd897af6b477daabed9745aa4612a0b9c7585be63db515d81711b302051,personalized_model_predict_proba_high,fixed_probability_threshold_0.5,0.5,0.8345787313223489,105,138,243,fea1489cdf339c287bb1cd782a1989662353ec2522b080eeedf983247f9def48,0.870048309178744,0.9182194616977226,0.04817115251897863,0.9122154805162995,0.9445579968609377,0.03234251634463814,0.18792046436034365,0.12389556506322241,0.06402489929712124,0.556036908102763,0.3853443865219288,0.17069252158083414,0.7779503105590062,0.7898550724637681,0.011904761904761862,0.7724137931034483,0.7957362330763865,0.023322439972938258
xgboost,3,b0700166,attention,target_attention,True,True,xgboost__fold_03__attention__b0700166__weighted_aug__8b7a70b48a2b,8b7a70b48a2bbfd860de77e8bea3a80647ed87c2304593827b3071a41eb4278c,personalized_model_predict_proba_high,fixed_probability_threshold_0.5,0.5,0.9648384749889374,137,294,431,166ce5b5fa3d031ea4b87015049842e04f9fc93fb144debe9ae21972558af682,0.8966433288643925,0.8671731466309152,-0.029470182233477304,0.948910370387694,0.935489446325161,-0.013420924062533035,0.2486746618489204,0.21476668563819973,0.03390797621072067,1.3183867652047148,1.1472389506874698,0.17114781451724492,0.6800734892497144,0.615335915388053,-0.06473757386166146,0.6983087587779709,0.6131026787586936,-0.08520608001927732
lightgbm,3,b0700166,attention,target_attention,True,True,lightgbm__fold_03__attention__b0700166__weighted_aug__1be48816c47e,1be48816c47e41042515c1c82a020e0571597e6010328508cb860289f2e1a862,personalized_model_predict_proba_high,fixed_probability_threshold_0.5,0.5,0.9343049703938472,137,294,431,166ce5b5fa3d031ea4b87015049842e04f9fc93fb144debe9ae21972558af682,0.8570435473459456,0.8585580217488455,0.001514474402899979,0.9237760670419696,0.9261048344685469,0.002328767426577283,0.23415531081525415,0.20112015770378217,0.03303515311147198,0.8424272145027721,0.7226819201781506,0.11974529432462155,0.7234098018769552,0.6131386861313869,-0.11027111574556836,0.7413232889753514,0.6081549334431179,-0.1331683555322335
xgboost,3,d0724095,attention,target_attention,True,True,xgboost__fold_03__attention__d0724095__weighted_aug__f30215831e1d,f30215831e1d9429fbff4d6cc04f4e51f04014d2b9e92c677d3f716197c5bb54,personalized_model_predict_proba_high,fixed_probability_threshold_0.5,0.5,0.3950112361926585,80,136,216,d31a21c1342d1188ef0929f933f179be7d3ee663ee050f5e39df95cfb136180b,0.8487132352941177,0.8338235294117647,-0.014889705882352944,0.9027410556628318,0.8830956636003241,-0.019645392062507705,0.34211355121537457,0.3994549687931225,-0.05734141757774791,1.121858873699714,1.4975605162684305,-0.3757016425687165,0.6503676470588236,0.6051470588235294,-0.04522058823529418,0.5603895393369078,0.4859452177817692,-0.07444432155513864
lightgbm,3,d0724095,attention,target_attention,True,True,lightgbm__fold_03__attention__d0724095__weighted_aug__949f1535d594,949f1535d5949ddb37424c225c956656601bd15861bd5b6590825f755f60b741,personalized_model_predict_proba_high,fixed_probability_threshold_0.5,0.5,0.3016488289528554,80,136,216,d31a21c1342d1188ef0929f933f179be7d3ee663ee050f5e39df95cfb136180b,0.8668198529411765,0.8540441176470588,-0.012775735294117685,0.9129122421069937,0.8969493877221925,-0.015962854384801273,0.2979170460461732,0.35365553906061675,-0.05573849301444356,0.8283354881567548,1.0218682258798866,-0.19353273772313173,0.7,0.5992647058823529,-0.10073529411764703,0.6480274442538594,0.46304194129586973,-0.18498550295798966
xgboost,3,0012905a,engagement,target_engagement,True,True,xgboost__fold_03__engagement__0012905a__weighted_aug__29b1d7f8f6fc,29b1d7f8f6fc67d51e06e9aab931c702fb3fc2b87e516277abdc920ad90ba52a,personalized_model_predict_proba_high,fixed_probability_threshold_0.5,0.5,0.455684216768077,271,170,441,981fa535735ab847bd4a0f1bc87adc16aa6ba9a1eace7bc27a02acd1002f1bdf,0.9481007163012807,0.9569785109615803,0.008877794660299587,0.9178453727280208,0.9273261740993727,0.009480801371351877,0.16429306079776335,0.14227510506998156,0.022017955727781785,0.7753351800154369,0.6167617405167535,0.1585734394986834,0.7720316909051443,0.7830475363577165,0.01101584545257217,0.7887226571738721,0.7996125699526475,0.010889912778775379
lightgbm,3,0012905a,engagement,target_engagement,True,True,lightgbm__fold_03__engagement__0012905a__weighted_aug__3668fa2299f5,3668fa2299f5d00edd0355b72ec4c8469b7c02c7202c4540fefe4da914abe76e,personalized_model_predict_proba_high,fixed_probability_threshold_0.5,0.5,0.3626294293560891,271,170,441,981fa535735ab847bd4a0f1bc87adc16aa6ba9a1eace7bc27a02acd1002f1bdf,0.9497720859561537,0.9572606902539613,0.007488604297807622,0.924930737352365,0.9373232897594533,0.012392552407088364,0.1480430370317998,0.13493553282681295,0.013107504204986853,0.500012009764589,0.4566530754622838,0.04335893430230525,0.7970045582808769,0.7632081614933797,-0.03379639678749724,0.8130387677233972,0.7793062200956937,-0.0337325476277035
xgboost,3,20201194,engagement,target_engagement,True,True,xgboost__fold_03__engagement__20201194__weighted_aug__2d05c14183f5,2d05c14183f5d5b7b98f9cd407d3cabed27e85221f93062425cc309ba3c923d4,personalized_model_predict_proba_high,fixed_probability_threshold_0.5,0.5,0.488843023777008,146,36,182,4506280bf6c53edd5ffc525410612ca3bee92631fcdf715d8df5e88e9da8b58c,0.6455479452054793,0.6792237442922374,0.03367579908675811,0.3237038647229556,0.4087053466102213,0.0850014818872657,0.28527940875114377,0.2509680523202513,0.03431135643089245,0.8954992067379065,0.7828772026671289,0.1126220040707776,0.5616438356164384,0.5960806697108068,0.034436834094368374,0.5220003597769383,0.5557692307692308,0.03376887099229253
lightgbm,3,20201194,engagement,target_engagement,True,True,lightgbm__fold_03__engagement__20201194__weighted_aug__5a322165ea19,5a322165ea1908a26d4d31266c26ecd58608bb4a3b370bc51dd7630c45f9ffa9,personalized_model_predict_proba_high,fixed_probability_threshold_0.5,0.5,0.4890248706943517,146,36,182,4506280bf6c53edd5ffc525410612ca3bee92631fcdf715d8df5e88e9da8b58c,0.6843607305936072,0.715372907153729,0.031012176560121785,0.3273318238891015,0.4530852675660603,0.12575344367695884,0.23012598303494686,0.2241066339468587,0.006019349088088155,0.6495783699906839,0.6341133237983424,0.015465046192341458,0.6103500761035008,0.6308980213089803,0.020547945205479534,0.548734066701589,0.5743838819931643,0.025649815291575284
xgboost,3,2162c09e,engagement,target_engagement,False,False,,,frozen_zero_shot_probability,frozen_1800s_median_midpoint_policy,0.5652061924338341,0.5652061924338341,169,86,255,e29f1a104077dc43e909b1b75783c9d580322dffb2efffe2aaa895dfcd763b63,0.9236961607265721,0.9236961607265721,0.0,0.8786417286352061,0.8786417286352061,0.0,0.3706528939805779,0.3706528939805779,0.0,1.581908081772999,1.581908081772999,0.0,0.6715976331360947,0.6715976331360947,0.0,0.5593935337245683,0.5593935337245683,0.0
lightgbm,3,2162c09e,engagement,target_engagement,False,False,,,frozen_zero_shot_probability,frozen_1800s_median_midpoint_policy,0.6597410440537157,0.6597410440537157,169,86,255,e29f1a104077dc43e909b1b75783c9d580322dffb2efffe2aaa895dfcd763b63,0.9285812577404706,0.9285812577404706,0.0,0.8841148192849692,0.8841148192849692,0.0,0.32261837884493927,0.32261837884493927,0.0,0.9604937085470512,0.9604937085470512,0.0,0.7248520710059172,0.7248520710059172,0.0,0.6347323835194455,0.6347323835194455,0.0
xgboost,3,21a031f6,engagement,target_engagement,True,True,xgboost__fold_03__engagement__21a031f6__weighted_aug__9f2b254b96f2,9f2b254b96f21f933377ab23b2f0f6cfc8535409b5f46c4db1a70434b83fc0b3,personalized_model_predict_proba_high,fixed_probability_threshold_0.5,0.5,0.5762201324105263,347,85,432,1198572c664f3cf24f0f81d49c4701b751811c7e518374564ae1b07e312cc9db,0.8607899644007458,0.8260722156297677,-0.03471774877097811,0.641963972987468,0.6165029987162464,-0.025460974271221626,0.1569062319543421,0.12212837259799793,0.034777859356344185,0.48122218772535513,0.4174079070759363,0.06381428064941885,0.7842515680623834,0.7393626038311578,-0.04488896423122557,0.7351853053806712,0.7361953439348184,0.0010100385541472745
lightgbm,3,21a031f6,engagement,target_engagement,True,True,lightgbm__fold_03__engagement__21a031f6__weighted_aug__1d1f34b3e08e,1d1f34b3e08edb15569b0cb6e56b91ce06201654999066ca1ea797f29a2406f3,personalized_model_predict_proba_high,fixed_probability_threshold_0.5,0.5,0.5525298216527041,347,85,432,1198572c664f3cf24f0f81d49c4701b751811c7e518374564ae1b07e312cc9db,0.8580437362264791,0.843024241396847,-0.015019494829632163,0.6536276611441699,0.6462633138964573,-0.0073643472477126215,0.14873425278457322,0.11885668547035672,0.029877567314216508,0.45920130236274453,0.3791173298975287,0.08008397246521581,0.7738091201898627,0.7597728428547212,-0.014036277335141456,0.7345867722713646,0.7609297177642502,0.026342945492885628
xgboost,3,41e2010c,engagement,target_engagement,True,True,xgboost__fold_03__engagement__41e2010c__weighted_aug__a452bb95e843,a452bb95e84392b780cc471a8b7ce95447f3e7b84be8dbdb637b5dbeb35343ea,personalized_model_predict_proba_high,fixed_probability_threshold_0.5,0.5,0.6457459479570389,67,42,109,fc4021f24bfe218fdd6bb47ae128b95a8bb11cb1ae773d821a1e6ba0c8ed79d6,0.917910447761194,0.9363894811656006,0.018479033404406597,0.8424432603661794,0.8564407451858744,0.013997484819694983,0.11929878468877117,0.13865098816548851,-0.019352203476717345,0.4261031655774003,0.4820028710352379,-0.05589970545783762,0.7498223169864962,0.7796730632551528,0.02985074626865669,0.7575982209043737,0.7926179604261796,0.035019739521805926
lightgbm,3,41e2010c,engagement,target_engagement,True,True,lightgbm__fold_03__engagement__41e2010c__weighted_aug__8ede466fee4b,8ede466fee4b594cb4bf3d2a2806040328a06ef9811921dc4056d63c8a7ab4a4,personalized_model_predict_proba_high,fixed_probability_threshold_0.5,0.5,0.5848654435429438,67,42,109,fc4021f24bfe218fdd6bb47ae128b95a8bb11cb1ae773d821a1e6ba0c8ed79d6,0.9310589907604833,0.933546552949538,0.0024875621890547706,0.8594512561709527,0.8588261448274542,-0.0006251113434985189,0.09911793370150439,0.11534899822162652,-0.01623106452012213,0.3197513931702843,0.3508943102214174,-0.031142917051133145,0.8406183368869936,0.7810945273631841,-0.059523809523809534,0.8436154949784792,0.7891682785299807,-0.05444721644849848
xgboost,3,5001d09a,engagement,target_engagement,True,True,xgboost__fold_03__engagement__5001d09a__weighted_aug__e6fbf4e63ec4,e6fbf4e63ec4a0ea8cb3651d0b46e62f1bebf2467281f2f30860040a0b2a4d39,personalized_model_predict_proba_high,fixed_probability_threshold_0.5,0.5,0.5942178517580032,37,58,95,af1d362456d8568d0b1b96468f8e47442d1c6ffc805969746fcb80281aac24f9,0.8741845293569431,0.896551724137931,0.02236719478098792,0.9093677679290127,0.9377347381411618,0.028366970212149067,0.15423679373772534,0.188387177530495,-0.03415038379276966,0.616634136499354,0.7986659656187153,-0.18203182911936133,0.8117427772600186,0.804287045666356,-0.00745573159366264,0.7967571219457268,0.7780620758705084,-0.018695046075218436
lightgbm,3,5001d09a,engagement,target_engagement,True,True,lightgbm__fold_03__engagement__5001d09a__weighted_aug__cf00108e86d2,cf00108e86d22f37e7016ec3548b83c5993f79c3012d8b3f8f932fa6c4dabea6,personalized_model_predict_proba_high,fixed_probability_threshold_0.5,0.5,0.7091660994527443,37,58,95,af1d362456d8568d0b1b96468f8e47442d1c6ffc805969746fcb80281aac24f9,0.8872320596458527,0.8946877912395153,0.007455731593662529,0.924280638325783,0.9326260161546592,0.008345377828876233,0.13846295948310913,0.17563736088745827,-0.03717440140434913,0.4948008439201685,0.6125029532749926,-0.11770210935482411,0.7870456663560113,0.8005591798695246,0.013513513513513375,0.7574647574647575,0.768189884649512,0.01072512718475449
xgboost,3,50c02189,engagement,target_engagement,True,True,xgboost__fold_03__engagement__50c02189__weighted_aug__3b245aa0a8d1,3b245aa0a8d153344c275d14924c83f0d32330deef7155226a3910357543a0ee,personalized_model_predict_proba_high,fixed_probability_threshold_0.5,0.5,0.6785369962453842,437,163,600,050f6846c865ff928105a7e1a31d5b8caf66f6ed1264afc8da5a4f28ff55a3cd,0.9164970307871574,0.929539105164886,0.01304207437772864,0.8170255541214649,0.8063746458734778,-0.01065090824798709,0.10744951073988965,0.09665533972695127,0.010794171012938378,0.3382426611012026,0.31789646399742283,0.020346197103779773,0.7896842666816415,0.8345523718605663,0.04486810517892481,0.8044444444444445,0.8410561887851538,0.03661174434070924
lightgbm,3,50c02189,engagement,target_engagement,True,True,lightgbm__fold_03__engagement__50c02189__weighted_aug__ff0de1fcf0c8,ff0de1fcf0c8e82728e0415e3e66d0327063bd90c90c67643c0755920ad1d848,personalized_model_predict_proba_high,fixed_probability_threshold_0.5,0.5,0.6716472450375555,437,163,600,050f6846c865ff928105a7e1a31d5b8caf66f6ed1264afc8da5a4f28ff55a3cd,0.9395487919585574,0.9325293762547205,-0.0070194157038369065,0.8389049637442487,0.842922801128594,0.004017837384345246,0.09820950146917186,0.09720517778928749,0.0010043236798843724,0.3276102293360431,0.31857417208679145,0.009036057249251661,0.8049234181746712,0.838132273869523,0.03320885569485188,0.8312210272396932,0.825371255296395,-0.005849771943298165
xgboost,3,71f21142,engagement,target_engagement,False,False,,,frozen_zero_shot_probability,frozen_1800s_median_midpoint_policy,0.226293496787548,0.226293496787548,116,71,187,07ad8f6f517f48a907dba4d0390b7d7af4ac88b3a5fe0d5784f97e52e4e5584c,0.6528654686741135,0.6528654686741135,0.0,0.5705488227466,0.5705488227466,0.0,0.27260441414655284,0.27260441414655284,0.0,1.041569469906756,1.041569469906756,0.0,0.5816537153958232,0.5816537153958232,0.0,0.575,0.575,0.0
lightgbm,3,71f21142,engagement,target_engagement,False,False,,,frozen_zero_shot_probability,frozen_1800s_median_midpoint_policy,0.2716350829052082,0.2716350829052082,116,71,187,07ad8f6f517f48a907dba4d0390b7d7af4ac88b3a5fe0d5784f97e52e4e5584c,0.707625060709082,0.707625060709082,0.0,0.6545856464100316,0.6545856464100316,0.0,0.22997979639165017,0.22997979639165017,0.0,0.7147788590855736,0.7147788590855736,0.0,0.6438805245264692,0.6438805245264692,0.0,0.6466936572199731,0.6466936572199731,0.0
xgboost,3,b0700166,engagement,target_engagement,True,True,xgboost__fold_03__engagement__b0700166__weighted_aug__6134cdf3fa1a,6134cdf3fa1abda4a8e349674e9ed8ad1d4ad6f88faf75755b58bd5f73ba7e5d,personalized_model_predict_proba_high,fixed_probability_threshold_0.5,0.5,0.8743467479944229,242,130,372,6d78e9181e430db2dd866248a288d81ca5815ecbfedd3a46ea2eb028c830c111,0.8555944055944056,0.9079148124602671,0.05232040686586148,0.7511945234904285,0.8428573006536374,0.09166277716320892,0.25987915024330144,0.1648766481737412,0.09500250206956024,0.8814385938059596,0.5234676832412316,0.35797091056472796,0.7405594405594406,0.7926891290527653,0.05212968849332478,0.7244444444444444,0.7543076877917045,0.029863243347260093
lightgbm,3,b0700166,engagement,target_engagement,True,True,lightgbm__fold_03__engagement__b0700166__weighted_aug__9950171f518a,9950171f518a1a364c5b72fb6cd44e3a2fcc1aae9d45941bb79e6c7dffecfdf2,personalized_model_predict_proba_high,fixed_probability_threshold_0.5,0.5,0.8259268556211004,242,130,372,6d78e9181e430db2dd866248a288d81ca5815ecbfedd3a46ea2eb028c830c111,0.8022886204704387,0.8905912269548633,0.08830260648442456,0.6969224665817577,0.7967551728619243,0.0998327062801666,0.24853136847953386,0.15759833545176358,0.09093303302777028,0.7229045742607612,0.4781485851717172,0.24475598908904395,0.702892561983471,0.800667514303878,0.0977749523204069,0.7046553590761457,0.7623352304020562,0.05767987132591046
xgboost,3,d0724095,engagement,target_engagement,True,True,xgboost__fold_03__engagement__d0724095__weighted_aug__91e31ba7224e,91e31ba7224ef319f5770e1ac90cecbcd99a6c8896a5ade97d35ed3fc1e8f323,personalized_model_predict_proba_high,fixed_probability_threshold_0.5,0.5,0.703660175204277,87,140,227,687283284363650bd8bc3fbda69112abe6461493f8e510cb67de5bed42e377d1,0.8978653530377669,0.9352216748768474,0.03735632183908044,0.9307019017128003,0.9564544454969152,0.025752543784114845,0.25320803164156175,0.16528887228511815,0.0879191593564436,1.103182405335043,0.6427758984032882,0.4604065069317548,0.6365353037766831,0.7514778325123153,0.11494252873563215,0.6251805985552116,0.7670708955223882,0.1418902969671766
lightgbm,3,d0724095,engagement,target_engagement,True,True,lightgbm__fold_03__engagement__d0724095__weighted_aug__8b9512f2dd80,8b9512f2dd807a8cbffcae8263a2bbd6e419f43cce3ff9687282467de7a6ec56,personalized_model_predict_proba_high,fixed_probability_threshold_0.5,0.5,0.614125577251471,87,140,227,687283284363650bd8bc3fbda69112abe6461493f8e510cb67de5bed42e377d1,0.8850574712643678,0.9438423645320196,0.058784893267651794,0.9135886367884718,0.9624403112646136,0.048851674476141804,0.20442041293180013,0.12862707352707162,0.07579333940472852,0.6630692478213869,0.4069676912962536,0.2561015565251333,0.6803366174055829,0.7607963875205255,0.08045977011494254,0.6828343313373253,0.7776585820895523,0.094824250752227
xgboost,3,0012905a,excitement,target_excitement,True,True,xgboost__fold_03__excitement__0012905a__weighted_aug__0ccb42c50ac7,0ccb42c50ac7c88fda8e2ffc161a3372894b190edc7c2d969cf1445d495087ec,personalized_model_predict_proba_high,fixed_probability_threshold_0.5,0.5,0.5000900607847143,122,252,374,731df22ebbf080fbe184e012807fb5817afa27a9477c57dd405f26c07bf2a3bb,0.9322794691647152,0.9239526411657558,-0.00832682799895934,0.9640456993860517,0.9587317247207661,-0.0053139746652856035,0.21009534523047396,0.213970523172932,-0.0038751779424580357,1.0109502297591477,1.1586932970727135,-0.1477430673135658,0.8008066614623992,0.8087431693989071,0.007936507936507908,0.7444538132759573,0.7546146443880675,0.010160831112110191
lightgbm,3,0012905a,excitement,target_excitement,True,True,lightgbm__fold_03__excitement__0012905a__weighted_aug__fb358aa02bd1,fb358aa02bd1a6d8dbe9db0f69142c5c43a43ad523feca7aa8adfe0d21d9275a,personalized_model_predict_proba_high,fixed_probability_threshold_0.5,0.5,0.5007435741868833,122,252,374,731df22ebbf080fbe184e012807fb5817afa27a9477c57dd405f26c07bf2a3bb,0.9371584699453551,0.9379065833983867,0.0007481134530316069,0.9652380979287087,0.9646924298234723,-0.0005456681052364853,0.19752744230593886,0.21379199555055772,-0.016264553244618868,0.6707400380824784,0.7648347910718962,-0.09409475298941783,0.7947241738225346,0.7908860265417642,-0.0038381472807703654,0.7390166603669351,0.7317481362342151,-0.007268524132720056
xgboost,3,20201194,excitement,target_excitement,True,True,xgboost__fold_03__excitement__20201194__weighted_aug__517d28fe01e8,517d28fe01e8d0b0790d116e94e4651d8eed04d1fc86921536c6ba3d513fd9ed,personalized_model_predict_proba_high,fixed_probability_threshold_0.5,0.5,0.999736487865448,145,87,232,3287199a8d03c926fe440b9ea613ca2770105cc8aa20d2b950ca2f5991cd8b11,0.8942528735632184,0.9191042409829568,0.02485136741973848,0.7829187693311639,0.8382999546001301,0.05538118526896618,0.32655292112228407,0.24018515095260393,0.08636777016968014,1.998622983341061,1.1517244751439277,0.8468985081971332,0.8425287356321839,0.7563218390804598,-0.08620689655172409,0.8401543337467273,0.706874767744333,-0.13327956600239432
lightgbm,3,20201194,excitement,target_excitement,True,True,lightgbm__fold_03__excitement__20201194__weighted_aug__487beb4dd2c8,487beb4dd2c82665cc2287c1f979721cad32032a11a19d52430eeedaf6c4534a,personalized_model_predict_proba_high,fixed_probability_threshold_0.5,0.5,0.9956252752949776,145,87,232,3287199a8d03c926fe440b9ea613ca2770105cc8aa20d2b950ca2f5991cd8b11,0.9238208481965914,0.9194609591755847,-0.004359889021006702,0.8513705382368705,0.84392944088133,-0.007441097355540438,0.28810572390888456,0.20309682013697147,0.08500890377191309,1.2598763056642397,0.8218389058459574,0.43803739981828227,0.8781609195402299,0.7839080459770115,-0.09425287356321843,0.8729264475743349,0.7412062170000744,-0.13172023057426052
xgboost,3,2162c09e,excitement,target_excitement,True,True,xgboost__fold_03__excitement__2162c09e__weighted_aug__dbcbd5f101b8,dbcbd5f101b808d27802dfc44c9dbb2c308e496b56e4ada332827543225e0b20,personalized_model_predict_proba_high,fixed_probability_threshold_0.5,0.5,0.6798626929521561,52,217,269,08810eb8678a954e9879d3daa73c5547781dd657ba088d0079c1023f27a95608,0.9702233250620348,0.966855724920241,-0.003367600141793825,0.9926083103832584,0.9922143955669455,-0.00039391481631290137,0.05943404182089997,0.05945054900549017,-1.6507184590196233e-05,0.2221172009195646,0.22332231781877795,-0.0012051168992133487,0.8565668202764978,0.8881159163417227,0.031549096065224935,0.8700213984952025,0.8825122292103424,0.0124908307151399
lightgbm,3,2162c09e,excitement,target_excitement,True,True,lightgbm__fold_03__excitement__2162c09e__weighted_aug__ea7688e7ce7b,ea7688e7ce7b908992287cb1c46ba1f6c3c0811336398941a3a9116d7c8c0f5b,personalized_model_predict_proba_high,fixed_probability_threshold_0.5,0.5,0.6672632012924021,52,217,269,08810eb8678a954e9879d3daa73c5547781dd657ba088d0079c1023f27a95608,0.9715526409074796,0.9744771357674584,0.00292449485997881,0.9927656956806952,0.993520171247853,0.0007544755671577974,0.05407795540365407,0.04767360013584358,0.0064043552678104895,0.1789403778907004,0.15918152233977687,0.01975885555092352,0.8707904998227579,0.9073466855724921,0.03655618574973418,0.887708719851577,0.8957364341085272,0.008027714256950258
xgboost,3,21a031f6,excitement,target_excitement,True,True,xgboost__fold_03__excitement__21a031f6__weighted_aug__2f65d35bf9e4,2f65d35bf9e48bf41f4211620777a66d080735800a74e8cb0a26305fdcfc2450,personalized_model_predict_proba_high,fixed_probability_threshold_0.5,0.5,0.4973024085629731,183,153,336,b5eb3768aff2b244c185f4b7f4f7790249d813ffacee0774b1e0742ecbc049c8,0.8985678059930712,0.9176042001500053,0.019036394156934144,0.8959864386418473,0.9206167090805586,0.024630270438711244,0.1624386589011467,0.14770506715980283,0.014733591741343866,0.710721733564201,0.7459158087586227,-0.03519407519442175,0.7907960998607093,0.8115289831779706,0.020732883317261308,0.7939758695180508,0.8158730158730159,0.02189714635496509
lightgbm,3,21a031f6,excitement,target_excitement,True,True,lightgbm__fold_03__excitement__21a031f6__weighted_aug__d2a373123407,d2a37312340797f3874758967460f78c69fc9a84b08b9a099d73bd0c84982119,personalized_model_predict_proba_high,fixed_probability_threshold_0.5,0.5,0.4827930758586831,183,153,336,b5eb3768aff2b244c185f4b7f4f7790249d813ffacee0774b1e0742ecbc049c8,0.9022822243651559,0.9165684488731739,0.014286224508017975,0.9116909438146676,0.9219223442797373,0.010231400465069651,0.1440824771189003,0.138127548255432,0.005954928863468295,0.5277280565316834,0.5148931063692398,0.012834950162443626,0.8082610093217615,0.8153326904532305,0.007071681131469054,0.8123988606145489,0.8198899703766398,0.007491109762090886
xgboost,3,41e2010c,excitement,target_excitement,True,True,xgboost__fold_03__excitement__41e2010c__weighted_aug__83f0a4014171,83f0a40141716134dd106dbb0eb276b5bfa34f9bd5e7a9b492151a23f399fd49,personalized_model_predict_proba_high,fixed_probability_threshold_0.5,0.5,0.4917868669726886,37,55,92,8fa2fbda0fa25e72d849aa99a0123962a1ec669cdb74185904bc440134749548,0.9783783783783784,0.9970515970515971,0.018673218673218694,0.9875784416619485,0.9979588360644763,0.010380394402527804,0.1468043556494872,0.06717634790420901,0.0796280077452782,0.6319646782083588,0.20735398008439485,0.4246106981239639,0.8545454545454545,0.9272727272727272,0.07272727272727275,0.8260047281323877,0.9120038259206121,0.08599909778822445
lightgbm,3,41e2010c,excitement,target_excitement,True,True,lightgbm__fold_03__excitement__41e2010c__weighted_aug__9cdeddc9f136,9cdeddc9f136c7733135deb2567b99e62cecf3127828b6824443e745241e79ee,personalized_model_predict_proba_high,fixed_probability_threshold_0.5,0.5,0.4608731175833303,37,55,92,8fa2fbda0fa25e72d849aa99a0123962a1ec669cdb74185904bc440134749548,0.9975429975429975,0.9985257985257986,0.0009828009828011242,0.998410210479176,0.9990080458262276,0.0005978353470516007,0.11875557799750204,0.05580197534498587,0.06295360265251618,0.3544143515985865,0.1780677412867895,0.17634661031179696,0.8636363636363636,0.9272727272727272,0.0636363636363636,0.836782968657599,0.9120038259206121,0.07522085726301309
xgboost,3,5001d09a,excitement,target_excitement,True,True,xgboost__fold_03__excitement__5001d09a__weighted_aug__6f7808d85403,6f7808d85403ebf09634c69659d78464c8fa19e15a9bc31c1a93c4585cfc35b3,personalized_model_predict_proba_high,fixed_probability_threshold_0.5,0.5,0.5011695036082529,13,79,92,e762bbc4d6b27a67d0ab76ffbd4d1a49a2816614c63f2238d78301f9e92ada56,0.9396299902629017,0.9639727361246349,0.02434274586173313,0.9906832515440261,0.9944289588976535,0.0037457073536273366,0.18734789140066532,0.16161244496248156,0.025735446438183762,0.8954352918076472,0.7870973665818454,0.10833792522580188,0.8670886075949367,0.8924050632911392,0.025316455696202556,0.6999534089144277,0.7420418934520865,0.04208848453765879
lightgbm,3,5001d09a,excitement,target_excitement,True,True,lightgbm__fold_03__excitement__5001d09a__weighted_aug__991d08c1e14c,991d08c1e14c8e6be5e24b20597393ee477c3a04d530a69c4269fabae697d69d,personalized_model_predict_proba_high,fixed_probability_threshold_0.5,0.5,0.5058758858715479,13,79,92,e762bbc4d6b27a67d0ab76ffbd4d1a49a2816614c63f2238d78301f9e92ada56,0.9678675754625122,0.9620253164556963,-0.0058422590068158975,0.9950021125922718,0.994052224019452,-0.0009498885728197459,0.17456897819758269,0.16635397849243286,0.008214999705149828,0.6119168972311237,0.6192596735326882,-0.007342776301564435,0.8544303797468354,0.8860759493670887,0.03164556962025322,0.6801209372637944,0.7311688311688311,0.05104789390503672
xgboost,3,50c02189,excitement,target_excitement,False,False,,,frozen_zero_shot_probability,frozen_1800s_median_midpoint_policy,0.0726594398729503,0.0726594398729503,203,190,393,6f477020eb8a7927b048fc213b850fefb60ff9dc04996f246f2d1bb99b272459,0.9069743323826809,0.9069743323826809,0.0,0.899537258553808,0.899537258553808,0.0,0.1258217553142015,0.1258217553142015,0.0,0.43065721246989946,0.43065721246989946,0.0,0.7472517500648173,0.7472517500648173,0.0,0.7317011137288498,0.7317011137288498,0.0
lightgbm,3,50c02189,excitement,target_excitement,False,False,,,frozen_zero_shot_probability,frozen_1800s_median_midpoint_policy,0.1605856111830802,0.1605856111830802,203,190,393,6f477020eb8a7927b048fc213b850fefb60ff9dc04996f246f2d1bb99b272459,0.9271195229452943,0.9271195229452943,0.0,0.9181543721951443,0.9181543721951443,0.0,0.11008450315010707,0.11008450315010707,0.0,0.35189463112730723,0.35189463112730723,0.0,0.8065335753176044,0.8065335753176044,0.0,0.7983926128590971,0.7983926128590971,0.0
xgboost,3,71f21142,excitement,target_excitement,True,True,xgboost__fold_03__excitement__71f21142__weighted_aug__4cf5a5cfe0ce,4cf5a5cfe0ce7a2f2bdb47323a8a1bfc1a7bf2ee29cdb1922419e9145505328f,personalized_model_predict_proba_high,fixed_probability_threshold_0.5,0.5,0.499620209877321,165,97,262,7a9df755593ef4ba68e9613233034cec2e6b2f603aee0ad5c8b99017b15ed4dd,0.9463917525773196,0.9562011871290222,0.00980943455170269,0.9452383223299365,0.9517920449583466,0.00655372262841003,0.08599512279790701,0.08660045854820984,-0.0006053357503028323,0.44058791680535586,0.45489885596585383,-0.01431093916049797,0.8577944392377381,0.8681037175882537,0.010309278350515538,0.8773408239700375,0.886806247922898,0.00946542395286043
lightgbm,3,71f21142,excitement,target_excitement,True,True,lightgbm__fold_03__excitement__71f21142__weighted_aug__eb12f5becd72,eb12f5becd727f45fba2b04cbce10c8fd55646ddfae69b1c630e6d7a7267a729,personalized_model_predict_proba_high,fixed_probability_threshold_0.5,0.5,0.4936548117920112,165,97,262,7a9df755593ef4ba68e9613233034cec2e6b2f603aee0ad5c8b99017b15ed4dd,0.9523273976882224,0.9523273976882225,1.1102230246251565e-16,0.9481718572689825,0.9489845413055935,0.0008126840366110555,0.08570483013409883,0.08285492551158052,0.002849904622518301,0.34095196517103266,0.3464521032184517,-0.005500138047419056,0.8681037175882537,0.8681037175882537,0.0,0.886806247922898,0.886806247922898,0.0
xgboost,3,b0700166,excitement,target_excitement,True,True,xgboost__fold_03__excitement__b0700166__weighted_aug__b5d4d8ab05b3,b5d4d8ab05b3d07539f933f75129d986e7ec235a8020d5e2cf15a09d29d51d53,personalized_model_predict_proba_high,fixed_probability_threshold_0.5,0.5,0.3536970316199586,103,233,336,0b00dd2260b1d651c5eaee9696bd9c208dba5dd2b740eb1deb8778704607392d,0.9306637776574025,0.9419142464269344,0.011250468769531952,0.9697794820299848,0.9751548156981235,0.005375333668138693,0.36362105702486297,0.3734885527046417,-0.009867495679778737,1.4871254263110283,1.5120025243214168,-0.02487709801038851,0.7145922746781116,0.6824034334763949,-0.03218884120171672,0.6041351085598874,0.5582560494616778,-0.04587905909820955
lightgbm,3,b0700166,excitement,target_excitement,True,True,lightgbm__fold_03__excitement__b0700166__weighted_aug__6fc641453af5,6fc641453af5d33179519df1b251339a859ad7118f6950d9554d5e5b4036aec2,personalized_model_predict_proba_high,fixed_probability_threshold_0.5,0.5,0.4021441889581341,103,233,336,0b00dd2260b1d651c5eaee9696bd9c208dba5dd2b740eb1deb8778704607392d,0.9307054460602525,0.9279553314721447,-0.0027501145881078104,0.9700674167094343,0.9674230317100527,-0.002644384999381577,0.36341409811159026,0.3842443835313548,-0.02083028541976456,1.1919619566902306,1.3283288599926222,-0.13636690330239154,0.6931330472103004,0.6673819742489271,-0.025751072961373356,0.573766710725913,0.536122418077687,-0.037644292648225997
xgboost,3,d0724095,excitement,target_excitement,True,True,xgboost__fold_03__excitement__d0724095__weighted_aug__7ed31631d3f4,7ed31631d3f42b11f20fd269528569296cc8ab1468880187c00a93d39bd10685,personalized_model_predict_proba_high,fixed_probability_threshold_0.5,0.5,0.4989105993954581,126,125,251,96ed4f76903e880ae75cfb950041dd34eb1a23de004c42c4c6d3892460540ec3,0.9266666666666667,0.9132063492063491,-0.013460317460317617,0.9377501418343217,0.9203214375969078,-0.01742870423741394,0.1233726820100897,0.12863912574250919,-0.005266443732419482,0.5081499865696414,0.5880287485321979,-0.0798787619625565,0.8486349206349206,0.8406666666666667,-0.007968253968253958,0.8486031746031746,0.8406349206349206,-0.007968253968253958
lightgbm,3,d0724095,excitement,target_excitement,True,True,lightgbm__fold_03__excitement__d0724095__weighted_aug__c2ebe90f7119,c2ebe90f711985a8e0e8bd803a80b33b0de7cb817718b728068c85b79160ca30,personalized_model_predict_proba_high,fixed_probability_threshold_0.5,0.5,0.4992160568905882,126,125,251,96ed4f76903e880ae75cfb950041dd34eb1a23de004c42c4c6d3892460540ec3,0.9323174603174603,0.9247619047619048,-0.007555555555555538,0.9433353262678803,0.9365953348203383,-0.006739991447542004,0.11305474678843142,0.11944178104783906,-0.006387034259407648,0.37517771935889177,0.4140786945867299,-0.03890097522783814,0.8486349206349206,0.8446984126984127,-0.003936507936507905,0.8486031746031746,0.8445820433436533,-0.0040211312595213045
xgboost,3,0012905a,focus,target_focus,False,False,,,frozen_zero_shot_probability,frozen_1800s_median_midpoint_policy,0.5287092365324497,0.5287092365324497,130,211,341,9547408fcd139eaec45a82de730c032e3a1a512c209e656365b8fc386d0fdee1,0.8323733138899017,0.8323733138899017,0.0,0.88613952388726,0.88613952388726,0.0,0.23690749992825455,0.23690749992825455,0.0,0.8518179777257158,0.8518179777257158,0.0,0.7358366751731681,0.7358366751731681,0.0,0.6950120399036808,0.6950120399036808,0.0
lightgbm,3,0012905a,focus,target_focus,False,False,,,frozen_zero_shot_probability,frozen_1800s_median_midpoint_policy,0.5276182518464541,0.5276182518464541,130,211,341,9547408fcd139eaec45a82de730c032e3a1a512c209e656365b8fc386d0fdee1,0.8486328837039736,0.8486328837039736,0.0,0.9087349177356789,0.9087349177356789,0.0,0.20522955275509233,0.20522955275509233,0.0,0.6214094958087607,0.6214094958087607,0.0,0.7420524972657674,0.7420524972657674,0.0,0.7008771929824561,0.7008771929824561,0.0
xgboost,3,20201194,focus,target_focus,False,False,,,frozen_zero_shot_probability,frozen_1800s_median_midpoint_policy,0.9863397777080536,0.9863397777080536,140,91,231,b1050272c185b403bcf5007505d86a1b3e2f1e3d213fc23d80e41c8dec06d1be,0.9322605965463109,0.9322605965463109,0.0,0.9065389461482487,0.9065389461482487,0.0,0.3504488004334932,0.3504488004334932,0.0,1.5073842313551156,1.5073842313551156,0.0,0.8456043956043956,0.8456043956043956,0.0,0.8253968253968254,0.8253968253968254,0.0
lightgbm,3,20201194,focus,target_focus,False,False,,,frozen_zero_shot_probability,frozen_1800s_median_midpoint_policy,0.9634268373999548,0.9634268373999548,140,91,231,b1050272c185b403bcf5007505d86a1b3e2f1e3d213fc23d80e41c8dec06d1be,0.9291993720565149,0.9291993720565149,0.0,0.9019545249401036,0.9019545249401036,0.0,0.3033818048027778,0.3033818048027778,0.0,0.9904807006318488,0.9904807006318488,0.0,0.8445054945054945,0.8445054945054945,0.0,0.8390866873065015,0.8390866873065015,0.0
xgboost,3,2162c09e,focus,target_focus,True,True,xgboost__fold_03__focus__2162c09e__weighted_aug__18e1b06f685b,18e1b06f685b0b7b7569e5d4eaf856f6db4f35c89f91b430c9c043bd9df61d2d,personalized_model_predict_proba_high,fixed_probability_threshold_0.5,0.5,0.7114666253328323,31,264,295,2e7ebe4d6c913e29721277e84aeb06135979ac5667ae5459d2df89c42e08c81a,0.8566715542521994,0.7956989247311828,-0.060972629521016675,0.9806521924585926,0.9700286726383545,-0.010623519820238125,0.07595248154121431,0.08628641513998732,-0.010333933598773007,0.2820643025541309,0.3402854055385661,-0.058221102984435225,0.7030791788856305,0.5873044965786901,-0.11577468230694044,0.7184095322734604,0.6154848800834203,-0.1029246521900401
lightgbm,3,2162c09e,focus,target_focus,True,True,lightgbm__fold_03__focus__2162c09e__weighted_aug__3e4b72733a8e,3e4b72733a8eb965c8ad9859fe3f9f76240bda33e5917b2ab8da664661cabe14,personalized_model_predict_proba_high,fixed_probability_threshold_0.5,0.5,0.7923464142953189,31,264,295,2e7ebe4d6c913e29721277e84aeb06135979ac5667ae5459d2df89c42e08c81a,0.8389540566959923,0.8084066471163246,-0.030547409579667728,0.9783739262676547,0.9726087950850638,-0.005765131182590921,0.08249324373506225,0.08231365167876661,0.000179592056295641,0.26965788379913247,0.2768847130119699,-0.0072268292128374045,0.7135874877810362,0.5673875855327468,-0.14619990224828938,0.6674019607843137,0.5861145359466009,-0.08128742483771279
xgboost,3,21a031f6,focus,target_focus,True,True,xgboost__fold_03__focus__21a031f6__weighted_aug__ea83bd6b9cbc,ea83bd6b9cbc9eba445032efae46dcf74ff3072c59915762e7ba9734b0341017,personalized_model_predict_proba_high,fixed_probability_threshold_0.5,0.5,0.7670456171035767,134,158,292,9086497b446e47f817c97f0e6ef01e0d116572d5fe1dbef4e726b50478572716,0.7867466465142641,0.7547232193463065,-0.032023427167957585,0.8439920753956386,0.8067138774330073,-0.03727819796263132,0.210120078063239,0.2541076452912249,-0.04398756722798591,0.6769569386941166,0.8834666045043374,-0.2065096658102209,0.7087190629132817,0.6911959191384848,-0.017523143774796912,0.691731017875995,0.6746479541036461,-0.017083063772348916
lightgbm,3,21a031f6,focus,target_focus,True,True,lightgbm__fold_03__focus__21a031f6__weighted_aug__8d5a55a96801,8d5a55a96801cb91b98df1b936a7d0749e8d487450a60700ac36c54260f66875,personalized_model_predict_proba_high,fixed_probability_threshold_0.5,0.5,0.683910302402496,134,158,292,9086497b446e47f817c97f0e6ef01e0d116572d5fe1dbef4e726b50478572716,0.7714906480256944,0.7984602304931042,0.02696958246740977,0.8200943017333105,0.8299731033982035,0.009878801664892967,0.20686355498970826,0.21296876790103425,-0.006105212911325986,0.6050450351843061,0.6329408653891696,-0.027895830204863525,0.6756092952956736,0.7173153221235594,0.04170602682788582,0.648023143683703,0.69719291972108,0.049169776037377044
xgboost,3,41e2010c,focus,target_focus,True,True,xgboost__fold_03__focus__41e2010c__weighted_aug__e46bbbe3e7b1,e46bbbe3e7b1efc71949086cdaa3e1ca678474c9e1848174681a981cf5119651,personalized_model_predict_proba_high,fixed_probability_threshold_0.5,0.5,0.8046050667762756,17,80,97,5f871daa7304d5d145fa7ff4c6bae42cf98d79e3a49accc82e3120b4c68f852b,0.8683823529411765,0.9308823529411765,0.0625,0.9650197093300168,0.9821499683535473,0.017130259023530492,0.08803955445263766,0.07287141370897521,0.015168140743662448,0.3143536105690828,0.24515231913718777,0.06920129143189502,0.8029411764705883,0.7227941176470588,-0.08014705882352946,0.782923050438974,0.7633621645597694,-0.01956088587920468
lightgbm,3,41e2010c,focus,target_focus,True,True,lightgbm__fold_03__focus__41e2010c__weighted_aug__718727f2aca2,718727f2aca27c5d1f9468e0f66ef509c87aa84e3a5194c9f906a2432beb4a8a,personalized_model_predict_proba_high,fixed_probability_threshold_0.5,0.5,0.8324806404360805,17,80,97,5f871daa7304d5d145fa7ff4c6bae42cf98d79e3a49accc82e3120b4c68f852b,0.848529411764706,0.9470588235294117,0.09852941176470575,0.9553551791127223,0.9882800219534957,0.03292484284077346,0.0974316714166752,0.0744728370023588,0.022958834414316412,0.32773272641223017,0.24630457033810016,0.08142815607413001,0.7529411764705882,0.7290441176470588,-0.023897058823529438,0.6961968680089485,0.7779304029304029,0.08173353492145441
xgboost,3,5001d09a,focus,target_focus,True,True,xgboost__fold_03__focus__5001d09a__weighted_aug__003133665f9a,003133665f9a95cc9501f56016d542a2938762f6e0f7b0b4500faf95a5aa3df3,personalized_model_predict_proba_high,fixed_probability_threshold_0.5,0.5,0.5576996617019176,22,78,100,0f2e0ed15fac8ff24a2e869e8a2de839aeaf24ce15c22b8e3c1f05d46d70fc59,0.8129370629370629,0.7581585081585082,-0.054778554778554756,0.9494081615423344,0.9262755842420294,-0.023132577300305046,0.18110854448168365,0.20185044977421943,-0.02074190529253578,0.5783950119234167,0.6764030293648158,-0.09800801744139909,0.7354312354312355,0.6573426573426573,-0.07808857808857816,0.6843127731908694,0.6361746361746362,-0.04813813701623315
lightgbm,3,5001d09a,focus,target_focus,True,True,lightgbm__fold_03__focus__5001d09a__weighted_aug__4fc5aeac198a,4fc5aeac198aebe66d845622c05901e99501d09226ad2e7de3205152c77d1759,personalized_model_predict_proba_high,fixed_probability_threshold_0.5,0.5,0.525862509289855,22,78,100,0f2e0ed15fac8ff24a2e869e8a2de839aeaf24ce15c22b8e3c1f05d46d70fc59,0.803030303030303,0.8106060606060606,0.007575757575757569,0.9436607124962084,0.9467251204451848,0.003064407948976333,0.18841159089589446,0.1556206443923736,0.03279094650352085,0.5739191733941822,0.4637531044919283,0.11016606890225389,0.7325174825174825,0.6928904428904429,-0.03962703962703962,0.6640018537828757,0.6710093433346493,0.00700748955177366
xgboost,3,50c02189,focus,target_focus,True,True,xgboost__fold_03__focus__50c02189__weighted_aug__0a18cbf5e5eb,0a18cbf5e5eb624a0ff08e6cb290e700e08c702c35ec2d5afecaf4ebc1c44079,personalized_model_predict_proba_high,fixed_probability_threshold_0.5,0.5,0.0149972951039671,242,309,551,1b428bfcbdefb923b659e6e8cf8e94ce012e255f4fb07d11bc5942e499150a15,0.8245874455053624,0.7798015459092247,-0.04478589959613777,0.8233791434643776,0.7527003253388369,-0.07067881812554067,0.4846196483021055,0.42652145703079875,0.058098191271306776,2.1034518460852962,1.6365830339429175,0.46686881214237874,0.7215624916419268,0.55081039878039,-0.1707520928615368,0.7076152337634516,0.44257125978437456,-0.26504397397907703
lightgbm,3,50c02189,focus,target_focus,True,True,lightgbm__fold_03__focus__50c02189__weighted_aug__80d99e62cc69,80d99e62cc69ba4638baa9bdc65a920871b9b626ee863ea88c419df9f86cf232,personalized_model_predict_proba_high,fixed_probability_threshold_0.5,0.5,0.0996837775412541,242,309,551,1b428bfcbdefb923b659e6e8cf8e94ce012e255f4fb07d11bc5942e499150a15,0.8255636684586376,0.7167616143785606,-0.10880205408007704,0.8336945476244215,0.6818759790445814,-0.1518185685798401,0.38619254369804346,0.3849020828291878,0.0012904608688556474,1.1169476736153998,1.1236064930751457,-0.0066588194597458905,0.7453127925325631,0.5185482361122256,-0.22676455642033755,0.7397999451814132,0.4027233309574721,-0.33707661422394114
xgboost,3,71f21142,focus,target_focus,False,False,,,frozen_zero_shot_probability,frozen_1800s_median_midpoint_policy,0.2303384644910693,0.2303384644910693,93,123,216,9ed04541354f10d54b6c50fd2fbc3916a0bad783d21f273e06fcae28e071f872,0.8752513331584928,0.8752513331584928,0.0,0.8986331748763302,0.8986331748763302,0.0,0.23012070286790454,0.23012070286790454,0.0,0.9141352842833583,0.9141352842833583,0.0,0.7647521636506688,0.7647521636506688,0.0,0.75,0.75,0.0
lightgbm,3,71f21142,focus,target_focus,False,False,,,frozen_zero_shot_probability,frozen_1800s_median_midpoint_policy,0.1749216846903118,0.1749216846903118,93,123,216,9ed04541354f10d54b6c50fd2fbc3916a0bad783d21f273e06fcae28e071f872,0.870705481248361,0.870705481248361,0.0,0.902895807632935,0.902895807632935,0.0,0.21839762206319996,0.21839762206319996,0.0,0.6917233961724344,0.6917233961724344,0.0,0.7757671125098349,0.7757671125098349,0.0,0.7678018575851393,0.7678018575851393,0.0
xgboost,3,b0700166,focus,target_focus,False,False,,,frozen_zero_shot_probability,frozen_1800s_median_midpoint_policy,0.4579768721014261,0.4579768721014261,154,185,339,480d1186a68ab135e87ff81801266b4800255264baa115b58bfe667676619066,0.7688662688662689,0.7688662688662689,0.0,0.8157340398265204,0.8157340398265204,0.0,0.24599544277265445,0.24599544277265445,0.0,0.7977677693712839,0.7977677693712839,0.0,0.6864162864162864,0.6864162864162864,0.0,0.6647121158601201,0.6647121158601201,0.0
lightgbm,3,b0700166,focus,target_focus,False,False,,,frozen_zero_shot_probability,frozen_1800s_median_midpoint_policy,0.480689334298972,0.480689334298972,154,185,339,480d1186a68ab135e87ff81801266b4800255264baa115b58bfe667676619066,0.7954369954369955,0.7954369954369955,0.0,0.8407871434983125,0.8407871434983125,0.0,0.23568677418237302,0.23568677418237302,0.0,0.7031898162376681,0.7031898162376681,0.0,0.6713057213057213,0.6713057213057213,0.0,0.6368195035876014,0.6368195035876014,0.0
xgboost,3,d0724095,focus,target_focus,True,True,xgboost__fold_03__focus__d0724095__weighted_aug__746f9e4ae3c6,746f9e4ae3c6d2149451c1a1e43f99696aaa0fe279179282cc278f146d367b18,personalized_model_predict_proba_high,fixed_probability_threshold_0.5,0.5,0.5123309604823589,176,77,253,06d6745d735164f9da4b9c98af963d6d4cf2a98aca50b2ef7eb2d491d8c247d3,0.8606847697756789,0.8698347107438017,0.009149940968122827,0.7809972328863279,0.785774188867417,0.0047769559810890705,0.15276846997889904,0.1389775751900162,0.013790894788882846,0.4962156294103183,0.4701620863255769,0.02605354308474145,0.7508116883116883,0.7491883116883117,-0.0016233766233766378,0.75172656409117,0.7554999715763743,0.003773407485204272
lightgbm,3,d0724095,focus,target_focus,True,True,lightgbm__fold_03__focus__d0724095__weighted_aug__ca0c63d2fed9,ca0c63d2fed954d598eda50978c06b5a912e42ad099f6e763f7d70729853a84e,personalized_model_predict_proba_high,fixed_probability_threshold_0.5,0.5,0.5140508981954315,176,77,253,06d6745d735164f9da4b9c98af963d6d4cf2a98aca50b2ef7eb2d491d8c247d3,0.8890200708382526,0.8873229043683589,-0.0016971664698937072,0.8171168570263979,0.8223746579586173,0.005257800932219392,0.12306533956671754,0.1188539351118854,0.004211404454832146,0.3781254780375857,0.3737005582249378,0.0044249198126479206,0.7808441558441559,0.786525974025974,0.005681818181818121,0.7859680785065704,0.7938529172114528,0.007884838704882435
xgboost,3,0012905a,interest,target_interest,True,True,xgboost__fold_03__interest__0012905a__weighted_aug__3c1335132a92,3c1335132a929ffc42a56add3fe11e0be50fdadbefb42f38f9409d4b185a4505,personalized_model_predict_proba_high,fixed_probability_threshold_0.5,0.5,0.1910287500359118,227,204,431,470bdaa130941cedb57e10b2c47a2dab9467b1d8ece19f67d3bf4990d41616b3,0.8245011661052086,0.8573464628142006,0.032845296708991945,0.7981448630353909,0.8395938159118936,0.04144895287650274,0.20223713508619043,0.1905417425213907,0.011695392564799734,0.6561639037208046,0.636079651204072,0.020084252516732626,0.7397102012611212,0.7576444674786214,0.01793426621750016,0.7350866977225673,0.7461387434554974,0.01105204573293006
lightgbm,3,0012905a,interest,target_interest,True,True,lightgbm__fold_03__interest__0012905a__weighted_aug__42cf514e4318,42cf514e4318f6533998e6913900c38db3e47a26152b9444ba455ddab0a8e3f7,personalized_model_predict_proba_high,fixed_probability_threshold_0.5,0.5,0.2174508445343782,227,204,431,470bdaa130941cedb57e10b2c47a2dab9467b1d8ece19f67d3bf4990d41616b3,0.8347153839509373,0.8743413665025481,0.03962598255161087,0.826411359121751,0.8640297087555535,0.037618349633802506,0.17583345875106082,0.1687489073536699,0.00708455139739092,0.5180183514511262,0.5022118759955232,0.015806475455602986,0.752494169473957,0.7765072989548243,0.024013129480867312,0.7419667348804807,0.764686612797554,0.022719877917073306
xgboost,3,20201194,interest,target_interest,True,True,xgboost__fold_03__interest__20201194__weighted_aug__c817f136a731,c817f136a731a5ee46875d18de7407cded530edf76bcb323a8e2cead4b3de91d,personalized_model_predict_proba_high,fixed_probability_threshold_0.5,0.5,0.1971164466813206,117,66,183,7cd83d862e1d1ea90cbcdd3809fddc20e0425829348d2f74d3a150ff0af7e434,0.9437969437969438,0.930976430976431,-0.012820512820512775,0.9333944463479658,0.9118042967953365,-0.02159014955262928,0.10284579497152964,0.1599484750835549,-0.05710268011202525,0.3680987522368866,0.6661328646133862,-0.29803411237649957,0.864996114996115,0.7424242424242424,-0.12257187257187252,0.8770491803278688,0.7630977764240023,-0.11395140390386649
lightgbm,3,20201194,interest,target_interest,True,True,lightgbm__fold_03__interest__20201194__weighted_aug__bcc668f289d3,bcc668f289d3ed4d564dbb7fe16cafeebab44fd16f13eb5cf17a1bf5a21650bd,personalized_model_predict_proba_high,fixed_probability_threshold_0.5,0.5,0.2939522997958822,117,66,183,7cd83d862e1d1ea90cbcdd3809fddc20e0425829348d2f74d3a150ff0af7e434,0.9358974358974359,0.9320124320124321,-0.0038850038850037905,0.9198431755973326,0.9198718830156164,2.870741828375767e-05,0.11684065778069283,0.13724963748696872,-0.020408979706275893,0.3664967825049512,0.4577327607838216,-0.09123597827887037,0.8465423465423465,0.7348484848484849,-0.11169386169386164,0.8624248223072717,0.7545318667841949,-0.10789295552307676
xgboost,3,2162c09e,interest,target_interest,True,True,xgboost__fold_03__interest__2162c09e__weighted_aug__5b5bc6feea16,5b5bc6feea1690222ad344104560a2e842d484826e2829e36ac4c9a168b932df,personalized_model_predict_proba_high,fixed_probability_threshold_0.5,0.5,0.5740396901965141,232,121,353,a3746bc25d9b7f7e9989e919b59208b7e5968962d47756535d6143d444da264b,0.9370903391279567,0.9444998575092619,0.0074095183813052135,0.9021829295744611,0.9023241999453598,0.0001412703708987273,0.12255336723405164,0.10857119351234638,0.013982173721705252,0.45061898719178284,0.3908670783704917,0.05975190882129111,0.8559418637788544,0.8624073810202337,0.006465517241379337,0.8376098957268452,0.8459504556539597,0.008340559927114466
lightgbm,3,2162c09e,interest,target_interest,True,True,lightgbm__fold_03__interest__2162c09e__weighted_aug__cddb1f5ec234,cddb1f5ec234cfc59a02dc10b7a3c30e0c1eaf85be0e35e83d0cb936183d567c,personalized_model_predict_proba_high,fixed_probability_threshold_0.5,0.5,0.5585443193604325,232,121,353,a3746bc25d9b7f7e9989e919b59208b7e5968962d47756535d6143d444da264b,0.9439298945568538,0.9396551724137931,-0.004274722143060683,0.9087645971457358,0.8969824263076912,-0.011782170838044559,0.11005105461726039,0.1054031473077736,0.00464790730948679,0.34404840365873457,0.3310207425759145,0.013027661082820052,0.8559418637788544,0.8437232829866059,-0.012218580792248468,0.8376098957268452,0.8300667079293034,-0.007543187797541817
xgboost,3,21a031f6,interest,target_interest,True,True,xgboost__fold_03__interest__21a031f6__weighted_aug__3918c1ad9f41,3918c1ad9f41ad7f44a49a405094a6b76eb1f790324e32a9f12932486a6a5db7,personalized_model_predict_proba_high,fixed_probability_threshold_0.5,0.5,0.5451667048037052,140,143,283,050b2959f55e2374f84b541f829036fd0011ce16e69e3bd98e491e290417f21e,0.8683316683316683,0.884015984015984,0.01568431568431572,0.848215563862487,0.8757660253089539,0.02755046144646689,0.14451676939265548,0.15738169797475918,-0.012864928582103696,0.5488743099226464,0.5491945286052271,-0.0003202186825806974,0.8272477522477523,0.7823176823176823,-0.04493006993006998,0.826716651046548,0.7775157232704403,-0.04920092777610774
lightgbm,3,21a031f6,interest,target_interest,True,True,lightgbm__fold_03__interest__21a031f6__weighted_aug__2e8b4ebc8b80,2e8b4ebc8b80e2f3400519702cc07d429ae8b780b535ee83313baecb2e04fc93,personalized_model_predict_proba_high,fixed_probability_threshold_0.5,0.5,0.5493479420418775,140,143,283,050b2959f55e2374f84b541f829036fd0011ce16e69e3bd98e491e290417f21e,0.8789710289710291,0.8537962037962037,-0.025174825174825388,0.8751083303630044,0.8517408889264327,-0.023367441436571657,0.1383826885232848,0.1773930630217185,-0.0390103744984337,0.4433493389675413,0.539590101958519,-0.09624076299097767,0.7922827172827174,0.7436313686313687,-0.04865134865134868,0.7906726007647464,0.7367911427078955,-0.05388145805685096
xgboost,3,41e2010c,interest,target_interest,True,True,xgboost__fold_03__interest__41e2010c__weighted_aug__f325725912b6,f325725912b6974f3d621445db53a52eff72c66064f6a06e975b4cb2eda56a7a,personalized_model_predict_proba_high,fixed_probability_threshold_0.5,0.5,0.4473533853888511,76,65,141,f9ea67b641ddf272496982a0ec76f7fb7cdf3d4e79a67b662efda1842c46de9c,0.9386639676113361,0.9742914979757086,0.035627530364372495,0.9200818731771563,0.9697446242987734,0.04966275112161711,0.1371283774066875,0.07415332261488071,0.0629750547918068,0.4700202893089239,0.2733858083510056,0.1966344809579183,0.8055668016194333,0.8890688259109312,0.08350202429149789,0.8085839598997493,0.8918545789231478,0.0832706190233985
lightgbm,3,41e2010c,interest,target_interest,True,True,lightgbm__fold_03__interest__41e2010c__weighted_aug__09297cedc101,09297cedc101158d20e8c6711ee3d9ba3bff8f76c707b725340162a9a45780d0,personalized_model_predict_proba_high,fixed_probability_threshold_0.5,0.5,0.4534080361175599,76,65,141,f9ea67b641ddf272496982a0ec76f7fb7cdf3d4e79a67b662efda1842c46de9c,0.9578947368421052,0.9791497975708503,0.021255060728745057,0.9562651985938204,0.9743386662182287,0.018073467624408313,0.10412532190535068,0.04439842385637911,0.05972689804897156,0.3340211560891504,0.1678307758551427,0.1661903802340077,0.8494939271255061,0.9494939271255061,0.09999999999999998,0.8535521395928541,0.9499924000607995,0.0964402604679454
xgboost,3,5001d09a,interest,target_interest,True,True,xgboost__fold_03__interest__5001d09a__weighted_aug__49f6169a33ec,49f6169a33eccba6fadaae32ccef2c34854e583ea12d72a86704dc851a5fec11,personalized_model_predict_proba_high,fixed_probability_threshold_0.5,0.5,0.2797139590838924,54,50,104,69d3e55c29ba17144804ece5596ebaa62fe96926b733734de4782958a98ca40c,0.9681481481481481,0.965925925925926,-0.0022222222222221255,0.9711276780793094,0.9735589381694608,0.002431260090151377,0.12955598125861553,0.08164078022020736,0.04791520103840817,0.5001853351842106,0.36758777154572103,0.13259756363848957,0.87,0.9,0.030000000000000027,0.8715683480573763,0.9020715630885122,0.030503215031135955
lightgbm,3,5001d09a,interest,target_interest,True,True,lightgbm__fold_03__interest__5001d09a__weighted_aug__de119eced8eb,de119eced8ebaa7f0e9bec6a15f31a2c49db13d8bc2601b2a5f165b76cfdf384,personalized_model_predict_proba_high,fixed_probability_threshold_0.5,0.5,0.3051857730156737,54,50,104,69d3e55c29ba17144804ece5596ebaa62fe96926b733734de4782958a98ca40c,0.9781481481481482,0.9737037037037037,-0.004444444444444473,0.9790052037751251,0.9763822579947063,-0.002622945780418773,0.10905884506683826,0.08370053625475429,0.025358308812083966,0.34809843215897346,0.29243075523702244,0.055667676921951015,0.8707407407407408,0.8807407407407408,0.010000000000000009,0.8723444433953357,0.8824858757062147,0.01014143231087905
xgboost,3,50c02189,interest,target_interest,True,True,xgboost__fold_03__interest__50c02189__weighted_aug__934a29003f4d,934a29003f4d2142fe575b1661bf645809c61cd56f92296e7c11cb1de8be83f2,personalized_model_predict_proba_high,fixed_probability_threshold_0.5,0.5,0.9884347468614578,365,274,639,00e7285421ba14396c81805e90752d97cacfef98c4cbcf7eec41bcec4e0e0113,0.6917658234176582,0.7431106889311069,0.051344865513448634,0.6428614977776721,0.6384463889941282,-0.004415108783543897,0.5025074326887374,0.2898307654629482,0.2126766672257892,2.375946065539024,1.4469628751260792,0.9289831904129446,0.6439706029397061,0.6900009999000101,0.046030396960303976,0.6350102103103297,0.6562821469383101,0.021271936627980437
lightgbm,3,50c02189,interest,target_interest,True,True,lightgbm__fold_03__interest__50c02189__weighted_aug__d8b32d4364fa,d8b32d4364faeea50b015ef0cecbd1e22719a5d5d7b7e80e57b44e55e04b39a7,personalized_model_predict_proba_high,fixed_probability_threshold_0.5,0.5,0.9521525757132738,365,274,639,00e7285421ba14396c81805e90752d97cacfef98c4cbcf7eec41bcec4e0e0113,0.6190980901909809,0.7536246375362463,0.13452654734526537,0.6401177745536568,0.6645859656190157,0.024468191065358913,0.49105568225858415,0.2862681175804291,0.20478756467815507,1.7594507856076789,0.9704904166836761,0.7889603689240028,0.565013498650135,0.6762873712628737,0.1112738726127388,0.5568426598703637,0.6308399477544459,0.07399728788408211
xgboost,3,71f21142,interest,target_interest,True,True,xgboost__fold_03__interest__71f21142__weighted_aug__e68e55d72b51,e68e55d72b51dda8f5d0d76bcc5a8e8cd6362e0ddd830e06246100c21484f28f,personalized_model_predict_proba_high,fixed_probability_threshold_0.5,0.5,0.2417027931660413,17,119,136,cf443d911e229a2b1af0805c6eaf7996f470b726eb20939238d5d3b172b0c7ba,0.9579831932773109,0.9787444389520514,0.02076124567474058,0.9930868660724927,0.9970902659115805,0.004003399839087707,0.146197303780386,0.10267341190843204,0.04352389187195396,0.44995669642163266,0.3753848069933562,0.07457188942827647,0.8907563025210083,0.9285714285714286,0.037815126050420256,0.8102073365231259,0.7948717948717949,-0.015335541651330997
lightgbm,3,71f21142,interest,target_interest,True,True,lightgbm__fold_03__interest__71f21142__weighted_aug__183dd005a536,183dd005a53666ce74b7f9778a28c6b0a2e8b08a4a0a7505c12171931a5711fb,personalized_model_predict_proba_high,fixed_probability_threshold_0.5,0.5,0.3299196721329275,17,119,136,cf443d911e229a2b1af0805c6eaf7996f470b726eb20939238d5d3b172b0c7ba,0.962926347009392,0.9930795847750864,0.03015323776569445,0.9943878175329154,0.999041982035797,0.004654164502881586,0.17268767095893203,0.1366767630310544,0.036010907927877644,0.5057868926144885,0.4205906182665289,0.08519627434795962,0.8361344537815125,0.8781512605042017,0.04201680672268915,0.7386290839205637,0.7004632794106478,-0.03816580450991591
xgboost,3,b0700166,interest,target_interest,True,True,xgboost__fold_03__interest__b0700166__weighted_aug__ac18ea7514fb,ac18ea7514fb8f863a77ae9d5197eeeca445f7cc73c3f3d2d7196df3aa7ecf3e,personalized_model_predict_proba_high,fixed_probability_threshold_0.5,0.5,0.1574133187532425,86,354,440,556ae49448868c6456bfcd5f440d74f9bd9d429971bf1df8cd8b7c659f38e016,0.7238536328997504,0.8828997503613191,0.15904611746156871,0.9184551133349943,0.9670715004786321,0.04861638714363781,0.3490504204027788,0.20873278515990693,0.14031763524287186,1.148053948516262,0.6498558374863659,0.4981981110298961,0.6364144002102221,0.7697083169097358,0.13329391669951374,0.59650338116444,0.6522227881896263,0.055719407025186296
lightgbm,3,b0700166,interest,target_interest,True,True,lightgbm__fold_03__interest__b0700166__weighted_aug__aa205e9b52cc,aa205e9b52cc5035a1162b815afa23acc87d558a871ac3b08cc8b6987817a868,personalized_model_predict_proba_high,fixed_probability_threshold_0.5,0.5,0.2701812019441947,86,354,440,556ae49448868c6456bfcd5f440d74f9bd9d429971bf1df8cd8b7c659f38e016,0.8182236237025359,0.8815858625673367,0.06336223886480086,0.9514626217117421,0.9695992952272199,0.018136673515477764,0.2504110217932663,0.22491264129982808,0.025498380493438222,0.7295193427688091,0.6576319759241557,0.07188736684465347,0.7224740507160688,0.7722703981080016,0.04979634739193273,0.6830215072565133,0.6209236789301377,-0.06209782832637567
xgboost,3,d0724095,interest,target_interest,True,True,xgboost__fold_03__interest__d0724095__weighted_aug__a803e4b34e15,a803e4b34e1569afed692372eac24428e8d94801fbe9b7486a4c2c7504ef3934,personalized_model_predict_proba_high,fixed_probability_threshold_0.5,0.5,0.5597221776843071,133,148,281,583eb794354529352aa2849f30df9be4aec3948bd15080f18f9693bb00b0ee6a,0.833976833976834,0.8318939239991873,-0.0020829099776467075,0.820761567169762,0.8327758408432003,0.012014273673438325,0.2194862790608905,0.20299465582662263,0.016491623234267866,0.784615564489115,0.6861497724714123,0.09846579201770267,0.6996799431009957,0.7091038406827881,0.009423897581792406,0.690263319044703,0.7044743533421196,0.014211034297416658
lightgbm,3,d0724095,interest,target_interest,True,True,lightgbm__fold_03__interest__d0724095__weighted_aug__91b8dffc46dd,91b8dffc46dd4348b3e5ccaeeb1a86cd44478a9092524f8c3f3bb87558ef15ec,personalized_model_predict_proba_high,fixed_probability_threshold_0.5,0.5,0.5594329509766222,133,148,281,583eb794354529352aa2849f30df9be4aec3948bd15080f18f9693bb00b0ee6a,0.8543995122942492,0.8612578744157692,0.006858362121520023,0.8545912043294109,0.8743235472096018,0.01973234288019088,0.18816408935039666,0.16401770751775885,0.024146381832637814,0.5641727612956504,0.49244201398852366,0.07173074730712675,0.733133509449299,0.7335653322495428,0.0004318228002437863,0.7283274250725105,0.7330600559567961,0.00473263088428566
xgboost,3,0012905a,relaxation,target_relaxation,True,True,xgboost__fold_03__relaxation__0012905a__weighted_aug__50151acd9a93,50151acd9a93b58963fc380d22aad1b180d2bc19448f1c144a08813bae09de28,personalized_model_predict_proba_high,fixed_probability_threshold_0.5,0.5,0.3879256343934685,104,203,307,e57f352fa35bafbda6870ebf14e1b9acb3f775b1baa817fbe24a7625d95ded67,0.8897783251231527,0.905693444486548,0.01591511936339529,0.9406615251680229,0.9456320010836198,0.00497047591559685,0.14030393979151745,0.14986254474331537,-0.009558604951797917,0.5208140927887299,0.6238974164729123,-0.10308332368418238,0.7777804092459265,0.7494079196665404,-0.028372489579386095,0.7897914721444133,0.7689992475545523,-0.020792224589860964
lightgbm,3,0012905a,relaxation,target_relaxation,True,True,lightgbm__fold_03__relaxation__0012905a__weighted_aug__94b172ceb6a8,94b172ceb6a87cf1e19ec622c8f99477054bea9e77d5186fee365bfceb89b28e,personalized_model_predict_proba_high,fixed_probability_threshold_0.5,0.5,0.3404970257578915,104,203,307,e57f352fa35bafbda6870ebf14e1b9acb3f775b1baa817fbe24a7625d95ded67,0.8984937476316787,0.9177718832891246,0.01927813565744596,0.9485050044112783,0.9586524331650442,0.010147428753765952,0.1309060527918559,0.1327939550091571,-0.0018879022173012017,0.40539690983761534,0.42552997605052645,-0.02013306621291111,0.7562050018946571,0.773209549071618,0.01700454717696087,0.7703523385695992,0.7891483516483517,0.01879601307875256
xgboost,3,20201194,relaxation,target_relaxation,True,True,xgboost__fold_03__relaxation__20201194__weighted_aug__a55b9bd1a773,a55b9bd1a773b79566da2d9afbcfaf11c372b91a1ef20a1cc7f58aab2ff91b2a,personalized_model_predict_proba_high,fixed_probability_threshold_0.5,0.5,0.4995289926882833,116,77,193,02c1bd2b8c8b445baf70e7f69c94a9827aaf3b3825501e519e471ada1a9d641c,0.9806314375279892,0.9860053739364084,0.005373936408419211,0.9787074425971601,0.9806553092664263,0.0019478666692661628,0.10218646563102801,0.11518456131688135,-0.012998095685853334,0.36966662748651213,0.4493022742507612,-0.07963564676424906,0.8376623376623377,0.8181818181818181,-0.019480519480519543,0.8544626428980786,0.8350427350427351,-0.019419907855343532
lightgbm,3,20201194,relaxation,target_relaxation,True,True,lightgbm__fold_03__relaxation__20201194__weighted_aug__410e9c951ad6,410e9c951ad6216688d7d3872c38b1a0e659808064581084d279940c75143390,personalized_model_predict_proba_high,fixed_probability_threshold_0.5,0.5,0.5019735358139608,116,77,193,02c1bd2b8c8b445baf70e7f69c94a9827aaf3b3825501e519e471ada1a9d641c,0.9929467084639498,0.9900358262427227,-0.0029108822212271512,0.9906038211912058,0.9870949302051989,-0.0035088909860069295,0.09694052938184079,0.11474684990311887,-0.017806320521278077,0.2882088839893309,0.35783854798735804,-0.06962966399802711,0.8181818181818181,0.8116883116883117,-0.00649350649350644,0.8350427350427351,0.8284444444444444,-0.006598290598290646
xgboost,3,2162c09e,relaxation,target_relaxation,True,True,xgboost__fold_03__relaxation__2162c09e__weighted_aug__45509cc2c47f,45509cc2c47f8e44b058313cc1ee85867d526075c22f8b031ca8c8f891d2fe0b,personalized_model_predict_proba_high,fixed_probability_threshold_0.5,0.5,0.5045665195211768,188,143,331,4f5582fb4e537a58357567a5bdb9205d5b30cb890ab52652556fc2f1032cb3a7,0.9811783960720131,0.9841169468829043,0.0029385508108912273,0.977297805025476,0.9806215467227447,0.0033237416972686784,0.059052747931277266,0.059509514602426324,-0.0004567666711490573,0.19011867068766006,0.20389488168177297,-0.013776210994112914,0.9113041214105044,0.9211054902544265,0.00980136884392202,0.9133507853403142,0.9252765445104973,0.011925759170183126
lightgbm,3,2162c09e,relaxation,target_relaxation,True,True,lightgbm__fold_03__relaxation__2162c09e__weighted_aug__bb5465baeef7,bb5465baeef72c5ecb9fa0a0fcf76070b04861a94142ae1f6f072fa5fa8f60e6,personalized_model_predict_proba_high,fixed_probability_threshold_0.5,0.5,0.5230966828919239,188,143,331,4f5582fb4e537a58357567a5bdb9205d5b30cb890ab52652556fc2f1032cb3a7,0.9814387739919656,0.9825546793631901,0.0011159053712245237,0.9783066752329137,0.9782711807306672,-3.549450224649142e-05,0.05481178981365082,0.0612311298063925,-0.006419339992741677,0.17807773410688582,0.18995919562861965,-0.011881461521733833,0.9157863413182563,0.9087933343252492,-0.006993006993007089,0.9192197942479537,0.912822635262247,-0.006397158985706697
xgboost,3,21a031f6,relaxation,target_relaxation,True,True,xgboost__fold_03__relaxation__21a031f6__weighted_aug__7cad033ca424,7cad033ca4248c4c9048cb6f5ed863ee4b949a37508e14c27d3e13bf6c209fa3,personalized_model_predict_proba_high,fixed_probability_threshold_0.5,0.5,0.5414657779037952,257,147,404,6174892bbca5c8d59b85f673803dbe1622b23cf883ae8da9ae614d96285b1239,0.8793774319066148,0.8444109161174197,-0.034966515789195074,0.8158615898232968,0.7187399474818698,-0.09712164234142706,0.14217466135299694,0.1848489383771472,-0.04267427702415025,0.48698214155721575,0.7576105701026037,-0.27062842854538793,0.7904920723153075,0.7530771063289129,-0.0374149659863946,0.7879265091863517,0.7548919601842776,-0.03303454900207403
lightgbm,3,21a031f6,relaxation,target_relaxation,True,True,lightgbm__fold_03__relaxation__21a031f6__weighted_aug__67e373dc7d9a,67e373dc7d9a1f22e975094ac8a41312ce9f169f5ca8a46e2626a70b7997274a,personalized_model_predict_proba_high,fixed_probability_threshold_0.5,0.5,0.5968002328168691,257,147,404,6174892bbca5c8d59b85f673803dbe1622b23cf883ae8da9ae614d96285b1239,0.865295534556235,0.8524047751396278,-0.012890759416607223,0.802725861712877,0.7502484499722588,-0.05247741174061815,0.15874343398012397,0.16576731375367426,-0.00702387977355029,0.48287464940204744,0.5331172058737653,-0.05024255647171788,0.7632679530956352,0.7696074538764922,0.006339500780856988,0.7597359735973597,0.7726870830319106,0.012951109434550911
xgboost,3,41e2010c,relaxation,target_relaxation,True,True,xgboost__fold_03__relaxation__41e2010c__weighted_aug__9d1d8b7e7281,9d1d8b7e72818f1ff85cc440a5c6c10faa385e74ab6aa5a26996b002d38e8fa4,personalized_model_predict_proba_high,fixed_probability_threshold_0.5,0.5,0.0478143260261276,54,45,99,fa90f03bec54ece536d8b20eeb1e6864b2aa4cb69231f93bc86789bf5199509c,0.9218106995884774,0.9440329218106995,0.022222222222222143,0.8998867914391016,0.9019751389616076,0.0020883475225060844,0.29209374605762156,0.1504122660916534,0.14168147996596817,1.4280507336017685,0.5528199001445401,0.8752308334572284,0.7722222222222221,0.8037037037037037,0.031481481481481555,0.7746341463414634,0.8078084555651424,0.03317430922367892
lightgbm,3,41e2010c,relaxation,target_relaxation,True,True,lightgbm__fold_03__relaxation__41e2010c__weighted_aug__6de3422a9f31,6de3422a9f3110c05423a468f267bdc20582fa610196b668ed0e1fa2c93af43f,personalized_model_predict_proba_high,fixed_probability_threshold_0.5,0.5,0.1069367519725125,54,45,99,fa90f03bec54ece536d8b20eeb1e6864b2aa4cb69231f93bc86789bf5199509c,0.934156378600823,0.9481481481481481,0.013991769547325061,0.8919297627110344,0.9035009483974158,0.01157118568638138,0.27127491908173057,0.10778112762700834,0.16349379145472223,0.9011307614441284,0.33747288821190646,0.5636578732322219,0.7833333333333333,0.8388888888888888,0.05555555555555547,0.7864538395168248,0.8433048433048433,0.05685100378801855
xgboost,3,5001d09a,relaxation,target_relaxation,True,True,xgboost__fold_03__relaxation__5001d09a__weighted_aug__5ef494a20538,5ef494a205387f92312d846682b535403baacae2d9713eb038198760c8634f96,personalized_model_predict_proba_high,fixed_probability_threshold_0.5,0.5,0.4995099608786404,21,35,56,82cd9462be2ef84973b089ac0f488a4aca61784d0f77d98f91092aceab0a7944,0.963265306122449,0.9741496598639456,0.010884353741496655,0.9778405027323416,0.9860570350701929,0.008216532337851357,0.24915022474739135,0.2307226604563604,0.018427564291030957,1.1112061258793133,1.0975712647243465,0.013634861154966815,0.7714285714285714,0.8,0.028571428571428692,0.7139208173690932,0.75,0.036079182630906814
lightgbm,3,5001d09a,relaxation,target_relaxation,True,True,lightgbm__fold_03__relaxation__5001d09a__weighted_aug__8140bd02bad4,8140bd02bad41130da75927620f69f6b81975d13c673e2a9a0c87fb82312fe48,personalized_model_predict_proba_high,fixed_probability_threshold_0.5,0.5,0.4894136466442419,21,35,56,82cd9462be2ef84973b089ac0f488a4aca61784d0f77d98f91092aceab0a7944,0.9564625850340136,0.964625850340136,0.008163265306122436,0.9750294079373136,0.9785848004514293,0.0035553925141156295,0.21604122850913446,0.21400822998503496,0.002032998524099494,0.751381504957755,0.7656912002751141,-0.014309695317359039,0.7714285714285714,0.7857142857142857,0.014285714285714346,0.7139208173690932,0.7320574162679425,0.018136598898849332
xgboost,3,50c02189,relaxation,target_relaxation,True,True,xgboost__fold_03__relaxation__50c02189__weighted_aug__76c2bfd1c442,76c2bfd1c442b824e5775e08f3e8cb7df31a1d73e605dc3296c7673164ffc5a9,personalized_model_predict_proba_high,fixed_probability_threshold_0.5,0.5,0.99539215862751,220,372,592,54cc6dac5b10a2c5f5842398434575c5f91ece0f539cc04d290eab65f42e4465,0.929215542521994,0.9101600684261975,-0.019055474095796554,0.9584494898693079,0.944381510382054,-0.014067979487253912,0.28093717623075637,0.16133744762091254,0.11959972860984383,1.2870031513008193,0.9165472270209468,0.3704559242798725,0.8417888563049853,0.7597996089931573,-0.081989247311828,0.8411532973131197,0.7767138415535433,-0.06443945575957644
lightgbm,3,50c02189,relaxation,target_relaxation,True,True,lightgbm__fold_03__relaxation__50c02189__weighted_aug__d85e7cab1fdb,d85e7cab1fdbe5b2da2fd9eef55397fddc4db50f285e645f6c0096f73f71f422,personalized_model_predict_proba_high,fixed_probability_threshold_0.5,0.5,0.9546734381411376,220,372,592,54cc6dac5b10a2c5f5842398434575c5f91ece0f539cc04d290eab65f42e4465,0.9099095796676441,0.914711632453568,0.004802052785923938,0.9453619768464327,0.9523142381848158,0.006952261338383003,0.26828149069885715,0.1653562965104512,0.10292519418840596,0.9413818027683019,0.6255047368371099,0.3158770659311919,0.807820136852395,0.7325268817204301,-0.07529325513196483,0.8187755102040817,0.7475724789661066,-0.07120303123797511
xgboost,3,71f21142,relaxation,target_relaxation,True,True,xgboost__fold_03__relaxation__71f21142__weighted_aug__a4126ee093b7,a4126ee093b7d74d28eb57b337f86437ea55e0144156fca50fffdd940c867284,personalized_model_predict_proba_high,fixed_probability_threshold_0.5,0.5,0.3691341408994049,146,111,257,e84cbe38009098df945a2010229dc466e3ec0b40646d449ab40bca5a378b3859,0.9368752313957793,0.9547698383314822,0.017894606935702884,0.9223204435787391,0.9362497362736165,0.013929292694877415,0.10552380676706055,0.09913254220613228,0.00639126456092827,0.3203436372432187,0.3629529135583495,-0.04260927631513084,0.8567197334320622,0.8826669134888313,0.025947180056769104,0.8477973668625575,0.8714006277578128,0.02360326089525533
lightgbm,3,71f21142,relaxation,target_relaxation,True,True,lightgbm__fold_03__relaxation__71f21142__weighted_aug__8e74c20f9b8f,8e74c20f9b8f602f8ac1dd0c747bd7a6a1ab63653d3f6267bc18f18034882b34,personalized_model_predict_proba_high,fixed_probability_threshold_0.5,0.5,0.2699676340330921,146,111,257,e84cbe38009098df945a2010229dc466e3ec0b40646d449ab40bca5a378b3859,0.9527952610144391,0.9654448969517462,0.012649635937307058,0.9393217027268821,0.9576613201080554,0.01833961738117329,0.0904615680631839,0.08332846849061125,0.007133099572572646,0.2941832302103781,0.2672695741849665,0.026913656025411625,0.8577995804023202,0.8931260027150438,0.03532642231272365,0.8479174569456035,0.886471995003732,0.038554538058128474
xgboost,3,b0700166,relaxation,target_relaxation,True,True,xgboost__fold_03__relaxation__b0700166__weighted_aug__961326cb4645,961326cb464588367be7da802ef4845e0b54506d1c31066f33fc8eea7bf37d07,personalized_model_predict_proba_high,fixed_probability_threshold_0.5,0.5,0.3841836430365219,127,278,405,9ea4d15f9e6c5c4d6d6940feef3eb8c780c6a5f7164d902fb3009fab6b41b586,0.923129213164901,0.924092222285164,0.0009630091202629254,0.9645933361789601,0.9619534781808334,-0.0026398579981267156,0.24250163942029612,0.2044181319643827,0.038083507455913435,0.8375967324412897,0.7273855322838401,0.11021120015744967,0.7828131195830736,0.7968617232198493,0.014048603636775625,0.7103147198105761,0.7310206133735546,0.020705893562978472
lightgbm,3,b0700166,relaxation,target_relaxation,True,True,lightgbm__fold_03__relaxation__b0700166__weighted_aug__f9af7a84d4f9,f9af7a84d4f9b8c8d328a448bfa0f6fc08f44cbf9c6f8570b9c5b3f8e1afe193,personalized_model_predict_proba_high,fixed_probability_threshold_0.5,0.5,0.3356368798731593,127,278,405,9ea4d15f9e6c5c4d6d6940feef3eb8c780c6a5f7164d902fb3009fab6b41b586,0.9501217923299156,0.9313714382824448,-0.01875035404747072,0.9745420391045412,0.9682655203334962,-0.006276518771044959,0.20805462024131247,0.18689401002579037,0.021160610215522097,0.6116487925018617,0.5735581122364797,0.03809068026538198,0.8259785872089729,0.7990001699427859,-0.026978417266186994,0.7664476983251429,0.7313740926475785,-0.03507360567756446
xgboost,3,d0724095,relaxation,target_relaxation,True,True,xgboost__fold_03__relaxation__d0724095__weighted_aug__2dd1f6dd5a68,2dd1f6dd5a6897e0cefe811ea90fa68b6bc32d0ffd5dc2584c9567076581eae2,personalized_model_predict_proba_high,fixed_probability_threshold_0.5,0.5,0.3312017098069191,63,173,236,786b4b3e6e12a9fb21e8c360c67b167329dddb08ffa775d47a890b072a380b7c,0.8952197449307276,0.8917331865308744,-0.0034865583998532346,0.9558830049380932,0.9554683806524321,-0.00041462428566108045,0.10692420014886118,0.11460649833373093,-0.007682298184869749,0.3651314368743576,0.40591670056294604,-0.040785263688588425,0.7654830718414534,0.8145242682814937,0.04904119644004035,0.79317455407774,0.8258385507177375,0.03266399663999753
lightgbm,3,d0724095,relaxation,target_relaxation,True,True,lightgbm__fold_03__relaxation__d0724095__weighted_aug__7165da6aace8,7165da6aace89d5b794ad00f22ecb02fd5e8ebb0b2aa64e499e8ce16475c7d2c,personalized_model_predict_proba_high,fixed_probability_threshold_0.5,0.5,0.3551964360138135,63,173,236,786b4b3e6e12a9fb21e8c360c67b167329dddb08ffa775d47a890b072a380b7c,0.8983392971832279,0.9166896045508762,0.01835030736764831,0.9620273400516856,0.9683511119681565,0.006323771916470933,0.115321862840118,0.10064820851958299,0.01467365432053501,0.357598061204884,0.32004126332027655,0.037556797884607473,0.7430956968529223,0.7806220754197633,0.037526378566840934,0.7629331993972878,0.8009920634920635,0.03805886409477577
xgboost,3,0012905a,stress,target_stress,True,True,xgboost__fold_03__stress__0012905a__weighted_aug__63f42348c4a0,63f42348c4a0d4c7741f3e4b98d466def0f92d0293204a135e305f623e1a6f85,personalized_model_predict_proba_high,fixed_probability_threshold_0.5,0.5,0.0314113369677215,183,252,435,38ad2ba9b860a3bec66587ca6c8a8705c6500c8c96d0b6dbd288aa0823839a77,0.7607121172694943,0.8319238442189263,0.07121172694943201,0.8320152338407847,0.8823919259482401,0.050376692107455434,0.28032349746122265,0.19907956364990073,0.08124393381132192,1.1465114366172777,0.709779991075812,0.4367314455414657,0.6707975539942752,0.7409250585480094,0.07012750455373418,0.6730616130630606,0.7302132531844855,0.05715164012142493
lightgbm,3,0012905a,stress,target_stress,True,True,lightgbm__fold_03__stress__0012905a__weighted_aug__e2abbf2ca954,e2abbf2ca9541f087c997c73f1ce883627b50e3dc2d4736f18ba54bdcfb39bb1,personalized_model_predict_proba_high,fixed_probability_threshold_0.5,0.5,0.1219098820607062,183,252,435,38ad2ba9b860a3bec66587ca6c8a8705c6500c8c96d0b6dbd288aa0823839a77,0.7942579581923844,0.8261340966258999,0.031876138433515444,0.8545617102351317,0.8682571217062878,0.01369541147115605,0.22577963172776166,0.17685943393559156,0.048920197792170106,0.6915385651448362,0.5394811922727846,0.15205737287205168,0.6896304970075462,0.7580015612802498,0.06837106427270356,0.6927126059611703,0.7548427612192647,0.0621301552580944
xgboost,3,20201194,stress,target_stress,True,True,xgboost__fold_03__stress__20201194__weighted_aug__7cef4e126365,7cef4e12636557523cb553f1c8d71af1747b42fd2ac03c0687bf4dd7271b9755,personalized_model_predict_proba_high,fixed_probability_threshold_0.5,0.5,0.3802121663466096,137,86,223,eaa39568c4292804ac17333a3313a2e6071b8e74f9ea9d6557f992392ddeb27a,0.9062128670853845,0.9208962824647768,0.014683415379392328,0.8730295655444976,0.894462188768852,0.021432623224354352,0.12879163760938186,0.11566410111744614,0.013127536491935723,0.40367854292207395,0.3695883816615871,0.03409016126048686,0.8005856391105075,0.8196401290103548,0.01905448989984726,0.8037688064730752,0.8313912115281978,0.02762240505512259
lightgbm,3,20201194,stress,target_stress,True,True,lightgbm__fold_03__stress__20201194__weighted_aug__30768330129d,30768330129db1fb18450ebdae49ea3dc4bb7647d78e382ea9ee1ff743c8fe1a,personalized_model_predict_proba_high,fixed_probability_threshold_0.5,0.5,0.3726566697505418,137,86,223,eaa39568c4292804ac17333a3313a2e6071b8e74f9ea9d6557f992392ddeb27a,0.931760312340859,0.938720081480224,0.006959769139365024,0.9104468832739052,0.9189140769377012,0.008467193663796002,0.10232432287018908,0.0955170789132515,0.006807243956937589,0.3276616248528078,0.3087526399119575,0.018908984940850304,0.8462909523001187,0.8530385333559667,0.00674758105584794,0.8378316607450809,0.8598061956686683,0.021974534923587474
xgboost,3,2162c09e,stress,target_stress,True,True,xgboost__fold_03__stress__2162c09e__weighted_aug__c78a138c83b6,c78a138c83b6ab744d7d7c06c39d69c2bb7cf2f16f04c9d5f5b3ec4678880471,personalized_model_predict_proba_high,fixed_probability_threshold_0.5,0.5,0.6507984101772308,228,123,351,b13a6e8216077cfff973249b6b40d6a7d9821abf8cb0843e38d1999fdec8502a,0.9374554271858508,0.948616459848809,0.011161032662958204,0.9202854473135542,0.9323728593330683,0.012087412019514132,0.16159340839440992,0.10855037660191243,0.05304303179249749,0.5861567477381124,0.38111686580882476,0.20503988192928768,0.8434424475823705,0.8738232777064613,0.030380830124090763,0.8170891608391608,0.8535320417287631,0.036442880889602236
lightgbm,3,2162c09e,stress,target_stress,True,True,lightgbm__fold_03__stress__2162c09e__weighted_aug__a72e7ebdfba1,a72e7ebdfba196b53c1c19a6ea87297ac51915e00d3d966277a60f70524af275,personalized_model_predict_proba_high,fixed_probability_threshold_0.5,0.5,0.6394406967766917,228,123,351,b13a6e8216077cfff973249b6b40d6a7d9821abf8cb0843e38d1999fdec8502a,0.9433033804022251,0.945300242476109,0.0019968620738839427,0.9274246246259245,0.9237442204219223,-0.0036804042040021745,0.14305709990958276,0.11405161344474318,0.02900548646483958,0.4392658428601431,0.35529246782296203,0.08397337503718105,0.8650513478818999,0.8481493367565255,-0.016902011125374372,0.8423701670098376,0.8249465346869427,-0.0174236323228949
xgboost,3,21a031f6,stress,target_stress,True,True,xgboost__fold_03__stress__21a031f6__weighted_aug__631bbf5b7e71,631bbf5b7e71172e497f2609dc1b93519b4a4d7e5a43ccb6709d1fea72d8fe0c,personalized_model_predict_proba_high,fixed_probability_threshold_0.5,0.5,0.8172483742237091,363,119,482,56814786cf9381a8b0d89103c578b35ff0d03bc88d45b86cc7ccebdc35f987bc,0.9614093571312823,0.9833090260897748,0.02189966895849249,0.8877442037941857,0.9489860319165683,0.06124182812238255,0.202040656168936,0.05607731707919901,0.14596333908973697,0.8535683234551594,0.21661127355556287,0.6369570498995966,0.8662522860383823,0.9389772437900781,0.07272495775169574,0.7847997349963274,0.9153216066056173,0.13052187160928996
lightgbm,3,21a031f6,stress,target_stress,True,True,lightgbm__fold_03__stress__21a031f6__weighted_aug__5d75fc9e3e49,5d75fc9e3e491bc49c52cff94d9a038543d02cf1bec2e720867e2f3a875fa844,personalized_model_predict_proba_high,fixed_probability_threshold_0.5,0.5,0.8101511280855606,363,119,482,56814786cf9381a8b0d89103c578b35ff0d03bc88d45b86cc7ccebdc35f987bc,0.9580757923003913,0.9846517119244391,0.026575919624047817,0.8815701721245455,0.964442320079233,0.08287214795468756,0.19643148891495832,0.07028264729022261,0.12614884162473572,0.678480530919009,0.23695348370625038,0.4415270472127586,0.8813343519225871,0.9154918165613353,0.034157464638748136,0.8104451785433381,0.8793735989307945,0.06892842038745639
xgboost,3,41e2010c,stress,target_stress,True,True,xgboost__fold_03__stress__41e2010c__weighted_aug__9e0c8e348d22,9e0c8e348d228244bcccd37491504ea5225f4623614410f8486353114b42d37e,personalized_model_predict_proba_high,fixed_probability_threshold_0.5,0.5,0.0392921687453053,46,102,148,ec6c9d5a2b1c730db4dae03fdc9ca4b0177f79d47aae83e0d4f8e7eaa8598c28,0.90153452685422,0.9262574595055414,0.024722932651321416,0.9541451123238314,0.9653911770627653,0.01124606473893397,0.32393410445896753,0.10666356132750739,0.21727054313146016,1.2410800665572783,0.3785443421170331,0.8625357244402452,0.8111679454390452,0.7907075873827791,-0.020460358056266115,0.781323877068558,0.811574074074074,0.03025019700551601
lightgbm,3,41e2010c,stress,target_stress,True,True,lightgbm__fold_03__stress__41e2010c__weighted_aug__bff17ef07515,bff17ef07515eebc4afc94d2be05c43b7e1bb9642984d1b33fb133bb6bc4d7ab,personalized_model_predict_proba_high,fixed_probability_threshold_0.5,0.5,0.0780124295724144,46,102,148,ec6c9d5a2b1c730db4dae03fdc9ca4b0177f79d47aae83e0d4f8e7eaa8598c28,0.9175191815856778,0.9271099744245526,0.009590792838874762,0.9639161797624866,0.9633105186423367,-0.0006056611201498141,0.33223447036450465,0.09036217550969859,0.24187229485480605,0.9842312981694703,0.3101945599566714,0.674036738212799,0.8552855924978687,0.8678601875532822,0.012574595055413473,0.8406399015536071,0.8722761596548004,0.031636258101193304
xgboost,3,5001d09a,stress,target_stress,True,True,xgboost__fold_03__stress__5001d09a__weighted_aug__6bcea085f339,6bcea085f33979bc1a56f516ea238f2379ebbf45dba516a75280a94a6b3c2abb,personalized_model_predict_proba_high,fixed_probability_threshold_0.5,0.5,0.4521960592828691,79,50,129,98f4bf5c6248bd80dcb8c3e6fb61910f3017492d2d44a2e9351db972efb42a12,0.9103797468354431,0.9336708860759494,0.023291139240506298,0.8949824696225344,0.9111765016160772,0.016194031993542857,0.13892892908564555,0.12072982808134056,0.018199101004304996,0.5377922902764695,0.4475970639176769,0.09019522635879257,0.771012658227848,0.8110126582278481,0.040000000000000036,0.7854767184035476,0.8255813953488372,0.04010467694528963
lightgbm,3,5001d09a,stress,target_stress,True,True,lightgbm__fold_03__stress__5001d09a__weighted_aug__49796f195f4b,49796f195f4b8ca895a1778f64e9f7d2a0f417e6180d7797ff0c9ee90eff663e,personalized_model_predict_proba_high,fixed_probability_threshold_0.5,0.5,0.3429114757351523,79,50,129,98f4bf5c6248bd80dcb8c3e6fb61910f3017492d2d44a2e9351db972efb42a12,0.90126582278481,0.9222784810126582,0.021012658227848147,0.8799349405626637,0.9074385873652949,0.027503646802631176,0.13388030999164013,0.11260569959188241,0.021274610399757726,0.43033253058327237,0.3809060884651457,0.04942644211812669,0.8020253164556963,0.8273417721518987,0.025316455696202445,0.8123015873015873,0.8430232558139534,0.03072166851236613
xgboost,3,50c02189,stress,target_stress,True,True,xgboost__fold_03__stress__50c02189__weighted_aug__22ec02840d90,22ec02840d90526b59e9cc9243fcdf3e12d155f7f119fc2bc1d97672e8e1f3ee,personalized_model_predict_proba_high,fixed_probability_threshold_0.5,0.5,0.8437617272138596,238,431,669,f60083067fd7d7752ef001ba0e7b1969a242bcfe78dac317e2510aa3b90a6522,0.7077151046033263,0.6883542280021057,-0.019360876601220656,0.8044890370840561,0.7616689413579945,-0.0428200957260616,0.23104547880115445,0.2991605356453446,-0.06811505684419017,0.8291746403563839,1.0800588043338735,-0.2508841639774896,0.6235547583302463,0.6102283140634444,-0.013326444266801962,0.6057154605263158,0.595952335570809,-0.009763124955506797
lightgbm,3,50c02189,stress,target_stress,True,True,lightgbm__fold_03__stress__50c02189__weighted_aug__e7727f1e265f,e7727f1e265fa16cc77daf434b553e7099483f72bc1ccc66cceb151c6ea9ce7b,personalized_model_predict_proba_high,fixed_probability_threshold_0.5,0.5,0.863023389608627,238,431,669,f60083067fd7d7752ef001ba0e7b1969a242bcfe78dac317e2510aa3b90a6522,0.6974399968804227,0.7364152157382674,0.03897521885784472,0.7970882859873583,0.8060114161847549,0.008923130197396656,0.22531979745567843,0.2254170353294851,-9.723787380666593e-05,0.6961185981333166,0.6704587147912595,0.025659883342057044,0.6179102731579871,0.6573534286104232,0.03944315545243615,0.6034325889164598,0.6486674043925953,0.045234815476135504
xgboost,3,b0700166,stress,target_stress,True,True,xgboost__fold_03__stress__b0700166__weighted_aug__d65463022798,d6546302279837fbd9b0f72f69be8739156358b90dbe043eb67813b535c7782d,personalized_model_predict_proba_high,fixed_probability_threshold_0.5,0.5,0.4660190294962376,84,298,382,ef975bcb69998f7b1fefc381428f3112c8bda50cdea3e047f7e3d6b7c39d5e85,0.8810722275487376,0.9069590923617769,0.025886864813039256,0.963883103007636,0.9712482450405507,0.007365142032914718,0.5245706520992403,0.5320702813058183,-0.007499629206578096,2.4843136995942743,2.461200664542378,0.023113035051896436,0.6258389261744967,0.6174496644295302,-0.008389261744966459,0.4159061456497741,0.40233860342555994,-0.013567542224214135
lightgbm,3,b0700166,stress,target_stress,True,True,lightgbm__fold_03__stress__b0700166__weighted_aug__a095d944cd6f,a095d944cd6f46309f86a37aaea066410e61d9313e6ee0e642f5b333ba63f15c,personalized_model_predict_proba_high,fixed_probability_threshold_0.5,0.5,0.4759323103296662,84,298,382,ef975bcb69998f7b1fefc381428f3112c8bda50cdea3e047f7e3d6b7c39d5e85,0.9020853307766059,0.919982422499201,0.017897091722595126,0.9711517467148233,0.9764279938642626,0.005276247149439306,0.4646657716246807,0.46660650217821636,-0.0019407305535356634,1.5262035169151018,1.5141581585993793,0.01204535831572251,0.6241610738255033,0.6157718120805369,-0.008389261744966459,0.41321044546850993,0.39959780094578545,-0.013612644522724482
xgboost,3,d0724095,stress,target_stress,True,True,xgboost__fold_03__stress__d0724095__weighted_aug__f3661cc497cf,f3661cc497cfcd44d65fdba8f90409ca1f7e6c6697fb62e627e468b6ece9a9d8,personalized_model_predict_proba_high,fixed_probability_threshold_0.5,0.5,0.5886195972561836,251,55,306,83c9ed49eeec9c5aba8050ec4980a007f7bcc04892b378fc886f46cc768a4ab8,0.8210793190872872,0.8415791379934807,0.020499818906193568,0.6266909708440617,0.702097101083388,0.0754061302393263,0.28785166672893897,0.22972503190346563,0.05812663482547334,0.9715706470846919,0.7500394332811164,0.22153121380357543,0.7280695400217312,0.7235784136182543,-0.0044911264034769305,0.6009659502535619,0.624635829286992,0.023669879033430097
lightgbm,3,d0724095,stress,target_stress,True,True,lightgbm__fold_03__stress__d0724095__weighted_aug__02aab1a0c7b1,02aab1a0c7b1bbc369482c90a8de3667ef6580c00473344b4e41b579c13575a2,personalized_model_predict_proba_high,fixed_probability_threshold_0.5,0.5,0.5973145842818652,251,55,306,83c9ed49eeec9c5aba8050ec4980a007f7bcc04892b378fc886f46cc768a4ab8,0.7972473741398043,0.8480260775081492,0.05077870336834489,0.5584959169347451,0.6460640931486018,0.08756817621385671,0.3056936693920268,0.2479817210869621,0.05771194830506471,0.8898481273345236,0.7386137875549522,0.15123433977957135,0.7141253169141615,0.7090184715682724,-0.005106845345889122,0.5822004820307027,0.5829068822038357,0.0007064001731329483
xgboost,4,01c2a0d8,attention,target_attention,True,True,xgboost__fold_04__attention__01c2a0d8__weighted_aug__f3157c1a8beb,f3157c1a8beb031e55af964f0961cb297ece41fd26a80f5d75b8fe1d2c2255db,personalized_model_predict_proba_high,fixed_probability_threshold_0.5,0.5,0.8106889426708221,129,105,234,aa0d35b5066706ad664a3f547732f314d9c63fbc8cd3ca6d185f40b2d1b00c0d,0.8764119601328904,0.8785529715762274,0.002141011443337004,0.8509137626541431,0.8627363111801634,0.011822548526020271,0.18631521709815377,0.1753338981550967,0.010981318943057067,0.7022889246519269,0.6192732273382111,0.08301569731371583,0.7703211517165005,0.7842746400885936,0.013953488372093092,0.7681467889908258,0.7777128242601388,0.009566035269312989
lightgbm,4,01c2a0d8,attention,target_attention,True,True,lightgbm__fold_04__attention__01c2a0d8__weighted_aug__b55f057d0b3d,b55f057d0b3de2a3dbe384ddbae82bef700e7dfbf65e4d2b4cb17a804d857cff,personalized_model_predict_proba_high,fixed_probability_threshold_0.5,0.5,0.7856837138465009,129,105,234,aa0d35b5066706ad664a3f547732f314d9c63fbc8cd3ca6d185f40b2d1b00c0d,0.893687707641196,0.8921373200442968,-0.0015503875968991832,0.8793242127012372,0.8721690798776601,-0.007155132823577048,0.16307539078890235,0.14410382672924052,0.018971564059661827,0.48606343686679593,0.44048743554927045,0.04557600131752548,0.8099667774086379,0.8054263565891473,-0.004540420819490576,0.8099667774086379,0.7990535528311195,-0.010913224577518421
xgboost,4,30908049,attention,target_attention,True,True,xgboost__fold_04__attention__30908049__weighted_aug__a7805e99bff7,a7805e99bff77b0bb1f427dd28aadc833cd72ce240b2d1be1220693eefc358de,personalized_model_predict_proba_high,fixed_probability_threshold_0.5,0.5,0.7254329323768616,182,95,277,a98f3daa6cfe4a1080c3d8e31249fc53c73e2c84c5dab3e58e906a150b305f0d,0.6895315211104686,0.8114517061885483,0.12192018507807978,0.5603564642087326,0.7216936108186771,0.16133714660994447,0.2575578274782465,0.19334216381364638,0.06421566366460013,0.8212354465387208,0.601724028688247,0.2195114178504738,0.6406882591093117,0.7278484673221515,0.08716020821283976,0.6450056539766302,0.706854444806252,0.0618487908296218
lightgbm,4,30908049,attention,target_attention,True,True,lightgbm__fold_04__attention__30908049__weighted_aug__14a155545b28,14a155545b28801f21abf44b11edb660e2fd7b6abe6aa6af8e66897c8101bafa,personalized_model_predict_proba_high,fixed_probability_threshold_0.5,0.5,0.7379303047497432,182,95,277,a98f3daa6cfe4a1080c3d8e31249fc53c73e2c84c5dab3e58e906a150b305f0d,0.6726431463273568,0.8300751879699249,0.15743204164256808,0.5445631701954803,0.7353028855215193,0.19073971532603906,0.26055911712069335,0.15804931319985172,0.10250980392084164,0.7343551180835124,0.4853994616730721,0.24895565641044032,0.6168883747831116,0.7862348178137653,0.1693464430306536,0.620571045902837,0.784789364640884,0.16421831873804704
xgboost,4,40009139,attention,target_attention,True,True,xgboost__fold_04__attention__40009139__weighted_aug__332dfc5ded48,332dfc5ded48cd95153b2fe5dbbd0fcfa61c97b418ef942d368770a6958e0efc,personalized_model_predict_proba_high,fixed_probability_threshold_0.5,0.5,0.0122625079602585,42,89,131,9c374c282bbdf5979ec2317011acdc3a5779617957414e5e13ff0ef90451a6aa,0.6832530765115035,0.7442482611021938,0.06099518459069031,0.8349276973046116,0.8618704250510145,0.02694272774640294,0.4080310056416479,0.3076069478050007,0.10042405783664721,2.1415452485255884,1.154465331698589,0.9870799168269995,0.5870786516853932,0.6380417335473516,0.050963081861958415,0.5812020460358056,0.6013960980848398,0.02019405204903424
lightgbm,4,40009139,attention,target_attention,True,True,lightgbm__fold_04__attention__40009139__weighted_aug__88a6f92ec7f3,88a6f92ec7f3eb50abcce61aae70ec8510ba1f52dca97a6bf7ceb87d900b9c97,personalized_model_predict_proba_high,fixed_probability_threshold_0.5,0.5,0.0558568314553349,42,89,131,9c374c282bbdf5979ec2317011acdc3a5779617957414e5e13ff0ef90451a6aa,0.7081326912787587,0.7514713750668807,0.043338683788122,0.8531614265401116,0.8711511928223041,0.01798976628219251,0.34067735949472333,0.26539651486729354,0.07528084462742979,1.1060874941555343,0.7781013619255724,0.32798613222996187,0.6194489031567684,0.6324237560192616,0.012974852862493225,0.6221153846153846,0.5945238095238095,-0.02759157509157517
xgboost,4,7092f07b,attention,target_attention,True,True,xgboost__fold_04__attention__7092f07b__weighted_aug__7f32e6630dbb,7f32e6630dbb7991b706b55752c93a2fd7bed55c97a188f1a3f49c3dc82c9f30,personalized_model_predict_proba_high,fixed_probability_threshold_0.5,0.5,0.0004912554031761,34,196,230,017ddacdff799be68f3254e0aa3565a1cfad6c14c7850cfec281e82f0aa2f9eb,0.901110444177671,0.9710384153661464,0.06992797118847538,0.9817905083863463,0.9950601306338516,0.013269622247505275,0.7112890591486941,0.3696867232059674,0.3416023359427267,3.7325116379446865,1.476879654760299,2.2556319831843874,0.721938775510204,0.7346938775510204,0.012755102040816424,0.7390176689901118,0.5171188630490956,-0.2218988059410162
lightgbm,4,7092f07b,attention,target_attention,True,True,lightgbm__fold_04__attention__7092f07b__weighted_aug__24ab73a17aae,24ab73a17aaeed6053780896918a4509b6e0c158957edd7eb182ca3c90bfafcf,personalized_model_predict_proba_high,fixed_probability_threshold_0.5,0.5,0.0118210824715632,34,196,230,017ddacdff799be68f3254e0aa3565a1cfad6c14c7850cfec281e82f0aa2f9eb,0.884903961584634,0.973139255702281,0.08823529411764697,0.9790526201612098,0.9952865336761123,0.016233913514902554,0.6438275114612187,0.33450992818022446,0.3093175832809943,2.277880124627675,1.06165835356129,1.216221771066385,0.695078031212485,0.7423469387755102,0.04726890756302515,0.718077687138087,0.5276439130523191,-0.1904337740857679
xgboost,4,8030618f,attention,target_attention,True,True,xgboost__fold_04__attention__8030618f__weighted_aug__9d60ce33fbad,9d60ce33fbad7ca8a9813897f40efda68bf0ec8c21af85fe7aa76470b0d15dfe,personalized_model_predict_proba_high,fixed_probability_threshold_0.5,0.5,0.3812140524387359,130,76,206,a0fc97f917cb0d9a9d56b34554d3c265f479e0cb5d73e10e98be1a9d1bdc57ea,0.8683198380566801,0.9474696356275304,0.07914979757085028,0.7994616044103956,0.9236194981260804,0.12415789371568475,0.14772456184848254,0.10490231500501022,0.042822246843472314,0.48665924958990875,0.34812030922088166,0.13853894036902709,0.8007085020242914,0.8616396761133603,0.060931174089068896,0.7811262436008886,0.8444980154381864,0.06337177183729781
lightgbm,4,8030618f,attention,target_attention,True,True,lightgbm__fold_04__attention__8030618f__weighted_aug__c5e77b77aa65,c5e77b77aa653c8a1d79c07562312136caaf99173b194aca6fc0f1ed06997291,personalized_model_predict_proba_high,fixed_probability_threshold_0.5,0.5,0.4236496071411312,130,76,206,a0fc97f917cb0d9a9d56b34554d3c265f479e0cb5d73e10e98be1a9d1bdc57ea,0.8958502024291498,0.9474696356275303,0.05161943319838047,0.8399864212461916,0.9236635845425868,0.08367716329639519,0.1276501895339183,0.0996677626350129,0.0279824268989054,0.4076533206889187,0.3261381154975356,0.08151520519138311,0.8149797570850202,0.879757085020243,0.06477732793522273,0.7957288315960045,0.86405963583038,0.06833080423437554
xgboost,4,a1b210fc,attention,target_attention,True,True,xgboost__fold_04__attention__a1b210fc__weighted_aug__9ebd61cf65ad,9ebd61cf65adb09eed6886be1019eeac248b6ab3c3de7f753ddb79916c10c21d,personalized_model_predict_proba_high,fixed_probability_threshold_0.5,0.5,0.0700808875808434,68,216,284,35503ba14b58aebf968bb70defbd829a8235bdc13ab5d51552797abb9d0bea9f,0.8842592592592593,0.9257216775599127,0.04146241830065345,0.9620975217541755,0.9762408314665468,0.014143309712371321,0.2660450086842289,0.10373203026342506,0.16231297842080386,0.9349921054459401,0.35058302990182505,0.5844090755441151,0.7862200435729847,0.8419117647058824,0.055691721132897665,0.7679998718585319,0.8188197767145136,0.050819904855981646
lightgbm,4,a1b210fc,attention,target_attention,True,True,lightgbm__fold_04__attention__a1b210fc__weighted_aug__6cb48ce97559,6cb48ce975593248738f0a35b848d3e97f13c3ef23eed3bf1fc8135595fb5350,personalized_model_predict_proba_high,fixed_probability_threshold_0.5,0.5,0.1802012280473756,68,216,284,35503ba14b58aebf968bb70defbd829a8235bdc13ab5d51552797abb9d0bea9f,0.9225217864923746,0.9379084967320261,0.015386710239651546,0.9754721393299124,0.9804000604093067,0.004927921079394326,0.1910025755553574,0.09659927319903652,0.09440330235632088,0.5713515681482986,0.3292556641254162,0.2420959040228824,0.8364651416122004,0.8709150326797386,0.03444989106753815,0.8232442348008386,0.8459968102073365,0.022752575406497888
xgboost,4,b112005d,attention,target_attention,True,True,xgboost__fold_04__attention__b112005d__weighted_aug__d9013e7c3b03,d9013e7c3b0327ff5dbfcb39fd3220071dbbd88013dd1365eaa210864a1e844d,personalized_model_predict_proba_high,fixed_probability_threshold_0.5,0.5,0.4825522215105593,228,188,416,b5fd3c35d5df54505044fbd8f60860fe1b6fd89a49f6aab7bd2a42bc33e26938,0.8551465098917507,0.8772629712579321,0.022116461366181395,0.7910811633725924,0.826185788803463,0.03510462543087067,0.23256345990536179,0.2988551509757676,-0.0662916910704058,0.8076857683278313,1.343322010021685,-0.5356362416938536,0.6790780141843972,0.6207540126913027,-0.05832400149309447,0.671815752640285,0.586389748121962,-0.08542600451832305
lightgbm,4,b112005d,attention,target_attention,True,True,lightgbm__fold_04__attention__b112005d__weighted_aug__2abf61980f8f,2abf61980f8fe1d5b77f4e71c738df4b670ab292d584c06801cfd26ba1e56160,personalized_model_predict_proba_high,fixed_probability_threshold_0.5,0.5,0.463286403741407,228,188,416,b5fd3c35d5df54505044fbd8f60860fe1b6fd89a49f6aab7bd2a42bc33e26938,0.8240481522956327,0.8751166480029862,0.0510684957073535,0.7551633998258558,0.8262037198580854,0.0710403200322296,0.2111578975677087,0.2580077215043073,-0.04684982393659859,0.604303973981948,0.8058384142618942,-0.20153444027994616,0.6548152295632699,0.6176278462112729,-0.037187383351997005,0.6453492810790177,0.5805722629767409,-0.06477701810227676
xgboost,4,b1c2f044,attention,target_attention,False,False,,,frozen_zero_shot_probability,frozen_1800s_median_midpoint_policy,0.0168011187433876,0.0168011187433876,86,170,256,a531c6b2007dca49f5a36f67389a6bf43e494c738da7a150d17aa42a9b2139f4,0.9290013679890561,0.9290013679890561,0.0,0.9555365357518693,0.9555365357518693,0.0,0.398344223071123,0.398344223071123,0.0,1.6095837435531672,1.6095837435531672,0.0,0.850547195622435,0.850547195622435,0.0,0.8232697031483295,0.8232697031483295,0.0
lightgbm,4,b1c2f044,attention,target_attention,False,False,,,frozen_zero_shot_probability,frozen_1800s_median_midpoint_policy,0.0906587110093065,0.0906587110093065,86,170,256,a531c6b2007dca49f5a36f67389a6bf43e494c738da7a150d17aa42a9b2139f4,0.9304377564979481,0.9304377564979481,0.0,0.9659551093607854,0.9659551093607854,0.0,0.33180228594009775,0.33180228594009775,0.0,1.0308265612584981,1.0308265612584981,0.0,0.8564295485636115,0.8564295485636115,0.0,0.8308597212150513,0.8308597212150513,0.0
xgboost,4,d151b0c4,attention,target_attention,True,True,xgboost__fold_04__attention__d151b0c4__weighted_aug__a055a53eea9e,a055a53eea9e3abc9857682c3b89c9a7f5a30e2250ca22d00bc1b44e4cf94452,personalized_model_predict_proba_high,fixed_probability_threshold_0.5,0.5,0.4337055063806474,190,183,373,b4607bad16d4987bcd82328bea9113fc9c59cda74709dfcc9fa1b31586b7fa0b,0.8125395455852747,0.8011216566005177,-0.01141788898475704,0.7993888432245138,0.8035131334317125,0.004124290207198733,0.281060286820367,0.31024053911848004,-0.029180252298113052,1.115758104254406,1.4412452977390806,-0.3254871934846746,0.6459160195570894,0.6235547886108714,-0.022361230946218003,0.6148652941924005,0.5761363636363637,-0.03872893055603688
lightgbm,4,d151b0c4,attention,target_attention,True,True,lightgbm__fold_04__attention__d151b0c4__weighted_aug__3daeeb830022,3daeeb8300220638d66adde244b1472bebfe9a8d6da3b672565cbc7d2d49fcea,personalized_model_predict_proba_high,fixed_probability_threshold_0.5,0.5,0.447218707176432,190,183,373,b4607bad16d4987bcd82328bea9113fc9c59cda74709dfcc9fa1b31586b7fa0b,0.8046591889559966,0.8018694276675293,-0.0027897612884673073,0.8046944847927215,0.8055009096323733,0.0008064248396517648,0.24090923062641834,0.26379131786467286,-0.022882087238254523,0.7413673716277938,0.8594822508015009,-0.11811487917370711,0.6702041990221455,0.6482456140350877,-0.021958584987057717,0.643456965675238,0.6127248581431848,-0.030732107532053243
xgboost,4,f1a0c120,attention,target_attention,True,True,xgboost__fold_04__attention__f1a0c120__weighted_aug__59835470db1b,59835470db1b16552e5affc51ddd121573e7c9112073f33cfd8ed411feb0807f,personalized_model_predict_proba_high,fixed_probability_threshold_0.5,0.5,0.3594609326682985,123,63,186,f8375dd054790fb62ac5d8b681f159e3598a55f5735c0a3897a53301c3bc373b,0.9229578010065814,0.9380565234223771,0.015098722415795685,0.8888568460245384,0.9091949152571535,0.020338069232615053,0.16112620022757346,0.19630777423642587,-0.03518157400885241,0.5733175610413035,0.9265805288051208,-0.35326296776381727,0.7340301974448316,0.6666666666666666,-0.06736353077816493,0.7579978570335222,0.6770833333333333,-0.08091452370018892
lightgbm,4,f1a0c120,attention,target_attention,True,True,lightgbm__fold_04__attention__f1a0c120__weighted_aug__0e18377b9b98,0e18377b9b989ab3500343c13cd9f5fbc9a572f131343655fb06718439eeee55,personalized_model_predict_proba_high,fixed_probability_threshold_0.5,0.5,0.3386105213766927,123,63,186,f8375dd054790fb62ac5d8b681f159e3598a55f5735c0a3897a53301c3bc373b,0.9376693766937669,0.939476061427281,0.0018066847335140857,0.9065144953539335,0.9182968184385107,0.011782323084577273,0.15029931310491604,0.17918918748235735,-0.02888987437744131,0.4596468531266546,0.5880459685617678,-0.12839911543511323,0.7857142857142857,0.6746031746031746,-0.11111111111111105,0.8141858141858143,0.6873949579831933,-0.12679085620262098
xgboost,4,01c2a0d8,engagement,target_engagement,True,True,xgboost__fold_04__engagement__01c2a0d8__weighted_aug__74318bc4ce5c,74318bc4ce5cfd194786991232e756c222f8e1d280e7dbac392bf363699fd589,personalized_model_predict_proba_high,fixed_probability_threshold_0.5,0.5,0.8952232301235199,218,44,262,4af947be5370fcfb0b0ee503d128919382d3d108a0a9c2e8cf786f18bcf55886,0.7799207673060884,0.8238115095913261,0.043890742285237705,0.3820678253051881,0.43328568642329385,0.05121786111810572,0.3477816653237716,0.23461495298140977,0.11316671234236181,1.4142343566629914,1.0037682431056145,0.41046611355737683,0.7077773144286905,0.7643869891576314,0.05660967472894085,0.626192085304498,0.638115219861876,0.011923134557378035
lightgbm,4,01c2a0d8,engagement,target_engagement,True,True,lightgbm__fold_04__engagement__01c2a0d8__weighted_aug__8570cdb456b7,8570cdb456b788d5a7546339841aa18869fc75e95595cc037c2b8da68581984a,personalized_model_predict_proba_high,fixed_probability_threshold_0.5,0.5,0.8571844798620041,218,44,262,4af947be5370fcfb0b0ee503d128919382d3d108a0a9c2e8cf786f18bcf55886,0.8089032527105923,0.8435154295246039,0.03461217681401163,0.4564817349929898,0.5342582408917222,0.07777650589873247,0.28383829049911535,0.2340421858908367,0.04979610460827866,0.9023990719943739,0.7233246082331944,0.17907446376117941,0.6808798999165973,0.759695579649708,0.07881567973311077,0.6412494651262302,0.621535271825026,-0.019714193301204164
xgboost,4,30908049,engagement,target_engagement,True,True,xgboost__fold_04__engagement__30908049__weighted_aug__ad09602bf78e,ad09602bf78ef8d35d2b533b350952749a54dba77f67dae3754f3cd9ce0f4dc5,personalized_model_predict_proba_high,fixed_probability_threshold_0.5,0.5,0.0200567053107079,167,183,350,3e392d28dfa253fd64d771e858c3ac39a499bd3914353036b4116bd2a0d30b10,0.839926703969111,0.8725172605608456,0.0325905565917346,0.8244800461093136,0.8633336654931616,0.038853619383848015,0.394370114435657,0.30169797812173516,0.09267213631392185,1.8900428237455744,1.1939339240885054,0.696108899657069,0.6841889990510781,0.6375118615228559,-0.04667713752822222,0.6721950087442292,0.5878532686268912,-0.08434174011733797
lightgbm,4,30908049,engagement,target_engagement,True,True,lightgbm__fold_04__engagement__30908049__weighted_aug__9b59805b36ce,9b59805b36ced95507dd2437c843b88347a936e3e983b6cf22f46317c9f4f79d,personalized_model_predict_proba_high,fixed_probability_threshold_0.5,0.5,0.0967512590189973,167,183,350,3e392d28dfa253fd64d771e858c3ac39a499bd3914353036b4116bd2a0d30b10,0.8472235856156539,0.8761493406629364,0.028925755047282453,0.832227364031859,0.8635049964797888,0.031277632447929804,0.3354237132445838,0.2691453836516683,0.06627832959291552,1.087445407289983,0.8302326715000714,0.25721273578991166,0.7224403651712967,0.6377736330617454,-0.08466673210955133,0.7151875323650532,0.5863328677339636,-0.12885466463108952
xgboost,4,40009139,engagement,target_engagement,True,True,xgboost__fold_04__engagement__40009139__weighted_aug__f890e9fe81da,f890e9fe81dae9511a95a61d428b980444538c48a29c255ec59c533018f0eb49,personalized_model_predict_proba_high,fixed_probability_threshold_0.5,0.5,0.5785911865532398,64,104,168,1927cef6a89f14267c555a8dfd74d66d883500c754f9bd16d457c48fcd8514ac,0.9576322115384616,0.9657451923076923,0.008112980769230727,0.9750169635662633,0.9802393706927102,0.0052224071264468375,0.08707306407286362,0.0779210402501471,0.009152023822716529,0.27551004404731944,0.24220623059629723,0.03330381345102221,0.8888221153846154,0.8707932692307692,-0.018028846153846256,0.8770311813790075,0.873015873015873,-0.004015308363134462
lightgbm,4,40009139,engagement,target_engagement,True,True,lightgbm__fold_04__engagement__40009139__weighted_aug__83982c63607f,83982c63607f6a519e8dd3fb4faa19218b42f8a2f35a58f479447457b3dc9ecc,personalized_model_predict_proba_high,fixed_probability_threshold_0.5,0.5,0.5468576867622275,64,104,168,1927cef6a89f14267c555a8dfd74d66d883500c754f9bd16d457c48fcd8514ac,0.9615384615384615,0.9619891826923077,0.00045072115384625633,0.9771824486773508,0.9766242637807099,-0.0005581848966409453,0.09077263621895414,0.08615027103556841,0.0046223651833857266,0.2919078731835726,0.27388415437534613,0.018023718808226452,0.8725961538461539,0.8683894230769231,-0.0042067307692307265,0.8541666666666667,0.8582694494369658,0.004102782770299074
xgboost,4,7092f07b,engagement,target_engagement,True,True,xgboost__fold_04__engagement__7092f07b__weighted_aug__6627ae05f8cc,6627ae05f8cceb31284781ec8fa474aef2dc919842809418704991eb6e6a973f,personalized_model_predict_proba_high,fixed_probability_threshold_0.5,0.5,0.6706904470920563,153,46,199,f5870359c2361845fb6452e4390fe85aa53e82bc81d65a523b27eb8add6d5fdb,0.9781187837453822,0.9806763285024156,0.002557544757033403,0.9363020523957364,0.9524988221889554,0.016196769793219046,0.26948947969205833,0.14579680367021544,0.12369267602184289,0.9421869955089593,0.497556000502426,0.44463099500653336,0.8137254901960784,0.8682154021028701,0.054489911906791644,0.6942670008894639,0.7811921296296296,0.08692512874016567
lightgbm,4,7092f07b,engagement,target_engagement,True,True,lightgbm__fold_04__engagement__7092f07b__weighted_aug__131fd6947f1f,131fd6947f1fdf9e7d670710d5a312b29e692da88e7256f3dbdfe6ed6bf5bd01,personalized_model_predict_proba_high,fixed_probability_threshold_0.5,0.5,0.6959252036310948,153,46,199,f5870359c2361845fb6452e4390fe85aa53e82bc81d65a523b27eb8add6d5fdb,0.9644785450412048,0.9819551008809322,0.017476555839727403,0.909355832322495,0.9542485170147614,0.04489268469226648,0.22091351850823118,0.11684889426997438,0.1040646242382568,0.6634308621323186,0.3649750595114883,0.2984558026208303,0.8442739414606422,0.8878232452401251,0.04354930377948296,0.7553535180261315,0.8108814445236399,0.05552792649750837
xgboost,4,8030618f,engagement,target_engagement,True,True,xgboost__fold_04__engagement__8030618f__weighted_aug__1a544da27aa3,1a544da27aa39ff449f87d68de33420000a7a348497bef6be64c888ccdfa4a60,personalized_model_predict_proba_high,fixed_probability_threshold_0.5,0.5,0.9167602956295012,165,17,182,7f942bb4421a8a1df4b0df11ee43bc50e11c204c21af00ba2e149accce5c20d9,0.7497326203208556,0.8267379679144385,0.0770053475935829,0.3674441227290047,0.32643658785094926,-0.04100753487805542,0.33303930143011884,0.19393750028380505,0.1391018011463138,1.0875251104110768,0.6598478391660183,0.4276772712450585,0.65650623885918,0.725668449197861,0.06916221033868097,0.6009522019670488,0.5888093063500457,-0.012142895617003102
lightgbm,4,8030618f,engagement,target_engagement,True,True,lightgbm__fold_04__engagement__8030618f__weighted_aug__7c5d22382536,7c5d223825363c2df1882c93e2a0923e41168788ed7b77418cb752896bf4437d,personalized_model_predict_proba_high,fixed_probability_threshold_0.5,0.5,0.8852214502023776,165,17,182,7f942bb4421a8a1df4b0df11ee43bc50e11c204c21af00ba2e149accce5c20d9,0.7283422459893049,0.8049910873440285,0.0766488413547236,0.34021752552164725,0.40221674488806736,0.06199921936642011,0.3159242356248675,0.1835169122216819,0.1324073234031856,0.8921549930293908,0.5495589559550527,0.34259603707433817,0.6401069518716578,0.7581105169340463,0.11800356506238852,0.6364741641337386,0.6063067826755757,-0.03016738145816289
xgboost,4,a1b210fc,engagement,target_engagement,True,True,xgboost__fold_04__engagement__a1b210fc__weighted_aug__2f2f894f9891,2f2f894f989100ab7d8eff68705109d606ecb3933ed2c1da59813d0b71a16689,personalized_model_predict_proba_high,fixed_probability_threshold_0.5,0.5,0.7116975784301758,155,124,279,812fd4be251238ffd4c7f92d17c6f773aa9995b00c1657b078823d0cb84b8c3f,0.9376170655567118,0.9388657648283039,0.001248699271592102,0.9056006111956133,0.9062513075879788,0.0006506963923654796,0.09860976357338444,0.09520238927030411,0.0034073743030803294,0.3132799106142921,0.3325099938247608,-0.019230083210468707,0.8185483870967742,0.8879032258064516,0.0693548387096774,0.8224814422057264,0.8815012162631761,0.059019774057449736
lightgbm,4,a1b210fc,engagement,target_engagement,True,True,lightgbm__fold_04__engagement__a1b210fc__weighted_aug__4dab73faf855,4dab73faf8555859bf77df0641acfb36871d3c57db9472b13c24fb01507b67be,personalized_model_predict_proba_high,fixed_probability_threshold_0.5,0.5,0.6407514470587774,155,124,279,812fd4be251238ffd4c7f92d17c6f773aa9995b00c1657b078823d0cb84b8c3f,0.9204474505723205,0.9235691987513007,0.003121748178980255,0.8816335993757267,0.8799736295580989,-0.0016599698176278377,0.11064971856201371,0.11099044168943768,-0.00034072312742397526,0.3451442400487253,0.34321540703449627,0.0019288330142290255,0.782258064516129,0.8580645161290323,0.07580645161290334,0.786470991044215,0.8583516669487223,0.07188067590450731
xgboost,4,b112005d,engagement,target_engagement,True,True,xgboost__fold_04__engagement__b112005d__weighted_aug__91f5bcdeea74,91f5bcdeea74ef78e4085cf4530aba7f484b6811eee686a7353164bc4e79e6e3,personalized_model_predict_proba_high,fixed_probability_threshold_0.5,0.5,0.8029027134180069,199,103,302,2110ede6d407c6b646d7a357ab7ad861d5f43c601222fe3ae7660c7894b4e6c5,0.8225106113089721,0.8905205639849735,0.0680099526760014,0.7236078253011867,0.7862868539793875,0.06267902867820074,0.42521602508077366,0.24067620181605287,0.1845398232647208,1.8096645794721844,0.8556855954210562,0.9539789840511282,0.6470946967848954,0.7444016197492316,0.09730692296433618,0.5574628427883609,0.6753685503685504,0.11790570758018948
lightgbm,4,b112005d,engagement,target_engagement,True,True,lightgbm__fold_04__engagement__b112005d__weighted_aug__e77f05330d6b,e77f05330d6bd511a0fc31f7ff8d4f03bc570420aa9f70ac16a5d82ecba6534f,personalized_model_predict_proba_high,fixed_probability_threshold_0.5,0.5,0.6954107929124589,199,103,302,2110ede6d407c6b646d7a357ab7ad861d5f43c601222fe3ae7660c7894b4e6c5,0.8305605698394887,0.9149631653412694,0.08440259550178075,0.7419643145947741,0.841874565642955,0.09991025104818096,0.3571571713166767,0.1803818107109596,0.17677536060571708,1.1153623456176727,0.5476107059454831,0.5677516396721896,0.6722203249255989,0.7923110699126701,0.12009074498707117,0.592174170811238,0.7394824153948242,0.14730824458358616
xgboost,4,b1c2f044,engagement,target_engagement,True,True,xgboost__fold_04__engagement__b1c2f044__weighted_aug__07c96301a197,07c96301a1977156d39e71d73de7239d2e487e3858a561e0eb861e8be675e72e,personalized_model_predict_proba_high,fixed_probability_threshold_0.5,0.5,0.4719574418268166,228,69,297,0346616ff7480d6a16abbdb107b2eeea8c02b778841e12db21ac727452f1437e,0.9462878210017798,0.9265827612509534,-0.01970505975082637,0.8314252445638614,0.7864432783971105,-0.044981966166750875,0.12345283823657595,0.1271513064742359,-0.0036984682376599437,0.4847144393626141,0.7295021938770871,-0.24478775451447304,0.7266399694889397,0.7136727688787186,-0.012967200610221163,0.7579282750444576,0.751270815074496,-0.006657459969961588
lightgbm,4,b1c2f044,engagement,target_engagement,True,True,lightgbm__fold_04__engagement__b1c2f044__weighted_aug__72b63c729085,72b63c7290850047ea1f992b9f4ff8e39b7d0a6af410405c14b990f231ed7f46,personalized_model_predict_proba_high,fixed_probability_threshold_0.5,0.5,0.4602317307313556,228,69,297,0346616ff7480d6a16abbdb107b2eeea8c02b778841e12db21ac727452f1437e,0.9340198321891685,0.9238494787693873,-0.01017035341978123,0.8073513180306032,0.7932434428685795,-0.01410787516202372,0.11811045903833527,0.12479827281343028,-0.006687813775095017,0.4247375812526224,0.47896498058989245,-0.054227399337270055,0.7187261632341724,0.7013729977116705,-0.01735316552250188,0.7549175766182425,0.7395982783357244,-0.015319298282518101
xgboost,4,d151b0c4,engagement,target_engagement,True,True,xgboost__fold_04__engagement__d151b0c4__weighted_aug__c48730c43945,c48730c43945d63de32c4970876ced96f832798fe735a8ec97157e4b1ba31887,personalized_model_predict_proba_high,fixed_probability_threshold_0.5,0.5,0.7472219169139862,244,102,346,4af35eed8938fe4be8389c05c8a93ec4de4704ecf1d51eded50d61df66bf20b8,0.8674863387978142,0.8833574413371905,0.01587110253937629,0.7581694189440572,0.7785377731729122,0.020368354228854968,0.1443169403310058,0.12810095280832964,0.016215987522676167,0.45561446503152997,0.42830139567437386,0.027313069357156106,0.7551832208293153,0.7682015429122468,0.013018322082931522,0.7718048242531705,0.7750812567713976,0.003276432518227068
lightgbm,4,d151b0c4,engagement,target_engagement,True,True,lightgbm__fold_04__engagement__d151b0c4__weighted_aug__c6aec9fec26b,c6aec9fec26b020d81f93fa48ad4a119d47080fbf59b7d8bde238922b771e77d,personalized_model_predict_proba_high,fixed_probability_threshold_0.5,0.5,0.7037812245405464,244,102,346,4af35eed8938fe4be8389c05c8a93ec4de4704ecf1d51eded50d61df66bf20b8,0.8776518804243009,0.8816297010607522,0.003977820636451357,0.7649165674307525,0.7609550436089197,-0.003961523821832791,0.14496920602060553,0.12279882337482355,0.022170382645781986,0.436644189461205,0.3903669782942565,0.046277211166948495,0.7428881388621023,0.7808582449373191,0.03797010607521689,0.7545189813098957,0.7848675425810594,0.0303485612711637
xgboost,4,f1a0c120,engagement,target_engagement,False,False,,,frozen_zero_shot_probability,frozen_1800s_median_midpoint_policy,0.9897081851959229,0.9897081851959229,51,251,302,1e44ece8c5ecd1db966d4efa3fff9e74efcb04575870c27ee606f2ee3fe3cf57,0.7318178267322866,0.7318178267322866,0.0,0.933461074176366,0.933461074176366,0.0,0.14761882108320776,0.14761882108320776,0.0,0.5758032057287376,0.5758032057287376,0.0,0.6569408639950004,0.6569408639950004,0.0,0.5197465176062653,0.5197465176062653,0.0
lightgbm,4,f1a0c120,engagement,target_engagement,False,False,,,frozen_zero_shot_probability,frozen_1800s_median_midpoint_policy,0.943834114499607,0.943834114499607,51,251,302,1e44ece8c5ecd1db966d4efa3fff9e74efcb04575870c27ee606f2ee3fe3cf57,0.5687836887743145,0.5687836887743145,0.0,0.8720052059099209,0.8720052059099209,0.0,0.1551637914983313,0.1551637914983313,0.0,0.5015797900870386,0.5015797900870386,0.0,0.5746426060464026,0.5746426060464026,0.0,0.36750440917107585,0.36750440917107585,0.0
xgboost,4,01c2a0d8,excitement,target_excitement,True,True,xgboost__fold_04__excitement__01c2a0d8__weighted_aug__ae4354e9eb72,ae4354e9eb7202aff47355cb3fd4134e771e0b3f854aedc568d5ef7ead89d9b3,personalized_model_predict_proba_high,fixed_probability_threshold_0.5,0.5,0.500844617956318,106,137,243,6cd7a72869784ddf8c9cb708a5c18dfdefd93e6e600bd2b4d77b35e8be6efbb9,0.9517284120644539,0.9405729238396916,-0.011155488224762311,0.96998989772016,0.9645836859753616,-0.005406211744798384,0.12806022577074702,0.13191347595942296,-0.0038532501886759385,0.6123915438045252,0.6396992861937127,-0.02730774238918754,0.8711954276270486,0.8617614653628977,-0.009433962264150941,0.8559573206876111,0.8477366255144033,-0.008220695173207782
lightgbm,4,01c2a0d8,excitement,target_excitement,True,True,lightgbm__fold_04__excitement__01c2a0d8__weighted_aug__bc4ab952155f,bc4ab952155fb29a56d40a80d02be33857c65446ca7f359517b6c793eb216027,personalized_model_predict_proba_high,fixed_probability_threshold_0.5,0.5,0.5101682768177985,106,137,243,6cd7a72869784ddf8c9cb708a5c18dfdefd93e6e600bd2b4d77b35e8be6efbb9,0.9592342652527199,0.9565486847541661,-0.00268558049855383,0.9728952123948437,0.9712078254772241,-0.0016873869176196044,0.11164839230578455,0.11738193645429354,-0.00573354414850899,0.40349552487029544,0.4111836840485965,-0.007688159178301068,0.8664784464949731,0.8602465225175595,-0.006231923977413567,0.8518493429074652,0.8435551640010843,-0.008294178906380845
xgboost,4,30908049,excitement,target_excitement,True,True,xgboost__fold_04__excitement__30908049__weighted_aug__bfb3ef0704c2,bfb3ef0704c28c335a39da015415c276bb4fa104413260fd1e77b286bbc3b3ee,personalized_model_predict_proba_high,fixed_probability_threshold_0.5,0.5,0.9882242530584336,63,341,404,7e747215e2eca91ccba730a64c0e4d26ced5e20adea7282819c0ceacd3554705,0.8743657775915841,0.9638784154913187,0.08951263789973463,0.9742871277864037,0.993152127383687,0.018864999597283272,0.0999141634671119,0.061757980130333213,0.03815618333677869,0.4196070420049698,0.20750801302305305,0.21209902898191674,0.7665828794861053,0.8983847693525113,0.13180188986640606,0.6788470908018565,0.8563420348058902,0.17749494400403376
lightgbm,4,30908049,excitement,target_excitement,True,True,lightgbm__fold_04__excitement__30908049__weighted_aug__06871d5493ad,06871d5493ad4ddaf47f9fd98b2d5e173ee711ff0dc0e269dca2befeb6bd81e0,personalized_model_predict_proba_high,fixed_probability_threshold_0.5,0.5,0.9788466938675154,63,341,404,7e747215e2eca91ccba730a64c0e4d26ced5e20adea7282819c0ceacd3554705,0.9104873621002655,0.9714658101754876,0.060978448075222125,0.9809665453400926,0.9942482306935034,0.013281685353410788,0.08150321947628796,0.05342802969657578,0.028075189779712177,0.2678599033257325,0.1836507570801114,0.08420914624562112,0.7744495647721454,0.9151189312479635,0.14066936647581807,0.5944533289026426,0.8826983256444172,0.2882449967417746
xgboost,4,40009139,excitement,target_excitement,True,True,xgboost__fold_04__excitement__40009139__weighted_aug__2af545167756,2af545167756b61a9a78fccfadb0ed799c0e3e414f91edcf784234964c067fef,personalized_model_predict_proba_high,fixed_probability_threshold_0.5,0.5,0.6061036810278893,89,67,156,87edb7cdad9e7842bfd4df2ca63bc761418964643b34240f05f140bd561b4b35,0.9828945161831293,0.9832299178265973,0.00033540164346801404,0.9725199491302509,0.9756970696465432,0.0031771205162923755,0.0475306578855241,0.048866924248964314,-0.001336266363440211,0.19171439932959702,0.18261987932992596,0.009094519999671064,0.9402146570518195,0.9252892839174912,-0.01492537313432829,0.9410257487293653,0.9276285268440808,-0.013397221885284472
lightgbm,4,40009139,excitement,target_excitement,True,True,lightgbm__fold_04__excitement__40009139__weighted_aug__906736822b83,906736822b83022f7272d59c6aa0f4837ff646633a64e5900373c6b3100ed55f,personalized_model_predict_proba_high,fixed_probability_threshold_0.5,0.5,0.5979558365620992,89,67,156,87edb7cdad9e7842bfd4df2ca63bc761418964643b34240f05f140bd561b4b35,0.9880932416568842,0.9835653194700653,-0.004527922186818856,0.98162060380709,0.9727123198124691,-0.008908283994620958,0.042590620597625486,0.04526156757176762,-0.0026709469741421354,0.16975996366181628,0.17430773244814776,-0.00454776878633148,0.9589132986751635,0.9365252389736709,-0.022388059701492602,0.9606060606060607,0.9405261151353412,-0.02007994547071945
xgboost,4,7092f07b,excitement,target_excitement,True,True,xgboost__fold_04__excitement__7092f07b__weighted_aug__f1e35e71c4c0,f1e35e71c4c060fcd27285c8b637870d4868867109e70f8011331c79fd287b3d,personalized_model_predict_proba_high,fixed_probability_threshold_0.5,0.5,0.4982406258313858,98,63,161,6733deea18ee1f90b4bcf7e9deb668ecbe16734c1a8b6b8b4b9fa672857ad206,0.9891480401684483,0.9948169744088112,0.005668934240362966,0.9849876854478611,0.9922656542641795,0.00727796881631837,0.21800258670339318,0.16807107394940507,0.049931512753988105,1.1050715862095828,0.7232096136764585,0.38186197253312426,0.6984126984126984,0.746031746031746,0.04761904761904767,0.7028943278943279,0.7596117954460619,0.05671746755173401
lightgbm,4,7092f07b,excitement,target_excitement,True,True,lightgbm__fold_04__excitement__7092f07b__weighted_aug__897784d7ffdf,897784d7ffdf115ce33ef01ec9cbc2d453861c312d2049e1312d37dfe45aec01,personalized_model_predict_proba_high,fixed_probability_threshold_0.5,0.5,0.4708671263438997,98,63,161,6733deea18ee1f90b4bcf7e9deb668ecbe16734c1a8b6b8b4b9fa672857ad206,0.9886621315192744,0.9872044055717526,-0.001457725947521804,0.9858747083439086,0.9834050604680666,-0.0024696478758419182,0.21864511668426548,0.16095898820054202,0.05768612848372345,0.8013918178275234,0.5515299169935263,0.24986190083399717,0.6666666666666666,0.7142857142857143,0.04761904761904767,0.6617647058823529,0.7224137931034482,0.0606490872210953
xgboost,4,8030618f,excitement,target_excitement,True,True,xgboost__fold_04__excitement__8030618f__weighted_aug__ec917218bb03,ec917218bb03156096cb4a3d4e06f2f384b8653f8a370ffcf9b9abb6b9e9f568,personalized_model_predict_proba_high,fixed_probability_threshold_0.5,0.5,0.4959990923525765,51,74,125,15ec32f2483a6678b7b1cf725124f4b765e5c5fcb9b0902ae636eea53dbbbee8,0.9146793852676206,0.9554848966613673,0.04080551139374666,0.9529295974503207,0.9733762108388041,0.020446613388483414,0.18761708841671998,0.15281147506644532,0.034805613350274656,0.8903611941963325,0.6793414168644634,0.21101977733186916,0.8145204027556969,0.8378378378378378,0.023317435082140903,0.7839446898405993,0.8079877112135176,0.02404302137291836
lightgbm,4,8030618f,excitement,target_excitement,True,True,lightgbm__fold_04__excitement__8030618f__weighted_aug__c07fc20415dc,c07fc20415dc52496ce8bfb61a147be6f6d0b03678168bd5d77686d23fe3783e,personalized_model_predict_proba_high,fixed_probability_threshold_0.5,0.5,0.4860823884764187,51,74,125,15ec32f2483a6678b7b1cf725124f4b765e5c5fcb9b0902ae636eea53dbbbee8,0.9589295177530471,0.9417064122946476,-0.017223105458399557,0.9736426764579048,0.9672656444129689,-0.006377032044935893,0.16135502123454867,0.15587229891947205,0.005482722315076627,0.5381875886442231,0.533474661185185,0.004712927459038063,0.8280339162692103,0.8145204027556969,-0.013513513513513375,0.8,0.7839446898405993,-0.01605531015940076
xgboost,4,a1b210fc,excitement,target_excitement,True,True,xgboost__fold_04__excitement__a1b210fc__weighted_aug__62d203a968b3,62d203a968b3b369c8cec34921f4cf459ffdc3383ba2fe66694ffd6d6da062bb,personalized_model_predict_proba_high,fixed_probability_threshold_0.5,0.5,0.4997746465814998,214,70,284,94bfa29afa95fd09a873aa21e807b227662c378cea03b97074cc0a9c884cf9be,0.919626168224299,0.9330440587449934,0.01341789052069442,0.8890547102831144,0.9012150065946227,0.012160296311508278,0.06674185592643174,0.06661650782186138,0.0001253481045703636,0.3188221948923211,0.3110742663128868,0.007747928579434293,0.8597463284379172,0.8453271028037384,-0.014419225634178856,0.8833717213919688,0.87923160833472,-0.004140113057248818
lightgbm,4,a1b210fc,excitement,target_excitement,True,True,lightgbm__fold_04__excitement__a1b210fc__weighted_aug__53f93737567a,53f93737567a15adcf50dd4c348442db52f6ea792f8238a7e2ce29585b14f1be,personalized_model_predict_proba_high,fixed_probability_threshold_0.5,0.5,0.4993960745990004,214,70,284,94bfa29afa95fd09a873aa21e807b227662c378cea03b97074cc0a9c884cf9be,0.9258344459279039,0.9306408544726302,0.004806408544726359,0.8903480695660326,0.8987515886411143,0.008403519075081634,0.06653179710759782,0.0667639422827119,-0.00023214517511407906,0.2445062225523796,0.2484185981505484,-0.003912375598168788,0.8477970627503337,0.845460614152203,-0.002336448598130758,0.8761987794245858,0.871783295711061,-0.004415483713524848
xgboost,4,b112005d,excitement,target_excitement,True,True,xgboost__fold_04__excitement__b112005d__weighted_aug__4f0211bd6a7b,4f0211bd6a7b1cee780994917a92243cc7ea33eb9bb52e1f3967287bcbfdda85,personalized_model_predict_proba_high,fixed_probability_threshold_0.5,0.5,0.500180043047294,295,154,449,d0dbf2cc89b918f3f8da22b4353b6c964cbf836075f62519accbe657dc2d8556,0.9252916574950473,0.9386528725511777,0.013361215056130415,0.9125204658861881,0.9229256008297033,0.010405134943515248,0.09641093267220037,0.09048946114343481,0.005921471528765557,0.48081519751229285,0.507727555128048,-0.026912357615755167,0.8562843935725292,0.8650451243671583,0.008760730794629135,0.8707631021460809,0.88637393550969,0.015610833363609133
lightgbm,4,b112005d,excitement,target_excitement,True,True,lightgbm__fold_04__excitement__b112005d__weighted_aug__5d013e39ef0f,5d013e39ef0f7a57da8332372a2b4aa9a212cd99e1f140c02efa3331119ce11d,personalized_model_predict_proba_high,fixed_probability_threshold_0.5,0.5,0.5067590917772883,295,154,449,d0dbf2cc89b918f3f8da22b4353b6c964cbf836075f62519accbe657dc2d8556,0.9355932203389831,0.9346467092229804,-0.0009465111160026352,0.9188911300527448,0.9209443973947309,0.002053267341986076,0.08559598205616997,0.0916403121131451,-0.0060443300569751335,0.3020956089085814,0.367103575347514,-0.06500796643893259,0.8581223860884878,0.8505062733876293,-0.007616112700858491,0.8749593873288466,0.874195952189335,-0.0007634351395116035
xgboost,4,b1c2f044,excitement,target_excitement,True,True,xgboost__fold_04__excitement__b1c2f044__weighted_aug__eff1c6bc3124,eff1c6bc31241733b95708d31c10d8eece9eae92cdbac55e2f801ba2d1feee89,personalized_model_predict_proba_high,fixed_probability_threshold_0.5,0.5,0.5002475127548678,200,102,302,8d08c3eed7bc5a1c88f74188adb256cd9f678dd66d87778b83c3b40eef3f412a,0.9777941176470588,0.9776960784313726,-9.803921568618534e-05,0.9677839705502188,0.970270723738982,0.0024867531887632355,0.05733878957971306,0.05222017954140304,0.005118610038310024,0.2575596379679371,0.2729077662744448,-0.015348128306507669,0.9091666666666667,0.9116666666666666,0.0024999999999999467,0.9232138316806509,0.9268438834703895,0.003630051789738631
lightgbm,4,b1c2f044,excitement,target_excitement,True,True,lightgbm__fold_04__excitement__b1c2f044__weighted_aug__d27cde85d2eb,d27cde85d2eb2aed63006a16ec005703e9857ba694402a530c045d68af245996,personalized_model_predict_proba_high,fixed_probability_threshold_0.5,0.5,0.5078390473187797,200,102,302,8d08c3eed7bc5a1c88f74188adb256cd9f678dd66d87778b83c3b40eef3f412a,0.9833823529411765,0.9856862745098038,0.002303921568627354,0.9748616849478893,0.9782714055082147,0.003409720560325402,0.048232903808691455,0.043082714170077814,0.005150189638613641,0.16888098437153962,0.15542049672446195,0.013460487647077662,0.9140686274509804,0.921470588235294,0.007401960784313655,0.927259358797206,0.9349162683975001,0.007656909600294082
xgboost,4,d151b0c4,excitement,target_excitement,True,True,xgboost__fold_04__excitement__d151b0c4__weighted_aug__98fe823ec6ac,98fe823ec6acf8f32ad0887b3a491e9c9cf0d7588f60d28dc3ce02175596b299,personalized_model_predict_proba_high,fixed_probability_threshold_0.5,0.5,0.5246168756857514,210,183,393,ed2c303fff7cb5b47a144edd55c3530e21a56b5924751c60bc8d7dc5fb74fc72,0.9372365339578453,0.9412438199323445,0.004007285974499175,0.9398768732932111,0.9472639011480128,0.00738702785480172,0.10863729542184261,0.10756737862519196,0.0010699167966506523,0.46027359394403383,0.49853322464564154,-0.038259630701607705,0.8685402029664324,0.8719750195160032,0.003434816549570785,0.8651259769608828,0.8676836216720191,0.0025576447111362866
lightgbm,4,d151b0c4,excitement,target_excitement,True,True,lightgbm__fold_04__excitement__d151b0c4__weighted_aug__f80fe2963364,f80fe2963364c276a42d006b54dd45342ad01b6807e260eb80f61009a7ce2fbf,personalized_model_predict_proba_high,fixed_probability_threshold_0.5,0.5,0.5671885261570979,210,183,393,ed2c303fff7cb5b47a144edd55c3530e21a56b5924751c60bc8d7dc5fb74fc72,0.9371584699453551,0.9443924017694509,0.007233931824095818,0.9402538617089699,0.9475465040770744,0.007292642368104563,0.09726111759628356,0.08968902080729729,0.007572096788986266,0.34070823081103524,0.3304214574889102,0.01028677332212502,0.8759562841530055,0.8934035909445746,0.01744730679156903,0.8749943199890944,0.8905398840560935,0.01554556406699914
xgboost,4,f1a0c120,excitement,target_excitement,True,True,xgboost__fold_04__excitement__f1a0c120__weighted_aug__1631af9940f5,1631af9940f50e91b5be77f1bbe766e4b57e9f6eb31cb73f67249270569bec88,personalized_model_predict_proba_high,fixed_probability_threshold_0.5,0.5,0.5790208131074905,98,88,186,d7a5ffe4e6c0b29c70df9ab7c6a5f0a26923753389df7b50134973144795f3bd,0.9728664192949907,0.9795918367346939,0.0067254174397031186,0.9708905142636328,0.979861776681553,0.008971262417920234,0.0636494643901055,0.09083135073426557,-0.027181886344160064,0.25144977636197563,0.3313678213296233,-0.07991804496764765,0.9159322820037106,0.8755797773654916,-0.04035250463821893,0.9183135704874835,0.8785612535612535,-0.03975231692623005
lightgbm,4,f1a0c120,excitement,target_excitement,True,True,lightgbm__fold_04__excitement__f1a0c120__weighted_aug__7e56043d91c6,7e56043d91c68d5457f1168029ca89899a7194d359ffd3d05ece83a4824dbd60,personalized_model_predict_proba_high,fixed_probability_threshold_0.5,0.5,0.5812787889582849,98,88,186,d7a5ffe4e6c0b29c70df9ab7c6a5f0a26923753389df7b50134973144795f3bd,0.977156771799629,0.9755333951762523,-0.0016233766233767488,0.9743431358310989,0.9744407711556935,9.763532459461377e-05,0.07703030109956745,0.11055669578948334,-0.03352639468991589,0.25237948777657,0.36621459758340885,-0.11383510980683886,0.8704777365491652,0.858534322820037,-0.011943413729128105,0.8732632202636647,0.861223028023995,-0.012040192239669678
xgboost,4,01c2a0d8,focus,target_focus,True,True,xgboost__fold_04__focus__01c2a0d8__weighted_aug__653b97c56325,653b97c563255004201d6a4e847e78302a04f9b1ec6b26fe616cef828c3add4d,personalized_model_predict_proba_high,fixed_probability_threshold_0.5,0.5,0.9649627804756165,31,185,216,564b0da1774b311d8a81b434de6ecf15f3088682dcb99f92d6812e5c90f5073e,0.7168265039232782,0.8219703574542285,0.10514385353095035,0.9430081942339885,0.9664706944488389,0.023462500214850412,0.15269459298185975,0.13565040897947092,0.01704418400238883,0.548976480801072,0.42672937358480606,0.12224710721626592,0.6549258936355711,0.6528334786399302,-0.0020924149956408344,0.55,0.6333333333333333,0.08333333333333326
lightgbm,4,01c2a0d8,focus,target_focus,True,True,lightgbm__fold_04__focus__01c2a0d8__weighted_aug__c92c0534fef4,c92c0534fef48faaa97f42b14214c407853ed19dde8ba8937748709c1a93d965,personalized_model_predict_proba_high,fixed_probability_threshold_0.5,0.5,0.9111890402621392,31,185,216,564b0da1774b311d8a81b434de6ecf15f3088682dcb99f92d6812e5c90f5073e,0.6873583260680035,0.8041848299912817,0.1168265039232782,0.935821742379142,0.9582739532924921,0.022452210913350146,0.1370812863183105,0.12046403653103702,0.016617249787273497,0.429521229882732,0.3782666538018575,0.051254576080874525,0.6251089799476897,0.7228421970357455,0.09773321708805582,0.49955634427684115,0.7085258638315273,0.20896951955468612
xgboost,4,30908049,focus,target_focus,False,False,,,frozen_zero_shot_probability,frozen_1800s_median_midpoint_policy,0.8048187270760536,0.8048187270760536,50,362,412,0d659e7ceaab172a3a85867cc9ef1764bc9b4344f9dc3050750d45515c818229,0.8862430939226519,0.8862430939226519,0.0,0.9795424830542188,0.9795424830542188,0.0,0.10333006476195467,0.10333006476195467,0.0,0.3358724187640626,0.3358724187640626,0.0,0.7956906077348066,0.7956906077348066,0.0,0.65444524323029,0.65444524323029,0.0
lightgbm,4,30908049,focus,target_focus,False,False,,,frozen_zero_shot_probability,frozen_1800s_median_midpoint_policy,0.9145267471769024,0.9145267471769024,50,362,412,0d659e7ceaab172a3a85867cc9ef1764bc9b4344f9dc3050750d45515c818229,0.8957458563535912,0.8957458563535912,0.0,0.9796541701916036,0.9796541701916036,0.0,0.08801144974249067,0.08801144974249067,0.0,0.2919331162049379,0.2919331162049379,0.0,0.7227624309392264,0.7227624309392264,0.0,0.5042314609118799,0.5042314609118799,0.0
xgboost,4,40009139,focus,target_focus,True,True,xgboost__fold_04__focus__40009139__weighted_aug__11f91f4c5a28,11f91f4c5a281dd6706ad6e8b37e19992e2d79bc576960677c1b18e22f4f67ea,personalized_model_predict_proba_high,fixed_probability_threshold_0.5,0.5,0.6916025951504707,136,52,188,3bd000be8a7d6e68fe9e8d63562fef606f801abe484e86258e93eaf94a4b0738,0.8881504524886877,0.8470022624434389,-0.041148190045248834,0.7572298173848806,0.7435830806514694,-0.013646736733411213,0.13604881322298726,0.13523987476495392,0.0008089384580333425,0.49464853281848803,0.5446539275584958,-0.050005394740007814,0.7169117647058824,0.7613122171945701,0.044400452488687736,0.7382969414946506,0.7785630153121319,0.04026607381748126
lightgbm,4,40009139,focus,target_focus,True,True,lightgbm__fold_04__focus__40009139__weighted_aug__415c7360dd87,415c7360dd8773639bc1533e7ff841dbcc32774727a9136bb2ea0fdef8d8a028,personalized_model_predict_proba_high,fixed_probability_threshold_0.5,0.5,0.6618295958037782,136,52,188,3bd000be8a7d6e68fe9e8d63562fef606f801abe484e86258e93eaf94a4b0738,0.88829185520362,0.9022907239819005,0.013998868778280493,0.7735204157912322,0.7749903968531071,0.0014699810618749032,0.1152148986008713,0.1119540067116893,0.003260891889181994,0.36754745125776006,0.3554080809415034,0.01213937031625667,0.7183257918552036,0.7731900452488687,0.054864253393665074,0.744890826103047,0.7846506300114547,0.03975980390840772
xgboost,4,7092f07b,focus,target_focus,True,True,xgboost__fold_04__focus__7092f07b__weighted_aug__5a02ac62e66a,5a02ac62e66acd068717aabf510b9b96f4b8d52609b8154998ded96a21e471a5,personalized_model_predict_proba_high,fixed_probability_threshold_0.5,0.5,0.5162439756095409,106,61,167,fe59858b602b6d486bd81a2afb725e246a118d3a94a0a76184ac4756cb2af06e,0.7847200742344571,0.8236931642437364,0.03897309000927929,0.6936328598311683,0.7329952738903536,0.03936241405918528,0.26588120975992385,0.291054919026832,-0.02517370926690815,1.1094014884637553,1.4599532185790018,-0.35055173011524654,0.588926693473554,0.5690535106712032,-0.01987318280235073,0.5615444015444016,0.5260001071065175,-0.035544294437884094
lightgbm,4,7092f07b,focus,target_focus,True,True,lightgbm__fold_04__focus__7092f07b__weighted_aug__d51f0747fc8e,d51f0747fc8e158060446975c779c0e804442c78b92c59498550a75f7c47ff66,personalized_model_predict_proba_high,fixed_probability_threshold_0.5,0.5,0.4873128152808821,106,61,167,fe59858b602b6d486bd81a2afb725e246a118d3a94a0a76184ac4756cb2af06e,0.8363748840086607,0.8414785029384473,0.005103618929786613,0.728772708624064,0.7378712908744641,0.009098582250400167,0.2526786555061989,0.27053040810134676,-0.017851752595147874,0.8048099431577839,0.9719733688177598,-0.16716342565997588,0.5807299721620786,0.5772502319826787,-0.0034797401793998928,0.5486486486486487,0.5396522476675149,-0.008996400981133856
xgboost,4,8030618f,focus,target_focus,True,True,xgboost__fold_04__focus__8030618f__weighted_aug__84e27548ebf0,84e27548ebf05eae938481bf9bb358862f9efea2675e636616d0dbb4598a380c,personalized_model_predict_proba_high,fixed_probability_threshold_0.5,0.5,0.4254754004068672,52,115,167,70aef016ec525db6a9f5449da9e2cca52fcfd26a686fcc930a15aefe5d210d83,0.820066889632107,0.7948160535117057,-0.025250836120401354,0.9194659195942705,0.9021972480708458,-0.017268671523424706,0.2806916228585815,0.35022913977760006,-0.06953751691901855,0.993614038870583,1.3136249400110926,-0.3200109011405097,0.745066889632107,0.6624581939799331,-0.08260869565217388,0.6683277362510381,0.5564886592018374,-0.11183907704920071
lightgbm,4,8030618f,focus,target_focus,True,True,lightgbm__fold_04__focus__8030618f__weighted_aug__c77b53873765,c77b53873765053f72234d4b8cdf1e8200e9efda81745b98113aa59c7dec6d43,personalized_model_predict_proba_high,fixed_probability_threshold_0.5,0.5,0.4565895837216459,52,115,167,70aef016ec525db6a9f5449da9e2cca52fcfd26a686fcc930a15aefe5d210d83,0.767391304347826,0.795484949832776,0.02809364548494997,0.8849269815575622,0.8983329329333702,0.013405951375808023,0.28663619933974044,0.28117127989038104,0.0054649194493593956,0.8555992631332294,0.8393012206730435,0.016298042460185957,0.7137123745819398,0.7015886287625418,-0.012123745819398013,0.6334160998956422,0.6105550174003516,-0.02286108249529062
xgboost,4,a1b210fc,focus,target_focus,True,True,xgboost__fold_04__focus__a1b210fc__weighted_aug__2c151ffd2794,2c151ffd27945f8314602e64c21a279d65793da0c23b96c84856bd1626467d4a,personalized_model_predict_proba_high,fixed_probability_threshold_0.5,0.5,0.3127858005464077,139,98,237,199eec8793998394383020827b945c577c701483dfa5354d6073e7c37252fb2e,0.6898399647628836,0.7655997650858903,0.07575980032300678,0.616551774796672,0.6992588950754046,0.08270712027873262,0.28839049891060314,0.25828516079807745,0.030105338112525692,1.0125265464820707,0.8663909206228038,0.14613562585926698,0.619255615915431,0.6083908383497284,-0.010864777565702588,0.6177419354838709,0.5910973084886129,-0.026644626995258047
lightgbm,4,a1b210fc,focus,target_focus,True,True,lightgbm__fold_04__focus__a1b210fc__weighted_aug__a8bf1aee646a,a8bf1aee646a44c175261ceb4a206af0a8db4af7e82f12a64bc7ed8b684784a8,personalized_model_predict_proba_high,fixed_probability_threshold_0.5,0.5,0.2206243220933136,139,98,237,199eec8793998394383020827b945c577c701483dfa5354d6073e7c37252fb2e,0.6841139333431214,0.7556893260901483,0.07157539274702684,0.6270376780647549,0.6812469201272404,0.05420924206248556,0.25402819163173235,0.23172345847369177,0.022304733158040574,0.7291237668468019,0.6675559842839218,0.06156778256288009,0.63522243429746,0.6078035530759066,-0.027418881221553337,0.6360794035483692,0.5944267213149388,-0.04165268223343044
xgboost,4,b112005d,focus,target_focus,True,True,xgboost__fold_04__focus__b112005d__weighted_aug__ba074398ecfd,ba074398ecfd3c4e84c0f157440bfa7a2c0dde98c459688438a3ec39385d84ed,personalized_model_predict_proba_high,fixed_probability_threshold_0.5,0.5,0.6588631272315979,105,201,306,aa07bff06a5a8e4c34bb577bf16967911046d4055d3df3e1a6160cac54de20df,0.7506751954513148,0.7545605306799337,0.0038853352286188914,0.8338213776847321,0.8469303537020233,0.013108976017291218,0.22362501829288975,0.31609640260274674,-0.09247138430985699,0.7695921037528113,1.1415769275006535,-0.37198482374784225,0.6778251599147121,0.6537313432835821,-0.024093816631130083,0.653781512605042,0.6064814814814815,-0.047300031123560515
lightgbm,4,b112005d,focus,target_focus,True,True,lightgbm__fold_04__focus__b112005d__weighted_aug__ee01f30c5c83,ee01f30c5c832ea41954887e7703129337439d45a1413ddda9b4859d67b56b11,personalized_model_predict_proba_high,fixed_probability_threshold_0.5,0.5,0.5862935492879391,105,201,306,aa07bff06a5a8e4c34bb577bf16967911046d4055d3df3e1a6160cac54de20df,0.759251362236437,0.7758824923004027,0.01663113006396577,0.8372674119146637,0.855550849627697,0.018283437713033313,0.21160627115166286,0.24412790144098392,-0.03252163028932106,0.6225715740503518,0.7094226141573349,-0.08685104010698308,0.6676616915422886,0.6566453447050462,-0.011016346837242397,0.639607415485278,0.6150777864983712,-0.024529628986906804
xgboost,4,b1c2f044,focus,target_focus,True,True,xgboost__fold_04__focus__b1c2f044__weighted_aug__4276fa4a9dbb,4276fa4a9dbb70f513a75ce5b0d8c122f2877f82dfd5d8f8ae388472d6682499,personalized_model_predict_proba_high,fixed_probability_threshold_0.5,0.5,0.4973408351652324,201,85,286,8f8b36cf636dc64729811ec241065a3667483100291310b23722efc0bfa0417f,0.8866842259291776,0.9045361428153351,0.017851916886157504,0.781608076659003,0.7994292672295653,0.017821190570562306,0.15691796355885645,0.14939916179798002,0.007518801760876437,0.6431233539503121,0.5757667559601336,0.06735659799017846,0.7527363184079602,0.7409716125256072,-0.01176470588235301,0.7654830973930533,0.7546289796746065,-0.010854117718446799
lightgbm,4,b1c2f044,focus,target_focus,True,True,lightgbm__fold_04__focus__b1c2f044__weighted_aug__34374e3e7f88,34374e3e7f88b7bf9e9d7d1b3aa04741418f5cd6abc0bc9ecb4b2e4fdab930b8,personalized_model_predict_proba_high,fixed_probability_threshold_0.5,0.5,0.4760329693644116,201,85,286,8f8b36cf636dc64729811ec241065a3667483100291310b23722efc0bfa0417f,0.8946444249341527,0.8893181153058238,-0.005326309628328918,0.7890510318325733,0.7757288871395959,-0.013322144692977433,0.1367327279368696,0.14289739253095785,-0.006164664594088237,0.43116163154978837,0.4610905081697967,-0.029928876620008316,0.7375768217734855,0.731694468832309,-0.00588235294117645,0.7525601296188513,0.7469826224328594,-0.005577507185991926
xgboost,4,d151b0c4,focus,target_focus,False,False,,,frozen_zero_shot_probability,frozen_1800s_median_midpoint_policy,0.5,0.5,123,216,339,9c3b63a118ac1a93e45c88460ceeb86d58c26ff5ef353ce1a64a2b267500fae9,0.8550135501355014,0.8550135501355014,0.0,0.907458730694716,0.907458730694716,0.0,0.16086284239492984,0.16086284239492984,0.0,0.608721846301995,0.608721846301995,0.0,0.754516711833785,0.754516711833785,0.0,0.7661765146895649,0.7661765146895649,0.0
lightgbm,4,d151b0c4,focus,target_focus,False,False,,,frozen_zero_shot_probability,frozen_1800s_median_midpoint_policy,0.5,0.5,123,216,339,9c3b63a118ac1a93e45c88460ceeb86d58c26ff5ef353ce1a64a2b267500fae9,0.865063233965673,0.865063233965673,0.0,0.9225761532837149,0.9225761532837149,0.0,0.14620939317963563,0.14620939317963563,0.0,0.449381817022879,0.449381817022879,0.0,0.7731481481481481,0.7731481481481481,0.0,0.780034283389988,0.780034283389988,0.0
xgboost,4,f1a0c120,focus,target_focus,True,True,xgboost__fold_04__focus__f1a0c120__weighted_aug__64ac026003a2,64ac026003a23d2d152444822a6f856ac892ab5f2127aad0f240bea7da34b9bc,personalized_model_predict_proba_high,fixed_probability_threshold_0.5,0.5,0.452450443059206,186,92,278,854e6b743b0ad26085226b26c58ee6dd6c6944d35e938e6f04faa05a8647136e,0.8039387564282375,0.8501051893408136,0.04616643291257605,0.6873022631325109,0.7601887268503479,0.07288646371783702,0.1938515311715534,0.16920359075857286,0.024647940412980546,0.645099108769301,0.5824261998258716,0.06267290894342936,0.6637447405329593,0.742461430575035,0.07871669004207571,0.6728579606895235,0.7526386843397153,0.07978072365019173
lightgbm,4,f1a0c120,focus,target_focus,True,True,lightgbm__fold_04__focus__f1a0c120__weighted_aug__5df48a2675c4,5df48a2675c4a40b689ba739cd08f31a351de1e0959a5c2595968e59fc5d54b6,personalized_model_predict_proba_high,fixed_probability_threshold_0.5,0.5,0.4593190956315516,186,92,278,854e6b743b0ad26085226b26c58ee6dd6c6944d35e938e6f04faa05a8647136e,0.8428003740065451,0.8706171107994389,0.02781673679289387,0.7518703830111956,0.7642822253442911,0.012411842333095557,0.14901608466871205,0.1591153471429197,-0.010099262474207643,0.4491891565319324,0.47522589683790256,-0.02603674030597014,0.7398316970546985,0.6986909770920992,-0.04114071996259938,0.7474563953488372,0.7154459266717006,-0.03201046867713664
xgboost,4,01c2a0d8,interest,target_interest,True,True,xgboost__fold_04__interest__01c2a0d8__weighted_aug__216ac77fc626,216ac77fc626990621df898840df746f8007eaf1a59e467f2c210ccf1b33ec8a,personalized_model_predict_proba_high,fixed_probability_threshold_0.5,0.5,0.5310238748788834,182,87,269,70493fabd30850fd3d09833f21b4923fdf46323f998247676b31d6fc9ee6c857,0.9312871037008967,0.9261715296198055,-0.005115574081091201,0.8652864940710907,0.8887830045757952,0.02349651050470447,0.1034372003508171,0.09572996411406327,0.007707236236753831,0.39529621089150224,0.4630817311330556,-0.06778552024155338,0.8386067955033473,0.8575849437918404,0.01897814828849309,0.8386067955033473,0.8684296334941959,0.029822837990848616
lightgbm,4,01c2a0d8,interest,target_interest,True,True,lightgbm__fold_04__interest__01c2a0d8__weighted_aug__6205a5a4f2d9,6205a5a4f2d918e2a96290f4c3bb2d872a09a905b07c4fba04b047f810814b8f,personalized_model_predict_proba_high,fixed_probability_threshold_0.5,0.5,0.5795524709106283,182,87,269,70493fabd30850fd3d09833f21b4923fdf46323f998247676b31d6fc9ee6c857,0.9300871542250853,0.927371479095617,-0.0027156751294682424,0.8841283882521976,0.8786037602392991,-0.005524628012898547,0.09451760945719465,0.09180423813198511,0.002713371325209532,0.3293839730693074,0.3402480582299311,-0.010864085160623704,0.8465959328028294,0.8720790703549324,0.025483137552102963,0.8528635778635779,0.8788288288288288,0.02596525096525093
xgboost,4,30908049,interest,target_interest,False,False,,,frozen_zero_shot_probability,frozen_1800s_median_midpoint_policy,0.4032111500855535,0.4032111500855535,25,154,179,54f8e3f7b45cf9085bc84744f7cfd6bdebbb83fc55aa2e50a6b9a20ea915e372,0.814025974025974,0.814025974025974,0.0,0.9612160666884114,0.9612160666884114,0.0,0.45823582704268945,0.45823582704268945,0.0,1.8324588385193938,1.8324588385193938,0.0,0.6580519480519481,0.6580519480519481,0.0,0.4442265581592967,0.4442265581592967,0.0
lightgbm,4,30908049,interest,target_interest,False,False,,,frozen_zero_shot_probability,frozen_1800s_median_midpoint_policy,0.3911327574502717,0.3911327574502717,25,154,179,54f8e3f7b45cf9085bc84744f7cfd6bdebbb83fc55aa2e50a6b9a20ea915e372,0.8472727272727273,0.8472727272727273,0.0,0.9705113000012509,0.9705113000012509,0.0,0.36659781747562453,0.36659781747562453,0.0,1.0700162347173203,1.0700162347173203,0.0,0.6970129870129871,0.6970129870129871,0.0,0.4970718662198301,0.4970718662198301,0.0
xgboost,4,40009139,interest,target_interest,True,True,xgboost__fold_04__interest__40009139__weighted_aug__f4435c4fabd1,f4435c4fabd1360641d3a53b9eef7d8f730e22278daca5cd2ede12c8152b81df,personalized_model_predict_proba_high,fixed_probability_threshold_0.5,0.5,0.4940071031451225,40,70,110,f8a3d3fb25f292cc9d465a34c0630945204414b08e040bc038a57cba30a0e4d2,0.9328571428571429,0.9328571428571429,0.0,0.9596380958058801,0.9575946151022876,-0.002043480703592504,0.14397035610260103,0.14457217034350647,-0.0006018142409054406,0.48210352762058944,0.48181536829399435,0.00028815932659509436,0.8464285714285714,0.8535714285714285,0.0071428571428571175,0.8151881720430108,0.8240000000000001,0.008811827956989315
lightgbm,4,40009139,interest,target_interest,True,True,lightgbm__fold_04__interest__40009139__weighted_aug__c0e0d55c5fce,c0e0d55c5fcefc1b68a5088ba785e70ede660468ec58f77c069c5e0ff1cdacf3,personalized_model_predict_proba_high,fixed_probability_threshold_0.5,0.5,0.5062545711567529,40,70,110,f8a3d3fb25f292cc9d465a34c0630945204414b08e040bc038a57cba30a0e4d2,0.9453571428571428,0.945,-0.00035714285714283367,0.9619822853328941,0.9664672033158686,0.004484917982974457,0.12815123783611007,0.12329640356721815,0.004854834268891925,0.40042938282314333,0.3985900642389915,0.0018393185841518167,0.8535714285714285,0.8535714285714285,0.0,0.8240000000000001,0.8240000000000001,0.0
xgboost,4,7092f07b,interest,target_interest,True,True,xgboost__fold_04__interest__7092f07b__weighted_aug__15e723177ceb,15e723177ceb4328eab0a58f52397ac488313dc28b9ec67248864c35bfb916f5,personalized_model_predict_proba_high,fixed_probability_threshold_0.5,0.5,0.5648960173130035,113,154,267,a2ac43888e2e8f21b497a15aa793c08767208a7cbbbca6aebfe6297a166cf670,0.8545569474773014,0.9407539363291576,0.08619698885185623,0.8970960101052303,0.9562462245567027,0.059150214451472394,0.19085358799634858,0.21186587540401589,-0.021012287407667307,0.5780618762759202,0.685609809578046,-0.10754793330212575,0.6825652223882313,0.6395241926215378,-0.04304102976669344,0.6832542457542458,0.6167553563926621,-0.06649888936158366
lightgbm,4,7092f07b,interest,target_interest,True,True,lightgbm__fold_04__interest__7092f07b__weighted_aug__eaefad0452e7,eaefad0452e7645f2a9a0c9813c5239757aaf754efb279da67e5d972aa2bac5d,personalized_model_predict_proba_high,fixed_probability_threshold_0.5,0.5,0.4820971810760351,113,154,267,a2ac43888e2e8f21b497a15aa793c08767208a7cbbbca6aebfe6297a166cf670,0.7566946328008275,0.9554074244339731,0.1987127916331456,0.8021338808216739,0.9688089474027545,0.16667506658108056,0.20325657446873988,0.13395852955049428,0.0692980449182456,0.593826815805158,0.4020249312376261,0.19180188456753183,0.6489483967360073,0.7701988277209516,0.12125043098494426,0.6391891891891892,0.7785203386912494,0.13933114950206016
xgboost,4,8030618f,interest,target_interest,True,True,xgboost__fold_04__interest__8030618f__weighted_aug__3ef30bee7b11,3ef30bee7b11e080f6268c681003d0a04e562c8d7274cbdc0adcba0a1be515d9,personalized_model_predict_proba_high,fixed_probability_threshold_0.5,0.5,0.3501079976558685,43,104,147,56486f0282116bf1baa8ed512a5c19d2c38d6a4ea75b1a202aa56ce29a22108d,0.8763416815742396,0.9534883720930233,0.07714669051878364,0.9485544041402552,0.9806022869633738,0.032047882823118656,0.21884277960543952,0.15080093825717525,0.06804184134826427,0.699021745134655,0.4585732801301295,0.2404484650045255,0.7996422182468694,0.8441413237924866,0.0444991055456172,0.7421052631578948,0.7786252125333981,0.03651994937550329
lightgbm,4,8030618f,interest,target_interest,True,True,lightgbm__fold_04__interest__8030618f__weighted_aug__9c81d94c6f01,9c81d94c6f01aa6f6dcce4c03907a38cd9aeab09f4f97757d8a784041e3ab352,personalized_model_predict_proba_high,fixed_probability_threshold_0.5,0.5,0.3456068144072719,43,104,147,56486f0282116bf1baa8ed512a5c19d2c38d6a4ea75b1a202aa56ce29a22108d,0.9326923076923077,0.9673524150268337,0.03466010733452596,0.9719797487880193,0.9814714251117145,0.009491676323695186,0.21171109766092353,0.16604641953601465,0.045664678124908875,0.614003386721981,0.4852127488820654,0.12879063783991557,0.8180903398926656,0.7912567084078712,-0.02683363148479434,0.7515572939301753,0.7083333333333333,-0.04322396059684208
xgboost,4,a1b210fc,interest,target_interest,True,True,xgboost__fold_04__interest__a1b210fc__weighted_aug__0f9ee43fafe2,0f9ee43fafe241f87806020e661d9c3314f0c0c7ac67781fffc46f409bcb5dea,personalized_model_predict_proba_high,fixed_probability_threshold_0.5,0.5,0.5020752772688866,178,187,365,d1ff88ac2204680b34dfc512fcdf9ccfb8d69b5f9d6445d5585d197f2f6f649e,0.9251937751607282,0.9221594664423481,-0.0030343087183800632,0.9148037432339338,0.9081316830211867,-0.006672060212747022,0.12529253627245016,0.11240236293085777,0.012890173341592384,0.4303907568933546,0.3921820763440924,0.038208680549262186,0.8215766388271346,0.8475635402271224,0.025986901399987827,0.8208808735124524,0.8465188922929057,0.025638018780453242
lightgbm,4,a1b210fc,interest,target_interest,True,True,lightgbm__fold_04__interest__a1b210fc__weighted_aug__b4c874dc65de,b4c874dc65debcead5b83d1f18031202de93ec11f37035fecfeba6e680d3ab30,personalized_model_predict_proba_high,fixed_probability_threshold_0.5,0.5,0.4977754323573982,178,187,365,d1ff88ac2204680b34dfc512fcdf9ccfb8d69b5f9d6445d5585d197f2f6f649e,0.8637865769392538,0.918974944421078,0.05518836748182421,0.8523517764217852,0.9095523608783684,0.05720058445658327,0.15327144957339045,0.11797270200505479,0.03529874756833566,0.4801236575321174,0.37155549495288065,0.10856816257923674,0.797782851649342,0.8336537883794989,0.035870936730156844,0.7975688509021842,0.8328566388156956,0.03528778791351139
xgboost,4,b112005d,interest,target_interest,True,True,xgboost__fold_04__interest__b112005d__weighted_aug__e591b711948d,e591b711948d8c831c572b1945d99b0a7fe456375a352c1e009ef772bb13c140,personalized_model_predict_proba_high,fixed_probability_threshold_0.5,0.5,0.7206965535879135,237,151,388,ebbb730f4af9e0b50cd2f622270f46b80b143677373dca39f689443030d9513b,0.752954983653282,0.8721323385586947,0.1191773549054127,0.7001713897722356,0.8357036385123712,0.13553224874013559,0.20690552041681226,0.18677115326953606,0.020134367147276205,0.6440831940259185,0.6570075966246361,-0.012924402598717633,0.6751194567859837,0.7055914158772739,0.03047195909129019,0.6803784792811312,0.7129328203610537,0.0325543410799225
lightgbm,4,b112005d,interest,target_interest,True,True,lightgbm__fold_04__interest__b112005d__weighted_aug__10fd61662510,10fd61662510fa28bbeb80d4da99f700156e48c266b79afe2e4f25ab09b60a53,personalized_model_predict_proba_high,fixed_probability_threshold_0.5,0.5,0.6211133211124379,237,151,388,ebbb730f4af9e0b50cd2f622270f46b80b143677373dca39f689443030d9513b,0.7238103221840335,0.8774415290468605,0.15363120686282694,0.6354124598186437,0.8337064717387871,0.1982940119201434,0.20527017663689437,0.1677591773119376,0.03751099932495677,0.6086468054583152,0.5059537399163149,0.1026930655420003,0.6314862939056082,0.6860172688406404,0.05453097493503223,0.6292403248924988,0.6897356207183665,0.060495295825867657
xgboost,4,b1c2f044,interest,target_interest,True,True,xgboost__fold_04__interest__b1c2f044__weighted_aug__1a27836b744f,1a27836b744fdbc79502657c8ad783ab2a3503471650edcc23ffc9050b39dce6,personalized_model_predict_proba_high,fixed_probability_threshold_0.5,0.5,0.5315286032855511,234,60,294,f231a3e9df0f20718b613ed7d7e6b9de94b8cce2075ec92fdf5b6e241d288b9f,0.919017094017094,0.9276353276353276,0.008618233618233662,0.7920133098047748,0.8466847421738427,0.05467143236906791,0.2191804733610937,0.18170660085960402,0.037473872501489675,0.7707004192920591,0.5819362870266114,0.18876413226544775,0.8085470085470086,0.8151709401709402,0.0066239316239316,0.6967468923565194,0.7135278514588859,0.016780959102366433
lightgbm,4,b1c2f044,interest,target_interest,True,True,lightgbm__fold_04__interest__b1c2f044__weighted_aug__a230b177fc55,a230b177fc55b095253998acc2579cbffa5cf3431ceb86a3a3b038cfb870ba0e,personalized_model_predict_proba_high,fixed_probability_threshold_0.5,0.5,0.6031294548279362,234,60,294,f231a3e9df0f20718b613ed7d7e6b9de94b8cce2075ec92fdf5b6e241d288b9f,0.9135327635327635,0.9262108262108262,0.012678062678062707,0.7776056141841007,0.8249823507778035,0.047376736593702784,0.1990647516150264,0.15785064955982556,0.041214102055200846,0.5885832193845755,0.4678578156981272,0.1207254036864483,0.8027777777777778,0.8194444444444444,0.016666666666666607,0.7099479309399835,0.7197712418300655,0.009823310890081927
xgboost,4,d151b0c4,interest,target_interest,True,True,xgboost__fold_04__interest__d151b0c4__weighted_aug__9a879ca8a67b,9a879ca8a67b69d031abb72b4ea8593c742ce5d92ca397c2dfdea44137291453,personalized_model_predict_proba_high,fixed_probability_threshold_0.5,0.5,0.5651330277323723,196,210,406,b5219ee58132e6fdc20e17f44eb0b60e3759fa97bc9057774e332fca211c58b4,0.7594266277939746,0.7867103984450923,0.027283770651117645,0.7778683135304282,0.805926430543494,0.02805811701306582,0.23563514468726404,0.2104515705472108,0.025183574140053233,0.747865353211179,0.6630495006511034,0.08481585256007562,0.6690476190476191,0.6994897959183674,0.03044217687074824,0.6624168514412416,0.6963793889648883,0.03396253752364664
lightgbm,4,d151b0c4,interest,target_interest,True,True,lightgbm__fold_04__interest__d151b0c4__weighted_aug__6ee1861a06da,6ee1861a06dadc06f8ef38e9a81625c1fd328bc58f434915fcc9114598d19c92,personalized_model_predict_proba_high,fixed_probability_threshold_0.5,0.5,0.5993769175337116,196,210,406,b5219ee58132e6fdc20e17f44eb0b60e3759fa97bc9057774e332fca211c58b4,0.7884110787172013,0.7937803692905734,0.005369290573372099,0.8063571938662835,0.8176596478427653,0.011302453976481885,0.2077445126991298,0.1864404415099041,0.0213040711892257,0.6034304361121435,0.5488556929769899,0.05457474313515365,0.6952380952380952,0.7110544217687075,0.015816326530612268,0.6927981344116698,0.7091831779331779,0.016385043521508047
xgboost,4,f1a0c120,interest,target_interest,False,False,,,frozen_zero_shot_probability,frozen_1800s_median_midpoint_policy,0.5005135789979249,0.5005135789979249,57,329,386,8dacfc30f5264dd7bc2cbab5d2d30ea7e8ee28934609422c54f558e49babfd80,0.9111075561243535,0.9111075561243535,0.0,0.9787823099260327,0.9787823099260327,0.0,0.08629596185493564,0.08629596185493564,0.0,0.3704322620301762,0.3704322620301762,0.0,0.6666666666666666,0.6666666666666666,0.0,0.7227011494252873,0.7227011494252873,0.0
lightgbm,4,f1a0c120,interest,target_interest,False,False,,,frozen_zero_shot_probability,frozen_1800s_median_midpoint_policy,0.4966172254199837,0.4966172254199837,57,329,386,8dacfc30f5264dd7bc2cbab5d2d30ea7e8ee28934609422c54f558e49babfd80,0.9000159974404095,0.9000159974404095,0.0,0.9653107173135846,0.9653107173135846,0.0,0.07052179981651692,0.07052179981651692,0.0,0.2501854898846085,0.2501854898846085,0.0,0.6666666666666666,0.6666666666666666,0.0,0.7227011494252873,0.7227011494252873,0.0
xgboost,4,01c2a0d8,relaxation,target_relaxation,True,True,xgboost__fold_04__relaxation__01c2a0d8__weighted_aug__e5eb0c16b16d,e5eb0c16b16d1a1d730e5dd9755ea74f70656a3388ba7a51f97d61f6b6bd61b9,personalized_model_predict_proba_high,fixed_probability_threshold_0.5,0.5,0.4997645057665068,172,88,260,70dadf5d9f37fcd4dd72d08607ce55999b72138c489affe9cf24a5c0f4a21d87,0.9618789640591967,0.9750924947145878,0.013213530655391104,0.9400916918862414,0.9548546211181546,0.014762929231913136,0.13512532113263567,0.12105136299442501,0.014073958138210663,0.6657247502032623,0.534929463641508,0.13079528656175432,0.7641384778012685,0.7925475687103594,0.02840909090909083,0.7909007352941176,0.8199816613334829,0.029080926039365296
lightgbm,4,01c2a0d8,relaxation,target_relaxation,True,True,lightgbm__fold_04__relaxation__01c2a0d8__weighted_aug__9338dc2ebf8a,9338dc2ebf8a40a3592c3413d618658ce5b4f244d570281eb9a2a2430a4c36c2,personalized_model_predict_proba_high,fixed_probability_threshold_0.5,0.5,0.4909953624635382,172,88,260,70dadf5d9f37fcd4dd72d08607ce55999b72138c489affe9cf24a5c0f4a21d87,0.9692785412262157,0.97026955602537,0.0009910147991543106,0.9479078871030922,0.9546434107448517,0.006735523641759555,0.12008299981165929,0.11519015771042267,0.004892842101236625,0.40758828912972916,0.41127189655863805,-0.003683607428908886,0.7641384778012685,0.7755021141649048,0.011363636363636243,0.7909007352941176,0.8027164428257076,0.011815707531590003
xgboost,4,30908049,relaxation,target_relaxation,True,True,xgboost__fold_04__relaxation__30908049__weighted_aug__429c50be8ec3,429c50be8ec30d36c5ebfa9f51f31ca298e9f8d6bb69867b749bbe71900681f1,personalized_model_predict_proba_high,fixed_probability_threshold_0.5,0.5,0.4700719160027802,158,100,258,0df7fbf9ed85d781fa76b42d46a59e14bf704a70a5159bae7604623f6ff16c88,0.929367088607595,0.9551265822784809,0.025759493670885925,0.9189764867789721,0.9457062553117561,0.02672976853278397,0.10210574790541059,0.08120738078909565,0.020898367116314945,0.3419698788720556,0.3039770916714249,0.03799278720063071,0.8380379746835442,0.8641772151898734,0.02613924050632921,0.839886701780628,0.8766059206728787,0.036719218892250716
lightgbm,4,30908049,relaxation,target_relaxation,True,True,lightgbm__fold_04__relaxation__30908049__weighted_aug__c84f65326bc9,c84f65326bc937f7b168176c9d2a8a4067caf0b62b4f11a3ae403fa7079767d5,personalized_model_predict_proba_high,fixed_probability_threshold_0.5,0.5,0.4364199822148628,158,100,258,0df7fbf9ed85d781fa76b42d46a59e14bf704a70a5159bae7604623f6ff16c88,0.9420886075949366,0.950506329113924,0.008417721518987342,0.9291171608784222,0.9410187277500757,0.011901566871653446,0.09108434621466355,0.08556662630148747,0.005517719913176081,0.2941882116196786,0.2836219446933227,0.010566266926355927,0.8433544303797469,0.8623417721518987,0.018987341772151778,0.8525353147709643,0.8759677071763672,0.023432392405402847
xgboost,4,40009139,relaxation,target_relaxation,True,True,xgboost__fold_04__relaxation__40009139__weighted_aug__221e7391191b,221e7391191bb1bba57172c4d92e4a1a7dc60937d738638e5081cfb7e07c42bc,personalized_model_predict_proba_high,fixed_probability_threshold_0.5,0.5,0.6174693666398525,49,103,152,c58f4e33bfb99ae34dc7c9b8acc07c03d0e750157ef6010bb82ef956a05b7a29,0.9015256588072122,0.9274816722805627,0.025956013473350414,0.950926284729193,0.9632468030602284,0.012320518331035313,0.13522093712005612,0.11166651306292416,0.023554424057131956,0.4655871432391619,0.3793521408361202,0.08623500240304172,0.763423816128393,0.813948880523083,0.050525064394689956,0.7689969604863222,0.8173076923076923,0.048310731821370134
lightgbm,4,40009139,relaxation,target_relaxation,True,True,lightgbm__fold_04__relaxation__40009139__weighted_aug__c701c714b190,c701c714b1906775fde1dc03e64669018053dab5aea48f6a7007ea262d61ebaa,personalized_model_predict_proba_high,fixed_probability_threshold_0.5,0.5,0.7230509370839451,49,103,152,c58f4e33bfb99ae34dc7c9b8acc07c03d0e750157ef6010bb82ef956a05b7a29,0.8410937190410145,0.9201505845056469,0.07905686546463242,0.9211540355535826,0.9552709995491454,0.034116963995562855,0.1589090722107438,0.09753055185332854,0.061378520357415256,0.49114610663367353,0.32967506220778553,0.161471044425888,0.7235981771349316,0.8445611254210422,0.12096294828611065,0.7259615384615384,0.842719881744272,0.1167583432827336
xgboost,4,7092f07b,relaxation,target_relaxation,True,True,xgboost__fold_04__relaxation__7092f07b__weighted_aug__f4a3c719252a,f4a3c719252a74fe110991bf371e531e619d38592e76718c46bba14cac0b7710,personalized_model_predict_proba_high,fixed_probability_threshold_0.5,0.5,0.0492916424627765,95,122,217,1a3baadb5b38e81a3e4ae4299b79ee76cf1e005eab84549198471fcaedee4fb3,0.9571182053494391,0.9757549611734254,0.018636755823986273,0.9667222219579759,0.978720803439079,0.01199858148110311,0.23626028212788974,0.05614172510995297,0.18011855701793678,0.8370165268156894,0.19134926246104503,0.6456672643546444,0.8688955996548748,0.9280414150129421,0.05914581535806729,0.8613949923352069,0.9295286756587067,0.06813368332349978
lightgbm,4,7092f07b,relaxation,target_relaxation,True,True,lightgbm__fold_04__relaxation__7092f07b__weighted_aug__76fd9524530d,76fd9524530d3a22c0da3c308f0b7a2212ecb05f307961e22f263e0555f034c4,personalized_model_predict_proba_high,fixed_probability_threshold_0.5,0.5,0.1114697199319134,95,122,217,1a3baadb5b38e81a3e4ae4299b79ee76cf1e005eab84549198471fcaedee4fb3,0.9628127696289905,0.9813632441760137,0.018550474547023188,0.9691825365625257,0.9857838409114911,0.01660130434896534,0.1829506242962649,0.05936947446749427,0.12358114982877064,0.5366598725823608,0.20542720908933743,0.3312326634930234,0.8970232959447799,0.9181190681622088,0.021095772217428865,0.8970232959447799,0.9238061797752809,0.02678288383050098
xgboost,4,8030618f,relaxation,target_relaxation,True,True,xgboost__fold_04__relaxation__8030618f__weighted_aug__dee5551f2a0f,dee5551f2a0f22fc2670318d600584fe5e81efa50076c3030dfaba7725303345,personalized_model_predict_proba_high,fixed_probability_threshold_0.5,0.5,0.5238740844652057,108,75,183,302eb6acec0f17da0f9503b266b44ee0a9bf3057decbb115f6f8ebc8d7b2e7ee,0.9062962962962964,0.9195061728395062,0.01320987654320982,0.8717482738468468,0.8998732483668704,0.028124974520023605,0.1335254440821874,0.12111701677819113,0.012408427303996258,0.40968153548609887,0.36792705396265574,0.04175448152344313,0.7844444444444445,0.8120370370370371,0.027592592592592613,0.7906178489702517,0.8094217103651067,0.018803861394855015
lightgbm,4,8030618f,relaxation,target_relaxation,True,True,lightgbm__fold_04__relaxation__8030618f__weighted_aug__5f41ba48b6d9,5f41ba48b6d946ff3b7cb3258c753eb43a4c58e1e02c3c8f560599d86a55ed84,personalized_model_predict_proba_high,fixed_probability_threshold_0.5,0.5,0.4971201023959228,108,75,183,302eb6acec0f17da0f9503b266b44ee0a9bf3057decbb115f6f8ebc8d7b2e7ee,0.9333333333333333,0.9559259259259258,0.022592592592592498,0.9063444014167,0.9330907474220713,0.02674634600537129,0.11289917859606037,0.0883610641019363,0.024538114494124075,0.34635687994168524,0.2838286598456747,0.06252822009601056,0.8229629629629629,0.8711111111111112,0.04814814814814827,0.8308418066490295,0.8703526875096257,0.039510880860596176
xgboost,4,a1b210fc,relaxation,target_relaxation,True,True,xgboost__fold_04__relaxation__a1b210fc__weighted_aug__eecefa288baa,eecefa288baa8e9ede098cc8c4857d5d7c125a4c57a5035dde9dab7a51bb2280,personalized_model_predict_proba_high,fixed_probability_threshold_0.5,0.5,0.480538644362241,199,137,336,c29326f2dae2f9c5f677c4c29dfddf123c5e9b724edf284dc98abfbb94a39ed1,0.9414591204196163,0.9624766166599421,0.021017496240325784,0.9118290799616801,0.9459558446252754,0.03412676466359532,0.09526116300437748,0.07845791284190608,0.016803250162471403,0.3349540284391661,0.26591371311357465,0.06904031532559146,0.8799288412867257,0.8936287275795034,0.013699886292777741,0.8750985992112064,0.8900163666121113,0.014917767400904891
lightgbm,4,a1b210fc,relaxation,target_relaxation,True,True,lightgbm__fold_04__relaxation__a1b210fc__weighted_aug__d0697577a5bd,d0697577a5bd834e24f223438cba9ef0027cee6c69b1f1b7760597bb630c3f1e,personalized_model_predict_proba_high,fixed_probability_threshold_0.5,0.5,0.4569120244346274,199,137,336,c29326f2dae2f9c5f677c4c29dfddf123c5e9b724edf284dc98abfbb94a39ed1,0.9515460514250083,0.9672449840443093,0.015698932619300998,0.9275197112376139,0.9545483030476671,0.027028591810053237,0.0905697120683819,0.0721199602530891,0.018449751815292792,0.29992210314291234,0.2396426608333378,0.06027944230957455,0.8785533506950812,0.9048160510582108,0.02626270036312961,0.8723958333333333,0.9020408163265305,0.02964498299319729
xgboost,4,b112005d,relaxation,target_relaxation,True,True,xgboost__fold_04__relaxation__b112005d__weighted_aug__782251c8d068,782251c8d068200149b229dcf1b65556479a371789e9b1f426e1593a060654e5,personalized_model_predict_proba_high,fixed_probability_threshold_0.5,0.5,0.4986894558533095,305,114,419,9dbdcd9e6b37b8ffe9e4408155ab5f352c1a568c2e8bf50cdb20a55b07825f1b,0.9362381363244175,0.9442910555076215,0.008052919183203944,0.8761929302491819,0.8844537279359724,0.008260797686790555,0.11353994089517748,0.1268830884849233,-0.013343147589745821,0.46991647595180913,0.5682879655465767,-0.09837148959476755,0.7670117917745183,0.7160195570894449,-0.05099223468507341,0.8046388213053467,0.7520976764199656,-0.052541144885381086
lightgbm,4,b112005d,relaxation,target_relaxation,True,True,lightgbm__fold_04__relaxation__b112005d__weighted_aug__535d2a776d49,535d2a776d49c0a0a34e95efd2528bb2e136ebc7badbef958bad9b158cce7d51,personalized_model_predict_proba_high,fixed_probability_threshold_0.5,0.5,0.493173824435781,305,114,419,9dbdcd9e6b37b8ffe9e4408155ab5f352c1a568c2e8bf50cdb20a55b07825f1b,0.9390854184641932,0.9459016393442623,0.006816220880069057,0.8788978056036743,0.8960908933999399,0.017193087796265605,0.10125629260792501,0.10601217423265219,-0.004755881624727176,0.33059742327899166,0.36521210111680985,-0.034614677837818186,0.7335634167385677,0.740696002300834,0.007132585562266258,0.7712398731947869,0.7778347603111826,0.006594887116395665
xgboost,4,b1c2f044,relaxation,target_relaxation,True,True,xgboost__fold_04__relaxation__b1c2f044__weighted_aug__6d5052804840,6d50528048405e47f0b12714ef0ac7161b7aa14fd2ad313f5a04ba2b0810a220,personalized_model_predict_proba_high,fixed_probability_threshold_0.5,0.5,0.4905121396877803,91,229,320,a66578fc6358b6377fd715b28cc44ba82e4f6c627072916ef79d194afae6a6c7,0.9772541868611737,0.9694323144104804,-0.007821872450693323,0.9919242633217645,0.9882279858980395,-0.003696277423725025,0.05348636799497617,0.06928776352264397,-0.0158013955276678,0.20821275178517978,0.2866229578162477,-0.07841020603106791,0.912231872930563,0.8748260473151304,-0.0374058256154326,0.914975845410628,0.8914559228131007,-0.023519922597527332
lightgbm,4,b1c2f044,relaxation,target_relaxation,True,True,lightgbm__fold_04__relaxation__b1c2f044__weighted_aug__fce27daf201a,fce27daf201aa5562080bcde88c66fd1c10bec6b7c566be5f476b7d9a89b6c69,personalized_model_predict_proba_high,fixed_probability_threshold_0.5,0.5,0.4659052112832334,91,229,320,a66578fc6358b6377fd715b28cc44ba82e4f6c627072916ef79d194afae6a6c7,0.9750467872738615,0.9734152310571524,-0.0016315562167090736,0.9907077965000983,0.9898787939753009,-0.0008290025247974508,0.05211363575702921,0.060777018848997964,-0.008663383091968756,0.18454768398258242,0.20997671979738616,-0.02542903581480374,0.9077930802821632,0.8703872546667306,-0.0374058256154326,0.9174193548387097,0.8934207829473253,-0.023998571891384435
xgboost,4,d151b0c4,relaxation,target_relaxation,False,False,,,frozen_zero_shot_probability,frozen_1800s_median_midpoint_policy,0.4278750480152666,0.4278750480152666,192,145,337,f317ca8eff6675b57dda3ea9ae8d066ac9280becaff99a47e2b567aa857a2369,0.920905172413793,0.920905172413793,0.0,0.8979585273278825,0.8979585273278825,0.0,0.11194505233148946,0.11194505233148946,0.0,0.39511603942772205,0.39511603942772205,0.0,0.8470725574712643,0.8470725574712643,0.0,0.8501610634726192,0.8501610634726192,0.0
lightgbm,4,d151b0c4,relaxation,target_relaxation,False,False,,,frozen_zero_shot_probability,frozen_1800s_median_midpoint_policy,0.4150569712059341,0.4150569712059341,192,145,337,f317ca8eff6675b57dda3ea9ae8d066ac9280becaff99a47e2b567aa857a2369,0.9234554597701149,0.9234554597701149,0.0,0.9009030781487588,0.9009030781487588,0.0,0.10910702682023087,0.10910702682023087,0.0,0.35906640015721236,0.35906640015721236,0.0,0.8589619252873564,0.8589619252873564,0.0,0.8558288770053476,0.8558288770053476,0.0
xgboost,4,f1a0c120,relaxation,target_relaxation,True,True,xgboost__fold_04__relaxation__f1a0c120__weighted_aug__ed2339f00bb7,ed2339f00bb78cbecc8d88db1512a78f95966496769e666b6df70f265382a1d1,personalized_model_predict_proba_high,fixed_probability_threshold_0.5,0.5,0.6601953953504562,162,184,346,baa7eab0fb6a32246a5af58a7b3bbced7c2d21639a1946b060bd33e99960a9f6,0.9530662909286098,0.9522946859903382,-0.0007716049382716639,0.9576555305714065,0.9585358817469912,0.0008803511755847149,0.09143805573665234,0.10707146913825508,-0.015633413401602736,0.3328759175842075,0.3815395212194426,-0.04866360363523514,0.8781199677938809,0.8547705314009661,-0.023349436392914757,0.8781199677938809,0.8525408007220036,-0.02557916707187735
lightgbm,4,f1a0c120,relaxation,target_relaxation,True,True,lightgbm__fold_04__relaxation__f1a0c120__weighted_aug__722df1f75915,722df1f75915e7389777623c1284102bee9bd993f5dda2589fc6b135e84ae248,personalized_model_predict_proba_high,fixed_probability_threshold_0.5,0.5,0.7035958300943634,162,184,346,baa7eab0fb6a32246a5af58a7b3bbced7c2d21639a1946b060bd33e99960a9f6,0.9556159420289855,0.9560856146001073,0.00046967257112184857,0.9503312768842984,0.9517822349531878,0.0014509580688893964,0.08137086472179218,0.08235536967443849,-0.0009845049526463062,0.27315447363789097,0.27745255320590645,-0.004298079568015478,0.8625536768652711,0.8826825013419216,0.020128824476650542,0.8611046064295989,0.881335374371586,0.020230767941987193
xgboost,4,01c2a0d8,stress,target_stress,True,True,xgboost__fold_04__stress__01c2a0d8__weighted_aug__8d70888ed87a,8d70888ed87aeefc382ade199c9d6878eef31636524bdad284c7f385ead5a433,personalized_model_predict_proba_high,fixed_probability_threshold_0.5,0.5,0.5942364856600761,131,91,222,3b315db7bfe716727c597c423616e3406e7b2d655c9e991137fd0627217e8815,0.9695495344350307,0.9766798087408773,0.007130274305846673,0.9719043117265993,0.9772808528117851,0.005376541085185815,0.053077340963892966,0.04374558754101939,0.009331753422873575,0.2559958984721557,0.1923563613055722,0.06363953716658349,0.9436708329838102,0.9407767804714369,-0.0028940525123732908,0.9399488129174556,0.943735743854017,0.003786930936561461
lightgbm,4,01c2a0d8,stress,target_stress,True,True,lightgbm__fold_04__stress__01c2a0d8__weighted_aug__05b4f1df59e4,05b4f1df59e4187b3cf0118a6466359f9c55df0e40292e19e82dee66f0483c49,personalized_model_predict_proba_high,fixed_probability_threshold_0.5,0.5,0.6805323103666256,131,91,222,3b315db7bfe716727c597c423616e3406e7b2d655c9e991137fd0627217e8815,0.9771831222212901,0.9754215250398457,-0.0017615971814444187,0.9746546011803063,0.9753079168237353,0.0006533156434289644,0.056052160874031594,0.04818577878071009,0.007866382093321501,0.19731608980910953,0.17924939525785827,0.01806669455125126,0.9369599865783071,0.9331431926851774,-0.003816793893129722,0.9391588489511964,0.9345959595959596,-0.004562889355236743
xgboost,4,30908049,stress,target_stress,False,False,,,frozen_zero_shot_probability,frozen_1800s_median_midpoint_policy,0.4912342131137848,0.4912342131137848,47,115,162,bd791354ca5d7a4deb6ab849f96434e84f8e194838f5ddd2ef31f7587115addc,0.9670675300647549,0.9670675300647549,0.0,0.9839050502183365,0.9839050502183365,0.0,0.1689864769784948,0.1689864769784948,0.0,0.6329523252999429,0.6329523252999429,0.0,0.843940795559667,0.843940795559667,0.0,0.7837641062977794,0.7837641062977794,0.0
lightgbm,4,30908049,stress,target_stress,False,False,,,frozen_zero_shot_probability,frozen_1800s_median_midpoint_policy,0.4630854839621094,0.4630854839621094,47,115,162,bd791354ca5d7a4deb6ab849f96434e84f8e194838f5ddd2ef31f7587115addc,0.9554116558741905,0.9554116558741905,0.0,0.9771283433996008,0.9771283433996008,0.0,0.13811649049311886,0.13811649049311886,0.0,0.44001045005148676,0.44001045005148676,0.0,0.8482886216466234,0.8482886216466234,0.0,0.7896445382243142,0.7896445382243142,0.0
xgboost,4,40009139,stress,target_stress,True,True,xgboost__fold_04__stress__40009139__weighted_aug__2c3c6b6bacf9,2c3c6b6bacf9f6113b105f062c86bfbb25cc4ae42c9a6345176193b70e97b33e,personalized_model_predict_proba_high,fixed_probability_threshold_0.5,0.5,0.706661157310009,52,40,92,5169a1318cb6381b46d1ff2ffab36ed231fc8b8da1576bcf23f07942e8b9d3ec,0.9197115384615384,0.9596153846153848,0.039903846153846345,0.9175181292916895,0.95622126831939,0.038703139027700506,0.17344990811332334,0.09531257631878987,0.07813733179453347,0.51774068705264,0.2906028590067187,0.2271378280459213,0.8028846153846154,0.8567307692307693,0.05384615384615388,0.7932584269662921,0.8475378787878788,0.054279451821586666
lightgbm,4,40009139,stress,target_stress,True,True,lightgbm__fold_04__stress__40009139__weighted_aug__68d81283c1d2,68d81283c1d2c4dd4a02c2e5fc87641df7800bf559572fcfe6ba24270e5ef664,personalized_model_predict_proba_high,fixed_probability_threshold_0.5,0.5,0.7215970323279325,52,40,92,5169a1318cb6381b46d1ff2ffab36ed231fc8b8da1576bcf23f07942e8b9d3ec,0.9538461538461538,0.983173076923077,0.029326923076923195,0.9527793100033657,0.9813615870929702,0.02858227708960448,0.1480386872448578,0.06586758305665445,0.08217110418820335,0.42816305501841295,0.22072059411800196,0.207442460900411,0.8730769230769231,0.9173076923076923,0.044230769230769185,0.8685714285714285,0.9123809523809524,0.043809523809523854
xgboost,4,7092f07b,stress,target_stress,True,True,xgboost__fold_04__stress__7092f07b__weighted_aug__52b34f783936,52b34f783936c917c2e2925255af782959f33df5558118e2d9b56f794c650f13,personalized_model_predict_proba_high,fixed_probability_threshold_0.5,0.5,0.4054920896887779,118,124,242,bea54ed1febd275eb4270e9cce30456658d9c17b4fd00034434fcb40b3d4bb78,0.8417851284855112,0.9201066156369602,0.07832148715144893,0.8692379888115875,0.9366797353239946,0.06744174651240709,0.18015525873777485,0.12499341607973413,0.05516184265804072,0.558455588245309,0.43139737252809773,0.12705821571721132,0.7787725533078185,0.8411016949152542,0.062329141607435745,0.776110197368421,0.8380437580437581,0.06193356067533706
lightgbm,4,7092f07b,stress,target_stress,True,True,lightgbm__fold_04__stress__7092f07b__weighted_aug__4ed9157b3700,4ed9157b3700e40e83ab7b25f8e092d2eeb7d4553e0c833ce979f393d79248f0,personalized_model_predict_proba_high,fixed_probability_threshold_0.5,0.5,0.4042355505792079,118,124,242,bea54ed1febd275eb4270e9cce30456658d9c17b4fd00034434fcb40b3d4bb78,0.8620147621651174,0.9393794423182067,0.07736468015308928,0.8885935369853148,0.9539718990966367,0.06537836211132186,0.18006685036066253,0.0985541306959966,0.08151271966466593,0.5377897914598091,0.3391942619418684,0.19859552951794068,0.7810278840896665,0.8771869874248224,0.09615910333515587,0.7718097366766781,0.8759568069983598,0.10414707032168169
xgboost,4,8030618f,stress,target_stress,True,True,xgboost__fold_04__stress__8030618f__weighted_aug__99f6ae22dbaa,99f6ae22dbaa477fb4d594aaec01ab8ffe20a6ad4198454bdb165093eed1beb3,personalized_model_predict_proba_high,fixed_probability_threshold_0.5,0.5,0.4206368552404456,1,124,125,728dbc5d626fcb6deea620edfcf96387f659728e1ab3014ba61507aaa961ea8b,0.9435483870967742,1.0,0.056451612903225756,0.9995371574497652,1.0,0.0004628425502347655,0.49461259111984535,0.3180556736998512,0.17655691741999413,1.8141412370384187,1.1854886624701884,0.6286525745682303,0.7096774193548387,0.7903225806451613,0.08064516129032251,0.308968058968059,0.38586545729402877,0.07689739832596976
lightgbm,4,8030618f,stress,target_stress,True,True,lightgbm__fold_04__stress__8030618f__weighted_aug__57d1a1d8132b,57d1a1d8132b3fb77ac67fd5ae5f4682385250a9ad850a855a100dd36819878b,personalized_model_predict_proba_high,fixed_probability_threshold_0.5,0.5,0.3908876558926457,1,124,125,728dbc5d626fcb6deea620edfcf96387f659728e1ab3014ba61507aaa961ea8b,1.0,1.0,0.0,1.0,1.0,0.0,0.4346654101889815,0.30283128250414937,0.13183412768483216,1.262843021522925,0.883576303747076,0.37926671777584897,0.7096774193548387,0.7782258064516129,0.06854838709677413,0.308968058968059,0.37505681301699845,0.06608875404893944
xgboost,4,a1b210fc,stress,target_stress,True,True,xgboost__fold_04__stress__a1b210fc__weighted_aug__7a83ef532d5b,7a83ef532d5b4fe52dc3f37d73def27fc6bc86f56f0ff2fc923a82ffc3f74d35,personalized_model_predict_proba_high,fixed_probability_threshold_0.5,0.5,0.3421120587736368,34,90,124,95a5dabcff70f65304f14e9942d9e62df43e7475494b64949f922f802d012cd1,0.9323529411764706,0.938562091503268,0.0062091503267973636,0.9760879399114644,0.9779598509599844,0.0018719110485200252,0.11021278438426436,0.09643590309538945,0.013776881288874915,0.3273575837587629,0.3090200055196152,0.018337578239147667,0.7718954248366013,0.7993464052287582,0.027450980392156876,0.7974591651542651,0.8104619565217391,0.013002791367474065
lightgbm,4,a1b210fc,stress,target_stress,True,True,lightgbm__fold_04__stress__a1b210fc__weighted_aug__6b7f3dc0d7f2,6b7f3dc0d7f20ee027c074822c75679eace2d8d9fdf02d374e4ac936e643b1ae,personalized_model_predict_proba_high,fixed_probability_threshold_0.5,0.5,0.4244550423623682,34,90,124,95a5dabcff70f65304f14e9942d9e62df43e7475494b64949f922f802d012cd1,0.9303921568627451,0.9509803921568628,0.020588235294117685,0.9749830687308639,0.9830218578160735,0.008038789085209608,0.09980926733977723,0.08108028948927919,0.01872897785049804,0.29852931416204576,0.2549914684685801,0.04353784569346564,0.7369281045751634,0.8581699346405229,0.12124183006535949,0.7608156516946818,0.8581699346405229,0.09735428294584114
xgboost,4,b112005d,stress,target_stress,True,True,xgboost__fold_04__stress__b112005d__weighted_aug__fa35e8ce0410,fa35e8ce0410b67501a4f50312c80ebd6932f35afbb3a4435d7998fdc67194eb,personalized_model_predict_proba_high,fixed_probability_threshold_0.5,0.5,0.7321689426898956,30,260,290,920728ca85067921ce8fe6427bc81f9e42e80a4aa94ec231074e96f0aa348cdd,0.8493589743589743,0.9161538461538461,0.06679487179487176,0.978978036163747,0.9891762969244664,0.010198260760719391,0.23079162350469892,0.12160753577140655,0.10918408773329237,0.6962896635875647,0.375418986381224,0.3208706772063407,0.7256410256410256,0.8115384615384615,0.08589743589743593,0.47584046270635016,0.6858333333333333,0.20999287062698313
lightgbm,4,b112005d,stress,target_stress,True,True,lightgbm__fold_04__stress__b112005d__weighted_aug__fd11e617c8ee,fd11e617c8ee53461131920062e70e3c109e7720c3b7ab0d93ff00ce7acefcb0,personalized_model_predict_proba_high,fixed_probability_threshold_0.5,0.5,0.652855036156052,30,260,290,920728ca85067921ce8fe6427bc81f9e42e80a4aa94ec231074e96f0aa348cdd,0.846153846153846,0.8825641025641027,0.036410256410256636,0.9782259699015514,0.9831102960542897,0.004884326152738261,0.19605604256286077,0.14140576068917346,0.05465028187368731,0.5668912401606958,0.42992215763565467,0.13696908252504114,0.7185897435897436,0.7942307692307693,0.0756410256410257,0.4830659536541889,0.6554276475973432,0.17236169394315426
xgboost,4,b1c2f044,stress,target_stress,True,True,xgboost__fold_04__stress__b1c2f044__weighted_aug__e7a264f2efd7,e7a264f2efd735193213854a5b8fc213c0099326f0ea1e16e4e1f77fa80d37d9,personalized_model_predict_proba_high,fixed_probability_threshold_0.5,0.5,0.5018213321454823,77,62,139,063b0676a7d67f9255b74979f7b82651d18ed0be924f2e66936f24c02564f901,0.9178885630498533,0.9231252618349393,0.005236698785085925,0.8819434158850918,0.9077928741860315,0.025849458300939654,0.13207123187092423,0.15041434395815598,-0.018343112087231744,0.5593355136138489,0.6062129117179738,-0.046877398104124834,0.8443653121072476,0.8298072894847088,-0.014558022622538802,0.8345323741007195,0.8201438848920863,-0.014388489208633115
lightgbm,4,b1c2f044,stress,target_stress,True,True,lightgbm__fold_04__stress__b1c2f044__weighted_aug__2c5aa1b079fa,2c5aa1b079faf447505b379d7d8f63df3cca5209621b4df043e6e39c73d5c903,personalized_model_predict_proba_high,fixed_probability_threshold_0.5,0.5,0.4774580930964923,77,62,139,063b0676a7d67f9255b74979f7b82651d18ed0be924f2e66936f24c02564f901,0.9371596145789693,0.93841642228739,0.0012568077084206264,0.9208085478113216,0.9271779612703818,0.006369413459060169,0.10821664076695625,0.11622493139603332,-0.00800829062907707,0.36265253339389336,0.36426531783117944,-0.0016127844372860745,0.8719103477167993,0.8282362798491831,-0.043674067867616184,0.8632810477817466,0.8201066418180877,-0.04317440596365896
xgboost,4,d151b0c4,stress,target_stress,True,True,xgboost__fold_04__stress__d151b0c4__weighted_aug__4c106db056d6,4c106db056d604f0328d1b007e3e2550cae538310f1870305975058c4f99aa2d,personalized_model_predict_proba_high,fixed_probability_threshold_0.5,0.5,0.4784264089539647,99,221,320,f85fd5df82ba82fb3a63a5dfe50321796f10c30dde46aa0873edfbdfee7f418c,0.9182778006307419,0.9289729877965172,0.010695187165775222,0.9604571892716653,0.962009496007437,0.0015523067357716691,0.11888491337987303,0.10001401747575436,0.018870895904118667,0.4110414289439882,0.36419422004741175,0.04684720889657645,0.7518396636043695,0.8056583938936881,0.053818730289318606,0.7782397782397783,0.82635291796162,0.048113139721841724
lightgbm,4,d151b0c4,stress,target_stress,True,True,lightgbm__fold_04__stress__d151b0c4__weighted_aug__f6e2e4d1d407,f6e2e4d1d4073192707f66bd7c7bbfae60ff4197c3caa2119b8cfdbfb214c9fc,personalized_model_predict_proba_high,fixed_probability_threshold_0.5,0.5,0.5010222312372932,99,221,320,f85fd5df82ba82fb3a63a5dfe50321796f10c30dde46aa0873edfbdfee7f418c,0.9247680424151012,0.9290643996526349,0.004296357237533632,0.9648126135128121,0.9676256467966887,0.0028130332838766092,0.1116584029639657,0.10043987593223735,0.011218527031728348,0.3483754201084246,0.31748972979350193,0.030885690314922665,0.7445267151149504,0.7938205585264408,0.04929384341149046,0.7698714679846755,0.8119122257053292,0.04204075772065363
xgboost,4,f1a0c120,stress,target_stress,True,True,xgboost__fold_04__stress__f1a0c120__weighted_aug__77073101d80e,77073101d80ec7ff5f3406cef6885d42b71caee574d83fb843e1880649d806b5,personalized_model_predict_proba_high,fixed_probability_threshold_0.5,0.5,0.9268612414598464,209,135,344,4ef8bab37aa7eabc7271ef107e5cca4492000ddb115d1727e954ac2324f71f49,0.8926103136629453,0.9029948608895978,0.010384547226652496,0.8547505785913885,0.8645807758549644,0.009830197263575924,0.21989042297457978,0.12152650712722761,0.09836391584735217,0.807820801320764,0.43194629058627493,0.375874510734489,0.7934254828991671,0.8249158249158248,0.03149034201665768,0.7873492664664141,0.8314888058347545,0.044139539368340364
lightgbm,4,f1a0c120,stress,target_stress,True,True,lightgbm__fold_04__stress__f1a0c120__weighted_aug__75e772667ace,75e772667ace21266f7b3a9b010249c3b11a8b6080db60533eba8988e9c998b6,personalized_model_predict_proba_high,fixed_probability_threshold_0.5,0.5,0.9006603942076286,209,135,344,4ef8bab37aa7eabc7271ef107e5cca4492000ddb115d1727e954ac2324f71f49,0.8861952861952862,0.8732943469785575,-0.012900939216728746,0.8247915726843907,0.8353037557138319,0.010512183029441124,0.19479471115057612,0.13169595010842286,0.06309876104215326,0.6083091591109239,0.42768967092823335,0.18061948818269052,0.773524720893142,0.8037745879851144,0.030249867091972416,0.7800913242009132,0.8130004146127977,0.0329090904118845
xgboost,5,0001508a,attention,target_attention,True,True,xgboost__fold_05__attention__0001508a__weighted_aug__0ea27eb4063e,0ea27eb4063e58eed39487b8b124593954ae712e24319694829054e8c4d09cf1,personalized_model_predict_proba_high,fixed_probability_threshold_0.5,0.5,0.724830336868763,49,11,60,26d43b87ea0ae6f920fe3a9ec75da039399e76298245359bb66d20c6cd6988f2,0.8293135435992578,0.9072356215213357,0.07792207792207795,0.6577080327080327,0.7726036589672955,0.11489562625926286,0.15041654024537324,0.07974196650704239,0.07067457373833085,0.4869284945287326,0.27738602387758154,0.20954247065115106,0.7217068645640075,0.797773654916512,0.07606679035250452,0.7217068645640075,0.82,0.0982931354359925
lightgbm,5,0001508a,attention,target_attention,True,True,lightgbm__fold_05__attention__0001508a__weighted_aug__62e707ab61b4,62e707ab61b4bb59356afc39b9ef594cf8dd42cc14abf37dbf41297ab6bb9e0f,personalized_model_predict_proba_high,fixed_probability_threshold_0.5,0.5,0.7533073601262145,49,11,60,26d43b87ea0ae6f920fe3a9ec75da039399e76298245359bb66d20c6cd6988f2,0.8589981447124304,0.9294990723562152,0.0705009276437848,0.5622486838287112,0.830994005994006,0.2687453221652948,0.15878670958562235,0.07671214361948302,0.08207456596613934,0.49798957778460634,0.25955187211762343,0.2384377056669829,0.6512059369202227,0.8432282003710575,0.19202226345083484,0.673202614379085,0.8556998556998556,0.1824972413207706
xgboost,5,0110f12e,attention,target_attention,True,True,xgboost__fold_05__attention__0110f12e__weighted_aug__311d5fb624a2,311d5fb624a2bb59bd0a53cdfa3cbca482bcac65640de6535bf22bf2fa5efc99,personalized_model_predict_proba_high,fixed_probability_threshold_0.5,0.5,0.5126315318048,132,194,326,de27c37c9a269aca55e18311f3a4b14e9c0989f38008f19c4d59acf7bd86d3aa,0.8023273976882225,0.8079896907216495,0.005662293033427024,0.8510578102362202,0.8658740026658305,0.014816192429610298,0.20816159845985002,0.2112792727360165,-0.0031176742761664655,0.7796667160677213,0.8331223977889199,-0.053455681721198633,0.7255154639175257,0.7533973758200563,0.027881911902530532,0.717216201016138,0.7427628889501554,0.025546687934017376
lightgbm,5,0110f12e,attention,target_attention,True,True,lightgbm__fold_05__attention__0110f12e__weighted_aug__db52d362a325,db52d362a3252312432841cc52e154bfaa8276a0a30072774ee0fd587909d1b2,personalized_model_predict_proba_high,fixed_probability_threshold_0.5,0.5,0.5715634122146561,132,194,326,de27c37c9a269aca55e18311f3a4b14e9c0989f38008f19c4d59acf7bd86d3aa,0.817986566697907,0.803030303030303,-0.014956263667604053,0.8662816016006407,0.85756918583796,-0.00871241576268067,0.17961345750314867,0.19925825248720638,-0.019644794984057717,0.5766304152956896,0.6184448411476287,-0.04181442585193906,0.757029053420806,0.7339893783192752,-0.02303967510153071,0.7436402740011558,0.7194624906616736,-0.024177783339482284
xgboost,5,0182e16c,attention,target_attention,True,True,xgboost__fold_05__attention__0182e16c__weighted_aug__cf0e6d141fd8,cf0e6d141fd875040c3d4e90d6d00c138bef3c527745a60ece05946f906c4ffe,personalized_model_predict_proba_high,fixed_probability_threshold_0.5,0.5,0.3577373959124088,150,111,261,6f919459db5382b81772edda72e8a1ed908d59b7a87e4c13811af2f9c521d7a5,0.8750750750750751,0.8101501501501501,-0.06492492492492496,0.7579649315745213,0.7221701297298403,-0.03579480184468098,0.14394981338893564,0.18665716928452597,-0.042707355895590327,0.5966016682604641,0.7918074668377791,-0.19520579857731502,0.8371171171171171,0.7758558558558558,-0.0612612612612613,0.8269358284830177,0.778249787595582,-0.048686040887435666
lightgbm,5,0182e16c,attention,target_attention,True,True,lightgbm__fold_05__attention__0182e16c__weighted_aug__d87cea37d908,d87cea37d9088c892037febe0fd186766e523be7b2bd32441e73f82916dd0e25,personalized_model_predict_proba_high,fixed_probability_threshold_0.5,0.5,0.4712262449271412,150,111,261,6f919459db5382b81772edda72e8a1ed908d59b7a87e4c13811af2f9c521d7a5,0.8868468468468468,0.8347747747747748,-0.052072072072071984,0.7601953150414462,0.7515376723863915,-0.008657642655054754,0.13034722409039498,0.16556927297878032,-0.03522204888838534,0.44343601380096476,0.5336479204371408,-0.09021190663617606,0.8279279279279279,0.7863963963963965,-0.04153153153153144,0.8221227924617756,0.7827586206896551,-0.03936417177212048
xgboost,5,2182c1cd,attention,target_attention,True,True,xgboost__fold_05__attention__2182c1cd__weighted_aug__92549f3aedc7,92549f3aedc7082e4e95ab80ff32d6936d5ccc033437bd87893aa9530c049328,personalized_model_predict_proba_high,fixed_probability_threshold_0.5,0.5,0.5355384424328804,94,65,159,b61b92a7ad08aff171493e66df0cb767cc3c794da75a756e7f200637178ab325,0.8103109656301146,0.8096563011456629,-0.000654664484451728,0.7706255814024714,0.7395934079380063,-0.031032173464465074,0.24527702995884576,0.22996850876296338,0.015308521195882385,0.8010986876204085,0.7681646688391977,0.03293401878121083,0.6813420621931261,0.7203764320785597,0.03903436988543363,0.6538689887195726,0.69162873540471,0.037759746685137485
lightgbm,5,2182c1cd,attention,target_attention,True,True,lightgbm__fold_05__attention__2182c1cd__weighted_aug__28d77cfd7182,28d77cfd7182289f949a72e35f80b829b583a181eed97cda660f0d88b9d44e68,personalized_model_predict_proba_high,fixed_probability_threshold_0.5,0.5,0.4965277131207165,94,65,159,b61b92a7ad08aff171493e66df0cb767cc3c794da75a756e7f200637178ab325,0.8129296235679214,0.8153846153846154,0.002454991816693952,0.7353955903374637,0.7592510859831741,0.023855495645710434,0.21782153153451933,0.20927718920075009,0.008544342333769245,0.6470698967094265,0.6080642531160895,0.039005643593337025,0.6855155482815057,0.717430441898527,0.03191489361702127,0.6454284804077732,0.6849239061509195,0.03949542574314624
xgboost,5,219060fa,attention,target_attention,True,True,xgboost__fold_05__attention__219060fa__weighted_aug__078287f79d6f,078287f79d6f7f95021476504fca70cc2306fbc07aa1632e06bc0c9cd9639241,personalized_model_predict_proba_high,fixed_probability_threshold_0.5,0.5,0.4655016111209988,95,107,202,9424d93ce8f8119a77ef7179f6a3badbb9796bbf90e9da7df9c4148694dbbcee,0.8735858337432365,0.9341859321200197,0.06060009837678315,0.8733161192649438,0.941129047179883,0.0678129279149392,0.18380625455020366,0.11146883635983033,0.07233741819037333,0.5811123167777655,0.3386771538354407,0.2424351629423248,0.7540088539104771,0.848057058534186,0.09404820462370889,0.7464747139165744,0.8464405699011746,0.09996585598460017
lightgbm,5,219060fa,attention,target_attention,True,True,lightgbm__fold_05__attention__219060fa__weighted_aug__bbf8e60116bf,bbf8e60116bf6d7bb1307b8be082f2a81d4eb742b9870e3bed3ca65a6197137d,personalized_model_predict_proba_high,fixed_probability_threshold_0.5,0.5,0.4466642163605731,95,107,202,9424d93ce8f8119a77ef7179f6a3badbb9796bbf90e9da7df9c4148694dbbcee,0.8835218888342351,0.932808657156911,0.04928676832267587,0.8940224823595125,0.9376221320587222,0.04359964969920971,0.1446465755098056,0.10785370089943529,0.03679287461037033,0.44893600122678856,0.3379282951249423,0.11100770610184624,0.7995573044761436,0.8387112641416625,0.039153959665518934,0.7970247285738794,0.8365976222576296,0.039572893683750165
xgboost,5,71e10186,attention,target_attention,True,True,xgboost__fold_05__attention__71e10186__weighted_aug__767b3d2991fe,767b3d2991fe7593581544d43e723b7ade65e801c7f5d0ef8b3f04d8f8a28830,personalized_model_predict_proba_high,fixed_probability_threshold_0.5,0.5,0.5033498452976346,185,251,436,36d3d0ed6f708739c5e744fa82ed69d1f2d06e60621af4636d542b9db36149b5,0.9841498869387315,0.9879185958867234,0.003768708947991861,0.9789166475852457,0.9884455811746566,0.009528933589410982,0.0383592268080395,0.03772348292440605,0.0006357438836334522,0.14705953694957216,0.1319065162651952,0.015153020684376961,0.942812533649187,0.9415311726068698,-0.0012813610423172417,0.9456391519534235,0.9434109197888725,-0.002228232164551036
lightgbm,5,71e10186,attention,target_attention,True,True,lightgbm__fold_05__attention__71e10186__weighted_aug__b6772a429021,b6772a429021f8eac2440cacdc25ece2dc16bcc3509122af6c877621960c47bb,personalized_model_predict_proba_high,fixed_probability_threshold_0.5,0.5,0.5448245720580552,185,251,436,36d3d0ed6f708739c5e744fa82ed69d1f2d06e60621af4636d542b9db36149b5,0.9765478626036395,0.9760310110907721,-0.0005168515128674,0.9719068419380816,0.9618154142448103,-0.010091427693271315,0.052867493801458415,0.04584811582292233,0.007019377978536086,0.2129047106488303,0.1981831461949462,0.01472156445388409,0.9442338753095725,0.9642941746527405,0.020060299343167998,0.9458107049255626,0.966937493229336,0.021126788303773347
xgboost,5,8191f1d9,attention,target_attention,True,True,xgboost__fold_05__attention__8191f1d9__weighted_aug__9b55446d06ab,9b55446d06abd4d02a4cad710f1cda51f89a743fb2a2230c6d2ddce806d74e5f,personalized_model_predict_proba_high,fixed_probability_threshold_0.5,0.5,0.4623711332678795,94,337,431,33d4e3638a3dab0d04624a4ae5b8823cabbc1b38c497e63483e6a1632c682482,0.8481911736852075,0.8305448576299009,-0.017646316055306532,0.9492009220666782,0.94063657153616,-0.008564350530518183,0.1266508320465849,0.13997747247413347,-0.01332664042754858,0.4059010097287915,0.4525377621599378,-0.04663675243114629,0.730601679398952,0.7349422312014647,0.004340551802512693,0.7405006392016166,0.7269340864852487,-0.013566552716367863
lightgbm,5,8191f1d9,attention,target_attention,True,True,lightgbm__fold_05__attention__8191f1d9__weighted_aug__ab381ffec9f4,ab381ffec9f4cd67eb081b8bf1119d572358b08e3ce3aacf8b63c0332e84f070,personalized_model_predict_proba_high,fixed_probability_threshold_0.5,0.5,0.365472007878457,94,337,431,33d4e3638a3dab0d04624a4ae5b8823cabbc1b38c497e63483e6a1632c682482,0.8623334806490309,0.8605972599280258,-0.0017362207210050995,0.9534480119507939,0.954344748154885,0.000896736204091142,0.1392956329460623,0.13336594902905294,0.0059296839170093485,0.43340486148764934,0.42147488568200664,0.0119299758056427,0.7456910158469601,0.7600542963570932,0.014363280510133136,0.7572554996024383,0.7454794172391368,-0.011776082363301521
xgboost,5,81e150c1,attention,target_attention,False,False,,,frozen_zero_shot_probability,frozen_1800s_median_midpoint_policy,0.5,0.5,165,45,210,6654403cbb75e8273b8b6b98465ff10e776f43cd40d699f74383397b51b2c6ea,0.8464646464646465,0.8464646464646465,0.0,0.5918997176096025,0.5918997176096025,0.0,0.12429556986502391,0.12429556986502391,0.0,0.41350958542637306,0.41350958542637306,0.0,0.7515151515151515,0.7515151515151515,0.0,0.7556133625410734,0.7556133625410734,0.0
lightgbm,5,81e150c1,attention,target_attention,False,False,,,frozen_zero_shot_probability,frozen_1800s_median_midpoint_policy,0.5,0.5,165,45,210,6654403cbb75e8273b8b6b98465ff10e776f43cd40d699f74383397b51b2c6ea,0.8414814814814815,0.8414814814814815,0.0,0.49287827639221204,0.49287827639221204,0.0,0.13122626825504327,0.13122626825504327,0.0,0.40451379681645777,0.40451379681645777,0.0,0.6595959595959596,0.6595959595959596,0.0,0.6711460723260133,0.6711460723260133,0.0
xgboost,5,c1a150b1,attention,target_attention,True,True,xgboost__fold_05__attention__c1a150b1__weighted_aug__712c3668c257,712c3668c257d15894160f37a2fddb03f9d853782d04a5d3dd7b23de7a272ba2,personalized_model_predict_proba_high,fixed_probability_threshold_0.5,0.5,0.4980326350778341,142,182,324,64c62c63afcbd91f0d016205c4388f2799cee00cc0b09aadce06778ca5ba7915,0.8547438477015942,0.8296316359696643,-0.0251122117319299,0.8891452339869399,0.8700934306863585,-0.019051803300581427,0.19931360406029025,0.25702015445214715,-0.0577065503918569,0.6330021358685349,0.9390102852232298,-0.3060081493546949,0.7009750812567714,0.658373316824021,-0.04260176443275043,0.6997978436657681,0.6449216804118005,-0.0548761632539676
lightgbm,5,c1a150b1,attention,target_attention,True,True,lightgbm__fold_05__attention__c1a150b1__weighted_aug__3bb70a8d2fdb,3bb70a8d2fdbfd6fab7158a4ae1461d250a49fca964025df3cba2c179ee98ea2,personalized_model_predict_proba_high,fixed_probability_threshold_0.5,0.5,0.5428625279163126,142,182,324,64c62c63afcbd91f0d016205c4388f2799cee00cc0b09aadce06778ca5ba7915,0.8598127224887789,0.8596579476861167,-0.00015477480266223864,0.8656306816293493,0.8889252274538022,0.023294545824452895,0.18157857863934837,0.24314079798523888,-0.06156221934589051,0.5448469685183466,0.7531284774187254,-0.20828150890037878,0.7229531032347933,0.6255610586596502,-0.09739204457514317,0.7222222222222222,0.5925965097831836,-0.12962571243903864
xgboost,5,f121f1e0,attention,target_attention,True,True,xgboost__fold_05__attention__f121f1e0__weighted_aug__47c494a6e820,47c494a6e820d084598279eebb531ebdf714d2bf42999790d76b1812e45adc4a,personalized_model_predict_proba_high,fixed_probability_threshold_0.5,0.5,0.4511674288660288,122,219,341,d35f252be9c6dce0e5778c32968ca756253e975042d91193f0d747a252a1adfb,0.7820570401976196,0.8294782543603563,0.0474212141627367,0.8560538497303987,0.890753066666246,0.03469921693584732,0.27960784500237723,0.24862881921570779,0.030979025786669445,0.9948876531832221,0.8489472001757766,0.14594045300744551,0.6806460064376076,0.7112059285874691,0.030559922149861474,0.6458737191913597,0.6775119949330626,0.03163827574170286
lightgbm,5,f121f1e0,attention,target_attention,True,True,lightgbm__fold_05__attention__f121f1e0__weighted_aug__7d259b4fc558,7d259b4fc5582371bae3f145e870a940c3e826d372b1ac545acd41b51eab0862,personalized_model_predict_proba_high,fixed_probability_threshold_0.5,0.5,0.4714012286668523,122,219,341,d35f252be9c6dce0e5778c32968ca756253e975042d91193f0d747a252a1adfb,0.8139082266636724,0.8685156074556478,0.05460738079197547,0.8888418602452176,0.9232183983741249,0.034376538128907286,0.19222649078370854,0.16689320104363167,0.02533328974007687,0.5662901466684791,0.4980710988719851,0.06821904779649401,0.7240811437981884,0.7555206228011079,0.031439479002919435,0.7064545043086234,0.7345176587161157,0.028063154407492297
xgboost,5,0001508a,engagement,target_engagement,True,True,xgboost__fold_05__engagement__0001508a__weighted_aug__5fefc5bf07b0,5fefc5bf07b0cbac554c48e0cd1312e82059101653d67bc5667851390a3db666,personalized_model_predict_proba_high,fixed_probability_threshold_0.5,0.5,0.1653085595207812,34,68,102,fcce3680fa7beb162dc83d583f5ec4062fb67da959d3903be556c50bcbe44a85,0.926470588235294,0.9390138408304499,0.012543252595155874,0.9297502911103792,0.9556359372969838,0.025885646186604605,0.27310041495709286,0.19098756676339448,0.08211284819369838,0.979650723879707,0.639690374791497,0.33996034908820993,0.8014705882352942,0.7941176470588236,-0.007352941176470562,0.7664044608184806,0.7415204678362572,-0.024883992982223324
lightgbm,5,0001508a,engagement,target_engagement,True,True,lightgbm__fold_05__engagement__0001508a__weighted_aug__0653e69d6e2e,0653e69d6e2eea59b7e01ec5b8ccfe2065eeaaa908427823a45cac0e875834fb,personalized_model_predict_proba_high,fixed_probability_threshold_0.5,0.5,0.1780087058630681,34,68,102,fcce3680fa7beb162dc83d583f5ec4062fb67da959d3903be556c50bcbe44a85,0.9368512110726644,0.9329584775086506,-0.0038927335640138727,0.9469320864022273,0.94982849914759,0.0028964127453627864,0.16025656444635103,0.18179123775061193,-0.0215346733042609,0.47759369873413476,0.5552202052136854,-0.07762650647955066,0.9044117647058824,0.7867647058823529,-0.11764705882352944,0.9014492753623189,0.7321793250996791,-0.1692699502626398
xgboost,5,0110f12e,engagement,target_engagement,True,True,xgboost__fold_05__engagement__0110f12e__weighted_aug__8bb46eb2dbc6,8bb46eb2dbc6694b7b71f782c095ef7efd85ad3e5a64e1c13d6d862d6a93999f,personalized_model_predict_proba_high,fixed_probability_threshold_0.5,0.5,0.6898272484540939,143,190,333,2a1ea53c775c18dc4b8bd55c1828be144e891962ee6a5d557783405fcb989bba,0.9389032020610968,0.9571954361428046,0.01829223408170777,0.9421017157573937,0.963679606171636,0.021577890414242296,0.10598449949341769,0.09472478031740157,0.01125971917601612,0.38833937484962133,0.3161309601696157,0.0722084146800056,0.8486382039013618,0.8600662495399337,0.011428045638571915,0.8534454505445113,0.8675066312997348,0.014061180755223557
lightgbm,5,0110f12e,engagement,target_engagement,True,True,lightgbm__fold_05__engagement__0110f12e__weighted_aug__b5f89edaa2e9,b5f89edaa2e97911c942a5874f63117ed8b61cc7b6fd28e8e4e96596ec4cd0c0,personalized_model_predict_proba_high,fixed_probability_threshold_0.5,0.5,0.676899362771368,143,190,333,2a1ea53c775c18dc4b8bd55c1828be144e891962ee6a5d557783405fcb989bba,0.939124033860876,0.9531836584468163,0.014059624585940345,0.948634729508374,0.95702822008556,0.00839349057718597,0.10635290598729584,0.08570245602447024,0.0206504499628256,0.3419889516783848,0.28452943069680997,0.05745952098157481,0.865218991534781,0.867096061832904,0.001877070298123007,0.8673835125448028,0.8760841562902533,0.008700643745450432
xgboost,5,0182e16c,engagement,target_engagement,True,True,xgboost__fold_05__engagement__0182e16c__weighted_aug__111c7e7d7215,111c7e7d7215f4209e52afd6f19401242e90555af50277ac26beaa7d43bfffa7,personalized_model_predict_proba_high,fixed_probability_threshold_0.5,0.5,0.7579803466796875,86,164,250,4e829c341107560176f571e9d8e23fbf22c595410c2b7d891e19bde13d5a8eaf,0.7091605218377764,0.8871951219512195,0.17803460011344308,0.7952566398314584,0.8997131266250438,0.10445648679358532,0.2523645509019424,0.17682704525969853,0.07553750564224385,0.7605740381551277,0.5548667857791031,0.2057072523760246,0.6176262053318208,0.7600680657969371,0.1424418604651163,0.5599718381976446,0.729064039408867,0.16909220121122237
lightgbm,5,0182e16c,engagement,target_engagement,True,True,lightgbm__fold_05__engagement__0182e16c__weighted_aug__ea3b74921c7f,ea3b74921c7f212032672204ec2f6eccdf31d0625c310f20161fa31f5319fbc7,personalized_model_predict_proba_high,fixed_probability_threshold_0.5,0.5,0.709704656904282,86,164,250,4e829c341107560176f571e9d8e23fbf22c595410c2b7d891e19bde13d5a8eaf,0.7850964265456608,0.8899602949517867,0.10486386840612594,0.8575311372363773,0.9037848625018653,0.04625372526548799,0.18283948229317987,0.1684136238872573,0.01442585840592256,0.5349886667792562,0.48821256416299413,0.04677610261626203,0.6356352807714124,0.7625496313102667,0.12691435053885425,0.5798319327731092,0.7266421868625051,0.14681025408939596
xgboost,5,2182c1cd,engagement,target_engagement,True,True,xgboost__fold_05__engagement__2182c1cd__weighted_aug__0bbd00544f8b,0bbd00544f8b0fa435d843908dededd28dc182a0ca40050c85033b9dcbdd8b17,personalized_model_predict_proba_high,fixed_probability_threshold_0.5,0.5,0.8168604075908661,89,77,166,8768395083ceedc21bd6c15154336d7cdd2da40cc337b3ed7f185e9e1e2373e6,0.7745512914052239,0.8784473953013279,0.10389610389610393,0.7140022923396021,0.8465762781057231,0.132573985766121,0.3041072544942114,0.18780481226097226,0.11630244223323913,1.2758823466550415,0.714041323437648,0.5618410232173935,0.6926163723916532,0.7791478184736611,0.08653144608200791,0.6764846479132194,0.7604617604617605,0.08397711254854112
lightgbm,5,2182c1cd,engagement,target_engagement,True,True,lightgbm__fold_05__engagement__2182c1cd__weighted_aug__ab15f29128fe,ab15f29128fe54ee04db28e567e8a108b4bd6cfbd5d97c87bed8b15b24d023d8,personalized_model_predict_proba_high,fixed_probability_threshold_0.5,0.5,0.7092108908596265,89,77,166,8768395083ceedc21bd6c15154336d7cdd2da40cc337b3ed7f185e9e1e2373e6,0.8161389172625128,0.8864730774843135,0.07033416022180072,0.7317740572386247,0.8524700909761358,0.12069603373751114,0.2363686513393679,0.1825026987291107,0.0538659526102572,0.7732480045123693,0.5587682405460449,0.2144797639663244,0.7466802860061287,0.7380709178461987,-0.008609368159929964,0.7317861339600471,0.715922619047619,-0.0158635149124281
xgboost,5,219060fa,engagement,target_engagement,True,True,xgboost__fold_05__engagement__219060fa__weighted_aug__0aac99427944,0aac99427944b76c1d26055f18b2ef9e1895cee5c2928354c54677855f806826,personalized_model_predict_proba_high,fixed_probability_threshold_0.5,0.5,0.1599499025760451,134,84,218,9ad8806d75ce61d4c1a769240d565fb9e1be151e74c4fc6743016fdabcb4a7fb,0.9233297796730633,0.9186211798152097,-0.004708599857853546,0.8759838299651643,0.8721024478437791,-0.003881382121385224,0.264039059660208,0.21774314565904954,0.046295914001158484,1.1177076906732366,0.8315761933842037,0.28613149728903287,0.6852345415778252,0.6376154939587776,-0.04761904761904756,0.6895569620253165,0.6275352733686067,-0.06202168865670976
lightgbm,5,219060fa,engagement,target_engagement,True,True,lightgbm__fold_05__engagement__219060fa__weighted_aug__ab4d5f0ec9d8,ab4d5f0ec9d894d3066997ed3aed1440f73ea999f7cf94c938bd8ca800845538,personalized_model_predict_proba_high,fixed_probability_threshold_0.5,0.5,0.2122550043693933,134,84,218,9ad8806d75ce61d4c1a769240d565fb9e1be151e74c4fc6743016fdabcb4a7fb,0.9208422174840086,0.9241293532338308,0.003287135749822201,0.8630647153956235,0.866111024079363,0.0030463086837395625,0.22523098187845086,0.18051094772863305,0.04472003414981782,0.690345171646066,0.5558890017701215,0.13445616987594455,0.7194385216773276,0.6792821606254442,-0.04015636105188336,0.7302729591192587,0.682156774381677,-0.048116184737581724
xgboost,5,71e10186,engagement,target_engagement,False,False,,,frozen_zero_shot_probability,frozen_1800s_median_midpoint_policy,0.5066858124919236,0.5066858124919236,277,174,451,0905a93420505ee04681b4d011a8db2f0efb95b149d0a482d1f352698e9dc8f4,0.9884020083820906,0.9884020083820906,0.0,0.9833963970333295,0.9833963970333295,0.0,0.04518517479646346,0.04518517479646346,0.0,0.14560123029673952,0.14560123029673952,0.0,0.9351632847836009,0.9351632847836009,0.0,0.9305270292474532,0.9305270292474532,0.0
lightgbm,5,71e10186,engagement,target_engagement,False,False,,,frozen_zero_shot_probability,frozen_1800s_median_midpoint_policy,0.5587976981098327,0.5587976981098327,277,174,451,0905a93420505ee04681b4d011a8db2f0efb95b149d0a482d1f352698e9dc8f4,0.9861819992530811,0.9861819992530811,0.0,0.9806083455968311,0.9806083455968311,0.0,0.05102798780339106,0.05102798780339106,0.0,0.18325713175544533,0.18325713175544533,0.0,0.9349039379227353,0.9349039379227353,0.0,0.9386330332844882,0.9386330332844882,0.0
xgboost,5,8191f1d9,engagement,target_engagement,True,True,xgboost__fold_05__engagement__8191f1d9__weighted_aug__cca40c362c1b,cca40c362c1b426c68f713e6ed733d053688a98ca963c0e0723d68e91a82188a,personalized_model_predict_proba_high,fixed_probability_threshold_0.5,0.5,0.5,490,23,513,4e471f685c421c8f5f228c83cb601ac1b1acb50313bead70a1edf37a7dc073ee,0.7635314995563443,0.9724933451641526,0.2089618456078084,0.14757189585084685,0.704521336697459,0.5569494408466121,0.4219662426623333,0.3528898554202481,0.0690763872420852,1.4353375796711991,1.2214099949690869,0.21392758470211226,0.7071428571428572,0.7551020408163265,0.0479591836734693,0.361998361998362,0.41825741825741825,0.05625905625905625
lightgbm,5,8191f1d9,engagement,target_engagement,True,True,lightgbm__fold_05__engagement__8191f1d9__weighted_aug__7a6b32d9015a,7a6b32d9015af43af45ce3044580c64757b265beecd949201aba8e45eccfdd67,personalized_model_predict_proba_high,fixed_probability_threshold_0.5,0.5,0.8753324068440369,490,23,513,4e471f685c421c8f5f228c83cb601ac1b1acb50313bead70a1edf37a7dc073ee,0.895829636202307,0.991659272404614,0.095829636202307,0.33719253058989807,0.8457644060595332,0.5085718754696351,0.39430806258577233,0.3230827976656314,0.07122526492014092,1.1087811510147132,0.9438081604559772,0.16497299055873604,0.7879325643300799,0.7438775510204082,-0.04405501330967165,0.5942052980132451,0.40528744232447933,-0.18891785568876573
xgboost,5,81e150c1,engagement,target_engagement,True,True,xgboost__fold_05__engagement__81e150c1__weighted_aug__366bea3f83ef,366bea3f83efa9ae8ec8986cfdab2be5f80595bc21580825a92111dd85e1ea9c,personalized_model_predict_proba_high,fixed_probability_threshold_0.5,0.5,0.1997781507670879,72,171,243,b9b21e1f06cea130f669aa583ab532190e4b40e20775591068c52b1645dc6d66,0.9394899285250162,0.9373781676413255,-0.0021117608836906943,0.958099307410459,0.9683112179059565,0.010211910495497523,0.15676750019081676,0.09262245589397539,0.06414504429684137,0.5218854443570657,0.300326602842806,0.22155884151425975,0.868421052631579,0.8494152046783625,-0.01900584795321647,0.8425925925925926,0.8342266835591072,-0.00836590903348533
lightgbm,5,81e150c1,engagement,target_engagement,True,True,lightgbm__fold_05__engagement__81e150c1__weighted_aug__3d6af43930bb,3d6af43930bb147315b92a82d623466ba52f87f8154798bf331a92c1670fdcf6,personalized_model_predict_proba_high,fixed_probability_threshold_0.5,0.5,0.1474942683431968,72,171,243,b9b21e1f06cea130f669aa583ab532190e4b40e20775591068c52b1645dc6d66,0.9472871994801819,0.9528914879792072,0.005604288499025278,0.9757432084118739,0.9775429419430672,0.0017997335311933371,0.1697543970303903,0.0960810349090889,0.0736733621213014,0.5323975249126398,0.31438830547061775,0.21800921944202206,0.875,0.868421052631579,-0.006578947368421018,0.8616852146263911,0.8425925925925926,-0.01909262203379858
xgboost,5,c1a150b1,engagement,target_engagement,True,True,xgboost__fold_05__engagement__c1a150b1__weighted_aug__a668ed0f3753,a668ed0f375379d17260d502503bfb77de6dfcfc896f95285bdf1026244e1d9f,personalized_model_predict_proba_high,fixed_probability_threshold_0.5,0.5,0.0039547950727865,78,251,329,8f557d984488b50ddfc0c4200e79b56c50140033a49eab39337e11804e51d355,0.8758810910205332,0.8537133517213198,-0.02216773929921345,0.9502286527395105,0.9408570862008574,-0.00937156653865312,0.6581983692406036,0.4473238584781922,0.21087451076241137,4.081709763025552,1.7641038598520937,2.317605903173458,0.714960670139953,0.6321636530799878,-0.08279701705996523,0.5889057175312382,0.4589615668883962,-0.12994415064284204
lightgbm,5,c1a150b1,engagement,target_engagement,True,True,lightgbm__fold_05__engagement__c1a150b1__weighted_aug__b88fa77809d3,b88fa77809d3ac348e122920bb0589d43be162cdea5ba4750cd9e2d4a02f4176,personalized_model_predict_proba_high,fixed_probability_threshold_0.5,0.5,0.0563767408275411,78,251,329,8f557d984488b50ddfc0c4200e79b56c50140033a49eab39337e11804e51d355,0.92088058024313,0.8730207375625703,-0.04785984268055976,0.9735153335081915,0.9517295113932984,-0.021785822114893105,0.5992760127646495,0.3233226801308242,0.27595333263382527,2.069448488441634,0.9642358843528506,1.1052126040887837,0.7660639493308816,0.672004290530187,-0.09405965880069467,0.6430265495223006,0.5177922077922078,-0.12523434173009285
xgboost,5,f121f1e0,engagement,target_engagement,False,False,,,frozen_zero_shot_probability,frozen_1800s_median_midpoint_policy,0.5,0.5,128,225,353,5f4ac91153295679dfdbedad289583c24815dec183a349fd6236b1f9d74ab06d,0.9198958333333332,0.9198958333333332,0.0,0.9546399351021883,0.9546399351021883,0.0,0.1258680896000523,0.1258680896000523,0.0,0.4688771684366786,0.4688771684366786,0.0,0.8065104166666667,0.8065104166666667,0.0,0.8194373401534527,0.8194373401534527,0.0
lightgbm,5,f121f1e0,engagement,target_engagement,False,False,,,frozen_zero_shot_probability,frozen_1800s_median_midpoint_policy,0.5,0.5,128,225,353,5f4ac91153295679dfdbedad289583c24815dec183a349fd6236b1f9d74ab06d,0.9271180555555556,0.9271180555555556,0.0,0.951045290063702,0.951045290063702,0.0,0.11078901677821933,0.11078901677821933,0.0,0.36028270644434923,0.36028270644434923,0.0,0.8053645833333334,0.8053645833333334,0.0,0.8206052206052206,0.8206052206052206,0.0
xgboost,5,0001508a,excitement,target_excitement,True,True,xgboost__fold_05__excitement__0001508a__weighted_aug__d722f073db1e,d722f073db1e56c4f9025f5052a84acc0cba8f9c65180f898d987a6c7c09d629,personalized_model_predict_proba_high,fixed_probability_threshold_0.5,0.5,0.5067518488503993,27,47,74,0b094782358b6530b924f0b10adf1a6bcddcfd8c6bdb0f644b7b03bd4165ee99,0.9763593380614657,0.9842395587076438,0.007880220646178104,0.9886315137075017,0.992804508252675,0.004172994545173281,0.06343926161970823,0.03732851736038649,0.026110744259321736,0.19473340574925457,0.14867187588129485,0.04606152986795972,0.9018912529550827,0.9310480693459418,0.029156816390859097,0.8987292277614858,0.9276637341153471,0.0289345063538613
lightgbm,5,0001508a,excitement,target_excitement,True,True,lightgbm__fold_05__excitement__0001508a__weighted_aug__a26985bdc98e,a26985bdc98e1fb6681b859fe951b56cf7e3d5848f9080b25e59983e1187ed47,personalized_model_predict_proba_high,fixed_probability_threshold_0.5,0.5,0.5226674146217413,27,47,74,0b094782358b6530b924f0b10adf1a6bcddcfd8c6bdb0f644b7b03bd4165ee99,0.9802994483845547,0.9866036249014972,0.0063041765169424835,0.9912979032208258,0.9935866160384097,0.0022887128175839155,0.05833462605680489,0.03821012525975951,0.020124500797045378,0.19049697870230145,0.132452507906742,0.05804447079555944,0.8861308116627266,0.9416863672182821,0.05555555555555558,0.8952900747928038,0.9416863672182821,0.04639629242547838
xgboost,5,0110f12e,excitement,target_excitement,True,True,xgboost__fold_05__excitement__0110f12e__weighted_aug__5c3c46c3e609,5c3c46c3e609054bcb8f117c9416bcc526ed82cf903a225de1ee5733f22609f3,personalized_model_predict_proba_high,fixed_probability_threshold_0.5,0.5,0.5010944014065899,146,162,308,4a1ee735f5a95e473f34f5ab4268a0850097486c5bc8da107ee303c756a267a7,0.8992897006595637,0.8932437003213258,-0.006046000338237878,0.9228043804115333,0.921857475674261,-0.0009469047372723249,0.15368460800425232,0.14776098363620363,0.005923624368048691,0.6880959228217737,0.7352486858820954,-0.04715276306032168,0.817309318450871,0.8409436834094368,0.023634364958565857,0.8149331140697638,0.8376007086514532,0.022667594581689432
lightgbm,5,0110f12e,excitement,target_excitement,True,True,lightgbm__fold_05__excitement__0110f12e__weighted_aug__eae2e9bad877,eae2e9bad877979c60aa3450820aa71a4c7de3dee421439c76ea68d1626fb93c,personalized_model_predict_proba_high,fixed_probability_threshold_0.5,0.5,0.5074499305494502,146,162,308,4a1ee735f5a95e473f34f5ab4268a0850097486c5bc8da107ee303c756a267a7,0.9034331134787755,0.9029257568070354,-0.0005073566717401778,0.926221516748803,0.9274597200324293,0.0012382032836262269,0.13512259663872747,0.13676025242859946,-0.001637655789871989,0.4600664477736441,0.48015418801665977,-0.020087740243015684,0.8340943683409436,0.8285980043970911,-0.005496363943852556,0.8311403508771931,0.824490312777004,-0.0066500381001890485
xgboost,5,0182e16c,excitement,target_excitement,False,False,,,frozen_zero_shot_probability,frozen_1800s_median_midpoint_policy,0.4941783798858523,0.4941783798858523,223,26,249,a5ded7290f00a798a63186ddae6ab6182d64ac41e9be214d4b119c2ac5e7f9da,0.9841324594687824,0.9841324594687824,0.0,0.9326833932025933,0.9326833932025933,0.0,0.021830599083194964,0.021830599083194964,0.0,0.09404806773077579,0.09404806773077579,0.0,0.9525698516729907,0.9525698516729907,0.0,0.9376876876876876,0.9376876876876876,0.0
lightgbm,5,0182e16c,excitement,target_excitement,False,False,,,frozen_zero_shot_probability,frozen_1800s_median_midpoint_policy,0.4720144533390508,0.4720144533390508,223,26,249,a5ded7290f00a798a63186ddae6ab6182d64ac41e9be214d4b119c2ac5e7f9da,0.9887892376681615,0.9887892376681615,0.0,0.9424381629125644,0.9424381629125644,0.0,0.024952583743198965,0.024952583743198965,0.0,0.09993486995292902,0.09993486995292902,0.0,0.950327699206623,0.950327699206623,0.0,0.9284629591627334,0.9284629591627334,0.0
xgboost,5,2182c1cd,excitement,target_excitement,True,True,xgboost__fold_05__excitement__2182c1cd__weighted_aug__5182978b8d0b,5182978b8d0b681ef2bfa9b11af4c7fb81cfde0180bfc9254a277793e6467d48,personalized_model_predict_proba_high,fixed_probability_threshold_0.5,0.5,0.5737950801849365,66,118,184,b7feb518535afb27c88cf394665733240e2cf0e3a7271899ce2ccce19e70fd89,0.9617360041088855,0.9524910118130456,-0.00924499229583986,0.9798851370924782,0.9757067473785206,-0.004178389713957564,0.11312408054805331,0.09105611984643795,0.02206796070161536,0.40783939028329713,0.4042783763934061,0.0035610138898910515,0.8121468926553672,0.8760914227015921,0.06394453004622491,0.8292490118577075,0.8849053497942387,0.05565633793653124
lightgbm,5,2182c1cd,excitement,target_excitement,True,True,lightgbm__fold_05__excitement__2182c1cd__weighted_aug__c4fb3f5d1ae2,c4fb3f5d1ae2804bc44a8818a7c9ac8c8580905c0f32d6f73628b8df6c8adbfb,personalized_model_predict_proba_high,fixed_probability_threshold_0.5,0.5,0.5877956899463589,66,118,184,b7feb518535afb27c88cf394665733240e2cf0e3a7271899ce2ccce19e70fd89,0.9686697483307654,0.961864406779661,-0.006805341551104349,0.9823796811782911,0.9806469851192906,-0.0017326960590005047,0.08215851930452155,0.0804568070642359,0.0017017122402856466,0.27162992853007745,0.2773693662010101,-0.005739437670932657,0.8760914227015921,0.8576014381099126,-0.018489984591679498,0.8849053497942387,0.8707130190383778,-0.014192330755860905
xgboost,5,219060fa,excitement,target_excitement,True,True,xgboost__fold_05__excitement__219060fa__weighted_aug__055e23b984d7,055e23b984d709c828e3685bae1cbda2c9a45651d505ef9c95803bea4a18d6af,personalized_model_predict_proba_high,fixed_probability_threshold_0.5,0.5,0.7439564317464828,63,159,222,47682a48d9fc3e1811e08e035b95882aa329f0ca140b8c7c5b5ee8bc5a603572,0.9622641509433962,0.970450234601178,0.008186083657781729,0.9861912741599551,0.9897881492752167,0.003596875115261633,0.09066646325489058,0.06945752404361281,0.02120893921127777,0.32160050547692437,0.2418407137882992,0.07975979168862518,0.859089547768793,0.8906858340820605,0.031596286313267496,0.8608150470219436,0.8982791976377151,0.037464150615771574
lightgbm,5,219060fa,excitement,target_excitement,True,True,lightgbm__fold_05__excitement__219060fa__weighted_aug__138323326386,138323326386527532c67e586559e06f4aef7c912b90585766d958c48fefc719,personalized_model_predict_proba_high,fixed_probability_threshold_0.5,0.5,0.753807951672766,63,159,222,47682a48d9fc3e1811e08e035b95882aa329f0ca140b8c7c5b5ee8bc5a603572,0.970649895178197,0.9705500648896875,-9.983028850946152e-05,0.9896954491480587,0.9893733581432733,-0.00032209100478541863,0.0759028487216769,0.06240332278425196,0.013499525937424935,0.23116560440677728,0.20523595898704164,0.025929645419735636,0.8812518718179095,0.8827493261455526,0.001497454327643033,0.8830846394984326,0.8920758385999028,0.008991199101470171
xgboost,5,71e10186,excitement,target_excitement,True,True,xgboost__fold_05__excitement__71e10186__weighted_aug__c952a62dd02c,c952a62dd02cd9148ef64c8fe4ceaad04167e16563f2f088b4f746b507c1bd42,personalized_model_predict_proba_high,fixed_probability_threshold_0.5,0.5,0.4997012725798413,181,244,425,16ce358ce1494c52ad85bde7e41f6ff7d8c904d64f4b8c46a5ce1fb53051b587,0.9985055701476315,0.9987093560365908,0.00020378588895930694,0.9989816900304646,0.9990944361650606,0.00011274613459599792,0.03674301061796089,0.0293213270767635,0.007421683541197391,0.11372711563335258,0.09019282398678596,0.02353429164656662,0.9427022008876007,0.946177882438185,0.0034756815505843086,0.9486776959304433,0.951256996054684,0.00257930012424068
lightgbm,5,71e10186,excitement,target_excitement,True,True,lightgbm__fold_05__excitement__71e10186__weighted_aug__689b5e4f4111,689b5e4f41111c93be707d8bafaec9bdec6c49a73cfc3c2e9f3e29d7c85d6d92,personalized_model_predict_proba_high,fixed_probability_threshold_0.5,0.5,0.4894171614123871,181,244,425,16ce358ce1494c52ad85bde7e41f6ff7d8c904d64f4b8c46a5ce1fb53051b587,0.997011140295263,0.9985734987772847,0.0015623584820216863,0.9977930617075751,0.9989448753375978,0.0011518136300227022,0.03319290915930586,0.029232307513614813,0.003960601645691047,0.11974291458492654,0.10762825879166713,0.012114655793259418,0.9475138121546962,0.9502762430939227,0.0027624309392264568,0.9535655344132581,0.9560506480375035,0.0024851136242454164
xgboost,5,8191f1d9,excitement,target_excitement,True,True,xgboost__fold_05__excitement__8191f1d9__weighted_aug__c25798cc91dc,c25798cc91dcf265280a0833c58146726a0d370cf60387c11280eef31de13ca2,personalized_model_predict_proba_high,fixed_probability_threshold_0.5,0.5,0.9996993541717528,215,224,439,c25903cf3f166704e486ca4d88271b56382ad84acfd8c26cb481102ac457cd3a,0.9432620431893688,0.9401889534883721,-0.003073089700996734,0.9466197588179738,0.9499919942160929,0.00337223539811915,0.21389608991845316,0.21294406327790272,0.0009520266405504407,1.1738354913960296,1.0270741379977915,0.14676135339823815,0.8511835548172757,0.7470722591362127,-0.10411129568106303,0.8491691654172913,0.7363363363363364,-0.11283282908095482
lightgbm,5,8191f1d9,excitement,target_excitement,True,True,lightgbm__fold_05__excitement__8191f1d9__weighted_aug__e53f8a999aea,e53f8a999aea2066382e2c6b384c57ca4fdc56fba870115496bf18e32184d22c,personalized_model_predict_proba_high,fixed_probability_threshold_0.5,0.5,0.9931080910285404,215,224,439,c25903cf3f166704e486ca4d88271b56382ad84acfd8c26cb481102ac457cd3a,0.9572882059800665,0.9549210963455149,-0.0023671096345515563,0.966572466847618,0.9649833691060526,-0.0015890977415653484,0.19598418290986375,0.19634251028040364,-0.00035832737053989594,0.7290154241022533,0.6822985924627114,0.04671683163954188,0.8922965116279069,0.7377699335548173,-0.15452657807308956,0.8902454268927873,0.7253530874040117,-0.16489233948877557
xgboost,5,81e150c1,excitement,target_excitement,True,True,xgboost__fold_05__excitement__81e150c1__weighted_aug__234a015c2a06,234a015c2a06a704af00853bcaec11e582f63821a491d489dcce53f38d49580e,personalized_model_predict_proba_high,fixed_probability_threshold_0.5,0.5,0.4932234454026911,54,140,194,486d27becd25f2e329044a131c7a21faa55a44238d61f9f0333455689ef478e0,0.867989417989418,0.8884920634920636,0.020502645502645578,0.9517126650684653,0.9579997738374553,0.0062871087689899685,0.19567387872442032,0.18269058459319984,0.012983294131220485,1.2041729842785498,1.028360417118577,0.17581256715997284,0.8123015873015873,0.8137566137566137,0.0014550264550263758,0.7589783594810898,0.7671204801639584,0.00814212068286857
lightgbm,5,81e150c1,excitement,target_excitement,True,True,lightgbm__fold_05__excitement__81e150c1__weighted_aug__95cd1551912b,95cd1551912b4b7ff1eadbd72908807d5528f17ab01f3d05f690449c9f7443ef,personalized_model_predict_proba_high,fixed_probability_threshold_0.5,0.5,0.5118319998890124,54,140,194,486d27becd25f2e329044a131c7a21faa55a44238d61f9f0333455689ef478e0,0.8798941798941798,0.8847883597883598,0.004894179894179951,0.9560235637239203,0.9563556763471439,0.0003321126232236349,0.1778556785314774,0.18486798546756644,-0.0070123069360890355,0.7086273837681095,0.7110624898140303,-0.0024351060459207874,0.7937830687830688,0.7980158730158731,0.004232804232804255,0.746124989094716,0.7397459683173969,-0.006379020777319111
xgboost,5,c1a150b1,excitement,target_excitement,False,False,,,frozen_zero_shot_probability,frozen_1800s_median_midpoint_policy,0.5010953505989164,0.5010953505989164,243,52,295,cfb0ebc92f8392eee5499bf4bd05d2a866e7e08e31be4e5ea35bf796bc6e0ba6,0.9586894586894587,0.9586894586894587,0.0,0.9200285728711421,0.9200285728711421,0.0,0.04282831463289672,0.04282831463289672,0.0,0.16102692710488622,0.16102692710488622,0.0,0.9086736308958532,0.9086736308958532,0.0,0.9117840553417994,0.9117840553417994,0.0
lightgbm,5,c1a150b1,excitement,target_excitement,False,False,,,frozen_zero_shot_probability,frozen_1800s_median_midpoint_policy,0.5162194222650339,0.5162194222650339,243,52,295,cfb0ebc92f8392eee5499bf4bd05d2a866e7e08e31be4e5ea35bf796bc6e0ba6,0.9507755618866729,0.9507755618866729,0.0,0.8839061049724047,0.8839061049724047,0.0,0.0556390948218373,0.0556390948218373,0.0,0.20027605011944366,0.20027605011944366,0.0,0.8894428616650839,0.8894428616650839,0.0,0.8984591710704812,0.8984591710704812,0.0
xgboost,5,f121f1e0,excitement,target_excitement,True,True,xgboost__fold_05__excitement__f121f1e0__weighted_aug__601d7a311714,601d7a31171470e1b257cfd13f1884176f679ea067a51bb3b8346eae9782a5ad,personalized_model_predict_proba_high,fixed_probability_threshold_0.5,0.5,0.1873614806518162,83,269,352,e99be0e3cbddc25502dd01e5b9058ea83db4c0ed515207bbf0bf5c023c01577f,0.9717382541317687,0.9892506830295158,0.017512428897747068,0.9919499396997469,0.9968495053319911,0.004899565632244252,0.34147259753093256,0.22499455092539566,0.1164780466055369,1.639719730663188,0.9532765407974453,0.6864431898657428,0.7955390334572491,0.8197026022304832,0.024163568773234112,0.6722199647839632,0.7056120293491288,0.033392064565165636
lightgbm,5,f121f1e0,excitement,target_excitement,True,True,lightgbm__fold_05__excitement__f121f1e0__weighted_aug__a2c47fc51fa1,a2c47fc51fa18310e00ad1b745b300367b24ffbbe4c2f87e43e38b3657223c76,personalized_model_predict_proba_high,fixed_probability_threshold_0.5,0.5,0.2059011410205411,83,269,352,e99be0e3cbddc25502dd01e5b9058ea83db4c0ed515207bbf0bf5c023c01577f,0.9825771487436735,0.9906391364715367,0.008061987727863151,0.9946886328125562,0.9971863416953728,0.0024977088828166405,0.3476823120891745,0.19358554022186156,0.15409677186731294,1.2894296956405358,0.632766010677648,0.6566636849628877,0.7881040892193308,0.828996282527881,0.040892193308550207,0.6619946091644204,0.7185664129036744,0.05657180373925397
xgboost,5,0001508a,focus,target_focus,True,True,xgboost__fold_05__focus__0001508a__weighted_aug__861d11854cf1,861d11854cf171e9e67638ac30e05e6e45314695af029b6cf5ade76a1de5b73f,personalized_model_predict_proba_high,fixed_probability_threshold_0.5,0.5,0.3312538554891944,28,32,60,a6da05ff73ab07be2c1c59108a7c70f81ec913ebe49946db8d35516772651370,0.828125,0.8883928571428572,0.060267857142857206,0.8617732125682942,0.8854070740653064,0.023633861497012187,0.22511220819903585,0.2285854206586307,-0.0034732124595948377,0.7655649478255407,0.7556895976212841,0.009875350204256672,0.7388392857142857,0.6964285714285714,-0.0424107142857143,0.7330367074527253,0.6760443307757886,-0.056992376676936685
lightgbm,5,0001508a,focus,target_focus,True,True,lightgbm__fold_05__focus__0001508a__weighted_aug__841045b92e90,841045b92e90d1a3b8748f86f9076e901297114e56de0a1ca905b7e5e27880bc,personalized_model_predict_proba_high,fixed_probability_threshold_0.5,0.5,0.3386180350870343,28,32,60,a6da05ff73ab07be2c1c59108a7c70f81ec913ebe49946db8d35516772651370,0.8493303571428571,0.8694196428571428,0.0200892857142857,0.8816541189703622,0.8969483781979696,0.01529425922760741,0.1907238877023554,0.17238190071572743,0.01834198698662798,0.574594946270959,0.5235783378258532,0.051016608445105804,0.7388392857142857,0.7924107142857143,0.0535714285714286,0.7330367074527253,0.7818181818181819,0.048781474365456545
xgboost,5,0110f12e,focus,target_focus,True,True,xgboost__fold_05__focus__0110f12e__weighted_aug__ec09af83f30e,ec09af83f30ed048b2716079b44db3d42544c95354f07ac891ec5e69796f0a93,personalized_model_predict_proba_high,fixed_probability_threshold_0.5,0.5,0.5232160836458206,188,125,313,d730937c1aa6916184c21b9f44ba81aa0a827946bc0caa11865e86704f20d75f,0.7803829787234041,0.7699574468085107,-0.010425531914893371,0.7790010836089564,0.7534293551600064,-0.02557172844894995,0.20020954397229673,0.2127475500328117,-0.012538006060514972,0.6794153621474762,0.7088090453308481,-0.029393683183371877,0.7229361702127659,0.7070212765957447,-0.015914893617021253,0.7246373701828169,0.7039722572509457,-0.020665112931871232
lightgbm,5,0110f12e,focus,target_focus,True,True,lightgbm__fold_05__focus__0110f12e__weighted_aug__f06451f70cde,f06451f70cde73ab87660cfb27fb209945739f4e13fe9c4dfc6b103d15a6bff3,personalized_model_predict_proba_high,fixed_probability_threshold_0.5,0.5,0.5355455577196107,188,125,313,d730937c1aa6916184c21b9f44ba81aa0a827946bc0caa11865e86704f20d75f,0.7912765957446808,0.7769787234042553,-0.014297872340425455,0.7700977314723232,0.7763206554909716,0.006222924018648435,0.1730848865145259,0.1794308992985267,-0.006346012784000821,0.5426831193770695,0.5518894980162248,-0.0092063786391553,0.7535106382978723,0.7282340425531915,-0.025276595744680885,0.7594422485726833,0.7317909168808912,-0.027651331691792125
xgboost,5,0182e16c,focus,target_focus,True,True,xgboost__fold_05__focus__0182e16c__weighted_aug__6745f9340b69,6745f9340b6950e7eca30b8396aae7b14feb686d7c0838e85fbe90bfca3f8c90,personalized_model_predict_proba_high,fixed_probability_threshold_0.5,0.5,0.9998884201049804,191,53,244,0868f0ee774bff248aa97501d3bbe13a6f8ef3a0059cc4315117e7297a3dd0de,0.9012644472982319,0.7449372715598143,-0.1563271757384176,0.7482183599556231,0.44719817000171247,-0.30102018995391067,0.6612338235264505,0.4191759816788445,0.24205784184760604,3.9734154992016757,1.8321949030916629,2.1412205961100126,0.7736342981329645,0.6654153906944582,-0.10821890743850626,0.7755066517468606,0.5033921302578019,-0.2721145214890587
lightgbm,5,0182e16c,focus,target_focus,True,True,lightgbm__fold_05__focus__0182e16c__weighted_aug__1facaf1ca180,1facaf1ca180cb345fb02ce358ff552745cf42f0cf6c3ae603d8e0033161bff9,personalized_model_predict_proba_high,fixed_probability_threshold_0.5,0.5,0.9937703476184254,191,53,244,0868f0ee774bff248aa97501d3bbe13a6f8ef3a0059cc4315117e7297a3dd0de,0.861305936975205,0.8363133458460931,-0.024992591129111896,0.5925743183278075,0.6272642608986903,0.03468994257088276,0.5785085170047967,0.36315761046695644,0.21535090653784023,2.2138012710222728,1.1254390506705565,1.0883622203517163,0.7091771214066976,0.6748493529586091,-0.03432776844808849,0.7149243116935894,0.5079227888216653,-0.20700152287192408
xgboost,5,2182c1cd,focus,target_focus,True,True,xgboost__fold_05__focus__2182c1cd__weighted_aug__1903b35c7b42,1903b35c7b42e25d624f6d38ec672f7926897c28c00f0fdb22401d4decf5babc,personalized_model_predict_proba_high,fixed_probability_threshold_0.5,0.5,0.7269039750099182,62,106,168,15821744601d5d1651deacef09b9db92b565ce4708bd97130a149f967ea9e18d,0.7052647595861231,0.7373706634205722,0.03210590383444911,0.8233507776327529,0.8438953427350258,0.02054456510227287,0.2654351742029398,0.26400627487731443,0.001428899325625399,0.8679991187764147,0.8398690623753472,0.02813005640106747,0.6433353621424224,0.6299452221545953,-0.013390139987827121,0.6326530612244898,0.625668449197861,-0.006984612026628811
lightgbm,5,2182c1cd,focus,target_focus,True,True,lightgbm__fold_05__focus__2182c1cd__weighted_aug__4266e370a711,4266e370a71183821d6575d481e44c2fdc4610369d4ebbbcf390e3634e94bdd4,personalized_model_predict_proba_high,fixed_probability_threshold_0.5,0.5,0.7349182894033812,62,106,168,15821744601d5d1651deacef09b9db92b565ce4708bd97130a149f967ea9e18d,0.7162203286670724,0.7430006086427268,0.026780279975654353,0.8215546349504192,0.836433649212919,0.014879014262499712,0.2234684403106134,0.21199673433353006,0.01147170597708333,0.6572109915644159,0.6233207750827321,0.03389021648168378,0.6559646987218503,0.6629640900791236,0.0069993913572733435,0.6239206907579149,0.6624075829383886,0.03848689218047374
xgboost,5,219060fa,focus,target_focus,True,True,xgboost__fold_05__focus__219060fa__weighted_aug__3b896182a697,3b896182a697986b115176cb2559e299c20ec9e294f3b09ff223a50738d0118e,personalized_model_predict_proba_high,fixed_probability_threshold_0.5,0.5,0.7361059188842773,85,107,192,7466c595a53f1a1e6ce15e6b5b70256b7c4cd18ca3842ba31a071eed7d9553b6,0.8207806487080814,0.8456294667399671,0.024848818031885656,0.8616430082184037,0.875822838805654,0.014179830587250364,0.1906257412480359,0.18216449910043955,0.00846124214759636,0.6241245486655304,0.6099387161117327,0.014185832553797684,0.7212204507971413,0.7693238042880703,0.04810335349092909,0.7134717134717135,0.7603906673901248,0.04691895391841139
lightgbm,5,219060fa,focus,target_focus,True,True,lightgbm__fold_05__focus__219060fa__weighted_aug__dd20e778031f,dd20e778031fe9b16d0ec8ba701830916b7d586df731414882558321f75cbf35,personalized_model_predict_proba_high,fixed_probability_threshold_0.5,0.5,0.6722522795921397,85,107,192,7466c595a53f1a1e6ce15e6b5b70256b7c4cd18ca3842ba31a071eed7d9553b6,0.8348543155579989,0.834084661902144,-0.0007696536558549072,0.881955475570104,0.8479091694921066,-0.03404630607799741,0.169608895383061,0.17311266337804013,-0.003503767994979118,0.5059903683445044,0.5234554114424353,-0.017465043097930955,0.7317757009345794,0.7421660252886201,0.010390324354040636,0.7238909238909239,0.738562091503268,0.014671167612344105
xgboost,5,71e10186,focus,target_focus,True,True,xgboost__fold_05__focus__71e10186__weighted_aug__bc29f14e7217,bc29f14e721754e427d6d5d6f3507f782a353eb52ae24f69817992e0900497d8,personalized_model_predict_proba_high,fixed_probability_threshold_0.5,0.5,0.5059707416221499,166,253,419,250c92c8db6820c8f6670807a13255a61c0be6be0e739308a69ac0b5a7c98a00,0.9841659126625077,0.9779037097004619,-0.006262202962045826,0.9883837100321258,0.9834620798328505,-0.004921630199275273,0.06309998557862107,0.06134080059536717,0.001759184983253892,0.20312568430446715,0.21007410502343177,-0.006948420718964621,0.8857326539359017,0.9027691794847374,0.017036525548835724,0.8967573427951903,0.9127297231070817,0.01597238031189141
lightgbm,5,71e10186,focus,target_focus,True,True,lightgbm__fold_05__focus__71e10186__weighted_aug__de3d77f4a956,de3d77f4a9564aa176d4d81aad0ab8b20a139505b7a282b81abaf7f7f654b273,personalized_model_predict_proba_high,fixed_probability_threshold_0.5,0.5,0.5259791918085607,166,253,419,250c92c8db6820c8f6670807a13255a61c0be6be0e739308a69ac0b5a7c98a00,0.9716176960807656,0.9668317538930425,-0.004785942187723102,0.9806247619330937,0.9769256910503488,-0.0036990708827449037,0.07578001358802434,0.07842337135339358,-0.002643357765369239,0.25666340283044625,0.26311840623619726,-0.006455003405751003,0.8887447021286727,0.8746249821420067,-0.014119719986666057,0.8994802079168334,0.8878682076463962,-0.011612000270437184
xgboost,5,8191f1d9,focus,target_focus,False,False,,,frozen_zero_shot_probability,frozen_1800s_median_midpoint_policy,0.3968671001493931,0.3968671001493931,230,181,411,6a4a435140886ec169a5e2d972ad000127bac320ecbb88e4b78cafeb4027395d,0.847585875570502,0.847585875570502,0.0,0.8143375904930551,0.8143375904930551,0.0,0.19057397351791647,0.19057397351791647,0.0,0.6470003788097514,0.6470003788097514,0.0,0.7597886139803027,0.7597886139803027,0.0,0.7468852148372732,0.7468852148372732,0.0
lightgbm,5,8191f1d9,focus,target_focus,False,False,,,frozen_zero_shot_probability,frozen_1800s_median_midpoint_policy,0.6523476240265496,0.6523476240265496,230,181,411,6a4a435140886ec169a5e2d972ad000127bac320ecbb88e4b78cafeb4027395d,0.8591400432380494,0.8591400432380494,0.0,0.8287832140720225,0.8287832140720225,0.0,0.16259852407364106,0.16259852407364106,0.0,0.4907760955555717,0.4907760955555717,0.0,0.7705741052125872,0.7705741052125872,0.0,0.771765898884543,0.771765898884543,0.0
xgboost,5,81e150c1,focus,target_focus,False,False,,,frozen_zero_shot_probability,frozen_1800s_median_midpoint_policy,0.3656310755759477,0.3656310755759477,150,93,243,246c9df90190fe18efdab5b0639bbb8d402a17a4dd9d5b1a99de752d90536892,0.7730465949820788,0.7730465949820788,0.0,0.720042559590179,0.720042559590179,0.0,0.20772960350289127,0.20772960350289127,0.0,0.6544099050692954,0.6544099050692954,0.0,0.6710752688172044,0.6710752688172044,0.0,0.670355561902042,0.670355561902042,0.0
lightgbm,5,81e150c1,focus,target_focus,False,False,,,frozen_zero_shot_probability,frozen_1800s_median_midpoint_policy,0.4422556197292636,0.4422556197292636,150,93,243,246c9df90190fe18efdab5b0639bbb8d402a17a4dd9d5b1a99de752d90536892,0.7997849462365592,0.7997849462365592,0.0,0.7544830624055894,0.7544830624055894,0.0,0.1733864855696599,0.1733864855696599,0.0,0.51781090392265,0.51781090392265,0.0,0.718494623655914,0.718494623655914,0.0,0.7214164831765326,0.7214164831765326,0.0
xgboost,5,c1a150b1,focus,target_focus,False,False,,,frozen_zero_shot_probability,frozen_1800s_median_midpoint_policy,0.5,0.5,152,75,227,5cbec50d535cb94c27728356bdb18d30a62222e010ee106ff5032b68d7bdcf8f,0.7692982456140351,0.7692982456140351,0.0,0.6043928495789552,0.6043928495789552,0.0,0.2094332667603777,0.2094332667603777,0.0,0.7207086750541425,0.7207086750541425,0.0,0.6544736842105263,0.6544736842105263,0.0,0.6602500633217436,0.6602500633217436,0.0
lightgbm,5,c1a150b1,focus,target_focus,False,False,,,frozen_zero_shot_probability,frozen_1800s_median_midpoint_policy,0.5,0.5,152,75,227,5cbec50d535cb94c27728356bdb18d30a62222e010ee106ff5032b68d7bdcf8f,0.7766666666666667,0.7766666666666667,0.0,0.5851942899250526,0.5851942899250526,0.0,0.19116514646223484,0.19116514646223484,0.0,0.5663326699919294,0.5663326699919294,0.0,0.6308333333333334,0.6308333333333334,0.0,0.6375850465453294,0.6375850465453294,0.0
xgboost,5,f121f1e0,focus,target_focus,True,True,xgboost__fold_05__focus__f121f1e0__weighted_aug__f19589230203,f19589230203a0eef4191351745c96f8ee7cf13084e4c1f678ef1ef044ff8254,personalized_model_predict_proba_high,fixed_probability_threshold_0.5,0.5,0.1856423635035753,107,260,367,e29d20e0084125003338b7dfa2bf5f0b51859d2e09478cd73da99490c6674b47,0.7214234363767074,0.784938892882818,0.06351545650611068,0.8740928305153278,0.88456065013764,0.010467819622312136,0.27135889248368084,0.1781265773207765,0.09323231516290434,0.848618443629253,0.5772919468030953,0.2713264968261577,0.6556434219985622,0.711430625449317,0.05578720345075483,0.6507050862257149,0.7079059073222498,0.057200821096534904
lightgbm,5,f121f1e0,focus,target_focus,True,True,lightgbm__fold_05__focus__f121f1e0__weighted_aug__bef25318cbed,bef25318cbed085a8cbc3d02f2a57df87f242def3e54be008da32d80b69b5c55,personalized_model_predict_proba_high,fixed_probability_threshold_0.5,0.5,0.2774686030888664,107,260,367,e29d20e0084125003338b7dfa2bf5f0b51859d2e09478cd73da99490c6674b47,0.7220345075485263,0.760999281092739,0.03896477354421268,0.8654091232440628,0.8883840335729782,0.02297491032891541,0.21609005097677875,0.18427553760327084,0.03181451337350791,0.6145890424928173,0.5388322104960561,0.0757568319967612,0.6300503235082674,0.6586628324946082,0.028612508986340823,0.6393301243481749,0.655978068623983,0.01664794427580807
xgboost,5,0001508a,interest,target_interest,True,True,xgboost__fold_05__interest__0001508a__weighted_aug__8f8de49cea7d,8f8de49cea7d85ac49810a57145acbe543305348d2695f21e6066fe321d1e76c,personalized_model_predict_proba_high,fixed_probability_threshold_0.5,0.5,0.7080723643302917,21,44,65,3147d2d7f3d401978bf693033a3839371d7a9026364d769dda1da1b696935e02,0.8755411255411256,0.920995670995671,0.045454545454545414,0.9228787351093595,0.9541889408059802,0.031310205696620685,0.1392843664360857,0.14067084468858054,-0.001386478252494855,0.5667756606891756,0.5433217345287731,0.02345392616040254,0.7981601731601732,0.6666666666666666,-0.13149350649350655,0.8240601503759399,0.6813725490196079,-0.14268760135633207
lightgbm,5,0001508a,interest,target_interest,True,True,lightgbm__fold_05__interest__0001508a__weighted_aug__c9a5c3cd3a34,c9a5c3cd3a344e94ec717769251db6498da8c0049e5dc4252646330ec84eb869,personalized_model_predict_proba_high,fixed_probability_threshold_0.5,0.5,0.6781410011519993,21,44,65,3147d2d7f3d401978bf693033a3839371d7a9026364d769dda1da1b696935e02,0.9329004329004329,0.933982683982684,0.0010822510822511289,0.9673344371239352,0.9680712218177563,0.000736784693821102,0.12470131523954123,0.14178177346508722,-0.01708045822554599,0.383076740162845,0.4316167890246894,-0.04854004886184443,0.8582251082251082,0.6904761904761905,-0.16774891774891776,0.8717948717948718,0.7115056333219529,-0.16028923847291887
xgboost,5,0110f12e,interest,target_interest,True,True,xgboost__fold_05__interest__0110f12e__weighted_aug__846b4086fa58,846b4086fa584aafb051f370087a95016fd3fc09d9972f1326e2b879a1c15cff,personalized_model_predict_proba_high,fixed_probability_threshold_0.5,0.5,0.5598454512655735,87,205,292,6503ba40faff8d93881a19984721146ac4c77a4f907d9ab7c4f93d09a8ee7e18,0.8983459489767311,0.9165124754695823,0.01816652649285111,0.9588982468858964,0.9672019999263677,0.008303753040471262,0.13544389284709613,0.1325241444924562,0.0029197483546399283,0.48398430261519937,0.505445514996148,-0.021461212380948613,0.8226801233529577,0.8555929352396971,0.032912811886739446,0.8026582563640459,0.8225566631757237,0.01989840681167787
lightgbm,5,0110f12e,interest,target_interest,True,True,lightgbm__fold_05__interest__0110f12e__weighted_aug__6c038afdbdbd,6c038afdbdbd77fe1233a344b9c017dfd757102be50791e7f690e52f65407ab6,personalized_model_predict_proba_high,fixed_probability_threshold_0.5,0.5,0.5592253008925766,87,205,292,6503ba40faff8d93881a19984721146ac4c77a4f907d9ab7c4f93d09a8ee7e18,0.9176899355200447,0.9165685449957948,-0.0011213905242499767,0.9681922680477965,0.968315314335279,0.0001230462874824978,0.11621884543959263,0.11800411937705116,-0.0017852739374585314,0.3620673938553714,0.38923958672931985,-0.027172192873948453,0.8251191477432016,0.8432296047098402,0.0181104569666386,0.8060161564625851,0.81661171298477,0.010595556522184912
xgboost,5,0182e16c,interest,target_interest,True,True,xgboost__fold_05__interest__0182e16c__weighted_aug__ec6c7fc00043,ec6c7fc000436818335418f4df01481192871c5d1c5ed259d8d779bd9d50c2c1,personalized_model_predict_proba_high,fixed_probability_threshold_0.5,0.5,0.0242521190375555,85,143,228,6f5d296ebce203e0e588f11be6fb911720322e60cfe4742fdab55727222aae34,0.9462772521596051,0.9701357466063348,0.023858494446729717,0.9710949374461808,0.9823372558568733,0.011242318410692453,0.2396347158563957,0.10838027511948707,0.13125444073690862,0.9942261245135149,0.3653001251675961,0.6289259993459189,0.8853969559851913,0.8715754833401892,-0.013821472645002109,0.8724424552429668,0.8478806907378336,-0.024561764505133254
lightgbm,5,0182e16c,interest,target_interest,True,True,lightgbm__fold_05__interest__0182e16c__weighted_aug__b3f7b1bfa41a,b3f7b1bfa41a7898915df8819b76df793a4533aa3883be68656f27efd3f9e370,personalized_model_predict_proba_high,fixed_probability_threshold_0.5,0.5,0.1070259652542569,85,143,228,6f5d296ebce203e0e588f11be6fb911720322e60cfe4742fdab55727222aae34,0.9331962155491568,0.98124228712464,0.04804607157548324,0.9546901838404045,0.9871692392660427,0.032479055425638226,0.23678726578310996,0.07164846834520452,0.16513879743790544,0.7078724673419188,0.23455652277998698,0.4733159445619318,0.8653640477169888,0.9148087206910736,0.049444672974084725,0.8574511425286893,0.8960822781047499,0.03863113557606068
xgboost,5,2182c1cd,interest,target_interest,True,True,xgboost__fold_05__interest__2182c1cd__weighted_aug__4563b34d4acc,4563b34d4acc0b244c5f6efebb44957ce410347f4c922b97513fd4af3a3e5c24,personalized_model_predict_proba_high,fixed_probability_threshold_0.5,0.5,0.715092733502388,111,52,163,3b85025b9c5b868f98b053ea1813dd97dc66a45468a97e3106842ae9396b407f,0.9031531531531531,0.9189189189189189,0.015765765765765716,0.801258285170704,0.8662052628186608,0.06494697764795687,0.2882249201988448,0.22144925302361015,0.06677566717523467,1.1107167774549922,0.8131529972746329,0.29756378018035934,0.7492203742203742,0.7549376299376299,0.005717255717255676,0.6890262515262515,0.6847912637925151,-0.004234987733736428
lightgbm,5,2182c1cd,interest,target_interest,True,True,lightgbm__fold_05__interest__2182c1cd__weighted_aug__6e7577401c8b,6e7577401c8b68f36bf06180b1a7ff2157aae59188c555d9690022a9f81b4ca6,personalized_model_predict_proba_high,fixed_probability_threshold_0.5,0.5,0.720827899121371,111,52,163,3b85025b9c5b868f98b053ea1813dd97dc66a45468a97e3106842ae9396b407f,0.9196119196119196,0.9145876645876647,-0.005024255024254853,0.8535257698735281,0.8671210596942286,0.013595289820700462,0.23521064430567803,0.19147854118595395,0.043732103119724086,0.7178401552128965,0.5898609518916652,0.12797920332123125,0.8026680526680526,0.7768537768537769,-0.025814275814275756,0.7626805178451974,0.718803910293272,-0.04387660755192546
xgboost,5,71e10186,interest,target_interest,True,True,xgboost__fold_05__interest__71e10186__weighted_aug__d7977a16b456,d7977a16b4564b2d828ceec74fa389e17d17391444c9da1f8cde980ea6dd5176,personalized_model_predict_proba_high,fixed_probability_threshold_0.5,0.5,0.4887094622245058,182,270,452,15a29d244a55d88a70e12a90e70e064d4f54db08a65fd89cb943f7e363365eac,0.9516483516483517,0.9659544159544158,0.01430606430606407,0.9746880351993013,0.9816748577349741,0.006986822535672843,0.08688643701388006,0.08007914468597757,0.006807292327902489,0.37432468726203516,0.31533192576853974,0.058992761493495416,0.9112332112332112,0.9121896621896621,0.000956450956450916,0.8969693365840121,0.8990545671108464,0.002085230526834292
lightgbm,5,71e10186,interest,target_interest,True,True,lightgbm__fold_05__interest__71e10186__weighted_aug__34f9d790a3c9,34f9d790a3c90cb52b3d9226d01cbe8ca2703e46947fc77fce8a8238ea8fb897,personalized_model_predict_proba_high,fixed_probability_threshold_0.5,0.5,0.4485553431786322,182,270,452,15a29d244a55d88a70e12a90e70e064d4f54db08a65fd89cb943f7e363365eac,0.9449328449328449,0.9527065527065528,0.007773707773707894,0.9697668240574441,0.9738508713184855,0.00408404726104139,0.10026175995632096,0.09016814139229079,0.010093618564030168,0.34004501185041636,0.30574944340294996,0.034295568447466396,0.9020350020350021,0.9056776556776557,0.0036426536426535927,0.8880101484608829,0.8904079764467205,0.0023978279858376528
xgboost,5,8191f1d9,interest,target_interest,True,True,xgboost__fold_05__interest__8191f1d9__weighted_aug__4f12ffbbca80,4f12ffbbca80e3346b8d875b2cf968d4b8af862b3b16762b77adabbf2d125845,personalized_model_predict_proba_high,fixed_probability_threshold_0.5,0.5,0.5,539,9,548,8f614b1580ad657fa73584bcaf860bcc890f957249125aa8ff4755562e48fbe9,0.6112141826427541,0.6279117707689136,0.016697588126159513,0.02430802644049899,0.02802689672841739,0.0037188702879184,0.8557329806655566,0.7036418798158353,0.15209110084972133,5.412372225266322,3.2772093813989365,2.135162843867385,0.538961038961039,0.5899814471243042,0.05102040816326525,0.08976488478184583,0.1720809406617446,0.08231605587989876
lightgbm,5,8191f1d9,interest,target_interest,True,True,lightgbm__fold_05__interest__8191f1d9__weighted_aug__8e7ece74fd97,8e7ece74fd974c4f5d82e0fe0546be2044c86c340dc24a484f2598400bf7d82a,personalized_model_predict_proba_high,fixed_probability_threshold_0.5,0.5,0.987388889742176,539,9,548,8f614b1580ad657fa73584bcaf860bcc890f957249125aa8ff4755562e48fbe9,0.7316017316017316,0.6367759224902082,-0.09482580911152338,0.07280806310972512,0.034066849252654054,-0.03874121385707107,0.7742890878975928,0.6166238843030593,0.1576652035945335,3.0602619345612303,2.0078080001957326,1.0524539343654977,0.6034838177695321,0.5825602968460111,-0.02092352092352101,0.45873528647283796,0.16095051445369918,-0.2977847720191388
xgboost,5,81e150c1,interest,target_interest,False,False,,,frozen_zero_shot_probability,frozen_1800s_median_midpoint_policy,0.4988088417667313,0.4988088417667313,15,214,229,6f986a3d04167fcc4be8b1810439bc2d3db9527dde6f6105a628c56ac701d2d4,0.7903426791277258,0.7903426791277258,0.0,0.9832720526111578,0.9832720526111578,0.0,0.28716832702593775,0.28716832702593775,0.0,1.1759239044319338,1.1759239044319338,0.0,0.6890965732087226,0.6890965732087226,0.0,0.4954835866931042,0.4954835866931042,0.0
lightgbm,5,81e150c1,interest,target_interest,False,False,,,frozen_zero_shot_probability,frozen_1800s_median_midpoint_policy,0.4870089066792148,0.4870089066792148,15,214,229,6f986a3d04167fcc4be8b1810439bc2d3db9527dde6f6105a628c56ac701d2d4,0.7015576323987539,0.7015576323987539,0.0,0.9752340760867615,0.9752340760867615,0.0,0.30327717816370614,0.30327717816370614,0.0,0.9967744622693212,0.9967744622693212,0.0,0.6920560747663551,0.6920560747663551,0.0,0.46894535188546077,0.46894535188546077,0.0
xgboost,5,c1a150b1,interest,target_interest,False,False,,,frozen_zero_shot_probability,frozen_1800s_median_midpoint_policy,0.4775172863155603,0.4775172863155603,105,77,182,84ff864000cb767f42a288cb3ca4bac5ec0229d3d682acc0b601f4c0a71455ed,0.9100803957946816,0.9100803957946816,0.0,0.8920350883072069,0.8920350883072069,0.0,0.16273952136414868,0.16273952136414868,0.0,0.5181572740627604,0.5181572740627604,0.0,0.7259740259740259,0.7259740259740259,0.0,0.7291947818263608,0.7291947818263608,0.0
lightgbm,5,c1a150b1,interest,target_interest,False,False,,,frozen_zero_shot_probability,frozen_1800s_median_midpoint_policy,0.3601270688660341,0.3601270688660341,105,77,182,84ff864000cb767f42a288cb3ca4bac5ec0229d3d682acc0b601f4c0a71455ed,0.900556586270872,0.900556586270872,0.0,0.8967515297029683,0.8967515297029683,0.0,0.15459654767276504,0.15459654767276504,0.0,0.4779875340633854,0.4779875340633854,0.0,0.7796536796536797,0.7796536796536797,0.0,0.7883650619621915,0.7883650619621915,0.0
xgboost,5,f121f1e0,interest,target_interest,True,True,xgboost__fold_05__interest__f121f1e0__weighted_aug__2f73d55f195d,2f73d55f195ddc1ea42f3d152b6a855b078a9bfeb97a6462ad7123f505423480,personalized_model_predict_proba_high,fixed_probability_threshold_0.5,0.5,0.0748372791276779,162,280,442,be30307add2ff46f0100f87110fbdf1da62a5e04ef08853763f0baf196e26282,0.9513227513227513,0.9649250440917108,0.013602292768959412,0.9738164071892068,0.9799393629611718,0.006122955771964977,0.28125772915805247,0.1619557103305724,0.11930201882748007,1.3823604570488497,0.6154805049814505,0.7668799520673992,0.8134700176366843,0.8438271604938271,0.03035714285714286,0.7665369250729476,0.804130510954923,0.03759358588197548
lightgbm,5,f121f1e0,interest,target_interest,True,True,lightgbm__fold_05__interest__f121f1e0__weighted_aug__d5fda7b9aa5b,d5fda7b9aa5b93ee5dbc80462ad1db5322335be41554b48ae01e1e7fafa040ce,personalized_model_predict_proba_high,fixed_probability_threshold_0.5,0.5,0.1710008473999996,162,280,442,be30307add2ff46f0100f87110fbdf1da62a5e04ef08853763f0baf196e26282,0.9378306878306878,0.9641534391534391,0.026322751322751303,0.969387463774193,0.980071087411179,0.01068362363698594,0.2664959653080094,0.17082230082335972,0.09567366448464967,0.9787384031807226,0.5710604039292486,0.40767799925147397,0.8129850088183421,0.8219135802469135,0.008928571428571397,0.7643971543965393,0.7755113557661231,0.011114201369583743
xgboost,5,0001508a,relaxation,target_relaxation,True,True,xgboost__fold_05__relaxation__0001508a__weighted_aug__2cf574c4df1f,2cf574c4df1fb31811c57c7c968b0cd6eb5b65d20c6f79709221fb9c825466df,personalized_model_predict_proba_high,fixed_probability_threshold_0.5,0.5,0.9352037012577056,53,59,112,2e5f9dfd935773f60e9920a44c8989bf24090d1e5e160f1786142af0dbefcbd5,0.8237927726255196,0.8839142948512951,0.06012152222577549,0.852024703082602,0.9056502278808677,0.053625524798265656,0.3902082876162907,0.3997944272404331,-0.009586139624142398,2.1280302361749595,1.963712997771135,0.1643172384038245,0.6226415094339622,0.5377358490566038,-0.08490566037735847,0.5703874184886844,0.42346885177014393,-0.14691856671854042
lightgbm,5,0001508a,relaxation,target_relaxation,True,True,lightgbm__fold_05__relaxation__0001508a__weighted_aug__ff98748d85c1,ff98748d85c12434909b8f4e6c5ff6383a0fe8e2806ae6a121dbf4bb43e90598,personalized_model_predict_proba_high,fixed_probability_threshold_0.5,0.5,0.853649119842502,53,59,112,2e5f9dfd935773f60e9920a44c8989bf24090d1e5e160f1786142af0dbefcbd5,0.8915893827950112,0.8941477454429165,0.002558362647905321,0.9136117717899287,0.9111729244933064,-0.0024388472966222485,0.3391995942148757,0.33687000771445075,0.002329586500424974,1.1504746565593524,1.1832457111845807,-0.032771054625228224,0.6896386312759835,0.5566037735849056,-0.1330348576910778,0.669261744966443,0.4592706728299949,-0.20999107213644808
xgboost,5,0110f12e,relaxation,target_relaxation,True,True,xgboost__fold_05__relaxation__0110f12e__weighted_aug__b9e1b2e38fdf,b9e1b2e38fdffaa538720d98ecd6fd74656d800aafdf429ff2089b15bedd0750,personalized_model_predict_proba_high,fixed_probability_threshold_0.5,0.5,0.5092250443994999,121,236,357,3c0f51a9cea8302ecaea698fb4dc5ffdab602ae45b99fca51cfbe573ecb238bf,0.9435845356492506,0.9386818882196387,-0.004902647429611884,0.9720115935632574,0.9695937387467247,-0.002417854816532672,0.10924138775816686,0.13532936911456164,-0.026087981356394785,0.4107159710091529,0.5192792371700884,-0.10856326616093548,0.863758929822104,0.8444810197506654,-0.019277910071438642,0.8469807118544355,0.8178571428571428,-0.029123568997292626
lightgbm,5,0110f12e,relaxation,target_relaxation,True,True,lightgbm__fold_05__relaxation__0110f12e__weighted_aug__932790c22a4a,932790c22a4a298139b63bd184e26d7017cbf1273e992f62fff2d2adfa660e51,personalized_model_predict_proba_high,fixed_probability_threshold_0.5,0.5,0.5346340821475227,121,236,357,3c0f51a9cea8302ecaea698fb4dc5ffdab602ae45b99fca51cfbe573ecb238bf,0.9449502731474997,0.9412732875752907,-0.0036769855722089684,0.972558306490276,0.9705785040171699,-0.0019798024731060293,0.09808500831864457,0.11119034272462595,-0.013105334405981384,0.31160186008303453,0.364874882245927,-0.05327302216289248,0.861955455946211,0.8594165849558761,-0.002538870990334896,0.8510587574181134,0.8391891891891892,-0.011869568228924265
xgboost,5,0182e16c,relaxation,target_relaxation,False,False,,,frozen_zero_shot_probability,frozen_1800s_median_midpoint_policy,0.0007373705902864,0.0007373705902864,198,40,238,b5b4391f25a6089e4c17f29b8ddd5fc2b6028a0537b86af8958799aa8f289d46,0.9741161616161617,0.9741161616161617,0.0,0.8901021431299636,0.8901021431299636,0.0,0.11696251187506287,0.11696251187506287,0.0,0.5749193116594523,0.5749193116594523,0.0,0.8996212121212122,0.8996212121212122,0.0,0.8629821531375936,0.8629821531375936,0.0
lightgbm,5,0182e16c,relaxation,target_relaxation,False,False,,,frozen_zero_shot_probability,frozen_1800s_median_midpoint_policy,0.0124242587454635,0.0124242587454635,198,40,238,b5b4391f25a6089e4c17f29b8ddd5fc2b6028a0537b86af8958799aa8f289d46,0.9727272727272728,0.9727272727272728,0.0,0.9236376560325189,0.9236376560325189,0.0,0.0872157974640554,0.0872157974640554,0.0,0.2867324069052837,0.2867324069052837,0.0,0.8815656565656566,0.8815656565656566,0.0,0.7764181621100807,0.7764181621100807,0.0
xgboost,5,2182c1cd,relaxation,target_relaxation,True,True,xgboost__fold_05__relaxation__2182c1cd__weighted_aug__5618c2f1907c,5618c2f1907c48be990440ef4a05add2d3f1c655f7dc7d493590c641fba10464,personalized_model_predict_proba_high,fixed_probability_threshold_0.5,0.5,0.5103698745369911,83,97,180,844eb24eefa3249c04caf3efc66a5134e23cc5c11b28e9f32727d8c3667e2713,0.9546640168923115,0.9571481803502672,0.002484163457955657,0.9632660964023426,0.9680021598745872,0.004736063472244534,0.15821071004832163,0.14281378112613713,0.0153969289221845,0.620566701767338,0.5660184328606791,0.05454826890665887,0.7788473481555086,0.8098372872935039,0.030989939137995304,0.7794044582822695,0.8129870129870129,0.03358255470474347
lightgbm,5,2182c1cd,relaxation,target_relaxation,True,True,lightgbm__fold_05__relaxation__2182c1cd__weighted_aug__6e9b1655e0c3,6e9b1655e0c3d6de45104d9698c13ee686d0aa5d46bb199efb2d577c57b4c1ef,personalized_model_predict_proba_high,fixed_probability_threshold_0.5,0.5,0.5419043987467516,83,97,180,844eb24eefa3249c04caf3efc66a5134e23cc5c11b28e9f32727d8c3667e2713,0.9586386784250404,0.9514346043969693,-0.007204074028071106,0.9650880712545986,0.9609949306686518,-0.004093140585946786,0.1345692539749522,0.12610345171570583,0.008465802259246369,0.426601592565746,0.4037311803617636,0.022870412203982393,0.8029437336976772,0.8038131909079618,0.0008694572102845299,0.8055710124054859,0.8066343305446141,0.0010633181391281887
xgboost,5,219060fa,relaxation,target_relaxation,True,True,xgboost__fold_05__relaxation__219060fa__weighted_aug__0fe5682de8a3,0fe5682de8a3576ffdbeadf5d3ba2815a9dea5101c1a6911e27d212059fd8d90,personalized_model_predict_proba_high,fixed_probability_threshold_0.5,0.5,0.5335340173915029,60,171,231,33a913c4fa80e2dc242d8fbd3cc03aed441a73d8fd7e4cb952b79b317923bf60,0.9539961013645224,0.9538011695906432,-0.00019493177387919225,0.9825973478187526,0.9825363503551036,-6.099746364907066e-05,0.06978598604516381,0.0846989460697934,-0.014912960024629593,0.23841683355322163,0.2969220736007687,-0.05850524004754709,0.8570175438596491,0.802046783625731,-0.054970760233918115,0.8668587896253602,0.8313275820104389,-0.035531207614921345
lightgbm,5,219060fa,relaxation,target_relaxation,True,True,lightgbm__fold_05__relaxation__219060fa__weighted_aug__6801704096b4,6801704096b40500648c9415f8d2c26d04b5aef79d619bd19a40e0a23157ced3,personalized_model_predict_proba_high,fixed_probability_threshold_0.5,0.5,0.6033269782628794,60,171,231,33a913c4fa80e2dc242d8fbd3cc03aed441a73d8fd7e4cb952b79b317923bf60,0.9568226120857699,0.9546783625730993,-0.0021442495126705596,0.9849515064178903,0.9836024025415508,-0.0013491038763394636,0.07735880613607848,0.08452377791986139,-0.007164971783782906,0.24659148115170815,0.2682184371873959,-0.02162695603568776,0.854093567251462,0.7883040935672514,-0.06578947368421062,0.8618696432130756,0.8213259668508287,-0.04054367636224687
xgboost,5,71e10186,relaxation,target_relaxation,False,False,,,frozen_zero_shot_probability,frozen_1800s_median_midpoint_policy,0.4976013969717314,0.4976013969717314,275,242,517,f18975ab0bed24e8d5f4a308eee9b1d5e4beba365641180dbfc8cbff0e7037ae,1.0,1.0,0.0,0.9999999999999999,0.9999999999999999,0.0,0.0019271865850778661,0.0019271865850778661,0.0,0.009249428642786293,0.009249428642786293,0.0,0.9963636363636363,0.9963636363636363,0.0,0.9961175693130275,0.9961175693130275,0.0
lightgbm,5,71e10186,relaxation,target_relaxation,False,False,,,frozen_zero_shot_probability,frozen_1800s_median_midpoint_policy,0.4774673594594502,0.4774673594594502,275,242,517,f18975ab0bed24e8d5f4a308eee9b1d5e4beba365641180dbfc8cbff0e7037ae,0.9999248685199099,0.9999248685199099,0.0,0.9999153911130823,0.9999153911130823,0.0,0.008459136047583209,0.008459136047583209,0.0,0.04502262628169624,0.04502262628169624,0.0,0.9942975206611571,0.9942975206611571,0.0,0.9941749760576869,0.9941749760576869,0.0
xgboost,5,8191f1d9,relaxation,target_relaxation,False,False,,,frozen_zero_shot_probability,frozen_1800s_median_midpoint_policy,0.5,0.5,174,300,474,39a52191af434b95c0b1f32fbcf1c51a40c23e57bf5e7246ad367a1cc3b4380c,0.947816091954023,0.947816091954023,0.0,0.9696529609039014,0.9696529609039014,0.0,0.19522731247120945,0.19522731247120945,0.0,0.8871437513748042,0.8871437513748042,0.0,0.6834482758620689,0.6834482758620689,0.0,0.6912088363548863,0.6912088363548863,0.0
lightgbm,5,8191f1d9,relaxation,target_relaxation,False,False,,,frozen_zero_shot_probability,frozen_1800s_median_midpoint_policy,0.5,0.5,174,300,474,39a52191af434b95c0b1f32fbcf1c51a40c23e57bf5e7246ad367a1cc3b4380c,0.9529885057471265,0.9529885057471265,0.0,0.9720705590783594,0.9720705590783594,0.0,0.17827911133427501,0.17827911133427501,0.0,0.5942188858569136,0.5942188858569136,0.0,0.684655172413793,0.684655172413793,0.0,0.6928815340162857,0.6928815340162857,0.0
xgboost,5,81e150c1,relaxation,target_relaxation,True,True,xgboost__fold_05__relaxation__81e150c1__weighted_aug__ff4b088086f4,ff4b088086f4dd0e7b8834d4c441d6c9a1f2cd1aa8c7e23e288a48a75705998d,personalized_model_predict_proba_high,fixed_probability_threshold_0.5,0.5,0.6153169050812721,57,212,269,ebc736f4f73724f507f0b6de3a2e4104a7df35ce492e2ad25aeb4f2cf3f1fdc3,0.8612214498510427,0.8747931148626283,0.013571665011585687,0.9607146235332645,0.9656026930103271,0.004888069477062551,0.14116821425376433,0.16500305280527322,-0.02383483855150889,0.4630159683289315,0.6871564614295907,-0.22414049310065925,0.7612545514730222,0.8003972194637538,0.03914266799073152,0.7280580828967926,0.7512448427941386,0.023186759897345977
lightgbm,5,81e150c1,relaxation,target_relaxation,True,True,lightgbm__fold_05__relaxation__81e150c1__weighted_aug__7d7d470184ab,7d7d470184abce4c43611a5f0ec09a65c19659a195e320152a5087fc4816337b,personalized_model_predict_proba_high,fixed_probability_threshold_0.5,0.5,0.6111222447702958,57,212,269,ebc736f4f73724f507f0b6de3a2e4104a7df35ce492e2ad25aeb4f2cf3f1fdc3,0.8431810658722277,0.877027474346243,0.03384640847401521,0.9556079309588574,0.9657479680212993,0.01014003706244182,0.16949988591129939,0.15341875477505695,0.016081131136242433,0.49031073396716107,0.5033853142507705,-0.013074580283609416,0.7373800066203244,0.7636130420390599,0.02623303541873545,0.666688404851963,0.7316757795182502,0.06498737466628723
xgboost,5,c1a150b1,relaxation,target_relaxation,True,True,xgboost__fold_05__relaxation__c1a150b1__weighted_aug__524c9fab8b6c,524c9fab8b6c3ca74a40c84271e89e7b75989557cf613aae73912a96b517e2c2,personalized_model_predict_proba_high,fixed_probability_threshold_0.5,0.5,0.8692840933799744,211,97,308,5da8bf7162e8c77122c6ceace4588a8b9a7944d025c2dc5759e2696e700daf59,0.827991400791518,0.8446279376557385,0.016636536864220508,0.7601450949798302,0.7961762004977372,0.036031105517907,0.17800108881606905,0.13964126769992116,0.038359821116147885,0.5657761946533724,0.5363141176786158,0.029462076974756557,0.7447598573313138,0.7467142228953926,0.001954365564078797,0.7654864850165879,0.7701619589851307,0.004675473968542843
lightgbm,5,c1a150b1,relaxation,target_relaxation,True,True,lightgbm__fold_05__relaxation__c1a150b1__weighted_aug__4c06511d7ed7,4c06511d7ed7179b27fbcf261e873e540c210ac8a098e11710467b3fd60d5ad5,personalized_model_predict_proba_high,fixed_probability_threshold_0.5,0.5,0.8668261685629195,211,97,308,5da8bf7162e8c77122c6ceace4588a8b9a7944d025c2dc5759e2696e700daf59,0.8724776469438609,0.8891386133776322,0.01666096643377135,0.8166544109974356,0.8486362181884378,0.03198180719100219,0.17128538734451737,0.1162765832154695,0.055008804129047864,0.5080260969187957,0.379763489298354,0.12826260762044173,0.7430986466018469,0.7609322323740655,0.017833585772218608,0.7708726752503576,0.7903811252268602,0.019508449976502584
xgboost,5,f121f1e0,relaxation,target_relaxation,True,True,xgboost__fold_05__relaxation__f121f1e0__weighted_aug__50567bb1eef7,50567bb1eef79df00170f5fdda808743fdf34209a9c141d1ecf62ea11904c4b9,personalized_model_predict_proba_high,fixed_probability_threshold_0.5,0.5,0.1306186875281128,195,173,368,3f106aa75063d6d5ac2a438a56364eb58e3a1a2e9a60119105c4e974ac847f2b,0.8817252112049799,0.9050244553134726,0.02329924410849271,0.9036490318967192,0.9202652438010761,0.016616211904356915,0.2634420614319883,0.215959190960475,0.04748287047151328,1.7653213918075528,1.1565132164725755,0.6088081753349772,0.7459908107306952,0.7369942196531791,-0.008996591077516047,0.7383322559793148,0.7269740328563858,-0.011358223122929001
lightgbm,5,f121f1e0,relaxation,target_relaxation,True,True,lightgbm__fold_05__relaxation__f121f1e0__weighted_aug__c25ffbb46397,c25ffbb46397140cebf68cb169d74268f805169a21d701f6233a4172716dc27f,personalized_model_predict_proba_high,fixed_probability_threshold_0.5,0.5,0.148677875637946,195,173,368,3f106aa75063d6d5ac2a438a56364eb58e3a1a2e9a60119105c4e974ac847f2b,0.91539943678672,0.9191640729212983,0.0037646361345783363,0.9270086136188137,0.9288341822419385,0.0018255686231247736,0.2579386581619121,0.21334552102764248,0.0445931371342696,1.200439125053665,0.8588221994450598,0.34161692560860524,0.7488809841410997,0.7254335260115607,-0.023447458129538967,0.7417543859649123,0.712818827781657,-0.028935558183255328
xgboost,5,0001508a,stress,target_stress,True,True,xgboost__fold_05__stress__0001508a__weighted_aug__d56b1753733d,d56b1753733d59cf569b8015bf1023fc0e7133e3c55e75b17552af1b74fba722,personalized_model_predict_proba_high,fixed_probability_threshold_0.5,0.5,0.6359863430261612,67,39,106,c7e60c6b6d43fb1a622b52f710061ff2c921677cb01688ed0de749dd9f0a5b98,0.7317259854573287,0.9008802143130502,0.1691542288557215,0.6510859658609074,0.8138457612862809,0.16275979542537355,0.43594635376260404,0.3890445555196778,0.04690179824292623,1.6270764797627992,1.4443808395105733,0.18269564025222595,0.606582472254114,0.6044776119402985,-0.0021048603138155153,0.48735119047619047,0.47054942983696163,-0.016801760639228835
lightgbm,5,0001508a,stress,target_stress,True,True,lightgbm__fold_05__stress__0001508a__weighted_aug__1c2739bf79d1,1c2739bf79d16da32d105301581eeed13b320bb67358e2145218899d5cdfc03e,personalized_model_predict_proba_high,fixed_probability_threshold_0.5,0.5,0.6620358464472296,67,39,106,c7e60c6b6d43fb1a622b52f710061ff2c921677cb01688ed0de749dd9f0a5b98,0.8545732874091083,0.9445082280903176,0.08993494068120933,0.7578910680718586,0.9030960837635356,0.145205015691677,0.2684794110259023,0.2235315497531722,0.044947861272730094,0.7969782043267656,0.6642763603267084,0.13270184400005713,0.750478377344049,0.7388059701492538,-0.011672407194795231,0.6981132075471698,0.668365066595155,-0.029748140952014723
xgboost,5,0110f12e,stress,target_stress,True,True,xgboost__fold_05__stress__0110f12e__weighted_aug__66691bf17c12,66691bf17c128e4f2b2bd4be496e10bfe5a289dd1c46607285a628e05f0caea2,personalized_model_predict_proba_high,fixed_probability_threshold_0.5,0.5,0.4972505026962608,173,196,369,78cc4de0249588d36844785f653a8a3da27154ecfdc2009b8cf6d6829464882a,0.9160080217057922,0.9141500530848178,-0.0018579686209744262,0.942517314193277,0.9416344588365569,-0.0008828553567200581,0.11813570202399187,0.11613295284667766,0.002002749177314217,0.48377240720135467,0.5244403088148994,-0.04066790161354478,0.8493423380913059,0.8622596437418898,0.01291730565058391,0.8480498852873698,0.8590775558166863,0.011027670529316524
lightgbm,5,0110f12e,stress,target_stress,True,True,lightgbm__fold_05__stress__0110f12e__weighted_aug__b78cc7268905,b78cc72689055dc2411e939e7ccf2c6fd312938fc650184f74db357f6f4ab2b9,personalized_model_predict_proba_high,fixed_probability_threshold_0.5,0.5,0.5063844729537847,173,196,369,78cc4de0249588d36844785f653a8a3da27154ecfdc2009b8cf6d6829464882a,0.9207266721717589,0.9194290432936181,-0.0012976288781407774,0.9469709244832969,0.9453610178765001,-0.0016099066067968293,0.10400803926366783,0.10649518957604143,-0.0024871503123735927,0.36057299752269684,0.3817141827908556,-0.02114118526815878,0.8580128583225197,0.8741594903857497,0.01614663206322997,0.8562629996839652,0.8698948110712816,0.013631811387316395
xgboost,5,0182e16c,stress,target_stress,True,True,xgboost__fold_05__stress__0182e16c__weighted_aug__1c5131b7af03,1c5131b7af03220c5b130d38cc5aa73172d5e3b69a06f58a3f7b9c5f1132070c,personalized_model_predict_proba_high,fixed_probability_threshold_0.5,0.5,0.9783215969800948,69,118,187,7a856be0c433dc6436037d0f02ddb4da3e4dd433db80bfff210c6cd5186c5238,0.8438958486858266,0.9976664210267747,0.15377057234094815,0.9224133812051503,0.9986885108980436,0.0762751296928933,0.25351671688514665,0.020155591248835068,0.2333611256363116,0.8203818254561428,0.06799362231255641,0.7523882031435863,0.7942765905183002,0.969786293294031,0.17550970277573075,0.7580018980243293,0.9712033016107673,0.21320140358643802
lightgbm,5,0182e16c,stress,target_stress,True,True,lightgbm__fold_05__stress__0182e16c__weighted_aug__f69656bbb7c5,f69656bbb7c52327af8ecaa546fc640820e97f9205ac882eaea00d19512911a9,personalized_model_predict_proba_high,fixed_probability_threshold_0.5,0.5,0.8214770606432908,69,118,187,7a856be0c433dc6436037d0f02ddb4da3e4dd433db80bfff210c6cd5186c5238,0.9158683370179318,0.9980348808646524,0.08216654384672062,0.9575812840533208,0.9988336382818896,0.04125235422856888,0.16609296348416108,0.022770130269672485,0.1433228332144886,0.4658885625022163,0.09515016800342846,0.3707383944987878,0.8470277573077868,0.9782608695652174,0.13123311225743062,0.8374838922353083,0.9826127382612738,0.14512884602596554
xgboost,5,2182c1cd,stress,target_stress,True,True,xgboost__fold_05__stress__2182c1cd__weighted_aug__a445097fa0d2,a445097fa0d2a37adc484b026fb191799081b1cd306f2ac1e717ca2a6664bd84,personalized_model_predict_proba_high,fixed_probability_threshold_0.5,0.5,0.816935807466507,155,59,214,6f008db1a969690387a20a7f606ba4edfdb17b0b1f16816e5def16fe96cb0c76,0.8603608529250957,0.8934937124111536,0.03313285948605793,0.7439768210294603,0.7957895535328505,0.051812732503390246,0.27696537473327265,0.2352787660177438,0.041686608715528845,1.1179599729183576,0.8901160947526159,0.2278438781657417,0.7636413340623291,0.762055768179333,-0.0015855658829961872,0.7117334278624601,0.687733698130415,-0.023999729732045116
lightgbm,5,2182c1cd,stress,target_stress,True,True,lightgbm__fold_05__stress__2182c1cd__weighted_aug__846f5bdeb498,846f5bdeb49835cc6572775a44a3ebf524d3c82e58efaef9cb271f7956f005c1,personalized_model_predict_proba_high,fixed_probability_threshold_0.5,0.5,0.7751528815394071,155,59,214,6f008db1a969690387a20a7f606ba4edfdb17b0b1f16816e5def16fe96cb0c76,0.8855112083105523,0.9054127938764351,0.01990158556588284,0.796698138714929,0.8494870089897745,0.05278887027484547,0.2560949491846298,0.1862638943073657,0.06983105487726413,0.7793472057415856,0.5629596340873999,0.21638757165418565,0.7785675232367414,0.8027884089666484,0.024220885729906994,0.7261351786899233,0.7361527903784866,0.0100176116885633
xgboost,5,71e10186,stress,target_stress,True,True,xgboost__fold_05__stress__71e10186__weighted_aug__3b35d4e35d10,3b35d4e35d10682627164efdee5334ae7e420498f2c79e593ea4f1bf77971eb5,personalized_model_predict_proba_high,fixed_probability_threshold_0.5,0.5,0.4922423898242414,186,339,525,b69248164026cc699f21c0bf76f7e5e8fba079399a19a4efe7ef7f76ae1b17ec,0.9850762838202175,0.9808576775462301,-0.004218606273987402,0.9928695812453587,0.9905277727517663,-0.0023418084935924455,0.04510559485629326,0.052137267367762356,-0.007031672511469099,0.1563909644829902,0.17995462224886868,-0.023563657765878487,0.9370301646208012,0.9335569511846988,-0.003473213436102407,0.9338624338624338,0.9262594419127286,-0.007602991949705262
lightgbm,5,71e10186,stress,target_stress,True,True,lightgbm__fold_05__stress__71e10186__weighted_aug__eb513ae85d84,eb513ae85d84adb24382575c8081fdaf18806a655d0d3f3b6119659e9dce061b,personalized_model_predict_proba_high,fixed_probability_threshold_0.5,0.5,0.4444472093732138,186,339,525,b69248164026cc699f21c0bf76f7e5e8fba079399a19a4efe7ef7f76ae1b17ec,0.983617216988613,0.9844260475148285,0.0008088305262154982,0.992006699060936,0.9922240032625067,0.00021730420157073382,0.0528217218276948,0.04865484124451863,0.004166880583176165,0.18722034328907183,0.1768088895100428,0.010411453779029023,0.9413597868493673,0.9382434104101246,-0.003116376439242674,0.9307967867998264,0.9340141398271798,0.0032173530273534867
xgboost,5,8191f1d9,stress,target_stress,True,True,xgboost__fold_05__stress__8191f1d9__weighted_aug__5ca3f144542f,5ca3f144542fdd740cfb196c2d7e5215ec57bc54ab9d5a8f8b67163371175968,personalized_model_predict_proba_high,fixed_probability_threshold_0.5,0.5,0.9967247545719148,327,171,498,41abc9a941ba8a76dd995cd9a2d605ed079d4e019262f713e3b6e20ee4392c22,0.7956256594595561,0.8184273119087218,0.022801652449165655,0.6978224846888087,0.7313711030791088,0.0335486183903001,0.5381496847977866,0.3981775338650629,0.1399721509327237,2.8720279402329485,1.679015441842979,1.1930124983899695,0.7340522560223188,0.6413434197113579,-0.09270883631096094,0.7065092883111709,0.5303967069550815,-0.17611258135608943
lightgbm,5,8191f1d9,stress,target_stress,True,True,lightgbm__fold_05__stress__8191f1d9__weighted_aug__f343a81a3f46,f343a81a3f46a1660256436dd77a250635fb69ffca1b29abd7bab8abbb3b4d09,personalized_model_predict_proba_high,fixed_probability_threshold_0.5,0.5,0.9776550789395592,327,171,498,41abc9a941ba8a76dd995cd9a2d605ed079d4e019262f713e3b6e20ee4392c22,0.839225995672157,0.823112827941413,-0.016113167730744005,0.780725924779586,0.7132756697223088,-0.0674502550572772,0.49827895903242164,0.362465592777473,0.13581336625494866,1.8122705549963587,1.1859118583819896,0.626358696614369,0.7367884543162186,0.6410751649766618,-0.0957132893395568,0.7208188227299754,0.5247466105041464,-0.19607221222582905
xgboost,5,81e150c1,stress,target_stress,True,True,xgboost__fold_05__stress__81e150c1__weighted_aug__f0fab10d9716,f0fab10d9716317cc339a1b7d4d7bc961fa337d9addbac4934915c64aa9373eb,personalized_model_predict_proba_high,fixed_probability_threshold_0.5,0.5,0.3841839155647903,90,139,229,feb5adc6cae899411787e172db2ccf4119c0d3474a03028abec528e12a8ee5c2,0.8888888888888888,0.9061550759392485,0.01726618705035965,0.9366374802701767,0.9379914608710151,0.001353980600838467,0.14207852996644413,0.12621225695985916,0.01586627300658497,0.5589124874181548,0.5014171867820566,0.0574953006360982,0.8267386091127098,0.8355715427657874,0.00883293365307758,0.8201099764336214,0.8322344322344323,0.012124455800810896
lightgbm,5,81e150c1,stress,target_stress,True,True,lightgbm__fold_05__stress__81e150c1__weighted_aug__306bd00ae28c,306bd00ae28c7c2808a28e286c135bb9952c6c78dfb8229ed71671df6b7351e6,personalized_model_predict_proba_high,fixed_probability_threshold_0.5,0.5,0.4794456203478267,90,139,229,feb5adc6cae899411787e172db2ccf4119c0d3474a03028abec528e12a8ee5c2,0.8885691446842526,0.9120703437250199,0.023501199040767307,0.9307847696461732,0.9442173841683832,0.013432614522210007,0.13043714200203269,0.1150874255940551,0.015349716407977582,0.4229036229015676,0.373258385487371,0.049645237414196575,0.8358912869704236,0.8336131095123901,-0.0022781774580334924,0.8291044776119403,0.8316343765524093,0.0025298989404690664
xgboost,5,f121f1e0,stress,target_stress,True,True,xgboost__fold_05__stress__f121f1e0__weighted_aug__15e1f725dc75,15e1f725dc75c0db6e6101e31b85f7a13724aa35ca74e5c1e6dabe1975729635,personalized_model_predict_proba_high,fixed_probability_threshold_0.5,0.5,0.0006394044430635,309,157,466,b6f0c1d8fedd2c58a8a920caf3f97d7c3e7ba423b13218c1e233d7d556ae43f4,0.875868323954404,0.9034897862428627,0.027621462288458742,0.802091560906846,0.8464885038109933,0.04439694290414731,0.21863048909513194,0.127187173398434,0.09144331569669795,1.146674372613821,0.4859814078913485,0.6606929647224726,0.7682270731556491,0.7971780759796343,0.028951002823985217,0.7346694756021181,0.8104612381029854,0.07579176250086728
lightgbm,5,f121f1e0,stress,target_stress,True,True,lightgbm__fold_05__stress__f121f1e0__weighted_aug__35da8585c7ea,35da8585c7ea57ab4e1de19bd701ea34fe446e3b6c84b6b07459277502c38785,personalized_model_predict_proba_high,fixed_probability_threshold_0.5,0.5,0.0070252293656078,309,157,466,b6f0c1d8fedd2c58a8a920caf3f97d7c3e7ba423b13218c1e233d7d556ae43f4,0.8792694741615651,0.9181044256178756,0.03883495145631055,0.8094629344326867,0.8653781575149702,0.05591522308228347,0.20752021681611207,0.11587959972292484,0.09164061709318723,0.8127510426754195,0.37266012276880384,0.4400909199066157,0.7728753117721023,0.7894481891451776,0.016572877373075223,0.7341725007660939,0.8092594773110846,0.07508697654499075
