model,outer_fold,subject_id,pm,calibration_low,calibration_high,calibration_extreme,budget_fully_available,logit_calibration_eligible,logit_calibration_applied,logit_offset,equivalent_original_probability_threshold,frozen_median_threshold,evaluation_low,evaluation_high,evaluation_extreme,evaluation_sample_hash,zero_shot_brier,personalized_brier,brier_improvement,zero_shot_log_loss,personalized_log_loss,log_loss_improvement,zero_shot_ece10,personalized_ece10,zero_shot_balanced_accuracy,frozen_median_balanced_accuracy,candidate_balanced_accuracy,delta_balanced_accuracy_vs_median,delta_balanced_accuracy_vs_zero,zero_shot_macro_f1,frozen_median_macro_f1,candidate_macro_f1,delta_macro_f1_vs_median,delta_macro_f1_vs_zero
xgboost,5,0001508a,attention,144,13,157,True,True,True,-5.460581828670453,0.9957669135719683,0.724830336868763,49,11,60,26d43b87ea0ae6f920fe3a9ec75da039399e76298245359bb66d20c6cd6988f2,0.15041654024537324,0.16366690031653075,-0.013250360071157513,0.4869284945287326,0.8194249436431367,-0.33249644911440407,0.17597235340896683,0.16896581287522522,0.761595547309833,0.7217068645640075,0.5,-0.22170686456400746,-0.26159554730983303,0.7044334975369457,0.7217068645640075,0.44954128440366975,-0.2721655801603377,-0.254892213133276
lightgbm,5,0001508a,attention,144,13,157,True,True,True,-4.09050545990525,0.9835445379428555,0.7533073601262145,49,11,60,26d43b87ea0ae6f920fe3a9ec75da039399e76298245359bb66d20c6cd6988f2,0.15878670958562235,0.16615259390024045,-0.0073658843146180986,0.49798957778460634,0.6276181940967785,-0.1296286163121722,0.20921246932084558,0.16904142160918711,0.7717996289424861,0.6512059369202227,0.5,-0.15120593692022266,-0.2717996289424861,0.7204968944099379,0.673202614379085,0.44954128440366975,-0.22366132997541527,-0.27095561000626817
xgboost,5,0001508a,engagement,76,42,118,True,True,True,2.67096719531477,0.06470840810655193,0.1653085595207812,34,68,102,fcce3680fa7beb162dc83d583f5ec4062fb67da959d3903be556c50bcbe44a85,0.27310041495709286,0.1242014437556673,0.14889897120142556,0.979650723879707,0.4222235129127378,0.5574272109669691,0.33807416885419195,0.12514730307667216,0.7352941176470589,0.8014705882352942,0.8455882352941176,0.044117647058823484,0.11029411764705876,0.6661532537543319,0.7664044608184806,0.8226812557521219,0.05627679493364135,0.15652800199779004
lightgbm,5,0001508a,engagement,76,42,118,True,True,True,1.6007487173133286,0.16787699730682673,0.1780087058630681,34,68,102,fcce3680fa7beb162dc83d583f5ec4062fb67da959d3903be556c50bcbe44a85,0.16025656444635103,0.07340753225637406,0.08684903218997697,0.47759369873413476,0.2678484055399073,0.20974529319422747,0.2204831091313781,0.07840564915575056,0.8014705882352942,0.9044117647058824,0.9044117647058824,0.0,0.1029411764705882,0.7508549096238397,0.9014492753623189,0.9014492753623189,0.0,0.15059436573847917
xgboost,5,0001508a,excitement,56,40,96,True,True,True,-1.1418208346173628,0.7580137895579969,0.5067518488503993,27,47,74,0b094782358b6530b924f0b10adf1a6bcddcfd8c6bdb0f644b7b03bd4165ee99,0.06343926161970823,0.059040665101587,0.004398596518121224,0.19473340574925457,0.20823174411437792,-0.013498338365123347,0.07050607513716584,0.07247360894053166,0.9018912529550827,0.9018912529550827,0.9389282899921197,0.03703703703703709,0.03703703703703709,0.8987292277614858,0.8987292277614858,0.9286678234046655,0.02993859564317969,0.02993859564317969
lightgbm,5,0001508a,excitement,56,40,96,True,True,True,-0.9212452674316001,0.715295769563388,0.5226674146217413,27,47,74,0b094782358b6530b924f0b10adf1a6bcddcfd8c6bdb0f644b7b03bd4165ee99,0.05833462605680489,0.04497897502471088,0.013355651032094011,0.19049697870230145,0.1735492009091716,0.016947777793129837,0.10528534703850631,0.06949508719194537,0.8861308116627266,0.8861308116627266,0.9602048857368006,0.07407407407407407,0.07407407407407407,0.8952900747928038,0.8952900747928038,0.9565982404692082,0.0613081656764044,0.0613081656764044
xgboost,5,0001508a,stress,44,87,131,True,True,True,-0.9015154561950613,0.7112608297527409,0.6359863430261612,67,39,106,c7e60c6b6d43fb1a622b52f710061ff2c921677cb01688ed0de749dd9f0a5b98,0.43594635376260404,0.36373689237561396,0.07220946138699008,1.6270764797627992,1.2440918562976782,0.3829846234651211,0.46518979142947153,0.38382286247962216,0.5671641791044776,0.606582472254114,0.6140451588212782,0.007462686567164201,0.04688097971680061,0.40518575851393185,0.48735119047619047,0.4992125984251969,0.01186140794900642,0.09402683991126504
lightgbm,5,0001508a,stress,44,87,131,True,True,True,-0.37187381949402953,0.5919116815688932,0.6620358464472296,67,39,106,c7e60c6b6d43fb1a622b52f710061ff2c921677cb01688ed0de749dd9f0a5b98,0.2684794110259023,0.22993858339489248,0.0385408276310098,0.7969782043267656,0.6851118477641375,0.11186635656262811,0.328471216738602,0.272500966564194,0.6791044776119403,0.750478377344049,0.7185227707615767,-0.03195560658247232,0.03941829314963641,0.5860503133230406,0.6981132075471698,0.6494144989720212,-0.048698708575148575,0.06336418564898061
xgboost,5,0001508a,relaxation,12,91,103,True,True,True,-1.4820270731043044,0.8148785629045181,0.9352037012577056,53,59,112,2e5f9dfd935773f60e9920a44c8989bf24090d1e5e160f1786142af0dbefcbd5,0.3902082876162907,0.34387409425642607,0.04633419335986466,2.1280302361749595,1.5505167824685167,0.5775134537064428,0.4121005491220526,0.36427241241666003,0.5471698113207547,0.6226415094339622,0.6037735849056604,-0.018867924528301883,0.05660377358490565,0.4416285832987121,0.5703874184886844,0.540625,-0.029762418488684328,0.09899641670128795
lightgbm,5,0001508a,relaxation,12,91,103,True,True,True,-0.43136260967340456,0.6061990000557491,0.853649119842502,53,59,112,2e5f9dfd935773f60e9920a44c8989bf24090d1e5e160f1786142af0dbefcbd5,0.3391995942148757,0.30889837085957045,0.030301223355305273,1.1504746565593524,0.9940744049714996,0.15640025158785287,0.3765677283069584,0.3476888491431236,0.5660377358490566,0.6896386312759835,0.5849056603773585,-0.10473297089862499,0.018867924528301883,0.4764227642276423,0.669261744966443,0.5093588211867782,-0.15990292377966475,0.03293605695913593
xgboost,5,0001508a,interest,31,39,70,True,True,True,-1.0246440982110419,0.7358762258064203,0.7080723643302917,21,44,65,3147d2d7f3d401978bf693033a3839371d7a9026364d769dda1da1b696935e02,0.1392843664360857,0.11266323812929821,0.026621128306787478,0.5667756606891756,0.4588086386109239,0.1079670220782517,0.1622820888216106,0.13042978467505803,0.702922077922078,0.7981601731601732,0.7981601731601732,0.0,0.09523809523809523,0.7246660149885957,0.8240601503759399,0.8240601503759399,0.0,0.0993941353873442
lightgbm,5,0001508a,interest,31,39,70,True,True,True,-0.6009278657881059,0.6458685585943428,0.6781410011519993,21,44,65,3147d2d7f3d401978bf693033a3839371d7a9026364d769dda1da1b696935e02,0.12470131523954123,0.10302158395055493,0.0216797312889863,0.383076740162845,0.33455715396444746,0.048519586198397524,0.12428737900651374,0.10893538801025252,0.7267316017316017,0.8582251082251082,0.8582251082251082,0.0,0.13149350649350655,0.7512755102040816,0.8717948717948718,0.8717948717948718,0.0,0.12051936159079024
xgboost,5,0001508a,focus,99,33,132,True,True,True,0.37982655575489255,0.4061687303898046,0.3312538554891944,28,32,60,a6da05ff73ab07be2c1c59108a7c70f81ec913ebe49946db8d35516772651370,0.22511220819903585,0.21475507145302006,0.010357136746015794,0.7655649478255407,0.7075088537062116,0.058056094119329105,0.23455506201911097,0.22642026733179693,0.6763392857142857,0.7388392857142857,0.7075892857142857,-0.03125,0.03125,0.6632996632996633,0.7330367074527253,0.6986607142857143,-0.03437599316701101,0.035361050986051024
lightgbm,5,0001508a,focus,99,33,132,True,True,True,-0.06834075567864356,0.5170785423845121,0.3386180350870343,28,32,60,a6da05ff73ab07be2c1c59108a7c70f81ec913ebe49946db8d35516772651370,0.1907238877023554,0.19406932931497103,-0.0033454416126156294,0.574594946270959,0.5862623291686071,-0.011667382897648126,0.21093400785974414,0.20090687492098663,0.7790178571428572,0.7388392857142857,0.7633928571428572,0.024553571428571508,-0.015625,0.7624434389140271,0.7330367074527253,0.7442455242966752,0.01120881684394992,-0.018197914617351874
xgboost,3,0012905a,attention,61,4,65,True,False,False,0.0,0.5022942870855331,0.5022942870855331,184,143,327,756c5c9f90afedff9199742311a319fe7be24d9fd008935c30eeb4b09dbaff93,0.17091055983139622,0.17091055983139622,0.0,0.571505246063525,0.571505246063525,0.0,0.11924047091336792,0.11924047091336792,0.7455913651565825,0.7455913651565825,0.7455913651565825,0.0,0.0,0.7487868680287456,0.7487868680287456,0.7487868680287456,0.0,0.0
lightgbm,3,0012905a,attention,61,4,65,True,False,False,0.0,0.6988057518042283,0.6988057518042283,184,143,327,756c5c9f90afedff9199742311a319fe7be24d9fd008935c30eeb4b09dbaff93,0.14729603507276717,0.14729603507276717,0.0,0.4582384678977931,0.4582384678977931,0.0,0.06134538879466234,0.06134538879466234,0.7630928853754941,0.7335246275463667,0.7335246275463667,0.0,-0.02956825782912742,0.7634944803958889,0.7367149758454106,0.7367149758454106,0.0,-0.026779504550478284
xgboost,3,0012905a,engagement,112,32,144,True,True,True,2.7223732906481324,0.06166599688671722,0.455684216768077,271,170,441,981fa535735ab847bd4a0f1bc87adc16aa6ba9a1eace7bc27a02acd1002f1bdf,0.16429306079776335,0.1125248201470645,0.05176824065069885,0.7753351800154369,0.43862203071974615,0.33671314929569074,0.17831256889929803,0.10466668181797845,0.7632081614933797,0.7720316909051443,0.8322444106794009,0.06021271977425657,0.06903624918602125,0.7793062200956937,0.7887226571738721,0.8430844304376557,0.05436177326378355,0.06377821034196196
lightgbm,3,0012905a,engagement,112,32,144,True,True,True,1.6467051972712206,0.16155474894213884,0.3626294293560891,271,170,441,981fa535735ab847bd4a0f1bc87adc16aa6ba9a1eace7bc27a02acd1002f1bdf,0.1480430370317998,0.09824225932704823,0.04980077770475157,0.500012009764589,0.3091064948317327,0.19090551493285635,0.17080032853960525,0.0763274366061287,0.7584219665726069,0.7970045582808769,0.8384740612112003,0.041469502930323365,0.08005209463859342,0.7739234449760766,0.8130387677233972,0.8471284161560138,0.034089648432616526,0.07320497117993718
xgboost,3,0012905a,excitement,121,16,137,True,True,True,-4.878540396931838,0.9924493355424263,0.5000900607847143,122,252,374,731df22ebbf080fbe184e012807fb5817afa27a9477c57dd405f26c07bf2a3bb,0.21009534523047396,0.3721621654513267,-0.16206682022085273,1.0109502297591477,2.493192697584569,-1.4822424678254211,0.2285095502940595,0.404784235345941,0.8008066614623992,0.8008066614623992,0.6883619568045798,-0.11244470465781942,-0.11244470465781942,0.7444538132759573,0.7444538132759573,0.5811629576453696,-0.16329085563058765,-0.16329085563058765
lightgbm,3,0012905a,excitement,121,16,137,True,True,True,-2.5804388821904105,0.9295919996762338,0.5007435741868833,122,252,374,731df22ebbf080fbe184e012807fb5817afa27a9477c57dd405f26c07bf2a3bb,0.19752744230593886,0.3372185630334775,-0.13969112072753867,0.6707400380824784,1.447734440188774,-0.7769944021062956,0.2268134327942671,0.382806894800796,0.7967083008066616,0.7947241738225346,0.6940541243819932,-0.10067004944054136,-0.10265417642466834,0.741553009638116,0.7390166603669351,0.5956061897157916,-0.14341047065114354,-0.1459468199223244
xgboost,3,0012905a,stress,123,21,144,True,True,True,1.238313957730556,0.22472960214008633,0.0314113369677215,183,252,435,38ad2ba9b860a3bec66587ca6c8a8705c6500c8c96d0b6dbd288aa0823839a77,0.28032349746122265,0.2590560808450187,0.02126741661620396,1.1465114366172777,0.9615977673254951,0.18491366929178266,0.25666100999382063,0.2288376022747819,0.6717408274785324,0.6707975539942752,0.686312776476711,0.015515222482435753,0.014571948998178597,0.6476725904044975,0.6730616130630606,0.6770943796394486,0.004032766576388069,0.02942178923495109
lightgbm,3,0012905a,stress,123,21,144,True,True,True,0.29998328390410056,0.42556156958200764,0.1219098820607062,183,252,435,38ad2ba9b860a3bec66587ca6c8a8705c6500c8c96d0b6dbd288aa0823839a77,0.22577963172776166,0.21373447761740827,0.012045154110353395,0.6915385651448362,0.6448144468765661,0.046724118268270165,0.17991824469196416,0.15179355178655643,0.7005269320843092,0.6896304970075462,0.6987704918032787,0.009139994795732465,-0.0017564402810305024,0.6778732227488151,0.6927126059611703,0.6804530152572917,-0.012259590703878609,0.0025797925084766193
xgboost,3,0012905a,relaxation,21,54,75,True,True,True,2.586737755174691,0.06999684850450823,0.3879256343934685,104,203,307,e57f352fa35bafbda6870ebf14e1b9acb3f775b1baa817fbe24a7625d95ded67,0.14030393979151745,0.17709543886045928,-0.03679149906894183,0.5208140927887299,0.7845450631940898,-0.26373097040535987,0.11967204065805473,0.1761666587478215,0.782232853353543,0.7777804092459265,0.6848001136794241,-0.09298029556650245,-0.09743273967411892,0.7881092208028092,0.7897914721444133,0.7000574712643678,-0.08973400088004546,-0.08805174953844142
lightgbm,3,0012905a,relaxation,21,54,75,True,True,True,2.2258096100507734,0.09745660149028573,0.3404970257578915,104,203,307,e57f352fa35bafbda6870ebf14e1b9acb3f775b1baa817fbe24a7625d95ded67,0.1309060527918559,0.1785188452305333,-0.04761279243867739,0.40539690983761534,0.6414565514777706,-0.23605964164015525,0.07627220952674867,0.18455141380313303,0.7774251610458507,0.7562050018946571,0.6753031451307313,-0.0809018567639258,-0.10212201591511938,0.783823815073815,0.7703523385695992,0.688508197926623,-0.08184414064297618,-0.09531561714719206
xgboost,3,0012905a,interest,70,65,135,True,True,True,2.148637312852146,0.10445862975512217,0.1910287500359118,227,204,431,470bdaa130941cedb57e10b2c47a2dab9467b1d8ece19f67d3bf4990d41616b3,0.20223713508619043,0.21623395524726965,-0.013996820161079226,0.6561639037208046,0.8030621999304282,-0.14689829620962358,0.15984004015561853,0.16422256117725345,0.7244428608447784,0.7397102012611212,0.7402392675131726,0.0005290662520514022,0.015796406668394214,0.7247943722943723,0.7350866977225673,0.7308604970650681,-0.004226200657499235,0.006066124770695791
lightgbm,3,0012905a,interest,70,65,135,True,True,True,1.4792501630705046,0.1855407044469298,0.2174508445343782,227,204,431,470bdaa130941cedb57e10b2c47a2dab9467b1d8ece19f67d3bf4990d41616b3,0.17583345875106082,0.20280620838464716,-0.02697274963358634,0.5180183514511262,0.6295294094658679,-0.1115110580147417,0.09660659856272787,0.16886977133509368,0.7187958883994126,0.752494169473957,0.7417292908352768,-0.010764878638680142,0.02293340243586428,0.719279201042119,0.7419667348804807,0.7292373413745445,-0.01272939350593616,0.009958140332425591
xgboost,3,0012905a,focus,153,4,157,True,False,False,0.0,0.5287092365324497,0.5287092365324497,130,211,341,9547408fcd139eaec45a82de730c032e3a1a512c209e656365b8fc386d0fdee1,0.23690749992825455,0.23690749992825455,0.0,0.8518179777257158,0.8518179777257158,0.0,0.23493473610629262,0.23493473610629262,0.7382063434196136,0.7358366751731681,0.7358366751731681,0.0,-0.0023696682464454666,0.6979368232754544,0.6950120399036808,0.6950120399036808,0.0,-0.0029247833717735983
lightgbm,3,0012905a,focus,153,4,157,True,False,False,0.0,0.5276182518464541,0.5276182518464541,130,211,341,9547408fcd139eaec45a82de730c032e3a1a512c209e656365b8fc386d0fdee1,0.20522955275509233,0.20522955275509233,0.0,0.6214094958087607,0.6214094958087607,0.0,0.19987430750823737,0.19987430750823737,0.7429456799125045,0.7420524972657674,0.7420524972657674,0.0,-0.0008931826467371007,0.7037715563583193,0.7008771929824561,0.7008771929824561,0.0,-0.0028943633758632403
xgboost,5,0110f12e,attention,62,58,120,True,True,True,-0.40321346120201507,0.5994594832656054,0.5126315318048,132,194,326,de27c37c9a269aca55e18311f3a4b14e9c0989f38008f19c4d59acf7bd86d3aa,0.20816159845985002,0.21494073482637863,-0.006779136366528604,0.7796667160677213,0.8147217925983011,-0.03505507653057982,0.1572444099221232,0.18580059656854353,0.7280927835051547,0.7255154639175257,0.7289909403311465,0.0034754764136207816,0.0008981568259918138,0.7201236263736264,0.717216201016138,0.7159848484848486,-0.0012313525312894757,-0.0041387778887778115
lightgbm,5,0110f12e,attention,62,58,120,True,True,True,-0.49252401493360576,0.620700845247925,0.5715634122146561,132,194,326,de27c37c9a269aca55e18311f3a4b14e9c0989f38008f19c4d59acf7bd86d3aa,0.17961345750314867,0.1942138988251344,-0.014600441321985735,0.5766304152956896,0.626892125514655,-0.050261710218965416,0.11754613092198621,0.15603720108392477,0.7676507341455795,0.757029053420806,0.7517182130584192,-0.005310840362386715,-0.015932521087160256,0.7600076485491658,0.7436402740011558,0.7351996675356076,-0.008440606465548228,-0.02480798101355819
xgboost,5,0110f12e,engagement,57,61,118,True,True,True,-2.2630419294851594,0.9057695835751415,0.6898272484540939,143,190,333,2a1ea53c775c18dc4b8bd55c1828be144e891962ee6a5d557783405fcb989bba,0.10598449949341769,0.10564400278128379,0.0003404967121339031,0.38833937484962133,0.3359117970814555,0.05242757776816581,0.09791616933260547,0.06412674404299756,0.853974972396025,0.8486382039013618,0.8607471475892529,0.01210894368789106,0.006772175193227814,0.8629616514657046,0.8534454505445113,0.8571897840190523,0.0037443334745410617,-0.005771867446652257
lightgbm,5,0110f12e,engagement,57,61,118,True,True,True,-1.1383557852872825,0.7573776313166266,0.676899362771368,143,190,333,2a1ea53c775c18dc4b8bd55c1828be144e891962ee6a5d557783405fcb989bba,0.10635290598729584,0.10075829534328462,0.005594610644011219,0.3419889516783848,0.32185230970052464,0.020136641977860137,0.08091761581631284,0.06721857979101013,0.8364924549135075,0.865218991534781,0.8555207949944792,-0.009698196540301796,0.01902834008097165,0.8458095385090292,0.8673835125448028,0.8536370961834299,-0.01374641636137297,0.007827557674400687
xgboost,5,0110f12e,excitement,60,44,104,True,True,True,-1.579608631895876,0.8291490835689662,0.5010944014065899,146,162,308,4a1ee735f5a95e473f34f5ab4268a0850097486c5bc8da107ee303c756a267a7,0.15368460800425232,0.1552778373902197,-0.0015932293859673707,0.6880959228217737,0.8064083711372212,-0.11831244831544752,0.13965466988323685,0.1383474251318937,0.8138846609166244,0.817309318450871,0.8296127177405717,0.0123033992897007,0.01572805682394729,0.8116883116883117,0.8149331140697638,0.8242009132420092,0.009267799172245406,0.012512601553697489
lightgbm,5,0110f12e,excitement,60,44,104,True,True,True,-1.0291963981648276,0.7367600711974517,0.5074499305494502,146,162,308,4a1ee735f5a95e473f34f5ab4268a0850097486c5bc8da107ee303c756a267a7,0.13512259663872747,0.14566404451440304,-0.01054144787567557,0.4600664477736441,0.5432307156078175,-0.08316426783417347,0.09473356628001701,0.11569197206478742,0.8340943683409436,0.8340943683409436,0.8203534584813124,-0.013740909859631278,-0.013740909859631278,0.8311403508771931,0.8311403508771931,0.8142281197422304,-0.016912231134962652,-0.016912231134962652
xgboost,5,0110f12e,stress,88,33,121,True,True,True,-0.1259405617336078,0.5314435907839635,0.4972505026962608,173,196,369,78cc4de0249588d36844785f653a8a3da27154ecfdc2009b8cf6d6829464882a,0.11813570202399187,0.11760164560166676,0.0005340564223251104,0.48377240720135467,0.4881730911011675,-0.004400683899812852,0.09266275476424382,0.08718499155497059,0.8493423380913059,0.8493423380913059,0.8467913176831426,-0.0025510204081632404,-0.0025510204081632404,0.8480498852873698,0.8480498852873698,0.8453649176205915,-0.002684967666778282,-0.002684967666778282
lightgbm,5,0110f12e,stress,88,33,121,True,True,True,-0.3924486142058916,0.5968720140866964,0.5063844729537847,173,196,369,78cc4de0249588d36844785f653a8a3da27154ecfdc2009b8cf6d6829464882a,0.10400803926366783,0.1058588555061236,-0.001850816242455769,0.36057299752269684,0.3780328126064509,-0.01745981508375405,0.06605337397959704,0.0714919380151895,0.8605638787306831,0.8580128583225197,0.8705910109708623,0.012578152648342611,0.01002713224017926,0.8589532490443987,0.8562629996839652,0.8672086720867209,0.01094567240275568,0.008255423042322185
xgboost,5,0110f12e,relaxation,86,22,108,True,True,True,-3.1123289973086044,0.9573984490582147,0.5092250443994999,121,236,357,3c0f51a9cea8302ecaea698fb4dc5ffdab602ae45b99fca51cfbe573ecb238bf,0.10924138775816686,0.17256102691240258,-0.06331963915423572,0.4107159710091529,0.7913746031334029,-0.38065863212425,0.09750233540806381,0.19636347612441027,0.8554944670121866,0.863758929822104,0.8309287014988094,-0.03283022832329463,-0.02456576551337719,0.8404812288703599,0.8469807118544355,0.7833599488981157,-0.0636207629563198,-0.057121279972244254
lightgbm,5,0110f12e,relaxation,86,22,108,True,True,True,-1.9687259186377144,0.8774741984403451,0.5346340821475227,121,236,357,3c0f51a9cea8302ecaea698fb4dc5ffdab602ae45b99fca51cfbe573ecb238bf,0.09808500831864457,0.15898604297357682,-0.060901034654932254,0.31160186008303453,0.552724744947416,-0.24112288486438144,0.05976933895412148,0.20377391413188567,0.8558096372040902,0.861955455946211,0.8351659896344026,-0.026789466311808452,-0.020643647569687618,0.8472269770626497,0.8510587574181134,0.7887371249440215,-0.06232163247409195,-0.05848985211862823
xgboost,5,0110f12e,interest,48,31,79,True,True,True,-1.5884892716125512,0.830403447993833,0.5598454512655735,87,205,292,6503ba40faff8d93881a19984721146ac4c77a4f907d9ab7c4f93d09a8ee7e18,0.13544389284709613,0.15941320774408035,-0.02396931489698423,0.48398430261519937,0.6582916781396412,-0.1743073755244418,0.10579183185009618,0.1597899698361234,0.8078777684328567,0.8226801233529577,0.8493131483038968,0.02663302495093911,0.04143537987104007,0.792699752193423,0.8026582563640459,0.7990867579908676,-0.0035714983731782723,0.006387005797444556
lightgbm,5,0110f12e,interest,48,31,79,True,True,True,-0.991503378699427,0.7293847655010133,0.5592253008925766,87,205,292,6503ba40faff8d93881a19984721146ac4c77a4f907d9ab7c4f93d09a8ee7e18,0.11621884543959263,0.14171043541448686,-0.02549158997489423,0.3620673938553714,0.47280167019121677,-0.11073427633584537,0.07936353873270448,0.16361140177527486,0.8218110456966639,0.8251191477432016,0.8533221194280909,0.028202971684889278,0.03151107373142703,0.8049692759818328,0.8060161564625851,0.8082344026269259,0.0022182461643408535,0.0032651266450931526
xgboost,5,0110f12e,focus,31,42,73,True,True,True,0.3130872729875266,0.4223613499789507,0.5232160836458206,188,125,313,d730937c1aa6916184c21b9f44ba81aa0a827946bc0caa11865e86704f20d75f,0.20020954397229673,0.20678435763038364,-0.006574813658086903,0.6794153621474762,0.6887393613342597,-0.009323999186783505,0.1613638685914292,0.16946237990893206,0.7269361702127659,0.7229361702127659,0.7163404255319148,-0.006595744680851112,-0.010595744680851116,0.7283946649525952,0.7246373701828169,0.7135177216921087,-0.011119648490708234,-0.014876943260486497
lightgbm,5,0110f12e,focus,31,42,73,True,True,True,0.43950140543746363,0.39185978076767364,0.5355455577196107,188,125,313,d730937c1aa6916184c21b9f44ba81aa0a827946bc0caa11865e86704f20d75f,0.1730848865145259,0.18807051777269168,-0.014985631258165794,0.5426831193770695,0.5734237217647735,-0.03074060238770404,0.09915916637389588,0.15857082729038383,0.7522127659574469,0.7535106382978723,0.7443404255319148,-0.00917021276595753,-0.007872340425532087,0.7559559906436801,0.7594422485726833,0.7385129490392648,-0.02092929953341849,-0.017443041604415344
xgboost,5,0182e16c,attention,110,13,123,True,True,True,-2.6930023943607564,0.936612466318228,0.3577373959124088,150,111,261,6f919459db5382b81772edda72e8a1ed908d59b7a87e4c13811af2f9c521d7a5,0.14394981338893564,0.18910046946088532,-0.04515065607194968,0.5966016682604641,0.7170791552988718,-0.12047748703840766,0.11055923469604917,0.1952340405237609,0.8087387387387388,0.8371171171171171,0.7281081081081081,-0.109009009009009,-0.0806306306306307,0.8056879094699225,0.8269358284830177,0.7327188940092166,-0.09421693447380108,-0.07296901546070589
lightgbm,5,0182e16c,attention,110,13,123,True,True,True,-2.079285913205217,0.8888735172450518,0.4712262449271412,150,111,261,6f919459db5382b81772edda72e8a1ed908d59b7a87e4c13811af2f9c521d7a5,0.13034722409039498,0.21075575974729566,-0.08040853565690068,0.44343601380096476,0.613654739970541,-0.17021872616957623,0.08144708402126478,0.2237788459506882,0.8345945945945946,0.8279279279279279,0.6198198198198198,-0.2081081081081081,-0.2147747747747748,0.829594017094017,0.8221227924617756,0.600826228355454,-0.2212965641063216,-0.22876778873856307
xgboost,5,0182e16c,engagement,33,72,105,True,True,True,-0.35423942297474753,0.5876452490366788,0.7579803466796875,86,164,250,4e829c341107560176f571e9d8e23fbf22c595410c2b7d891e19bde13d5a8eaf,0.2523645509019424,0.27223971240966516,-0.019875161507722783,0.7605740381551277,0.8129157160947919,-0.052341677939664155,0.22827026711024517,0.2520478520795436,0.6423709585933068,0.6176262053318208,0.6259926262053319,0.008366420873511138,-0.016378332387974925,0.6238114923522117,0.5599718381976446,0.5949186596668612,0.03494682146921657,-0.028892832685350478
lightgbm,5,0182e16c,engagement,33,72,105,True,True,True,-0.11190743452220683,0.5279476983262943,0.709704656904282,86,164,250,4e829c341107560176f571e9d8e23fbf22c595410c2b7d891e19bde13d5a8eaf,0.18283948229317987,0.18819856981579428,-0.005359087522614409,0.5349886667792562,0.5463914967974006,-0.01140283001814446,0.1284101101843809,0.14237478346038412,0.6944838343732275,0.6356352807714124,0.7000141803743618,0.0643788996029494,0.005530346001134334,0.6868296868296868,0.5798319327731092,0.68951496282686,0.1096830300537508,0.0026852759971731643
xgboost,5,0182e16c,excitement,145,7,152,True,False,False,0.0,0.4941783798858523,0.4941783798858523,223,26,249,a5ded7290f00a798a63186ddae6ab6182d64ac41e9be214d4b119c2ac5e7f9da,0.021830599083194964,0.021830599083194964,0.0,0.09404806773077579,0.09404806773077579,0.0,0.022564123745877327,0.022564123745877327,0.9525698516729907,0.9525698516729907,0.9525698516729907,0.0,0.0,0.9376876876876876,0.9376876876876876,0.9376876876876876,0.0,0.0
lightgbm,5,0182e16c,excitement,145,7,152,True,False,False,0.0,0.4720144533390508,0.4720144533390508,223,26,249,a5ded7290f00a798a63186ddae6ab6182d64ac41e9be214d4b119c2ac5e7f9da,0.024952583743198965,0.024952583743198965,0.0,0.09993486995292902,0.09993486995292902,0.0,0.04699165632018651,0.04699165632018651,0.950327699206623,0.950327699206623,0.950327699206623,0.0,0.0,0.9284629591627334,0.9284629591627334,0.9284629591627334,0.0,0.0
xgboost,5,0182e16c,stress,57,98,155,True,True,True,-3.3806495779895798,0.9670942829504928,0.9783215969800948,69,118,187,7a856be0c433dc6436037d0f02ddb4da3e4dd433db80bfff210c6cd5186c5238,0.25351671688514665,0.17221875324047364,0.08129796364467301,0.8203818254561428,0.5599590323029231,0.2604227931532197,0.25370177490174894,0.1335203487870658,0.5742446573323507,0.7942765905183002,0.7859248341930729,-0.008351756325227333,0.21168017686072216,0.5394088669950738,0.7580018980243293,0.7690543401552576,0.011052442130928375,0.2296454731601838
lightgbm,5,0182e16c,stress,57,98,155,True,True,True,-0.9255357127357922,0.7161687013381712,0.8214770606432908,69,118,187,7a856be0c433dc6436037d0f02ddb4da3e4dd433db80bfff210c6cd5186c5238,0.16609296348416108,0.12233848209877515,0.04375448138538593,0.4658885625022163,0.36758220989499485,0.09830635260722143,0.17884381738401361,0.11250798221975472,0.6219602063375093,0.8470277573077868,0.7347703267010562,-0.11225743060673055,0.11281012036354698,0.6092647348708851,0.8374838922353083,0.744535519125683,-0.09294837310962523,0.135270784254798
xgboost,5,0182e16c,relaxation,90,3,93,True,False,False,0.0,0.0007373705902864,0.0007373705902864,198,40,238,b5b4391f25a6089e4c17f29b8ddd5fc2b6028a0537b86af8958799aa8f289d46,0.11696251187506287,0.11696251187506287,0.0,0.5749193116594523,0.5749193116594523,0.0,0.12613954175816783,0.12613954175816783,0.6125,0.8996212121212122,0.8996212121212122,0.0,0.2871212121212121,0.6473737035797926,0.8629821531375936,0.8629821531375936,0.0,0.215608449557801
lightgbm,5,0182e16c,relaxation,90,3,93,True,False,False,0.0,0.0124242587454635,0.0124242587454635,198,40,238,b5b4391f25a6089e4c17f29b8ddd5fc2b6028a0537b86af8958799aa8f289d46,0.0872157974640554,0.0872157974640554,0.0,0.2867324069052837,0.2867324069052837,0.0,0.09999367310249288,0.09999367310249288,0.65,0.8815656565656566,0.8815656565656566,0.0,0.23156565656565653,0.6977503628447025,0.7764181621100807,0.7764181621100807,0.0,0.07866779926537826
xgboost,5,0182e16c,interest,25,122,147,True,True,True,7.2101908360907085,0.0007384703695588172,0.0242521190375555,85,143,228,6f5d296ebce203e0e588f11be6fb911720322e60cfe4742fdab55727222aae34,0.2396347158563957,0.1464525844198163,0.09318213143657941,0.9942261245135149,0.49014975269692995,0.5040763718165849,0.30545629417951115,0.15546466890084715,0.7517482517482518,0.8853969559851913,0.7483340189222543,-0.13706293706293704,-0.0034142328259975097,0.6875808163659172,0.8724424552429668,0.7654320987654321,-0.10701035647753476,0.07785128239951489
lightgbm,5,0182e16c,interest,25,122,147,True,True,True,3.938761917899865,0.019100379665165073,0.1070259652542569,85,143,228,6f5d296ebce203e0e588f11be6fb911720322e60cfe4742fdab55727222aae34,0.23678726578310996,0.1376168945948076,0.09917037118830235,0.7078724673419188,0.435379217616527,0.2724932497253918,0.3061797421823311,0.16078779169949267,0.7061291649526944,0.8653640477169888,0.7259152612093789,-0.13944878650760995,0.019786096256684482,0.638095238095238,0.8574511425286893,0.7410030211480363,-0.11644812138065297,0.10290778305279824
xgboost,5,0182e16c,focus,88,19,107,True,True,True,-10.960818403398509,0.9999826312122904,0.9998884201049804,191,53,244,0868f0ee774bff248aa97501d3bbe13a6f8ef3a0059cc4315117e7297a3dd0de,0.6612338235264505,0.12647852696244552,0.534755296564005,3.9734154992016757,0.4281035614444088,3.545311937757267,0.6968763782833627,0.12400034712522764,0.5445026178010471,0.7736342981329645,0.6320754716981132,-0.1415588264348513,0.08757285389706604,0.2710164835164835,0.7755066517468606,0.6626369340943737,-0.11286971765248688,0.39162045057789024
lightgbm,5,0182e16c,focus,88,19,107,True,True,True,-6.491413416391035,0.9984858918178471,0.9937703476184254,191,53,244,0868f0ee774bff248aa97501d3bbe13a6f8ef3a0059cc4315117e7297a3dd0de,0.5785085170047967,0.14754822552755112,0.43096029147724557,2.2138012710222728,0.43658794767734843,1.7772133233449243,0.6497130369388924,0.11913265579640792,0.5418848167539267,0.7091771214066976,0.5094339622641509,-0.1997431591425467,-0.032450854489775804,0.2659067856344663,0.7149243116935894,0.45861068441713604,-0.25631362727645335,0.19270389878266975
xgboost,4,01c2a0d8,attention,89,59,148,True,True,True,-3.411928974265482,0.9680752723583538,0.8106889426708221,129,105,234,aa0d35b5066706ad664a3f547732f314d9c63fbc8cd3ca6d185f40b2d1b00c0d,0.18631521709815377,0.17634135463339,0.009973862464763755,0.7022889246519269,0.6382534895630517,0.06403543508887521,0.15370817264120448,0.13780545597468158,0.7839424141749722,0.7703211517165005,0.7588039867109635,-0.011517165005537011,-0.02513842746400874,0.7734008148946667,0.7681467889908258,0.7615489130434783,-0.006597875947347509,-0.011851901851188451
lightgbm,4,01c2a0d8,attention,89,59,148,True,True,True,-2.0150543716176372,0.882368651451589,0.7856837138465009,129,105,234,aa0d35b5066706ad664a3f547732f314d9c63fbc8cd3ca6d185f40b2d1b00c0d,0.16307539078890235,0.14445002625036135,0.018625364538540995,0.48606343686679593,0.44832654319309634,0.03773689367369959,0.13693857620576774,0.11083483214212152,0.7827242524916944,0.8099667774086379,0.7734219269102991,-0.03654485049833878,-0.009302325581395321,0.7686222808174028,0.8099667774086379,0.7769389155799589,-0.033027861828679006,0.008316634762556063
xgboost,4,01c2a0d8,engagement,41,49,90,True,True,True,-3.434526943857308,0.9687663356327916,0.8952232301235199,218,44,262,4af947be5370fcfb0b0ee503d128919382d3d108a0a9c2e8cf786f18bcf55886,0.3477816653237716,0.17424245346311834,0.17353921186065324,1.4142343566629914,0.5916708878734502,0.8225634687895411,0.40372264812094383,0.14787762664957163,0.7068390325271059,0.7077773144286905,0.658256880733945,-0.04952043369474557,-0.048582151793160944,0.5396586345381527,0.626192085304498,0.6333844903854835,0.007192405080985509,0.09372585584733084
lightgbm,4,01c2a0d8,engagement,41,49,90,True,True,True,-2.0059051256642206,0.8814156854614694,0.8571844798620041,218,44,262,4af947be5370fcfb0b0ee503d128919382d3d108a0a9c2e8cf786f18bcf55886,0.28383829049911535,0.14681243399807317,0.13702585650104218,0.9023990719943739,0.44028638941336457,0.4621126825810093,0.3612679621656136,0.10717969311078486,0.7366555462885738,0.6808798999165973,0.6765012510425354,-0.004378648874061808,-0.060154295246038325,0.5799854262812727,0.6412494651262302,0.6521062271062271,0.010856761979996965,0.07212080082495442
xgboost,4,01c2a0d8,excitement,91,50,141,True,True,True,-0.998938906644921,0.7308499038719165,0.500844617956318,106,137,243,6cd7a72869784ddf8c9cb708a5c18dfdefd93e6e600bd2b4d77b35e8be6efbb9,0.12806022577074702,0.14968104741021515,-0.02162082163946813,0.6123915438045252,0.7599528599562337,-0.14756131615170853,0.14169163845795285,0.16491167339814494,0.8711954276270486,0.8711954276270486,0.8383487122985815,-0.03284671532846706,-0.03284671532846706,0.8559573206876111,0.8559573206876111,0.8185582405647569,-0.0373990801228542,-0.0373990801228542
lightgbm,4,01c2a0d8,excitement,91,50,141,True,True,True,-0.7955049469870843,0.6890121255230761,0.5101682768177985,106,137,243,6cd7a72869784ddf8c9cb708a5c18dfdefd93e6e600bd2b4d77b35e8be6efbb9,0.11164839230578455,0.13306576415070828,-0.021417371844923733,0.40349552487029544,0.5093193421823516,-0.1058238173120562,0.11704660916269999,0.15017032540987876,0.8701280815314695,0.8664784464949731,0.8529472524445669,-0.013531194050406148,-0.01718082908690255,0.8559670781893004,0.8518493429074652,0.8352542372881355,-0.016595105619329642,-0.020712840901164875
xgboost,4,01c2a0d8,stress,89,34,123,True,True,True,-6.043544459646531,0.9976324859081885,0.5942364856600761,131,91,222,3b315db7bfe716727c597c423616e3406e7b2d655c9e991137fd0627217e8815,0.053077340963892966,0.1141546708248054,-0.06107732986091244,0.2559958984721557,0.5497604407737151,-0.2937645423015594,0.05230702710612291,0.15277754682231226,0.9398540390906803,0.9436708329838102,0.8131868131868132,-0.13048401979699698,-0.12666722590386714,0.9354222074468085,0.9399488129174556,0.8277027027027026,-0.11224611021475295,-0.10771950474410585
lightgbm,4,01c2a0d8,stress,89,34,123,True,True,True,-3.876347032930486,0.9796944608078175,0.6805323103666256,131,91,222,3b315db7bfe716727c597c423616e3406e7b2d655c9e991137fd0627217e8815,0.056052160874031594,0.1243195633812896,-0.06826740250725802,0.19731608980910953,0.4791518675081462,-0.28183577769903667,0.050677574911061986,0.18247027617648964,0.9255096048989179,0.9369599865783071,0.7802197802197802,-0.15674020635852692,-0.14528982467913765,0.9255096048989179,0.9391588489511964,0.792929764014551,-0.14622908493664544,-0.13257984088436692
xgboost,4,01c2a0d8,relaxation,109,20,129,True,True,True,-1.112971815232965,0.7526827344345474,0.4997645057665068,172,88,260,70dadf5d9f37fcd4dd72d08607ce55999b72138c489affe9cf24a5c0f4a21d87,0.13512532113263567,0.1560068708650137,-0.02088154973237802,0.6657247502032623,0.8395350993293401,-0.17381034912607785,0.1491373021470271,0.17057069028049843,0.7641384778012685,0.7641384778012685,0.7527748414376321,-0.011363636363636465,-0.011363636363636465,0.7909007352941176,0.7909007352941176,0.7788260768695383,-0.012074658424579332,-0.012074658424579332
lightgbm,4,01c2a0d8,relaxation,109,20,129,True,True,True,-0.9191617114153932,0.7148712678372576,0.4909953624635382,172,88,260,70dadf5d9f37fcd4dd72d08607ce55999b72138c489affe9cf24a5c0f4a21d87,0.12008299981165929,0.14984828160738753,-0.029765281795728238,0.40758828912972916,0.5509555854433117,-0.14336729631358253,0.13796118226411014,0.17302955490187344,0.7641384778012685,0.7641384778012685,0.7300475687103594,-0.03409090909090917,-0.03409090909090917,0.7909007352941176,0.7909007352941176,0.7538461538461538,-0.03705458144796381,-0.03705458144796381
xgboost,4,01c2a0d8,interest,89,47,136,True,True,True,-3.5672410516784643,0.9725416088878717,0.5310238748788834,182,87,269,70493fabd30850fd3d09833f21b4923fdf46323f998247676b31d6fc9ee6c857,0.1034372003508171,0.15361887949673808,-0.05018167914592098,0.39529621089150224,0.6578456052799887,-0.26254939438848646,0.09327522105213641,0.1586405903276718,0.8386067955033473,0.8386067955033473,0.7131489200454717,-0.12545787545787557,-0.12545787545787557,0.8386067955033473,0.8386067955033473,0.7362745098039216,-0.10233228569942565,-0.10233228569942565
lightgbm,4,01c2a0d8,interest,89,47,136,True,True,True,-1.902571404984911,0.8701822812101312,0.5795524709106283,182,87,269,70493fabd30850fd3d09833f21b4923fdf46323f998247676b31d6fc9ee6c857,0.09451760945719465,0.11540280272741123,-0.02088519327021658,0.3293839730693074,0.43076026367237535,-0.10137629060306796,0.06621979959553384,0.11849179444251695,0.8640899330554503,0.8465959328028294,0.7823670582291272,-0.06422887457370219,-0.08172287482632312,0.8640899330554503,0.8528635778635779,0.8064578397823989,-0.04640573808117898,-0.05763209327305141
xgboost,4,01c2a0d8,focus,48,54,102,True,True,True,-3.6342627322111216,0.9742758122684948,0.9649627804756165,31,185,216,564b0da1774b311d8a81b434de6ecf15f3088682dcb99f92d6812e5c90f5073e,0.15269459298185975,0.2911250544511113,-0.13843046146925156,0.548976480801072,1.0397338957165136,-0.49075741491544167,0.14764346054720653,0.310411214738624,0.5455100261551875,0.6549258936355711,0.6360069747166521,-0.018918918918918948,0.09049694856146462,0.5511269782064262,0.55,0.5260100684135794,-0.0239899315864206,-0.025116909792846753
lightgbm,4,01c2a0d8,focus,48,54,102,True,True,True,-2.2366233590768214,0.9034904313650091,0.9111890402621392,31,185,216,564b0da1774b311d8a81b434de6ecf15f3088682dcb99f92d6812e5c90f5073e,0.1370812863183105,0.2849182597728523,-0.14783697345454178,0.429521229882732,0.8269225542769191,-0.39740132439418707,0.11832473721229342,0.3375718051353065,0.5481255448997384,0.6251089799476897,0.598256320836966,-0.026852659110723653,0.05013077593722759,0.5520617313720763,0.49955634427684115,0.49153561053791445,-0.0080207337389267,-0.06052612083416181
xgboost,2,1081b177,attention,53,77,130,True,True,True,-2.318430992516774,0.910392025961425,0.7040627151727676,152,115,267,227b4d6f57fd47553846d9a3a6e5364e14a45acf91da8350eea968667ce17014,0.35910018706879604,0.23296590137669046,0.12613428569210558,1.412908560123767,0.755384916539884,0.6575236435838829,0.37900808480985054,0.2033216430657121,0.6108981693363844,0.6560068649885583,0.7055778032036614,0.049570938215103055,0.09467963386727696,0.5274336283185841,0.6046626408082685,0.679851598978685,0.07518895817041649,0.15241797066010088
lightgbm,2,1081b177,attention,53,77,130,True,True,True,-0.8776096061115777,0.7063266279720282,0.6946844491663047,152,115,267,227b4d6f57fd47553846d9a3a6e5364e14a45acf91da8350eea968667ce17014,0.31186478574368465,0.23310581366909625,0.0787589720745884,0.9244755284665771,0.6761561124317551,0.248319416034822,0.3407365104967405,0.21987182424337137,0.616304347826087,0.6691647597254005,0.672454233409611,0.003289473684210509,0.05614988558352396,0.5283260233918129,0.6222279972279972,0.6265626577076695,0.004334660479672348,0.09823663431585661
xgboost,2,1081b177,engagement,17,93,110,True,True,True,-2.3017107862086563,0.9090186264830009,0.9462436139583588,73,188,261,640b314903571314524906e7c771a2579d3b14df967959cdb6ee38e6371794e7,0.24757657960578197,0.26305545938679953,-0.015478879781017557,1.0406583988584495,0.9931120152799214,0.04754638357852803,0.2482527072266658,0.24101460851502973,0.5845963276012824,0.6368041387350627,0.6227047508015155,-0.014099387933547147,0.03810842320023311,0.5889763779527559,0.6272775760912579,0.619452347083926,-0.007825229007331846,0.030475969131170122
lightgbm,2,1081b177,engagement,17,93,110,True,True,True,-0.8261898480404788,0.6955486910217058,0.8894453655348181,73,188,261,640b314903571314524906e7c771a2579d3b14df967959cdb6ee38e6371794e7,0.24287759703034667,0.24625749823255946,-0.0033799012022127928,0.7521272069560728,0.7308166236096635,0.02131058334640934,0.23806284383753734,0.23961957663229075,0.5671087146604489,0.6467137860682017,0.5526814339842612,-0.09403235208394056,-0.014427280676187704,0.5697802197802198,0.6313559322033898,0.5538629148900202,-0.07749301731336966,-0.0159173048901996
xgboost,2,1081b177,excitement,73,47,120,True,True,True,-3.3877441407467312,0.9673193060981903,0.5536136887967587,122,184,306,ec62b2e04fac79fcb79fc9adae1cbcb83f594284fccebf53f5534341c754bec8,0.050768338568193364,0.043592499655209685,0.007175838912983679,0.18870840666449884,0.18274318450514257,0.00596522215935627,0.0477682145935664,0.04724181942050051,0.9276550249465432,0.9331343549536707,0.9509978617248753,0.01786350677120463,0.023342836778332154,0.9341615047504728,0.9379282365668951,0.946031746031746,0.008103509464850944,0.01187024128127323
lightgbm,2,1081b177,excitement,73,47,120,True,True,True,-2.284883997967853,0.9076173767767045,0.5924969399381805,122,184,306,ec62b2e04fac79fcb79fc9adae1cbcb83f594284fccebf53f5534341c754bec8,0.05661393438034809,0.04387498365507194,0.01273895072527615,0.18352827352325132,0.1702623721298837,0.013265901393367613,0.06543845127090632,0.07573516875919936,0.9057822523164647,0.9112615823235923,0.955096222380613,0.043834640057020646,0.04931397006414828,0.9158145719657023,0.9197555497280718,0.9494643663227895,0.02970881659471769,0.03364979435708726
xgboost,2,1081b177,stress,77,40,117,True,True,True,-2.405149917483885,0.9172191684053866,0.5246391873806715,153,166,319,6293eef1d07861679cf1cb0c1772c2ce42c9fd23d4afd543db35323b34380205,0.1093292709169213,0.10232415494025117,0.007005115976670126,0.37093052098077184,0.35245023774097545,0.01848028323979639,0.0967417905621829,0.0863142141107038,0.8590243326246161,0.856012284431845,0.8736908417985668,0.01767855736672186,0.014666509173950737,0.8603883186122384,0.857313254808409,0.8714278692553452,0.01411461444693618,0.011039550643106799
lightgbm,2,1081b177,stress,77,40,117,True,True,True,-1.5331166087170547,0.8224618537279738,0.5498279327616415,153,166,319,6293eef1d07861679cf1cb0c1772c2ce42c9fd23d4afd543db35323b34380205,0.09897602846647954,0.0836476059937187,0.015328422472760839,0.30129141432163653,0.28202302222716064,0.019268392094475895,0.09049013264402353,0.08170180880900735,0.8233325458697536,0.8399283408142373,0.905090952043468,0.06516261122923073,0.08175840617371444,0.8242424242424242,0.8411227986293728,0.9027869255345293,0.06166412690515655,0.0785445012921051
xgboost,2,1081b177,relaxation,109,18,127,True,True,True,-4.272196848775421,0.9862408542279022,0.6393324434757233,174,97,271,3b1d0a3245dc7ac8a5fda059d2429c786e88ef1179b27e74e72757ae4f7f2683,0.09367247748428388,0.09060309103069777,0.0030693864535861065,0.33572519198648937,0.31052754184322595,0.025197650143263417,0.11538722616539224,0.09579743611284644,0.9057649010546274,0.8995141604455503,0.8315854959118378,-0.06792866453371249,-0.07417940514278953,0.8782569631626236,0.8805063651233909,0.8523775954883364,-0.028128769635054507,-0.025879367674287224
lightgbm,2,1081b177,relaxation,109,18,127,True,True,True,-3.077393013926981,0.9559505371418805,0.6096425015482045,174,97,271,3b1d0a3245dc7ac8a5fda059d2429c786e88ef1179b27e74e72757ae4f7f2683,0.1019550537355335,0.09268472568351033,0.009270328052023172,0.33602257787280027,0.2875933924312308,0.04842918544156949,0.12488609800249667,0.09948108710653114,0.897144211399455,0.8903009835288542,0.8470494134376111,-0.04325157009124314,-0.05009479796184391,0.8673519334312285,0.8662973456816228,0.8667290638831162,0.0004317182014934584,-0.0006228695481123037
xgboost,2,1081b177,interest,100,45,145,True,True,True,-3.619514509383496,0.9739035887594343,0.7290830388665199,134,183,317,c6d7d62ba703c3bf617592f9ff76f80a7db5e40b1cfa3b76564f57d3ea0fde7a,0.1749812789641082,0.15666814611002408,0.01831313285408412,0.6443713261464257,0.4983618752282747,0.14600945091815098,0.18834300673117255,0.13781908221080721,0.7306092488377783,0.8010358045836392,0.7944906614468641,-0.006545143136775122,0.06388141260908575,0.7341123481897671,0.8096586035340538,0.7819090066106309,-0.027749596923422937,0.04779665842086378
lightgbm,2,1081b177,interest,100,45,145,True,True,True,-2.187619607677057,0.8991322254226812,0.7024819556016766,134,183,317,c6d7d62ba703c3bf617592f9ff76f80a7db5e40b1cfa3b76564f57d3ea0fde7a,0.18575023671574872,0.16527349935536756,0.020476737360381164,0.5602487388573926,0.48983433768164897,0.0704144011757436,0.182760368782902,0.14436522629978227,0.7136856700106027,0.7595220618220373,0.7699004975124377,0.010378435690400423,0.05621482750183504,0.7132165474134387,0.7658964177538985,0.7538819875776397,-0.012014430176258806,0.04066544016420104
xgboost,2,1081b177,focus,40,60,100,True,True,True,-0.2857091045195478,0.5709453276634424,0.525509387254715,97,234,331,1a8050db84ac55060018f5c41ffb62078cffa5d9b5c82a289dcfca39ca175f54,0.0474363502957856,0.047604504346642144,-0.0001681540508565449,0.16100065321181292,0.16284717590192607,-0.0018465226901131504,0.029447577188114468,0.023188836775996913,0.9210503128028902,0.9210503128028902,0.918913560666138,-0.002136752136752129,-0.002136752136752129,0.9261819803746655,0.9261819803746655,0.922733184379898,-0.0034487959947674396,-0.0034487959947674396
lightgbm,2,1081b177,focus,40,60,100,True,True,True,-0.13897505679048122,0.5346879517109959,0.5851705130634419,97,234,331,1a8050db84ac55060018f5c41ffb62078cffa5d9b5c82a289dcfca39ca175f54,0.051224122634695855,0.052660536197945015,-0.00143641356324916,0.1779608515066017,0.18290255624902446,-0.004941704742422753,0.05879886818971463,0.05387096034851893,0.9055863952771169,0.8957837694951096,0.9064675301788704,0.010683760683760757,0.0008811349017534553,0.914292147481002,0.8945917751056938,0.9114183764495987,0.0168266013439049,-0.002873771031403294
xgboost,3,20201194,attention,7,89,96,True,False,False,0.0,0.3022572994232178,0.3022572994232178,43,171,214,5857e5bd4f65425c5bd12d068684905fd34cdca9f518d4122dab9870ee8de6c8,0.20401700020332858,0.20401700020332858,0.0,0.605439630005039,0.605439630005039,0.0,0.1955417401035464,0.1955417401035464,0.6707466340269277,0.6652386780905752,0.6652386780905752,0.0,-0.005507955936352449,0.6293440607889149,0.6580689340333257,0.6580689340333257,0.0,0.028724873244410754
lightgbm,3,20201194,attention,7,89,96,True,False,False,0.0,0.3365227135410288,0.3365227135410288,43,171,214,5857e5bd4f65425c5bd12d068684905fd34cdca9f518d4122dab9870ee8de6c8,0.16492728670604792,0.16492728670604792,0.0,0.486095217693999,0.486095217693999,0.0,0.1746519704451301,0.1746519704451301,0.7114783081735345,0.6683666530667755,0.6683666530667755,0.0,-0.04311165510675907,0.6611195999444367,0.6847592067988668,0.6847592067988668,0.0,0.023639606854430117
xgboost,3,20201194,engagement,23,66,89,True,True,True,1.2668197789786135,0.2198021395126051,0.488843023777008,146,36,182,4506280bf6c53edd5ffc525410612ca3bee92631fcdf715d8df5e88e9da8b58c,0.28527940875114377,0.3874363005085638,-0.10215689175742004,0.8954992067379065,1.310154978376479,-0.4146557716385725,0.276497061808767,0.417751236075667,0.5616438356164384,0.5616438356164384,0.6014079147640792,0.039764079147640796,0.039764079147640796,0.5220003597769383,0.5220003597769383,0.46442400024780844,-0.05757635952912982,-0.05757635952912982
lightgbm,3,20201194,engagement,23,66,89,True,True,True,1.1391427096387892,0.24247779530706925,0.4890248706943517,146,36,182,4506280bf6c53edd5ffc525410612ca3bee92631fcdf715d8df5e88e9da8b58c,0.23012598303494686,0.37142552379428306,-0.1412995407593362,0.6495783699906839,1.0482285076306166,-0.39865013763993273,0.24617111874732728,0.45021459396718894,0.6206240487062404,0.6103500761035008,0.626331811263318,0.015981735159817267,0.005707762557077611,0.5615079365079365,0.548734066701589,0.43199103111838316,-0.11674303558320581,-0.12951690538955335
xgboost,3,20201194,excitement,27,115,142,True,True,True,-6.79414380552466,0.9988809369375972,0.999736487865448,145,87,232,3287199a8d03c926fe440b9ea613ca2770105cc8aa20d2b950ca2f5991cd8b11,0.32655292112228407,0.13053952663393306,0.196013394488351,1.998622983341061,0.5331405087285963,1.4654824746124646,0.36942332211840734,0.10241614651984488,0.7068965517241379,0.8425287356321839,0.8586206896551725,0.016091954022988575,0.15172413793103456,0.6285902627366042,0.8401543337467273,0.8442743992482212,0.004120065501493908,0.215684136511617
lightgbm,3,20201194,excitement,27,115,142,True,True,True,-4.313158282497813,0.9867857647519866,0.9956252752949776,145,87,232,3287199a8d03c926fe440b9ea613ca2770105cc8aa20d2b950ca2f5991cd8b11,0.28810572390888456,0.11156041692082085,0.1765453069880637,1.2598763056642397,0.4023017953340292,0.8575745103302105,0.3468218231947823,0.0986612320784794,0.725287356321839,0.8781609195402299,0.8839080459770114,0.005747126436781547,0.1586206896551724,0.6571834726820418,0.8729264475743349,0.8705531505531505,-0.002373297021184384,0.21336967787110872
xgboost,3,20201194,stress,108,53,161,True,True,True,0.7633522519572338,0.3179188989081413,0.3802121663466096,137,86,223,eaa39568c4292804ac17333a3313a2e6071b8e74f9ea9d6557f992392ddeb27a,0.12879163760938186,0.12760783309865806,0.001183804510723807,0.40367854292207395,0.39173196619413353,0.011946576727940417,0.0980052601919733,0.08295749553492153,0.8072059073162452,0.8005856391105075,0.8180274995756238,0.01744186046511631,0.01082159225937862,0.8148164335664335,0.8037688064730752,0.8193947144075022,0.015625907934426975,0.004578280841068705
lightgbm,3,20201194,stress,108,53,161,True,True,True,0.0931878845908943,0.47671987343081346,0.3726566697505418,137,86,223,eaa39568c4292804ac17333a3313a2e6071b8e74f9ea9d6557f992392ddeb27a,0.10232432287018908,0.10221376958848236,0.00011055328170672674,0.3276616248528078,0.3275217823591904,0.00013984249361742584,0.053045048312868076,0.056665578153001786,0.8530385333559667,0.8462909523001187,0.8442539466983534,-0.0020370056017653404,-0.00878458665761328,0.8598061956686683,0.8378316607450809,0.8472079479273724,0.009376287182291554,-0.01259824774129592
xgboost,3,20201194,relaxation,107,26,133,True,True,True,-0.8579214033911049,0.7022261930819864,0.4995289926882833,116,77,193,02c1bd2b8c8b445baf70e7f69c94a9827aaf3b3825501e519e471ada1a9d641c,0.10218646563102801,0.1248174547530879,-0.022630989122059894,0.36966662748651213,0.487281163344615,-0.11761453585810289,0.12429131818497302,0.14959600431106326,0.8376623376623377,0.8376623376623377,0.8181818181818181,-0.019480519480519543,-0.019480519480519543,0.8544626428980786,0.8544626428980786,0.8350427350427351,-0.019419907855343532,-0.019419907855343532
lightgbm,3,20201194,relaxation,107,26,133,True,True,True,-0.5645169031467405,0.6374970189798292,0.5019735358139608,116,77,193,02c1bd2b8c8b445baf70e7f69c94a9827aaf3b3825501e519e471ada1a9d641c,0.09694052938184079,0.1207570384082991,-0.023816509026458307,0.2882088839893309,0.36631288500622744,-0.07810400101689652,0.12376081173306522,0.15233663929791752,0.8181818181818181,0.8181818181818181,0.7857142857142857,-0.03246753246753242,-0.03246753246753242,0.8350427350427351,0.8350427350427351,0.8013722126929674,-0.03367052234976764,-0.03367052234976764
xgboost,3,20201194,interest,146,11,157,True,True,True,-2.6557791686746697,0.9343662942800885,0.1971164466813206,117,66,183,7cd83d862e1d1ea90cbcdd3809fddc20e0425829348d2f74d3a150ff0af7e434,0.10284579497152964,0.19642696538142937,-0.09358117040989973,0.3680987522368866,0.8303304970626736,-0.462231744825787,0.11569476039770309,0.22499115557142607,0.8333333333333333,0.864996114996115,0.6893939393939394,-0.1756021756021755,-0.1439393939393938,0.85703125,0.8770491803278688,0.7001798201798202,-0.17686936014804866,-0.15685142982017986
lightgbm,3,20201194,interest,146,11,157,True,True,True,-2.2255954186289495,0.9025245568621622,0.2939522997958822,117,66,183,7cd83d862e1d1ea90cbcdd3809fddc20e0425829348d2f74d3a150ff0af7e434,0.11684065778069283,0.22140066747654957,-0.10456000969585674,0.3664967825049512,0.7899902616153878,-0.42349347911043655,0.10765465967993693,0.2562675555141173,0.7727272727272727,0.8465423465423465,0.6287878787878788,-0.21775446775446772,-0.14393939393939392,0.7961229946524064,0.8624248223072717,0.6182468389458895,-0.2441779833613822,-0.17787615570651694
xgboost,3,20201194,focus,8,127,135,True,False,False,0.0,0.9863397777080536,0.9863397777080536,140,91,231,b1050272c185b403bcf5007505d86a1b3e2f1e3d213fc23d80e41c8dec06d1be,0.3504488004334932,0.3504488004334932,0.0,1.5073842313551156,1.5073842313551156,0.0,0.40560844410170527,0.40560844410170527,0.6535714285714286,0.8456043956043956,0.8456043956043956,0.0,0.19203296703296702,0.5611375521475997,0.8253968253968254,0.8253968253968254,0.0,0.2642592732492256
lightgbm,3,20201194,focus,8,127,135,True,False,False,0.0,0.9634268373999548,0.9634268373999548,140,91,231,b1050272c185b403bcf5007505d86a1b3e2f1e3d213fc23d80e41c8dec06d1be,0.3033818048027778,0.3033818048027778,0.0,0.9904807006318488,0.9904807006318488,0.0,0.3754221747757028,0.3754221747757028,0.6623626373626373,0.8445054945054945,0.8445054945054945,0.0,0.18214285714285716,0.5784671532846715,0.8390866873065015,0.8390866873065015,0.0,0.26061953402183
xgboost,3,2162c09e,attention,109,23,132,True,True,True,-3.51223533487764,0.9710339038092617,0.5709708258509636,174,165,339,56b6995bd55372a81a1ed4292d43e6f45dd430a0df12116b98c122f2d74c7fd6,0.1015899304383574,0.18213080506905183,-0.08054087463069443,0.32672462685725134,0.6850635782747796,-0.35833895141752825,0.06967593984682646,0.20945707230923816,0.861337513061651,0.8549634273772204,0.7666666666666666,-0.08829676071055381,-0.09467084639498435,0.861279678208555,0.855210285465243,0.7572378516624041,-0.09797243380283893,-0.1040418265461509
lightgbm,3,2162c09e,attention,109,23,132,True,True,True,-2.504083750671418,0.9244276106660563,0.6028654787244561,174,165,339,56b6995bd55372a81a1ed4292d43e6f45dd430a0df12116b98c122f2d74c7fd6,0.10506055122552245,0.2000476980721216,-0.09498714684659916,0.3276305867632548,0.6377079802278366,-0.3100773934645818,0.03793514049196184,0.24896554937057425,0.8464994775339603,0.8511494252873564,0.7094043887147335,-0.14174503657262283,-0.13709508881922672,0.8464994775339603,0.8517008469237769,0.6892284186401834,-0.16247242828359354,-0.1572710588937769
xgboost,3,2162c09e,engagement,9,111,120,True,False,False,0.0,0.5652061924338341,0.5652061924338341,169,86,255,e29f1a104077dc43e909b1b75783c9d580322dffb2efffe2aaa895dfcd763b63,0.3706528939805779,0.3706528939805779,0.0,1.581908081772999,1.581908081772999,0.0,0.42273080038272587,0.42273080038272587,0.6597633136094675,0.6715976331360947,0.6715976331360947,0.0,0.011834319526627168,0.5418040343119639,0.5593935337245683,0.5593935337245683,0.0,0.01758949941260446
lightgbm,3,2162c09e,engagement,9,111,120,True,False,False,0.0,0.6597410440537157,0.6597410440537157,169,86,255,e29f1a104077dc43e909b1b75783c9d580322dffb2efffe2aaa895dfcd763b63,0.32261837884493927,0.32261837884493927,0.0,0.9604937085470512,0.9604937085470512,0.0,0.4011268798239444,0.4011268798239444,0.6538461538461539,0.7248520710059172,0.7248520710059172,0.0,0.07100591715976334,0.532871972318339,0.6347323835194455,0.6347323835194455,0.0,0.10186041120110645
xgboost,3,2162c09e,excitement,32,66,98,True,True,True,-2.6522363979160675,0.9341486959697018,0.6798626929521561,52,217,269,08810eb8678a954e9879d3daa73c5547781dd657ba088d0079c1023f27a95608,0.05943404182089997,0.06116067251807046,-0.0017266306971704878,0.2221172009195646,0.22620807998220127,-0.004090879062636665,0.04840970222543292,0.052635853590753054,0.8469514356611131,0.8565668202764978,0.9050425381070543,0.048475717830556486,0.05809110244594118,0.8627551020408163,0.8700213984952025,0.8906995145527256,0.02067811605752301,0.027944412511909267
lightgbm,3,2162c09e,excitement,32,66,98,True,True,True,-1.6514899251691006,0.8390923164042448,0.6672632012924021,52,217,269,08810eb8678a954e9879d3daa73c5547781dd657ba088d0079c1023f27a95608,0.05407795540365407,0.05247474794290827,0.001603207460745805,0.1789403778907004,0.1805114116485363,-0.0015710337578359046,0.04586836359672936,0.04853536314729148,0.8296260191421482,0.8707904998227579,0.9242733073378235,0.05348280751506562,0.09464728819567536,0.8665674603174603,0.887708719851577,0.9035171002384117,0.01580838038683474,0.03694963992095135
xgboost,3,2162c09e,stress,105,50,155,True,True,True,-3.420734840924058,0.9683463035274363,0.6507984101772308,228,123,351,b13a6e8216077cfff973249b6b40d6a7d9821abf8cb0843e38d1999fdec8502a,0.16159340839440992,0.08794340034028134,0.07365000805412858,0.5861567477381124,0.34977569405029457,0.23638105368781787,0.17621688433178276,0.04841812821036035,0.8227428326914847,0.8434424475823705,0.8673513050919983,0.02390885750962779,0.04460847240051358,0.7853246495636075,0.8170891608391608,0.8728629382787598,0.05577377743959899,0.08753828871515235
lightgbm,3,2162c09e,stress,105,50,155,True,True,True,-2.036368802262545,0.8845629990931915,0.6394406967766917,228,123,351,b13a6e8216077cfff973249b6b40d6a7d9821abf8cb0843e38d1999fdec8502a,0.14305709990958276,0.0812150311378671,0.061842068771715664,0.4392658428601431,0.28136938509264486,0.15789645776749822,0.1724894690015101,0.04542141912135624,0.8183568677792041,0.8650513478818999,0.8673513050919983,0.0022999572100984578,0.04899443731279418,0.7798573975044563,0.8423701670098376,0.8728629382787598,0.030492771268922247,0.09300554077430356
xgboost,3,2162c09e,relaxation,85,38,123,True,True,True,-2.269483764441394,0.9063179656081316,0.5045665195211768,188,143,331,4f5582fb4e537a58357567a5bdb9205d5b30cb890ab52652556fc2f1032cb3a7,0.059052747931277266,0.08727798682643832,-0.028225238895161056,0.19011867068766006,0.32970495124758975,-0.1395862805599297,0.04254170460045927,0.09913792479705429,0.914800624907008,0.9113041214105044,0.8776223776223776,-0.03368174378812683,-0.03717824728463037,0.9165242245075238,0.9133507853403142,0.8876998090363606,-0.025650976303953632,-0.02882441547116321
lightgbm,3,2162c09e,relaxation,85,38,123,True,True,True,-1.40500037035434,0.8029761729982312,0.5230966828919239,188,143,331,4f5582fb4e537a58357567a5bdb9205d5b30cb890ab52652556fc2f1032cb3a7,0.05481178981365082,0.07744780041721344,-0.02263601060356262,0.17807773410688582,0.2583558293931537,-0.08027809528626789,0.03241107507878801,0.0945326077344285,0.9157863413182563,0.9157863413182563,0.8792962356792144,-0.03649010563904187,-0.03649010563904187,0.9192197942479537,0.9192197942479537,0.8883750060220649,-0.030844788225888875,-0.030844788225888875
xgboost,3,2162c09e,interest,101,59,160,True,True,True,-2.319061536107534,0.910443451380186,0.5740396901965141,232,121,353,a3746bc25d9b7f7e9989e919b59208b7e5968962d47756535d6143d444da264b,0.12255336723405164,0.09418835142993559,0.028365015804116045,0.45061898719178284,0.362571120962849,0.08804786622893385,0.12256928849841456,0.0797068756368711,0.8577408093473924,0.8559418637788544,0.8663436876603021,0.010401823881447725,0.008602878312909734,0.8357570066576996,0.8376098957268452,0.8721570331739823,0.03454713744713711,0.03640002651628271
lightgbm,3,2162c09e,interest,101,59,160,True,True,True,-1.1459095061897164,0.7587629786347213,0.5585443193604325,232,121,353,a3746bc25d9b7f7e9989e919b59208b7e5968962d47756535d6143d444da264b,0.11005105461726039,0.08886385536520365,0.02118719925205674,0.34404840365873457,0.2838080884839144,0.06024031517482015,0.10394009813945886,0.039834625101532635,0.8469649472784269,0.8559418637788544,0.8661655742376746,0.010223710458820201,0.019200626959247735,0.8219928729913266,0.8376098957268452,0.8697920883826797,0.03218219265583455,0.04779921539135312
xgboost,3,2162c09e,focus,17,69,86,True,True,True,-0.11127537663215947,0.527790174760326,0.7114666253328323,31,264,295,2e7ebe4d6c913e29721277e84aeb06135979ac5667ae5459d2df89c42e08c81a,0.07595248154121431,0.07648605938098783,-0.0005335778397735219,0.2820643025541309,0.28005058067721167,0.0020137218769192278,0.0761666512842905,0.07352650083132145,0.6603739002932552,0.7030791788856305,0.6603739002932552,-0.042705278592375384,0.0,0.6887846047509913,0.7184095322734604,0.6887846047509913,-0.029624927522469036,0.0
lightgbm,3,2162c09e,focus,17,69,86,True,True,True,0.3059777790101451,0.42409681977000785,0.7923464142953189,31,264,295,2e7ebe4d6c913e29721277e84aeb06135979ac5667ae5459d2df89c42e08c81a,0.08249324373506225,0.08123257952350375,0.0012606642115585015,0.26965788379913247,0.268908043621949,0.0007498401771834917,0.030516509240697383,0.04256507300950526,0.5778347996089932,0.7135874877810362,0.5711754643206256,-0.1424120234604106,-0.006659335288367596,0.5954312135104424,0.6674019607843137,0.5937180683282243,-0.07368389245608942,-0.001713145182218101
xgboost,5,2182c1cd,attention,59,79,138,True,True,True,-0.13044117894452772,0.5325641348632855,0.5355384424328804,94,65,159,b61b92a7ad08aff171493e66df0cb767cc3c794da75a756e7f200637178ab325,0.24527702995884576,0.2374647889790786,0.007812240979767154,0.8010986876204085,0.7738579380705952,0.02724074954981326,0.2443968192615646,0.2285678834767838,0.654746317512275,0.6813420621931261,0.6813420621931261,0.0,0.02659574468085113,0.6214285714285714,0.6538689887195726,0.6538689887195726,0.0,0.03244041729100111
lightgbm,5,2182c1cd,attention,59,79,138,True,True,True,0.09633092298236956,0.47593587525833697,0.4965277131207165,94,65,159,b61b92a7ad08aff171493e66df0cb767cc3c794da75a756e7f200637178ab325,0.21782153153451933,0.22508221352726882,-0.007260681992749485,0.6470698967094265,0.6677772173516835,-0.020707320642257,0.2072128291888153,0.22267529902746167,0.6855155482815057,0.6855155482815057,0.6589198036006547,-0.02659574468085102,-0.02659574468085102,0.6454284804077732,0.6454284804077732,0.6113715590816204,-0.03405692132615279,-0.03405692132615279
xgboost,5,2182c1cd,engagement,78,50,128,True,True,True,-3.419805997983185,0.9683178204864886,0.8168604075908661,89,77,166,8768395083ceedc21bd6c15154336d7cdd2da40cc337b3ed7f185e9e1e2373e6,0.3041072544942114,0.21780623257266624,0.08630102192154515,1.2758823466550415,0.7479052187051402,0.5279771279499014,0.3079185842982716,0.16156837223660686,0.6313293448124908,0.6926163723916532,0.727053845031373,0.03443747263971986,0.09572450021888224,0.5773765226587286,0.6764846479132194,0.7272428524482419,0.050758204535022555,0.1498663297895133
lightgbm,5,2182c1cd,engagement,78,50,128,True,True,True,-1.900487442559509,0.8699466845659676,0.7092108908596265,89,77,166,8768395083ceedc21bd6c15154336d7cdd2da40cc337b3ed7f185e9e1e2373e6,0.2363686513393679,0.17173991134032232,0.06462873999904559,0.7732480045123693,0.5132182813301404,0.26002972318222894,0.25521930228531353,0.0932741405389359,0.6788997519334599,0.7466802860061287,0.7417919159492193,-0.004888370056909341,0.06289216401575948,0.6319290465631929,0.7317861339600471,0.7405024175664376,0.00871628360639054,0.10857337100324471
xgboost,5,2182c1cd,excitement,40,115,155,True,True,True,-2.63147500630504,0.932859991347942,0.5737950801849365,66,118,184,b7feb518535afb27c88cf394665733240e2cf0e3a7271899ce2ccce19e70fd89,0.11312408054805331,0.07933545579096388,0.033788624757089436,0.40783939028329713,0.27616246173158915,0.13167692855170798,0.11786159116625482,0.053729157617499475,0.8045711350796096,0.8121468926553672,0.8861068310220852,0.07395993836671799,0.08153569594247556,0.8220748722199198,0.8292490118577075,0.8873965278448803,0.058147515987172826,0.0653216556249605
lightgbm,5,2182c1cd,excitement,40,115,155,True,True,True,-1.3651499079486822,0.7965954179294346,0.5877956899463589,66,118,184,b7feb518535afb27c88cf394665733240e2cf0e3a7271899ce2ccce19e70fd89,0.08215851930452155,0.06686360145023039,0.015294917854291157,0.27162992853007745,0.21648969550170613,0.055140233028371316,0.08550120663585356,0.04173036900776991,0.8651771956856702,0.8760914227015921,0.8936825885978428,0.01759116589625065,0.028505392912172578,0.8773823803811809,0.8849053497942387,0.8936825885978428,0.008777238803604037,0.016300208216661893
xgboost,5,2182c1cd,stress,87,73,160,True,True,True,-3.4762644011266506,0.9700048218230236,0.816935807466507,155,59,214,6f008db1a969690387a20a7f606ba4edfdb17b0b1f16816e5def16fe96cb0c76,0.27696537473327265,0.15488258355349485,0.1220827911797778,1.1179599729183576,0.5406706196496447,0.5772893532687129,0.3039012250365911,0.12644963349781863,0.7487698195735375,0.7636413340623291,0.7668124658283215,0.0031711317659923743,0.018042646254784023,0.6524969413858304,0.7117334278624601,0.757042904290429,0.0453094764279689,0.10454596290459861
lightgbm,5,2182c1cd,stress,87,73,160,True,True,True,-2.353531449564307,0.9132145169464266,0.7751528815394071,155,59,214,6f008db1a969690387a20a7f606ba4edfdb17b0b1f16816e5def16fe96cb0c76,0.2560949491846298,0.11681621258952281,0.13927873659510703,0.7793472057415856,0.36798295818867655,0.411364247552909,0.31848105062674414,0.057024969988862736,0.7273920174958994,0.7785675232367414,0.7893931109896118,0.010825587752870458,0.06200109349371241,0.6300531914893617,0.7261351786899233,0.7893931109896118,0.06325793229968857,0.15933991950025017
xgboost,5,2182c1cd,relaxation,49,97,146,True,True,True,-2.170132805895009,0.8975351807984626,0.5103698745369911,83,97,180,844eb24eefa3249c04caf3efc66a5134e23cc5c11b28e9f32727d8c3667e2713,0.15821071004832163,0.09523466759862706,0.06297604244969457,0.620566701767338,0.348932045199692,0.27163465656764596,0.17437195768325184,0.09629890642978921,0.7788473481555086,0.7788473481555086,0.8881505403055521,0.10930319215004347,0.10930319215004347,0.7794044582822695,0.7794044582822695,0.8920147769252629,0.11261031864299342,0.11261031864299342
lightgbm,5,2182c1cd,relaxation,49,97,146,True,True,True,-0.9878360214150428,0.728660284229779,0.5419043987467516,83,97,180,844eb24eefa3249c04caf3efc66a5134e23cc5c11b28e9f32727d8c3667e2713,0.1345692539749522,0.09781341885600874,0.03675583511894347,0.426601592565746,0.3067044513204302,0.11989714124531575,0.1625152209353889,0.08505952106460508,0.8029437336976772,0.8029437336976772,0.852005961992299,0.04906222829462181,0.04906222829462181,0.8055710124054859,0.8055710124054859,0.8562805403851681,0.0507095279796822,0.0507095279796822
xgboost,5,2182c1cd,interest,68,85,153,True,True,True,-2.395165318870559,0.9164578911709454,0.715092733502388,111,52,163,3b85025b9c5b868f98b053ea1813dd97dc66a45468a97e3106842ae9396b407f,0.2882249201988448,0.14819080258443312,0.1400341176144117,1.1107167774549922,0.5636905976204921,0.5470261798345001,0.32789473028478944,0.16768833709662523,0.7137907137907138,0.7492203742203742,0.8212924462924462,0.072072072072072,0.10750173250173245,0.6371627994717978,0.6890262515262515,0.7813289141414141,0.09230266261516262,0.14416611466961637
lightgbm,5,2182c1cd,interest,68,85,153,True,True,True,-1.49141291462898,0.8162902486294588,0.720827899121371,111,52,163,3b85025b9c5b868f98b053ea1813dd97dc66a45468a97e3106842ae9396b407f,0.23521064430567803,0.12155323132602738,0.11365741297965065,0.7178401552128965,0.39458070749670043,0.323259447716196,0.30398028309108965,0.1337190965820734,0.7234060984060984,0.8026680526680526,0.8477130977130978,0.04504504504504514,0.1243069993069994,0.6435143288084464,0.7626805178451974,0.8213372305443917,0.05865671269919426,0.17782290173594528
xgboost,5,2182c1cd,focus,35,116,151,True,True,True,-0.9245382992359823,0.7159659122998813,0.7269039750099182,62,106,168,15821744601d5d1651deacef09b9db92b565ce4708bd97130a149f967ea9e18d,0.2654351742029398,0.2760160483386752,-0.010580874135735385,0.8679991187764147,0.9225595935519075,-0.05456047477549286,0.2435703412698959,0.2505398510254073,0.5909920876445527,0.6433353621424224,0.6433353621424224,0.0,0.052343274497869685,0.5909920876445527,0.6326530612244898,0.6326530612244898,0.0,0.041660973579937144
lightgbm,5,2182c1cd,focus,35,116,151,True,True,True,-0.23009746890205895,0.5572719022533925,0.7349182894033812,62,106,168,15821744601d5d1651deacef09b9db92b565ce4708bd97130a149f967ea9e18d,0.2234684403106134,0.22910541628363187,-0.005636975973018488,0.6572109915644159,0.6716272939467852,-0.01441630238236935,0.1410271006780066,0.1475518645657169,0.6474437005477784,0.6559646987218503,0.6527693244065733,-0.0031953743152769443,0.00532562385879487,0.6434183578477006,0.6239206907579149,0.6433904259991217,0.019469735241206765,-2.7931848578965912e-05
xgboost,5,219060fa,attention,49,46,95,True,True,True,1.660092451665915,0.15974958679795384,0.4655016111209988,95,107,202,9424d93ce8f8119a77ef7179f6a3badbb9796bbf90e9da7df9c4148694dbbcee,0.18380625455020366,0.1509993808225609,0.032806873727642766,0.5811123167777655,0.4970134385054033,0.08409887827236223,0.14147516093412785,0.07986095495643439,0.7452533202164289,0.7540088539104771,0.7901623216920807,0.036153467781603554,0.0449090014756518,0.735752190546711,0.7464747139165744,0.7907664989641906,0.04429178504761622,0.05501430841747956
lightgbm,5,219060fa,attention,49,46,95,True,True,True,0.584135283226374,0.3579816211575822,0.4466642163605731,95,107,202,9424d93ce8f8119a77ef7179f6a3badbb9796bbf90e9da7df9c4148694dbbcee,0.1446465755098056,0.1378108711068888,0.006835704402916809,0.44893600122678856,0.43089336087025853,0.018042640356530026,0.0909212776036067,0.05593696918938051,0.8270536153467781,0.7995573044761436,0.7960157402852927,-0.003541564190850943,-0.031037875061485476,0.8215022091310751,0.7970247285738794,0.7961855543250892,-0.0008391742487902087,-0.025316654805985883
xgboost,5,219060fa,engagement,86,46,132,True,True,True,3.377176045392236,0.033016434561317635,0.1599499025760451,134,84,218,9ad8806d75ce61d4c1a769240d565fb9e1be151e74c4fc6743016fdabcb4a7fb,0.264039059660208,0.13120815083089574,0.13283090882931228,1.1177076906732366,0.4375314449450251,0.6801762457282114,0.29104945983020714,0.11617704770721134,0.5952380952380952,0.6852345415778252,0.777452025586354,0.0922174840085288,0.18221393034825872,0.5588095238095239,0.6895569620253165,0.791127718693111,0.10157075666779458,0.23231819488358718
lightgbm,5,219060fa,engagement,86,46,132,True,True,True,1.5952915843796807,0.16864071002017103,0.2122550043693933,134,84,218,9ad8806d75ce61d4c1a769240d565fb9e1be151e74c4fc6743016fdabcb4a7fb,0.22523098187845086,0.13439583265419497,0.0908351492242559,0.690345171646066,0.4001608198600406,0.2901843517860254,0.25199245877394316,0.12132086137526579,0.6011904761904762,0.7194385216773276,0.7417377398720681,0.022299218194740567,0.14054726368159198,0.5683168316831684,0.7302729591192587,0.7542156862745097,0.02394272715525103,0.18589885459134137
xgboost,5,219060fa,excitement,29,53,82,True,True,True,-2.2671848307433278,0.9061225905949865,0.7439564317464828,63,159,222,47682a48d9fc3e1811e08e035b95882aa329f0ca140b8c7c5b5ee8bc5a603572,0.09066646325489058,0.08027178477800594,0.010394678476884647,0.32160050547692437,0.3088143632783861,0.012786142198538297,0.09051388533414148,0.06682692270506715,0.833632824198862,0.859089547768793,0.8956274333632824,0.03653788559448945,0.061994609164420456,0.8450161603102779,0.8608150470219436,0.8863010023656805,0.025485955343736988,0.041284842055402615
lightgbm,5,219060fa,excitement,29,53,82,True,True,True,-1.6936809405417654,0.8447076262338324,0.753807951672766,63,159,222,47682a48d9fc3e1811e08e035b95882aa329f0ca140b8c7c5b5ee8bc5a603572,0.0759028487216769,0.06523099396626078,0.010671854755416113,0.23116560440677728,0.23254231533240954,-0.0013767109256322685,0.05815937419998417,0.06862054505027224,0.8462114405510632,0.8812518718179095,0.9146451033243486,0.033393231506439025,0.06843366277328533,0.8650455927051672,0.8830846394984326,0.9029720279720279,0.01988738847359528,0.03792643526686068
xgboost,5,219060fa,relaxation,10,104,114,True,True,True,1.7858009441372253,0.14358831197164246,0.5335340173915029,60,171,231,33a913c4fa80e2dc242d8fbd3cc03aed441a73d8fd7e4cb952b79b317923bf60,0.06978598604516381,0.0933310386179862,-0.023545052572822384,0.23841683355322163,0.35415499783463555,-0.11573816428141392,0.03814814660868708,0.10748118254477036,0.8570175438596491,0.8570175438596491,0.7720760233918129,-0.0849415204678362,-0.0849415204678362,0.8668587896253602,0.8668587896253602,0.8130203515263645,-0.05383843809899569,-0.05383843809899569
lightgbm,5,219060fa,relaxation,10,104,114,True,True,True,1.4450846266300537,0.19075919967437638,0.6033269782628794,60,171,231,33a913c4fa80e2dc242d8fbd3cc03aed441a73d8fd7e4cb952b79b317923bf60,0.07735880613607848,0.12406433920222354,-0.046705533066145055,0.24659148115170815,0.37558098514622246,-0.1289895039945143,0.070779564561461,0.1412238416222931,0.8236842105263158,0.854093567251462,0.65,-0.204093567251462,-0.17368421052631577,0.83991683991684,0.8618696432130756,0.6760817307692308,-0.18578791244384474,-0.16383510914760913
xgboost,5,219060fa,focus,87,17,104,True,True,True,-3.679542251794288,0.9753865845546759,0.7361059188842773,85,107,192,7466c595a53f1a1e6ce15e6b5b70256b7c4cd18ca3842ba31a071eed7d9553b6,0.1906257412480359,0.2920878545714471,-0.10146211332341118,0.6241245486655304,1.17030206680505,-0.5461775181395195,0.12907400891405513,0.307495954230228,0.7442550852116547,0.7212204507971413,0.6844969763606377,-0.03672347443650359,-0.05975810885101707,0.7453299436277219,0.7134717134717135,0.6343688713299036,-0.07910284214180985,-0.11096107229781826
lightgbm,5,219060fa,focus,87,17,104,True,True,True,-2.4689341128868643,0.9219350866330254,0.6722522795921397,85,107,192,7466c595a53f1a1e6ce15e6b5b70256b7c4cd18ca3842ba31a071eed7d9553b6,0.169608895383061,0.28711480109087933,-0.11750590570781833,0.5059903683445044,0.9178541496601346,-0.4118637813156302,0.0779042244861294,0.333447292851328,0.7499725123694337,0.7317757009345794,0.6355140186915887,-0.0962616822429907,-0.114458493677845,0.7526604682424107,0.7238909238909239,0.555977229601518,-0.16791369428940595,-0.19668323864089277
xgboost,3,21a031f6,attention,39,82,121,True,True,True,-2.4821554649648494,0.9228813451532106,0.9798584878444672,293,174,467,9c570f8cb8ca04b135c8e351148b4855c5d1642a2c99c8ded808a1c70ca15ba1,0.29376126796082214,0.16660095882509124,0.1271603091357309,1.1343651280983365,0.5586669522191146,0.5756981758792219,0.3451126260918264,0.12927700575785295,0.6973245459181672,0.7772841395002157,0.7852673492605233,0.007983209760307641,0.08794280334235616,0.6182088442958008,0.7776070381807559,0.7676486050091998,-0.009958433171556091,0.14943976071339904
lightgbm,3,21a031f6,attention,39,82,121,True,True,True,-1.3531768973753313,0.7946485267350549,0.8966216173816336,293,174,467,9c570f8cb8ca04b135c8e351148b4855c5d1642a2c99c8ded808a1c70ca15ba1,0.2350072528509289,0.1365817555306135,0.09842549732031541,0.7056868214155418,0.4257539559014735,0.2799328655140683,0.3011316397204828,0.11084098794285341,0.7166352830410733,0.7880624534149308,0.8333137185673375,0.04525126515240674,0.11667843552626422,0.6463558789848916,0.7913605496207459,0.8153663679493938,0.0240058183286479,0.16901048896450221
xgboost,3,21a031f6,engagement,76,38,114,True,True,True,-1.5551800317039914,0.8256606305932632,0.5762201324105263,347,85,432,1198572c664f3cf24f0f81d49c4701b751811c7e518374564ae1b07e312cc9db,0.1569062319543421,0.11206595962496514,0.04484027232937697,0.48122218772535513,0.3553153882323686,0.12590679949298655,0.16665592491120118,0.04740658586086034,0.7744024410917105,0.7842515680623834,0.7228004746567215,-0.061451093405661905,-0.051601966434989044,0.7096694554930736,0.7351853053806712,0.739235412474849,0.004050107094177857,0.029565956981775443
lightgbm,3,21a031f6,engagement,76,38,114,True,True,True,-0.9798226115108615,0.7270730171695594,0.5525298216527041,347,85,432,1198572c664f3cf24f0f81d49c4701b751811c7e518374564ae1b07e312cc9db,0.14873425278457322,0.10909438256542695,0.03963987021914628,0.45920130236274453,0.35211196908891784,0.10708933327382669,0.18506703458849447,0.05168859614679017,0.7902525851839295,0.7738091201898627,0.6992710628920156,-0.07453805729784713,-0.09098152229191392,0.7339280025485824,0.7345867722713646,0.7176470588235294,-0.01693971344783518,-0.016280943725052954
xgboost,3,21a031f6,excitement,39,57,96,True,True,True,0.701438877503088,0.3314932874054285,0.4973024085629731,183,153,336,b5eb3768aff2b244c185f4b7f4f7790249d813ffacee0774b1e0742ecbc049c8,0.1624386589011467,0.1498788580576648,0.012559800843481905,0.710721733564201,0.6136931319616511,0.09702860160254989,0.15417773108278623,0.1359821139032641,0.7907960998607093,0.7907960998607093,0.8044037287045966,0.013607628843887332,0.013607628843887332,0.7939758695180508,0.7939758695180508,0.8083895033047576,0.014413633786706792,0.014413633786706792
lightgbm,3,21a031f6,excitement,39,57,96,True,True,True,0.6080432029967415,0.352505698885032,0.4827930758586831,183,153,336,b5eb3768aff2b244c185f4b7f4f7790249d813ffacee0774b1e0742ecbc049c8,0.1440824771189003,0.12702845863703377,0.017054018481866523,0.5277280565316834,0.450386130652625,0.07734192587905842,0.14753174496968036,0.11109546798011488,0.8049930354655523,0.8082610093217615,0.8169398907103824,0.00867888138862094,0.011946855244830079,0.808909952606635,0.8123988606145489,0.8214615320077188,0.009062671393169852,0.012551579401083757
xgboost,3,21a031f6,stress,69,74,143,True,True,True,-4.021812333048839,0.9823950314398473,0.8172483742237091,363,119,482,56814786cf9381a8b0d89103c578b35ff0d03bc88d45b86cc7ccebdc35f987bc,0.202040656168936,0.07889004402406892,0.12315061214486707,0.8535683234551594,0.24666673404892994,0.6069015894062295,0.23863314790536477,0.05553269263277294,0.84290575734426,0.8662522860383823,0.8945528624673009,0.02830057642891859,0.05164710512304094,0.7481713688610241,0.7847997349963274,0.8610951008645533,0.07629536586822594,0.11292373200352923
lightgbm,3,21a031f6,stress,69,74,143,True,True,True,-2.195728822217448,0.8998653014740198,0.8101511280855606,363,119,482,56814786cf9381a8b0d89103c578b35ff0d03bc88d45b86cc7ccebdc35f987bc,0.19643148891495832,0.0966232733399067,0.09980821557505162,0.678480530919009,0.28975128811099354,0.3887292428080154,0.25488855999755367,0.10437162034661614,0.8291316526610644,0.8813343519225871,0.8838808250572956,0.00254647313470846,0.05474917239623123,0.7289488725408854,0.8104451785433381,0.8251405768184292,0.014695398275091143,0.09619170427754387
xgboost,3,21a031f6,relaxation,33,63,96,True,True,True,-0.7632202080497408,0.6820524671478915,0.5414657779037952,257,147,404,6174892bbca5c8d59b85f673803dbe1622b23cf883ae8da9ae614d96285b1239,0.14217466135299694,0.13756988686208613,0.004604774490910818,0.48698214155721575,0.49320871527353777,-0.006226573716322015,0.09425749331210068,0.0859021455322471,0.7958257232854231,0.7904920723153075,0.779824770375076,-0.010667301940231466,-0.016000952910347088,0.7882859860125383,0.7879265091863517,0.78612732455545,-0.0017991846309016735,-0.002158661457088318
lightgbm,3,21a031f6,relaxation,33,63,96,True,True,True,-0.6459377832870756,0.6560944684498434,0.5968002328168691,257,147,404,6174892bbca5c8d59b85f673803dbe1622b23cf883ae8da9ae614d96285b1239,0.15874343398012397,0.14916054296359274,0.009582891016531231,0.48287464940204744,0.4603203363357985,0.022554313066248943,0.10508497891344935,0.09323270651982564,0.7856084067868392,0.7632679530956352,0.7681383837581726,0.0048704306625373395,-0.017470023028666626,0.7746793084216397,0.7597359735973597,0.7677470512439291,0.008011077646569387,-0.006932257177710621
xgboost,3,21a031f6,interest,26,24,50,True,True,True,-0.8636614730785357,0.7034250729251375,0.5451667048037052,140,143,283,050b2959f55e2374f84b541f829036fd0011ce16e69e3bd98e491e290417f21e,0.14451676939265548,0.15436549191856594,-0.009848722525910458,0.5488743099226464,0.5905960019604471,-0.04172169203780074,0.09839235536057697,0.11661761494527095,0.8165334665334665,0.8272477522477523,0.8064935064935065,-0.02075424575424578,-0.010039960039959994,0.8161970423661071,0.826716651046548,0.8046781864498237,-0.022038464596724316,-0.011518855916283433
lightgbm,3,21a031f6,interest,26,24,50,True,True,True,-0.5094206545982811,0.6246706525651201,0.5493479420418775,140,143,283,050b2959f55e2374f84b541f829036fd0011ce16e69e3bd98e491e290417f21e,0.1383826885232848,0.150899244926998,-0.012516556403713186,0.4433493389675413,0.47678235507188554,-0.03343301610434424,0.04471032826595811,0.09947980888100652,0.7955544455544455,0.7922827172827174,0.7751748251748252,-0.01710789210789221,-0.020379620379620378,0.7947428971588635,0.7906726007647464,0.7707341772151899,-0.01993842354955655,-0.024008719943673595
xgboost,3,21a031f6,focus,45,45,90,True,True,True,-1.4933156489651336,0.8165754118792685,0.7670456171035767,134,158,292,9086497b446e47f817c97f0e6ef01e0d116572d5fe1dbef4e726b50478572716,0.210120078063239,0.23619327573959895,-0.026073197676359933,0.6769569386941166,0.8582969192033691,-0.1813399805092526,0.151788498717121,0.1999949943139407,0.7186378235405252,0.7087190629132817,0.7135839788399774,0.00486491592669569,-0.005053844700547816,0.7155899782902071,0.691731017875995,0.6939786585365854,0.0022476406605903554,-0.02161131975362174
lightgbm,3,21a031f6,focus,45,45,90,True,True,True,-0.8442893699345717,0.6993678371105534,0.683910302402496,134,158,292,9086497b446e47f817c97f0e6ef01e0d116572d5fe1dbef4e726b50478572716,0.20686355498970826,0.24077866537457504,-0.033915110384866776,0.6050450351843061,0.7282129577683002,-0.12316792258399412,0.11644724076593439,0.20447578780929382,0.684063857925562,0.6756092952956736,0.6799074249008124,0.004298129605138756,-0.004156433024749662,0.6735510444248308,0.648023143683703,0.6502909403239661,0.002267796640263109,-0.023260104100864765
xgboost,4,30908049,attention,17,23,40,True,True,True,-0.7675299647127447,0.682986333455474,0.7254329323768616,182,95,277,a98f3daa6cfe4a1080c3d8e31249fc53c73e2c84c5dab3e58e906a150b305f0d,0.2575578274782465,0.2376248068675248,0.01993302061072172,0.8212354465387208,0.7766083173864436,0.04462712915227718,0.22535612628965834,0.17724696805259194,0.640427993059572,0.6406882591093117,0.6317524580682475,-0.008935801041064173,-0.008675534991324452,0.6300717304806356,0.6450056539766302,0.6327062903437323,-0.012299363632897964,0.002634559863096686
lightgbm,4,30908049,attention,17,23,40,True,True,True,-0.8754332114356431,0.7058749772640629,0.7379303047497432,182,95,277,a98f3daa6cfe4a1080c3d8e31249fc53c73e2c84c5dab3e58e906a150b305f0d,0.26055911712069335,0.21701968477948103,0.043539432341212325,0.7343551180835124,0.6345882236568647,0.09976689442664766,0.2232228949599053,0.10785203388340507,0.6083574320416426,0.6168883747831116,0.6452573742047427,0.02836899942163107,0.03689994216310011,0.5765865485979338,0.620571045902837,0.6469786860030763,0.026407640100239327,0.0703921374051425
xgboost,4,30908049,engagement,59,50,109,True,True,True,5.074491006352467,0.006215396252617531,0.0200567053107079,167,183,350,3e392d28dfa253fd64d771e858c3ac39a499bd3914353036b4116bd2a0d30b10,0.394370114435657,0.18816352437080544,0.20620659006485156,1.8900428237455744,0.6167790462457049,1.2732637774998694,0.41403051125127094,0.15916918576295924,0.5699911652105625,0.6841889990510781,0.7506626092078139,0.06647361015673581,0.18067144399725144,0.47572296800908304,0.6721950087442292,0.7485385846314621,0.07634357588723284,0.272815616622379
lightgbm,4,30908049,engagement,59,50,109,True,True,True,2.4304977411861417,0.080876459676889,0.0967512590189973,167,183,350,3e392d28dfa253fd64d771e858c3ac39a499bd3914353036b4116bd2a0d30b10,0.3354237132445838,0.17445938301711753,0.16096433022746628,1.087445407289983,0.5153330549405369,0.5721123523494461,0.36731513297825336,0.11771299004686916,0.5702529367494519,0.7224403651712967,0.7331075553810412,0.010667190209744493,0.16285461863158934,0.47302805082713983,0.7151875323650532,0.727394216658058,0.012206684293004866,0.2543661658309182
xgboost,4,30908049,excitement,34,109,143,True,True,True,-4.86754355010126,0.9923664811461244,0.9882242530584336,63,341,404,7e747215e2eca91ccba730a64c0e4d26ced5e20adea7282819c0ceacd3554705,0.0999141634671119,0.20057503770163884,-0.10066087423452694,0.4196070420049698,0.7500681496553534,-0.3304611076503836,0.08758897649398797,0.2210219071337291,0.7016943629846856,0.7665828794861053,0.7495927012056045,-0.016990178280500756,0.047898338220918935,0.7318160265528686,0.6788470908018565,0.6460327795059764,-0.03281431129588008,-0.08578324704689222
lightgbm,4,30908049,excitement,34,109,143,True,True,True,-3.1189110055156934,0.9576661004235935,0.9788466938675154,63,341,404,7e747215e2eca91ccba730a64c0e4d26ced5e20adea7282819c0ceacd3554705,0.08150321947628796,0.18183488985788815,-0.1003316703816002,0.2678599033257325,0.5864537913070653,-0.3185938879813328,0.040837688658667215,0.2679246715825161,0.7248987571568217,0.7744495647721454,0.822487548294,0.04803798352185451,0.09758879113717822,0.7643726045659056,0.5944533289026426,0.6862935801403978,0.09184025123775519,-0.07807902442550785
xgboost,4,30908049,stress,7,10,17,True,False,False,0.0,0.4912342131137848,0.4912342131137848,47,115,162,bd791354ca5d7a4deb6ab849f96434e84f8e194838f5ddd2ef31f7587115addc,0.1689864769784948,0.1689864769784948,0.0,0.6329523252999429,0.6329523252999429,0.0,0.20360560167586142,0.20360560167586142,0.843940795559667,0.843940795559667,0.843940795559667,0.0,0.0,0.7837641062977794,0.7837641062977794,0.7837641062977794,0.0,0.0
lightgbm,4,30908049,stress,7,10,17,True,False,False,0.0,0.4630854839621094,0.4630854839621094,47,115,162,bd791354ca5d7a4deb6ab849f96434e84f8e194838f5ddd2ef31f7587115addc,0.13811649049311886,0.13811649049311886,0.0,0.44001045005148676,0.44001045005148676,0.0,0.19910757454948738,0.19910757454948738,0.8395929694727104,0.8482886216466234,0.8482886216466234,0.0,0.008695652173912993,0.7779032258064515,0.7896445382243142,0.7896445382243142,0.0,0.011741312417862693
xgboost,4,30908049,relaxation,48,16,64,True,True,True,-0.395420354215849,0.5975868554113972,0.4700719160027802,158,100,258,0df7fbf9ed85d781fa76b42d46a59e14bf704a70a5159bae7604623f6ff16c88,0.10210574790541059,0.10085005450622388,0.0012556933991867136,0.3419698788720556,0.3486497457380757,-0.006679866866020123,0.05797499909313894,0.060581060740309625,0.8443670886075949,0.8380379746835442,0.8438607594936709,0.005822784810126658,-0.0005063291139240089,0.847495806374311,0.839886701780628,0.8500484339683565,0.010161732187728534,0.002552627594045509
lightgbm,4,30908049,relaxation,48,16,64,True,True,True,-0.16733689222111303,0.541736876743011,0.4364199822148628,158,100,258,0df7fbf9ed85d781fa76b42d46a59e14bf704a70a5159bae7604623f6ff16c88,0.09108434621466355,0.09327216126398076,-0.0021878150493172127,0.2941882116196786,0.30100276414412613,-0.006814552524447515,0.042254915287509916,0.06092754173753754,0.8560126582278481,0.8433544303797469,0.8541772151898734,0.010822784810126551,-0.0018354430379746711,0.86809598416756,0.8525353147709643,0.8674137559471512,0.014878441176186863,-0.0006822282204087537
xgboost,4,30908049,interest,24,7,31,True,False,False,0.0,0.4032111500855535,0.4032111500855535,25,154,179,54f8e3f7b45cf9085bc84744f7cfd6bdebbb83fc55aa2e50a6b9a20ea915e372,0.45823582704268945,0.45823582704268945,0.0,1.8324588385193938,1.8324588385193938,0.0,0.5198634231279794,0.5198634231279794,0.6585714285714286,0.6580519480519481,0.6580519480519481,0.0,-0.0005194805194804752,0.4240669240669241,0.4442265581592967,0.4442265581592967,0.0,0.02015963409237259
lightgbm,4,30908049,interest,24,7,31,True,False,False,0.0,0.3911327574502717,0.3911327574502717,25,154,179,54f8e3f7b45cf9085bc84744f7cfd6bdebbb83fc55aa2e50a6b9a20ea915e372,0.36659781747562453,0.36659781747562453,0.0,1.0700162347173203,1.0700162347173203,0.0,0.4669239770016811,0.4669239770016811,0.6948051948051948,0.6970129870129871,0.6970129870129871,0.0,0.002207792207792325,0.453984942886812,0.4970718662198301,0.4970718662198301,0.0,0.04308692333301811
xgboost,4,30908049,focus,4,132,136,True,False,False,0.0,0.8048187270760536,0.8048187270760536,50,362,412,0d659e7ceaab172a3a85867cc9ef1764bc9b4344f9dc3050750d45515c818229,0.10333006476195467,0.10333006476195467,0.0,0.3358724187640626,0.3358724187640626,0.0,0.11220791057864513,0.11220791057864513,0.8078453038674034,0.7956906077348066,0.7956906077348066,0.0,-0.012154696132596787,0.7383955158521632,0.65444524323029,0.65444524323029,0.0,-0.08395027262187327
lightgbm,4,30908049,focus,4,132,136,True,False,False,0.0,0.9145267471769024,0.9145267471769024,50,362,412,0d659e7ceaab172a3a85867cc9ef1764bc9b4344f9dc3050750d45515c818229,0.08801144974249067,0.08801144974249067,0.0,0.2919331162049379,0.2919331162049379,0.0,0.11276324005897898,0.11276324005897898,0.8188950276243094,0.7227624309392264,0.7227624309392264,0.0,-0.096132596685083,0.7626728110599079,0.5042314609118799,0.5042314609118799,0.0,-0.25844135014802805
xgboost,1,30c140ca,attention,32,78,110,True,True,True,-3.6343953831566527,0.9742791366175515,0.9947248250246048,91,79,170,0ed5d7f4e8a953676baa957772b489cb853eb8b7b0ec115ea26058c02c844b9d,0.12635698139461965,0.285477767471853,-0.15912078607723334,0.4515735514229617,1.230590186116392,-0.7790166346934302,0.11493116021663087,0.319893346234254,0.846779802476005,0.569620253164557,0.6265822784810127,0.05696202531645567,-0.22019752399499237,0.8496905393457117,0.4862222222222222,0.5796135630160526,0.09339134079383038,-0.2700769763296591
lightgbm,1,30c140ca,attention,32,78,110,True,True,True,-1.645124306569357,0.8382309972141752,0.9465218286420288,91,79,170,0ed5d7f4e8a953676baa957772b489cb853eb8b7b0ec115ea26058c02c844b9d,0.11223631196471635,0.21985388495583974,-0.10761757299112339,0.347566837270108,0.6544501009302165,-0.3068832636601085,0.10808449773996975,0.26877715389620255,0.8404506885519544,0.5632911392405063,0.6210877729865072,0.05779663374600086,-0.21936291556544718,0.8433956916099773,0.4749093513586105,0.575,0.10009064864138945,-0.26839569160997734
xgboost,1,30c140ca,engagement,45,71,116,True,True,True,1.5275077281966833,0.17835862757969875,0.2809257097542286,104,33,137,b7f6f77ed997514dd1d604766a8293d61d7cb76feaa867cfae5227702ff56bc9,0.16824840814942363,0.2945230481334677,-0.12627463998404406,0.520617100296729,0.9392253364499612,-0.41860823615323217,0.19166969024788166,0.3599837270770354,0.780011655011655,0.7581585081585082,0.720425407925408,-0.03773310023310017,-0.059586247086247046,0.7120638923917613,0.6484828201695672,0.5848484848484848,-0.06363433532108231,-0.12721540754327643
lightgbm,1,30c140ca,engagement,45,71,116,True,True,True,0.35047886825746877,0.4132663015963453,0.533822464513616,104,33,137,b7f6f77ed997514dd1d604766a8293d61d7cb76feaa867cfae5227702ff56bc9,0.19555120390941036,0.23557161583501823,-0.040020411925607874,0.5647213348746718,0.6640589039828213,-0.0993375691081495,0.2543264692390613,0.3124406263335045,0.761509324009324,0.7855477855477855,0.7189685314685315,-0.06657925407925402,-0.04254079254079257,0.6757864357864358,0.7085106382978723,0.607363315696649,-0.10114732260122328,-0.06842312008978679
xgboost,1,30c140ca,excitement,53,53,106,True,True,True,-1.5703222632703544,0.8278295445904019,0.6264969706535339,113,47,160,156805c476a35a05e48cb3733a91ca484da7b5fa15e2db079f90e1f31cc1de4b,0.1607050626794833,0.11747782440146945,0.04322723827801386,0.6458685621910553,0.46216082832337974,0.18370773386767553,0.18454240142755224,0.10386333550977944,0.8291282244398419,0.8424025607230277,0.8609489738279044,0.018546413104876702,0.03182074938806245,0.77925498557632,0.7971602434077079,0.8369878183831672,0.0398275749754593,0.057732832806847156
lightgbm,1,30c140ca,excitement,53,53,106,True,True,True,-1.5462926813334232,0.8243776346992661,0.7061418771486591,113,47,160,156805c476a35a05e48cb3733a91ca484da7b5fa15e2db079f90e1f31cc1de4b,0.13121278629334182,0.09445588321948463,0.03675690307385719,0.4315554400843215,0.3141208973452664,0.11743454273905513,0.15156895125682926,0.0527052943875294,0.8476746375447185,0.837883637733007,0.821879118810017,-0.01600451892299004,-0.02579551873470154,0.8183088749126486,0.8254545454545454,0.8299516908212561,0.004497145366710642,0.011642815908607496
xgboost,1,30c140ca,stress,68,72,140,True,True,True,3.1486700700875003,0.04114371313712235,0.1196660669520497,67,98,165,24cace45a46912281bada25aca77a93b6cf4df8608859a3c08091187480571e9,0.13811554862378353,0.1794141977943109,-0.04129864917052736,0.48027561162320537,0.5893524654095311,-0.10907685378632576,0.11005527499717463,0.1902878548382586,0.8229515686871763,0.7824398416082852,0.7258604934511117,-0.05657934815717347,-0.09709107523606464,0.8103377952463939,0.7904761904761904,0.7332368958475153,-0.057239294628675164,-0.07710089939887865
lightgbm,1,30c140ca,stress,68,72,140,True,True,True,1.698126841913428,0.15471006867000114,0.1961712284295979,67,98,165,24cace45a46912281bada25aca77a93b6cf4df8608859a3c08091187480571e9,0.1256343232308958,0.1521738941036379,-0.026539570872742113,0.4094475656681689,0.45068756550601846,-0.04123999983784954,0.09552576391561866,0.15245049338795583,0.8555437100213219,0.7356838257691136,0.7136765153822723,-0.02200731038684134,-0.14186719463904962,0.8411111111111111,0.7441431624827124,0.7186147186147187,-0.02552844386799369,-0.12249639249639244
xgboost,1,30c140ca,relaxation,2,160,162,True,False,False,0.0,0.9989978969097136,0.9989978969097136,141,28,169,2ee1f88498ca792a9393a7ceabf9342ef7959849d03df34079488dbd7171e91c,0.4106700422021494,0.4106700422021494,0.0,1.9248677733673518,1.9248677733673518,0.0,0.47194718555395754,0.47194718555395754,0.7055471124620061,0.8110435663627154,0.8110435663627154,0.0,0.10549645390070927,0.5103245919677242,0.7899627152749009,0.7899627152749009,0.0,0.27963812330717674
lightgbm,1,30c140ca,relaxation,2,160,162,True,False,False,0.0,0.976563815740951,0.976563815740951,141,28,169,2ee1f88498ca792a9393a7ceabf9342ef7959849d03df34079488dbd7171e91c,0.36010834906400874,0.36010834906400874,0.0,1.2436919134099693,1.2436919134099693,0.0,0.4608424269388961,0.4608424269388961,0.7092198581560284,0.8218085106382979,0.8218085106382979,0.0,0.11258865248226946,0.4978985507246377,0.7879790145985401,0.7879790145985401,0.0,0.29008046387390246
xgboost,1,30c140ca,interest,86,71,157,True,True,True,-0.6605886538311152,0.6593926089697433,0.5,192,3,195,d5a4928a0b697900b617349957b7ab399ebf266e12fcddad08232a8c919d1b12,0.49926696724095126,0.44220218769966224,0.057064779541289024,2.1565326975846224,1.7936732640975288,0.3628594334870936,0.5756558132465355,0.5223740759087909,0.6927083333333334,0.6927083333333334,0.7317708333333334,0.0390625,0.0390625,0.30238903710890125,0.30238903710890125,0.3442489144275033,0.04185987731860208,0.04185987731860208
lightgbm,1,30c140ca,interest,86,71,157,True,True,True,-1.0007664312509164,0.7312092414716088,0.5,192,3,195,d5a4928a0b697900b617349957b7ab399ebf266e12fcddad08232a8c919d1b12,0.44505244647054615,0.30474220124005424,0.1403102452304919,1.4056394322653702,0.8984466641641715,0.5071927681011987,0.5754561865144927,0.4371268580278496,0.6822916666666666,0.6822916666666666,0.7786458333333333,0.09635416666666663,0.09635416666666663,0.29061307251908397,0.29061307251908397,0.3908265647396082,0.10021349222052423,0.10021349222052423
xgboost,1,30c140ca,focus,137,21,158,True,True,True,-0.18941068247771342,0.5472116063800836,0.2660715165548026,49,94,143,194aeb1b1fd6275088bac7237adb739bf065a09bd7bcb0d3401db5f681cb1849,0.2398891385734532,0.2509237961510074,-0.011034657577554202,0.780649678735289,0.8297997708478215,-0.04915009211253252,0.2505681959930905,0.26835463700936785,0.7251411202778983,0.7694311767260096,0.7193877551020409,-0.05004342162396869,-0.00575336517585745,0.663924794359577,0.7403147699757869,0.6503325508607198,-0.0899822191150671,-0.013592243498857126
lightgbm,1,30c140ca,focus,137,21,158,True,True,True,-0.8321737260564328,0.6968143564937689,0.3151848125422845,49,94,143,194aeb1b1fd6275088bac7237adb739bf065a09bd7bcb0d3401db5f681cb1849,0.2245028868972799,0.2990390913367856,-0.07453620443950568,0.6464756642581335,0.8923167866240669,-0.24584112236593336,0.23776451210017316,0.3506922831038122,0.6994138080764221,0.7543421623968736,0.6972427268779853,-0.0570994355188883,-0.002171081198436786,0.6427276735413707,0.7309433002796847,0.6068342498036134,-0.12410905047607124,-0.03589342373775728
xgboost,1,3110e0c7,attention,0,0,0,True,False,False,0.0,0.5,0.5,41,68,109,42ef7e503ebe0f60b7de8eeb585c48440f02b30392b16a9c9f45196726ea1fe7,0.4913947259128417,0.4913947259128417,0.0,2.656364969384936,2.656364969384936,0.0,0.5345714427537107,0.5345714427537107,0.5367647058823529,0.5367647058823529,0.5367647058823529,0.0,0.0,0.3512517713745867,0.3512517713745867,0.3512517713745867,0.0,0.0
lightgbm,1,3110e0c7,attention,0,0,0,True,False,False,0.0,0.5,0.5,41,68,109,42ef7e503ebe0f60b7de8eeb585c48440f02b30392b16a9c9f45196726ea1fe7,0.45046663882004395,0.45046663882004395,0.0,1.5678045131292018,1.5678045131292018,0.0,0.4978025357438715,0.4978025357438715,0.5661764705882353,0.5661764705882353,0.5661764705882353,0.0,0.0,0.4076632587270885,0.4076632587270885,0.4076632587270885,0.0,0.0
xgboost,1,3110e0c7,engagement,19,64,83,True,True,True,-1.4786124508898233,0.8143629081270288,0.878354012966156,75,103,178,d34e5a82fa8db562f681fdcd62e792efd7b3d5c156eb3a246a472ad073a23bbc,0.27830225908747575,0.322934081072057,-0.044631821984581266,0.9512224230224506,1.1224076519213892,-0.1711852288989386,0.2237910135561506,0.29024385823091636,0.6240129449838188,0.6056957928802589,0.6014886731391587,-0.004207119741100218,-0.022524271844660104,0.6201305940436375,0.567574478966884,0.5775717495174508,0.009997270550566872,-0.042558844526186634
lightgbm,1,3110e0c7,engagement,19,64,83,True,True,True,-1.1057540491427713,0.7513366878314719,0.8793922874698072,75,103,178,d34e5a82fa8db562f681fdcd62e792efd7b3d5c156eb3a246a472ad073a23bbc,0.2638780970558745,0.3075310307019915,-0.043652933646117,0.7826628337900219,0.8912122390354325,-0.10854940524541057,0.17582661386688087,0.272572362372354,0.5870550161812298,0.5559223300970874,0.5656957928802588,0.009773462783171483,-0.021359223300970953,0.586687306501548,0.4915788436915197,0.5364583333333333,0.04487948964181354,-0.05022897316821473
xgboost,1,3110e0c7,excitement,31,46,77,True,True,True,6.954429549329133,0.0009534882153089442,0.099078160317731,62,171,233,4c54fc7d6ffdc9446ea942e3f690fc0de0d64fb490066333b73cf3d51681840a,0.1340312917961564,0.1955339653277121,-0.061502673531555724,0.5594276219476658,1.0781289042718323,-0.5187012823241665,0.12118662938562984,0.2014231168690792,0.8330503678551217,0.7347670250896057,0.5857857008111677,-0.14898132427843802,-0.247264667043954,0.8131016042780749,0.7432223936521931,0.5823221180364038,-0.16090027561578935,-0.2307794862416711
lightgbm,1,3110e0c7,excitement,31,46,77,True,True,True,5.006766460045725,0.006648016938793541,0.1307970594503009,62,171,233,4c54fc7d6ffdc9446ea942e3f690fc0de0d64fb490066333b73cf3d51681840a,0.1278272078874164,0.1968550438206798,-0.06902783593326342,0.4650272803192534,0.8723949830114709,-0.4073677026922175,0.10399615225052976,0.20091217999801603,0.8330503678551217,0.7274099226561026,0.5777211846821354,-0.1496887379739672,-0.25532918317298625,0.8131016042780749,0.7414245359160614,0.5695562759245704,-0.17186825999149102,-0.2435453283535045
xgboost,1,3110e0c7,stress,3,13,16,True,False,False,0.0,0.1545164084818679,0.1545164084818679,135,68,203,fa4d5f2212deb6f3bedb138b35a880623b33023fc7c1553f1ea6e724068c1d34,0.6707768393220345,0.6707768393220345,0.0,3.281166320111723,3.281166320111723,0.0,0.6936097323844035,0.6936097323844035,0.3825708061002179,0.37505446623093686,0.37505446623093686,0.0,-0.007516339869281019,0.24661061879875784,0.21210641305744762,0.21210641305744762,0.0,-0.03450420574131022
lightgbm,1,3110e0c7,stress,3,13,16,True,False,False,0.0,0.1870084190823048,0.1870084190823048,135,68,203,fa4d5f2212deb6f3bedb138b35a880623b33023fc7c1553f1ea6e724068c1d34,0.5929091972169728,0.5929091972169728,0.0,1.9910442234890466,1.9910442234890466,0.0,0.6399806837957118,0.6399806837957118,0.36781045751633984,0.42287581699346405,0.42287581699346405,0.0,0.05506535947712421,0.22965998785670916,0.23875,0.23875,0.0,0.009090012143290832
xgboost,1,3110e0c7,relaxation,37,35,72,True,True,True,4.1984400189991895,0.01479675559792636,0.3052749330527149,118,94,212,f7c34121e39600488031e007151bb4b7abbdf90ab6c2641c3568fe3d6e7462bf,0.15191210475978137,0.2788984947951436,-0.12698639003536225,0.6298442175185774,1.1949400366003982,-0.5650958190818207,0.1337967820777264,0.28986023537484196,0.8162639740353408,0.8078795528308691,0.6831049404976559,-0.12477461233321319,-0.13315903353768488,0.8175724637681159,0.805352144216773,0.6460120313822366,-0.15934011283453642,-0.17156043238587926
lightgbm,1,3110e0c7,relaxation,37,35,72,True,True,True,2.1887353538484273,0.10076662874295185,0.3438276431554653,118,94,212,f7c34121e39600488031e007151bb4b7abbdf90ab6c2641c3568fe3d6e7462bf,0.17120435416148358,0.2579812127122574,-0.0867768585507738,0.5684417395078218,0.8804575077247623,-0.31201576821694044,0.11333630147850834,0.27671660127054054,0.7770465200144248,0.7835376848178868,0.6767039307609088,-0.10683375405697793,-0.10034258925351591,0.7761049816866279,0.7779016115730111,0.6428051001821493,-0.13509651139086176,-0.13329988150447858
xgboost,1,3110e0c7,interest,51,49,100,True,True,True,2.8580857573690306,0.05426485597959044,0.2468966697342693,130,77,207,1c52cc19f3be3879d4d55b7af6ba78d8098458963bce35cdd07bfaa9b77a1f86,0.3938620016478235,0.486910455128411,-0.09304845348058755,1.466391083732989,2.562036907148769,-1.09564582341578,0.3896481616238069,0.4909573254810435,0.5848151848151848,0.5773726273726274,0.5660839160839161,-0.01128871128871134,-0.018731268731268735,0.5172324436382483,0.4917399699635271,0.45695685969685196,-0.03478311026667513,-0.060275583941396316
lightgbm,1,3110e0c7,interest,51,49,100,True,True,True,2.3709712373370273,0.08541323793782539,0.199306143877578,130,77,207,1c52cc19f3be3879d4d55b7af6ba78d8098458963bce35cdd07bfaa9b77a1f86,0.35013914279230945,0.48224777988931744,-0.13210863709700799,1.034865174177986,1.8812516065820422,-0.8463864324040562,0.3548597483855448,0.4912805899568311,0.5561938061938062,0.512937062937063,0.5415584415584416,0.02862137862137859,-0.014635364635364634,0.5001289475535132,0.4171539961013645,0.4306681270536692,0.013514130952304693,-0.06946082049984403
xgboost,1,3110e0c7,focus,28,41,69,True,True,True,3.5573872745706874,0.02772275943647124,0.5,37,185,222,f9c03b5d4c62318fd1263b5af6ec519c3a8859d5f192852cd20660658954a74d,0.24501432425405326,0.17079336172504148,0.07422096252901178,0.9020447296413567,0.9079938296429093,-0.005949100001552576,0.24355754416083567,0.1557177151203605,0.572972972972973,0.572972972972973,0.5162162162162163,-0.05675675675675673,-0.05675675675675673,0.5546504559270516,0.5546504559270516,0.5067941100490829,-0.04785634587796872,-0.04785634587796872
lightgbm,1,3110e0c7,focus,28,41,69,True,True,True,2.5861666477014875,0.07003403518436366,0.5,37,185,222,f9c03b5d4c62318fd1263b5af6ec519c3a8859d5f192852cd20660658954a74d,0.22155794220473993,0.156432624018252,0.06512531818648792,0.6755302299138181,0.6343719122653475,0.041158317648470555,0.21127929580007404,0.1342877387055826,0.5486486486486487,0.5486486486486487,0.5054054054054054,-0.04324324324324336,-0.04324324324324336,0.5317151430523782,0.5317151430523782,0.488397020204727,-0.04331812284765124,-0.04331812284765124
xgboost,4,40009139,attention,106,27,133,True,True,True,5.025047264562996,0.006528376138327794,0.0122625079602585,42,89,131,9c374c282bbdf5979ec2317011acdc3a5779617957414e5e13ff0ef90451a6aa,0.4080310056416479,0.30849073542587135,0.09954027021577655,2.1415452485255884,1.3655435499832982,0.7760016985422902,0.40461849657408866,0.3273825961960305,0.6056714820759764,0.5870786516853932,0.5976457998929909,0.010567148207597743,-0.008025682182985494,0.5479323857986782,0.5812020460358056,0.5955993431855501,0.01439729714974447,0.04766695738687188
lightgbm,4,40009139,attention,106,27,133,True,True,True,2.2746760544151803,0.09324210843010888,0.0558568314553349,42,89,131,9c374c282bbdf5979ec2317011acdc3a5779617957414e5e13ff0ef90451a6aa,0.34067735949472333,0.253057774113006,0.08761958538171732,1.1060874941555343,0.729100103245003,0.37698739091053135,0.3097363288815408,0.26881282906916837,0.6407169609416801,0.6194489031567684,0.5688871054039594,-0.050561797752809,-0.0718298555377207,0.5785810376089373,0.6221153846153846,0.5660843021367798,-0.05603108247860478,-0.01249673547215746
xgboost,4,40009139,engagement,26,57,83,True,True,True,0.4766665704563713,0.38303957442402475,0.5785911865532398,64,104,168,1927cef6a89f14267c555a8dfd74d66d883500c754f9bd16d457c48fcd8514ac,0.08707306407286362,0.08372573530490451,0.0033473287679591096,0.27551004404731944,0.25967797657342934,0.0158320674738901,0.06743281207210132,0.03760527941719745,0.8936298076923077,0.8888221153846154,0.8876201923076923,-0.0012019230769231282,-0.006009615384615419,0.8829182408392326,0.8770311813790075,0.8817733990147782,0.004742217635770762,-0.0011448418244544012
lightgbm,4,40009139,engagement,26,57,83,True,True,True,0.41110012831441745,0.39864836037875717,0.5468576867622275,64,104,168,1927cef6a89f14267c555a8dfd74d66d883500c754f9bd16d457c48fcd8514ac,0.09077263621895414,0.08212453312874328,0.008648103090210857,0.2919078731835726,0.26702693466454336,0.024880938519029228,0.098620851383197,0.0800158113972836,0.8870192307692308,0.8725961538461539,0.8846153846153846,0.012019230769230727,-0.0024038461538462563,0.8716857610474632,0.8541666666666667,0.8811394526159002,0.02697278594923347,0.009453691568437006
xgboost,4,40009139,excitement,53,67,120,True,True,True,-3.7011635357219035,0.975900358760792,0.6061036810278893,89,67,156,87edb7cdad9e7842bfd4df2ca63bc761418964643b34240f05f140bd561b4b35,0.0475306578855241,0.11034505336763764,-0.06281439548211354,0.19171439932959702,0.38101802707543125,-0.18930362774583423,0.040071393948006184,0.1306477267282094,0.9401308066409526,0.9402146570518195,0.8376656045614623,-0.10254905249035717,-0.10246520207949028,0.9352159468438539,0.9410257487293653,0.8479532163742689,-0.09307253235509638,-0.08726273046958499
lightgbm,4,40009139,excitement,53,67,120,True,True,True,-1.952755446215646,0.875746784475221,0.5979558365620992,89,67,156,87edb7cdad9e7842bfd4df2ca63bc761418964643b34240f05f140bd561b4b35,0.042590620597625486,0.09129674738062357,-0.048706126782998085,0.16975996366181628,0.27051339268891006,-0.10075342902709378,0.0814016513256792,0.11631430045686812,0.968220694281402,0.9589132986751635,0.8451282911286265,-0.11378500754653698,-0.12309240315277548,0.9673571876961707,0.9606060606060607,0.8553961597881263,-0.10520990081793435,-0.11196102790804441
xgboost,4,40009139,stress,60,44,104,True,True,True,-2.504607515736317,0.9244641933905499,0.706661157310009,52,40,92,5169a1318cb6381b46d1ff2ffab36ed231fc8b8da1576bcf23f07942e8b9d3ec,0.17344990811332334,0.11357181943441053,0.05987808867891281,0.51774068705264,0.3547084586234529,0.16303222842918708,0.19092349232999806,0.07662219048440444,0.7634615384615384,0.8028846153846154,0.8240384615384615,0.02115384615384608,0.060576923076923084,0.7371428571428571,0.7932584269662921,0.8296927064050352,0.03643427943874311,0.09254984926217813
lightgbm,4,40009139,stress,60,44,104,True,True,True,-1.5593687184337113,0.826262749523315,0.7215970323279325,52,40,92,5169a1318cb6381b46d1ff2ffab36ed231fc8b8da1576bcf23f07942e8b9d3ec,0.1480386872448578,0.08923009489884393,0.05880859234601388,0.42816305501841295,0.30133583657824475,0.1268272184401682,0.1870417050089233,0.1123369747253364,0.773076923076923,0.8730769230769231,0.9182692307692308,0.045192307692307754,0.14519230769230784,0.748544266191325,0.8685714285714285,0.9218351741716228,0.0532637456001942,0.17329090798029778
xgboost,4,40009139,relaxation,62,37,99,True,True,True,-3.383663653217317,0.9671900647383944,0.6174693666398525,49,103,152,c58f4e33bfb99ae34dc7c9b8acc07c03d0e750157ef6010bb82ef956a05b7a29,0.13522093712005612,0.1648581692606405,-0.02963723214058439,0.4655871432391619,0.617402527633736,-0.15181538439457415,0.12129423207543846,0.1688749512907079,0.7619377848226669,0.763423816128393,0.8184069744402616,0.05498315831186851,0.05646918961759462,0.7795326349717969,0.7689969604863222,0.7746934375421102,0.0056964770557880184,-0.004839197429686748
lightgbm,4,40009139,relaxation,62,37,99,True,True,True,-2.538456933244846,0.9267942035008622,0.7230509370839451,49,103,152,c58f4e33bfb99ae34dc7c9b8acc07c03d0e750157ef6010bb82ef956a05b7a29,0.1589090722107438,0.21138153848242358,-0.052472466271679785,0.49114610663367353,0.6355471676600535,-0.14440106102637995,0.09997454384382849,0.21176561187288712,0.7007132950267486,0.7235981771349316,0.7446007529225283,0.021002575787596678,0.043887457895779636,0.7178059071729959,0.7259615384615384,0.6920366455250175,-0.0339248929365209,-0.025769261647978325
xgboost,4,40009139,interest,58,23,81,True,True,True,-0.4167448941763875,0.6027040698527831,0.4940071031451225,40,70,110,f8a3d3fb25f292cc9d465a34c0630945204414b08e040bc038a57cba30a0e4d2,0.14397035610260103,0.16605176635609145,-0.02208141025349042,0.48210352762058944,0.559345539990308,-0.07724201236971856,0.16709036958901294,0.2042758104531008,0.8464285714285714,0.8464285714285714,0.8374999999999999,-0.008928571428571508,-0.008928571428571508,0.8151881720430108,0.8151881720430108,0.7983333333333333,-0.01685483870967741,-0.01685483870967741
lightgbm,4,40009139,interest,58,23,81,True,True,True,-0.7572472572840012,0.6807557854214835,0.5062545711567529,40,70,110,f8a3d3fb25f292cc9d465a34c0630945204414b08e040bc038a57cba30a0e4d2,0.12815123783611007,0.19485587916942926,-0.06670464133331919,0.40042938282314333,0.5673052719560394,-0.16687588913289608,0.18723052576532598,0.2744701080394582,0.8535714285714285,0.8535714285714285,0.7464285714285714,-0.1071428571428571,-0.1071428571428571,0.8240000000000001,0.8240000000000001,0.6909090909090909,-0.13309090909090915,-0.13309090909090915
xgboost,4,40009139,focus,36,54,90,True,True,True,-1.0497432488992189,0.7407255928757127,0.6916025951504707,136,52,188,3bd000be8a7d6e68fe9e8d63562fef606f801abe484e86258e93eaf94a4b0738,0.13604881322298726,0.14333962406518752,-0.007290810842200263,0.49464853281848803,0.5589142238511337,-0.06426569103264562,0.11498908474327728,0.12411489243773687,0.7635746606334841,0.7169117647058824,0.7205882352941176,0.003676470588235281,-0.042986425339366474,0.7761904761904761,0.7382969414946506,0.7437048917401764,0.005407950245525761,-0.0324855844502997
lightgbm,4,40009139,focus,36,54,90,True,True,True,-0.7540081232578941,0.6800514212362341,0.6618295958037782,136,52,188,3bd000be8a7d6e68fe9e8d63562fef606f801abe484e86258e93eaf94a4b0738,0.1152148986008713,0.12384462567778845,-0.008629727076917157,0.36754745125776006,0.3984062672346545,-0.030858815976894438,0.05113371800500691,0.0799280128161641,0.7901583710407241,0.7183257918552036,0.7123868778280543,-0.0059389140271493,-0.07777149321266974,0.8041666666666667,0.744890826103047,0.7403640929064658,-0.004526733196581256,-0.06380257376020093
xgboost,3,41e2010c,attention,51,26,77,True,True,True,-2.8596217665420003,0.9458139183411914,0.729202151298523,35,79,114,4deebd60b75c3b485a5bc1a40b84999fa349398e292002670af4aedafadc8c3f,0.14249575766814063,0.18819571507080168,-0.04569995740266106,0.5104254271379386,0.5820386492228201,-0.07161322208488152,0.12669011630248606,0.18250320338472986,0.7301989150090415,0.7699819168173598,0.7750452079566004,0.005063291139240533,0.04484629294755882,0.7573435504469987,0.7827743902439024,0.7386177530298068,-0.04415663721409557,-0.018725797417191936
lightgbm,3,41e2010c,attention,51,26,77,True,True,True,-1.7174094747052493,0.8477948593246846,0.7096525436563257,35,79,114,4deebd60b75c3b485a5bc1a40b84999fa349398e292002670af4aedafadc8c3f,0.14450501985990444,0.19660152933546313,-0.05209650947555869,0.45130254637179135,0.5729660292080966,-0.12166348283630524,0.06654862367681777,0.2151165147496728,0.7079566003616636,0.730379746835443,0.7244122965641953,-0.005967450271247787,0.016455696202531622,0.7347956131605184,0.7357930842681005,0.6741822800889171,-0.06161080417918341,-0.06061333307160133
xgboost,3,41e2010c,engagement,41,62,103,True,True,True,-1.5032359013076761,0.8180566035190727,0.6457459479570389,67,42,109,fc4021f24bfe218fdd6bb47ae128b95a8bb11cb1ae773d821a1e6ba0c8ed79d6,0.11929878468877117,0.15721048613902738,-0.03791170145025621,0.4261031655774003,0.4990503078928286,-0.07294714231542831,0.10293693860263925,0.17304292439284713,0.8256929637526652,0.7498223169864962,0.755863539445629,0.006041222459132856,-0.0698294243070362,0.8256929637526652,0.7575982209043737,0.7685328185328185,0.010934597628444842,-0.05716014521984669
lightgbm,3,41e2010c,engagement,41,62,103,True,True,True,-0.5244326844264353,0.6281836906362414,0.5848654435429438,67,42,109,fc4021f24bfe218fdd6bb47ae128b95a8bb11cb1ae773d821a1e6ba0c8ed79d6,0.09911793370150439,0.1080227418161959,-0.008904808114691506,0.3197513931702843,0.32844537138029456,-0.008693978210010278,0.07229689070347659,0.09201633863134309,0.8569651741293532,0.8406183368869936,0.812366737739872,-0.02825159914712161,-0.044598436389481244,0.8553737284387439,0.8436154949784792,0.8203296703296703,-0.023285824648808906,-0.03504405810907363
xgboost,3,41e2010c,excitement,35,67,102,True,True,True,2.3580665971777464,0.08642672845651689,0.4917868669726886,37,55,92,8fa2fbda0fa25e72d849aa99a0123962a1ec669cdb74185904bc440134749548,0.1468043556494872,0.08092425770367133,0.06588009794581588,0.6319646782083588,0.3004033905644805,0.33156128764387827,0.18209884299990928,0.09998195910132912,0.8545454545454545,0.8545454545454545,0.9272727272727272,0.07272727272727275,0.07272727272727275,0.8260047281323877,0.8260047281323877,0.9120038259206121,0.08599909778822445,0.08599909778822445
lightgbm,3,41e2010c,excitement,35,67,102,True,True,True,1.4737548272324852,0.18637256947214415,0.4608731175833303,37,55,92,8fa2fbda0fa25e72d849aa99a0123962a1ec669cdb74185904bc440134749548,0.11875557799750204,0.04735491036342209,0.07140066763407996,0.3544143515985865,0.16740410285256777,0.1870102487460187,0.1825613296493013,0.10209302043274966,0.8545454545454545,0.8636363636363636,0.9363636363636363,0.07272727272727264,0.08181818181818179,0.8260047281323877,0.836782968657599,0.9228095409325183,0.08602657227491928,0.09680481280013065
xgboost,3,41e2010c,stress,45,105,150,True,True,True,5.621544272859305,0.003605997715039544,0.0392921687453053,46,102,148,ec6c9d5a2b1c730db4dae03fdc9ca4b0177f79d47aae83e0d4f8e7eaa8598c28,0.32393410445896753,0.1276200845292727,0.19631401992969483,1.2410800665572783,0.44121731454818186,0.7998627520090964,0.38140343166240787,0.10888745550699011,0.7107843137254902,0.8111679454390452,0.763000852514919,-0.04816709292412624,0.05221653878942878,0.6011874857273349,0.781323877068558,0.7875598086124402,0.006235931543882245,0.1863723228851053
lightgbm,3,41e2010c,stress,45,105,150,True,True,True,3.494012418667319,0.0294830765270343,0.0780124295724144,46,102,148,ec6c9d5a2b1c730db4dae03fdc9ca4b0177f79d47aae83e0d4f8e7eaa8598c28,0.33223447036450465,0.12435521039977139,0.20787925996473328,0.9842312981694703,0.3753063123475226,0.6089249858219477,0.409733816646004,0.0992893939348339,0.6666666666666666,0.8552855924978687,0.6820119352088662,-0.17327365728900257,0.01534526854219953,0.5375,0.8406399015536071,0.7006321112515803,-0.1400077903020268,0.16313211125158034
xgboost,3,41e2010c,relaxation,23,41,64,True,True,True,5.852423328037567,0.00286469859230929,0.0478143260261276,54,45,99,fa90f03bec54ece536d8b20eeb1e6864b2aa4cb69231f93bc86789bf5199509c,0.29209374605762156,0.1275479023640662,0.16454584369355535,1.4280507336017685,0.42787431010376914,1.0001764234979993,0.32148735801891953,0.1161871734890118,0.6111111111111112,0.7722222222222221,0.8222222222222222,0.050000000000000044,0.21111111111111103,0.5594405594405594,0.7746341463414634,0.8247787610619469,0.05014461472048348,0.26533820162138755
lightgbm,3,41e2010c,relaxation,23,41,64,True,True,True,3.385816403050618,0.03274168976040906,0.1069367519725125,54,45,99,fa90f03bec54ece536d8b20eeb1e6864b2aa4cb69231f93bc86789bf5199509c,0.27127491908173057,0.10784453735028332,0.16343038173144725,0.9011307614441284,0.3752965786739621,0.5258341827701662,0.3128040474009268,0.08321712942799563,0.6129629629629629,0.7833333333333333,0.8425925925925926,0.059259259259259234,0.22962962962962963,0.5688689809630458,0.7864538395168248,0.8453930244664237,0.05893918494959893,0.2765240435033779
xgboost,3,41e2010c,interest,88,54,142,True,True,True,0.9387446189033306,0.2811539934494814,0.4473533853888511,76,65,141,f9ea67b641ddf272496982a0ec76f7fb7cdf3d4e79a67b662efda1842c46de9c,0.1371283774066875,0.10558704059397368,0.03154133681271383,0.4700202893089239,0.36790191371264996,0.10211837559627396,0.15217187502028223,0.08139621923362826,0.7901821862348178,0.8055668016194333,0.8671052631578948,0.06153846153846154,0.07692307692307698,0.7926470588235295,0.8085839598997493,0.8699795081967212,0.061395548296971914,0.07733244937319173
lightgbm,3,41e2010c,interest,88,54,142,True,True,True,0.106689051673404,0.4733530081892498,0.4534080361175599,76,65,141,f9ea67b641ddf272496982a0ec76f7fb7cdf3d4e79a67b662efda1842c46de9c,0.10412532190535068,0.09933950445353688,0.0047858174518137925,0.3340211560891504,0.3219409910829842,0.01208016500616621,0.11873014894352463,0.10771375313105211,0.8176113360323887,0.8494939271255061,0.8418016194331983,-0.007692307692307776,0.024190283400809642,0.8211416490486259,0.8535521395928541,0.8458214006769071,-0.007730738915947,0.024679751628281288
xgboost,3,41e2010c,focus,31,80,111,True,True,True,-1.0153926639518773,0.7340741752139995,0.8046050667762756,17,80,97,5f871daa7304d5d145fa7ff4c6bae42cf98d79e3a49accc82e3120b4c68f852b,0.08803955445263766,0.0950217144245642,-0.006982159971926541,0.3143536105690828,0.312696029533476,0.0016575810356067588,0.07358591978620628,0.10438278060957722,0.7290441176470588,0.8029411764705883,0.7147058823529412,-0.08823529411764708,-0.014338235294117596,0.7779304029304029,0.782923050438974,0.7147058823529412,-0.06821716808603284,-0.06322452057746175
lightgbm,3,41e2010c,focus,31,80,111,True,True,True,-0.8332763263473242,0.6970472457995572,0.8324806404360805,17,80,97,5f871daa7304d5d145fa7ff4c6bae42cf98d79e3a49accc82e3120b4c68f852b,0.0974316714166752,0.10381316986513278,-0.006381498448457576,0.32773272641223017,0.34922719809465785,-0.021494471682427685,0.04748149366609301,0.09453214690135683,0.6113970588235295,0.7529411764705882,0.7628676470588236,0.00992647058823537,0.15147058823529413,0.6411205073995772,0.6961968680089485,0.775462962962963,0.07926609495401449,0.13434245556338587
xgboost,3,5001d09a,attention,50,37,87,True,True,True,3.117021530104653,0.04241056847477711,0.3449597074068151,32,33,65,0ae080eaf45181a34a43b226b9912fbaebdb1313552016c84e9057b0ada52513,0.23369303037996497,0.19638743383918528,0.037305596540779695,0.8577326119367643,0.6117868931302942,0.2459457188064701,0.25408790327413816,0.1974981760787232,0.7419507575757576,0.7263257575757576,0.7211174242424243,-0.005208333333333259,-0.02083333333333326,0.7257383966244726,0.7115384615384616,0.7176640926640927,0.006125631125631137,-0.008074303960379892
lightgbm,3,5001d09a,attention,50,37,87,True,True,True,1.4421094523983649,0.19121890030589542,0.3412813478295963,32,33,65,0ae080eaf45181a34a43b226b9912fbaebdb1313552016c84e9057b0ada52513,0.20393037368223438,0.14893561326563665,0.05499476041659773,0.6216151617852056,0.4585253248304015,0.1630898369548041,0.21391401340572372,0.1241297616299908,0.7419507575757576,0.756155303030303,0.8006628787878788,0.0445075757575758,0.058712121212121215,0.7257383966244726,0.7490347490347491,0.7998104714522625,0.05077572241751338,0.07407207482778988
xgboost,3,5001d09a,engagement,51,71,122,True,True,True,-2.7753976916319143,0.9413317918803906,0.5942178517580032,37,58,95,af1d362456d8568d0b1b96468f8e47442d1c6ffc805969746fcb80281aac24f9,0.15423679373772534,0.2774347117747207,-0.12319791803699534,0.616634136499354,1.1315792268031282,-0.5149450903037742,0.13873560800227672,0.30775163080468704,0.7982292637465052,0.8117427772600186,0.7057315936626282,-0.10601118359739048,-0.09249767008387699,0.7854561878952122,0.7967571219457268,0.6501506528289254,-0.14660646911680142,-0.13530553506628684
lightgbm,3,5001d09a,engagement,51,71,122,True,True,True,-1.4287049138308259,0.8066994461338197,0.7091660994527443,37,58,95,af1d362456d8568d0b1b96468f8e47442d1c6ffc805969746fcb80281aac24f9,0.13846295948310913,0.22528443281336508,-0.08682147333025594,0.4948008439201685,0.772839372918663,-0.2780385289984945,0.11544880578145018,0.2856858142046264,0.8511183597390494,0.7870456663560113,0.700838769804287,-0.0862068965517242,-0.15027958993476231,0.8386000679578661,0.7574647574647575,0.6512404049393703,-0.1062243525253872,-0.18735966301849583
xgboost,3,5001d09a,excitement,38,87,125,True,True,True,1.8775047426302138,0.1326757469386882,0.5011695036082529,13,79,92,e762bbc4d6b27a67d0ab76ffbd4d1a49a2816614c63f2238d78301f9e92ada56,0.18734789140066532,0.1212230534227886,0.06612483797787673,0.8954352918076472,0.5381877287003538,0.35724756310729344,0.2299127500764766,0.152189794387671,0.8670886075949367,0.8670886075949367,0.9113924050632911,0.044303797468354444,0.044303797468354444,0.6999534089144277,0.6999534089144277,0.7763888888888889,0.0764354799744612,0.0764354799744612
lightgbm,3,5001d09a,excitement,38,87,125,True,True,True,1.279890357220634,0.21756888778163555,0.5058758858715479,13,79,92,e762bbc4d6b27a67d0ab76ffbd4d1a49a2816614c63f2238d78301f9e92ada56,0.17456897819758269,0.10499742092471717,0.06957155727286551,0.6119168972311237,0.35602070481269205,0.2558961924184317,0.24592190710817302,0.1563822608411857,0.8544303797468354,0.8544303797468354,0.9303797468354431,0.07594936708860767,0.07594936708860767,0.6801209372637944,0.6801209372637944,0.8139363853649568,0.13381544810116242,0.13381544810116242
xgboost,3,5001d09a,stress,73,32,105,True,True,True,1.5620442944520172,0.17335349975445521,0.4521960592828691,79,50,129,98f4bf5c6248bd80dcb8c3e6fb61910f3017492d2d44a2e9351db972efb42a12,0.13892892908564555,0.11503462985348804,0.02389429923215751,0.5377922902764695,0.4152577438957814,0.12253454638068806,0.1385282455984304,0.09207161568689663,0.771012658227848,0.771012658227848,0.8556962025316456,0.08468354430379754,0.08468354430379754,0.7854767184035476,0.7854767184035476,0.859576102964718,0.07409938456117038,0.07409938456117038
lightgbm,3,5001d09a,stress,73,32,105,True,True,True,0.9676421753485676,0.27535071604475525,0.3429114757351523,79,50,129,98f4bf5c6248bd80dcb8c3e6fb61910f3017492d2d44a2e9351db972efb42a12,0.13388030999164013,0.12375400444405026,0.010126305547589878,0.43033253058327237,0.37899502548260633,0.05133750510066604,0.11377848642672538,0.07911627661461727,0.781012658227848,0.8020253164556963,0.8130379746835443,0.011012658227848027,0.032025316455696284,0.7957314974182443,0.8123015873015873,0.8175154320987654,0.005213844797178124,0.02178393468052109
xgboost,3,5001d09a,relaxation,73,30,103,True,True,True,0.030980872026583284,0.49225540143156776,0.4995099608786404,21,35,56,82cd9462be2ef84973b089ac0f488a4aca61784d0f77d98f91092aceab0a7944,0.24915022474739135,0.24796327489268383,0.0011869498547075197,1.1112061258793133,1.1024116682907794,0.008794457588533922,0.28447574627955724,0.28325848175202195,0.7714285714285714,0.7714285714285714,0.7857142857142857,0.014285714285714346,0.014285714285714346,0.7139208173690932,0.7139208173690932,0.7320574162679425,0.018136598898849332,0.018136598898849332
lightgbm,3,5001d09a,relaxation,73,30,103,True,True,True,-0.01787981122955329,0.5044698337288029,0.4894136466442419,21,35,56,82cd9462be2ef84973b089ac0f488a4aca61784d0f77d98f91092aceab0a7944,0.21604122850913446,0.21708814189635048,-0.0010469133872160197,0.751381504957755,0.7561205319010992,-0.00473902694334416,0.26450491115305497,0.26559271427750997,0.7714285714285714,0.7714285714285714,0.7571428571428571,-0.014285714285714235,-0.014285714285714235,0.7139208173690932,0.7139208173690932,0.6955548448992644,-0.01836597246982874,-0.01836597246982874
xgboost,3,5001d09a,interest,83,66,149,True,True,True,2.608788718415634,0.06857493077906794,0.2797139590838924,54,50,104,69d3e55c29ba17144804ece5596ebaa62fe96926b733734de4782958a98ca40c,0.12955598125861553,0.07197077027722981,0.05758521098138572,0.5001853351842106,0.23474378112793504,0.26544155405627556,0.15519297574923466,0.05801417547152015,0.8300000000000001,0.87,0.8922222222222222,0.022222222222222254,0.06222222222222218,0.8295903614457831,0.8715683480573763,0.8934326967862133,0.021864348728837024,0.06384233534043016
lightgbm,3,5001d09a,interest,83,66,149,True,True,True,1.6490731091442616,0.16123426087607493,0.3051857730156737,54,50,104,69d3e55c29ba17144804ece5596ebaa62fe96926b733734de4782958a98ca40c,0.10905884506683826,0.059456975273363306,0.04960186979347495,0.34809843215897346,0.20568276362015872,0.14241566853881474,0.1496462380392267,0.08346093824766503,0.86,0.8707407407407408,0.9314814814814815,0.06074074074074065,0.07148148148148148,0.8612276019824628,0.8723444433953357,0.9323859942416644,0.06004155084632867,0.07115839225920151
xgboost,3,5001d09a,focus,14,105,119,True,True,True,2.2215131320137864,0.09783516875243191,0.5576996617019176,22,78,100,0f2e0ed15fac8ff24a2e869e8a2de839aeaf24ce15c22b8e3c1f05d46d70fc59,0.18110854448168365,0.17278803907553864,0.008320505406145012,0.5783950119234167,0.5265031557145216,0.05189185620889514,0.16713727310299872,0.15056748916311422,0.7418414918414918,0.7354312354312355,0.5850815850815851,-0.1503496503496503,-0.1567599067599067,0.6932891669733775,0.6843127731908694,0.5934959349593496,-0.09081683823151976,-0.0997932320140279
lightgbm,3,5001d09a,focus,14,105,119,True,True,True,1.901511217803785,0.1299375299283559,0.525862509289855,22,78,100,0f2e0ed15fac8ff24a2e869e8a2de839aeaf24ce15c22b8e3c1f05d46d70fc59,0.18841159089589446,0.15773346845282266,0.030678122443071804,0.5739191733941822,0.4708344588847791,0.1030847145094031,0.1753269598375698,0.10794799587095491,0.7389277389277389,0.7325174825174825,0.5815850815850816,-0.1509324009324009,-0.1573426573426573,0.6727442730247779,0.6640018537828757,0.5907738095238095,-0.07322804425906615,-0.08197046350096837
xgboost,3,50c02189,attention,25,56,81,True,True,True,3.1492736610200893,0.041119907520729096,0.1773673156276345,118,387,505,c759cfda2c34de898dfda542bae22ca4a17b3a644113020fcbc9e7c4cab2833d,0.2520013633668343,0.1467968599513273,0.10520450341550702,0.815650180964112,0.5060691216412962,0.30958105932281577,0.273928587739863,0.09375693650515565,0.7120505408838085,0.7157294267069592,0.6502649673717864,-0.06546445933517275,-0.061785573512022074,0.6263671685078784,0.6930794675593814,0.6693838254172015,-0.023695642142179896,0.0430166569093231
lightgbm,3,50c02189,attention,25,56,81,True,True,True,2.474237041722118,0.0776841103642224,0.1797261491548731,118,387,505,c759cfda2c34de898dfda542bae22ca4a17b3a644113020fcbc9e7c4cab2833d,0.22295136267250357,0.15374465539180424,0.06920670728069933,0.654403807054924,0.4922981472652147,0.16210565978970926,0.2729940265144649,0.10020803883933184,0.7325143432750842,0.6484036263303113,0.5430955196426225,-0.10530810668768886,-0.18941882363246176,0.6443420561382073,0.6633333333333333,0.5241620675730246,-0.1391712657603087,-0.12017998856518264
xgboost,3,50c02189,engagement,79,65,144,True,True,True,-1.2876391335688049,0.7837473199803454,0.6785369962453842,437,163,600,050f6846c865ff928105a7e1a31d5b8caf66f6ed1264afc8da5a4f28ff55a3cd,0.10744951073988965,0.1070886520426311,0.00036085869725854813,0.3382426611012026,0.3495331110576808,-0.01129044995647821,0.05766327475288562,0.0603948871987935,0.8151015709452345,0.7896842666816415,0.7811626960171836,-0.008521570664457911,-0.03393887492805092,0.8108835479077694,0.8044444444444445,0.8080494389737667,0.0036049945293221697,-0.0028341089340027104
lightgbm,3,50c02189,engagement,79,65,144,True,True,True,-1.0717161244828626,0.7449231382363846,0.6716472450375555,437,163,600,050f6846c865ff928105a7e1a31d5b8caf66f6ed1264afc8da5a4f28ff55a3cd,0.09820950146917186,0.1015983466086629,-0.003388845139491045,0.3276102293360431,0.3171569959583354,0.010453233377707705,0.10161350446376675,0.07543813363260352,0.8511322317530289,0.8049234181746712,0.7289663208434529,-0.07595709733121825,-0.12216591090957596,0.8405103668261562,0.8312210272396932,0.7625263157894737,-0.06869471145021944,-0.07798405103668249
xgboost,3,50c02189,excitement,5,81,86,True,False,False,0.0,0.0726594398729503,0.0726594398729503,203,190,393,6f477020eb8a7927b048fc213b850fefb60ff9dc04996f246f2d1bb99b272459,0.1258217553142015,0.1258217553142015,0.0,0.43065721246989946,0.43065721246989946,0.0,0.0653856657289914,0.0653856657289914,0.8254342753435313,0.7472517500648173,0.7472517500648173,0.0,-0.07818252527871405,0.8260246862142597,0.7317011137288498,0.7317011137288498,0.0,-0.0943235724854099
lightgbm,3,50c02189,excitement,5,81,86,True,False,False,0.0,0.1605856111830802,0.1605856111830802,203,190,393,6f477020eb8a7927b048fc213b850fefb60ff9dc04996f246f2d1bb99b272459,0.11008450315010707,0.11008450315010707,0.0,0.35189463112730723,0.35189463112730723,0.0,0.033048106519540356,0.033048106519540356,0.846149857402126,0.8065335753176044,0.8065335753176044,0.0,-0.039616282084521615,0.8467079259413356,0.7983926128590971,0.7983926128590971,0.0,-0.048315313082238465
xgboost,3,50c02189,stress,156,19,175,True,True,True,-4.487626878316727,0.9888777914702194,0.8437617272138596,238,431,669,f60083067fd7d7752ef001ba0e7b1969a242bcfe78dac317e2510aa3b90a6522,0.23104547880115445,0.4085904691179847,-0.17754499031683024,0.8291746403563839,1.6522279799807071,-0.8230533396243233,0.16978222610093435,0.4110585159996232,0.6438661311392306,0.6235547583302463,0.6099553510499327,-0.013599407280313613,-0.03391078008929793,0.6487212750185323,0.6057154605263158,0.5134456990127093,-0.09226976151360644,-0.13527557600582296
lightgbm,3,50c02189,stress,156,19,175,True,True,True,-3.960606278203917,0.9813046159909726,0.863023389608627,238,431,669,f60083067fd7d7752ef001ba0e7b1969a242bcfe78dac317e2510aa3b90a6522,0.22531979745567843,0.4331797626419477,-0.20785996518626926,0.6961185981333166,1.3585182528834683,-0.6623996547501517,0.14528303839045548,0.46983608999283305,0.6052321160482754,0.6179102731579871,0.5442395055469984,-0.07367076761098867,-0.06099261050127702,0.5977633477633477,0.6034325889164598,0.37312351475105776,-0.23030907416540203,-0.22463983301228996
xgboost,3,50c02189,relaxation,33,64,97,True,True,True,-5.46368617663267,0.9957799788000101,0.99539215862751,220,372,592,54cc6dac5b10a2c5f5842398434575c5f91ece0f539cc04d290eab65f42e4465,0.28093717623075637,0.10823945590887042,0.17269772032188596,1.2870031513008193,0.3506062728069921,0.9363968784938272,0.3069841191676017,0.060359131002129696,0.5509286412512219,0.8417888563049853,0.8427174975562073,0.00092864125122194,0.2917888563049854,0.488943146145797,0.8411532973131197,0.8414414414414415,0.0002881441283217878,0.3524982952956445
lightgbm,3,50c02189,relaxation,33,64,97,True,True,True,-2.7359482073393817,0.9391148344051335,0.9546734381411376,220,372,592,54cc6dac5b10a2c5f5842398434575c5f91ece0f539cc04d290eab65f42e4465,0.26828149069885715,0.12370135229063355,0.1445801384082236,0.9413818027683019,0.3908098191427478,0.550571983625554,0.29778970255082315,0.07810774386474696,0.5386363636363636,0.807820136852395,0.8008064516129032,-0.0070136852394917515,0.2621700879765396,0.46454938758415426,0.8187755102040817,0.8161749083979695,-0.0026006018061122127,0.3516255208138152
xgboost,3,50c02189,interest,76,80,156,True,True,True,-5.063275005850684,0.9937149400596056,0.9884347468614578,365,274,639,00e7285421ba14396c81805e90752d97cacfef98c4cbcf7eec41bcec4e0e0113,0.5025074326887374,0.24741145270853007,0.2550959799802074,2.375946065539024,0.8319605314332507,1.543985534105773,0.5078381792713592,0.15788993556975908,0.5105139486051394,0.6439706029397061,0.6467553244675532,0.002784721527847145,0.1362413758624138,0.34403925730363394,0.6350102103103297,0.6463240720426032,0.011313861732273556,0.3022848147389693
lightgbm,3,50c02189,interest,76,80,156,True,True,True,-3.199222462530014,0.9608050066061654,0.9521525757132738,365,274,639,00e7285421ba14396c81805e90752d97cacfef98c4cbcf7eec41bcec4e0e0113,0.49105568225858415,0.26823950376475936,0.2228161784938248,1.7594507856076789,0.7740391082403055,0.9854116773673733,0.48810453316572666,0.22531418962725608,0.5000099990001,0.565013498650135,0.5773572642735727,0.012343765623437752,0.07734726527347269,0.31921718943064853,0.5568426598703637,0.5736906241922182,0.016847964321854425,0.25447343476156964
xgboost,3,50c02189,focus,63,43,106,True,True,True,3.6433327452410706,0.025497846150579265,0.0149972951039671,242,309,551,1b428bfcbdefb923b659e6e8cf8e94ce012e255f4fb07d11bc5942e499150a15,0.4846196483021055,0.23295631463261002,0.2516633336694955,2.1034518460852962,0.7086236846506785,1.3948281614346176,0.5033475414539141,0.21803143740574596,0.5136671213458504,0.7215624916419268,0.689273583139426,-0.03228890850250077,0.17560646179357564,0.34185379837553753,0.7076152337634516,0.6621884579501532,-0.04542677581329835,0.3203346595746157
lightgbm,3,50c02189,focus,63,43,106,True,True,True,1.7544242448423795,0.1474900399315111,0.0996837775412541,242,309,551,1b428bfcbdefb923b659e6e8cf8e94ce012e255f4fb07d11bc5942e499150a15,0.38619254369804346,0.20139383619263876,0.1847987075054047,1.1169476736153998,0.5826989243777684,0.5342487492376314,0.4226477052675596,0.15896853832614802,0.5242718446601942,0.7453127925325631,0.7153373987001524,-0.029975393832410657,0.19106555403995829,0.3573502808721318,0.7397999451814132,0.6905286526618744,-0.04927129251953888,0.3331783717897426
xgboost,2,517001af,attention,101,0,101,True,False,False,0.0,0.5,0.5,75,32,107,f20696a8e3a33aff9ca5cddcec5917d0dd776ed785eda541eb35ac6b520d2605,0.1353936066399419,0.1353936066399419,0.0,0.44403145360206664,0.44403145360206664,0.0,0.11684098731623455,0.11684098731623455,0.7322916666666667,0.7322916666666667,0.7322916666666667,0.0,0.0,0.7523148148148149,0.7523148148148149,0.7523148148148149,0.0,0.0
lightgbm,2,517001af,attention,101,0,101,True,False,False,0.0,0.5,0.5,75,32,107,f20696a8e3a33aff9ca5cddcec5917d0dd776ed785eda541eb35ac6b520d2605,0.1286264739428689,0.1286264739428689,0.0,0.3877448746610488,0.3877448746610488,0.0,0.10996056171081961,0.10996056171081961,0.756875,0.756875,0.756875,0.0,0.0,0.772823779193206,0.772823779193206,0.772823779193206,0.0,0.0
xgboost,2,517001af,engagement,0,137,137,True,False,False,0.0,0.5,0.5,35,180,215,26c213f90f34acda06ee4146b3ce8e21fd142e1ba94f36aa0f2579f16dc89919,0.16995556502862405,0.16995556502862405,0.0,0.5670471812491668,0.5670471812491668,0.0,0.16978690127342613,0.16978690127342613,0.6682539682539682,0.6682539682539682,0.6682539682539682,0.0,0.0,0.6407502131287297,0.6407502131287297,0.6407502131287297,0.0,0.0
lightgbm,2,517001af,engagement,0,137,137,True,False,False,0.0,0.5,0.5,35,180,215,26c213f90f34acda06ee4146b3ce8e21fd142e1ba94f36aa0f2579f16dc89919,0.11560073077849045,0.11560073077849045,0.0,0.3821176538710959,0.3821176538710959,0.0,0.08767301253185764,0.08767301253185764,0.721031746031746,0.721031746031746,0.721031746031746,0.0,0.0,0.7315184815184814,0.7315184815184814,0.7315184815184814,0.0,0.0
xgboost,2,517001af,excitement,17,106,123,True,True,True,-7.4602273240230605,0.9994248057129962,0.9999412298202516,121,128,249,dad86721089fea8addc449a3f08070ccd5526abafc45134773344c73196e7c62,0.12506962346222,0.05615348475700573,0.06891613870521426,0.6353199949111518,0.246229667066578,0.38909032784457376,0.1431903948725565,0.051358100387021266,0.8473334194214877,0.8239927685950413,0.9285575929752066,0.10456482438016523,0.08122417355371891,0.8470541361621595,0.8154188287620459,0.9277096774193548,0.11229084865730898,0.08065554125719532
lightgbm,2,517001af,excitement,17,106,123,True,True,True,-4.364509701520346,0.9874388977289528,0.9985345153480992,121,128,249,dad86721089fea8addc449a3f08070ccd5526abafc45134773344c73196e7c62,0.12066535897110353,0.07968186707986843,0.040983491891235097,0.4546809294178866,0.27900826182296135,0.17567266759492528,0.15630992799096877,0.11116295205665089,0.8432011880165289,0.6364927685950413,0.904894111570248,0.2684013429752067,0.06169292355371914,0.8426984971405772,0.5785421785421785,0.9035755776429586,0.3250333991007801,0.06087708050238139
xgboost,2,517001af,stress,13,21,34,True,True,True,-3.9462152247074656,0.9810387628042354,0.8755104839801788,9,69,78,15d3c030b9a43345471d98209e1cf388ed498dff5eacfdc6d51f3d3f3dfa8a5b,0.04128372930559615,0.1951460369331016,-0.15386230762750544,0.1862051248007401,0.7110314967841764,-0.5248263719834363,0.05212819475332839,0.292196497261024,0.929951690821256,0.8792270531400965,0.7995169082125604,-0.07971014492753614,-0.13043478260869557,0.9101037264694583,0.7692307692307693,0.6279809220985691,-0.14124984713220012,-0.2821228043708891
lightgbm,2,517001af,stress,13,21,34,True,True,True,-2.4511019974491113,0.9206420004188275,0.8477947486183335,9,69,78,15d3c030b9a43345471d98209e1cf388ed498dff5eacfdc6d51f3d3f3dfa8a5b,0.0464949275965039,0.19785459255332258,-0.15135966495681868,0.1775437479737104,0.631911427947208,-0.4543676799734976,0.08325686960978362,0.33357991190973985,0.929951690821256,0.9057971014492754,0.8478260869565217,-0.05797101449275366,-0.08212560386473422,0.9101037264694583,0.7383225806451613,0.641025641025641,-0.09729693961952035,-0.2690780854438173
xgboost,2,517001af,relaxation,134,15,149,True,True,True,-4.076395670688065,0.9833146106086991,0.5053851576521993,135,63,198,f76411b80d4233da0f00c77612cb7a37c5586352841d388ed4bdd71c0312fb15,0.0789983144571221,0.14424827851727856,-0.06524996406015646,0.3083608615889287,0.6210085303779601,-0.3126476687890314,0.060691302848966316,0.1525319866617296,0.8788359788359789,0.8788359788359789,0.7227513227513227,-0.15608465608465616,-0.15608465608465616,0.8869421487603306,0.8869421487603306,0.7489079892912498,-0.13803415946908082,-0.13803415946908082
lightgbm,2,517001af,relaxation,134,15,149,True,True,True,-3.057654947542802,0.9551118643022715,0.5419279191952887,135,63,198,f76411b80d4233da0f00c77612cb7a37c5586352841d388ed4bdd71c0312fb15,0.0816214222805818,0.1546830517295993,-0.0730616294490175,0.2788996051538302,0.5233103971684436,-0.2444107920146134,0.06898497907310722,0.1707558540690985,0.8835978835978836,0.8714285714285714,0.6904761904761905,-0.18095238095238098,-0.19312169312169314,0.8835978835978836,0.876172607879925,0.7127552728490123,-0.1634173350309127,-0.1708426107488713
xgboost,2,517001af,interest,94,20,114,True,True,True,-4.104297613508924,0.9837662772121307,0.7537136971950531,55,51,106,99a0772f552126e586d8baa1e2e7c3e19a8d097e96fc591853278d6e49f170c8,0.15355246339114506,0.18448159774027992,-0.030929134349134857,0.496228843398881,0.6314166512293451,-0.13518780783046408,0.17211328400298953,0.2284772107100564,0.7789661319073083,0.8124777183600713,0.7360071301247771,-0.07647058823529418,-0.0429590017825312,0.7706455102776776,0.8113207547169812,0.7246753246753247,-0.08664543004165648,-0.04597018560235289
lightgbm,2,517001af,interest,94,20,114,True,True,True,-3.1674812711535454,0.9595920334317845,0.790686514942553,55,51,106,99a0772f552126e586d8baa1e2e7c3e19a8d097e96fc591853278d6e49f170c8,0.16564776557396205,0.21763831372969605,-0.05199054815573401,0.4953774688936851,0.6104177747161907,-0.11504030582250563,0.20668465462560004,0.26473155929059045,0.7727272727272727,0.8775401069518716,0.6281639928698752,-0.24937611408199634,-0.14456327985739748,0.7545159796201946,0.8772601763605594,0.5819842258198422,-0.2952759505407172,-0.17253175380035235
xgboost,2,517001af,focus,3,156,159,True,False,False,0.0,0.9693537652492524,0.9693537652492524,119,135,254,00adf53e757557d0c6d88d6d94985edabac6f0d1e481998614e3c0b57493b5c5,0.09272183795790856,0.09272183795790856,0.0,0.374169387775733,0.374169387775733,0.0,0.1119196430413503,0.1119196430413503,0.8749455337690631,0.9335511982570806,0.9335511982570806,0.0,0.058605664488017406,0.8785696073431923,0.9328950844639221,0.9328950844639221,0.0,0.05432547712072977
lightgbm,2,517001af,focus,3,156,159,True,False,False,0.0,0.9083564868816728,0.9083564868816728,119,135,254,00adf53e757557d0c6d88d6d94985edabac6f0d1e481998614e3c0b57493b5c5,0.07955228540027327,0.07955228540027327,0.0,0.2770007639789133,0.2770007639789133,0.0,0.10254134863341535,0.10254134863341535,0.8875505757858699,0.9446623093681917,0.9446623093681917,0.0,0.0571117335823218,0.8911342170013493,0.9446623093681917,0.9446623093681917,0.0,0.05352809236684242
xgboost,2,6030f0fd,attention,72,56,128,True,True,True,3.7077731681464847,0.02394467829954881,0.020097428234294,64,163,227,7c06ed050cd4d38a4f6d5c6560dd3947f8ca120a9f1667a3309d44cb5d2e8ab6,0.3420384771181422,0.09158929011534293,0.2504491870027993,1.2495433966439111,0.3146180238794963,0.9349253727644149,0.4320303257509335,0.09395388418426646,0.6840490797546013,0.8931652607361964,0.910467791411043,0.01730253067484655,0.22641871165644167,0.5461145730204027,0.8750687947165658,0.8826029276190048,0.007534132902438984,0.33648835459860216
lightgbm,2,6030f0fd,attention,72,56,128,True,True,True,1.9322813038368736,0.12649828923617604,0.0884680904925703,64,163,227,7c06ed050cd4d38a4f6d5c6560dd3947f8ca120a9f1667a3309d44cb5d2e8ab6,0.28234750920969526,0.0931986081072059,0.18914890110248936,0.8262152275447127,0.318586928803667,0.5076282987410456,0.39980339539181114,0.1297295335918325,0.6731690950920246,0.9087902607361964,0.8968078987730062,-0.011982361963190247,0.22363880368098155,0.5373012637586628,0.8863967242948134,0.856118724455227,-0.030277999839586456,0.31881746069656414
xgboost,2,6030f0fd,engagement,24,87,111,True,True,True,0.06250512678485587,0.484378803831715,0.6940165236592293,88,99,187,cc96aa1d95339cad7a385ba7a8d1396068693dda0572c4c374d10f9e48fcfdc0,0.19238938421023993,0.19360813183798833,-0.001218747627748401,0.5957827628344414,0.6025520200461307,-0.006769257211689306,0.15134054715925982,0.15285720169726832,0.7537878787878789,0.6919191919191919,0.7424242424242424,0.0505050505050505,-0.011363636363636465,0.7515700483091787,0.6923365565016597,0.7388902379796017,0.04655368147794203,-0.01267981032957699
lightgbm,2,6030f0fd,engagement,24,87,111,True,True,True,0.1916809928629441,0.45222593692816154,0.7497405243587256,88,99,187,cc96aa1d95339cad7a385ba7a8d1396068693dda0572c4c374d10f9e48fcfdc0,0.16336645199678804,0.1714849049238002,-0.00811845292701216,0.4932266155729769,0.5157202750853512,-0.02249365951237431,0.10438582391740592,0.13005794607257049,0.7468434343434343,0.7752525252525253,0.7184343434343434,-0.05681818181818188,-0.02840909090909083,0.7423848155518138,0.7748796147672552,0.7092661691542288,-0.0656134456130264,-0.033118646397584994
xgboost,2,6030f0fd,excitement,81,42,123,True,True,True,-3.04731690605228,0.9546665482446572,0.5105490842834115,121,54,175,0da0abe8860982da853cfb74d7e88148bdabf495b6d6e8406ae4ac1ed56d9e35,0.06954863556547582,0.08113127337934702,-0.0115826378138712,0.26595370765469845,0.34386245551614625,-0.0779087478614478,0.05234769535132467,0.07488813568314553,0.8887358432812978,0.8887358432812978,0.8487144168962351,-0.040021426385062786,-0.040021426385062786,0.8867486390802848,0.8867486390802848,0.8708169291338583,-0.015931709946426453,-0.015931709946426453
lightgbm,2,6030f0fd,excitement,81,42,123,True,True,True,-1.955497133710384,0.8760448122197265,0.541910291512136,121,54,175,0da0abe8860982da853cfb74d7e88148bdabf495b6d6e8406ae4ac1ed56d9e35,0.07064206535100127,0.07583269902615432,-0.005190633675153045,0.25435096642881655,0.2670293100676193,-0.01267834363880277,0.06430419681672138,0.0792319464286525,0.898989898989899,0.9021273339455158,0.8353229262320172,-0.0668044077134986,-0.0636669727578818,0.8889137821589933,0.9000723286002512,0.8564632545931758,-0.043609074007075366,-0.032450527565817455
xgboost,2,6030f0fd,stress,70,77,147,True,True,True,2.1052692374997353,0.10858573311447449,0.4698640503920614,128,27,155,cc7e98106eb1542fa4ea2730598e51b3451255fb5efcf516b512b63c4d51e1e6,0.10632743899345846,0.1658515007753212,-0.059524061781862744,0.38664065575449774,0.6379692309528627,-0.251328575198365,0.09054089894361236,0.18622074145500073,0.8156828703703703,0.8156828703703703,0.8194444444444444,0.00376157407407407,0.00376157407407407,0.7857001777602212,0.7857001777602212,0.7120641154928082,-0.07363606226741293,-0.07363606226741293
lightgbm,2,6030f0fd,stress,70,77,147,True,True,True,1.0908401099095415,0.25146011323244205,0.4365592126747861,128,27,155,cc7e98106eb1542fa4ea2730598e51b3451255fb5efcf516b512b63c4d51e1e6,0.11240839010244309,0.16984246698959118,-0.05743407688714809,0.35461101989327243,0.52231536406099,-0.16770434416771757,0.10865449239866767,0.2165071918384538,0.7591145833333333,0.7922453703703703,0.7785011574074074,-0.01374421296296291,0.01938657407407418,0.724339430894309,0.7429519071310116,0.684959349593496,-0.05799255753751553,-0.03938008130081294
xgboost,2,6030f0fd,relaxation,35,57,92,True,True,True,2.00646001686596,0.11852632843270121,0.4976950156269595,64,73,137,a5b0c2a453c652362c42041bf40596d89c44ce48f971aba384c79be71140b739,0.10831288269660108,0.09355918899336745,0.014753693703233636,0.37910234953608146,0.33150816730902083,0.04759418222706063,0.1059608790242851,0.06328686492637481,0.8513484589041096,0.8513484589041096,0.881742294520548,0.03039383561643838,0.03039383561643838,0.8466826538768986,0.8466826538768986,0.8824538824538825,0.03577122857698389,0.03577122857698389
lightgbm,2,6030f0fd,relaxation,35,57,92,True,True,True,1.4614480279871098,0.18824595301032512,0.4978019146720721,64,73,137,a5b0c2a453c652362c42041bf40596d89c44ce48f971aba384c79be71140b739,0.11617781492614598,0.1013407228194094,0.014837092106736588,0.3672937962457128,0.32476107905774076,0.042532717187972024,0.10495385564702141,0.047908601558582495,0.831763698630137,0.831763698630137,0.8651541095890412,0.03339041095890416,0.03339041095890416,0.8243589743589743,0.8243589743589743,0.8670189818809317,0.04266000752195742,0.04266000752195742
xgboost,2,6030f0fd,interest,61,78,139,True,True,True,2.2626585525902945,0.0942631431341354,0.192006747238338,70,61,131,20b9621e1cdf1ef54d9d06a1662a3a5aa80ffe8a563778c41161ebd304c7fff1,0.24037787698756233,0.2294349284370275,0.01094294855053482,0.7347284639261689,0.7304382685683566,0.0042901953578122765,0.19331434303859094,0.21123719166596702,0.6313817330210773,0.7156908665105386,0.6844262295081966,-0.031264637002341944,0.0530444964871194,0.6147058823529412,0.7159017642576637,0.6654392112609134,-0.05046255299675029,0.05073332890797222
lightgbm,2,6030f0fd,interest,61,78,139,True,True,True,1.5675977960649847,0.17255911459322737,0.2752518356976399,70,61,131,20b9621e1cdf1ef54d9d06a1662a3a5aa80ffe8a563778c41161ebd304c7fff1,0.23335963548072783,0.2267674240090517,0.006592211471676129,0.659128510388325,0.6729833127823756,-0.01385480239405057,0.1652545449131929,0.1516683367874022,0.5864168618266979,0.6871194379391101,0.6690866510538641,-0.01803278688524601,0.08266978922716617,0.5686423505572442,0.6863649635036497,0.6498782443428164,-0.03648671916083335,0.08123589378557217
xgboost,2,6030f0fd,focus,82,44,126,True,True,True,-1.7819144079931482,0.8559330955774436,0.6573637872934341,130,29,159,c759ca9d8ef0e9d61f91796ac380a333648299cfcbdc30620c0d77c11b12b8e6,0.1302947132973561,0.07177944716240856,0.058515266134947536,0.452337051848154,0.2614970547539939,0.1908399970941601,0.18908597800238464,0.05794276647160304,0.8578249336870026,0.9078249336870026,0.8580901856763926,-0.04973474801060995,0.00026525198938998074,0.7573260073260073,0.845868734675258,0.8397177419354839,-0.006150992739774153,0.08239173460947657
lightgbm,2,6030f0fd,focus,82,44,126,True,True,True,-1.1748947353825225,0.7640286222842382,0.5795877202362123,130,29,159,c759ca9d8ef0e9d61f91796ac380a333648299cfcbdc30620c0d77c11b12b8e6,0.1274821076987327,0.07286732558179691,0.05461478211693578,0.4036798921157323,0.26302733126669803,0.14065256084903427,0.20144341216369935,0.07738037474736151,0.846419098143236,0.8484084880636604,0.873474801061008,0.02506631299734763,0.02705570291777204,0.7752283601565899,0.7985023041474655,0.873474801061008,0.07497249691354257,0.09824644090441814
xgboost,2,7072a0e0,attention,76,13,89,True,True,True,-7.162990107550906,0.9992258652021783,0.9857546389102936,221,186,407,fe4540e53f8190423c51d95ab99b9616f8b68e48529ddcca1806b5355a801b9a,0.3083305363382453,0.3562468843258891,-0.04791634798764377,1.144805568554841,1.4590076438987838,-0.31420207534394273,0.330683555168269,0.37534147650312316,0.6430934656741109,0.6974042718824502,0.5461246533352795,-0.15127961854717076,-0.09696881233883137,0.5814101262340079,0.6955949192305971,0.44905282550362446,-0.24654209372697267,-0.13235730073038343
lightgbm,2,7072a0e0,attention,76,13,89,True,True,True,-4.438582970458658,0.9883252444215036,0.9351339120964944,221,186,407,fe4540e53f8190423c51d95ab99b9616f8b68e48529ddcca1806b5355a801b9a,0.2877650701969857,0.3449837628062809,-0.057218692609295185,0.8351913439644613,1.107182062107847,-0.2719907181433857,0.2945062532478202,0.36321705801696214,0.6006665693572715,0.6482995183184936,0.510752688172043,-0.13754683014645064,-0.08991388118522847,0.5260292933527646,0.6339928057553956,0.37521929824561406,-0.25877350750978156,-0.15080999510715054
xgboost,2,7072a0e0,engagement,30,76,106,True,True,True,2.937517160511928,0.0503298123749234,0.2855235640890896,193,192,385,38e26c8495d2e5191087676b5225b57c5ced2083a27df3e4b5f26c2b54f125bb,0.2175554592096744,0.12462312580454632,0.09293233340512808,0.7435236883695874,0.39095254802952933,0.35257114034005804,0.2536949498555696,0.06036226368406565,0.7161863126079447,0.7657464378238341,0.8208657167530224,0.05511927892918833,0.1046794041450777,0.6945978793237706,0.7575159556600605,0.8206049391886873,0.0630889835286268,0.12600705986491667
lightgbm,2,7072a0e0,engagement,30,76,106,True,True,True,2.0949326171511675,0.10959032047072766,0.2707816342456033,193,192,385,38e26c8495d2e5191087676b5225b57c5ced2083a27df3e4b5f26c2b54f125bb,0.203473692985668,0.1479202811500116,0.0555534118356564,0.6072644098284687,0.4453958620197828,0.16186854780868593,0.219985782520364,0.07270560423639848,0.7083738126079447,0.7685530008635579,0.7691197107081175,0.000566709844559532,0.060745898100172724,0.6847400128677545,0.7660469339960809,0.7660469339960809,0.0,0.08130692112832638
xgboost,2,7072a0e0,excitement,21,32,53,True,True,True,2.370822933821854,0.0854248237969746,0.2300085853785276,79,318,397,97a1dcbd158e82f2cb37747aa787d3f6ebb51ac1fa5b54e2fbdf58242c459f62,0.18571347767686205,0.11295685137907059,0.07275662629779146,0.699473232453145,0.3879947651213381,0.31147846733180684,0.20970676706761526,0.08874866488642101,0.8236207308335324,0.8360401241939337,0.8184658864740069,-0.017574237719926833,-0.005154844359525512,0.724987629886195,0.7680254137553597,0.7834151663938898,0.015389752638530041,0.05842753650769472
lightgbm,2,7072a0e0,excitement,21,32,53,True,True,True,1.268408047607513,0.21952988987754607,0.3321521165243848,79,318,397,97a1dcbd158e82f2cb37747aa787d3f6ebb51ac1fa5b54e2fbdf58242c459f62,0.1703278677479332,0.11325014003028783,0.05707772771764538,0.5355150465780384,0.3487504974328905,0.1867645491451479,0.2065345674593887,0.09545293226567238,0.8362391529336837,0.8218493750497572,0.8074595971658307,-0.01438977788392648,-0.02877955576785296,0.7381427168977789,0.75149780917464,0.7647612408504705,0.01326343167583044,0.026618523952691597
xgboost,2,7072a0e0,stress,46,13,59,True,True,True,-0.21533194286047808,0.5536259357440376,0.1344376602210104,84,369,453,b143a484ddcc3b1ca1fbc95f1b747e4e5e29e80893d072b2849f2bfad786b43f,0.1540363387671364,0.166901052858903,-0.012864714091766594,0.49317469003400133,0.5377566241818501,-0.04458193414784878,0.1968021106560073,0.2173488526503264,0.8239450251645373,0.8151374370886566,0.8182346109175378,0.0030971738288811945,-0.005710414246999473,0.7307711356544995,0.8052374438147352,0.7107469580421667,-0.09449048577256847,-0.020024177612332772
lightgbm,2,7072a0e0,stress,46,13,59,True,True,True,-0.7996099863830417,0.6898910472523921,0.44822021784786,84,369,453,b143a484ddcc3b1ca1fbc95f1b747e4e5e29e80893d072b2849f2bfad786b43f,0.1221840068848373,0.1895454072397535,-0.0673614003549162,0.383178343945034,0.5661134417163607,-0.18293509777132672,0.17518574734458936,0.28828902662701017,0.837253193960511,0.8388985675571041,0.7976190476190477,-0.04127951993805645,-0.03963414634146334,0.7704555152549606,0.786380027739251,0.6698194762267988,-0.11656055151245215,-0.10063603902816176
xgboost,2,7072a0e0,relaxation,13,17,30,True,True,True,2.700090954954324,0.06296798922653656,0.2111643175594508,125,178,303,e55870739be886d125d92dd01d640f9b57b93bfd29db2483636f7f034eedd54b,0.08915919780748022,0.1293711559252701,-0.04021195811778988,0.2883336487300689,0.45080112959407254,-0.16246748086400364,0.05308169535712397,0.15350621317848964,0.8822022471910113,0.8763370786516854,0.7847640449438202,-0.09157303370786518,-0.09743820224719102,0.8785084202085004,0.8845714285714286,0.7962938063049299,-0.08827762226649871,-0.08221461390357054
lightgbm,2,7072a0e0,relaxation,13,17,30,True,True,True,1.9203207416087231,0.12782580373344005,0.2852364135743527,125,178,303,e55870739be886d125d92dd01d640f9b57b93bfd29db2483636f7f034eedd54b,0.08468150852026261,0.11718476482519612,-0.0325032563049335,0.2811354130052189,0.359335306267141,-0.07819989326192212,0.08797270645817745,0.14381118042699217,0.8977752808988764,0.8775280898876405,0.78638202247191,-0.0911460674157305,-0.11139325842696635,0.8895296808193298,0.8849486244232474,0.7984975369458128,-0.08645108747743457,-0.09103214387351699
xgboost,2,7072a0e0,interest,25,30,55,True,True,True,1.825425793474361,0.13878409357669572,0.2087703682482242,98,282,380,6c36700502941333c28b0984e6b9c4ae4c51a1b67541d592a970704808f5b0b8,0.2739604522487886,0.14691308839031528,0.12704736385847334,0.8005386761739804,0.4500852818560012,0.3504533943179792,0.32542175594594724,0.07148473695446511,0.6934433347807208,0.7418946301925025,0.7161311333043856,-0.025763496888116855,0.02268779852366476,0.5833684743189678,0.7121938904317091,0.7125285913900978,0.0003347009583887228,0.12916011707113007
lightgbm,2,7072a0e0,interest,25,30,55,True,True,True,1.2543274702851899,0.22195193202434407,0.2391335775447499,98,282,380,6c36700502941333c28b0984e6b9c4ae4c51a1b67541d592a970704808f5b0b8,0.2617842444709669,0.14587172002475718,0.1159125244462097,0.7196986723553807,0.45378293216863835,0.2659157401867423,0.3310752717918956,0.11696528787758484,0.6719496309161963,0.7600593428860907,0.7505065856129687,-0.009552757273121992,0.07855695469677237,0.5498257839721254,0.7438020055472584,0.7463487571089098,0.002546751561651406,0.19652297313678435
xgboost,2,7072a0e0,focus,48,22,70,True,True,True,-2.688995066233746,0.9363741363586356,0.8138576596975327,66,341,407,13bd929d3a3c931b88637dde297a4748dc0431d0f37e3a28d04d60bcfa0097c1,0.19724020550103277,0.4282246425963934,-0.23098443709536065,0.6569742615234749,1.660317497901794,-1.0033432363783192,0.23315778761684947,0.51009793433105,0.771505376344086,0.7368035190615836,0.6832844574780059,-0.053519061583577665,-0.08822091886608008,0.6574074074074074,0.5547483508349,0.45789551576143256,-0.09685283507346748,-0.19951189164597488
lightgbm,2,7072a0e0,focus,48,22,70,True,True,True,-1.9264828976800632,0.8728596185504607,0.7231340154762713,66,341,407,13bd929d3a3c931b88637dde297a4748dc0431d0f37e3a28d04d60bcfa0097c1,0.1629757031888115,0.3941311016702808,-0.23115539848146932,0.4989359383879703,1.205251070207724,-0.7063151318197536,0.22103195639469808,0.5111174336921157,0.7905669599217986,0.7260508308895406,0.6551808406647116,-0.07086999022482898,-0.135386119257087,0.6857993298792668,0.5540108787494719,0.4250885142448313,-0.12892236450464056,-0.26071081563443554
xgboost,4,7092f07b,attention,125,22,147,True,True,True,5.226084118161236,0.0053457990165016725,0.0004912554031761,34,196,230,017ddacdff799be68f3254e0aa3565a1cfad6c14c7850cfec281e82f0aa2f9eb,0.7112890591486941,0.23236789547381062,0.47892116367488347,3.7325116379446865,0.6862947071889001,3.0462169307557865,0.7452675192720642,0.32544357643993665,0.5561224489795918,0.721938775510204,0.7863145258103241,0.0643757503001201,0.23019207683073228,0.2414132989612556,0.7390176689901118,0.6021893814997263,-0.13682828749038545,0.3607760825384707
lightgbm,4,7092f07b,attention,125,22,147,True,True,True,2.2567592239665046,0.09476802066927117,0.0118210824715632,34,196,230,017ddacdff799be68f3254e0aa3565a1cfad6c14c7850cfec281e82f0aa2f9eb,0.6438275114612187,0.3385265190797217,0.30530099238149705,2.277880124627675,0.9222734641871145,1.3556066604405603,0.7095990824056555,0.45777372680703543,0.5637755102040817,0.695078031212485,0.6709183673469388,-0.024159663865546244,0.1071428571428571,0.2553815861716428,0.718077687138087,0.4273416841983363,-0.29073600293975066,0.1719600980266935
xgboost,4,7092f07b,engagement,41,61,102,True,True,True,-2.4874280169669962,0.9232557641956266,0.6706904470920563,153,46,199,f5870359c2361845fb6452e4390fe85aa53e82bc81d65a523b27eb8add6d5fdb,0.26948947969205833,0.10733730221495137,0.16215217747710697,0.9421869955089593,0.33080145575621045,0.6113855397527489,0.33893917539426555,0.15278456875265933,0.7745098039215687,0.8137254901960784,0.8878232452401251,0.0740977550440467,0.11331344131855647,0.6401446654611211,0.6942670008894639,0.8108814445236399,0.11661444363417595,0.17073677906251872
lightgbm,4,7092f07b,engagement,41,61,102,True,True,True,-1.1484979259689498,0.7592364500560381,0.6959252036310948,153,46,199,f5870359c2361845fb6452e4390fe85aa53e82bc81d65a523b27eb8add6d5fdb,0.22091351850823118,0.12256166615174235,0.09835185235648883,0.6634308621323186,0.3752342218406692,0.28819664029164943,0.3197167192146817,0.18341078144794984,0.803921568627451,0.8442739414606422,0.860613810741688,0.016339869281045805,0.05669224211423696,0.6806803594351734,0.7553535180261315,0.7793534080298786,0.023999890003747137,0.09867304859470527
xgboost,4,7092f07b,excitement,89,30,119,True,True,True,1.9033280083260933,0.12973227296974377,0.4982406258313858,98,63,161,6733deea18ee1f90b4bcf7e9deb668ecbe16734c1a8b6b8b4b9fa672857ad206,0.21800258670339318,0.16707010037344774,0.05093248632994543,1.1050715862095828,0.6882342110283043,0.4168373751812785,0.2438445552691982,0.19358397400382923,0.6984126984126984,0.6984126984126984,0.746031746031746,0.04761904761904767,0.04761904761904767,0.7028943278943279,0.7028943278943279,0.7596117954460619,0.05671746755173401,0.05671746755173401
lightgbm,4,7092f07b,excitement,89,30,119,True,True,True,1.041133118499963,0.26093141711697215,0.4708671263438997,98,63,161,6733deea18ee1f90b4bcf7e9deb668ecbe16734c1a8b6b8b4b9fa672857ad206,0.21864511668426548,0.1691962457601328,0.049448870924132665,0.8013918178275234,0.558175493719279,0.24321632410824445,0.2561306717757977,0.20959381903626484,0.6666666666666666,0.6666666666666666,0.6984126984126984,0.031746031746031744,0.031746031746031744,0.6617647058823529,0.6617647058823529,0.7028943278943279,0.04112962201197501,0.04112962201197501
xgboost,4,7092f07b,stress,86,45,131,True,True,True,-0.05283928633782703,0.5132067489679794,0.4054920896887779,118,124,242,bea54ed1febd275eb4270e9cce30456658d9c17b4fd00034434fcb40b3d4bb78,0.18015525873777485,0.18165709239728403,-0.0015018336595091775,0.558455588245309,0.5650064419260328,-0.006550853680723723,0.12793709305528753,0.1290110364358628,0.7630535811919081,0.7787725533078185,0.7511618370694368,-0.027610716238381627,-0.011891744122471293,0.7583333333333333,0.776110197368421,0.7447566352554682,-0.031353562112952815,-0.013576698077865101
lightgbm,4,7092f07b,stress,86,45,131,True,True,True,-0.012948694890438539,0.5032371284923091,0.4042355505792079,118,124,242,bea54ed1febd275eb4270e9cce30456658d9c17b4fd00034434fcb40b3d4bb78,0.18006685036066253,0.18085640705348532,-0.000789556692822796,0.5377897914598091,0.5398570051455337,-0.0020672136857246004,0.15864395553786184,0.16064807859597122,0.7411153635866594,0.7810278840896665,0.7411153635866594,-0.03991252050300709,0.0,0.7237442922374429,0.7718097366766781,0.7237442922374429,-0.048065444439235216,0.0
xgboost,4,7092f07b,relaxation,17,44,61,True,True,True,7.256261004864562,0.0007052441536867032,0.0492916424627765,95,122,217,1a3baadb5b38e81a3e4ae4299b79ee76cf1e005eab84549198471fcaedee4fb3,0.23626028212788974,0.20237023888077493,0.03389004324711481,0.8370165268156894,0.7064311995397058,0.1305853272759836,0.2886961848662164,0.2515309507598203,0.7377049180327868,0.8688955996548748,0.7210526315789474,-0.14784296807592745,-0.016652286453839427,0.6962379702537183,0.8613949923352069,0.7173437538401042,-0.1440512384951027,0.02110578358638593
lightgbm,4,7092f07b,relaxation,17,44,61,True,True,True,3.985938360205008,0.018236267319200996,0.1114697199319134,95,122,217,1a3baadb5b38e81a3e4ae4299b79ee76cf1e005eab84549198471fcaedee4fb3,0.1829506242962649,0.16126732400834676,0.02168330028791815,0.5366598725823608,0.47832534349883754,0.05833452908352327,0.24594598278121924,0.2129868738288918,0.7570319240724763,0.8970232959447799,0.7263157894736842,-0.17070750647109567,-0.030716134598792078,0.722812790924246,0.8970232959447799,0.7237563650607128,-0.17326693088406708,0.0009435741364668404
xgboost,4,7092f07b,interest,26,121,147,True,True,True,1.6767347745400532,0.15752832282048174,0.5648960173130035,113,154,267,a2ac43888e2e8f21b497a15aa793c08767208a7cbbbca6aebfe6297a166cf670,0.19085358799634858,0.28594969906061085,-0.09509611106426227,0.5780618762759202,0.9854862972298538,-0.4074244209539336,0.17035058454334853,0.31015553407162244,0.6601540052867486,0.6825652223882313,0.584070796460177,-0.09849442592805424,-0.0760832088265716,0.6548157724628313,0.6832542457542458,0.5270239710538218,-0.15623027470042394,-0.12779180140900948
lightgbm,4,7092f07b,interest,26,121,147,True,True,True,1.5051785651562093,0.18165442903685664,0.4820971810760351,113,154,267,a2ac43888e2e8f21b497a15aa793c08767208a7cbbbca6aebfe6297a166cf670,0.20325657446873988,0.2952084149701985,-0.09195184050145863,0.593826815805158,0.8963691338807273,-0.3025423180755693,0.08580676750158917,0.2951017400928616,0.6580852775543041,0.6489483967360073,0.5265486725663717,-0.12239972416963563,-0.1315366049879324,0.653707588106256,0.6391891891891892,0.4215045054166245,-0.21768468377256472,-0.23220308268963147
xgboost,4,7092f07b,focus,111,27,138,True,True,True,-2.0079998757335655,0.881634458212102,0.5162439756095409,106,61,167,fe59858b602b6d486bd81a2afb725e246a118d3a94a0a76184ac4756cb2af06e,0.26588120975992385,0.3009299051779497,-0.035048695418025855,1.1094014884637553,1.6756932241859734,-0.5662917357222181,0.26494716727005335,0.3177168456084469,0.588926693473554,0.588926693473554,0.5819672131147541,-0.006959480358799897,-0.006959480358799897,0.5615444015444016,0.5615444015444016,0.5438868955175923,-0.017657506026809267,-0.017657506026809267
lightgbm,4,7092f07b,focus,111,27,138,True,True,True,-1.1547864274748405,0.7603840912119518,0.4873128152808821,106,61,167,fe59858b602b6d486bd81a2afb725e246a118d3a94a0a76184ac4756cb2af06e,0.2526786555061989,0.2975691156732852,-0.04489046016708631,0.8048099431577839,1.128176779553023,-0.3233668363952392,0.2529423106297645,0.30711070630731185,0.5807299721620786,0.5807299721620786,0.5327868852459017,-0.04794308691617688,-0.04794308691617688,0.5486486486486487,0.5486486486486487,0.45559050614812696,-0.09305814250052175,-0.09305814250052175
xgboost,1,7150e10a,attention,43,45,88,True,True,True,0.49569449473186167,0.37855301071177594,0.3692134991288185,174,293,467,61ecb55c21d1173067e59adf8f90702ba8c49572611592a6257797d408311185,0.14729543356312555,0.14495513006336583,0.0023403034997597216,0.4472024938252567,0.43747354805364524,0.00972894577161143,0.06156863088842193,0.0649111176837912,0.7647993409438625,0.7393001451492685,0.7433407869444117,0.004040641795143296,-0.021458553999450736,0.7619533081863594,0.7442638599311713,0.7476484009126205,0.0033845409814492466,-0.014304907273738898
lightgbm,1,7150e10a,attention,43,45,88,True,True,True,0.1021514670474063,0.4744843172273926,0.4670936405439791,174,293,467,61ecb55c21d1173067e59adf8f90702ba8c49572611592a6257797d408311185,0.15626630354309543,0.15689898148412135,-0.000632677941025922,0.47448861750259175,0.4755054769130755,-0.0010168594104837392,0.039146610603552054,0.04338553588994716,0.715683966890275,0.7012278843513398,0.7023949629280922,0.0011670785767524672,-0.0132890039621828,0.7226045635164475,0.7093355928302815,0.7103234381922907,0.0009878453620092431,-0.012281125324156816
xgboost,1,7150e10a,engagement,58,29,87,True,True,True,1.2106295217479883,0.22958968328724638,0.1805241269757971,311,135,446,16aa6107d40974882689466629f9195169c84121a5d31d071e4e97551edcae97,0.14297363028890098,0.12359131626932432,0.019382314019576657,0.5571919391227422,0.4363629937733006,0.12082894534944161,0.13728731423076682,0.08343832987259617,0.721102774800524,0.7714064546861974,0.7704299154459926,-0.000976539240204799,0.049327140645468615,0.7509771077610273,0.7844396321752503,0.7867946536130179,0.002355021437767668,0.035817545851990595
lightgbm,1,7150e10a,engagement,58,29,87,True,True,True,0.29770655734522455,0.4261182297979674,0.2832352311930217,311,135,446,16aa6107d40974882689466629f9195169c84121a5d31d071e4e97551edcae97,0.11313819054996715,0.10557254415095478,0.007565646399012374,0.3766789797518854,0.35240726973352,0.024271710018365422,0.10615616817884303,0.06692256887162885,0.7634512325830654,0.8419197332380612,0.7945456710730023,-0.047374062165058906,0.031094438489936982,0.7969134202470105,0.8520784198113207,0.8222115921230966,-0.02986682768822413,0.025298171876086073
xgboost,1,7150e10a,excitement,123,20,143,True,True,True,-2.0218186893095993,0.883068934565726,0.4999030850594863,320,82,402,391d7c318e625e81cf2e72fc210e438d1ba423387f7eb3f417a5aaf4445edd3b,0.06279992793192621,0.08655645743713615,-0.023756529505209942,0.26384835079020114,0.4246984677640225,-0.16085011697382134,0.0648571966184757,0.09442731863884729,0.8200457317073171,0.8200457317073171,0.7560975609756098,-0.06394817073170733,-0.06394817073170733,0.8636229330590179,0.8636229330590179,0.8092979127134725,-0.05432502034554543,-0.05432502034554543
lightgbm,1,7150e10a,excitement,123,20,143,True,True,True,-1.6763605889060305,0.8424220114612369,0.502767405597144,320,82,402,391d7c318e625e81cf2e72fc210e438d1ba423387f7eb3f417a5aaf4445edd3b,0.051581324002072416,0.079374512750709,-0.027793188748636587,0.18143498607262182,0.29982943757099956,-0.11839445149837774,0.048228474284266576,0.09230408898547131,0.8399009146341463,0.8338033536585365,0.7621951219512195,-0.071608231707317,-0.07770579268292677,0.8825769459620274,0.87752970361666,0.815281296023564,-0.06224840759309602,-0.06729564993846338
xgboost,1,7150e10a,stress,133,23,156,True,True,True,0.6359836604204909,0.3461550018704706,0.3050292002735659,219,187,406,d254197e7cb69f33b5d758827d99cd1239fc1524463bfcb4ba4233b39d05cc2e,0.2447934929102328,0.22278700011306715,0.022006492797165655,1.0513502130075443,0.8914951507886797,0.15985506221886459,0.2633288797781096,0.23893230108743768,0.6879471589382951,0.7131834053671282,0.7124020218299025,-0.0007813835372256772,0.024454862891607476,0.6696914700544465,0.7036015574302401,0.7014705882352941,-0.002130969194946042,0.031779118180847554
lightgbm,1,7150e10a,stress,133,23,156,True,True,True,-0.20172473016265274,0.5502608598164582,0.3355732136518871,219,187,406,d254197e7cb69f33b5d758827d99cd1239fc1524463bfcb4ba4233b39d05cc2e,0.21425605188105987,0.22553657978057765,-0.011280527899517778,0.6965561130429239,0.7472508610434322,-0.05069474800050833,0.2443958930355662,0.2581059340269724,0.6829902571240202,0.7372475764901227,0.6795350767953507,-0.05771249969477199,-0.003455180328669427,0.6640451703972575,0.7323878957355439,0.6577113309352518,-0.07467656480029206,-0.006333839462005719
xgboost,1,7150e10a,relaxation,84,13,97,True,True,True,5.503363038294465,0.004056528110407544,0.0891034217866035,205,181,386,eb82ec58b1b091b17fa711c53eba8e871a782db0ee64878721a8273d8b6582b1,0.3795637585610289,0.2256846745623378,0.15387908399869113,2.668614186357528,0.8360525082768198,1.8325616780807081,0.3887832941022745,0.2356750929763793,0.5859587656650047,0.5997709203611373,0.6998652472712572,0.10009432691011988,0.1139064816062525,0.5151241081298362,0.5378466975484488,0.683337472811157,0.14549077526270815,0.16821336468132075
lightgbm,1,7150e10a,relaxation,84,13,97,True,True,True,2.7231421390420243,0.06162152377031082,0.0674099326953409,205,181,386,eb82ec58b1b091b17fa711c53eba8e871a782db0ee64878721a8273d8b6582b1,0.35696077286607847,0.23109720518354376,0.1258635676825347,1.6323049213225613,0.7381691789915106,0.8941357423310508,0.37730034918138294,0.2600922556270046,0.5883977900552486,0.6660692629025737,0.6715941247810269,0.005524861878453136,0.08319633472577825,0.5169610387428927,0.6366620769057232,0.6442396313364055,0.0075775544306823095,0.12727859259351282
xgboost,1,7150e10a,interest,61,4,65,True,False,False,0.0,0.470158587952028,0.470158587952028,12,158,170,bd774c6fae6f611410a5b78c5b00041bc5ac386fc7fd00563d1ede423eaf5c12,0.7302155661619134,0.7302155661619134,0.0,5.178967735398781,5.178967735398781,0.0,0.760433593319626,0.760433593319626,0.5949367088607596,0.5949367088607596,0.5949367088607596,0.0,0.0,0.23852183650615902,0.23852183650615902,0.23852183650615902,0.0,0.0
lightgbm,1,7150e10a,interest,61,4,65,True,False,False,0.0,0.4147524225361843,0.4147524225361843,12,158,170,bd774c6fae6f611410a5b78c5b00041bc5ac386fc7fd00563d1ede423eaf5c12,0.6915133255120868,0.6915133255120868,0.0,2.9883670277152246,2.9883670277152246,0.0,0.7447038047746959,0.7447038047746959,0.6012658227848101,0.6044303797468354,0.6044303797468354,0.0,0.0031645569620253333,0.24842105263157893,0.2533117818616255,0.2533117818616255,0.0,0.0048907292300465754
xgboost,1,7150e10a,focus,119,10,129,True,True,True,-5.509399452148797,0.9959677865751578,0.8526435643434525,297,78,375,4be7ae15632de70c5b07ca2fc5f5dab3f5dee5c9f76dd2cd814e58e18675a538,0.28957455282053296,0.14424759070628554,0.14532696211424742,0.8821772003444455,0.672810053297502,0.20936714704694348,0.3343836299789449,0.14000401897031164,0.651968401968402,0.7150997150997151,0.608974358974359,-0.10612535612535612,-0.04299404299404297,0.5475722556510786,0.6905009272834963,0.6323824829248694,-0.0581184443586269,0.08481022727379084
lightgbm,1,7150e10a,focus,119,10,129,True,True,True,-3.6716122544885987,0.9751954849807468,0.7267390945834876,297,78,375,4be7ae15632de70c5b07ca2fc5f5dab3f5dee5c9f76dd2cd814e58e18675a538,0.23051872997337117,0.14209696279859885,0.08842176717477232,0.6572794835009613,0.5289173397809874,0.1283621437199739,0.2952169765729125,0.13212418932103057,0.6940559440559441,0.6901061901061901,0.5897435897435898,-0.10036260036260036,-0.1043123543123543,0.6026537196356275,0.6803134725403395,0.6035416941984935,-0.07677177834184601,0.0008879745628659341
xgboost,2,71a251fa,attention,71,11,82,False,False,False,0.0,0.5,0.5,58,90,148,7c5fac878092a5778df0bd74910856b8b352e29a98d6cf4407170cfa58a4872b,0.11470312638493624,0.11470312638493624,0.0,0.3901467989762936,0.3901467989762936,0.0,0.11619007955714308,0.11619007955714308,0.7998084291187739,0.7998084291187739,0.7998084291187739,0.0,0.0,0.8121350596598121,0.8121350596598121,0.8121350596598121,0.0,0.0
lightgbm,2,71a251fa,attention,71,11,82,False,False,False,0.0,0.5,0.5,58,90,148,7c5fac878092a5778df0bd74910856b8b352e29a98d6cf4407170cfa58a4872b,0.10428077533529528,0.10428077533529528,0.0,0.3284573751396865,0.3284573751396865,0.0,0.09719929300526073,0.09719929300526073,0.82816091954023,0.82816091954023,0.82816091954023,0.0,0.0,0.8421934501142423,0.8421934501142423,0.8421934501142423,0.0,0.0
xgboost,2,71a251fa,engagement,20,72,92,False,False,False,0.0,0.5,0.5,22,151,173,ce35642eb457c0a74a4ffefb4c249734833c1aca6af3a024d35aeba49a3a43c1,0.02691123945227015,0.02691123945227015,0.0,0.0984890508628312,0.0984890508628312,0.0,0.026389875879909624,0.026389875879909624,0.918573148705599,0.918573148705599,0.918573148705599,0.0,0.0,0.9105943152454781,0.9105943152454781,0.9105943152454781,0.0,0.0
lightgbm,2,71a251fa,engagement,20,72,92,False,False,False,0.0,0.5,0.5,22,151,173,ce35642eb457c0a74a4ffefb4c249734833c1aca6af3a024d35aeba49a3a43c1,0.0358611685362973,0.0358611685362973,0.0,0.1381837232164203,0.1381837232164203,0.0,0.06151008420074276,0.06151008420074276,0.8731186032510536,0.8731186032510536,0.8731186032510536,0.0,0.0,0.8804973520607875,0.8804973520607875,0.8804973520607875,0.0,0.0
xgboost,2,71a251fa,excitement,97,8,105,False,False,False,0.0,0.5,0.5,76,38,114,f15dcfb94e75190ad2bc98b8d8cfd82b50baf66946e70f352ceb2ddcf1e29e81,0.017200827546405097,0.017200827546405097,0.0,0.06492609111662724,0.06492609111662724,0.0,0.0464826278613991,0.0464826278613991,0.986842105263158,0.986842105263158,0.986842105263158,0.0,0.0,0.9805128205128205,0.9805128205128205,0.9805128205128205,0.0,0.0
lightgbm,2,71a251fa,excitement,97,8,105,False,False,False,0.0,0.5,0.5,76,38,114,f15dcfb94e75190ad2bc98b8d8cfd82b50baf66946e70f352ceb2ddcf1e29e81,0.024094135984705552,0.024094135984705552,0.0,0.10156366422496214,0.10156366422496214,0.0,0.0725929593171829,0.0725929593171829,0.9736842105263157,0.9736842105263157,0.9736842105263157,0.0,0.0,0.9614864864864865,0.9614864864864865,0.9614864864864865,0.0,0.0
xgboost,2,71a251fa,stress,6,1,7,False,False,False,0.0,0.5,0.5,37,36,73,31e6c65667860947a668c5d6c6b1cf8c99e81707980b236eecf7d2502b7d5404,0.1712321708124891,0.1712321708124891,0.0,0.49778348992910604,0.49778348992910604,0.0,0.20458449091130793,0.20458449091130793,0.7567567567567568,0.7567567567567568,0.7567567567567568,0.0,0.0,0.7392857142857143,0.7392857142857143,0.7392857142857143,0.0,0.0
lightgbm,2,71a251fa,stress,6,1,7,False,False,False,0.0,0.5,0.5,37,36,73,31e6c65667860947a668c5d6c6b1cf8c99e81707980b236eecf7d2502b7d5404,0.14972478396325992,0.14972478396325992,0.0,0.42618717064135436,0.42618717064135436,0.0,0.21892917680733387,0.21892917680733387,0.7293543543543544,0.7293543543543544,0.7293543543543544,0.0,0.0,0.7103174603174603,0.7103174603174603,0.7103174603174603,0.0,0.0
xgboost,2,71a251fa,relaxation,88,7,95,False,False,False,0.0,0.5,0.5,59,91,150,39ceedb484d08d7ea492c231d7e97c4b92d5d798771634b50c2312e3316efedb,0.10005417595454494,0.10005417595454494,0.0,0.35530567888220393,0.35530567888220393,0.0,0.09282103060271765,0.09282103060271765,0.8692493946731235,0.8692493946731235,0.8692493946731235,0.0,0.0,0.8625366568914956,0.8625366568914956,0.8625366568914956,0.0,0.0
lightgbm,2,71a251fa,relaxation,88,7,95,False,False,False,0.0,0.5,0.5,59,91,150,39ceedb484d08d7ea492c231d7e97c4b92d5d798771634b50c2312e3316efedb,0.10369208939557101,0.10369208939557101,0.0,0.33655616776629593,0.33655616776629593,0.0,0.1087691127123257,0.1087691127123257,0.8672005960141553,0.8672005960141553,0.8672005960141553,0.0,0.0,0.8511904761904763,0.8511904761904763,0.8511904761904763,0.0,0.0
xgboost,2,71a251fa,interest,70,7,77,False,False,False,0.0,0.5,0.5,60,104,164,4dd8b6d19252a82d4f167b0cff70e3399519b2bcdbd2e0b1c3bd919ac53cf06c,0.02811202530946753,0.02811202530946753,0.0,0.11228713857905019,0.11228713857905019,0.0,0.051857211074803206,0.051857211074803206,0.9618589743589744,0.9618589743589744,0.9618589743589744,0.0,0.0,0.9667841374002512,0.9667841374002512,0.9667841374002512,0.0,0.0
lightgbm,2,71a251fa,interest,70,7,77,False,False,False,0.0,0.5,0.5,60,104,164,4dd8b6d19252a82d4f167b0cff70e3399519b2bcdbd2e0b1c3bd919ac53cf06c,0.04871708018958129,0.04871708018958129,0.0,0.20208385596363196,0.20208385596363196,0.0,0.13143073193878693,0.13143073193878693,0.95,0.95,0.95,0.0,0.0,0.9596655189375307,0.9596655189375307,0.9596655189375307,0.0,0.0
xgboost,2,71a251fa,focus,70,3,73,False,False,False,0.0,0.5,0.5,128,21,149,f92e98d03ae2e253e673c0b65d49dd0d095fbaf2a9f0f0f95180fdaa3814e78e,0.31855183733534714,0.31855183733534714,0.0,1.0407769719244588,1.0407769719244588,0.0,0.3628807646615412,0.3628807646615412,0.6501116071428572,0.6501116071428572,0.6501116071428572,0.0,0.0,0.5273910004838449,0.5273910004838449,0.5273910004838449,0.0,0.0
lightgbm,2,71a251fa,focus,70,3,73,False,False,False,0.0,0.5,0.5,128,21,149,f92e98d03ae2e253e673c0b65d49dd0d095fbaf2a9f0f0f95180fdaa3814e78e,0.22832919765126816,0.22832919765126816,0.0,0.6678749551821671,0.6678749551821671,0.0,0.30695665261514277,0.30695665261514277,0.6415550595238095,0.6415550595238095,0.6415550595238095,0.0,0.0,0.5534465534465535,0.5534465534465535,0.5534465534465535,0.0,0.0
xgboost,2,71c09041,attention,46,15,61,True,True,True,5.507213877986816,0.004041000112672753,0.0008162317244568,33,78,111,91cb13b5813965b2c6c82a9598e4e599864df43ddad0794799de69e1ecc41c26,0.06386885241462105,0.12915916753070336,-0.06529031511608231,0.40639620328907655,0.5973370678877076,-0.19094086459863102,0.0722029400836528,0.13462172492968624,0.9376456876456877,0.7231934731934733,0.7837995337995338,0.06060606060606055,-0.15384615384615385,0.9263995453253766,0.748868778280543,0.8089500860585198,0.06008130777797682,-0.11744945926685679
lightgbm,2,71c09041,attention,46,15,61,True,True,True,2.6745110258887888,0.06449426168751425,0.0169496746286767,33,78,111,91cb13b5813965b2c6c82a9598e4e599864df43ddad0794799de69e1ecc41c26,0.06559839097050602,0.09101885771479104,-0.025420466744285025,0.30018835663694926,0.3002914760658163,-0.00010311942886703784,0.0958329403550396,0.09420298316997841,0.9376456876456877,0.7686480186480187,0.8292540792540792,0.06060606060606055,-0.10839160839160844,0.9263995453253766,0.7945563418617311,0.8499532078610794,0.055396865999348344,-0.07644633746429719
xgboost,2,71c09041,engagement,61,65,126,True,True,True,0.12418499663196869,0.4689935887858662,0.4965661708265543,211,119,330,6e745766811957cae6b9de0ef8c0dcbe32029cdc390319107eb41cbeb79b29a1,0.1965726473154401,0.19117665958211266,0.005395987733327445,0.7050612947010101,0.6786826725336743,0.026378622167335775,0.21569840479606323,0.20909911723554891,0.6567565414791509,0.6567565414791509,0.6567565414791509,0.0,0.0,0.6590696921793898,0.6590696921793898,0.6590696921793898,0.0,0.0
lightgbm,2,71c09041,engagement,61,65,126,True,True,True,-0.05581094667581715,0.5139491160595515,0.4992666305228483,211,119,330,6e745766811957cae6b9de0ef8c0dcbe32029cdc390319107eb41cbeb79b29a1,0.1490268763447281,0.15227168052099954,-0.003244804176271432,0.4382285618086496,0.4472142825846451,-0.008985720775995465,0.1582247345944297,0.16376709253942814,0.7029750288741089,0.7029750288741089,0.6903699868573021,-0.012605042016806789,-0.012605042016806789,0.716927182615326,0.716927182615326,0.7017317634582243,-0.015195419157101653,-0.015195419157101653
xgboost,2,71c09041,excitement,136,6,142,True,False,False,0.0,0.598562303930521,0.598562303930521,184,41,225,6f13884e342c6a4e5a57d05760b399fa04fdcf788a67dde54b292eced721c123,0.040160479441465814,0.040160479441465814,0.0,0.1444282489815591,0.1444282489815591,0.0,0.05731223633978516,0.05731223633978516,0.9524787910922587,0.9443928950159067,0.9443928950159067,0.0,-0.008085896076352017,0.9058689935453024,0.9281242013800153,0.9281242013800153,0.0,0.02225520783471291
lightgbm,2,71c09041,excitement,136,6,142,True,False,False,0.0,0.6096120631234296,0.6096120631234296,184,41,225,6f13884e342c6a4e5a57d05760b399fa04fdcf788a67dde54b292eced721c123,0.04176862735528325,0.04176862735528325,0.0,0.1644919244774841,0.1644919244774841,0.0,0.09706068898890347,0.09706068898890347,0.9728260869565217,0.959305408271474,0.959305408271474,0.0,-0.013520678685047693,0.9316856934661161,0.9424993611040122,0.9424993611040122,0.0,0.010813667637896152
xgboost,2,71c09041,relaxation,33,40,73,True,True,True,-4.477565422271205,0.9887665844259708,0.6821797490119934,159,177,336,ba1cfa56cf8aadc23e127a2a0dad65c99ce41364e5b40ffee4be3d8c9b56988a,0.18584330310563807,0.061809221483877,0.12403408162176108,0.755715586353941,0.2242221706073117,0.5314934157466293,0.22929960014430223,0.04599672198049779,0.7644707387272146,0.7930924208506556,0.9217567423515617,0.12866432150090612,0.15728600362434708,0.7591167614586818,0.7917668269230769,0.9222858769526385,0.13051905002956166,0.16316911549395674
lightgbm,2,71c09041,relaxation,33,40,73,True,True,True,-2.5259923996156193,0.9259440141069158,0.8119115748382257,159,177,336,ba1cfa56cf8aadc23e127a2a0dad65c99ce41364e5b40ffee4be3d8c9b56988a,0.16517037705595847,0.0562303149504883,0.10894006210547016,0.499642387820338,0.19888579925363073,0.3007565885667073,0.22960634724243212,0.05484737573291455,0.7641509433962264,0.8783178765590023,0.9186120882635114,0.040294211704509086,0.15446114486728502,0.7582664249330916,0.8811913504691963,0.919264552760152,0.03807320229095568,0.16099812782706036
xgboost,2,71c09041,interest,52,47,99,True,True,True,-0.3665085294685093,0.5906150474275863,0.4934646748006344,60,223,283,46c335c9765254bfb72e3cc9757e87f2b51e6984eda6040fbbfaeca75ac7308f,0.05923405481753327,0.07576910638469639,-0.016535051567163117,0.1971937513575696,0.2430028948340971,-0.04580914347652748,0.11190444566272433,0.1400826762613221,0.9295216741405082,0.9295216741405082,0.9244020926756352,-0.005119581464873013,-0.005119581464873013,0.8777903268668615,0.8777903268668615,0.8588028905734473,-0.01898743629341426,-0.01898743629341426
lightgbm,2,71c09041,interest,52,47,99,True,True,True,-0.6777396767542179,0.6632340301114622,0.5785554830432871,60,223,283,46c335c9765254bfb72e3cc9757e87f2b51e6984eda6040fbbfaeca75ac7308f,0.04463679733211166,0.08119176259448918,-0.03655496526237752,0.1901208288184392,0.2868339122039682,-0.096713083385529,0.12472834873106418,0.19246585250447198,0.9775784753363228,0.9641255605381166,0.9394618834080717,-0.024663677130044914,-0.03811659192825112,0.9500705716302047,0.9225718194254446,0.8759436949003945,-0.04662812452505016,-0.07412687672981022
xgboost,2,71c09041,focus,139,5,144,True,False,False,0.0,0.5036526499316096,0.5036526499316096,214,35,249,12098b5dc63762e029a92a83c682f153c4bea27b99e969e7639a597294f37735,0.08775528018559603,0.08775528018559603,0.0,0.29170318000687645,0.29170318000687645,0.0,0.05388629404537147,0.05388629404537147,0.6716955941255007,0.6716955941255007,0.6716955941255007,0.0,0.0,0.7092092092092092,0.7092092092092092,0.7092092092092092,0.0,0.0
lightgbm,2,71c09041,focus,139,5,144,True,False,False,0.0,0.5219678984043197,0.5219678984043197,214,35,249,12098b5dc63762e029a92a83c682f153c4bea27b99e969e7639a597294f37735,0.08311136182481739,0.08311136182481739,0.0,0.2666771396961666,0.2666771396961666,0.0,0.06943510322501009,0.06943510322501009,0.6026034712950601,0.5883177570093459,0.5883177570093459,0.0,-0.014285714285714235,0.6311111111111111,0.6123508043591075,0.6123508043591075,0.0,-0.018760306752003575
xgboost,5,71e10186,attention,15,48,63,True,True,True,0.37056519133467125,0.4084044584776239,0.5033498452976346,185,251,436,36d3d0ed6f708739c5e744fa82ed69d1f2d06e60621af4636d542b9db36149b5,0.0383592268080395,0.03975311674476455,-0.001393889936725047,0.14705953694957216,0.15421804536416248,-0.007158508414590314,0.022952123862388256,0.032571367985300345,0.942812533649187,0.942812533649187,0.9421018628189943,-0.0007106708301927167,-0.0007106708301927167,0.9456391519534235,0.9456391519534235,0.9455494198200546,-8.973213336893604e-05,-8.973213336893604e-05
lightgbm,5,71e10186,attention,15,48,63,True,True,True,0.4135712430260142,0.39805611400422136,0.5448245720580552,185,251,436,36d3d0ed6f708739c5e744fa82ed69d1f2d06e60621af4636d542b9db36149b5,0.052867493801458415,0.056960334822194134,-0.0040928410207357185,0.2129047106488303,0.22075393119012976,-0.007849220541299468,0.08986951660946492,0.08877553531458095,0.9435232044793798,0.9442338753095725,0.9399698503284161,-0.004264024981156411,-0.0035533541509636946,0.9457262389928938,0.9458107049255626,0.9452641001708451,-0.0005466047547175723,-0.0004621388220487077
xgboost,5,71e10186,engagement,4,136,140,True,False,False,0.0,0.5066858124919236,0.5066858124919236,277,174,451,0905a93420505ee04681b4d011a8db2f0efb95b149d0a482d1f352698e9dc8f4,0.04518517479646346,0.04518517479646346,0.0,0.14560123029673952,0.14560123029673952,0.0,0.02669952716384294,0.02669952716384294,0.9380368480019918,0.9351632847836009,0.9351632847836009,0.0,-0.00287356321839094,0.9329065287759635,0.9305270292474532,0.9305270292474532,0.0,-0.0023794995285102427
lightgbm,5,71e10186,engagement,4,136,140,True,False,False,0.0,0.5587976981098327,0.5587976981098327,277,174,451,0905a93420505ee04681b4d011a8db2f0efb95b149d0a482d1f352698e9dc8f4,0.05102798780339106,0.05102798780339106,0.0,0.18325713175544533,0.18325713175544533,0.0,0.06929398908672946,0.06929398908672946,0.9355678658865514,0.9349039379227353,0.9349039379227353,0.0,-0.0006639279638160911,0.9346376811594204,0.9386330332844882,0.9386330332844882,0.0,0.0039953521250678525
xgboost,5,71e10186,excitement,34,57,91,True,True,True,0.5955747038172032,0.3553567831562327,0.4997012725798413,181,244,425,16ce358ce1494c52ad85bde7e41f6ff7d8c904d64f4b8c46a5ce1fb53051b587,0.03674301061796089,0.04674799340723376,-0.010004982789272872,0.11372711563335258,0.14781957501413523,-0.03409245938078265,0.05059303915274491,0.064291365399654,0.9427022008876007,0.9427022008876007,0.9288900461914682,-0.013812154696132506,-0.013812154696132506,0.9486776959304433,0.9486776959304433,0.9361478365384616,-0.012529859391981701,-0.012529859391981701
lightgbm,5,71e10186,excitement,34,57,91,True,True,True,0.7220851379261328,0.32693398670852053,0.4894171614123871,181,244,425,16ce358ce1494c52ad85bde7e41f6ff7d8c904d64f4b8c46a5ce1fb53051b587,0.03319290915930586,0.04924163701961958,-0.016048727860313722,0.11974291458492654,0.16011094358150177,-0.040368028996575225,0.06583549483916915,0.08794803191205958,0.9475138121546962,0.9475138121546962,0.9226519337016574,-0.024861878453038777,-0.024861878453038777,0.9535655344132581,0.9535655344132581,0.9309520493895929,-0.022613485023665225,-0.022613485023665225
xgboost,5,71e10186,stress,99,27,126,True,True,True,0.07091273268405418,0.48227924211340695,0.4922423898242414,186,339,525,b69248164026cc699f21c0bf76f7e5e8fba079399a19a4efe7ef7f76ae1b17ec,0.04510559485629326,0.045154652433662096,-4.905757736883842e-05,0.1563909644829902,0.155674376723729,0.0007165877592612002,0.03060307905563,0.027987266960474346,0.9355552383671139,0.9370301646208012,0.9343419925777905,-0.0026881720430107503,-0.0012132457893233584,0.9318742160128033,0.9338624338624338,0.9317163340835011,-0.002146099778932764,-0.00015788192930221712
lightgbm,5,71e10186,stress,99,27,126,True,True,True,0.019711906311286387,0.49507218298355227,0.4444472093732138,186,339,525,b69248164026cc699f21c0bf76f7e5e8fba079399a19a4efe7ef7f76ae1b17ec,0.0528217218276948,0.05249770270504819,0.0003240191226466099,0.18722034328907183,0.1862301150585199,0.0009902282305519206,0.06394290992562579,0.0620558539794452,0.9437862784280141,0.9413597868493673,0.9437862784280141,0.0024264915786468277,0.0,0.9310768232786581,0.9307967867998264,0.9310768232786581,0.00028003647883179106,0.0
xgboost,5,71e10186,relaxation,118,8,126,True,False,False,0.0,0.4976013969717314,0.4976013969717314,275,242,517,f18975ab0bed24e8d5f4a308eee9b1d5e4beba365641180dbfc8cbff0e7037ae,0.0019271865850778661,0.0019271865850778661,0.0,0.009249428642786293,0.009249428642786293,0.0,0.007588393010278699,0.007588393010278699,0.9963636363636363,0.9963636363636363,0.9963636363636363,0.0,0.0,0.9961175693130275,0.9961175693130275,0.9961175693130275,0.0,0.0
lightgbm,5,71e10186,relaxation,118,8,126,True,False,False,0.0,0.4774673594594502,0.4774673594594502,275,242,517,f18975ab0bed24e8d5f4a308eee9b1d5e4beba365641180dbfc8cbff0e7037ae,0.008459136047583209,0.008459136047583209,0.0,0.04502262628169624,0.04502262628169624,0.0,0.034046576928945846,0.034046576928945846,0.9942975206611571,0.9942975206611571,0.9942975206611571,0.0,0.0,0.9941749760576869,0.9941749760576869,0.9941749760576869,0.0,0.0
xgboost,5,71e10186,interest,73,21,94,True,True,True,0.357413455883145,0.411585839220302,0.4887094622245058,182,270,452,15a29d244a55d88a70e12a90e70e064d4f54db08a65fd89cb943f7e363365eac,0.08688643701388006,0.08331487143921311,0.0035715655746669517,0.37432468726203516,0.34834030435678376,0.025984382905251402,0.0793205350130694,0.07123805947778983,0.9093813593813593,0.9112332112332112,0.9094424094424094,-0.0017908017908018214,6.105006105006083e-05,0.8947811572884008,0.8969693365840121,0.8967565098218364,-0.00021282676217571073,0.001975352533435615
lightgbm,5,71e10186,interest,73,21,94,True,True,True,0.4407880908277748,0.3915531990149128,0.4485553431786322,182,270,452,15a29d244a55d88a70e12a90e70e064d4f54db08a65fd89cb943f7e363365eac,0.10026175995632096,0.0916814481928331,0.008580311763487863,0.34004501185041636,0.30568511190749864,0.034359899942917715,0.09912497192115514,0.0671300390939176,0.8964183964183964,0.9020350020350021,0.891045991045991,-0.010989010989011061,-0.005372405372405353,0.8794904710180704,0.8880101484608829,0.8788011202256341,-0.009209028235248828,-0.0006893507924363718
xgboost,5,71e10186,focus,15,55,70,True,True,True,0.3661241863713205,0.40947788570763427,0.5059707416221499,166,253,419,250c92c8db6820c8f6670807a13255a61c0be6be0e739308a69ac0b5a7c98a00,0.06309998557862107,0.07032809670742562,-0.00722811112880456,0.20312568430446715,0.22873176703000808,-0.025606082725540935,0.06229650952264345,0.07748896172403355,0.8857326539359017,0.8857326539359017,0.8826253631125291,-0.003107290823372577,-0.003107290823372577,0.8967573427951903,0.8967573427951903,0.8958488690032314,-0.0009084737919589081,-0.0009084737919589081
lightgbm,5,71e10186,focus,15,55,70,True,True,True,0.600349172829836,0.35426381259704876,0.5259791918085607,166,253,419,250c92c8db6820c8f6670807a13255a61c0be6be0e739308a69ac0b5a7c98a00,0.07578001358802434,0.09369758548153474,-0.017917571893510398,0.25666340283044625,0.2946872758262136,-0.03802387299576737,0.08261638281498052,0.1135646303681381,0.8706724129720462,0.8887447021286727,0.8243606838420877,-0.06438401828658502,-0.04631172912995851,0.8830051935641998,0.8994802079168334,0.8409171348224225,-0.05856307309441089,-0.042088058741777346
xgboost,1,71f0603f,attention,81,19,100,True,True,True,-2.596790618627928,0.9306547434948126,0.6634548604488373,228,305,533,595ed4334245853a6b5b381c05dd115a0859ce688496b5a07eacb19f52a08d68,0.1983446841586001,0.2983279099279995,-0.09998322576939941,0.640588793482951,1.1122042346312087,-0.4716154411482577,0.14508432877674812,0.30742457131090545,0.7269053781995973,0.7122375611159045,0.6671052631578948,-0.04513229795800977,-0.05980011504170257,0.7221329701779957,0.699726768260049,0.6173642533936652,-0.0823625148663838,-0.10476871678433053
lightgbm,1,71f0603f,attention,81,19,100,True,True,True,-2.1816067300624207,0.8985855864573418,0.6132045821970098,228,305,533,595ed4334245853a6b5b381c05dd115a0859ce688496b5a07eacb19f52a08d68,0.18203313190858103,0.32475768197787513,-0.1427245500692941,0.5429418199253045,0.9874940165015125,-0.4445521965762079,0.09528973363898133,0.3525224270790912,0.7262870290480299,0.6979508196721311,0.5955708944492378,-0.1023799252228933,-0.13071613459879206,0.7252262573032421,0.6896931333425071,0.5022656991518937,-0.18742743419061347,-0.2229605581513484
xgboost,1,71f0603f,engagement,39,94,133,True,True,True,0.7946407708094783,0.31117307556222984,0.5167225860059261,328,296,624,b9e416d0ae782905233d16d9fb5ef741890087f7eab54551646b30d85e5ede93,0.14305772963257257,0.15255718457696693,-0.009499454944394359,0.5917247826442121,0.6240100136269119,-0.03228523098269975,0.09649118669746518,0.13209988307012466,0.8306690837178642,0.8288150955833882,0.8185975609756098,-0.010217534607778411,-0.012071522742254426,0.8299535189831764,0.8282923617772543,0.8156667822602397,-0.012625579517014596,-0.014286736722936677
lightgbm,1,71f0603f,engagement,39,94,133,True,True,True,0.9688455624373091,0.27511066589487193,0.4905642115260782,328,296,624,b9e416d0ae782905233d16d9fb5ef741890087f7eab54551646b30d85e5ede93,0.13463639097455155,0.1526403713979716,-0.018003980423420052,0.4562424265384186,0.49749161485541094,-0.041249188316992313,0.06313931169812118,0.12253222380980416,0.8354070533948583,0.8387854317732366,0.7967205009887937,-0.042064930784442955,-0.03868655240606467,0.8347487369354776,0.8379908229759778,0.7909709338280766,-0.04701988914790123,-0.04377780310740098
xgboost,1,71f0603f,excitement,43,52,95,True,True,True,-5.257078753229537,0.9948165049450542,0.9714453518390656,256,365,621,897a8c81caee2087a0f6590982f571d507fc215958f9a2d44b9d931f6a29f6b0,0.14757563333346596,0.08195901822932386,0.0656166151041421,0.5542831658693507,0.3623916273687431,0.19189153850060758,0.1546291350013075,0.07790174434815535,0.7829730308219178,0.8938677226027397,0.9104023972602739,0.01653467465753422,0.12742936643835612,0.7938586236458578,0.8950126796280642,0.8991228070175439,0.00411012738947969,0.10526418337168608
lightgbm,1,71f0603f,excitement,43,52,95,True,True,True,-3.434084223575293,0.9687529369677931,0.9395402440593406,256,365,621,897a8c81caee2087a0f6590982f571d507fc215958f9a2d44b9d931f6a29f6b0,0.1279912202508225,0.07537771161985862,0.05261350863096387,0.39028931576242676,0.28027957223322025,0.1100097435292065,0.14474416826695216,0.08527996754384388,0.7771136558219178,0.9196382705479452,0.9168450342465753,-0.0027932363013699613,0.13973137842465744,0.7877476538060479,0.9159485675614707,0.9041558869615488,-0.01179268059992189,0.11640823315550086
xgboost,1,71f0603f,stress,103,54,157,True,True,True,0.8529330140388984,0.29881795306435105,0.397569976747036,161,327,488,d787e18f302ccca0ab46a4a273d2012a1941ca8ae6a209be119a1ebbf97000a6,0.13990284127115502,0.14706867802792453,-0.007165836756769517,0.6189207017753223,0.6686923387153609,-0.04977163694003861,0.11431048341151723,0.12953069201458628,0.7941193230383499,0.7847550667654377,0.7707561684426463,-0.013998898322791442,-0.023363154595703595,0.8060413354531002,0.7988539258067759,0.7864528209720751,-0.012401104834700805,-0.019588514481025054
lightgbm,1,71f0603f,stress,103,54,157,True,True,True,0.545665483565386,0.366870633388166,0.3768631518817104,161,327,488,d787e18f302ccca0ab46a4a273d2012a1941ca8ae6a209be119a1ebbf97000a6,0.12548013015767126,0.13262007825708622,-0.0071399480994149556,0.4566794021931495,0.4855375860781156,-0.028858183884966082,0.07102243598044594,0.099625935776605,0.8050126312990293,0.7831310426045168,0.7831310426045168,0.0,-0.02188158869451251,0.815055986218777,0.7992840277248838,0.7992840277248838,0.0,-0.015771958493893123
xgboost,1,71f0603f,relaxation,66,23,89,True,True,True,-0.7015719524116046,0.6685362020632729,0.5017334278672934,240,430,670,f6dec376ee7a2d1be5c34360ae3918569adc5173430d48815d0c80b19b8ec8a5,0.11153422693615882,0.11338113282122848,-0.0018469058850696662,0.46453725125905604,0.45281021151263456,0.011727039746421475,0.08907879276101816,0.08853675595881197,0.8433624031007751,0.8433624031007751,0.8381782945736433,-0.005184108527131803,-0.005184108527131803,0.8527840199750312,0.8527840199750312,0.8400424864306526,-0.01274153354437857,-0.01274153354437857
lightgbm,1,71f0603f,relaxation,66,23,89,True,True,True,-0.23984731034260348,0.5596760209583862,0.4916369961428868,240,430,670,f6dec376ee7a2d1be5c34360ae3918569adc5173430d48815d0c80b19b8ec8a5,0.10869255829819355,0.10978710710585107,-0.001094548807657525,0.3667972798967855,0.36450125030053354,0.0022960295962519695,0.06461766223138109,0.05858266725883837,0.8296511627906977,0.8298934108527132,0.8277616279069767,-0.00213178294573646,-0.0018895348837210113,0.8359707106452116,0.8371139953957292,0.8310644579301296,-0.006049537465599553,-0.004906252715081938
xgboost,1,71f0603f,interest,103,47,150,True,True,True,2.048541865419004,0.11419980060166661,0.0649886596947908,278,388,666,f6eff89343b13c9acdd70afb4d74011f571d713196caed9bfd5922101df857ad,0.15478790009200635,0.14932736934071458,0.00546053075129177,0.5478089080463842,0.5536562855005046,-0.00584737745412045,0.13273307767683962,0.1021353271731526,0.8159441518949788,0.7591504116294594,0.7778591559741896,0.018708744344730244,-0.03808499592078918,0.8075875765206888,0.76707221788146,0.7847758141688532,0.017703596287393264,-0.022811762351835574
lightgbm,1,71f0603f,interest,103,47,150,True,True,True,0.8370855126930359,0.3021489635317111,0.1691880705303872,278,388,666,f6eff89343b13c9acdd70afb4d74011f571d713196caed9bfd5922101df857ad,0.13952379100540716,0.13623399979307577,0.003289791212331389,0.43111893453125555,0.4283706837182685,0.002748250812987074,0.058914810759885104,0.05276560585651337,0.8044296521545651,0.7496755173181042,0.7963546688422458,0.04667915152414159,-0.008074983312319262,0.8011739417989419,0.7573009140693802,0.8027100374589098,0.045409123389529626,0.0015360956599679287
xgboost,1,71f0603f,focus,38,61,99,True,True,True,-3.9990135075024975,0.9819963576229918,0.9785388261079788,302,339,641,c782f2fde0942647968fc529161733ded7f9b917e78e60f5862de7c4515e4f59,0.18992591288560506,0.1615863269119791,0.028339585973625958,0.7755392526441087,0.6593858941559146,0.11615335848819408,0.1914664684663081,0.13049347057524066,0.762615014944617,0.7960645841880092,0.8019349860321554,0.0058704018441462225,0.039319971087538375,0.7616590603479891,0.7924611897823901,0.7969304402074316,0.004469250425041538,0.03527137985944251
lightgbm,1,71f0603f,focus,38,61,99,True,True,True,-2.5923481274065914,0.930367491603945,0.958327489757504,302,339,641,c782f2fde0942647968fc529161733ded7f9b917e78e60f5862de7c4515e4f59,0.15887920988186005,0.1508978695100155,0.007981340371844559,0.5087781737595252,0.5116896343839791,-0.00291146062445391,0.13096904872032894,0.1414691080528408,0.7811883412451894,0.7637089999804645,0.8102131317275196,0.046504131747055144,0.0290247904823302,0.7817423785755182,0.749098242067503,0.80461939492364,0.05552115285613701,0.02287701634812178
xgboost,3,71f21142,attention,46,39,85,True,True,True,-2.8020711678647316,0.9427876435455904,0.8897541910409927,105,138,243,fea1489cdf339c287bb1cd782a1989662353ec2522b080eeedf983247f9def48,0.1847300065438381,0.13736137749731508,0.047368629046523,0.5802250456729551,0.46004197325591195,0.12018307241704312,0.17743470118651655,0.09665374489598753,0.717287784679089,0.8128364389233955,0.8198757763975155,0.00703933747412,0.10258799171842647,0.7195457930007445,0.8089883800410116,0.8137931034482759,0.004804723407264344,0.09424731044753143
lightgbm,3,71f21142,attention,46,39,85,True,True,True,-1.8338108366206542,0.8622150803502271,0.8345787313223489,105,138,243,fea1489cdf339c287bb1cd782a1989662353ec2522b080eeedf983247f9def48,0.18792046436034365,0.1517722329477471,0.03614823141259654,0.556036908102763,0.46200760681281566,0.0940293012899473,0.1876968361895432,0.08908983934128265,0.6721532091097309,0.7779503105590062,0.7945134575569358,0.0165631469979296,0.12236024844720494,0.6659826147561614,0.7724137931034483,0.7855688297583492,0.01315503665490092,0.1195862150021878
xgboost,3,71f21142,engagement,115,6,121,True,False,False,0.0,0.226293496787548,0.226293496787548,116,71,187,07ad8f6f517f48a907dba4d0390b7d7af4ac88b3a5fe0d5784f97e52e4e5584c,0.27260441414655284,0.27260441414655284,0.0,1.041569469906756,1.041569469906756,0.0,0.2543066937148511,0.2543066937148511,0.5840820786789703,0.5816537153958232,0.5816537153958232,0.0,-0.002428363283147106,0.5570613132450588,0.575,0.575,0.0,0.017938686754941147
lightgbm,3,71f21142,engagement,115,6,121,True,False,False,0.0,0.2716350829052082,0.2716350829052082,116,71,187,07ad8f6f517f48a907dba4d0390b7d7af4ac88b3a5fe0d5784f97e52e4e5584c,0.22997979639165017,0.22997979639165017,0.0,0.7147788590855736,0.7147788590855736,0.0,0.17587479803499242,0.17587479803499242,0.6013234579893152,0.6438805245264692,0.6438805245264692,0.0,0.042557066537153965,0.5731106572149465,0.6466936572199731,0.6466936572199731,0.0,0.0735830000050266
xgboost,3,71f21142,excitement,116,22,138,True,True,True,0.7109120136186486,0.3293973498475222,0.499620209877321,165,97,262,7a9df755593ef4ba68e9613233034cec2e6b2f603aee0ad5c8b99017b15ed4dd,0.08599512279790701,0.0764253561805025,0.00956976661740451,0.44058791680535586,0.3782869544418852,0.06230096236347066,0.09624515516294675,0.0798754226610515,0.8577944392377381,0.8577944392377381,0.8835676351140269,0.02577319587628879,0.02577319587628879,0.8773408239700375,0.8773408239700375,0.9007624787971609,0.023421654827123328,0.023421654827123328
lightgbm,3,71f21142,excitement,116,22,138,True,True,True,0.27901206742731466,0.43069599751553317,0.4936548117920112,165,97,262,7a9df755593ef4ba68e9613233034cec2e6b2f603aee0ad5c8b99017b15ed4dd,0.08570483013409883,0.08101062592109932,0.0046942042129995,0.34095196517103266,0.3167806166822647,0.024171348488767952,0.09128379045282717,0.08188323360003956,0.8681037175882537,0.8681037175882537,0.8732583567635114,0.005154639175257714,0.005154639175257714,0.886806247922898,0.886806247922898,0.8914898199228003,0.004683571999902325,0.004683571999902325
xgboost,3,71f21142,relaxation,32,69,101,True,True,True,2.3283476640494145,0.08880227357048821,0.3691341408994049,146,111,257,e84cbe38009098df945a2010229dc466e3ec0b40646d449ab40bca5a378b3859,0.10552380676706055,0.18585290432163798,-0.08032909755457743,0.3203436372432187,0.6173870092893419,-0.2970433720461232,0.07249072422114701,0.22472059279844223,0.8480809576699988,0.8567197334320622,0.7808219178082192,-0.07589781562384301,-0.06725903986177961,0.8461526654284793,0.8477973668625575,0.7477610109189057,-0.10003635594365179,-0.09839165450957366
lightgbm,3,71f21142,relaxation,32,69,101,True,True,True,2.3276214266891877,0.08886105565619329,0.2699676340330921,146,111,257,e84cbe38009098df945a2010229dc466e3ec0b40646d449ab40bca5a378b3859,0.0904615680631839,0.17492861494931541,-0.08446704688613152,0.2941832302103781,0.5292152766251278,-0.23503204641474967,0.06658817451783196,0.2311975999844089,0.8790879921016908,0.8577995804023202,0.766043440700975,-0.09175613970134522,-0.11304455140071579,0.8834248353745326,0.8479174569456035,0.7315019665683382,-0.11641549037726528,-0.15192286880619443
xgboost,3,71f21142,interest,21,13,34,True,True,True,1.3776482252918294,0.2013869706732234,0.2417027931660413,17,119,136,cf443d911e229a2b1af0805c6eaf7996f470b726eb20939238d5d3b172b0c7ba,0.146197303780386,0.07035298594125951,0.0758443178391265,0.44995669642163266,0.23069961044893952,0.21925708597269314,0.22070239544058604,0.11042485790843597,0.8487394957983193,0.8907563025210083,0.8949579831932772,0.004201680672268893,0.04621848739495793,0.6866359447004609,0.8102073365231259,0.820452929826343,0.01024559330321706,0.13381698512588214
lightgbm,3,71f21142,interest,21,13,34,True,True,True,0.5520716970399633,0.36538389314307945,0.3299196721329275,17,119,136,cf443d911e229a2b1af0805c6eaf7996f470b726eb20939238d5d3b172b0c7ba,0.17268767095893203,0.11574778798403643,0.056939882974895606,0.5057868926144885,0.3636562247985555,0.14213066781593298,0.2982226249954305,0.21779042258892026,0.8403361344537815,0.8361344537815125,0.8613445378151261,0.025210084033613578,0.021008403361344574,0.6411111111111112,0.7386290839205637,0.746606334841629,0.007977250921065271,0.10549522373051778
xgboost,3,71f21142,focus,129,9,138,True,False,False,0.0,0.2303384644910693,0.2303384644910693,93,123,216,9ed04541354f10d54b6c50fd2fbc3916a0bad783d21f273e06fcae28e071f872,0.23012070286790454,0.23012070286790454,0.0,0.9141352842833583,0.9141352842833583,0.0,0.23534725814217247,0.23534725814217247,0.7495410437975347,0.7647521636506688,0.7647521636506688,0.0,0.015211119853134059,0.7198201314424075,0.75,0.75,0.0,0.03017986855759247
lightgbm,3,71f21142,focus,129,9,138,True,False,False,0.0,0.1749216846903118,0.1749216846903118,93,123,216,9ed04541354f10d54b6c50fd2fbc3916a0bad783d21f273e06fcae28e071f872,0.21839762206319996,0.21839762206319996,0.0,0.6917233961724344,0.6917233961724344,0.0,0.23129897701248395,0.23129897701248395,0.7292158405455023,0.7757671125098349,0.7757671125098349,0.0,0.04655127196433262,0.6949881601529404,0.7678018575851393,0.7678018575851393,0.0,0.0728136974321989
xgboost,4,8030618f,attention,25,81,106,True,True,True,2.0220615322996247,0.11690599223890936,0.3812140524387359,130,76,206,a0fc97f917cb0d9a9d56b34554d3c265f479e0cb5d73e10e98be1a9d1bdc57ea,0.14772456184848254,0.24491261860746222,-0.09718805675897968,0.48665924958990875,0.8258706187740692,-0.33921136918416045,0.09560447771737812,0.27673263941566795,0.7804655870445344,0.8007085020242914,0.7198380566801619,-0.08087044534412957,-0.06062753036437252,0.7716017444009166,0.7811262436008886,0.6596809213631644,-0.1214453222377242,-0.11192082303775219
lightgbm,4,8030618f,attention,25,81,106,True,True,True,1.4914452853259759,0.18370489709502746,0.4236496071411312,130,76,206,a0fc97f917cb0d9a9d56b34554d3c265f479e0cb5d73e10e98be1a9d1bdc57ea,0.1276501895339183,0.22739303155975887,-0.09974284202584058,0.4076533206889187,0.6670194589987132,-0.2593661383097945,0.06906179523573805,0.2878825884422536,0.8298582995951418,0.8149797570850202,0.7082995951417004,-0.10668016194331986,-0.12155870445344141,0.8215832322882384,0.7957288315960045,0.6446177478435543,-0.1511110837524502,-0.17696548444468407
xgboost,4,8030618f,engagement,21,37,58,True,True,True,-2.166749262048043,0.8972235917350792,0.9167602956295012,165,17,182,7f942bb4421a8a1df4b0df11ee43bc50e11c204c21af00ba2e149accce5c20d9,0.33303930143011884,0.15550872102889512,0.17753058040122371,1.0875251104110768,0.47552002908741636,0.6120050813236604,0.4050824142569571,0.16902647498392775,0.6905525846702317,0.65650623885918,0.6413547237076649,-0.015151515151515138,-0.04919786096256684,0.4884615384615385,0.6009522019670488,0.577922077922078,-0.023030124044970846,0.08946053946053945
lightgbm,4,8030618f,engagement,21,37,58,True,True,True,-1.465026705821499,0.8123002926417187,0.8852214502023776,165,17,182,7f942bb4421a8a1df4b0df11ee43bc50e11c204c21af00ba2e149accce5c20d9,0.3159242356248675,0.14429094605341647,0.17163328957145102,0.8921549930293908,0.4368174840531067,0.4553375089762841,0.4314684727017677,0.1965436537235328,0.6775401069518716,0.6401069518716578,0.6119429590017825,-0.028163992869875254,-0.06559714795008909,0.4444177671068427,0.6364741641337386,0.5609296852015299,-0.07554447893220873,0.11651191809468714
xgboost,4,8030618f,excitement,66,23,89,True,True,True,0.057143921054032765,0.4857179059538027,0.4959990923525765,51,74,125,15ec32f2483a6678b7b1cf725124f4b765e5c5fcb9b0902ae636eea53dbbbee8,0.18761708841671998,0.18598902252978666,0.0016280658869333164,0.8903611941963325,0.8785021371195273,0.011859057076805235,0.21401891172514298,0.21536787273720018,0.8145204027556969,0.8145204027556969,0.8145204027556969,0.0,0.0,0.7839446898405993,0.7839446898405993,0.7839446898405993,0.0,0.0
lightgbm,4,8030618f,excitement,66,23,89,True,True,True,-0.12868431631218846,0.5321267573123506,0.4860823884764187,51,74,125,15ec32f2483a6678b7b1cf725124f4b765e5c5fcb9b0902ae636eea53dbbbee8,0.16135502123454867,0.16768709333827322,-0.006332072103724551,0.5381875886442231,0.5646782236366962,-0.02649063499247306,0.20138426484212305,0.21032791587358513,0.8280339162692103,0.8280339162692103,0.8212771595124536,-0.006756756756756688,-0.006756756756756688,0.8,0.8,0.7919866871479775,-0.008013312852022558,-0.008013312852022558
xgboost,4,8030618f,stress,16,45,61,True,True,True,3.4600789660897497,0.030469700417379123,0.4206368552404456,1,124,125,728dbc5d626fcb6deea620edfcf96387f659728e1ab3014ba61507aaa961ea8b,0.49461259111984535,0.13373172023211666,0.3608808708877287,1.8141412370384187,0.39085935997598364,1.423281877062435,0.58307820586022,0.23109514081249455,0.685483870967742,0.7096774193548387,0.8951612903225806,0.18548387096774188,0.20967741935483863,0.28308823529411764,0.308968058968059,0.4771557271557271,0.16818766818766812,0.1940674918616095
lightgbm,4,8030618f,stress,16,45,61,True,True,True,2.08602482854449,0.11046257264842278,0.3908876558926457,1,124,125,728dbc5d626fcb6deea620edfcf96387f659728e1ab3014ba61507aaa961ea8b,0.4346654101889815,0.13166322154872467,0.30300218864025685,1.262843021522925,0.3885096964751571,0.8743333250477678,0.5692017973489768,0.267378847872572,0.689516129032258,0.7096774193548387,0.8870967741935484,0.17741935483870963,0.19758064516129037,0.2875120290176919,0.308968058968059,0.46969696969696967,0.16072891072891066,0.18218494067927776
xgboost,4,8030618f,relaxation,14,54,68,True,True,True,0.5785562727440037,0.35926486290102044,0.5238740844652057,108,75,183,302eb6acec0f17da0f9503b266b44ee0a9bf3057decbb115f6f8ebc8d7b2e7ee,0.1335254440821874,0.12835623499871815,0.0051692090834692395,0.40968153548609887,0.3929165280447653,0.01676500744133358,0.07451180080624721,0.07609286556952927,0.7911111111111111,0.7844444444444445,0.8151851851851852,0.030740740740740735,0.024074074074074137,0.7970082084112446,0.7906178489702517,0.8176836861768368,0.027065837206585175,0.0206754777655922
lightgbm,4,8030618f,relaxation,14,54,68,True,True,True,0.861301923675208,0.2970674082761882,0.4971201023959228,108,75,183,302eb6acec0f17da0f9503b266b44ee0a9bf3057decbb115f6f8ebc8d7b2e7ee,0.11289917859606037,0.10543881907952943,0.007460359516530943,0.34635687994168524,0.3336115958817224,0.012745284059962836,0.08094964897480791,0.052285046298675905,0.8229629629629629,0.8229629629629629,0.847962962962963,0.025000000000000133,0.025000000000000133,0.8308418066490295,0.8308418066490295,0.8435897435897436,0.012747936940714077,0.012747936940714077
xgboost,4,8030618f,interest,40,33,73,True,True,True,0.6687285320292595,0.3387816021830811,0.3501079976558685,43,104,147,56486f0282116bf1baa8ed512a5c19d2c38d6a4ea75b1a202aa56ce29a22108d,0.21884277960543952,0.1762776158447695,0.042565163760670016,0.699021745134655,0.549428739789699,0.149593005344956,0.2631239432740171,0.18414655631138319,0.7748211091234347,0.7996422182468694,0.7880143112701252,-0.011627906976744207,0.013193202146690508,0.6944444444444444,0.7421052631578948,0.7340732410893267,-0.008032022068568123,0.03962879664488228
lightgbm,4,8030618f,interest,40,33,73,True,True,True,0.47538513551797557,0.38334244881287743,0.3456068144072719,43,104,147,56486f0282116bf1baa8ed512a5c19d2c38d6a4ea75b1a202aa56ce29a22108d,0.21171109766092353,0.16394725917022446,0.04776383849069907,0.614003386721981,0.49093864815697313,0.12306473856500783,0.2963360067930621,0.23768401363749295,0.7816413237924866,0.8180903398926656,0.8084749552772809,-0.009615384615384692,0.02683363148479423,0.6955948795180723,0.7515572939301753,0.7388235294117647,-0.012733764518410684,0.04322864989369235
xgboost,4,8030618f,focus,103,12,115,True,True,True,-1.3965753387179665,0.8016398840878057,0.4254754004068672,52,115,167,70aef016ec525db6a9f5449da9e2cca52fcfd26a686fcc930a15aefe5d210d83,0.2806916228585815,0.382582645442416,-0.10189102258383448,0.993614038870583,1.522516900820584,-0.5289028619500011,0.3126383378190647,0.44099469320064255,0.732943143812709,0.745066889632107,0.6565217391304348,-0.08854515050167222,-0.07642140468227421,0.6458939802336028,0.6683277362510381,0.5225636014909709,-0.14576413476006722,-0.12333037874263186
lightgbm,4,8030618f,focus,103,12,115,True,True,True,-1.4515937539401529,0.8102435930879953,0.4565895837216459,52,115,167,70aef016ec525db6a9f5449da9e2cca52fcfd26a686fcc930a15aefe5d210d83,0.28663619933974044,0.4244870767305922,-0.13785087739085178,0.8555992631332294,1.4388403036744382,-0.5832410405412087,0.30934377153304987,0.4859658592220231,0.6963210702341137,0.7137123745819398,0.6077759197324415,-0.10593645484949832,-0.08854515050167222,0.6102753742864324,0.6334160998956422,0.45582689561747153,-0.17758920427817065,-0.1544484786689609
xgboost,5,8191f1d9,attention,58,19,77,True,True,True,-1.4797312208021105,0.814531979764679,0.4623711332678795,94,337,431,33d4e3638a3dab0d04624a4ae5b8823cabbc1b38c497e63483e6a1632c682482,0.1266508320465849,0.1913017784099383,-0.06465094636335342,0.4059010097287915,0.5970430800315812,-0.19114207030278973,0.07639781062445561,0.21677983411309162,0.74445987751752,0.730601679398952,0.7567554769871836,0.026153797588231553,0.012295599469663632,0.7463415410065535,0.7405006392016166,0.6789810814836883,-0.061519557717928275,-0.06736045952286518
lightgbm,5,8191f1d9,attention,58,19,77,True,True,True,-0.5290689831093445,0.6292659408942433,0.365472007878457,94,337,431,33d4e3638a3dab0d04624a4ae5b8823cabbc1b38c497e63483e6a1632c682482,0.1392956329460623,0.18292866216265086,-0.04363302921658857,0.43340486148764934,0.5417833457510179,-0.1083784842633686,0.16300837522652076,0.2512718954194405,0.7786160742471115,0.7456910158469601,0.7650419849737988,0.019350969126838757,-0.013574089273312717,0.7482620092312953,0.7572554996024383,0.6863934028619937,-0.07086209674044464,-0.06186860636930158
xgboost,5,8191f1d9,engagement,13,97,110,True,True,True,0.9766209673264958,0.27356277188243483,0.5,490,23,513,4e471f685c421c8f5f228c83cb601ac1b1acb50313bead70a1edf37a7dc073ee,0.4219662426623333,0.5454641260817329,-0.1234978834193996,1.4353375796711991,2.0134793133579323,-0.5781417336867332,0.5342117757723502,0.6470077808013922,0.7071428571428572,0.7071428571428572,0.639795918367347,-0.06734693877551023,-0.06734693877551023,0.361998361998362,0.361998361998362,0.2761449077238551,-0.08585345427450691,-0.08585345427450691
lightgbm,5,8191f1d9,engagement,13,97,110,True,True,True,0.2761984890123672,0.43138601246857866,0.8753324068440369,490,23,513,4e471f685c421c8f5f228c83cb601ac1b1acb50313bead70a1edf37a7dc073ee,0.39430806258577233,0.4443949430608067,-0.050086880475034345,1.1087811510147132,1.26722577794709,-0.1584446269323767,0.5511462829742125,0.5958472710844767,0.689795918367347,0.7879325643300799,0.6581632653061225,-0.1297692990239574,-0.031632653061224536,0.3408622147083686,0.5942052980132451,0.30067753158762134,-0.2935277664256237,-0.040184683120747244
xgboost,5,8191f1d9,excitement,17,91,108,True,True,True,-5.1854237968303565,0.9944335944280516,0.9996993541717528,215,224,439,c25903cf3f166704e486ca4d88271b56382ad84acfd8c26cb481102ac457cd3a,0.21389608991845316,0.1179643771266246,0.09593171279182856,1.1738354913960296,0.4318635152628146,0.7419719761332151,0.23872521940422203,0.10693882977154567,0.7466985049833887,0.8511835548172757,0.8527512458471761,0.0015676910299003977,0.10605274086378735,0.7337543469189038,0.8491691654172913,0.8530543933054393,0.003885227888148046,0.11930004638653546
lightgbm,5,8191f1d9,excitement,17,91,108,True,True,True,-2.7219242932578576,0.9383080175280122,0.9931080910285404,215,224,439,c25903cf3f166704e486ca4d88271b56382ad84acfd8c26cb481102ac457cd3a,0.19598418290986375,0.1055627013102008,0.09042148159966294,0.7290154241022533,0.3255001021226737,0.40351532197957957,0.22749047037781156,0.09001820183684144,0.7584198504983388,0.8922965116279069,0.8480066445182725,-0.04428986710963445,0.08958679401993364,0.7481353987378083,0.8902454268927873,0.8482019363762103,-0.042043490516576965,0.10006653763840201
xgboost,5,8191f1d9,stress,112,36,148,True,True,True,-7.309766080401088,0.9993314737065996,0.9967247545719148,327,171,498,41abc9a941ba8a76dd995cd9a2d605ed079d4e019262f713e3b6e20ee4392c22,0.5381496847977866,0.181055753027193,0.35709393177059356,2.8720279402329485,0.6100664983278927,2.261961441905056,0.5625451368146042,0.11304749070531644,0.5519877675840978,0.7340522560223188,0.6957454799077204,-0.03830677611459843,0.14375771232362256,0.3634741640674417,0.7065092883111709,0.703884778012685,-0.0026245102984858715,0.3404106139452433
lightgbm,5,8191f1d9,stress,112,36,148,True,True,True,-5.274681372697261,0.994906488987435,0.9776550789395592,327,171,498,41abc9a941ba8a76dd995cd9a2d605ed079d4e019262f713e3b6e20ee4392c22,0.49827895903242164,0.161127978916639,0.33715098011578265,1.8122705549963587,0.5082806604424095,1.3039898945539492,0.5426121042513523,0.11429106747917549,0.5383604270615376,0.7367884543162186,0.6923118193036107,-0.0444766350126079,0.1539513922420731,0.341266946452506,0.7208188227299754,0.7078213005632361,-0.012997522166739328,0.3665543541107301
xgboost,5,8191f1d9,relaxation,0,155,155,True,False,False,0.0,0.5,0.5,174,300,474,39a52191af434b95c0b1f32fbcf1c51a40c23e57bf5e7246ad367a1cc3b4380c,0.19522731247120945,0.19522731247120945,0.0,0.8871437513748042,0.8871437513748042,0.0,0.22040951936024972,0.22040951936024972,0.6834482758620689,0.6834482758620689,0.6834482758620689,0.0,0.0,0.6912088363548863,0.6912088363548863,0.6912088363548863,0.0,0.0
lightgbm,5,8191f1d9,relaxation,0,155,155,True,False,False,0.0,0.5,0.5,174,300,474,39a52191af434b95c0b1f32fbcf1c51a40c23e57bf5e7246ad367a1cc3b4380c,0.17827911133427501,0.17827911133427501,0.0,0.5942188858569136,0.5942188858569136,0.0,0.2092064490914613,0.2092064490914613,0.684655172413793,0.684655172413793,0.684655172413793,0.0,0.0,0.6928815340162857,0.6928815340162857,0.6928815340162857,0.0,0.0
xgboost,5,8191f1d9,interest,58,82,140,True,True,True,-6.505299857558283,0.998506740900597,0.5,539,9,548,8f614b1580ad657fa73584bcaf860bcc890f957249125aa8ff4755562e48fbe9,0.8557329806655566,0.289869120997344,0.5658638596682126,5.412372225266322,0.9510250357479637,4.461347189518358,0.8903481336616416,0.3849616409470671,0.538961038961039,0.538961038961039,0.5255617398474541,-0.01339929911358484,-0.01339929911358484,0.08976488478184583,0.08976488478184583,0.39320831738742185,0.30344343260557605,0.30344343260557605
lightgbm,5,8191f1d9,interest,58,82,140,True,True,True,-3.993026148760344,0.9818901979994848,0.987388889742176,539,9,548,8f614b1580ad657fa73584bcaf860bcc890f957249125aa8ff4755562e48fbe9,0.7742890878975928,0.19713348942077896,0.5771555984768137,3.0602619345612303,0.5636873964620853,2.496574538099145,0.8459721066018489,0.3395523918318673,0.5463821892393321,0.6034838177695321,0.6700680272108843,0.06658420944135224,0.12368583797155219,0.10264112275343829,0.45873528647283796,0.4325185849411356,-0.026216701531702358,0.3298774621876973
xgboost,5,8191f1d9,focus,122,6,128,True,False,False,0.0,0.3968671001493931,0.3968671001493931,230,181,411,6a4a435140886ec169a5e2d972ad000127bac320ecbb88e4b78cafeb4027395d,0.19057397351791647,0.19057397351791647,0.0,0.6470003788097514,0.6470003788097514,0.0,0.15588450438250823,0.15588450438250823,0.7556689887100648,0.7597886139803027,0.7597886139803027,0.0,0.004119625270237903,0.7468852148372732,0.7468852148372732,0.7468852148372732,0.0,0.0
lightgbm,5,8191f1d9,focus,122,6,128,True,False,False,0.0,0.6523476240265496,0.6523476240265496,230,181,411,6a4a435140886ec169a5e2d972ad000127bac320ecbb88e4b78cafeb4027395d,0.16259852407364106,0.16259852407364106,0.0,0.4907760955555717,0.4907760955555717,0.0,0.08980802117471762,0.08980802117471762,0.7549003122748018,0.7705741052125872,0.7705741052125872,0.0,0.01567379293778537,0.7489101229559245,0.771765898884543,0.771765898884543,0.0,0.022855775928618427
xgboost,5,81e150c1,attention,77,1,78,True,False,False,0.0,0.5,0.5,165,45,210,6654403cbb75e8273b8b6b98465ff10e776f43cd40d699f74383397b51b2c6ea,0.12429556986502391,0.12429556986502391,0.0,0.41350958542637306,0.41350958542637306,0.0,0.06805905911439497,0.06805905911439497,0.7515151515151515,0.7515151515151515,0.7515151515151515,0.0,0.0,0.7556133625410734,0.7556133625410734,0.7556133625410734,0.0,0.0
lightgbm,5,81e150c1,attention,77,1,78,True,False,False,0.0,0.5,0.5,165,45,210,6654403cbb75e8273b8b6b98465ff10e776f43cd40d699f74383397b51b2c6ea,0.13122626825504327,0.13122626825504327,0.0,0.40451379681645777,0.40451379681645777,0.0,0.05591395985782669,0.05591395985782669,0.6595959595959596,0.6595959595959596,0.6595959595959596,0.0,0.0,0.6711460723260133,0.6711460723260133,0.6711460723260133,0.0,0.0
xgboost,5,81e150c1,engagement,11,86,97,True,True,True,4.248302136146545,0.014087188788267294,0.1997781507670879,72,171,243,b9b21e1f06cea130f669aa583ab532190e4b40e20775591068c52b1645dc6d66,0.15676750019081676,0.09153278531469451,0.06523471487612224,0.5218854443570657,0.3518016319176985,0.17008381243936727,0.19110006851873917,0.09434932799585354,0.8464912280701754,0.868421052631579,0.7967836257309941,-0.07163742690058483,-0.049707602339181256,0.7940269436779743,0.8425925925925926,0.8275135667345958,-0.015079025857996808,0.03348662305662142
lightgbm,5,81e150c1,engagement,11,86,97,True,True,True,4.2802877993049435,0.013649783778447498,0.1474942683431968,72,171,243,b9b21e1f06cea130f669aa583ab532190e4b40e20775591068c52b1645dc6d66,0.1697543970303903,0.1353888971455727,0.0343654998848176,0.5323975249126398,0.4313129948855065,0.1010845300271333,0.2349153338649573,0.16244258648551246,0.8212719298245614,0.875,0.6666666666666666,-0.20833333333333337,-0.1546052631578948,0.7559080095162569,0.8616852146263911,0.6884615384615385,-0.17322367616485268,-0.06744647105471846
xgboost,5,81e150c1,excitement,39,16,55,True,True,True,1.3739242972458023,0.20198655703949756,0.4932234454026911,54,140,194,486d27becd25f2e329044a131c7a21faa55a44238d61f9f0333455689ef478e0,0.19567387872442032,0.18661493902541085,0.009058939699009477,1.2041729842785498,0.9987608331571359,0.20541215112141387,0.19577608795445844,0.1865333941149043,0.8123015873015873,0.8123015873015873,0.8116402116402117,-0.000661375661375585,-0.000661375661375585,0.7589783594810898,0.7589783594810898,0.7703598484848485,0.011381489003758682,0.011381489003758682
lightgbm,5,81e150c1,excitement,39,16,55,True,True,True,0.13010099976508493,0.4675205501350834,0.5118319998890124,54,140,194,486d27becd25f2e329044a131c7a21faa55a44238d61f9f0333455689ef478e0,0.1778556785314774,0.17471741051661666,0.003138268014860751,0.7086273837681095,0.6884075530267001,0.020219830741409428,0.16972745602726733,0.1681802474339563,0.8009259259259259,0.7937830687830688,0.8044973544973545,0.010714285714285676,0.0035714285714285587,0.7557605035865905,0.746124989094716,0.7606064167352216,0.014481427640505529,0.004845913148631031
xgboost,5,81e150c1,stress,63,25,88,True,True,True,0.8412293383211138,0.30127593432527094,0.3841839155647903,90,139,229,feb5adc6cae899411787e172db2ccf4119c0d3474a03028abec528e12a8ee5c2,0.14207852996644413,0.14037349454221876,0.0017050354242253707,0.5589124874181548,0.5303580356260509,0.02855445179210392,0.11221963393553853,0.11016243697228029,0.8381694644284572,0.8267386091127098,0.8045163868904877,-0.022222222222222143,-0.033653077537969533,0.826302584748235,0.8201099764336214,0.8008380771663504,-0.01927189926727102,-0.025464507581884677
lightgbm,5,81e150c1,stress,63,25,88,True,True,True,-0.5344311885817445,0.6305160220164477,0.4794456203478267,90,139,229,feb5adc6cae899411787e172db2ccf4119c0d3474a03028abec528e12a8ee5c2,0.13043714200203269,0.14053635833306158,-0.010099216331028893,0.4229036229015676,0.4603583329431563,-0.037454710041588735,0.06789414650002334,0.11090342723576678,0.8414468425259791,0.8358912869704236,0.8273780975219824,-0.00851318944844115,-0.014068745003996685,0.8338529717434359,0.8291044776119403,0.8136046511627908,-0.01549982644914949,-0.020248320580645074
xgboost,5,81e150c1,relaxation,43,28,71,True,True,True,-1.84818489369751,0.8639138478347687,0.6153169050812721,57,212,269,ebc736f4f73724f507f0b6de3a2e4104a7df35ce492e2ad25aeb4f2cf3f1fdc3,0.14116821425376433,0.20067917054422132,-0.059510956290456996,0.4630159683289315,0.712451354521003,-0.24943538619207156,0.09991359005493486,0.21289657004379786,0.7531446540880503,0.7612545514730222,0.7812396557431314,0.019985104270109133,0.028095001655081053,0.7297814673717329,0.7280580828967926,0.6937348663427463,-0.034323216554046354,-0.0360466010289866
lightgbm,5,81e150c1,relaxation,43,28,71,True,True,True,-0.884919208656946,0.7078405638694745,0.6111222447702958,57,212,269,ebc736f4f73724f507f0b6de3a2e4104a7df35ce492e2ad25aeb4f2cf3f1fdc3,0.16949988591129939,0.21488879395078803,-0.04538890803948864,0.49031073396716107,0.6546032596573785,-0.16429252569021746,0.14560143768883546,0.23406542514977843,0.7275736511089044,0.7373800066203244,0.7583167825223436,0.020936775902019145,0.030743131413439206,0.6724837662337662,0.666688404851963,0.6687192118226601,0.00203080697069713,-0.0037645544111060136
xgboost,5,81e150c1,interest,5,16,21,True,False,False,0.0,0.4988088417667313,0.4988088417667313,15,214,229,6f986a3d04167fcc4be8b1810439bc2d3db9527dde6f6105a628c56ac701d2d4,0.28716832702593775,0.28716832702593775,0.0,1.1759239044319338,1.1759239044319338,0.0,0.33347773507014267,0.33347773507014267,0.6890965732087226,0.6890965732087226,0.6890965732087226,0.0,0.0,0.4954835866931042,0.4954835866931042,0.4954835866931042,0.0,0.0
lightgbm,5,81e150c1,interest,5,16,21,True,False,False,0.0,0.4870089066792148,0.4870089066792148,15,214,229,6f986a3d04167fcc4be8b1810439bc2d3db9527dde6f6105a628c56ac701d2d4,0.30327717816370614,0.30327717816370614,0.0,0.9967744622693212,0.9967744622693212,0.0,0.3767360605630329,0.3767360605630329,0.6873831775700935,0.6920560747663551,0.6920560747663551,0.0,0.004672897196261627,0.4634596211365902,0.46894535188546077,0.46894535188546077,0.0,0.005485730748870543
xgboost,5,81e150c1,focus,66,2,68,True,False,False,0.0,0.3656310755759477,0.3656310755759477,150,93,243,246c9df90190fe18efdab5b0639bbb8d402a17a4dd9d5b1a99de752d90536892,0.20772960350289127,0.20772960350289127,0.0,0.6544099050692954,0.6544099050692954,0.0,0.15548489668417684,0.15548489668417684,0.6908602150537635,0.6710752688172044,0.6710752688172044,0.0,-0.01978494623655913,0.6960969144905083,0.670355561902042,0.670355561902042,0.0,-0.025741352588466215
lightgbm,5,81e150c1,focus,66,2,68,True,False,False,0.0,0.4422556197292636,0.4422556197292636,150,93,243,246c9df90190fe18efdab5b0639bbb8d402a17a4dd9d5b1a99de752d90536892,0.1733864855696599,0.1733864855696599,0.0,0.51781090392265,0.51781090392265,0.0,0.07452616378215053,0.07452616378215053,0.7264516129032258,0.718494623655914,0.718494623655914,0.0,-0.007956989247311808,0.7314323607427056,0.7214164831765326,0.7214164831765326,0.0,-0.010015877566172948
xgboost,1,81f1f0fe,attention,51,37,88,True,True,True,3.360190201258571,0.03356305325678158,0.033536356408149,147,138,285,2c156a20756451143c44d5935b34082b6e4d0b9918f64717ce6446d39ab32810,0.2497327969879093,0.23498649158119694,0.014746305406712346,0.8147215328487031,0.773418366506233,0.04130316634247011,0.210969158838997,0.20363428868553418,0.6414522330671399,0.679902395740905,0.679902395740905,0.0,0.03845016267376511,0.623015873015873,0.6633216894252143,0.6633216894252143,0.0,0.04030581640934128
lightgbm,1,81f1f0fe,attention,51,37,88,True,True,True,1.03912467941649,0.26131892292008113,0.255299823709956,147,138,285,2c156a20756451143c44d5935b34082b6e4d0b9918f64717ce6446d39ab32810,0.16565447448038034,0.15951249400746495,0.006141980472915393,0.4956843451300403,0.4808906896267956,0.014793655503244685,0.09868686298877702,0.09097430381406094,0.746081041112097,0.7685595977521443,0.7787636793847974,0.010204081632653073,0.03268263827270035,0.7429660209590346,0.7629393288557276,0.7739664915237434,0.011027162668015844,0.031000470564708782
xgboost,1,81f1f0fe,engagement,58,63,121,True,True,True,-0.9042910050544153,0.7118305066587141,0.6240503340959549,33,289,322,65315387c9e25fe45f52e8ba48ab49af392d37dc4139620d8f92b974230a199b,0.1701536052692926,0.24444407045417021,-0.07429046518487761,0.5651985471481621,0.8164142848062902,-0.2512157376581281,0.23114289766756807,0.3258714479347082,0.7996749501939813,0.7819544930271574,0.7525427283212751,-0.02941176470588225,-0.04713222187270616,0.6351838500360489,0.5928011394646113,0.5524447753785058,-0.040356364086105545,-0.08273907465754315
lightgbm,1,81f1f0fe,engagement,58,63,121,True,True,True,-0.33051235927501266,0.5818840365212391,0.6066105566556468,33,289,322,65315387c9e25fe45f52e8ba48ab49af392d37dc4139620d8f92b974230a199b,0.18359705379019672,0.22136493425384426,-0.03776788046364754,0.5599396200092527,0.6643152748736963,-0.10437565486444367,0.2901939741868265,0.34176699363122703,0.8074866310160428,0.7676942434727902,0.7746146586977036,0.006920415224913379,-0.03287197231833916,0.6139930252833479,0.5581024442713549,0.567481389422413,0.009378945151058082,-0.046511635860934875
xgboost,1,81f1f0fe,excitement,28,44,72,True,True,True,-2.192993257583839,0.8996185361532278,0.7445177063345909,121,188,309,29ec33230e5f5d7dc02e7944cc4a18e2ac1f68f1d70267757247387b4d29d51c,0.11434790349376912,0.07962638562267349,0.034721517871095633,0.406732242722691,0.27836429906239435,0.12836794366029664,0.11319036776122512,0.05767749106209408,0.8063566027782663,0.8644935818533497,0.892803762968173,0.028310181114823307,0.08644716018990672,0.8211657709797437,0.8739575779550399,0.8916454808450951,0.017687902890055174,0.07047970986535135
lightgbm,1,81f1f0fe,excitement,28,44,72,True,True,True,-0.8424966070440034,0.6989907696225168,0.6884072306984108,121,188,309,29ec33230e5f5d7dc02e7944cc4a18e2ac1f68f1d70267757247387b4d29d51c,0.09246544260331543,0.07055647272642171,0.021908969876893725,0.2764488311693613,0.22093697437445042,0.055511856794910885,0.09810459854276829,0.04746409207661933,0.8408871109548093,0.8783629330050993,0.8783629330050993,0.0,0.037475822050289986,0.8537826764383404,0.8855311458111157,0.8855311458111157,0.0,0.03174846937277531
xgboost,1,81f1f0fe,stress,4,174,178,True,False,False,0.0,0.0121959419047925,0.0121959419047925,152,205,357,cc5d1fcc3a9cd6e272e9f3b3b1d77c5114299fcc0abee40683b2cfa39bb63a92,0.19435230216247512,0.19435230216247512,0.0,0.7263684697550945,0.7263684697550945,0.0,0.1734979671334551,0.1734979671334551,0.7545731707317074,0.719143132220796,0.719143132220796,0.0,-0.03543003851091142,0.7366760828625236,0.7223925978349192,0.7223925978349192,0.0,-0.014283485027604459
lightgbm,1,81f1f0fe,stress,4,174,178,True,False,False,0.0,0.1218574715468839,0.1218574715468839,152,205,357,cc5d1fcc3a9cd6e272e9f3b3b1d77c5114299fcc0abee40683b2cfa39bb63a92,0.13536794401709795,0.13536794401709795,0.0,0.42020550250438066,0.42020550250438066,0.0,0.08261962939176026,0.08261962939176026,0.8268934531450578,0.7413189987163029,0.7413189987163029,0.0,-0.08557445442875489,0.8195374699860989,0.7466945867368129,0.7466945867368129,0.0,-0.072842883249286
xgboost,1,81f1f0fe,relaxation,18,71,89,True,True,True,-1.0640774137762792,0.7434689730013746,0.522243277169764,225,112,337,87fb69e74da4238e461142da81173bc409039df6735d1fa586453195da200c08,0.2590351200305054,0.2062524737910727,0.052782646239432685,1.0601395151336612,0.7688883423794528,0.2912511727542084,0.30180335660574176,0.24466927000500674,0.7666666666666666,0.7733333333333333,0.7910714285714285,0.01773809523809522,0.02440476190476193,0.6882516188714154,0.6970065580706579,0.7254922793596827,0.028485721289024823,0.03724066048826735
lightgbm,1,81f1f0fe,relaxation,18,71,89,True,True,True,-0.3398056929214287,0.5841433226509243,0.6814173444990775,225,112,337,87fb69e74da4238e461142da81173bc409039df6735d1fa586453195da200c08,0.22745653348645864,0.2015497950060729,0.025906738480385744,0.7276314656866756,0.6303668906249548,0.09726457506172081,0.3013816535205733,0.2710530148795706,0.7755555555555556,0.8133134920634921,0.7955555555555556,-0.017757936507936556,0.020000000000000018,0.6999162442142385,0.7514683015682616,0.7259387596351037,-0.02552954193315793,0.0260225154208652
xgboost,1,81f1f0fe,interest,56,98,154,True,True,True,4.195569057260398,0.014838666290132602,0.044414474396035,221,149,370,ce92fad43fd65f1b3b1f0c4645184d0c81521a4dbe5d0029950b97961b0d6d84,0.11515950413582593,0.15148472455611264,-0.036325220420286713,0.445412696938991,0.6717964487614867,-0.2263837518224957,0.08660457006662911,0.1579592269337809,0.845106137447235,0.8523793616568982,0.8385010173403382,-0.013878344316559987,-0.006605120106896734,0.8491666089792402,0.8409946356065321,0.8157802249297095,-0.02521441067682262,-0.03338638404953076
lightgbm,1,81f1f0fe,interest,56,98,154,True,True,True,2.51595447388683,0.07474725326769772,0.1274618355796146,221,149,370,ce92fad43fd65f1b3b1f0c4645184d0c81521a4dbe5d0029950b97961b0d6d84,0.09912788604822605,0.1437194871125852,-0.04459160106435915,0.32303370006248605,0.4858861557810228,-0.16285245571853674,0.062298370481064486,0.17907926877385227,0.8518175468432081,0.8612772935710165,0.8385010173403382,-0.02277627623067824,-0.013316529502869878,0.8552236859266988,0.8470351996220176,0.8157802249297095,-0.03125497469230809,-0.039443460996989366
xgboost,1,81f1f0fe,focus,11,121,132,True,True,True,6.184155694966599,0.0020575991975184138,0.1219528061337769,57,249,306,d285d791bc0bfc9ed4d523b7d22769abe2059da1e969816a6a1ddaeda173bc73,0.29303854489147935,0.19024330369059178,0.10279524120088757,1.0136210995299484,1.3586987859426725,-0.34507768641272407,0.2725999235585286,0.19589421746920474,0.49725216656098076,0.47231029380680617,0.4979919678714859,0.02568167406467975,0.0007398013105051615,0.485932095715395,0.4688614645125603,0.44765342960288806,-0.021208034909672213,-0.03827866611250691
lightgbm,1,81f1f0fe,focus,11,121,132,True,True,True,4.070947030875272,0.016775020969515095,0.2410400878997248,57,249,306,d285d791bc0bfc9ed4d523b7d22769abe2059da1e969816a6a1ddaeda173bc73,0.1880794348897926,0.17324831562902573,0.014831119260766856,0.5567560666905892,0.6792871105604468,-0.12253104386985758,0.18737406781469892,0.168872633103683,0.7265905728175861,0.5753540477700275,0.5,-0.07535404777002752,-0.2265905728175861,0.6438836220987251,0.581640625,0.4486486486486487,-0.13299197635135135,-0.1952349734500764
xgboost,2,a02151ac,attention,48,69,117,True,True,True,-5.554179314134126,0.9961436844974979,0.9966075271368028,151,189,340,14442a6cecc8ce919e40f6dbaf7f03c6076cc3fd6c48c95a42d72fb8db71e54c,0.4024807996251475,0.33659561287579554,0.06588518674935195,2.5346179387924312,1.1789096699255748,1.3557082688668565,0.40718437917530537,0.3081739409356577,0.5145765443778689,0.563824941308385,0.5624934300430989,-0.0013315112652860783,0.04791688566523,0.39666099301053853,0.5639340806071893,0.5625815092876529,-0.0013525713195363664,0.1659205162771144
lightgbm,2,a02151ac,attention,48,69,117,True,True,True,-2.996263223243239,0.952405025949106,0.9703962064569304,151,189,340,14442a6cecc8ce919e40f6dbaf7f03c6076cc3fd6c48c95a42d72fb8db71e54c,0.374298123606904,0.2916835617795443,0.08261456182735971,1.5001353124211292,0.8272399776748567,0.6728953347462725,0.36488353197761975,0.22851014219385613,0.5205333053015172,0.5559059532569466,0.538648866463436,-0.017257086793510568,0.018115561161918814,0.40486968698318426,0.5553618134263296,0.5379080612924717,-0.017453752133857914,0.13303837430928744
xgboost,2,a02151ac,engagement,16,51,67,True,True,True,1.813045934243239,0.1402703998298406,0.43399603292346,98,167,265,61f07c988c5fad312857978c1997bf6971994d98b24cff3033070ad18d8cab5d,0.2253663738037519,0.21872646840950516,0.006639905394246748,0.6934435082062511,0.7282565110561953,-0.03481300284994415,0.17484649484915182,0.16543791476875247,0.6810460711230599,0.6798240254185506,0.6357692777709887,-0.0440547476475619,-0.04527679335207124,0.6717975937721161,0.6732234916578763,0.6373684210526316,-0.03585507060524473,-0.034429172719484535
lightgbm,2,a02151ac,engagement,16,51,67,True,True,True,1.2160046994968154,0.22864031339482124,0.4863646367564295,98,167,265,61f07c988c5fad312857978c1997bf6971994d98b24cff3033070ad18d8cab5d,0.18344495058500374,0.17581396021317783,0.0076309903718259076,0.5429649961532874,0.5207436880444511,0.02222130810883627,0.12396463569198118,0.10020351998912853,0.7398264695099597,0.7245203470609801,0.6714835634852744,-0.05303678357570574,-0.06834290602468529,0.7272700541049165,0.714359542266519,0.6787110875838869,-0.035648454682632114,-0.048558966521029645
xgboost,2,a02151ac,excitement,63,33,96,True,True,True,0.36830678782555915,0.40895022459440084,0.4961788465734571,316,93,409,9d1f846f8826f5882127016146d581fed9c25232fe7db3224452bad3d90413ce,0.04789107806509656,0.04829568429607661,-0.0004046062309800563,0.17006663075621445,0.1716302643387527,-0.0015636335825382486,0.03170934244660307,0.03447697250665868,0.910490676466585,0.910490676466585,0.905743841023547,-0.004746835443038,-0.004746835443038,0.9184107132015578,0.9184107132015578,0.9088430942257578,-0.00956761897579994,-0.00956761897579994
lightgbm,2,a02151ac,excitement,63,33,96,True,True,True,0.1786634370871789,0.45545257619652796,0.484231085045686,316,93,409,9d1f846f8826f5882127016146d581fed9c25232fe7db3224452bad3d90413ce,0.04562517431505334,0.04594116844934525,-0.0003159941342919109,0.15723288251282458,0.1600120799635515,-0.0027791974507269113,0.03229171467949555,0.02855080854238082,0.8905675786035117,0.888985300122499,0.8981557098135293,0.009170409691030335,0.007588131210017668,0.905887142452563,0.9026679711256247,0.9074016022291884,0.004733631103563729,0.0015144597766254542
xgboost,2,a02151ac,stress,50,93,143,True,True,True,-0.7624054746803164,0.6818757603956025,0.6826794147491455,233,89,322,67f6809f032fc9ebfb036a46a3c3987a25f9446ed34b84380441a7043bb0c12d,0.1918664021887678,0.1501087981576173,0.0417576040311505,0.6624783543438394,0.510208037792849,0.15227031655099044,0.23538569508009066,0.16452676806438857,0.8187298066258379,0.8241548922216329,0.8241548922216329,0.0,0.0054250855957949096,0.7442570869990224,0.7671142416905129,0.7671142416905129,0.0,0.022857154691490522
lightgbm,2,a02151ac,stress,50,93,143,True,True,True,-0.9462001280361874,0.7203503513811642,0.7342087577322922,233,89,322,67f6809f032fc9ebfb036a46a3c3987a25f9446ed34b84380441a7043bb0c12d,0.223073071850826,0.14816175646637708,0.07491131538444892,0.680326417185931,0.46357356925388415,0.21675284793204685,0.2936339087485212,0.16447898102799255,0.7556782562569321,0.8193567054057964,0.8228287601871052,0.003472054781308742,0.06715050393017308,0.655912081017225,0.7682178092052335,0.769146423751687,0.0009286145464534323,0.11323434273446198
xgboost,2,a02151ac,relaxation,49,39,88,True,True,True,-2.617070246611095,0.9319521442054125,0.6584096252918243,210,179,389,e1b2cfebf157407c60f828531f5f9895961f3dbf75b100c3fe478e4eec41249b,0.15033526357434154,0.21322535828724273,-0.06289009471290119,0.4928525735443998,0.7880734844375664,-0.2952209108931666,0.09737393233880234,0.21552435731845546,0.7990289970736899,0.8016360734237828,0.7127959563713754,-0.08884011705240746,-0.08623304070231452,0.7985151933701657,0.8036900220028664,0.705045202682998,-0.09864481931986846,-0.09346999068716777
lightgbm,2,a02151ac,relaxation,49,39,88,True,True,True,-2.1531353234158006,0.8959613977491453,0.8183109434265001,210,179,389,e1b2cfebf157407c60f828531f5f9895961f3dbf75b100c3fe478e4eec41249b,0.13653534324280395,0.18602647677845108,-0.04949113353564713,0.41235169541556616,0.580239075179305,-0.1678873797637388,0.0760993191683686,0.20310653831693123,0.7924847033785581,0.768754988028731,0.717145517424847,-0.05160947060388399,-0.07533918595371114,0.7866098278312019,0.7702622893868334,0.7086613016917294,-0.061600987695104026,-0.07794852613947256
xgboost,2,a02151ac,interest,20,63,83,True,True,True,-0.1582884206991199,0.5394896876704974,0.5,117,153,270,2ccb53cdb3997eb0c8bdae62e7639c3240cdf95034e2a4097613fd3cc4af7d0a,0.21362066037974525,0.2118582028308071,0.00176245754893814,0.7820606943916727,0.7715777540087305,0.010482940382942174,0.148284009518533,0.1275706694556829,0.7101558572146807,0.7101558572146807,0.709904474610357,-0.0002513826043236689,-0.0002513826043236689,0.7129959956315981,0.7129959956315981,0.712666820064427,-0.00032917556717104723,-0.00032917556717104723
lightgbm,2,a02151ac,interest,20,63,83,True,True,True,0.6071593951629417,0.35270745027159733,0.5,117,153,270,2ccb53cdb3997eb0c8bdae62e7639c3240cdf95034e2a4097613fd3cc4af7d0a,0.1769663937245944,0.19308322865397107,-0.016116834929376656,0.5431189415499014,0.600203519933271,-0.057084578383369666,0.07593402436449738,0.1346795206675402,0.7295123177476119,0.7295123177476119,0.6978381096028154,-0.03167420814479649,-0.03167420814479649,0.7331550491250509,0.7331550491250509,0.6980778529980658,-0.03507719612698512,-0.03507719612698512
xgboost,2,a02151ac,focus,50,54,104,True,True,True,2.834837683124481,0.05547038939099855,0.0668500596657395,319,76,395,c2615751b397a76df01986f974b365f007a28b09881a256e7ba217dcb3326791,0.1900146730620549,0.3182355550598336,-0.12822088199777867,0.758855035219948,1.362149236006055,-0.603294200786107,0.1693040170846249,0.3482802946031385,0.6938623989440686,0.6837568058076224,0.6843755155914866,0.0006187097838641353,-0.009486883352582076,0.666739242848978,0.5664166008292024,0.55660461817105,-0.009811982658152418,-0.110134624677928
lightgbm,2,a02151ac,focus,50,54,104,True,True,True,1.2646448236764,0.22017534806101816,0.2021904080236313,319,76,395,c2615751b397a76df01986f974b365f007a28b09881a256e7ba217dcb3326791,0.1802817834674126,0.27254070168406824,-0.09225891821665563,0.5839170192054318,0.8900832398386275,-0.30616622063319565,0.15297760161640023,0.33773837605133306,0.6744349117307376,0.6934705494142881,0.7009981851179673,0.007527635703679203,0.026563273387229747,0.6479595970508008,0.5740196078431372,0.5892450142450143,0.015225406401877084,-0.05871458280578645
xgboost,1,a1721173,attention,6,9,15,False,False,False,0.0,0.5,0.5,18,62,80,211ebc1cd6df47b34e3b1d800c509f307ad1f775cf8de153a1d2901a282fae14,0.11266249342559478,0.11266249342559478,0.0,0.3526894978054183,0.3526894978054183,0.0,0.11858048583817432,0.11858048583817432,0.8440860215053764,0.8440860215053764,0.8440860215053764,0.0,0.0,0.8062953995157385,0.8062953995157385,0.8062953995157385,0.0,0.0
lightgbm,1,a1721173,attention,6,9,15,False,False,False,0.0,0.5,0.5,18,62,80,211ebc1cd6df47b34e3b1d800c509f307ad1f775cf8de153a1d2901a282fae14,0.12970038446617524,0.12970038446617524,0.0,0.4064761602347401,0.4064761602347401,0.0,0.18677746314931273,0.18677746314931273,0.8593189964157706,0.8593189964157706,0.8593189964157706,0.0,0.0,0.7793712079426365,0.7793712079426365,0.7793712079426365,0.0,0.0
xgboost,1,a1721173,engagement,0,26,26,False,False,False,0.0,0.5,0.5,33,14,47,4d826942164a95e47093c7ae84f91f2ba9f28e3dec087edef66f7eed90a6c4a0,0.38169995729472855,0.38169995729472855,0.0,1.4920863394713675,1.4920863394713675,0.0,0.43203974885747154,0.43203974885747154,0.6818181818181819,0.6818181818181819,0.6818181818181819,0.0,0.0,0.5523809523809524,0.5523809523809524,0.5523809523809524,0.0,0.0
lightgbm,1,a1721173,engagement,0,26,26,False,False,False,0.0,0.5,0.5,33,14,47,4d826942164a95e47093c7ae84f91f2ba9f28e3dec087edef66f7eed90a6c4a0,0.3465176796866444,0.3465176796866444,0.0,1.0219176900321134,1.0219176900321134,0.0,0.4364585351970687,0.4364585351970687,0.6515151515151515,0.6515151515151515,0.6515151515151515,0.0,0.0,0.5070679434564523,0.5070679434564523,0.5070679434564523,0.0,0.0
xgboost,1,a1721173,excitement,9,7,16,False,False,False,0.0,0.5,0.5,39,39,78,abac1927003aff084ae88553fc286844c8e9babc4312e3028eb6c5bf7b846953,0.058910507024747844,0.058910507024747844,0.0,0.21274620040062367,0.21274620040062367,0.0,0.06320440444090845,0.06320440444090845,0.9230769230769231,0.9230769230769231,0.9230769230769231,0.0,0.0,0.9226190476190477,0.9226190476190477,0.9226190476190477,0.0,0.0
lightgbm,1,a1721173,excitement,9,7,16,False,False,False,0.0,0.5,0.5,39,39,78,abac1927003aff084ae88553fc286844c8e9babc4312e3028eb6c5bf7b846953,0.06998389442246598,0.06998389442246598,0.0,0.23187024041345664,0.23187024041345664,0.0,0.06391792502596733,0.06391792502596733,0.8974358974358974,0.8974358974358974,0.8974358974358974,0.0,0.0,0.8968253968253967,0.8968253968253967,0.8968253968253967,0.0,0.0
xgboost,1,a1721173,stress,13,6,19,False,False,False,0.0,0.5,0.5,80,32,112,f8309536d8341a3233afd0a00bc5a797d04256c3851890aaad8efa1f7d85e7c4,0.1083356186565203,0.1083356186565203,0.0,0.44882782033646407,0.44882782033646407,0.0,0.12579753418274564,0.12579753418274564,0.78125,0.78125,0.78125,0.0,0.0,0.8197701149425287,0.8197701149425287,0.8197701149425287,0.0,0.0
lightgbm,1,a1721173,stress,13,6,19,False,False,False,0.0,0.5,0.5,80,32,112,f8309536d8341a3233afd0a00bc5a797d04256c3851890aaad8efa1f7d85e7c4,0.09900199630202222,0.09900199630202222,0.0,0.3141706551956204,0.3141706551956204,0.0,0.10203158883909623,0.10203158883909623,0.76875,0.76875,0.76875,0.0,0.0,0.7996422182468694,0.7996422182468694,0.7996422182468694,0.0,0.0
xgboost,1,a1721173,relaxation,6,10,16,False,False,False,0.0,0.5,0.5,78,30,108,92109cee2b0ce078a14ab8e6c5a7b5293daf4ad9cbb2c8ace11c8c81aaa65ebb,0.1394902223972806,0.1394902223972806,0.0,0.6437608203805695,0.6437608203805695,0.0,0.12956744659236266,0.12956744659236266,0.7653846153846153,0.7653846153846153,0.7653846153846153,0.0,0.0,0.7735849056603774,0.7735849056603774,0.7735849056603774,0.0,0.0
lightgbm,1,a1721173,relaxation,6,10,16,False,False,False,0.0,0.5,0.5,78,30,108,92109cee2b0ce078a14ab8e6c5a7b5293daf4ad9cbb2c8ace11c8c81aaa65ebb,0.11780907730724718,0.11780907730724718,0.0,0.45404127775981845,0.45404127775981845,0.0,0.07728972810789084,0.07728972810789084,0.7846153846153846,0.7846153846153846,0.7846153846153846,0.0,0.0,0.8024691358024691,0.8024691358024691,0.8024691358024691,0.0,0.0
xgboost,1,a1721173,interest,11,7,18,False,False,False,0.0,0.5,0.5,61,45,106,52f6001aef7b2fe51f3cf81a16921c82822cb4be3ebf46c60027121bed04f0a7,0.14086014029849456,0.14086014029849456,0.0,0.5338460341095534,0.5338460341095534,0.0,0.14040519816158714,0.14040519816158714,0.8058287795992713,0.8058287795992713,0.8058287795992713,0.0,0.0,0.8154024767801857,0.8154024767801857,0.8154024767801857,0.0,0.0
lightgbm,1,a1721173,interest,11,7,18,False,False,False,0.0,0.5,0.5,61,45,106,52f6001aef7b2fe51f3cf81a16921c82822cb4be3ebf46c60027121bed04f0a7,0.14428688833119369,0.14428688833119369,0.0,0.4415779434090778,0.4415779434090778,0.0,0.16434826174128184,0.16434826174128184,0.761384335154827,0.761384335154827,0.761384335154827,0.0,0.0,0.7686507936507936,0.7686507936507936,0.7686507936507936,0.0,0.0
xgboost,1,a1721173,focus,14,2,16,False,False,False,0.0,0.5,0.5,19,39,58,3bf97c6028c6db8eb033d72e6e3a0d0029ca5c5699ba28968e051fed5b0ceb1f,0.22977333648712436,0.22977333648712436,0.0,0.7558818781151347,0.7558818781151347,0.0,0.21278048367721253,0.21278048367721253,0.6329284750337382,0.6329284750337382,0.6329284750337382,0.0,0.0,0.6403100775193798,0.6403100775193798,0.6403100775193798,0.0,0.0
lightgbm,1,a1721173,focus,14,2,16,False,False,False,0.0,0.5,0.5,19,39,58,3bf97c6028c6db8eb033d72e6e3a0d0029ca5c5699ba28968e051fed5b0ceb1f,0.22495711769712,0.22495711769712,0.0,0.6492699162417348,0.6492699162417348,0.0,0.1720057358863918,0.1720057358863918,0.5431848852901484,0.5431848852901484,0.5431848852901484,0.0,0.0,0.5436195689360246,0.5436195689360246,0.5436195689360246,0.0,0.0
xgboost,4,a1b210fc,attention,62,77,139,True,True,True,4.115209590764806,0.01606037325405157,0.0700808875808434,68,216,284,35503ba14b58aebf968bb70defbd829a8235bdc13ab5d51552797abb9d0bea9f,0.2660450086842289,0.12401635640197764,0.14202865228225128,0.9349921054459401,0.4092253909407625,0.5257667145051776,0.3243401753360443,0.07645176731334646,0.7538126361655774,0.7862200435729847,0.707516339869281,-0.07870370370370372,-0.04629629629629639,0.6293566712728389,0.7679998718585319,0.7330827067669172,-0.03491716509161469,0.10372603549407833
lightgbm,4,a1b210fc,attention,62,77,139,True,True,True,2.2433255238153063,0.09592674849700136,0.1802012280473756,68,216,284,35503ba14b58aebf968bb70defbd829a8235bdc13ab5d51552797abb9d0bea9f,0.1910025755553574,0.09900700196110247,0.09199557359425493,0.5713515681482986,0.30888454582899016,0.2624670223193084,0.27559439018189075,0.06360689157246498,0.8024237472766884,0.8364651416122004,0.7098311546840959,-0.12663398692810457,-0.09259259259259256,0.6957746478873239,0.8232442348008386,0.7368659688134525,-0.08637826598738618,0.04109132092612855
xgboost,4,a1b210fc,engagement,19,106,125,True,True,True,-0.410633924537265,0.6012398723153085,0.7116975784301758,155,124,279,812fd4be251238ffd4c7f92d17c6f773aa9995b00c1657b078823d0cb84b8c3f,0.09860976357338444,0.10037156570203792,-0.0017618021286534835,0.3132799106142921,0.31105309477351994,0.002226815840772167,0.05562896785128568,0.04526267164740684,0.8669354838709677,0.8185483870967742,0.8540322580645161,0.03548387096774186,-0.012903225806451646,0.8631646876613319,0.8224814422057264,0.8545966228893058,0.032115180683579436,-0.008568064772026096
lightgbm,4,a1b210fc,engagement,19,106,125,True,True,True,0.34569123020771275,0.41442767502057887,0.6407514470587774,155,124,279,812fd4be251238ffd4c7f92d17c6f773aa9995b00c1657b078823d0cb84b8c3f,0.11064971856201371,0.10924501035068067,0.001404708211333039,0.3451442400487253,0.34722700353257474,-0.002082763483849448,0.06660902873319414,0.05918789196506628,0.8459677419354839,0.782258064516129,0.8556451612903226,0.07338709677419364,0.00967741935483879,0.8445279595671613,0.786470991044215,0.8492279979413279,0.06275700689711283,0.004700038374166549
xgboost,4,a1b210fc,excitement,110,18,128,True,True,True,-1.3653731005690517,0.796631579694201,0.4997746465814998,214,70,284,94bfa29afa95fd09a873aa21e807b227662c378cea03b97074cc0a9c884cf9be,0.06674185592643174,0.07445983520305073,-0.007717979276618991,0.3188221948923211,0.3945104868148276,-0.07568829192250648,0.06095355676644964,0.0731018944521998,0.8597463284379172,0.8597463284379172,0.8333778371161549,-0.026368491321762333,-0.026368491321762333,0.8833717213919688,0.8833717213919688,0.871638418079096,-0.011733303312872811,-0.011733303312872811
lightgbm,4,a1b210fc,excitement,110,18,128,True,True,True,-0.8568240107800298,0.7019966723628479,0.4993960745990004,214,70,284,94bfa29afa95fd09a873aa21e807b227662c378cea03b97074cc0a9c884cf9be,0.06653179710759782,0.07348469597742426,-0.006952898869826432,0.2445062225523796,0.2820301676346637,-0.0375239450822841,0.040100792700295415,0.06032281547314802,0.8477970627503337,0.8477970627503337,0.8238985313751669,-0.023898531375166843,-0.023898531375166843,0.8761987794245858,0.8761987794245858,0.8609416195856874,-0.015257159838898415,-0.015257159838898415
xgboost,4,a1b210fc,stress,14,48,62,True,True,True,2.5685343108854832,0.07119115892243975,0.3421120587736368,34,90,124,95a5dabcff70f65304f14e9942d9e62df43e7475494b64949f922f802d012cd1,0.11021278438426436,0.15665913887934962,-0.04644635449508526,0.3273575837587629,0.606672347585225,-0.27931476382646214,0.09438038871796323,0.17073676726482295,0.7754901960784314,0.7718954248366013,0.6323529411764706,-0.13954248366013078,-0.14313725490196083,0.793460156044534,0.7974591651542651,0.6483267158252978,-0.1491324493289673,-0.14513344021923624
lightgbm,4,a1b210fc,stress,14,48,62,True,True,True,1.6258225601767466,0.16440343254294712,0.4244550423623682,34,90,124,95a5dabcff70f65304f14e9942d9e62df43e7475494b64949f922f802d012cd1,0.09980926733977723,0.14773349840758412,-0.0479242310678069,0.29852931416204576,0.4520275751436945,-0.15349826098164876,0.043832445640599196,0.15434470165501357,0.7754901960784314,0.7369281045751634,0.6415032679738563,-0.09542483660130718,-0.13398692810457513,0.793460156044534,0.7608156516946818,0.6606458675424193,-0.10016978415226252,-0.13281428850211474
xgboost,4,a1b210fc,relaxation,69,36,105,True,True,True,0.2744772779508059,0.4318082617431043,0.480538644362241,199,137,336,c29326f2dae2f9c5f677c4c29dfddf123c5e9b724edf284dc98abfbb94a39ed1,0.09526116300437748,0.09834644591248473,-0.003085282908107251,0.3349540284391661,0.3479512662318768,-0.01299723779271067,0.05217660773309078,0.07305233230107418,0.8849539669148663,0.8799288412867257,0.8749037156585848,-0.005025125628140836,-0.01005025125628145,0.8809668716560539,0.8750985992112064,0.8692429521697814,-0.005855647041424938,-0.011723919486272494
lightgbm,4,a1b210fc,relaxation,69,36,105,True,True,True,0.03992629336110404,0.4900197524246258,0.4569120244346274,199,137,336,c29326f2dae2f9c5f677c4c29dfddf123c5e9b724edf284dc98abfbb94a39ed1,0.0905697120683819,0.09110260678260959,-0.0005328947142276969,0.29992210314291234,0.3019114710714361,-0.0019893679285237775,0.06331629611717554,0.05797827061171431,0.879030187433518,0.8785533506950812,0.8776546968418737,-0.0008986538532075317,-0.0013754905916443239,0.8772961326370377,0.8723958333333333,0.8746165958260141,0.0022207624926808833,-0.0026795368110235085
xgboost,4,a1b210fc,interest,46,74,120,True,True,True,0.9604279707660606,0.27679251618095135,0.5020752772688866,178,187,365,d1ff88ac2204680b34dfc512fcdf9ccfb8d69b5f9d6445d5585d197f2f6f649e,0.12529253627245016,0.16789666223060515,-0.04260412595815499,0.4303907568933546,0.5811803734614083,-0.15078961656805367,0.11750957549323188,0.19743099482945864,0.8215766388271346,0.8215766388271346,0.7562939373910953,-0.06528270143603931,-0.06528270143603931,0.8208808735124524,0.8208808735124524,0.7476336933457312,-0.07324718016672127,-0.07324718016672127
lightgbm,4,a1b210fc,interest,46,74,120,True,True,True,0.7868864147182018,0.31283760722720483,0.4977754323573982,178,187,365,d1ff88ac2204680b34dfc512fcdf9ccfb8d69b5f9d6445d5585d197f2f6f649e,0.15327144957339045,0.19060681029200635,-0.0373353607186159,0.4801236575321174,0.5818188085333023,-0.10169515100118487,0.0682781862728231,0.18834847205315597,0.797782851649342,0.797782851649342,0.6953073364177131,-0.1024755152316289,-0.1024755152316289,0.7975688509021842,0.7975688509021842,0.6791765113822383,-0.11839233951994588,-0.11839233951994588
xgboost,4,a1b210fc,focus,95,12,107,True,True,True,-1.8199976836643286,0.8605658490962104,0.3127858005464077,139,98,237,199eec8793998394383020827b945c577c701483dfa5354d6073e7c37252fb2e,0.28839049891060314,0.3339981348799222,-0.04560763596931905,1.0125265464820707,1.395656575767741,-0.3831300292856703,0.2700368408274587,0.33323243244824585,0.5949199823814417,0.619255615915431,0.557370430186463,-0.06188518572896795,-0.037549552194978686,0.5839958699019102,0.6177419354838709,0.518379696531792,-0.09936223895207896,-0.06561617337011827
lightgbm,4,a1b210fc,focus,95,12,107,True,True,True,-0.7718355018942287,0.6839178158399639,0.2206243220933136,139,98,237,199eec8793998394383020827b945c577c701483dfa5354d6073e7c37252fb2e,0.25402819163173235,0.2850272712971612,-0.030999079665428864,0.7291237668468019,0.8709402775733737,-0.14181651072657175,0.20522561448563417,0.26381206631729104,0.5618851857289678,0.63522243429746,0.5660695933049479,-0.06915284099251207,0.0041844075759800425,0.5318261633011414,0.6360794035483692,0.5290823699421965,-0.10699703360617274,-0.0027437933589449237
xgboost,3,b0700166,attention,30,40,70,True,True,True,-4.329912344838643,0.9870024589967128,0.9648384749889374,137,294,431,166ce5b5fa3d031ea4b87015049842e04f9fc93fb144debe9ae21972558af682,0.2486746618489204,0.1440004821838737,0.10467417966504669,1.3183867652047148,0.49458604632628594,0.8238007188784289,0.25849067988392754,0.12677346922648192,0.576890610258702,0.6800734892497144,0.7263146134366156,0.046241124186901184,0.1494240031779136,0.5531937516059577,0.6983087587779709,0.7474746048665476,0.04916584608857666,0.19428085326058986
lightgbm,3,b0700166,attention,30,40,70,True,True,True,-2.6336423277069816,0.9329956082342763,0.9343049703938472,137,294,431,166ce5b5fa3d031ea4b87015049842e04f9fc93fb144debe9ae21972558af682,0.23415531081525415,0.1400248990059275,0.09413041180932666,0.8424272145027721,0.43519314654126146,0.4072340679615107,0.24360964063656765,0.047946770140899576,0.5530438452753365,0.7234098018769552,0.7231615273846765,-0.00024827449227871057,0.17011768210934008,0.5112973257003789,0.7413232889753514,0.7421244503812545,0.0008011614059031391,0.23082712468087563
xgboost,3,b0700166,engagement,48,59,107,True,True,True,-3.27407842714405,0.9635287633390741,0.8743467479944229,242,130,372,6d78e9181e430db2dd866248a288d81ca5815ecbfedd3a46ea2eb028c830c111,0.25987915024330144,0.15460790402193644,0.105271246221365,0.8814385938059596,0.48843127451265667,0.3930073192933029,0.28986669676555965,0.08923961252956064,0.7410998092816274,0.7405594405594406,0.736808645899555,-0.0037507946598855924,-0.0042911633820724715,0.674728832298765,0.7244444444444444,0.7482659448485873,0.02382150040414288,0.07353711254982231
lightgbm,3,b0700166,engagement,48,59,107,True,True,True,-2.086675622203889,0.8896013585129218,0.8259268556211004,242,130,372,6d78e9181e430db2dd866248a288d81ca5815ecbfedd3a46ea2eb028c830c111,0.24853136847953386,0.1752388922267658,0.07329247625276805,0.7229045742607612,0.5162163335823724,0.20668824067838876,0.26358771048773744,0.08120445972417238,0.6955816910362365,0.702892561983471,0.6578194532739987,-0.04507310870947234,-0.03776223776223775,0.6317177688010811,0.7046553590761457,0.6659167904110685,-0.03873856866507719,0.034199021609987446
xgboost,3,b0700166,excitement,79,15,94,True,True,True,1.1144718495603638,0.24703813787266293,0.3536970316199586,103,233,336,0b00dd2260b1d651c5eaee9696bd9c208dba5dd2b740eb1deb8778704607392d,0.36362105702486297,0.2940962591884596,0.06952479783640336,1.4871254263110283,1.0626935929281425,0.4244318333828858,0.4125505144574301,0.3469603164684587,0.6909871244635193,0.7145922746781116,0.740343347639485,0.025751072961373356,0.04935622317596566,0.5706832298136646,0.6041351085598874,0.6396223906395426,0.035487282079655236,0.06893916082587803
lightgbm,3,b0700166,excitement,79,15,94,True,True,True,-0.042892327870600266,0.5107214382859422,0.4021441889581341,103,233,336,0b00dd2260b1d651c5eaee9696bd9c208dba5dd2b740eb1deb8778704607392d,0.36341409811159026,0.36708739397623635,-0.003673295864646098,1.1919619566902306,1.2103770093345796,-0.01841505264434895,0.4276849625198729,0.43097277818957475,0.6695278969957081,0.6931330472103004,0.6695278969957081,-0.023605150214592308,0.0,0.5393162393162393,0.573766710725913,0.5393162393162393,-0.03445047140967372,0.0
xgboost,3,b0700166,stress,93,29,122,True,True,True,1.0677555146591957,0.255830157503048,0.4660190294962376,84,298,382,ef975bcb69998f7b1fefc381428f3112c8bda50cdea3e047f7e3d6b7c39d5e85,0.5245706520992403,0.4529209243544384,0.07164972774480183,2.4843136995942743,1.8998966616771271,0.5844170379171472,0.5793311864561299,0.5136668046304986,0.6157718120805369,0.6258389261744967,0.6661073825503356,0.04026845637583898,0.05033557046979875,0.39959780094578545,0.4159061456497741,0.47825311086555156,0.06234696521577748,0.0786553099197661
lightgbm,3,b0700166,stress,93,29,122,True,True,True,-0.004932924499725266,0.5012332286241765,0.4759323103296662,84,298,382,ef975bcb69998f7b1fefc381428f3112c8bda50cdea3e047f7e3d6b7c39d5e85,0.4646657716246807,0.4651879571023836,-0.0005221854777028856,1.5262035169151018,1.5288811691848905,-0.0026776522697886662,0.5425924829850257,0.543032078203727,0.6191275167785235,0.6241610738255033,0.6191275167785235,-0.005033557046979831,0.0,0.4050701519673424,0.41321044546850993,0.4050701519673424,-0.008140293501167517,0.0
xgboost,3,b0700166,relaxation,12,50,62,True,True,True,3.3135016762989844,0.03511089568330886,0.3841836430365219,127,278,405,9ea4d15f9e6c5c4d6d6940feef3eb8c780c6a5f7164d902fb3009fab6b41b586,0.24250163942029612,0.10479382412782808,0.13770781529246806,0.8375967324412897,0.3386316889353896,0.49896504350590015,0.30221058353674807,0.05630172362576877,0.7622500424856965,0.7828131195830736,0.817580581204328,0.034767461621254325,0.05533053871863147,0.6755859386942724,0.7103147198105761,0.8223441511279223,0.1120294313173461,0.14675821243364984
lightgbm,3,b0700166,relaxation,12,50,62,True,True,True,2.4674476382353783,0.07817196323257383,0.3356368798731593,127,278,405,9ea4d15f9e6c5c4d6d6940feef3eb8c780c6a5f7164d902fb3009fab6b41b586,0.20805462024131247,0.08373482151879513,0.12431979872251733,0.6116487925018617,0.27956214920085726,0.3320866433010044,0.29025760156362557,0.07357233908377202,0.774500084971393,0.8259785872089729,0.8466974451934515,0.02071885798447859,0.07219736022205847,0.6943883779854112,0.7664476983251429,0.8617788461538461,0.09533114782870322,0.16739046816843495
xgboost,3,b0700166,interest,27,81,108,True,True,True,3.6518424781454355,0.025287250441753444,0.1574133187532425,86,354,440,556ae49448868c6456bfcd5f440d74f9bd9d429971bf1df8cd8b7c659f38e016,0.3490504204027788,0.15842250729263713,0.19062791311014166,1.148053948516262,0.5431484209037061,0.6049055276125559,0.3937324996066308,0.11901964933005896,0.6431809223492314,0.6364144002102221,0.5985744317435291,-0.03783996846669302,-0.04460649060570232,0.5056737855518704,0.59650338116444,0.6112583617316673,0.014754980567227238,0.10558457617979689
lightgbm,3,b0700166,interest,27,81,108,True,True,True,2.2104303693932987,0.09881774096308206,0.2701812019441947,86,354,440,556ae49448868c6456bfcd5f440d74f9bd9d429971bf1df8cd8b7c659f38e016,0.2504110217932663,0.1290378572466731,0.12137316454659319,0.7295193427688091,0.39359910229132283,0.3359202404774863,0.3337593580613463,0.04140773449030037,0.7162002364998029,0.7224740507160688,0.5808040993299173,-0.14166995138615157,-0.13539613716988563,0.5743558174303052,0.6830215072565133,0.5924382131278683,-0.09058329412864508,0.01808239569756309
xgboost,3,b0700166,focus,132,5,137,True,False,False,0.0,0.4579768721014261,0.4579768721014261,154,185,339,480d1186a68ab135e87ff81801266b4800255264baa115b58bfe667676619066,0.24599544277265445,0.24599544277265445,0.0,0.7977677693712839,0.7977677693712839,0.0,0.2143676230034195,0.2143676230034195,0.6831870831870832,0.6864162864162864,0.6864162864162864,0.0,0.0032292032292031703,0.6559294871794872,0.6647121158601201,0.6647121158601201,0.0,0.008782628680632953
lightgbm,3,b0700166,focus,132,5,137,True,False,False,0.0,0.480689334298972,0.480689334298972,154,185,339,480d1186a68ab135e87ff81801266b4800255264baa115b58bfe667676619066,0.23568677418237302,0.23568677418237302,0.0,0.7031898162376681,0.7031898162376681,0.0,0.219904572876233,0.219904572876233,0.6723938223938224,0.6713057213057213,0.6713057213057213,0.0,-0.00108810108810109,0.6351377018043685,0.6368195035876014,0.6368195035876014,0.0,0.0016818017832329613
xgboost,4,b112005d,attention,128,23,151,True,True,True,-2.2825875085234273,0.9074246402256239,0.4825522215105593,228,188,416,b5fd3c35d5df54505044fbd8f60860fe1b6fd89a49f6aab7bd2a42bc33e26938,0.23256345990536179,0.3314316208740088,-0.098868160968647,0.8076857683278313,1.42541221854693,-0.6177264502190987,0.23356647140591608,0.3452235057657632,0.6812709966405375,0.6790780141843972,0.5649029488615155,-0.11417506532288169,-0.11636804777902199,0.6739375633256228,0.671815752640285,0.5002002402883461,-0.17161551235193895,-0.17373732303727674
lightgbm,4,b112005d,attention,128,23,151,True,True,True,-1.5359141308135746,0.8228699748668181,0.463286403741407,228,188,416,b5fd3c35d5df54505044fbd8f60860fe1b6fd89a49f6aab7bd2a42bc33e26938,0.2111578975677087,0.30795776522136814,-0.09679986765365944,0.604303973981948,0.9706233744274589,-0.3663194004455109,0.18133766519712255,0.31494385760964655,0.6480963045912654,0.6548152295632699,0.5494120940649496,-0.10540313549832026,-0.09868421052631582,0.6352288845905867,0.6453492810790177,0.47619783958117035,-0.16915144149784733,-0.15903104500941634
xgboost,4,b112005d,engagement,25,46,71,True,True,True,-0.28021482131867004,0.5695988894604826,0.8029027134180069,199,103,302,2110ede6d407c6b646d7a357ab7ad861d5f43c601222fe3ae7660c7894b4e6c5,0.42521602508077366,0.4079140761035816,0.01730194897719206,1.8096645794721844,1.683624488748377,0.1260400907238075,0.4588005454054398,0.440586808858644,0.6110650339074011,0.6470946967848954,0.6261404107918231,-0.020954285993072252,0.015075376884422065,0.48250360750360755,0.5574628427883609,0.5060716046063539,-0.05139123818200697,0.023567997102746374
lightgbm,4,b112005d,engagement,25,46,71,True,True,True,0.08068834789093243,0.47983885028823065,0.6954107929124589,199,103,302,2110ede6d407c6b646d7a357ab7ad861d5f43c601222fe3ae7660c7894b4e6c5,0.3571571713166767,0.36480154639771495,-0.007644375081038268,1.1153623456176727,1.1481590339255614,-0.03279668830788873,0.4023388804455438,0.4105507267786689,0.6139191101136752,0.6722203249255989,0.6063814216714641,-0.06583890325413477,-0.007537688442211032,0.4964131833697051,0.592174170811238,0.48473419540229884,-0.10743997540893918,-0.01167898796740624
xgboost,4,b112005d,excitement,99,40,139,True,True,True,-2.5416598975595894,0.9270112172402611,0.500180043047294,295,154,449,d0dbf2cc89b918f3f8da22b4353b6c964cbf836075f62519accbe657dc2d8556,0.09641093267220037,0.11010023156319798,-0.013689298890997612,0.48081519751229285,0.6915547240379903,-0.2107395265256975,0.08462400857466061,0.11179608095950612,0.8562843935725292,0.8562843935725292,0.822837332159366,-0.033447061413163115,-0.033447061413163115,0.8707631021460809,0.8707631021460809,0.8477228682170542,-0.023040233929026654,-0.023040233929026654
lightgbm,4,b112005d,excitement,99,40,139,True,True,True,-1.4561405333453443,0.8109416695632503,0.5067590917772883,295,154,449,d0dbf2cc89b918f3f8da22b4353b6c964cbf836075f62519accbe657dc2d8556,0.08559598205616997,0.10116192789223051,-0.015565945836060538,0.3020956089085814,0.41130176772794996,-0.10920615881936857,0.06339699300311039,0.10496316191039469,0.8581223860884878,0.8581223860884878,0.8359674224081004,-0.022154963680387385,-0.022154963680387385,0.8749593873288466,0.8749593873288466,0.8616382982580165,-0.013321089070830072,-0.013321089070830072
xgboost,4,b112005d,stress,26,24,50,True,True,True,-1.3272870527267195,0.7903915274120843,0.7321689426898956,30,260,290,920728ca85067921ce8fe6427bc81f9e42e80a4aa94ec231074e96f0aa348cdd,0.23079162350469892,0.3788663809619518,-0.14807475745725288,0.6962896635875647,1.2282345652788562,-0.5319449016912915,0.3150864579530176,0.48645559396535404,0.735897435897436,0.7256410256410256,0.6929487179487179,-0.03269230769230769,-0.04294871794871802,0.5529360469642941,0.47584046270635016,0.4326898326898327,-0.04315063001651748,-0.12024621427446142
lightgbm,4,b112005d,stress,26,24,50,True,True,True,-0.7028307548933563,0.6688150878862775,0.652855036156052,30,260,290,920728ca85067921ce8fe6427bc81f9e42e80a4aa94ec231074e96f0aa348cdd,0.19605604256286077,0.29400084657186226,-0.09794480400900149,0.5668912401606958,0.825724530534371,-0.2588332903736752,0.3082906356675227,0.42864187593789455,0.716025641025641,0.7185897435897436,0.7147435897435898,-0.0038461538461538325,-0.0012820512820512775,0.5574675324675324,0.4830659536541889,0.47807142180543716,-0.00499453184875176,-0.07939611066209529
xgboost,4,b112005d,relaxation,96,17,113,True,True,True,-0.6455911937881569,0.6560162616654264,0.4986894558533095,305,114,419,9dbdcd9e6b37b8ffe9e4408155ab5f352c1a568c2e8bf50cdb20a55b07825f1b,0.11353994089517748,0.1274436145296723,-0.01390367363449481,0.46991647595180913,0.5503392771222875,-0.08042280117047834,0.11960707553825983,0.13687719604424398,0.7670117917745183,0.7670117917745183,0.7231521426517112,-0.04385964912280704,-0.04385964912280704,0.8046388213053467,0.8046388213053467,0.7591123375876739,-0.04552648371767276,-0.04552648371767276
lightgbm,4,b112005d,relaxation,96,17,113,True,True,True,-0.9703961444934901,0.7251984507482342,0.493173824435781,305,114,419,9dbdcd9e6b37b8ffe9e4408155ab5f352c1a568c2e8bf50cdb20a55b07825f1b,0.10125629260792501,0.1342034832905852,-0.03294719068266019,0.33059742327899166,0.44811628785290997,-0.1175188645739183,0.09432442441679248,0.14670807701854857,0.7335634167385677,0.7335634167385677,0.6869571469657751,-0.046606269772792586,-0.046606269772792586,0.7712398731947869,0.7712398731947869,0.7192107222635891,-0.052029150931197865,-0.052029150931197865
xgboost,4,b112005d,interest,120,19,139,True,True,True,-3.8247210012137405,0.9786416129274711,0.7206965535879135,237,151,388,ebbb730f4af9e0b50cd2f622270f46b80b143677373dca39f689443030d9513b,0.20690552041681226,0.3013863182712629,-0.09448079785445063,0.6440831940259185,1.3103580794128038,-0.6662748853868853,0.13328160580170234,0.31040972354617763,0.6964260765082293,0.6751194567859837,0.5574929443652723,-0.11762651242071143,-0.138933132142957,0.6964260765082293,0.6803784792811312,0.4953212968355659,-0.18505718244556524,-0.20110477967266338
lightgbm,4,b112005d,interest,120,19,139,True,True,True,-2.318057542416229,0.9103615558358084,0.6211133211124379,237,151,388,ebbb730f4af9e0b50cd2f622270f46b80b143677373dca39f689443030d9513b,0.20527017663689437,0.2989217280585623,-0.09365155142166795,0.6086468054583152,1.0046180323097114,-0.3959712268513962,0.08371733029082272,0.29452964297488127,0.6302288540531478,0.6314862939056082,0.5243803615838154,-0.10710593232179277,-0.10584849246933237,0.6325757575757576,0.6292403248924988,0.4331168831168831,-0.1961234417756157,-0.19945887445887445
xgboost,4,b112005d,focus,59,13,72,True,True,True,-3.755340021193609,0.9771422055372028,0.6588631272315979,105,201,306,aa07bff06a5a8e4c34bb577bf16967911046d4055d3df3e1a6160cac54de20df,0.22362501829288975,0.41687325978011364,-0.1932482414872239,0.7695921037528113,1.7072832662397515,-0.9376911624869402,0.1929419487496013,0.41831938497755045,0.6842928216062545,0.6778251599147121,0.5943852167732765,-0.08343994314143566,-0.089907604832978,0.6737295825771326,0.653781512605042,0.493372001168692,-0.16040951143635002,-0.18035758140844055
lightgbm,4,b112005d,focus,59,13,72,True,True,True,-2.3846627904205446,0.9156502628943594,0.5862935492879391,105,201,306,aa07bff06a5a8e4c34bb577bf16967911046d4055d3df3e1a6160cac54de20df,0.21160627115166286,0.3886757689557429,-0.17706949780408004,0.6225715740503518,1.2674012594110133,-0.6448296853606615,0.17345277804254647,0.4245239415052296,0.6737029140014215,0.6676616915422886,0.5912579957356077,-0.07640369580668094,-0.0824449182658138,0.656275371183896,0.639607415485278,0.47558699282837213,-0.16402042265690586,-0.18068837835552387
xgboost,4,b1c2f044,attention,104,9,113,True,False,False,0.0,0.0168011187433876,0.0168011187433876,86,170,256,a531c6b2007dca49f5a36f67389a6bf43e494c738da7a150d17aa42a9b2139f4,0.398344223071123,0.398344223071123,0.0,1.6095837435531672,1.6095837435531672,0.0,0.4687099450735892,0.4687099450735892,0.620656634746922,0.850547195622435,0.850547195622435,0.0,0.22989056087551296,0.48616947876811134,0.8232697031483295,0.8232697031483295,0.0,0.33710022438021814
lightgbm,4,b1c2f044,attention,104,9,113,True,False,False,0.0,0.0906587110093065,0.0906587110093065,86,170,256,a531c6b2007dca49f5a36f67389a6bf43e494c738da7a150d17aa42a9b2139f4,0.33180228594009775,0.33180228594009775,0.0,1.0308265612584981,1.0308265612584981,0.0,0.4299147809055032,0.4299147809055032,0.638235294117647,0.8564295485636115,0.8564295485636115,0.0,0.21819425444596452,0.5081152854799657,0.8308597212150513,0.8308597212150513,0.0,0.3227444357350856
xgboost,4,b1c2f044,engagement,96,42,138,True,True,True,0.7134231872221088,0.32884288265019246,0.4719574418268166,228,69,297,0346616ff7480d6a16abbdb107b2eeea8c02b778841e12db21ac727452f1437e,0.12345283823657595,0.11896830610977518,0.004484532126800764,0.4847144393626141,0.42433081467330164,0.060383624689312465,0.11832684672014912,0.11362815050342447,0.7070938215102975,0.7266399694889397,0.7367467581998475,0.010106788710907755,0.029652936689549936,0.7397119341563786,0.7579282750444576,0.7643197229836964,0.006391447939238848,0.024607788827317845
lightgbm,4,b1c2f044,engagement,96,42,138,True,True,True,0.1825635381567694,0.4544854598264281,0.4602317307313556,228,69,297,0346616ff7480d6a16abbdb107b2eeea8c02b778841e12db21ac727452f1437e,0.11811045903833527,0.11595654873832208,0.00215391030001319,0.4247375812526224,0.40710402806559676,0.01763355318702564,0.10656299223995883,0.10326434323774698,0.7209191456903128,0.7187261632341724,0.7187261632341724,0.0,-0.002192982456140413,0.7588540055675843,0.7549175766182425,0.7549175766182425,0.0,-0.003936428949341764
xgboost,4,b1c2f044,excitement,110,27,137,True,True,True,-3.272364029969875,0.9634684696623441,0.5002475127548678,200,102,302,8d08c3eed7bc5a1c88f74188adb256cd9f678dd66d87778b83c3b40eef3f412a,0.05733878957971306,0.08819130781782618,-0.030852518238113115,0.2575596379679371,0.495316673273308,-0.23775703530537085,0.06023667715060023,0.09389436721836562,0.9091666666666667,0.9091666666666667,0.855343137254902,-0.053823529411764715,-0.053823529411764715,0.9232138316806509,0.9232138316806509,0.8797259983007647,-0.043487833379886154,-0.043487833379886154
lightgbm,4,b1c2f044,excitement,110,27,137,True,True,True,-1.8043731044555167,0.858680436922628,0.5078390473187797,200,102,302,8d08c3eed7bc5a1c88f74188adb256cd9f678dd66d87778b83c3b40eef3f412a,0.048232903808691455,0.06972535678623155,-0.0214924529775401,0.16888098437153962,0.2740007020920883,-0.1051197177205487,0.040034293218620676,0.08051062774412315,0.9140686274509804,0.9140686274509804,0.8626470588235294,-0.05142156862745095,-0.05142156862745095,0.927259358797206,0.927259358797206,0.8848767663489977,-0.0423825924482083,-0.0423825924482083
xgboost,4,b1c2f044,stress,74,23,97,True,True,True,-1.9897911288333168,0.8797210382231649,0.5018213321454823,77,62,139,063b0676a7d67f9255b74979f7b82651d18ed0be924f2e66936f24c02564f901,0.13207123187092423,0.1255184398133287,0.006552792057595541,0.5593355136138489,0.44938771344358774,0.10994780017026118,0.10604835607165058,0.1051474916656053,0.8443653121072476,0.8443653121072476,0.834939254294093,-0.009426057813154642,-0.009426057813154642,0.8345323741007195,0.8345323741007195,0.8332898785002868,-0.0012424956004326582,-0.0012424956004326582
lightgbm,4,b1c2f044,stress,74,23,97,True,True,True,-1.1476935798885064,0.7590893877806528,0.4774580930964923,77,62,139,063b0676a7d67f9255b74979f7b82651d18ed0be924f2e66936f24c02564f901,0.10821664076695625,0.10150725876070758,0.006709382006248668,0.36265253339389336,0.3202716911295582,0.04238084226433514,0.10386330720666978,0.049494143825264875,0.8719103477167993,0.8719103477167993,0.8528487641390867,-0.019061583577712593,-0.019061583577712593,0.8632810477817466,0.8632810477817466,0.8539302227826818,-0.00935082499906481,-0.00935082499906481
xgboost,4,b1c2f044,relaxation,31,38,69,True,True,True,2.5635253949716494,0.07152307557729172,0.4905121396877803,91,229,320,a66578fc6358b6377fd715b28cc44ba82e4f6c627072916ef79d194afae6a6c7,0.05348636799497617,0.08591287867769157,-0.0324265106827154,0.20821275178517978,0.33343565021214816,-0.12522289842696838,0.04121682059567319,0.09169887079581807,0.912231872930563,0.912231872930563,0.8231201113297183,-0.08911176160084466,-0.08911176160084466,0.914975845410628,0.914975845410628,0.8546309657420769,-0.06034487966855118,-0.06034487966855118
lightgbm,4,b1c2f044,relaxation,31,38,69,True,True,True,1.5480513266848321,0.17536789535325786,0.4659052112832334,91,229,320,a66578fc6358b6377fd715b28cc44ba82e4f6c627072916ef79d194afae6a6c7,0.05211363575702921,0.07991353539970744,-0.027799899642678233,0.18454768398258242,0.2730826128351381,-0.0885349288525557,0.04653711240845372,0.09758890304392567,0.9056096741686261,0.9077930802821632,0.8231201113297183,-0.08467296895244492,-0.08248956283890785,0.9137931034482758,0.9174193548387097,0.8546309657420769,-0.06278838909663287,-0.059162137706198936
xgboost,4,b1c2f044,interest,105,19,124,True,True,True,-3.62272158198013,0.9739849739930698,0.5315286032855511,234,60,294,f231a3e9df0f20718b613ed7d7e6b9de94b8cce2075ec92fdf5b6e241d288b9f,0.2191804733610937,0.08441998364168214,0.13476048971941157,0.7707004192920591,0.2994127447732808,0.47128767451877834,0.25884044814821594,0.05295623256505961,0.8021367521367522,0.8085470085470086,0.8032051282051282,-0.005341880341880323,0.0010683760683760646,0.6876237948448876,0.6967468923565194,0.8050921861281826,0.10834529377166313,0.117468391283295
lightgbm,4,b1c2f044,interest,105,19,124,True,True,True,-2.7280117798827197,0.9386594594758961,0.6031294548279362,234,60,294,f231a3e9df0f20718b613ed7d7e6b9de94b8cce2075ec92fdf5b6e241d288b9f,0.1990647516150264,0.08688757000054226,0.11217718161448414,0.5885832193845755,0.28818341443761064,0.30039980494696483,0.2774330938117628,0.038172705751225944,0.7914529914529915,0.8027777777777778,0.7455128205128205,-0.057264957264957284,-0.045940170940171,0.6725718725718726,0.7099479309399835,0.7839460810044723,0.07399815006448873,0.11137420843259971
xgboost,4,b1c2f044,focus,120,24,144,True,True,True,-3.447653176332735,0.9691610762237775,0.4973408351652324,201,85,286,8f8b36cf636dc64729811ec241065a3667483100291310b23722efc0bfa0417f,0.15691796355885645,0.17331640107733315,-0.016398437518476694,0.6431233539503121,1.0133829554705747,-0.3702596015202626,0.1480248313920014,0.1702870390498536,0.7527363184079602,0.7527363184079602,0.6875621890547263,-0.06517412935323386,-0.06517412935323386,0.7654830973930533,0.7654830973930533,0.7116935483870968,-0.05378954900595656,-0.05378954900595656
lightgbm,4,b1c2f044,focus,120,24,144,True,True,True,-2.431706957713965,0.9192133824435317,0.4760329693644116,201,85,286,8f8b36cf636dc64729811ec241065a3667483100291310b23722efc0bfa0417f,0.1367327279368696,0.17248468670090603,-0.03575195876403642,0.43116163154978837,0.7020017686406017,-0.27084013709081334,0.10790853190330792,0.17429363961898153,0.7375768217734855,0.7375768217734855,0.66900790166813,-0.06856892010535554,-0.06856892010535554,0.7525601296188513,0.7525601296188513,0.6903606361532144,-0.06219949346563691,-0.06219949346563691
xgboost,1,c060c06a,attention,52,49,101,True,True,True,-1.8820202752864743,0.8678430071474929,0.7317550256848335,83,86,169,eb8d727273c0c421a049f443f3f7ae8a293e842d39d56931283349fd0efb50e6,0.17600725551699425,0.11260959226377293,0.06339766325322133,0.5647092603748451,0.3673843955262161,0.19732486484862904,0.1893115242737891,0.06361263544544386,0.7600868590641636,0.8207481087139255,0.8398711123564023,0.019123003642476877,0.0797842532922387,0.7539312754804892,0.8202127659574469,0.8400350569675723,0.019822291010125448,0.08610378148708309
lightgbm,1,c060c06a,attention,52,49,101,True,True,True,-1.835691730280454,0.8624383787637159,0.7730366289834667,83,86,169,eb8d727273c0c421a049f443f3f7ae8a293e842d39d56931283349fd0efb50e6,0.19239375411395823,0.10359279370605178,0.08880096040790646,0.5546692768932382,0.33776856541072103,0.21690071148251716,0.23679711765775752,0.11196067441799021,0.6929812272345195,0.8386102549733818,0.8288736340711684,-0.009736620902213389,0.13589240683664894,0.6666666666666667,0.8384035131210823,0.8283783310571838,-0.010025182063898463,0.1617116643905171
xgboost,1,c060c06a,engagement,48,87,135,True,True,True,-0.3844394645576771,0.5949434000037698,0.5308271422982216,98,84,182,600fdaf46a0b79041c15c1a3f9972f4b772b1388911edd38c067c77de2ffb5f0,0.1474350111704345,0.13971596885295995,0.007719042317474556,0.45044267049322617,0.42490909384419506,0.02553357664903111,0.12466891234094413,0.12066669455239899,0.7950680272108843,0.8001700680272108,0.8027210884353742,0.0025510204081633514,0.007653061224489832,0.7911835748792271,0.7966480446927375,0.8015988372093024,0.004950792516564828,0.010415262330075281
lightgbm,1,c060c06a,engagement,48,87,135,True,True,True,0.034593357328343066,0.491352523020624,0.5585559240579577,98,84,182,600fdaf46a0b79041c15c1a3f9972f4b772b1388911edd38c067c77de2ffb5f0,0.1255299573875914,0.1268225494263155,-0.0012925920387240886,0.37687120366537463,0.3800143665934203,-0.003143162928045673,0.09128882179929812,0.10037232759022885,0.7950680272108843,0.8188775510204082,0.8069727891156463,-0.011904761904761862,0.011904761904761973,0.7911835748792271,0.8180165439505499,0.8021978021978022,-0.015818741752747667,0.011014227318575154
xgboost,1,c060c06a,excitement,107,10,117,True,True,True,-7.738386861931497,0.9995644158442595,0.8400230407714844,126,34,160,e54ffb71f604e97bcafd2838613c608f11e60d7f72360e5b3de6354e8a0846cc,0.15958415643008433,0.07888866932560971,0.08069548710447462,0.572114730205673,0.31241540418231406,0.259699326023359,0.21920503448654927,0.1043426787188371,0.8690476190476191,0.8991596638655461,0.7941176470588236,-0.10504201680672254,-0.07492997198879547,0.761291197612912,0.8385794995964487,0.8440545808966862,0.005475081300237439,0.0827633832837742
lightgbm,1,c060c06a,excitement,107,10,117,True,True,True,-5.457744204921152,0.9957549356703518,0.7222615414902049,126,34,160,e54ffb71f604e97bcafd2838613c608f11e60d7f72360e5b3de6354e8a0846cc,0.14775273639854308,0.09005355113503385,0.05769918526350923,0.4810526537657352,0.2960046493883382,0.185048004377397,0.22333036910282372,0.11308271358125153,0.8611111111111112,0.9059290382819795,0.7058823529411764,-0.20004668534080305,-0.15522875816993476,0.7494519260883182,0.8342459671451827,0.7549019607843137,-0.07934400636086902,0.005450034695995476
xgboost,1,c060c06a,stress,77,57,134,True,True,True,-2.232163636147983,0.9031008633555178,0.7390490472316742,141,86,227,45a8b3d2ee0be4d60766b45ef83cd8d15b41e5d0f3f4a9a184f2e044078994d4,0.2840658714440148,0.1706395657656538,0.11342630567836098,0.9912112227148531,0.5072575763951577,0.4839536463196954,0.33692593400321474,0.12695211536285858,0.7140442025399967,0.7675243278904833,0.7347847600197922,-0.0327395678706911,0.02074055747979553,0.643921568627451,0.7224669603524229,0.7209754163362411,-0.0014915440161817894,0.07705384770879009
lightgbm,1,c060c06a,stress,77,57,134,True,True,True,-1.5568648412836792,0.825903017717765,0.7468289388875031,141,86,227,45a8b3d2ee0be4d60766b45ef83cd8d15b41e5d0f3f4a9a184f2e044078994d4,0.20016075925080887,0.12728754073641643,0.07287321851439243,0.6003332138939012,0.40281528765646624,0.19751792623743492,0.24926245924996407,0.05916371000127252,0.7543295398317664,0.8357661223816593,0.787275276265875,-0.04849084611578425,0.032945736434108586,0.6999689006375369,0.8263687600644123,0.7910809906291834,-0.03528776943522893,0.09111208999164644
xgboost,1,c060c06a,relaxation,14,119,133,True,True,True,-3.605054491471667,0.973533552502647,0.9840811938047408,17,147,164,a30353a27d4a7bcb0f05da7a47bccbe086def9e2d4d6d34d8ef4580f2f514a0d,0.09374832077942415,0.09958016822899067,-0.005831847449566524,0.5311967931994209,0.3657612698276995,0.1654355233717214,0.09474615195536103,0.09555010485590693,0.555422168867547,0.6356542617046819,0.6130452180872349,-0.022609043617446978,0.05762304921968786,0.574025974025974,0.6321794246708923,0.6190878378378378,-0.013091586833054447,0.045061863811863834
lightgbm,1,c060c06a,relaxation,14,119,133,True,True,True,-1.487700582330961,0.8157328917070524,0.9022401683357216,17,147,164,a30353a27d4a7bcb0f05da7a47bccbe086def9e2d4d6d34d8ef4580f2f514a0d,0.09017644351087908,0.09736912021944982,-0.007192676708570739,0.37866101923973017,0.3348450557864018,0.04381596345332839,0.09029062174264807,0.05994829877983253,0.5588235294117647,0.5248099239695878,0.5350140056022409,0.010204081632653073,-0.023809523809523836,0.5809913132345427,0.5271594971744896,0.5404992358634743,0.013339738688984637,-0.04049207737106841
xgboost,1,c060c06a,interest,38,43,81,True,True,True,-2.3586166018605583,0.913616688468188,0.8146394044160843,83,120,203,d2d2d2afc62db4ca588b53fb484c79202dc83691e69753709eeca6859a11f71d,0.14977391453676167,0.17348442741155867,-0.023710512874797002,0.4916777825690066,0.565164049263854,-0.07348626669484737,0.11784549241138881,0.1557032251977324,0.7813253012048194,0.7975903614457831,0.7781626506024096,-0.01942771084337347,-0.0031626506024097223,0.7885416666666667,0.7935200575553847,0.7666381313440137,-0.026881926211370977,-0.02190353532265299
lightgbm,1,c060c06a,interest,38,43,81,True,True,True,-1.3525397289085879,0.7945445326333549,0.7863301376913736,83,120,203,d2d2d2afc62db4ca588b53fb484c79202dc83691e69753709eeca6859a11f71d,0.10973000186954508,0.132299221708937,-0.022569219839391905,0.34837020267484176,0.41221578374052775,-0.063845581065686,0.07744345356375862,0.15218283580379013,0.8118975903614458,0.8369979919678714,0.8244979919678714,-0.012499999999999956,0.012600401606425615,0.8202604166666667,0.8216865118094866,0.807208084743699,-0.014478427065787614,-0.01305233192296773
xgboost,1,c060c06a,focus,162,3,165,True,False,False,0.0,0.398542545735836,0.398542545735836,220,10,230,2b8cc382aa3551b65caf887f3798dea9a55c5973a9ef8314106f5634c00f14ea,0.11349795174992444,0.11349795174992444,0.0,0.39012366732150616,0.39012366732150616,0.0,0.15029531511675526,0.15029531511675526,0.7318181818181818,0.7204545454545455,0.7204545454545455,0.0,-0.011363636363636354,0.5893719806763285,0.5699697972098374,0.5699697972098374,0.0,-0.01940218346649103
lightgbm,1,c060c06a,focus,162,3,165,True,False,False,0.0,0.4357630421520899,0.4357630421520899,220,10,230,2b8cc382aa3551b65caf887f3798dea9a55c5973a9ef8314106f5634c00f14ea,0.11871737703236297,0.11871737703236297,0.0,0.36893649534859146,0.36893649534859146,0.0,0.20831712268511726,0.20831712268511726,0.7159090909090908,0.7522727272727272,0.7522727272727272,0.0,0.036363636363636376,0.5628389968012609,0.5591666666666667,0.5591666666666667,0.0,-0.003672330134594226
xgboost,1,c112918e,attention,63,52,115,True,True,True,-5.557873565573098,0.9961578497793885,0.9940013140439988,316,177,493,8126a2bf5f4ff63741b2a79a15ad4f0db1b4ca1309d675f388195160fa918c5e,0.4262373662990219,0.15934974707223087,0.26688761922679105,1.8108940684087471,0.5318304033031969,1.2790636651055503,0.46846597618376173,0.10261210579454942,0.5994600586426375,0.7544428949438604,0.7298147750840307,-0.02462811985982971,0.13035471644139318,0.4697556358630184,0.7538077403245942,0.7369056071426914,-0.016902133181902812,0.267149971279673
lightgbm,1,c112918e,attention,63,52,115,True,True,True,-3.18437946631143,0.9602421988649417,0.9590321253397502,316,177,493,8126a2bf5f4ff63741b2a79a15ad4f0db1b4ca1309d675f388195160fa918c5e,0.3890978412069524,0.13698608855165964,0.25211175265529273,1.203574514315157,0.43024021984909183,0.7733342944660653,0.45616917562967796,0.047674533338222594,0.5750464850175213,0.7907190874633484,0.7850693699492242,-0.005649717514124242,0.21002288493170285,0.42184185213002856,0.7932242832595959,0.7882158764611453,-0.005008406798450604,0.36637402433111677
xgboost,1,c112918e,engagement,55,54,109,True,True,True,-1.8125024562281191,0.8596640468338949,0.7804114669561386,235,197,432,959460e0472e73056b3a4df2f8b435ecaeab0a8eede79db4f3c9ebea328d06f7,0.19650101463741002,0.27835672290378927,-0.08185570826637925,0.6553096914748108,1.0259877591010877,-0.370678067626277,0.14307177893089865,0.2892356661161407,0.7208445836483421,0.6415703639701912,0.6022680635057781,-0.039302300464413076,-0.11857652014256403,0.7214356604969077,0.6171138506163887,0.5574229691876751,-0.059690881428713594,-0.16401269130923257
lightgbm,1,c112918e,engagement,55,54,109,True,True,True,-1.3032139679348127,0.7863753916636329,0.7543825090080454,235,197,432,959460e0472e73056b3a4df2f8b435ecaeab0a8eede79db4f3c9ebea328d06f7,0.18103850036961303,0.2466609028918139,-0.06562240252220086,0.5486418847522448,0.7543449379199872,-0.2057030531677424,0.08718371225447764,0.24651414854945766,0.7195377470569175,0.6340317528890809,0.6183929150016201,-0.015638837887460788,-0.10114483205529745,0.7204008302274199,0.6002425093334185,0.5760384237925946,-0.024204085540823872,-0.14436240643482523
xgboost,1,c112918e,excitement,34,79,113,True,True,True,-2.954911764286429,0.9504951193922965,0.815933421254158,335,118,453,693e4056b5822d6afcffde91dc97469eea4081dfcf6bc773f6af498b88953a59,0.18736192418947262,0.08853697991062248,0.09882494427885014,0.703531998113169,0.32674039603917293,0.3767916020739961,0.21927079663495633,0.07227072373968116,0.8195927143941311,0.8568555527447508,0.8672527194535795,0.010397166708828731,0.04766000505944845,0.7426136363636364,0.8146481178396072,0.8515727391874182,0.03692462134781094,0.10895910282378174
lightgbm,1,c112918e,excitement,34,79,113,True,True,True,-1.088886023063127,0.7481718944506136,0.6813897626981784,335,118,453,693e4056b5822d6afcffde91dc97469eea4081dfcf6bc773f6af498b88953a59,0.12034938348905991,0.07885405842494742,0.04149532506411249,0.3814665012904093,0.26050174505597057,0.12096475623443875,0.15570525556807815,0.07307830509681257,0.8735643814824183,0.8775107513281053,0.8926764482671389,0.01516569693903358,0.01911206678472055,0.8224921630094044,0.8423872703655595,0.8699397071490095,0.027552436783449985,0.04744754413960506
xgboost,1,c112918e,stress,126,9,135,True,False,False,0.0,0.9574865996837616,0.9574865996837616,68,144,212,ec66442b354338929d495b8e3e7fa344c351f46cec73cc39fdc5cedac5f0527d,0.23724314300145527,0.23724314300145527,0.0,1.0818759375614668,1.0818759375614668,0.0,0.23077942997454404,0.23077942997454404,0.5890522875816994,0.6593137254901961,0.6593137254901961,0.0,0.0702614379084967,0.5769918811063712,0.6653377926421404,0.6653377926421404,0.0,0.0883459115357692
lightgbm,1,c112918e,stress,126,9,135,True,False,False,0.0,0.8338101217895257,0.8338101217895257,68,144,212,ec66442b354338929d495b8e3e7fa344c351f46cec73cc39fdc5cedac5f0527d,0.19788342199012712,0.19788342199012712,0.0,0.6147324467305633,0.6147324467305633,0.0,0.1513058416625995,0.1513058416625995,0.6184640522875817,0.6774918300653594,0.6774918300653594,0.0,0.05902777777777768,0.6191616766467065,0.6838180462341537,0.6838180462341537,0.0,0.06465636958744714
xgboost,1,c112918e,relaxation,37,62,99,True,True,True,-6.748949535150306,0.998829261999072,0.9974738657474518,221,287,508,097acc5003ebe9b1499a2c0faaca1b60ce74f7c0687377fc39504a7ae7e0c25f,0.3893555181276843,0.1400976662568684,0.24925785187081592,2.281372144931226,0.4547086270924786,1.8266635178387474,0.40430549892970896,0.07188067373148777,0.5248868778280543,0.7770350166332949,0.7989342078294732,0.021899191196178336,0.2740473300014189,0.41348522167487683,0.7832147937411096,0.8034055727554179,0.020190779014308324,0.38992035108054107
lightgbm,1,c112918e,relaxation,37,62,99,True,True,True,-3.7637387922972314,0.977329044901366,0.9673116303845952,221,287,508,097acc5003ebe9b1499a2c0faaca1b60ce74f7c0687377fc39504a7ae7e0c25f,0.34455075035805,0.11479339274996005,0.22975735760808996,1.227372148779858,0.3711407370009001,0.8562314117789578,0.3738781933715182,0.07284719506426918,0.5316742081447964,0.8085279139798509,0.8518533116811453,0.0433253977012944,0.32017910353634893,0.42705206091481185,0.8149892583120204,0.855810476407495,0.040821218095474565,0.4287584154926831
xgboost,1,c112918e,interest,53,41,94,True,True,True,-3.687468260944833,0.9755761537006196,0.9554738998413086,230,170,400,b82524c7eddc47baa9765310b629ebdb11284d0ddcc4f7fda9d964a35d95ba64,0.40839203647181677,0.15787103480114104,0.2505210016706757,1.4710514809918387,0.49197905031253614,0.9790724306793026,0.4578663397859781,0.05845576584978772,0.55,0.7758312020460358,0.7597186700767263,-0.016112531969309507,0.2097186700767263,0.4016951969419976,0.7623202546926113,0.7582558797895553,-0.004064374903056001,0.3565606828475577
lightgbm,1,c112918e,interest,53,41,94,True,True,True,-1.9924621060679848,0.880003372968553,0.8152092786466784,230,170,400,b82524c7eddc47baa9765310b629ebdb11284d0ddcc4f7fda9d964a35d95ba64,0.29977238597584477,0.14150336981892897,0.1582690161569158,0.8420492719361783,0.44440467729307387,0.3976445946431044,0.3584791279908184,0.07738560110065854,0.5869565217391304,0.7941176470588235,0.7952685421994885,0.0011508951406650203,0.20831202046035813,0.4689028651292802,0.7798624140087556,0.796798940267891,0.016936526259135443,0.3278960751386108
xgboost,1,c112918e,focus,43,61,104,True,True,True,1.5181946789403167,0.17972751596211337,0.3637196850031614,367,84,451,41e2c0bdeff43b07a35d1ff3970988af1ba4ee1fc36949358ea70c30268a5f9e,0.10259872440683755,0.12443119915556182,-0.021832474748724268,0.3948860685283193,0.4510684059213742,-0.05618233739305489,0.06691905136403976,0.11288623616970433,0.7603315168029064,0.7873686259244843,0.7931101595951733,0.00574153367068897,0.03277864279226683,0.7752285694644944,0.7940758943025312,0.7642064491424952,-0.02986944516003598,-0.011022120321999118
lightgbm,1,c112918e,focus,43,61,104,True,True,True,1.072818864878934,0.254867383730132,0.3899284830999555,367,84,451,41e2c0bdeff43b07a35d1ff3970988af1ba4ee1fc36949358ea70c30268a5f9e,0.10149929155102223,0.13621435681476565,-0.03471506526374342,0.34239217677322453,0.4262287864941598,-0.08383660972093526,0.05855865448751291,0.14275513613107774,0.7625535227715063,0.7572499026858699,0.7429122875308161,-0.014337615155053829,-0.01964123524069028,0.7869550879257021,0.7560725558416816,0.7087245654750498,-0.04734799036663184,-0.07823052245065232
xgboost,5,c1a150b1,attention,18,95,113,True,True,True,2.217011817441281,0.09823319015373293,0.4980326350778341,142,182,324,64c62c63afcbd91f0d016205c4388f2799cee00cc0b09aadce06778ca5ba7915,0.19931360406029025,0.29220760215542,-0.09289399809512977,0.6330021358685349,1.1740333538516572,-0.5410312179831223,0.17642700412963874,0.3121505488288534,0.7009750812567714,0.7009750812567714,0.6001392973223959,-0.10083578393437553,-0.10083578393437553,0.6997978436657681,0.6997978436657681,0.5521606285464863,-0.14763721511928185,-0.14763721511928185
lightgbm,5,c1a150b1,attention,18,95,113,True,True,True,0.7678647131610732,0.31694119258892045,0.5428625279163126,142,182,324,64c62c63afcbd91f0d016205c4388f2799cee00cc0b09aadce06778ca5ba7915,0.18157857863934837,0.23135595300444373,-0.049777374365095356,0.5448469685183466,0.6989792312227009,-0.15413226270435432,0.1531060971233082,0.24446158620662833,0.7002785946447918,0.7229531032347933,0.6247871846463395,-0.0981659185884538,-0.07549140999845227,0.6939770680490269,0.7222222222222222,0.5898588616655034,-0.13236336055671882,-0.10411820638352354
xgboost,5,c1a150b1,engagement,73,44,117,True,True,True,4.285818006229507,0.013575527928083673,0.0039547950727865,78,251,329,8f557d984488b50ddfc0c4200e79b56c50140033a49eab39337e11804e51d355,0.6581983692406036,0.4109234722970758,0.24727489694352778,4.081709763025552,1.5464412294335248,2.5352685335920273,0.6885955794082605,0.46188358523861084,0.5398406374501992,0.714960670139953,0.6560680355501073,-0.05889263458984573,0.11622739809990812,0.2753511256042793,0.5889057175312382,0.49465171367236654,-0.09425400385887167,0.21930058806808722
lightgbm,5,c1a150b1,engagement,73,44,117,True,True,True,2.0922801020463018,0.10984942180804073,0.0563767408275411,78,251,329,8f557d984488b50ddfc0c4200e79b56c50140033a49eab39337e11804e51d355,0.5992760127646495,0.3196126120502428,0.2796634007144067,2.069448488441634,0.8936750915288498,1.1757733969127844,0.6615778584351739,0.43296193059625754,0.5239043824701195,0.7660639493308816,0.6613545816733067,-0.10470936765757488,0.13745019920318724,0.24309573085623526,0.6430265495223006,0.4832397072954394,-0.15978684222686124,0.24014397643920415
xgboost,5,c1a150b1,excitement,129,5,134,True,False,False,0.0,0.5010953505989164,0.5010953505989164,243,52,295,cfb0ebc92f8392eee5499bf4bd05d2a866e7e08e31be4e5ea35bf796bc6e0ba6,0.04282831463289672,0.04282831463289672,0.0,0.16102692710488622,0.16102692710488622,0.0,0.038184936455062435,0.038184936455062435,0.9086736308958532,0.9086736308958532,0.9086736308958532,0.0,0.0,0.9117840553417994,0.9117840553417994,0.9117840553417994,0.0,0.0
lightgbm,5,c1a150b1,excitement,129,5,134,True,False,False,0.0,0.5162194222650339,0.5162194222650339,243,52,295,cfb0ebc92f8392eee5499bf4bd05d2a866e7e08e31be4e5ea35bf796bc6e0ba6,0.0556390948218373,0.0556390948218373,0.0,0.20027605011944366,0.20027605011944366,0.0,0.058980434203738163,0.058980434203738163,0.8853276353276354,0.8894428616650839,0.8894428616650839,0.0,0.004115226337448541,0.8882598034329459,0.8984591710704812,0.8984591710704812,0.0,0.010199367637535373
xgboost,5,c1a150b1,relaxation,109,21,130,True,True,True,-5.686950096432435,0.9966215365713323,0.8692840933799744,211,97,308,5da8bf7162e8c77122c6ceace4588a8b9a7944d025c2dc5759e2696e700daf59,0.17800108881606905,0.21857134679590753,-0.04057025797983849,0.5657761946533724,1.1380194674435278,-0.5722432727901554,0.14474561419710763,0.22581293530448932,0.7229686812918357,0.7447598573313138,0.6134020618556701,-0.13135779547564364,-0.10956661943616552,0.7042118260392372,0.7654864850165879,0.6094212332820452,-0.15606525173454266,-0.09479059275719193
lightgbm,5,c1a150b1,relaxation,109,21,130,True,True,True,-4.419965948130994,0.9881084682486063,0.8668261685629195,211,97,308,5da8bf7162e8c77122c6ceace4588a8b9a7944d025c2dc5759e2696e700daf59,0.17128538734451737,0.2168408833573572,-0.04555549601283984,0.5080260969187957,0.8331739376265955,-0.3251478407077998,0.18329278688825637,0.2252085582139095,0.7742219182098011,0.7430986466018469,0.6030927835051546,-0.14000586309669227,-0.17112913470464652,0.7300140252454418,0.7708726752503576,0.5937858623229364,-0.17708681292742123,-0.1362281629225054
xgboost,5,c1a150b1,interest,121,7,128,True,False,False,0.0,0.4775172863155603,0.4775172863155603,105,77,182,84ff864000cb767f42a288cb3ca4bac5ec0229d3d682acc0b601f4c0a71455ed,0.16273952136414868,0.16273952136414868,0.0,0.5181572740627604,0.5181572740627604,0.0,0.1745945523038205,0.1745945523038205,0.7194805194805195,0.7259740259740259,0.7259740259740259,0.0,0.00649350649350644,0.7216351501668521,0.7291947818263608,0.7291947818263608,0.0,0.007559631659508681
lightgbm,5,c1a150b1,interest,121,7,128,True,False,False,0.0,0.3601270688660341,0.3601270688660341,105,77,182,84ff864000cb767f42a288cb3ca4bac5ec0229d3d682acc0b601f4c0a71455ed,0.15459654767276504,0.15459654767276504,0.0,0.4779875340633854,0.4779875340633854,0.0,0.14520450372092727,0.14520450372092727,0.7354978354978355,0.7796536796536797,0.7796536796536797,0.0,0.04415584415584417,0.7394098131657063,0.7883650619621915,0.7883650619621915,0.0,0.04895524879648516
xgboost,5,c1a150b1,focus,84,3,87,True,False,False,0.0,0.5,0.5,152,75,227,5cbec50d535cb94c27728356bdb18d30a62222e010ee106ff5032b68d7bdcf8f,0.2094332667603777,0.2094332667603777,0.0,0.7207086750541425,0.7207086750541425,0.0,0.16617783541519782,0.16617783541519782,0.6544736842105263,0.6544736842105263,0.6544736842105263,0.0,0.0,0.6602500633217436,0.6602500633217436,0.6602500633217436,0.0,0.0
lightgbm,5,c1a150b1,focus,84,3,87,True,False,False,0.0,0.5,0.5,152,75,227,5cbec50d535cb94c27728356bdb18d30a62222e010ee106ff5032b68d7bdcf8f,0.19116514646223484,0.19116514646223484,0.0,0.5663326699919294,0.5663326699919294,0.0,0.09855485097627359,0.09855485097627359,0.6308333333333334,0.6308333333333334,0.6308333333333334,0.0,0.0,0.6375850465453294,0.6375850465453294,0.6375850465453294,0.0,0.0
xgboost,3,d0724095,attention,123,28,151,True,True,True,0.6265684553768687,0.34828903673672845,0.3950112361926585,80,136,216,d31a21c1342d1188ef0929f933f179be7d3ee663ee050f5e39df95cfb136180b,0.34211355121537457,0.2856328111229129,0.05648074009246168,1.121858873699714,0.8942647266963886,0.22759414700332536,0.39654729054715665,0.3284287519569505,0.6297794117647059,0.6503676470588236,0.6797794117647059,0.02941176470588236,0.050000000000000044,0.5188452285485164,0.5603895393369078,0.6019684783315629,0.041578938994655035,0.08312324978304642
lightgbm,3,d0724095,attention,123,28,151,True,True,True,0.18051315356419695,0.45499385571902545,0.3016488289528554,80,136,216,d31a21c1342d1188ef0929f933f179be7d3ee663ee050f5e39df95cfb136180b,0.2979170460461732,0.2756116078639906,0.022305438182182613,0.8283354881567548,0.7657132961554751,0.06262219200127972,0.3604177691189757,0.3331758021470645,0.6360294117647058,0.7,0.6617647058823529,-0.038235294117647034,0.02573529411764708,0.5227531412502511,0.6480274442538594,0.5619047619047619,-0.08612268234909748,0.03915162065451083
xgboost,3,d0724095,engagement,51,52,103,True,True,True,-1.9864577857939563,0.8793678840778817,0.703660175204277,87,140,227,687283284363650bd8bc3fbda69112abe6461493f8e510cb67de5bed42e377d1,0.25320803164156175,0.18225460212521036,0.07095342951635139,1.103182405335043,0.6413369581541394,0.4618454471809036,0.27092096446074015,0.1895481636117916,0.632183908045977,0.6365353037766831,0.6940065681444992,0.05747126436781613,0.06182266009852222,0.6160676532769556,0.6251805985552116,0.7004398826979472,0.07525928414273564,0.08437222942099165
lightgbm,3,d0724095,engagement,51,52,103,True,True,True,-0.6723380283130047,0.6620264850107651,0.614125577251471,87,140,227,687283284363650bd8bc3fbda69112abe6461493f8e510cb67de5bed42e377d1,0.20442041293180013,0.16930118086333307,0.035119232068467066,0.6630692478213869,0.5296157958895931,0.1334534519317938,0.2237935296347643,0.1708368075505834,0.6436781609195402,0.6803366174055829,0.7033251231527093,0.02298850574712641,0.05964696223316912,0.6325710108604845,0.6828343313373253,0.7115347018572825,0.02870037051995722,0.07896369099679801
xgboost,3,d0724095,excitement,98,27,125,True,True,True,0.3858640342266749,0.40471334548940524,0.4989105993954581,126,125,251,96ed4f76903e880ae75cfb950041dd34eb1a23de004c42c4c6d3892460540ec3,0.1233726820100897,0.12595067118332814,-0.0025779891732384402,0.5081499865696414,0.5120497558022564,-0.0038997692326150357,0.10923853279995183,0.11652102423688046,0.8486349206349206,0.8486349206349206,0.8486666666666667,3.17460317460494e-05,3.17460317460494e-05,0.8486031746031746,0.8486031746031746,0.8485839471678944,-1.9227435280155802e-05,-1.9227435280155802e-05
lightgbm,3,d0724095,excitement,98,27,125,True,True,True,-0.3848482338932898,0.5950419037647171,0.4992160568905882,126,125,251,96ed4f76903e880ae75cfb950041dd34eb1a23de004c42c4c6d3892460540ec3,0.11305474678843142,0.11115159333706562,0.0019031534513657966,0.37517771935889177,0.37928241392995476,-0.0041046945710629945,0.0872092679887275,0.09017482552441541,0.8486349206349206,0.8486349206349206,0.8604761904761904,0.011841269841269764,0.011841269841269764,0.8486031746031746,0.8486031746031746,0.8604780433574208,0.01187486875424626,0.01187486875424626
xgboost,3,d0724095,stress,108,47,155,True,True,True,-2.0605011849907386,0.8870044122331232,0.5886195972561836,251,55,306,83c9ed49eeec9c5aba8050ec4980a007f7bcc04892b378fc886f46cc768a4ab8,0.28785166672893897,0.15091600652447992,0.13693566020445905,0.9715706470846919,0.4958007259229775,0.47576992116171435,0.359038668779772,0.12632331781026904,0.71836291198841,0.7280695400217312,0.7495834842448388,0.021513944223107595,0.031220572256428825,0.572486378242444,0.6009659502535619,0.7167571018193425,0.11579115156578057,0.14427072357689852
lightgbm,3,d0724095,stress,108,47,155,True,True,True,-1.5371019479237717,0.8230430387330075,0.5973145842818652,251,55,306,83c9ed49eeec9c5aba8050ec4980a007f7bcc04892b378fc886f46cc768a4ab8,0.3056936693920268,0.14789172364225722,0.15780194574976958,0.8898481273345236,0.4659738711842324,0.4238742561502912,0.4134523238633213,0.14905940121533537,0.668562115175661,0.7141253169141615,0.7172039116262223,0.003078594712060845,0.048641796450561325,0.5051691257653317,0.5822004820307027,0.6965891062929667,0.11438862426226393,0.19141998052763498
xgboost,3,d0724095,relaxation,36,36,72,True,True,True,0.9428977889635419,0.2803153745245631,0.3312017098069191,63,173,236,786b4b3e6e12a9fb21e8c360c67b167329dddb08ffa775d47a890b072a380b7c,0.10692420014886118,0.11216164527227515,-0.005237445123413967,0.3651314368743576,0.39934721723047245,-0.03421578035611483,0.07391356516906188,0.08092515133302079,0.8008074135241765,0.7654830718414534,0.7575465639049455,-0.007936507936507908,-0.043260849619231045,0.8100378787878788,0.79317455407774,0.7856494096276112,-0.007525144450128751,-0.0243884691602676
lightgbm,3,d0724095,relaxation,36,36,72,True,True,True,0.8820164471173129,0.2927600958565165,0.3551964360138135,63,173,236,786b4b3e6e12a9fb21e8c360c67b167329dddb08ffa775d47a890b072a380b7c,0.115321862840118,0.11630898784206507,-0.0009871250019470729,0.357598061204884,0.35722117166361866,0.00037688954126535723,0.056083311768606696,0.0732732260624619,0.8065418845765666,0.7430956968529223,0.7445637214423342,0.0014680245894118649,-0.061978163134232434,0.7958613347528112,0.7629331993972878,0.7748807631160572,0.011947563718769483,-0.02098057163675393
xgboost,3,d0724095,interest,109,45,154,True,True,True,-1.8094424466832657,0.8592944754028834,0.5597221776843071,133,148,281,583eb794354529352aa2849f30df9be4aec3948bd15080f18f9693bb00b0ee6a,0.2194862790608905,0.17248843589374857,0.04699784316714192,0.784615564489115,0.566134397919774,0.2184811665693409,0.21004097352344608,0.0936365463634784,0.6884017476122739,0.6996799431009957,0.7580268238162975,0.05834688071530181,0.06962507620402358,0.6767992113046336,0.690263319044703,0.7588168227411896,0.0685535036964866,0.08201761143655595
lightgbm,3,d0724095,interest,109,45,154,True,True,True,-1.1635893437067106,0.7619843054026963,0.5594329509766222,133,148,281,583eb794354529352aa2849f30df9be4aec3948bd15080f18f9693bb00b0ee6a,0.18816408935039666,0.15562033823414517,0.03254375111625149,0.5641727612956504,0.4832974988079836,0.0808752624876668,0.15359549418019006,0.07944997811465583,0.7180959154643365,0.733133509449299,0.7708290997764682,0.03769559032716918,0.0527331843121317,0.7110930735930736,0.7283274250725105,0.7711959287531807,0.04286850368067019,0.06010285516010705
xgboost,3,d0724095,focus,112,23,135,True,True,True,-2.2477136308992707,0.9044531350573497,0.5123309604823589,176,77,253,06d6745d735164f9da4b9c98af963d6d4cf2a98aca50b2ef7eb2d491d8c247d3,0.15276846997889904,0.14739334470163337,0.005375125277265663,0.4962156294103183,0.5652954426990555,-0.06907981328873719,0.12104826815862484,0.11699199172637004,0.7544642857142857,0.7508116883116883,0.7435064935064934,-0.00730519480519487,-0.01095779220779225,0.7535336825659407,0.75172656409117,0.7675020885547201,0.015775524463550128,0.013968405988779464
lightgbm,3,d0724095,focus,112,23,135,True,True,True,-1.5845224464729202,0.8298440534429156,0.5140508981954315,176,77,253,06d6745d735164f9da4b9c98af963d6d4cf2a98aca50b2ef7eb2d491d8c247d3,0.12306533956671754,0.13531103865310312,-0.012245699086385578,0.3781254780375857,0.4392811659194774,-0.061155687881891685,0.049506567033575595,0.11108394239573029,0.7844967532467533,0.7808441558441559,0.7280844155844156,-0.052759740259740284,-0.056412337662337664,0.7876130957933029,0.7859680785065704,0.7580562659846548,-0.027911812521915547,-0.029556829808648044
xgboost,2,d0e2d025,attention,103,16,119,True,True,True,1.0434561574778969,0.26048367670916306,0.3298501544632017,400,149,549,e2a3e7effc9f5f9ba5010568a7015c8508dbd2d587c73c05b93eb5fa9724d3c3,0.1261570054815406,0.09970198126003003,0.026455024221510567,0.4540621478577842,0.3409718547480513,0.1130902931097329,0.13384334276933144,0.08302599794254407,0.694236577181208,0.7593120805369127,0.7735906040268457,0.01427852348993297,0.07935402684563764,0.7271969522913917,0.7920454545454545,0.8041123327164517,0.012066878170997164,0.07691538042505996
lightgbm,2,d0e2d025,attention,103,16,119,True,True,True,-0.13808047964470738,0.5344653769361906,0.3386322125160091,400,149,549,e2a3e7effc9f5f9ba5010568a7015c8508dbd2d587c73c05b93eb5fa9724d3c3,0.12917767216322842,0.1353482032237648,-0.006170531060536388,0.3874495439503288,0.40643222336091056,-0.018982679410581738,0.13254106336951277,0.1423307826426861,0.6594295302013423,0.7312164429530201,0.6405453020134229,-0.09067114093959727,-0.01888422818791946,0.6845385431400283,0.7630157036890024,0.6601584462049579,-0.1028572574840445,-0.024380096935070372
xgboost,2,d0e2d025,engagement,10,78,88,True,True,True,-0.7200939434031124,0.6726277037101447,0.851252943277359,126,280,406,d61de83582937a084b1892f2a198313c3ce571fa9d695e7a0b13735a27f52d45,0.12726238445753446,0.1205762664068769,0.006686118050657566,0.48636697522335387,0.43289000766995095,0.05347696755340292,0.09716561739287048,0.08211327884429792,0.7511904761904762,0.7972222222222223,0.7773809523809524,-0.019841269841269882,0.02619047619047621,0.779587404994571,0.794626798561151,0.7954191479615209,0.0007923494003698739,0.01583174296694989
lightgbm,2,d0e2d025,engagement,10,78,88,True,True,True,0.0831617077389255,0.4792215467746685,0.7532529403030022,126,280,406,d61de83582937a084b1892f2a198313c3ce571fa9d695e7a0b13735a27f52d45,0.12320856964509817,0.12575677156842902,-0.0025482019233308423,0.39508160861501507,0.4024153292785812,-0.0073337206635661345,0.08556708162018706,0.09200441326769138,0.7168650793650794,0.8182539682539682,0.7128968253968254,-0.10535714285714282,-0.003968253968253954,0.7444889865942498,0.8259296131849925,0.7399958460260316,-0.08593376715896084,-0.004493140568218146
xgboost,2,d0e2d025,excitement,22,73,95,True,True,True,3.6435558500858827,0.025492303093821583,0.4713812880218029,146,391,537,8ce08446f987952c584e05a7ca77d40575c594d791bc98f96c68097d72a4e355,0.18819293996595735,0.07460274325742558,0.11359019670853177,0.6972823185586354,0.26939220365685573,0.4278901149017797,0.21474642368461927,0.041181077028154885,0.8294240269067723,0.8307027992852889,0.8858389097151667,0.05513611042987776,0.05641488280839435,0.7527341980115594,0.7544762691366036,0.885012214147435,0.13053594501083143,0.13227801613587564
lightgbm,2,d0e2d025,excitement,22,73,95,True,True,True,1.8034873994945668,0.14142707605604238,0.4332122201317241,146,391,537,8ce08446f987952c584e05a7ca77d40575c594d791bc98f96c68097d72a4e355,0.15384656240902603,0.0698553786475239,0.08399118376150212,0.46531999355831144,0.2387833622423669,0.22653663131594454,0.20562674468854375,0.051888862067808884,0.8379637739550854,0.8558665872543181,0.9030059909610062,0.04713940370668812,0.06504221700592083,0.7619329097088814,0.7866171839856051,0.8886858303191827,0.1020686463335776,0.1267529206103013
xgboost,2,d0e2d025,stress,40,44,84,True,True,True,4.468977252150189,0.01132920782985857,0.0991928895819,124,363,487,326a3968dab77e9fea38c2687b9799f941a0809e6cf364bb56c6a420501da50d,0.13982373078556568,0.14073880323176902,-0.000915072446203341,0.460200071366096,0.5672185082924027,-0.10701843692630675,0.13713534667840577,0.14071845374132613,0.8160490535857106,0.7761485826001955,0.6773193814982672,-0.09882920110192828,-0.13872967208744336,0.7724444575605102,0.795799789150853,0.7105057124630285,-0.08529407668782452,-0.06193874509748165
lightgbm,2,d0e2d025,stress,40,44,84,True,True,True,2.4328310340086876,0.08070318281902905,0.2112469234384385,124,363,487,326a3968dab77e9fea38c2687b9799f941a0809e6cf364bb56c6a420501da50d,0.13038057135038617,0.11728742084518982,0.013093150505196341,0.4003096023051702,0.3730619677987525,0.027247634506417706,0.13147866565985164,0.09395007564118792,0.8375877543766107,0.7866679996445392,0.7026903936727984,-0.08397760597174075,-0.1348973607038123,0.788332218255693,0.7975051975051974,0.7364231151303395,-0.061082082374857904,-0.05190910312535346
xgboost,2,d0e2d025,relaxation,39,40,79,True,True,True,5.196064522462249,0.005507813492529155,0.2349507645421908,183,290,473,1df607063182f22488640073a6d918ce5971fc976b891a7a5c5b70c6e5f9c1ec,0.27506616103968623,0.09891883961338407,0.17614732142630216,1.0687983639885126,0.38414854148427435,0.6846498225042382,0.3161940670222651,0.07093043406246022,0.7132089692858489,0.7754098360655737,0.8281891840964763,0.05277934803090267,0.11498021481062748,0.6495156509795417,0.7357293868921776,0.8367958867295515,0.10106649983737392,0.18728023575000985
lightgbm,2,d0e2d025,relaxation,39,40,79,True,True,True,2.702093229394719,0.06284995231314576,0.2820463103748912,183,290,473,1df607063182f22488640073a6d918ce5971fc976b891a7a5c5b70c6e5f9c1ec,0.22159820619525913,0.09712893213873376,0.12446927405652537,0.6804691306568074,0.335114637993206,0.34535449266360135,0.27346640504685243,0.03903796217329322,0.7338986244582626,0.8160731109854908,0.8661484831354814,0.05007537214999058,0.13224985867721883,0.6766684655513582,0.7839292751961593,0.8727174874101411,0.08878821221398181,0.19604902185878292
xgboost,2,d0e2d025,interest,93,21,114,True,True,True,-2.396449346257648,0.9165561473795734,0.5906234607100487,247,280,527,fbd1b9f40907ae75c16f2b0a1299594315a7cee9bb2aeae025177405482423a4,0.11435594107091025,0.17103236760125606,-0.05667642653034581,0.360561853966996,0.536172379033252,-0.17561052506625596,0.046919481906366065,0.18782992840831247,0.8346153846153846,0.8408111625216889,0.7639242336610758,-0.0768869288606131,-0.07069115095430889,0.8364459535936616,0.8414980160527603,0.7455598185229002,-0.0959381975298601,-0.09088613507076138
lightgbm,2,d0e2d025,interest,93,21,114,True,True,True,-1.9994168776965848,0.8807358402803449,0.6142577421344945,247,280,527,fbd1b9f40907ae75c16f2b0a1299594315a7cee9bb2aeae025177405482423a4,0.12420381479763484,0.2393042998226301,-0.11510048502499526,0.3885191234346348,0.7014081419358811,-0.3128890185012463,0.04157047309759949,0.28063434235119733,0.819144013880856,0.8002241179872759,0.66844997108155,-0.13177414690572586,-0.15069404279930598,0.8190672376718888,0.7948529411764707,0.6214741909809174,-0.17337875019555327,-0.19759304669097144
xgboost,2,d0e2d025,focus,32,60,92,True,True,True,0.8155879766410017,0.30670101175859715,0.4853129908442497,130,394,524,84fac9f1e48991c325d5325e08ac4ef6df4b08e3f593628dd3a84533ffd4312e,0.13579268060888075,0.1388264715663265,-0.0030337909574457422,0.45167792442070875,0.47717874888725453,-0.02550082446654578,0.07473322152309406,0.0932476840856238,0.7530847325263569,0.7517766497461928,0.665696993361968,-0.08607965638422488,-0.08738773916438891,0.7603228935768104,0.7609634450459217,0.6876891473541069,-0.07327429769181482,-0.07263374622270347
lightgbm,2,d0e2d025,focus,32,60,92,True,True,True,0.8022711420842272,0.3095399092877754,0.4513162303720042,130,394,524,84fac9f1e48991c325d5325e08ac4ef6df4b08e3f593628dd3a84533ffd4312e,0.12934782852396473,0.13067249730483355,-0.0013246687808688151,0.401844259525107,0.4006115833693423,0.0012326761557647226,0.057517334802765545,0.04919730412622034,0.7378172588832488,0.7312377977352597,0.6515033190160093,-0.07973447871925032,-0.08631393986723945,0.7396587091156837,0.7444963170453367,0.6747955607476636,-0.06970075629767314,-0.0648631483680201
xgboost,1,d111e017,attention,14,48,62,True,True,True,0.25246523537646914,0.4372168139658606,0.5052454373799264,399,405,804,235dd48d193a12eb10b16b0ad8ec61effb88a9ad5139f185ef89718f569194f2,0.12250808513063634,0.12388447852889348,-0.0013763933982571391,0.3924880022531585,0.39766318531270267,-0.005175183059544175,0.06520884907956967,0.06714134077066988,0.8295275225099786,0.8270583867075095,0.8293975679940593,0.002339181286549752,-0.00012995451591935048,0.829557429280136,0.8270820600499772,0.8294096055828908,0.0023275455329135886,-0.0001478236972451974
lightgbm,1,d111e017,attention,14,48,62,True,True,True,0.3407964766260345,0.41561601635246237,0.5477014768836866,399,405,804,235dd48d193a12eb10b16b0ad8ec61effb88a9ad5139f185ef89718f569194f2,0.11595604209698922,0.1222641837738964,-0.006308141676907186,0.3720106375340333,0.38810822080988033,-0.01609758327584704,0.05341724394098166,0.0702038208617386,0.8330084470435348,0.8481759955444166,0.8165135059871902,-0.03166248955722639,-0.016494941056344636,0.8329197786655418,0.848212682987218,0.8155592072922373,-0.03265347569498067,-0.01736057137330449
xgboost,1,d111e017,engagement,4,134,138,True,False,False,0.0,0.5115595236420631,0.5115595236420631,407,284,691,08f51ad31afd6ccce5c9eed46c35ec15135086aa84866c6c243f5984c0c794db,0.2664578209276328,0.2664578209276328,0.0,1.3652498298655076,1.3652498298655076,0.0,0.26777897414258234,0.26777897414258234,0.7537676921479739,0.7537676921479739,0.7537676921479739,0.0,0.0,0.707114034790275,0.707114034790275,0.707114034790275,0.0,0.0
lightgbm,1,d111e017,engagement,4,134,138,True,False,False,0.0,0.5425497750325015,0.5425497750325015,407,284,691,08f51ad31afd6ccce5c9eed46c35ec15135086aa84866c6c243f5984c0c794db,0.24654891975525775,0.24654891975525775,0.0,0.8213938603014449,0.8213938603014449,0.0,0.2335934327907735,0.2335934327907735,0.7423434958646227,0.7407473094092812,0.7407473094092812,0.0,-0.0015961864553414307,0.6952022258414766,0.6957751248835831,0.6957751248835831,0.0,0.000572899042106445
xgboost,1,d111e017,excitement,37,56,93,True,True,True,0.4422331730702136,0.39120897764992,0.5000823613954708,374,429,803,b4efe3344b74faa0d6ed7bfd7572a901f2a57b5447f7cf36fcdfe5ea5564dfb6,0.052716430662169515,0.05543286998356088,-0.002716439321391366,0.23343822751799703,0.2424544337041707,-0.009016206186173659,0.045591851451479634,0.04680321262865235,0.9367544220485398,0.9367544220485398,0.9272247360482655,-0.009529686000274262,-0.009529686000274262,0.93734785593908,0.93734785593908,0.9284408833300761,-0.00890697260900386,-0.00890697260900386
lightgbm,1,d111e017,excitement,37,56,93,True,True,True,0.5907351449082936,0.3564661957104081,0.4963984882947183,374,429,803,b4efe3344b74faa0d6ed7bfd7572a901f2a57b5447f7cf36fcdfe5ea5564dfb6,0.05351936317539245,0.06041920740884332,-0.006899844233450872,0.19371623899839896,0.21474717317158112,-0.021030934173182164,0.020837736300671005,0.051070037662673484,0.9287330316742082,0.9287330316742082,0.9173522555875497,-0.01138077608665844,-0.01138077608665844,0.929742769292303,0.929742769292303,0.9193957188386157,-0.010347050453687334,-0.010347050453687334
xgboost,1,d111e017,stress,100,27,127,True,True,True,0.16497257902106233,0.4588501406545799,0.4909059379715472,465,456,921,a685b16f05aaf44b59afb95c6d376a1098f9b7b96845c15b0e6c769ed11aa52e,0.08429284950978469,0.08562049387426868,-0.0013276443644839875,0.34286047197991354,0.3436203826656202,-0.0007599106857066884,0.06045651965345003,0.06533798453601128,0.8924660441426147,0.890315506508206,0.8925509337860781,0.0022354272778720707,8.488964346342609e-05,0.8924898920760242,0.8903236608063989,0.8925061157122225,0.002182454905823583,1.622363619824263e-05
lightgbm,1,d111e017,stress,100,27,127,True,True,True,0.24098261960310252,0.44004421380537423,0.4306201445197917,465,456,921,a685b16f05aaf44b59afb95c6d376a1098f9b7b96845c15b0e6c769ed11aa52e,0.0868703202812176,0.08829071744851823,-0.0014203971673006216,0.29368003401386833,0.2967577598823864,-0.0030777258685180664,0.019586128504307448,0.02691355634697973,0.8837153367289191,0.8861205432937183,0.8860780984719865,-4.2444821731768556e-05,0.0023627617430673764,0.8837775395469132,0.8859913348462967,0.8859934853420195,2.1504957228302146e-06,0.002215945795106311
xgboost,1,d111e017,relaxation,117,8,125,True,False,False,0.0,0.4988700239628088,0.4988700239628088,326,507,833,88901ff1216e62db59eead9d78dfed6c1ac10e84fab2b23acdf266e8e5613b86,0.0444074608043485,0.0444074608043485,0.0,0.18197299689861918,0.18197299689861918,0.0,0.02542802496732691,0.02542802496732691,0.9356856766012027,0.9356856766012027,0.9356856766012027,0.0,0.0,0.9335410692377748,0.9335410692377748,0.9335410692377748,0.0,0.0
lightgbm,1,d111e017,relaxation,117,8,125,True,False,False,0.0,0.4806939957794642,0.4806939957794642,326,507,833,88901ff1216e62db59eead9d78dfed6c1ac10e84fab2b23acdf266e8e5613b86,0.0473336236426459,0.0473336236426459,0.0,0.17419079322562042,0.17419079322562042,0.0,0.044326276647858404,0.044326276647858404,0.9459832286637384,0.9448881305889328,0.9448881305889328,0.0,-0.0010950980748055672,0.9413595548532528,0.9412440926683805,0.9412440926683805,0.0,-0.00011546218487235027
xgboost,1,d111e017,interest,80,21,101,True,True,True,0.46821178487541504,0.3850395773806897,0.492068185005337,436,360,796,aef3285d6163014f00068180f574aa6e18d1c9e5299bfb4a289d85a44b5d30a7,0.07931574862917963,0.08686560726530645,-0.007549858636126824,0.2952510670153094,0.3171958867713725,-0.021944819756063105,0.06508690045636023,0.07313372545183572,0.8993628950050968,0.8984582059123343,0.8918195718654434,-0.006638634046890912,-0.007543323139653446,0.8976790687709777,0.8964725288668951,0.8890437691664344,-0.007428759700460752,-0.008635299604543345
lightgbm,1,d111e017,interest,80,21,101,True,True,True,0.4230755174339629,0.3957810405557853,0.4106536642009047,436,360,796,aef3285d6163014f00068180f574aa6e18d1c9e5299bfb4a289d85a44b5d30a7,0.07078139556081282,0.07926112190367637,-0.00847972634286355,0.2475036452484825,0.26818090902134245,-0.020677263772859944,0.04411209239575108,0.0746052739491136,0.9095056065239552,0.9031727828746177,0.8974388379204893,-0.005733944954128378,-0.012066768603465894,0.9077848397565601,0.8992679207557437,0.8930322341971173,-0.0062356865586263854,-0.0147526055594428
xgboost,1,d111e017,focus,15,55,70,True,True,True,0.5046950726223416,0.37643794534537706,0.501458135433495,403,366,769,ff768d4de989f9b85a50256750b0aecfc4def26e1e7521fddeb5cd6284c1015e,0.12027323916809665,0.13270084069468896,-0.012427601526592308,0.40431716156954306,0.45742250158265874,-0.053105340013115676,0.08898150452542253,0.12170267038611232,0.8464894439246634,0.8464894439246634,0.8271400290173426,-0.019349414907320783,-0.019349414907320783,0.8424129620753953,0.8424129620753953,0.8209637264315272,-0.021449235643868136,-0.021449235643868136
lightgbm,1,d111e017,focus,15,55,70,True,True,True,0.6536307003141404,0.3421718343445918,0.5195919563572379,403,366,769,ff768d4de989f9b85a50256750b0aecfc4def26e1e7521fddeb5cd6284c1015e,0.10053728415100517,0.11574377678030423,-0.01520649262929906,0.32280350330054824,0.3646565051260001,-0.041853001825451874,0.04293837606908303,0.10064152178428701,0.8503098347096232,0.8562624577960378,0.8415266647683359,-0.014735793027701893,-0.00878316994128725,0.849111625326459,0.8555384623195691,0.8371328606162266,-0.01840560170334249,-0.011978764710232404
xgboost,4,d151b0c4,attention,48,22,70,True,True,True,-0.013294233019132642,0.5033235093061074,0.4337055063806474,190,183,373,b4607bad16d4987bcd82328bea9113fc9c59cda74709dfcc9fa1b31586b7fa0b,0.281060286820367,0.2816584755803255,-0.0005981887599584845,1.115758104254406,1.1193988748528798,-0.003640770598473786,0.28310648969949376,0.2836635475275095,0.6404515386827725,0.6459160195570894,0.6404515386827725,-0.005464480874316946,0.0,0.6074936224489795,0.6148652941924005,0.6074936224489795,-0.0073716717434210155,0.0
lightgbm,4,d151b0c4,attention,48,22,70,True,True,True,-0.22344652844144058,0.5556303634630294,0.447218707176432,190,183,373,b4607bad16d4987bcd82328bea9113fc9c59cda74709dfcc9fa1b31586b7fa0b,0.24090923062641834,0.2557010212595162,-0.014791790633097879,0.7413673716277938,0.7959366341805076,-0.05456926255271388,0.23367760515380911,0.25723398374649625,0.6591745757837216,0.6702041990221455,0.6290192694851884,-0.04118492953695707,-0.030155306298533247,0.6276107184217883,0.643456965675238,0.584087629542175,-0.059369336133063055,-0.043523088879613314
xgboost,4,d151b0c4,engagement,47,47,94,True,True,True,-1.6191501753990654,0.8346778952629805,0.7472219169139862,244,102,346,4af35eed8938fe4be8389c05c8a93ec4de4704ecf1d51eded50d61df66bf20b8,0.1443169403310058,0.1379036096270114,0.006413330703994413,0.45561446503152997,0.47310797805864085,-0.017493513027110885,0.10167695667654542,0.09059407292177579,0.7717775634844102,0.7551832208293153,0.7486740597878496,-0.006509161041465705,-0.023103503696560557,0.7616686878486538,0.7718048242531705,0.7696711489814938,-0.002133675271676738,0.008002461132839978
lightgbm,4,d151b0c4,engagement,47,47,94,True,True,True,-1.1232046176929882,0.7545826561880516,0.7037812245405464,244,102,346,4af35eed8938fe4be8389c05c8a93ec4de4704ecf1d51eded50d61df66bf20b8,0.14496920602060553,0.1282305331724219,0.016738672848183644,0.436644189461205,0.39223842742609843,0.044405762035106544,0.11620441137513209,0.05550557006210361,0.7737463837994214,0.7428881388621023,0.7535760205721633,0.010687881710061076,-0.02017036322725807,0.7508859528551526,0.7545189813098957,0.774368610113291,0.019849628803395247,0.023482657258138362
xgboost,4,d151b0c4,excitement,18,83,101,True,True,True,1.0989835017987248,0.24993040399754635,0.5246168756857514,210,183,393,ed2c303fff7cb5b47a144edd55c3530e21a56b5924751c60bc8d7dc5fb74fc72,0.10863729542184261,0.12977659946343797,-0.021139304041595364,0.46027359394403383,0.5485847048632164,-0.08831111091918259,0.09615611251441081,0.12773309924059484,0.8688914910226386,0.8685402029664324,0.852576112412178,-0.015964090554254406,-0.016315378610460618,0.8651364563436822,0.8651259769608828,0.847279792746114,-0.0178461842147688,-0.017856663597568212
lightgbm,4,d151b0c4,excitement,18,83,101,True,True,True,0.7010281408003771,0.3315843152117213,0.5671885261570979,210,183,393,ed2c303fff7cb5b47a144edd55c3530e21a56b5924751c60bc8d7dc5fb74fc72,0.09726111759628356,0.11430303808955648,-0.017041920493272925,0.34070823081103524,0.38935055637573784,-0.048642325564702604,0.05812128275001836,0.11258593014688179,0.8705698672911788,0.8759562841530055,0.8522248243559719,-0.023731459797033616,-0.01834504293520689,0.8676424870466322,0.8749943199890944,0.8473035279490235,-0.027690792040070855,-0.020338959097608633
xgboost,4,d151b0c4,stress,72,24,96,True,True,True,-0.8116559914504977,0.6924622737341053,0.4784264089539647,99,221,320,f85fd5df82ba82fb3a63a5dfe50321796f10c30dde46aa0873edfbdfee7f418c,0.11888491337987303,0.10456039732572378,0.01432451605414925,0.4110414289439882,0.3531676863848947,0.0578737425590935,0.10360236515261931,0.0634313027497701,0.7647287353169706,0.7518396636043695,0.813496960555784,0.06165729695141453,0.04876822523881341,0.7900991627117336,0.7782397782397783,0.8320947883491354,0.053855010109357115,0.04199562563740178
lightgbm,4,d151b0c4,stress,72,24,96,True,True,True,-0.9209930037648064,0.7152443938498689,0.5010222312372932,99,221,320,f85fd5df82ba82fb3a63a5dfe50321796f10c30dde46aa0873edfbdfee7f418c,0.1116584029639657,0.1020464148139462,0.009611988150019499,0.3483754201084246,0.3285290640541801,0.019846356054244507,0.07362549531495878,0.06794863656655215,0.7445267151149504,0.7445267151149504,0.8593171534348005,0.11479043831985014,0.11479043831985014,0.7698714679846755,0.7698714679846755,0.85532799855328,0.08545653056860447,0.08545653056860447
xgboost,4,d151b0c4,relaxation,118,4,122,True,False,False,0.0,0.4278750480152666,0.4278750480152666,192,145,337,f317ca8eff6675b57dda3ea9ae8d066ac9280becaff99a47e2b567aa857a2369,0.11194505233148946,0.11194505233148946,0.0,0.39511603942772205,0.39511603942772205,0.0,0.06302418346511802,0.06302418346511802,0.8393318965517241,0.8470725574712643,0.8470725574712643,0.0,0.0077406609195401765,0.8433629528366371,0.8501610634726192,0.8501610634726192,0.0,0.006798110635982124
lightgbm,4,d151b0c4,relaxation,118,4,122,True,False,False,0.0,0.4150569712059341,0.4150569712059341,192,145,337,f317ca8eff6675b57dda3ea9ae8d066ac9280becaff99a47e2b567aa857a2369,0.10910702682023087,0.10910702682023087,0.0,0.35906640015721236,0.35906640015721236,0.0,0.0453675846837949,0.0453675846837949,0.8444683908045978,0.8589619252873564,0.8589619252873564,0.0,0.014493534482758585,0.8472625090645395,0.8558288770053476,0.8558288770053476,0.0,0.008566367940808117
xgboost,4,d151b0c4,interest,117,23,140,True,True,True,-2.7579682811769537,0.9403617940947872,0.5651330277323723,196,210,406,b5219ee58132e6fdc20e17f44eb0b60e3759fa97bc9057774e332fca211c58b4,0.23563514468726404,0.2569918118520764,-0.021356667164812382,0.747865353211179,0.8392161148251585,-0.09135076161397948,0.17525430529761432,0.22446332827834622,0.6680272108843538,0.6690476190476191,0.660374149659864,-0.00867346938775515,-0.007653061224489832,0.6580747243772969,0.6624168514412416,0.6383130627073133,-0.024103788733928377,-0.01976166166998361
lightgbm,4,d151b0c4,interest,117,23,140,True,True,True,-2.142954218962778,0.895008537401821,0.5993769175337116,196,210,406,b5219ee58132e6fdc20e17f44eb0b60e3759fa97bc9057774e332fca211c58b4,0.2077445126991298,0.24647156834003456,-0.038727055640904756,0.6034304361121435,0.7223874115528308,-0.11895697544068728,0.13492458827227077,0.2355943347033527,0.6802721088435374,0.6952380952380952,0.6394557823129252,-0.05578231292517,-0.04081632653061218,0.6706460988151128,0.6927981344116698,0.589132168539853,-0.10366596587181687,-0.08151393027525988
xgboost,4,d151b0c4,focus,1,115,116,True,False,False,0.0,0.5,0.5,123,216,339,9c3b63a118ac1a93e45c88460ceeb86d58c26ff5ef353ce1a64a2b267500fae9,0.16086284239492984,0.16086284239492984,0.0,0.608721846301995,0.608721846301995,0.0,0.12032723872972415,0.12032723872972415,0.754516711833785,0.754516711833785,0.754516711833785,0.0,0.0,0.7661765146895649,0.7661765146895649,0.7661765146895649,0.0,0.0
lightgbm,4,d151b0c4,focus,1,115,116,True,False,False,0.0,0.5,0.5,123,216,339,9c3b63a118ac1a93e45c88460ceeb86d58c26ff5ef353ce1a64a2b267500fae9,0.14620939317963563,0.14620939317963563,0.0,0.449381817022879,0.449381817022879,0.0,0.053187656500713255,0.053187656500713255,0.7731481481481481,0.7731481481481481,0.7731481481481481,0.0,0.0,0.780034283389988,0.780034283389988,0.780034283389988,0.0,0.0
xgboost,2,d18000a3,attention,46,59,105,True,True,True,-1.528194993217952,0.8217420666661376,0.7819086015224457,168,220,388,ca5562f54882b03263e97591651b03ad2f06e0b4f638fec391557d16f039f468,0.1931268317826409,0.13933057617369346,0.053796255608947435,0.7048463086736845,0.46559080736954794,0.23925550130413653,0.2106062780884779,0.10404280221393183,0.7081709956709956,0.7740259740259741,0.7857683982683983,0.011742424242424221,0.07759740259740266,0.7047388446904186,0.7803023244145959,0.791910125045869,0.01160780063127309,0.08717128035545041
lightgbm,2,d18000a3,attention,46,59,105,True,True,True,-1.1043151920791066,0.7510677691495513,0.7136969946381703,168,220,388,ca5562f54882b03263e97591651b03ad2f06e0b4f638fec391557d16f039f468,0.17330064118649796,0.12498286904367688,0.04831777214282108,0.5133498635904016,0.38709212983300834,0.12625773375739324,0.1792500377512637,0.07210708739263147,0.7118506493506493,0.7701839826839827,0.7952380952380953,0.025054112554112606,0.08338744588744595,0.7096163245356795,0.7760629315320322,0.8003615630649423,0.02429863153291012,0.09074523852926286
xgboost,2,d18000a3,engagement,22,70,92,True,True,True,-1.126047503483564,0.7551087424780415,0.8950096964836121,204,136,340,9230c2a5cfea84f766226036d9d91f581c6116293ff0e8c8a4526448ee1b870e,0.18671694890079116,0.13896310311501683,0.047753845785774324,0.6722474765524783,0.4683618841447926,0.20388559240768572,0.22372181217077863,0.13813017008620887,0.8075980392156863,0.8468137254901961,0.8394607843137254,-0.007352941176470673,0.0318627450980391,0.7735117785986798,0.8379466177093631,0.8170138888888889,-0.020932728820474145,0.04350211029020912
lightgbm,2,d18000a3,engagement,22,70,92,True,True,True,-0.47071426564395435,0.6155527995510988,0.7913155797419774,204,136,340,9230c2a5cfea84f766226036d9d91f581c6116293ff0e8c8a4526448ee1b870e,0.15451368194102524,0.12582256354903057,0.028691118391994674,0.46514628022892185,0.3890169634925003,0.07612931673642154,0.1911065482824299,0.13194983968067986,0.8014705882352942,0.8602941176470589,0.8455882352941178,-0.014705882352941124,0.044117647058823595,0.767628967653191,0.8571671180471759,0.8229166666666667,-0.034250451380509195,0.055287699013475744
xgboost,2,d18000a3,excitement,67,37,104,True,True,True,3.4466946144537056,0.030867586050804557,0.4962778302506194,90,236,326,0430e492bafc786e6a08d8442f9ef50a79738ec45d26e2ca45fc67b6be428a28,0.1948072216078271,0.08741183324568697,0.10739538836214013,0.8147890505111447,0.31305212746485755,0.5017369230462871,0.23066220375194965,0.06518584734825394,0.8321092278719397,0.8321092278719397,0.8795668549905837,0.047457627118643986,0.047457627118643986,0.7542063492063492,0.7542063492063492,0.858158085569253,0.10395173636290378,0.10395173636290378
lightgbm,2,d18000a3,excitement,67,37,104,True,True,True,1.6748476873257352,0.15777892599356838,0.4894372058857424,90,236,326,0430e492bafc786e6a08d8442f9ef50a79738ec45d26e2ca45fc67b6be428a28,0.18057889080828293,0.10473409185456893,0.075844798953714,0.6121243435109567,0.32818994796023987,0.2839343955507168,0.23024002202845759,0.10947932295623816,0.8236346516007533,0.8278719397363465,0.8700094161958569,0.04213747645951038,0.04637476459510359,0.742739898989899,0.7484667431646421,0.8269198097179749,0.07845306655333273,0.08417991072807585
xgboost,2,d18000a3,stress,40,33,73,True,True,True,-2.1242176567374873,0.8932348197620782,0.5203138161450624,3,173,176,b0b60773ec2f3c4267523e0b9c23c2b33ee01b3549e6cdd6f63127242ff80cf7,0.02896193597156195,0.06937507726319092,-0.04041314129162897,0.10153354153107884,0.27003625593937314,-0.16850271440829429,0.04925192940705035,0.11986010976355269,0.9797687861271676,0.976878612716763,0.9595375722543353,-0.01734104046242768,-0.02023121387283222,0.7204447469934196,0.702451394759087,0.6289156626506024,-0.07353573210848463,-0.09152908434281726
lightgbm,2,d18000a3,stress,40,33,73,True,True,True,-1.4738074150624931,0.8136354047010164,0.5790317103843172,3,173,176,b0b60773ec2f3c4267523e0b9c23c2b33ee01b3549e6cdd6f63127242ff80cf7,0.03125906593875469,0.06544686531148339,-0.0341877993727287,0.10901493517198699,0.24793775081967667,-0.13892281564768968,0.06221661029314636,0.13529777826861342,0.9797687861271676,0.976878612716763,0.9624277456647399,-0.014450867052023142,-0.01734104046242768,0.7204447469934196,0.702451394759087,0.6383752173225857,-0.06407617743650129,-0.08206952967083392
xgboost,2,d18000a3,relaxation,37,46,83,True,True,True,3.448763084718042,0.030805768230886158,0.4883625446236692,181,214,395,7cbae68d1bc4a9384f92a2eb693c847944839bb84696281d593e1ee142ec96f0,0.10824647037261721,0.18804860427511963,-0.07980213390250242,0.3739869014924968,0.6346215332407313,-0.26063463174823454,0.0825655432562633,0.19697821768722015,0.8638276449630815,0.8638276449630815,0.7326896266845666,-0.1311380182785149,-0.1311380182785149,0.8605843584955304,0.8605843584955304,0.728921568627451,-0.13166278986807933,-0.13166278986807933
lightgbm,2,d18000a3,relaxation,37,46,83,True,True,True,1.704871702144874,0.15383006330423188,0.4762376688189457,181,214,395,7cbae68d1bc4a9384f92a2eb693c847944839bb84696281d593e1ee142ec96f0,0.09852648025205148,0.14565013991960665,-0.047123659667555176,0.3098721692060149,0.42795724519337935,-0.11808507598736445,0.03013301695119168,0.16475859113071978,0.8517194196313317,0.8551143698043062,0.7598879537357361,-0.09522641606857007,-0.09183146589559554,0.8479833743842364,0.852824031246788,0.7595728198317839,-0.09325121141500403,-0.0884105545524525
xgboost,2,d18000a3,interest,54,38,92,True,True,True,-0.805354785364538,0.6911187548673681,0.5117259230464697,108,191,299,3bd11e43713d3c651f3fff72173819e662c67f066683967278a9c70122151d77,0.08250469699859926,0.08821367902131837,-0.005708982022719106,0.2776578425363706,0.2936398499092483,-0.015982007372877693,0.045009269402829614,0.06806146424763967,0.8753878223773512,0.8800174520069808,0.8709521039363972,-0.009065348070583568,-0.0044357184409540285,0.8791652889525698,0.88307752468472,0.8672179747230457,-0.01585954996167427,-0.011947314229524109
lightgbm,2,d18000a3,interest,54,38,92,True,True,True,-0.4252676830183165,0.6047430704821787,0.5052420195024789,108,191,299,3bd11e43713d3c651f3fff72173819e662c67f066683967278a9c70122151d77,0.09549889395349763,0.10936709364865996,-0.013868199695162328,0.32447586958342006,0.36404931394874585,-0.03957344436532578,0.08155337566842946,0.11823152490248118,0.8882586775256933,0.8882586775256933,0.8608687221252667,-0.027389955400426658,-0.027389955400426658,0.8765585005367023,0.8765585005367023,0.8379067326435747,-0.03865176789312752,-0.03865176789312752
xgboost,2,d18000a3,focus,88,31,119,True,True,True,-0.9025370984651027,0.7114705979697706,0.4802532466128468,72,249,321,c28a55c7cd17ea74513e74433c260bc9e427984db1691c237aa75e9540d09864,0.2097278105394852,0.25540331962806306,-0.04567550908857787,0.7051953128048285,0.8865521192238903,-0.18135680641906182,0.18643608880921983,0.2565880005727871,0.7037315930388219,0.7097556894243642,0.722975234270415,0.013219544846050812,0.019243641231593056,0.6588177581555065,0.6669496321448782,0.6365985987696514,-0.03035103337522682,-0.02221915938585506
lightgbm,2,d18000a3,focus,88,31,119,True,True,True,-0.37097722863500315,0.5916950902018563,0.4452260349700147,72,249,321,c28a55c7cd17ea74513e74433c260bc9e427984db1691c237aa75e9540d09864,0.18141308416085947,0.20822215443867764,-0.026809070277818176,0.5383041248475827,0.6123143464882282,-0.07401022164064552,0.17152610283508257,0.22779761827271947,0.6967871485943775,0.6960341365461847,0.7043172690763052,0.008283132530120474,0.0075301204819276935,0.6539975630330865,0.6661364331599877,0.6364346114513806,-0.029701821708607135,-0.017562951581705954
xgboost,2,f0f2a1e1,attention,47,19,66,True,True,True,0.4669778290799166,0.38533179991114913,0.1821496756747365,55,161,216,ae75b44b16d8a57370a738969003888486a448f9fca975d1f1a6881682c1a54a,0.1616425600297145,0.1403104865849419,0.021332073444772587,0.5151013093483567,0.44181754936299245,0.0732837599853643,0.17860876939659173,0.13600521700154933,0.8030491247882552,0.8075098814229249,0.8247882552230378,0.01727837380011288,0.021739130434782594,0.7482272948033026,0.7948717948717948,0.7791245791245791,-0.015747215747215715,0.030897284321276475
lightgbm,2,f0f2a1e1,attention,47,19,66,True,True,True,0.08708500504707561,0.47824249737613933,0.2897052873931051,55,161,216,ae75b44b16d8a57370a738969003888486a448f9fca975d1f1a6881682c1a54a,0.1213386687098046,0.11663678676550969,0.004701881944294911,0.38929404895043374,0.3762096254909974,0.013084423459436334,0.1562906560724975,0.14424381268063396,0.8374364765669113,0.8294748729531338,0.843647656691135,0.014172783738001127,0.006211180124223614,0.804827675229121,0.8374811899525408,0.8142540716612378,-0.023227118291303084,0.009426396432116735
xgboost,2,f0f2a1e1,engagement,46,59,105,True,True,True,0.8032728015668524,0.3093258705124727,0.4952499201754108,97,119,216,52943519b3ca86c6b5b7b1287dd0eb8f4ff291b349edc3c26430ef6fa41d0ca9,0.14287643483191592,0.11127412461143177,0.03160231022048415,0.46428410019010236,0.34441966520652095,0.1198644349835814,0.17594054018417352,0.12648844890910113,0.8332755782725461,0.8332755782725461,0.8584856623061596,0.025210084033613578,0.025210084033613578,0.8189749650800473,0.8189749650800473,0.8471403143831358,0.02816534930308845,0.02816534930308845
lightgbm,2,f0f2a1e1,engagement,46,59,105,True,True,True,0.7536243895527719,0.3200320778815235,0.4851045678747505,97,119,216,52943519b3ca86c6b5b7b1287dd0eb8f4ff291b349edc3c26430ef6fa41d0ca9,0.1394229165256382,0.09559955840015386,0.04382335812548435,0.4110050351647334,0.29754289676341483,0.11346213840131858,0.18884811810430596,0.11453610454383963,0.8099714112449103,0.8099714112449103,0.8584856623061596,0.04851425106124929,0.04851425106124929,0.7896786757546251,0.7896786757546251,0.8471403143831358,0.057461638628510614,0.057461638628510614
xgboost,2,f0f2a1e1,excitement,17,108,125,True,True,True,2.0540095334747672,0.11364786674878298,0.5598573796451092,45,229,274,60aad71a195a26f036ffd277182cce50e4ccad6d7896b7da726db9355cebdd83,0.06039192419830449,0.056416784289432254,0.003975139908872237,0.21313690866629464,0.19509848752630696,0.018038421139987687,0.05568902537284536,0.048214313331452825,0.8872877244056283,0.8962154294032023,0.8513828238719068,-0.04483260553129553,-0.03590490053372153,0.8582259116780275,0.8604115445101557,0.8677169355863296,0.007305391076173895,0.009491023908302032
lightgbm,2,f0f2a1e1,excitement,17,108,125,True,True,True,1.144225543229655,0.24154539114181772,0.6687862428162108,45,229,274,60aad71a195a26f036ffd277182cce50e4ccad6d7896b7da726db9355cebdd83,0.062130672180977044,0.06144753137323572,0.000683140807741324,0.19925761423267263,0.1855903769216951,0.01366723731097752,0.0722554080014085,0.051137476311367655,0.8716157205240175,0.8809315866084425,0.7936438622028141,-0.08728772440562838,-0.07797185832120335,0.8587496485143875,0.827020202020202,0.8189124170565998,-0.008107784963602205,-0.039837231457787725
xgboost,2,f0f2a1e1,stress,125,22,147,True,True,True,-3.3518239611975273,0.9661645130370249,0.572078600525856,143,105,248,acc74de136fb9297eb38a01d3d9989605d401a9940bcf7a8f9605e773f19cc78,0.13458310221125905,0.222786348043038,-0.08820324583177896,0.4441437182654014,0.9136753277026715,-0.46953160943727007,0.07576734078705363,0.24501869646563146,0.8040293040293041,0.8002331002331002,0.6726939726939727,-0.12753912753912755,-0.13133533133533137,0.8051585510589572,0.8034235601652753,0.6610075476931001,-0.14241601247217517,-0.14415100336585707
lightgbm,2,f0f2a1e1,stress,125,22,147,True,True,True,-2.364944859963024,0.9141148169129574,0.5759663100287813,143,105,248,acc74de136fb9297eb38a01d3d9989605d401a9940bcf7a8f9605e773f19cc78,0.1277955095006815,0.22561847708624214,-0.09782296758556064,0.39054661469196517,0.7435551775009377,-0.3530085628089725,0.07019552425687411,0.2561309937368055,0.772927072927073,0.7631035631035631,0.6619047619047619,-0.1011988011988012,-0.11102231102231108,0.776853470960732,0.7687206410610665,0.6451645406363985,-0.12355610042466803,-0.1316889303243335
xgboost,2,f0f2a1e1,relaxation,89,19,108,True,True,True,-1.893632849515797,0.8691691911250194,0.533164631575346,129,80,209,f5ed40201f305417313a1065f632fd71c041321821653a3689ceed663b356d44,0.0892601743450056,0.07895821009282325,0.010301964252182355,0.31147560367403687,0.2863275753143596,0.025148028359677277,0.07621990237882863,0.057164305828365604,0.8879844961240311,0.8879844961240311,0.8853682170542636,-0.0026162790697674687,-0.0026162790697674687,0.8805714285714286,0.8805714285714286,0.8917499075101739,0.011178478938745351,0.011178478938745351
lightgbm,2,f0f2a1e1,relaxation,89,19,108,True,True,True,-1.5166774524334032,0.8200486974061282,0.5562253205412852,129,80,209,f5ed40201f305417313a1065f632fd71c041321821653a3689ceed663b356d44,0.09253760172642557,0.08141333050076154,0.011124271225664034,0.30276696840056444,0.265365763515608,0.03740120488495646,0.09444308163626135,0.059816288660092684,0.8858527131782945,0.8942344961240309,0.8633720930232558,-0.03086240310077515,-0.02248062015503871,0.8680956499380565,0.8857679237660702,0.8777622377622378,-0.008005686003832335,0.009666587824181283
xgboost,2,f0f2a1e1,interest,3,23,26,True,False,False,0.0,0.3748874943703413,0.3748874943703413,86,121,207,329fa6f19b24abe004cc4837d22d6af293f7a70a3a0aefbb1f885b3fd89cc2b7,0.11628578689162122,0.11628578689162122,0.0,0.3687602299809618,0.3687602299809618,0.0,0.05212457947475734,0.05212457947475734,0.8325965788967904,0.8200557370747645,0.8200557370747645,0.0,-0.012540841822025861,0.8314655172413793,0.823658269441402,0.823658269441402,0.0,-0.007807247799977324
lightgbm,2,f0f2a1e1,interest,3,23,26,True,False,False,0.0,0.4158090817787375,0.4158090817787375,86,121,207,329fa6f19b24abe004cc4837d22d6af293f7a70a3a0aefbb1f885b3fd89cc2b7,0.10117469072619621,0.10117469072619621,0.0,0.32440356553556,0.32440356553556,0.0,0.07033373216133529,0.07033373216133529,0.860897559100519,0.8292331347299635,0.8292331347299635,0.0,-0.0316644243705555,0.8532608695652174,0.830327868852459,0.830327868852459,0.0,-0.02293300071275839
xgboost,2,f0f2a1e1,focus,6,122,128,True,False,False,0.0,0.5585343427956104,0.5585343427956104,29,242,271,87a9299e99a88b3436fc8fbeca49b8a42bc7bc7fce8e25145bcd8fcb61be1b95,0.13640059695315931,0.13640059695315931,0.0,0.4628751236690974,0.4628751236690974,0.0,0.1447160307866112,0.1447160307866112,0.7125249358791679,0.7215018523795953,0.7215018523795953,0.0,0.008976916500427423,0.6442013129102845,0.6402654867256637,0.6402654867256637,0.0,-0.003935826184620739
lightgbm,2,f0f2a1e1,focus,6,122,128,True,False,False,0.0,0.5530874925199019,0.5530874925199019,29,242,271,87a9299e99a88b3436fc8fbeca49b8a42bc7bc7fce8e25145bcd8fcb61be1b95,0.1349222849585619,0.1349222849585619,0.0,0.4246516362501209,0.4246516362501209,0.0,0.16574722302817962,0.16574722302817962,0.682886862353947,0.6939298945568537,0.6939298945568537,0.0,0.0110430322029067,0.6136184857423795,0.6138867781155015,0.6138867781155015,0.0,0.00026829237312198106
xgboost,5,f121f1e0,attention,58,26,84,True,True,True,-0.22204955734670073,0.5552854171968931,0.4511674288660288,122,219,341,d35f252be9c6dce0e5778c32968ca756253e975042d91193f0d747a252a1adfb,0.27960784500237723,0.2896733655960799,-0.010065520593702693,0.9948876531832221,1.0445413900036158,-0.049653736820393646,0.2714766827327188,0.28072712881084866,0.6733288419791901,0.6806460064376076,0.6682947825436036,-0.012351223894004004,-0.005034059435586435,0.6349792817679558,0.6458737191913597,0.626744236156001,-0.019129483035358774,-0.008235045611954872
lightgbm,5,f121f1e0,attention,58,26,84,True,True,True,-0.5627737259403858,0.6370940837191272,0.4714012286668523,122,219,341,d35f252be9c6dce0e5778c32968ca756253e975042d91193f0d747a252a1adfb,0.19222649078370854,0.22235621072223474,-0.0301297199385262,0.5662901466684791,0.6611652766753794,-0.09487513000690029,0.1392449061276001,0.20830683701044306,0.721330189385433,0.7240811437981884,0.7116176360506026,-0.012463507747585867,-0.009712553334830454,0.7016306509346414,0.7064545043086234,0.6703038674033149,-0.03615063690530851,-0.03132678353132645
xgboost,5,f121f1e0,engagement,1,115,116,True,False,False,0.0,0.5,0.5,128,225,353,5f4ac91153295679dfdbedad289583c24815dec183a349fd6236b1f9d74ab06d,0.1258680896000523,0.1258680896000523,0.0,0.4688771684366786,0.4688771684366786,0.0,0.1073610219219304,0.1073610219219304,0.8065104166666667,0.8065104166666667,0.8065104166666667,0.0,0.0,0.8194373401534527,0.8194373401534527,0.8194373401534527,0.0,0.0
lightgbm,5,f121f1e0,engagement,1,115,116,True,False,False,0.0,0.5,0.5,128,225,353,5f4ac91153295679dfdbedad289583c24815dec183a349fd6236b1f9d74ab06d,0.11078901677821933,0.11078901677821933,0.0,0.36028270644434923,0.36028270644434923,0.0,0.08462496475751982,0.08462496475751982,0.8053645833333334,0.8053645833333334,0.8053645833333334,0.0,0.0,0.8206052206052206,0.8206052206052206,0.8206052206052206,0.0,0.0
xgboost,5,f121f1e0,excitement,42,51,93,True,True,True,5.987763306196792,0.0025029895701466185,0.1873614806518162,83,269,352,e99be0e3cbddc25502dd01e5b9058ea83db4c0ed515207bbf0bf5c023c01577f,0.34147259753093256,0.0699414050980129,0.2715311924329197,1.639719730663188,0.22696069999204604,1.412759030671142,0.3903875311893723,0.0737716418971549,0.7397769516728625,0.7955390334572491,0.9243068929995073,0.12876785954225822,0.1845299413266448,0.5953624330804348,0.6722199647839632,0.8790378006872852,0.20681783590332203,0.2836753676068504
lightgbm,5,f121f1e0,excitement,42,51,93,True,True,True,3.5149763497040594,0.028889098958421528,0.2059011410205411,83,269,352,e99be0e3cbddc25502dd01e5b9058ea83db4c0ed515207bbf0bf5c023c01577f,0.3476823120891745,0.09743338924969028,0.2502489228394842,1.2894296956405358,0.2941528540981095,0.9952768415424262,0.4124874537675061,0.14264171236662332,0.7137546468401487,0.7881040892193308,0.9010391006404801,0.11293501142114926,0.18728445380033143,0.5588541666666667,0.6619946091644204,0.8292481095734057,0.16725350040898523,0.270393942906739
xgboost,5,f121f1e0,stress,76,83,159,True,True,True,8.320722665129757,0.0002433606507590814,0.0006394044430635,309,157,466,b6f0c1d8fedd2c58a8a920caf3f97d7c3e7ba423b13218c1e233d7d556ae43f4,0.21863048909513194,0.2481089151730801,-0.02947842607794815,1.146674372613821,0.9596539316257802,0.18702044098804094,0.22816660528059493,0.2906036239880641,0.6400243233772391,0.7682270731556491,0.7287221981736853,-0.039504874981963756,0.0886978747964462,0.6429118773946361,0.7346694756021181,0.6626411579447311,-0.07202831765738704,0.01972928055009504
lightgbm,5,f121f1e0,stress,76,83,159,True,True,True,5.087281392512221,0.006136889934028415,0.0070252293656078,309,157,466,b6f0c1d8fedd2c58a8a920caf3f97d7c3e7ba423b13218c1e233d7d556ae43f4,0.20752021681611207,0.1946520002079137,0.012868216608198368,0.8127510426754195,0.6348314925226863,0.1779195501527332,0.21246829944707243,0.23912725290996464,0.6336548966256468,0.7728753117721023,0.7663512872838208,-0.006524024488281488,0.13269639065817407,0.6341664709631966,0.7341725007660939,0.7244156575612504,-0.00975684320484349,0.09024918659805381
xgboost,5,f121f1e0,relaxation,16,27,43,True,True,True,8.306166302041056,0.00024692812374780697,0.1306186875281128,195,173,368,3f106aa75063d6d5ac2a438a56364eb58e3a1a2e9a60119105c4e974ac847f2b,0.2634420614319883,0.15143018739158148,0.1120118740404068,1.7653213918075528,0.48308728759396713,1.2822341042135856,0.2855290355484936,0.11958297406829162,0.6907514450867052,0.7459908107306952,0.7985623239958499,0.052571513265154746,0.10781087890914476,0.6685047523635537,0.7383322559793148,0.7961821068566998,0.05784985087738492,0.1276773544931461
lightgbm,5,f121f1e0,relaxation,16,27,43,True,True,True,5.05638802501095,0.006328219559388292,0.148677875637946,195,173,368,3f106aa75063d6d5ac2a438a56364eb58e3a1a2e9a60119105c4e974ac847f2b,0.2579386581619121,0.11108784624797914,0.14685081191393295,1.200439125053665,0.3495993552533574,0.8508397698003076,0.29072003637736155,0.055946350230732515,0.6936416184971098,0.7488809841410997,0.8373054690973767,0.08842448495627697,0.14366385060026687,0.6723118279569893,0.7417543859649123,0.8383742137194328,0.0966198277545205,0.16606238576244348
xgboost,5,f121f1e0,interest,87,57,144,True,True,True,4.959395235995373,0.006968272725334133,0.0748372791276779,162,280,442,be30307add2ff46f0100f87110fbdf1da62a5e04ef08853763f0baf196e26282,0.28125772915805247,0.10196771669988983,0.17929001245816265,1.3823604570488497,0.34292679761815303,1.0394336594306965,0.3133555977933858,0.09201748027398891,0.7464285714285714,0.8134700176366843,0.8865079365079365,0.07303791887125222,0.14007936507936503,0.6777830256483972,0.7665369250729476,0.8667851081042496,0.10024818303130201,0.18900208245585237
lightgbm,5,f121f1e0,interest,87,57,144,True,True,True,2.7757027462291433,0.05865136336626387,0.1710008473999996,162,280,442,be30307add2ff46f0100f87110fbdf1da62a5e04ef08853763f0baf196e26282,0.2664959653080094,0.1146695330514286,0.1518264322565808,0.9787384031807226,0.36291330693984525,0.6158250962408773,0.3172416972444583,0.11168430790483266,0.7357142857142858,0.8129850088183421,0.866710758377425,0.053725749559082825,0.13099647266313919,0.663608688497614,0.7643971543965393,0.8366499232230695,0.0722527688265302,0.17304123472545552
xgboost,5,f121f1e0,focus,53,58,111,True,True,True,2.1138906139207583,0.10775403981538596,0.1856423635035753,107,260,367,e29d20e0084125003338b7dfa2bf5f0b51859d2e09478cd73da99490c6674b47,0.27135889248368084,0.20998971124201457,0.061369181241666265,0.848618443629253,0.6658129451975646,0.18280549843168836,0.25215509924460305,0.1463420202092031,0.6537742631200575,0.6556434219985622,0.6088964773544213,-0.046746944644140864,-0.04487778576563617,0.6045502124253432,0.6507050862257149,0.6142913617386441,-0.03641372448707081,0.009741149313300834
lightgbm,5,f121f1e0,focus,53,58,111,True,True,True,1.1055970117281766,0.24869265260616508,0.2774686030888664,107,260,367,e29d20e0084125003338b7dfa2bf5f0b51859d2e09478cd73da99490c6674b47,0.21609005097677875,0.18384214002518573,0.03224791095159302,0.6145890424928173,0.5545265550912062,0.06006248740161113,0.16958017572622208,0.07390195911737316,0.6369877785765636,0.6300503235082674,0.6061286843997125,-0.023921639108554937,-0.030859094176851176,0.6097773514010473,0.6393301243481749,0.6130052724077328,-0.026324851940442096,0.0032279210066855635
xgboost,4,f1a0c120,attention,137,12,149,True,True,True,-0.5877952269635172,0.6428591086341411,0.3594609326682985,123,63,186,f8375dd054790fb62ac5d8b681f159e3598a55f5735c0a3897a53301c3bc373b,0.16112620022757346,0.184720670984061,-0.023594470756487546,0.5733175610413035,0.6894804211351857,-0.11616286009388221,0.18263737910463104,0.21203447282728852,0.7022841656987998,0.7340301974448316,0.6467286101432442,-0.08730158730158732,-0.05555555555555558,0.7215130023640661,0.7579978570335222,0.6510609913703256,-0.1069368656631966,-0.07045201099374054
lightgbm,4,f1a0c120,attention,137,12,149,True,True,True,-1.053734221981418,0.7414913273212145,0.3386105213766927,123,63,186,f8375dd054790fb62ac5d8b681f159e3598a55f5735c0a3897a53301c3bc373b,0.15029931310491604,0.2130317081248505,-0.06273239501993447,0.4596468531266546,0.6819514875828724,-0.2223046344562178,0.1711006527142478,0.24595877038248176,0.6666666666666666,0.7857142857142857,0.5714285714285714,-0.2142857142857143,-0.09523809523809523,0.6770833333333333,0.8141858141858143,0.5349999999999999,-0.27918581418581434,-0.14208333333333334
xgboost,4,f1a0c120,engagement,6,114,120,True,False,False,0.0,0.9897081851959229,0.9897081851959229,51,251,302,1e44ece8c5ecd1db966d4efa3fff9e74efcb04575870c27ee606f2ee3fe3cf57,0.14761882108320776,0.14761882108320776,0.0,0.5758032057287376,0.5758032057287376,0.0,0.12121436828809064,0.12121436828809064,0.515623779392235,0.6569408639950004,0.6569408639950004,0.0,0.14131708460276537,0.4899155489319424,0.5197465176062653,0.5197465176062653,0.0,0.029830968674322944
lightgbm,4,f1a0c120,engagement,6,114,120,True,False,False,0.0,0.943834114499607,0.943834114499607,51,251,302,1e44ece8c5ecd1db966d4efa3fff9e74efcb04575870c27ee606f2ee3fe3cf57,0.1551637914983313,0.1551637914983313,0.0,0.5015797900870386,0.5015797900870386,0.0,0.09660409186885706,0.09660409186885706,0.5036715881571753,0.5746426060464026,0.5746426060464026,0.0,0.07097101788922733,0.4803006974005978,0.36750440917107585,0.36750440917107585,0.0,-0.11279628822952192
xgboost,4,f1a0c120,excitement,49,35,84,True,True,True,-4.007001922441621,0.9821370464401361,0.5790208131074905,98,88,186,d7a5ffe4e6c0b29c70df9ab7c6a5f0a26923753389df7b50134973144795f3bd,0.0636494643901055,0.19847326322964098,-0.1348237988395355,0.25144977636197563,0.8221232073488489,-0.5706734309868733,0.06845501179106081,0.2355097699664608,0.9165120593692022,0.9159322820037106,0.7392161410018553,-0.1767161410018553,-0.17729591836734693,0.9185044545056229,0.9183135704874835,0.7299242424242425,-0.18838932806324105,-0.18858021208138043
lightgbm,4,f1a0c120,excitement,49,35,84,True,True,True,-1.6074218139158543,0.83305313144028,0.5812787889582849,98,88,186,d7a5ffe4e6c0b29c70df9ab7c6a5f0a26923753389df7b50134973144795f3bd,0.07703030109956745,0.16206207524450483,-0.08503177414493739,0.25237948777657,0.4935153008599765,-0.24113581308340654,0.08873451356523958,0.21065529234608918,0.8875231910946196,0.8704777365491652,0.7448979591836735,-0.12557977736549164,-0.14262523191094612,0.8903301886792453,0.8732632202636647,0.736684808254947,-0.13657841200871768,-0.15364538042429832
xgboost,4,f1a0c120,stress,94,60,154,True,True,True,-4.125033087004191,0.984094126203287,0.9268612414598464,209,135,344,4ef8bab37aa7eabc7271ef107e5cca4492000ddb115d1727e954ac2324f71f49,0.21989042297457978,0.14073563491680524,0.07915478805777454,0.807820801320764,0.5145539448615852,0.2932668564591787,0.22110140347128995,0.09344017999502342,0.7683324472798156,0.7934254828991671,0.8135743398901294,0.02014885699096225,0.04524189261031375,0.7295940360575095,0.7873492664664141,0.8228304454990252,0.035481179032611054,0.09323640944151568
lightgbm,4,f1a0c120,stress,94,60,154,True,True,True,-2.7527065954114613,0.940066026290503,0.9006603942076286,209,135,344,4ef8bab37aa7eabc7271ef107e5cca4492000ddb115d1727e954ac2324f71f49,0.19479471115057612,0.14933306264822535,0.045461648502350765,0.6083091591109239,0.4708396142180514,0.13746954489287244,0.213333787463406,0.11090780357980635,0.7572213361687046,0.773524720893142,0.7739145844409002,0.0003898635477582735,0.01669324827219565,0.7209207991075957,0.7800913242009132,0.7853901996370236,0.005298875436110406,0.06446940052942796
xgboost,4,f1a0c120,relaxation,57,56,113,True,True,True,-3.9140195917334424,0.980430501200764,0.6601953953504562,162,184,346,baa7eab0fb6a32246a5af58a7b3bbced7c2d21639a1946b060bd33e99960a9f6,0.09143805573665234,0.14553433547232492,-0.054096279735672576,0.3328759175842075,0.5588860552569735,-0.22601013767276606,0.05586590409768171,0.15711634002762548,0.888251476113795,0.8781199677938809,0.835480407944176,-0.04263955984970491,-0.05277106816961896,0.8893415028279019,0.8781199677938809,0.8252760570966873,-0.05284391069719363,-0.06406544573121464
lightgbm,4,f1a0c120,relaxation,57,56,113,True,True,True,-2.1355338536349837,0.8943092120285745,0.7035958300943634,162,184,346,baa7eab0fb6a32246a5af58a7b3bbced7c2d21639a1946b060bd33e99960a9f6,0.08137086472179218,0.12336655063007623,-0.04199568590828405,0.27315447363789097,0.3932800715871921,-0.12012559794930111,0.06132112617458825,0.14327430015361267,0.8820786366076221,0.8625536768652711,0.8332662372517445,-0.029287439613526534,-0.048812399355877556,0.8833956795740235,0.8611046064295989,0.8261190029482712,-0.03498560348132762,-0.05727667662575231
xgboost,4,f1a0c120,interest,9,160,169,True,False,False,0.0,0.5005135789979249,0.5005135789979249,57,329,386,8dacfc30f5264dd7bc2cbab5d2d30ea7e8ee28934609422c54f558e49babfd80,0.08629596185493564,0.08629596185493564,0.0,0.3704322620301762,0.3704322620301762,0.0,0.09205253155549319,0.09205253155549319,0.6666666666666666,0.6666666666666666,0.6666666666666666,0.0,0.0,0.7227011494252873,0.7227011494252873,0.7227011494252873,0.0,0.0
lightgbm,4,f1a0c120,interest,9,160,169,True,False,False,0.0,0.4966172254199837,0.4966172254199837,57,329,386,8dacfc30f5264dd7bc2cbab5d2d30ea7e8ee28934609422c54f558e49babfd80,0.07052179981651692,0.07052179981651692,0.0,0.2501854898846085,0.2501854898846085,0.0,0.05030228420922079,0.05030228420922079,0.6666666666666666,0.6666666666666666,0.6666666666666666,0.0,0.0,0.7227011494252873,0.7227011494252873,0.7227011494252873,0.0,0.0
xgboost,4,f1a0c120,focus,79,36,115,True,True,True,-0.17907646756561035,0.5446498598890374,0.452450443059206,186,92,278,854e6b743b0ad26085226b26c58ee6dd6c6944d35e938e6f04faa05a8647136e,0.1938515311715534,0.19608442036568324,-0.002232889194129839,0.645099108769301,0.6604070341314777,-0.015307925362176733,0.16922347158828638,0.1642841158950015,0.6528167367928939,0.6637447405329593,0.6554464703132304,-0.008298270219728843,0.0026297335203365746,0.6618498516031723,0.6728579606895235,0.6653529673663903,-0.007504993323133258,0.0035031157632179344
lightgbm,4,f1a0c120,focus,79,36,115,True,True,True,-0.430845361197594,0.6060755148023904,0.4593190956315516,186,92,278,854e6b743b0ad26085226b26c58ee6dd6c6944d35e938e6f04faa05a8647136e,0.14901608466871205,0.15295763249802657,-0.003941547829314523,0.4491891565319324,0.4612663661315909,-0.012077209599658467,0.05494896553513895,0.0771516394786388,0.7234104721832633,0.7398316970546985,0.6797568957456755,-0.060074801309022985,-0.043653576437587716,0.7352752930891835,0.7474563953488372,0.6934847978616772,-0.05397159748716007,-0.04179049522750633
xgboost,1,f1d06060,attention,29,34,63,True,True,True,3.1291344190396266,0.04192135843401821,0.0856398865580558,43,235,278,e30709a151cd8312e9d27197dac67fb19c01e5099bfe6b777cdcdd81a46460b2,0.31424698762994285,0.11202369982071513,0.20222328780922771,1.0980057461546509,0.3507135758624463,0.7472921702922046,0.40432080758572536,0.09882842075160898,0.7415635823849579,0.7932211776348342,0.7945076694705591,0.0012864918357248234,0.052944087085601166,0.5441664914862308,0.7058747099767981,0.7475662548833281,0.04169154490652993,0.2033997633970973
lightgbm,1,f1d06060,attention,29,34,63,True,True,True,1.7495898307233255,0.1480989398334846,0.1905398517673325,43,235,278,e30709a151cd8312e9d27197dac67fb19c01e5099bfe6b777cdcdd81a46460b2,0.33530144137872303,0.12416080943886476,0.21114063193985827,0.9516495631450257,0.393856118538173,0.5577934446068527,0.4688638566994665,0.17296800686643743,0.6756061355764473,0.8281048985650667,0.8144977733795151,-0.013607125185551627,0.1388916378030678,0.4526394210302256,0.7259783878504673,0.742364192053633,0.01638580420316571,0.28972477102340743
xgboost,1,f1d06060,engagement,42,64,106,True,True,True,3.4878851974349203,0.029658906121250543,0.2039802524086553,207,53,260,3df9af7d5b9bb00fb6f2ccfab376d1d42a30a614f1f7291c48fb081ed028ecae,0.11142461466460868,0.1744599753971537,-0.06303536073254501,0.39189051349492277,0.603807650126567,-0.21191713663164424,0.08358250581356023,0.18810772131907672,0.7281469328228967,0.771989791267888,0.7846595570139459,0.012669765746057826,0.05651262419104919,0.7535797535797536,0.7518610421836228,0.7060248748182846,-0.04583616736533824,-0.04755487876146902
lightgbm,1,f1d06060,engagement,42,64,106,True,True,True,1.927377554923317,0.1270411293466575,0.2452628764821561,207,53,260,3df9af7d5b9bb00fb6f2ccfab376d1d42a30a614f1f7291c48fb081ed028ecae,0.09998525009729219,0.16550534192682376,-0.06552009182953157,0.30722924228929754,0.49599480320914807,-0.18876556091985053,0.05213585058978056,0.21104368764039244,0.7303345182754535,0.802023516543615,0.8030717345729651,0.0010482180293500676,0.07273721629751162,0.7488544891640867,0.7486659964426572,0.7006409925933563,-0.04802500384930086,-0.048213496570730374
xgboost,1,f1d06060,excitement,72,76,148,True,True,True,-1.738805726598728,0.8505353070142049,0.5190723370760679,88,204,292,11b7f04710ffc1ab55fdca4f15be66510560f92884bf4dfe18ff28daed21a909,0.087113056742894,0.07236822753065722,0.014744829212236785,0.3373287330750192,0.26493544893979865,0.07239328413522056,0.07963647508427904,0.06044975132830843,0.840017825311943,0.8407976827094474,0.8732174688057041,0.03241978609625662,0.03319964349376103,0.863869463869464,0.8611754917691805,0.8830128205128205,0.021837328743639972,0.019143356643356535
lightgbm,1,f1d06060,excitement,72,76,148,True,True,True,-1.4885809398574237,0.8158651838798088,0.5554878944366123,88,204,292,11b7f04710ffc1ab55fdca4f15be66510560f92884bf4dfe18ff28daed21a909,0.07886922253635269,0.06816521699241504,0.010704005543937647,0.25113929510704336,0.22743408297817644,0.02370521212886692,0.06531307921866329,0.033677574915860285,0.8432486631016043,0.8464795008912656,0.9064171122994653,0.059937611408199754,0.06316844919786102,0.8649741195423559,0.8660451350351461,0.8999218567922899,0.033876721757143735,0.03494773724993394
xgboost,1,f1d06060,stress,81,68,149,True,True,True,-4.210109668997381,0.9853724026420947,0.9584081768989564,193,147,340,f592685079d60ebda56d693eb86415293827e12860d10b74de17f542ee040582,0.2979289750716137,0.13109799563008656,0.16683097944152714,1.169709272132933,0.42865088903852894,0.741058383094404,0.3441411714997443,0.07017745475659327,0.6761658031088082,0.8178245391420818,0.8262310105389306,0.008406471396848803,0.1500652074301223,0.611371720663137,0.8084507042253521,0.8262310105389306,0.01778030631357841,0.2148592898757935
lightgbm,1,f1d06060,stress,81,68,149,True,True,True,-2.5880678392351957,0.9300896868570875,0.893398430133642,193,147,340,f592685079d60ebda56d693eb86415293827e12860d10b74de17f542ee040582,0.25425053220488086,0.12460535923980975,0.1296451729650711,0.7593607383538367,0.38618746836241336,0.3731732699914233,0.3103553252241161,0.054058784755600775,0.6771351027457615,0.8080962955130239,0.7949666913397484,-0.013129604173275466,0.1178315885939869,0.6171588391268026,0.8062745991812692,0.798751614291864,-0.007522984889405171,0.18159277516506145
xgboost,1,f1d06060,relaxation,114,24,138,True,True,True,-6.314609100823439,0.998193595978572,0.916091799736023,135,159,294,466bed25fbe85581d0810093f592f4b8c6298b32e5dac5942e7dea59cbad4fbb,0.2529604380282719,0.1370018937844879,0.11595854424378399,1.0699004350897796,0.4778059286002315,0.5920945064895481,0.2818842101456094,0.13282271897655473,0.6820405310971349,0.7779874213836477,0.8451432564640111,0.06715583508036338,0.1631027253668762,0.661852030171722,0.7796670557159531,0.8365455893254262,0.05687853360947315,0.17469355915370421
lightgbm,1,f1d06060,relaxation,114,24,138,True,True,True,-4.463582995688199,0.9886102123330394,0.86715029541768,135,159,294,466bed25fbe85581d0810093f592f4b8c6298b32e5dac5942e7dea59cbad4fbb,0.25212380881539825,0.14319333723503838,0.10893047158035987,0.8304129199121604,0.45232376329210827,0.3780891566200521,0.2936280567676255,0.1744206785755702,0.6375960866526904,0.7985324947589099,0.7959468902865129,-0.002585604472396974,0.15835080363382248,0.6000333166749958,0.801339148596351,0.7800224466891134,-0.021316701907237667,0.17998913001411754
xgboost,1,f1d06060,interest,68,58,126,True,True,True,-2.266893634700833,0.906097817236737,0.8549544364213943,173,121,294,a7ee71a868c1f2ceeeee1454a2544e7d700d647d91130fdcd2e50620b968cbc6,0.26735138829966254,0.17913587705237385,0.08821551124728869,0.9232273006568071,0.5825863726577154,0.34064092799909174,0.26595540129393797,0.11641218583065555,0.687407442793675,0.7517794869345054,0.7699326422395261,0.018153155305020707,0.08252519944585102,0.6466799677972628,0.7400409530900969,0.7647778614457832,0.024736908355686316,0.11809789364852041
lightgbm,1,f1d06060,interest,68,58,126,True,True,True,-1.0650770070257916,0.7436595718820355,0.6873517044454283,173,121,294,a7ee71a868c1f2ceeeee1454a2544e7d700d647d91130fdcd2e50620b968cbc6,0.21051863403823706,0.1600639608436935,0.05045467319454355,0.6366493339364908,0.4925303925936101,0.14411894134288072,0.2116626352622423,0.08099677052514634,0.7353222185066641,0.7699565279701905,0.7699326422395261,-2.3885730664474636e-05,0.03461042373286194,0.6950740581044388,0.7572649572649572,0.7647778614457832,0.007512904180825952,0.0697038033413444
xgboost,1,f1d06060,focus,46,89,135,True,True,True,1.4978817341468473,0.18274166819728097,0.4967586137354374,79,200,279,65753d02fd6da9591cf80243b0b940cfe0e583f804cc07223274aa1c2ce43be0,0.14566367614814685,0.1106547442662226,0.03500893188192425,0.5035997925406227,0.36734714832759724,0.13625264421302546,0.14406058432011565,0.07640316527220585,0.831867088607595,0.8343670886075949,0.8400632911392405,0.0056962025316456,0.008196202531645547,0.7842288060519989,0.7876592626000677,0.8259989960602971,0.03833973346022945,0.04177019000829829
lightgbm,1,f1d06060,focus,46,89,135,True,True,True,1.183620142778261,0.23440190936260394,0.4609802998508238,79,200,279,65753d02fd6da9591cf80243b0b940cfe0e583f804cc07223274aa1c2ce43be0,0.14492800017991656,0.10726153068483157,0.03766646949508498,0.44588685301598696,0.334553544704934,0.11133330831105298,0.16646572621268402,0.04407406037205987,0.8306962025316456,0.8443670886075949,0.8044303797468355,-0.039936708860759396,-0.026265822784810045,0.7783770224507713,0.8014856557377049,0.8079404466501241,0.006454790912419184,0.02956342419935276
