model,budget_seconds,subject_id,n_pm,zero_shot_balanced_accuracy,personalized_balanced_accuracy,delta_balanced_accuracy,zero_shot_macro_f1,personalized_macro_f1,delta_macro_f1,zero_shot_low_recall,personalized_low_recall,delta_low_recall,zero_shot_high_recall,personalized_high_recall,delta_high_recall,zero_shot_precision,personalized_precision,delta_precision,zero_shot_accuracy,personalized_accuracy,delta_accuracy
lightgbm,900,0001508a,7,0.7443275287394232,0.7822797460698995,0.037952217330476365,0.7061191293564819,0.7803646182170475,0.0742454888605656,0.6432969190590685,0.7507651185527291,0.10746819949366074,0.845358138419778,0.8137943735870701,-0.031563764832708,0.7946181552727619,0.824518229427775,0.029900074155012963,0.7465691407383178,0.8177976248750786,0.07122848413676064
lightgbm,900,0012905a,7,0.7511309734566913,0.7495750970629073,-0.001555876393783914,0.7376741043190213,0.737638541957452,-3.5562361569287303e-05,0.8451871721917552,0.8262855031952705,-0.01890166899648487,0.6570747747216277,0.6728646909305445,0.01578991620891696,0.7637195997091842,0.7722823341295858,0.008562734420401594,0.7482461561766595,0.751706912075185,0.0034607558985255533
lightgbm,900,0110f12e,7,0.8183764121412735,0.8182942549301551,-8.21572111185149e-05,0.8148661472382785,0.8104691983532397,-0.004396948885038816,0.8214259927633287,0.866854313303368,0.04542832054003936,0.8153268315192183,0.7697341965569421,-0.04559263496227629,0.8190524900309699,0.8124165353535061,-0.006635954677463807,0.8240837301127298,0.818320104356593,-0.005763625756136727
lightgbm,900,0182e16c,7,0.714197188031225,0.8253003153550426,0.11110312732381726,0.6651291120759613,0.7973502156973932,0.13222110362143202,0.6787742400636452,0.8216873454309221,0.1429131053672771,0.749620135998805,0.8289132852791623,0.07929314928035745,0.7864004161166287,0.7881557607679772,0.0017553446513485385,0.7190533454920262,0.8279997152437445,0.10894636975171837
lightgbm,900,01c2a0d8,7,0.7844816344238733,0.7867833635075014,0.0023017290836281823,0.7624481128440769,0.7614897554414858,-0.0009583574025909813,0.7478955275802642,0.9163875179633333,0.16849199038306914,0.8210677412674824,0.6571792090516695,-0.1638885322158128,0.7909924606768204,0.7960149176630275,0.0050224569862070845,0.8136702195012747,0.7954558935049301,-0.01821432599634465
lightgbm,900,1081b177,7,0.7755634481942756,0.7912193431746052,0.015655894980329647,0.7618605525294041,0.7830172253187905,0.02115667278938647,0.5992408486804186,0.6648214157325193,0.06558056705210077,0.9518860477081325,0.917617270616691,-0.03426877709144146,0.8161059830986567,0.8042578443633558,-0.011848138735300677,0.7930455600714522,0.8068272523096723,0.013781692238219964
lightgbm,900,20201194,7,0.7376714249756154,0.7871372343223527,0.049465809346737215,0.7070357268261281,0.7715143831007801,0.06447865627465191,0.7184780202077332,0.7412698139612549,0.02279179375352164,0.756864829743498,0.8330046546834508,0.07613982493995276,0.7702646824735785,0.8068669610026534,0.036602278529074814,0.7390739783421292,0.8050206805360968,0.06594670219396771
lightgbm,900,2162c09e,7,0.7841306580724491,0.8145419586714074,0.030411300598958486,0.7660628840605627,0.7880204362952302,0.021957552234667506,0.6395995676087279,0.7365977263494662,0.09699815874073822,0.9286617485361699,0.8924861909933488,-0.036175557542821264,0.8080198507635659,0.8142172747766532,0.006197424013087237,0.8185349847391494,0.82394950436934,0.005414519630190652
lightgbm,900,2182c1cd,7,0.7329682922925842,0.7661440431215915,0.03317575082900738,0.6967566854147346,0.7419176351661392,0.04516094975140466,0.5532289373067274,0.6584842803378603,0.10525534303113292,0.912707647278441,0.8738038059053227,-0.03890384137311816,0.7533968063946777,0.7673617597989587,0.013964953404281008,0.7075423351717419,0.7507976828538876,0.04325534768214566
lightgbm,900,219060fa,5,0.7696224509968135,0.7923935685322984,0.02277111753548493,0.7694883883357322,0.7978862213483282,0.028397833012595953,0.8009543466509411,0.7976437068674026,-0.003310639783538427,0.7382905553426857,0.787143430197194,0.04885287485450829,0.8362804987868323,0.825717354222123,-0.010563144564709193,0.8108745349712967,0.8234509773415442,0.012576442370247487
lightgbm,900,21a031f6,7,0.7723198952312095,0.7671085746563112,-0.005211320574898244,0.7373022795266183,0.7410102315417122,0.003707952015093774,0.7619642864717106,0.8859614997597627,0.123997213288052,0.7826755039907084,0.6482556495528599,-0.13441985443784854,0.7617912550863591,0.7822618314495136,0.020470576363154334,0.7528734174683746,0.7684575835296713,0.015584166061296851
lightgbm,900,30908049,7,0.7304021394397112,0.7515070163564214,0.021104876916710227,0.6680920239873872,0.6623124634313361,-0.005779560556051134,0.805668078754078,0.8882701716954199,0.0826020929413421,0.6551362001253447,0.6147438610174231,-0.040392339107921636,0.7368204512800134,0.695324382883153,-0.041496068396860326,0.7217378774481522,0.6932725088213809,-0.028465368626771275
lightgbm,900,30c140ca,7,0.7708719561466337,0.7137406503136459,-0.05713130583298783,0.6585487728864665,0.607617121923868,-0.05093165096259857,0.7124646796051624,0.6536908298428067,-0.05877384976235585,0.8292792326881049,0.7737904707844853,-0.05548876190361981,0.718278597608429,0.7160166661631957,-0.0022619314452331546,0.6800316442978366,0.6603255497983758,-0.01970609449946075
lightgbm,900,3110e0c7,7,0.6051401838568295,0.584218355216026,-0.020921828640803546,0.54929446137942,0.5272954038801422,-0.021999057499277688,0.5528385973437915,0.49233114416274615,-0.060507453181045286,0.6574417703698675,0.6761055662693058,0.018663795899438198,0.6011362620559142,0.5896744041450672,-0.011461857910846926,0.5888137208988227,0.5735286074390639,-0.015285113459758812
lightgbm,900,40009139,7,0.8019252719583053,0.7985824662402983,-0.003342805718007031,0.7874486894833657,0.7864256969586159,-0.0010229925247496727,0.8079040191209216,0.8769135211499096,0.0690095020289879,0.7959465247956891,0.720251411330687,-0.0756951134650019,0.811961376981681,0.8103253729577131,-0.0016360040239679868,0.8049046690866444,0.8058164996231261,0.000911830536481885
lightgbm,900,41e2010c,7,0.7325864647888599,0.7838032528569617,0.05121678806810183,0.7121150295918428,0.769633676454682,0.0575186468628392,0.7856611790216654,0.8433731237712552,0.05771194474958979,0.6795117505560544,0.7242333819426682,0.04472163138661383,0.8181342742259814,0.7948087061262716,-0.023325568099709853,0.7681034679210558,0.8006575038717528,0.032554035950696995
lightgbm,900,5001d09a,7,0.7998383522351145,0.8064037728669907,0.006565420631876357,0.7554405130915302,0.7627238393353147,0.007283326243784615,0.9421992115821229,0.9252001827160056,-0.016999028866117465,0.6574774928881059,0.6876073630179761,0.03012987012987015,0.7886291505815911,0.7829945492506095,-0.005634601330981545,0.7788489368066217,0.7835277850901212,0.004678848283499436
lightgbm,900,50c02189,7,0.6568495365393102,0.7240962587531664,0.06724672221385601,0.5814915077937117,0.7246573627915652,0.14316585499785353,0.5705684739869455,0.692084580012076,0.1215161060251303,0.7431305990916751,0.7561079374942568,0.012977338402581686,0.7285773012832576,0.7372997624020485,0.008722461118790952,0.6635865529178092,0.7495342403330046,0.08594768741519519
lightgbm,900,517001af,7,0.8278479081400796,0.8110912721228948,-0.016756636017184832,0.8266275092201643,0.7838705868859922,-0.042756922334172165,0.754097988139241,0.8928608578417594,0.1387628697025183,0.9015978281409182,0.7293216864040303,-0.17227614173688802,0.8497731531845645,0.8170083882268757,-0.03276476495768881,0.8640949531971742,0.8332401641877939,-0.030854789009380323
lightgbm,900,6030f0fd,7,0.7632452386226802,0.782440633019368,0.019195394396687604,0.7230241396337982,0.742166672058527,0.019142532424728836,0.8394228539317824,0.815040904712171,-0.024381949219611565,0.6870676233135781,0.7498403613265648,0.06277273801298675,0.7540680647173919,0.7675408757872296,0.01347281106983768,0.7547663064345203,0.7661208268054354,0.011354520370915238
lightgbm,900,7072a0e0,7,0.7632606572280404,0.7741153012622094,0.010854644034169152,0.6920746190062831,0.7211640006852301,0.029089381678947115,0.8122556083390763,0.8818514061598429,0.06959579782076657,0.7142657061170042,0.6663791963645761,-0.04788650975242827,0.7390517561356527,0.751378506287052,0.01232675015139936,0.7285874034399875,0.7584223467614617,0.029834943321474214
lightgbm,900,7092f07b,7,0.6816180404105311,0.7070652409179345,0.025447200507403425,0.6066771387722518,0.6408109929306932,0.034133854158441376,0.8502328911242971,0.8469074588406996,-0.003325432283597361,0.5130031896967651,0.5672230229951694,0.05421983329840425,0.747405352491177,0.7681456960021673,0.0207403435109903,0.6490063419085359,0.6875611919100365,0.03855485000150064
lightgbm,900,7150e10a,7,0.6979637040182156,0.7078647119883028,0.009901007970087179,0.6334537015904059,0.6438009579548912,0.010347256364485238,0.8796455359192256,0.8809945398738399,0.0013490039546143473,0.516281872117206,0.534734884102766,0.018453011985560052,0.7656972606570481,0.7659232553671258,0.00022599471007768633,0.6801540416296049,0.6864676904908376,0.00631364886123263
lightgbm,900,71a251fa,7,0.8375819633157027,0.8258190395227036,-0.011762923792998972,0.8226853282219339,0.7843811232634403,-0.03830420495849347,0.7703576060729561,0.7103325434163145,-0.0600250626566416,0.9048063205584492,0.9413055356290929,0.036499215070643624,0.8449117168687577,0.8399759705480303,-0.004935746320727289,0.8530701075668425,0.7995041990157955,-0.05356590855104697
lightgbm,900,71c09041,6,0.8262966155839879,0.8256103733349804,-0.0006862422490074108,0.819076754846871,0.8223801917840489,0.003303436937177995,0.895960917439909,0.9553598671051403,0.05939894966523118,0.7566323137280668,0.6958608795648207,-0.06077143416324604,0.8660972009841842,0.8702035587399797,0.004106357755795431,0.8812077738875922,0.8908194794455917,0.00961170555799958
lightgbm,900,71e10186,7,0.9331113558571774,0.9356395172330932,0.002528161375915922,0.9316681312120269,0.9352132454531691,0.003545114241142249,0.9241032414232249,0.9314036898612091,0.007300448437984338,0.9421194702911299,0.9398753446049773,-0.0022441256861525094,0.9362637964581862,0.9394402560748981,0.0031764596167120273,0.9347179085146902,0.9380541118139838,0.003336203299293659
lightgbm,900,71f0603f,7,0.7941556465363268,0.7903737488855312,-0.003781897650795602,0.7973808093261737,0.7888415762155009,-0.008539233110672744,0.7149572775909273,0.7384689988190416,0.023511721228114197,0.8733540154817261,0.8422784989520208,-0.0310755165297054,0.8127949971502694,0.8169917919753138,0.004196794825044552,0.8090570342905267,0.8043325809339331,-0.004724453356593582
lightgbm,900,71f21142,6,0.7650367252980458,0.7872050325233292,0.02216830722528353,0.7242372710887649,0.761295728082958,0.03705845699419291,0.879905872888563,0.9249677686145952,0.04506189572603233,0.6501675777075284,0.6494422964320632,-0.0007252812754653023,0.7982603467866681,0.810727936422051,0.012467589635382878,0.7684318828395501,0.8016966290672594,0.0332647462277092
lightgbm,900,8030618f,7,0.7608391155482922,0.7613909736077649,0.000551858059472792,0.6414607269809011,0.6777370581152409,0.03627633113433983,0.8728050993440871,0.9167041374291717,0.04389903808508461,0.6488731317524972,0.6060778097863582,-0.04279532196613904,0.712249265422237,0.7234221403969372,0.011172874974700209,0.668296409747868,0.7290597953177468,0.06076338556987864
lightgbm,900,8191f1d9,7,0.678732849157466,0.7428142974788475,0.06408144832138155,0.5318513355508039,0.7002212946210883,0.1683699590702845,0.4137954047161415,0.7653535950402951,0.3515581903241535,0.9436702935987905,0.7202749999174001,-0.22339529368139038,0.6951214469753442,0.7325338691095515,0.03741242213420743,0.5712444588676905,0.8115014908453093,0.24025703197761897
lightgbm,900,81e150c1,7,0.7520927284935215,0.754855776986698,0.002763048493176593,0.6977204721836227,0.6950859498190659,-0.0026345223645566906,0.8460012404749248,0.8587831953621429,0.012781954887218037,0.6581842165121181,0.6509283586112533,-0.007255857900864788,0.712577184342164,0.7107098771951031,-0.0018673071470607372,0.75034239070125,0.745110402152542,-0.005231988548708132
lightgbm,900,81f1f0fe,7,0.7964731302063367,0.7893714008497931,-0.007101729356543708,0.747043249272355,0.7496412111868985,0.0025979619145437244,0.8007076944925385,0.7074900355201567,-0.0932176589723819,0.7922385659201348,0.8712527661794294,0.07901420025929455,0.766863281895846,0.7640098130467531,-0.0028534688490929406,0.7767480999364774,0.7923926892638619,0.01564458932738452
lightgbm,900,a02151ac,7,0.729005363218404,0.7246824578615173,-0.004322905356886667,0.6945233483664204,0.6933775609442938,-0.00114578742212647,0.632319576000269,0.7080666545326676,0.07574707853239868,0.825691150436539,0.741298261190367,-0.08439288924617197,0.752668964924414,0.760390698450424,0.007721733526009958,0.7416352995639927,0.7469668702644608,0.0053315707004681755
lightgbm,900,a1721173,7,0.7523149500610256,0.7523149500610256,0.0,0.7282351806943775,0.7282351806943775,0.0,0.7811950464452622,0.7811950464452622,0.0,0.7234348536767892,0.7234348536767892,0.0,0.7779063826108769,0.7779063826108769,0.0,0.760781430050528,0.760781430050528,0.0
lightgbm,900,a1b210fc,7,0.7871967104075378,0.7510907098194605,-0.03610600058807745,0.7738075271091384,0.744624019605127,-0.02918350750401141,0.8444711394164256,0.7445676800957649,-0.09990345932066078,0.7299222813986502,0.757613739543156,0.027691458144505823,0.8010052610015469,0.7961792080093442,-0.004826052992202686,0.8034485093427559,0.7824143148374951,-0.021034194505260975
lightgbm,900,b0700166,7,0.671482156278689,0.6838124656303266,0.01233030935163756,0.5701833404293039,0.6248862935940395,0.05470295316473558,0.7732514666766382,0.8202723088996179,0.04702084222297957,0.5697128458807398,0.5473526223610353,-0.02236022351970446,0.708791489953276,0.720326114740738,0.011534624787462113,0.6055753251957319,0.6698161501056651,0.06424082490993323
lightgbm,900,b112005d,7,0.6962369466588866,0.6903802148142982,-0.0058567318445883,0.6605942842444446,0.6334551359299988,-0.0271391483144456,0.7728169042034037,0.8340876703599405,0.06127076615653685,0.6196569891143696,0.5466727592686561,-0.0729842298457134,0.7237955948762694,0.7302771835068996,0.00648158863063015,0.7058176642710595,0.6716201704263989,-0.0341974938446607
lightgbm,900,b1c2f044,7,0.797110414624406,0.826547500182406,0.02943708555799986,0.7709192576093576,0.8203670729008445,0.04944781529148712,0.8802074606524164,0.8609435699512114,-0.019263890701204933,0.7140133685963957,0.7921514304136006,0.07813806181720469,0.8250401233219306,0.8424971010204205,0.017456977698490084,0.803562550672666,0.8546804878782509,0.05111793720558493
lightgbm,900,c060c06a,7,0.7414457308672261,0.7747516622990656,0.033305931431839415,0.69590882785346,0.7371106995705992,0.04120187171713918,0.577840836833329,0.7214579203899362,0.14361708355660716,0.9050506249011232,0.8280454042081947,-0.07700522069292834,0.7802012881392751,0.7898211556155473,0.009619867476272224,0.7905588861408187,0.8269392185200025,0.03638033237918391
lightgbm,900,c112918e,7,0.6668281312142674,0.7210053167793179,0.05417718556505047,0.6095437908547648,0.6879370451216522,0.07839325426688747,0.4696118204812894,0.702648358968722,0.2330365384874326,0.8640444419472455,0.7393622745899139,-0.12468216735733169,0.7647522201575183,0.778313233555241,0.013561013397722579,0.6829514313231627,0.7359263581290026,0.05297492680583989
lightgbm,900,c1a150b1,6,0.7083439499139196,0.6997876697849388,-0.008556280128980761,0.6553902478824477,0.6699064850583142,0.014516237175866642,0.8222398032805103,0.8698757022138551,0.04763589893334483,0.5944480965473286,0.529699637356022,-0.06474845919130637,0.7639413895255514,0.788891103879466,0.024949714353914725,0.695393125871134,0.724039758533674,0.02864663266254001
lightgbm,900,d0724095,7,0.7294341659689262,0.7437522111980455,0.014318045229119216,0.686237708088347,0.7165475966868351,0.030309888598488093,0.6721877521801368,0.6529385771291237,-0.01924917505101309,0.7866805797577158,0.8345658452669672,0.047885265509251526,0.7679233862675111,0.7678810410678544,-4.2345199656528596e-05,0.7185293997876149,0.7462566499510694,0.027727250163454533
lightgbm,900,d0e2d025,7,0.7632437193029264,0.7859648105588921,0.022721091255965727,0.7449552957196833,0.7653481376242529,0.02039284190456958,0.810562588275429,0.871335096944762,0.060772508669332974,0.7159248503304239,0.7005945241730223,-0.015330326157401541,0.7995616333754162,0.790551436236888,-0.009010197138528306,0.7900256669108039,0.797212497798225,0.007186830887421035
lightgbm,900,d111e017,7,0.8705141401726574,0.8699430866436605,-0.0005710535289969375,0.862842619040358,0.8628056996966411,-3.691934371688862e-05,0.8242046980390886,0.8223468032342959,-0.0018578948047926322,0.9168235823062262,0.9175393700530251,0.0007157877467988445,0.8750104798855157,0.8737791776147058,-0.0012313022708099514,0.8639181993426484,0.8638149602644306,-0.00010323907821761593
lightgbm,900,d151b0c4,7,0.7637008842550793,0.7608823918733847,-0.0028184923816947055,0.7591362167968414,0.7653163501891063,0.006180133392264879,0.7345515100773418,0.792642311510398,0.05809080143305634,0.7928502584328171,0.7291224722363713,-0.06372778619644578,0.7956080357013737,0.8061728469523276,0.01056481125095413,0.782761361435565,0.7924076796657964,0.009646318230231337
lightgbm,900,d18000a3,7,0.8219271315807523,0.8314427719214905,0.009515640340738263,0.7598527680180306,0.7789206617172101,0.019067893699179432,0.7893801412523266,0.8206846520069047,0.03130451075457807,0.8544741219091783,0.8422008918360767,-0.012273230073101502,0.7711785245089284,0.7787174897571312,0.007538965248202729,0.8106197553174024,0.8295398308552091,0.018920075537806773
lightgbm,900,f0f2a1e1,7,0.8173696879850961,0.8230143574798067,0.00564466949471062,0.7950120679577884,0.7899215661167005,-0.00509050184108801,0.8221389456642724,0.8734473272052121,0.051308381540939675,0.8126004303059198,0.7725813877544014,-0.04001904255151841,0.7963970229486774,0.796433200328918,3.617738024054772e-05,0.8353559574404651,0.8315535497771276,-0.003802407663337345
lightgbm,900,f121f1e0,7,0.7057782855675031,0.7450693305681082,0.039291045000605145,0.6658506252893394,0.7092731774727999,0.04342255218346057,0.8641323738342902,0.7928224356113102,-0.07130993822298003,0.5474241973007158,0.697316225524906,0.14989202822419037,0.7508874127373636,0.7551543328974697,0.004266920160106181,0.6971448807369602,0.7329129870987001,0.03576810636173992
lightgbm,900,f1a0c120,7,0.7267483653635312,0.7483259094045444,0.021577544041013245,0.730001020087038,0.7580759908003704,0.028074970713332252,0.6684013904827527,0.7443153046069934,0.07591391412424071,0.7850953402443095,0.7523365142020955,-0.03275882604221421,0.8070251932434033,0.8116425549436259,0.004617361700222565,0.8236254549525341,0.8167238061162096,-0.006901648836324619
lightgbm,900,f1d06060,7,0.7328484181986096,0.8129452318735322,0.0800968136749227,0.6795873237276682,0.784069882397035,0.1044825586693668,0.6722858821142937,0.7748896296535445,0.10260374753925074,0.7934109542829254,0.8510008340935201,0.05758987981059468,0.7669597597097668,0.785763155817185,0.018803396107418324,0.715200019475495,0.811841460656739,0.09664144118124392
lightgbm,1200,0001508a,7,0.7443275287394232,0.7776841710595799,0.033356642320156636,0.7061191293564819,0.7725122301374813,0.06639310078099939,0.6432969190590685,0.7432964795704032,0.09999956051133492,0.845358138419778,0.8120718625487563,-0.033286275871021634,0.7946181552727619,0.8157288685448886,0.02111071327212661,0.7465691407383178,0.8113206944802791,0.06475155374196122
lightgbm,1200,0012905a,7,0.7511309734566913,0.7526016388702048,0.001470665413513404,0.7376741043190213,0.7407945921247092,0.00312048780568776,0.8451871721917552,0.8218311486517426,-0.02335602354001271,0.6570747747216277,0.683372129088667,0.026297354367039505,0.7637195997091842,0.7758223366856648,0.012102736976480519,0.7482461561766595,0.7548818736591133,0.006635717482453903
lightgbm,1200,0110f12e,7,0.8183764121412735,0.8163291404805747,-0.002047271660698846,0.8148661472382785,0.8075127697800059,-0.0073533774582726285,0.8214259927633287,0.863012410525295,0.041586417761966366,0.8153268315192183,0.7696458704358543,-0.045680961083363995,0.8190524900309699,0.8083517484088143,-0.010700741622155476,0.8240837301127298,0.8144501136886492,-0.00963361642408064
lightgbm,1200,0182e16c,7,0.714197188031225,0.824273125792601,0.11007593776137603,0.6651291120759613,0.8014204504128923,0.13629133833693116,0.6787742400636452,0.8282364654755767,0.1494622254119315,0.749620135998805,0.8203097861096253,0.07068965011082053,0.7864004161166287,0.794234116282268,0.007833700165639288,0.7190533454920262,0.8353017563878726,0.11624841089584648
lightgbm,1200,01c2a0d8,7,0.7844816344238733,0.7887185170654748,0.0042368826416014594,0.7624481128440769,0.7651245972083185,0.002676484364241743,0.7478955275802642,0.8972445449231427,0.14934901734287845,0.8210677412674824,0.6801924892078068,-0.1408752520596755,0.7909924606768204,0.7936608179872415,0.002668357310421175,0.8136702195012747,0.7996276331224825,-0.014042586378792141
lightgbm,1200,1081b177,7,0.7755634481942756,0.8058055950041244,0.030242146809848967,0.7618605525294041,0.7952276783591063,0.03336712582970226,0.5992408486804186,0.7147260261020394,0.11548517742162079,0.9518860477081325,0.8968851639062096,-0.055000883801922806,0.8161059830986567,0.8124565964906622,-0.0036493866079945364,0.7930455600714522,0.8082437427120385,0.01519818264058616
lightgbm,1200,20201194,7,0.7376714249756154,0.789778586261483,0.05210716128586742,0.7070357268261281,0.7767468239153746,0.06971109708924654,0.7184780202077332,0.7752270359126502,0.05674901570491701,0.756864829743498,0.8043301366103159,0.04746530686681784,0.7702646824735785,0.8036614572612307,0.033396774787652114,0.7390739783421292,0.8054715675047904,0.06639758916266135
lightgbm,1200,2162c09e,7,0.7841306580724491,0.8319063091844986,0.04777565111204957,0.7660628840605627,0.8131983177729029,0.04713543371234019,0.6395995676087279,0.7725572180188559,0.13295765041012797,0.9286617485361699,0.8912554003501413,-0.037406348186028775,0.8080198507635659,0.8242668131004528,0.016246962336887032,0.8185349847391494,0.8480862476133506,0.029551262874201338
lightgbm,1200,2182c1cd,7,0.7329682922925842,0.7677221973057738,0.03475390501318963,0.6967566854147346,0.745022199383011,0.04826551396827642,0.5532289373067274,0.6683384912879047,0.11510955398117724,0.912707647278441,0.8671059033236429,-0.04560174395479799,0.7533968063946777,0.7685585941700186,0.01516178777534094,0.7075423351717419,0.7543669068794029,0.046824571707661
lightgbm,1200,219060fa,5,0.7696224509968135,0.7960247901634332,0.02640233916661976,0.7694883883357322,0.8009721896323061,0.03148380129657367,0.8009543466509411,0.8069213126465564,0.005966965995615347,0.7382905553426857,0.78512826768031,0.04683771233762417,0.8362804987868323,0.8239941876519689,-0.01228631113486336,0.8108745349712967,0.8242957407169642,0.013421205745667585
lightgbm,1200,21a031f6,7,0.7723198952312095,0.7711932104501209,-0.0011266847810884606,0.7373022795266183,0.7458712696323363,0.008568990105718053,0.7619642864717106,0.8766046536784227,0.11464036720671197,0.7826755039907084,0.6657817672218195,-0.11689373676888892,0.7617912550863591,0.7814552243263948,0.019663969240035502,0.7528734174683746,0.7711889849362671,0.01831556746789274
lightgbm,1200,30908049,7,0.7304021394397112,0.750688153449226,0.02028601400951467,0.6680920239873872,0.6575117115287844,-0.010580312458602883,0.805668078754078,0.9042805371497548,0.09861245839567677,0.6551362001253447,0.5970957697486973,-0.058040430376647446,0.7368204512800134,0.6963923102579042,-0.040428141022109294,0.7217378774481522,0.6869498128508108,-0.03478806459734142
lightgbm,1200,30c140ca,7,0.7708719561466337,0.7148489180443708,-0.056023038102262945,0.6585487728864665,0.6074045018517283,-0.051144271034738044,0.7124646796051624,0.6500003088989506,-0.06246437070621187,0.8292792326881049,0.7796975271897909,-0.04958170549831401,0.718278597608429,0.7150464894317391,-0.0032321081766898884,0.6800316442978366,0.6576046357474917,-0.022427008550344758
lightgbm,1200,3110e0c7,7,0.6051401838568295,0.5837796709221613,-0.02136051293466807,0.54929446137942,0.5252735453142721,-0.024020916065147873,0.5528385973437915,0.4816641730802474,-0.071174424263544,0.6574417703698675,0.6858951687640754,0.02845339839420786,0.6011362620559142,0.5908373952708263,-0.01029886678508791,0.5888137208988227,0.5722579088843043,-0.016555812014518407
lightgbm,1200,40009139,7,0.8019252719583053,0.8060520243963178,0.004126752438012511,0.7874486894833657,0.8049635274396097,0.0175148379562442,0.8079040191209216,0.8164619366699636,0.008557917549042069,0.7959465247956891,0.795642112122672,-0.00030441267301699126,0.811961376981681,0.8273213928001601,0.015360015818479043,0.8049046690866444,0.8340450776608643,0.029140408574220258
lightgbm,1200,41e2010c,7,0.7325864647888599,0.8050873185226092,0.07250085373374925,0.7121150295918428,0.7939041892028929,0.0817891596110502,0.7856611790216654,0.8527324230465209,0.06707124402485547,0.6795117505560544,0.7574422139986973,0.077930463442643,0.8181342742259814,0.8057943425992665,-0.012339931626714937,0.7681034679210558,0.8199368700127875,0.05183340209173167
lightgbm,1200,5001d09a,7,0.7998383522351145,0.7782369323343711,-0.0216014199007433,0.7554405130915302,0.7240127236563165,-0.03142778943521359,0.9421992115821229,0.9349748760350026,-0.007224335547120352,0.6574774928881059,0.6214989886337395,-0.03597850425436629,0.7886291505815911,0.7650687045769704,-0.023560446004620723,0.7788489368066217,0.7462000067892707,-0.03264893001735108
lightgbm,1200,50c02189,7,0.6568495365393102,0.7151953801192017,0.05834584357989144,0.5814915077937117,0.7186476510384363,0.13715614324472467,0.5705684739869455,0.6760143088424106,0.10544583485546517,0.7431305990916751,0.7543764513959929,0.011245852304317659,0.7285773012832576,0.7409475488118137,0.01237024752855612,0.6635865529178092,0.7464168418301478,0.0828302889123385
lightgbm,1200,517001af,7,0.8278479081400796,0.8168191219749569,-0.011028786165122801,0.8266275092201643,0.7892996120518736,-0.037327897168290734,0.754097988139241,0.8818940468749484,0.12779605873570735,0.9015978281409182,0.7517441970749653,-0.14985363106595292,0.8497731531845645,0.8177038836865389,-0.032069269498025625,0.8640949531971742,0.8375614598252977,-0.026533493371876476
lightgbm,1200,6030f0fd,7,0.7632452386226802,0.818763626673513,0.05551838805083266,0.7230241396337982,0.792767474088568,0.0697433344547698,0.8394228539317824,0.8646785438587388,0.025255689926956166,0.6870676233135781,0.7728487094882873,0.08578108617470914,0.7540680647173919,0.7863746292201593,0.032306564502767414,0.7547663064345203,0.8165591642945333,0.06179285786001316
lightgbm,1200,7072a0e0,7,0.7632606572280404,0.7610836623361568,-0.002176994891883594,0.6920746190062831,0.7122981271501423,0.020223508143859363,0.8122556083390763,0.8414376835624698,0.029182075223393538,0.7142657061170042,0.6807296411098436,-0.033536065007160755,0.7390517561356527,0.7504826452591755,0.01143088912352289,0.7285874034399875,0.7539790241404342,0.02539162070044679
lightgbm,1200,7092f07b,7,0.6816180404105311,0.7079318750252891,0.026313834614757954,0.6066771387722518,0.6425602557705318,0.03588311699828011,0.8502328911242971,0.8369877845457767,-0.013245106578520405,0.5130031896967651,0.5788759655048015,0.06587277580803633,0.747405352491177,0.7677028487583331,0.020297496267155997,0.6490063419085359,0.6884526411403685,0.039446299231832724
lightgbm,1200,7150e10a,7,0.6979637040182156,0.7083244214810955,0.010360717462879794,0.6334537015904059,0.6552615515010096,0.021807849910603496,0.8796455359192256,0.9109031807149565,0.03125764479573107,0.516281872117206,0.5057456622472344,-0.010536209869971502,0.7656972606570481,0.7696407597697694,0.003943499112721294,0.6801540416296049,0.7056424521393497,0.025488410509744628
lightgbm,1200,71a251fa,7,0.8375819633157027,0.8282120021753931,-0.009369961140309493,0.8226853282219339,0.7812565386085925,-0.04142878961334125,0.7703576060729561,0.7152094373557084,-0.055148168717247655,0.9048063205584492,0.941214566995078,0.03640824643662864,0.8449117168687577,0.8351694529051868,-0.009742263963570743,0.8530701075668425,0.7958021168716914,-0.05726799069515106
lightgbm,1200,71c09041,6,0.8262966155839879,0.8088138145277172,-0.017482801056270703,0.819076754846871,0.8112360995797374,-0.007840655267133604,0.895960917439909,0.8911041048513492,-0.004856812588559911,0.7566323137280668,0.7265235242040853,-0.030108789523981525,0.8660972009841842,0.8608904659307822,-0.005206735053401838,0.8812077738875922,0.8819402395637016,0.0007324656761095172
lightgbm,1200,71e10186,7,0.9331113558571774,0.9361686177621938,0.0030572619050164445,0.9316681312120269,0.9358367702180679,0.0041686390060409985,0.9241032414232249,0.9314036898612091,0.007300448437984338,0.9421194702911299,0.9409335456631783,-0.0011859246279514496,0.9362637964581862,0.9399666324838069,0.0037028360256207466,0.9347179085146902,0.938686223065564,0.003968314550873938
lightgbm,1200,71f0603f,7,0.7941556465363268,0.7807030011664838,-0.013452645369842984,0.7973808093261737,0.7770929307964938,-0.02028787852968001,0.7149572775909273,0.7626055162073546,0.047648238616427196,0.8733540154817261,0.7988004861256129,-0.07455352935611312,0.8127949971502694,0.8135325133989847,0.0007375162487152721,0.8090570342905267,0.7931997707757824,-0.015857263514744098
lightgbm,1200,71f21142,6,0.7650367252980458,0.7873948185826806,0.0223580932846348,0.7242372710887649,0.7613362222450496,0.03709895115628455,0.879905872888563,0.9265550702018968,0.046649197313333925,0.6501675777075284,0.6482345669634642,-0.0019330107440643414,0.7982603467866681,0.810920517791707,0.012660171005038856,0.7684318828395501,0.8016966290672594,0.0332647462277092
lightgbm,1200,8030618f,7,0.7608391155482922,0.7650106773335806,0.004171561785288594,0.6414607269809011,0.6828368869111899,0.04137615993028889,0.8728050993440871,0.9178030385280728,0.0449979391839857,0.6488731317524972,0.6122183161390887,-0.03665481561340856,0.712249265422237,0.7259626761913119,0.013713410769074952,0.668296409747868,0.7350617389523434,0.06676532920447532
lightgbm,1200,8191f1d9,7,0.678732849157466,0.7335257156294442,0.054792866471978265,0.5318513355508039,0.6649497589334398,0.13309842338263603,0.4137954047161415,0.6654772643602146,0.251681859644073,0.9436702935987905,0.8015741668986739,-0.14209612670011654,0.6951214469753442,0.7263048647535246,0.031183417778180456,0.5712444588676905,0.7455574177515766,0.17431295888388615
lightgbm,1200,81e150c1,7,0.7520927284935215,0.7529202778615266,0.0008275493680051886,0.6977204721836227,0.6951896682082006,-0.002530803975422023,0.8460012404749248,0.8522167793220425,0.006215538847117801,0.6581842165121181,0.6536237764010108,-0.004560440111107377,0.712577184342164,0.7101424085307085,-0.002434775811455395,0.75034239070125,0.7462293590748859,-0.00411303162636418
lightgbm,1200,81f1f0fe,7,0.7964731302063367,0.7850637106940292,-0.01140941951230734,0.747043249272355,0.7431202875800856,-0.00392296169226934,0.8007076944925385,0.7099054254278067,-0.09080226906473195,0.7922385659201348,0.8602219959602521,0.0679834300401173,0.766863281895846,0.7615730208066586,-0.005290261089187493,0.7767480999364774,0.7819210262441006,0.005172926307623242
lightgbm,1200,a02151ac,7,0.729005363218404,0.7199120248028006,-0.0090933384156034,0.6945233483664204,0.6882871268379798,-0.0062362215284406265,0.632319576000269,0.6947753124334074,0.06245573643313857,0.825691150436539,0.7450487371721938,-0.08064241326434533,0.752668964924414,0.7602146973198305,0.007545732395416338,0.7416352995639927,0.7442907653134136,0.0026554657494209616
lightgbm,1200,a1721173,7,0.7523149500610256,0.7523149500610256,0.0,0.7282351806943775,0.7282351806943775,0.0,0.7811950464452622,0.7811950464452622,0.0,0.7234348536767892,0.7234348536767892,0.0,0.7779063826108769,0.7779063826108769,0.0,0.760781430050528,0.760781430050528,0.0
lightgbm,1200,a1b210fc,7,0.7871967104075378,0.7690762738628673,-0.01812043654467066,0.7738075271091384,0.7666698841694679,-0.007137642939670357,0.8444711394164256,0.7838537849669429,-0.06061735444948265,0.7299222813986502,0.7542987627587915,0.02437648136014131,0.8010052610015469,0.8063220930982319,0.0053168320966851135,0.8034485093427559,0.7988923929734754,-0.004556116369280582
lightgbm,1200,b0700166,7,0.671482156278689,0.6925940958686301,0.02111193958994127,0.5701833404293039,0.6277056931781073,0.0575223527488035,0.7732514666766382,0.8525179722725956,0.07926650559595735,0.5697128458807398,0.5326702194646649,-0.03704262641607482,0.708791489953276,0.7197034019213142,0.010911911968038217,0.6055753251957319,0.6685477754298007,0.0629724502340689
lightgbm,1200,b112005d,7,0.6962369466588866,0.6920020448353205,-0.004234901823566228,0.6605942842444446,0.6408369020071872,-0.01975738223725729,0.7728169042034037,0.8208742493983356,0.048057345194931864,0.6196569891143696,0.5631298402723053,-0.05652714884206433,0.7237955948762694,0.7291213879404175,0.005325793064147885,0.7058176642710595,0.6824570906580129,-0.023360573613046585
lightgbm,1200,b1c2f044,7,0.797110414624406,0.8241065990228236,0.02699618439841746,0.7709192576093576,0.8213674487587362,0.050448191149378895,0.8802074606524164,0.8495555843727167,-0.030651876279699737,0.7140133685963957,0.7986576136729305,0.08464424507653463,0.8250401233219306,0.8464770571515474,0.021436933829616978,0.803562550672666,0.8572354868361275,0.05367293616346158
lightgbm,1200,c060c06a,7,0.7414457308672261,0.7873669679879172,0.04592123712069112,0.69590882785346,0.758630146758066,0.06272131890460587,0.577840836833329,0.7383605494119067,0.16051971257857764,0.9050506249011232,0.8363733865639278,-0.06867723833719534,0.7802012881392751,0.8088183623731994,0.02861707423392406,0.7905588861408187,0.8479265236572704,0.057367637516451575
lightgbm,1200,c112918e,7,0.6668281312142674,0.7225275560787027,0.05569942486443518,0.6095437908547648,0.6893182689903529,0.07977447813558822,0.4696118204812894,0.6944613937704603,0.22484957328917096,0.8640444419472455,0.7505937183869448,-0.11345072356030066,0.7647522201575183,0.7764263608952193,0.011674140737701138,0.6829514313231627,0.737451922150481,0.05450049082731834
lightgbm,1200,c1a150b1,6,0.7083439499139196,0.7292465740578639,0.020902624143944486,0.6553902478824477,0.7118001394254838,0.05640989154303633,0.8222398032805103,0.8738872958235077,0.05164749254299722,0.5944480965473286,0.5846058522922202,-0.009842244255108268,0.7639413895255514,0.7959417448878917,0.03200035536234034,0.695393125871134,0.7590411589295529,0.06364803305841892
lightgbm,1200,d0724095,7,0.7294341659689262,0.7413911636329313,0.01195699766400509,0.686237708088347,0.7136157629015373,0.027378054813190063,0.6721877521801368,0.6479918256623725,-0.02419592651776439,0.7866805797577158,0.8347905016034903,0.04810992184577458,0.7679233862675111,0.7657817858882179,-0.002141600379293166,0.7185293997876149,0.7450189654813232,0.026489565693708212
lightgbm,1200,d0e2d025,7,0.7632437193029264,0.7916458634783794,0.028402144175452948,0.7449552957196833,0.7775749152909077,0.03261961957122449,0.810562588275429,0.85168071560552,0.04111812733009103,0.7159248503304239,0.7316110113512388,0.01568616102081489,0.7995616333754162,0.8003943995098609,0.0008327661344447337,0.7900256669108039,0.8109973387262267,0.020971671815422747
lightgbm,1200,d111e017,7,0.8705141401726574,0.8722809418637212,0.0017668016910638018,0.862842619040358,0.8651782120786692,0.002335593038311085,0.8242046980390886,0.8284334484186855,0.004228750379596905,0.9168235823062262,0.916128435308757,-0.0006951469974692458,0.8750104798855157,0.8756983507202947,0.0006878708347789157,0.8639181993426484,0.8661248394399815,0.0022066400973332107
lightgbm,1200,d151b0c4,7,0.7637008842550793,0.7658316372020605,0.0021307529469810787,0.7591362167968414,0.769325882570233,0.01018966577339169,0.7345515100773418,0.7817121428351641,0.04716063275782244,0.7928502584328171,0.7499511315689568,-0.04289912686386029,0.7956080357013737,0.8072100253399821,0.011601989638608414,0.782761361435565,0.7949708605575204,0.012209499121955458
lightgbm,1200,d18000a3,7,0.8219271315807523,0.8291029164609247,0.007175784880172327,0.7598527680180306,0.7771694552653026,0.017316687247271947,0.7893801412523266,0.8129762586434206,0.02359611739109393,0.8544741219091783,0.845229574278429,-0.009244547630749287,0.7711785245089284,0.7771095655375447,0.005931041028616143,0.8106197553174024,0.8321065799786223,0.02148682466122
lightgbm,1200,f0f2a1e1,7,0.8173696879850961,0.811326096047579,-0.006043591937517166,0.7950120679577884,0.7834330389839966,-0.011579028973791785,0.8221389456642724,0.8142696074821835,-0.007869338182088776,0.8126004303059198,0.8083825846129743,-0.004217845692945492,0.7963970229486774,0.7888254806635461,-0.0075715422851313175,0.8353559574404651,0.8241519097551457,-0.011204047685319305
lightgbm,1200,f121f1e0,7,0.7057782855675031,0.7545367811032448,0.04875849553574189,0.6658506252893394,0.7231470450606176,0.057296419771278195,0.8641323738342902,0.7873756780079395,-0.07675669582635074,0.5474241973007158,0.7216978841985501,0.17427368689783457,0.7508874127373636,0.7587714731722695,0.007884060434906017,0.6971448807369602,0.7451373896833325,0.0479925089463723
lightgbm,1200,f1a0c120,7,0.7267483653635312,0.7500097215882384,0.023261356224707326,0.730001020087038,0.7472907730497889,0.01728975296275091,0.6684013904827527,0.7944324034607346,0.12603101297798194,0.7850953402443095,0.7055870397157423,-0.07950830052856726,0.8070251932434033,0.8120432477591522,0.005018054515748945,0.8236254549525341,0.7913048847710675,-0.03232057018146669
lightgbm,1200,f1d06060,7,0.7328484181986096,0.8184921779751619,0.08564375977655259,0.6795873237276682,0.7937198969815639,0.11413257325389561,0.6722858821142937,0.7908304157269015,0.11854453361260778,0.7934109542829254,0.8461539402234229,0.052742985940497436,0.7669597597097668,0.7926054478760288,0.025645688166262115,0.715200019475495,0.8222111785196654,0.10701115904417025
lightgbm,1800,0001508a,7,0.7443275287394232,0.7827042736926082,0.038376744953185056,0.7061191293564819,0.7774497851850597,0.0713306558285778,0.6432969190590685,0.7382488315133128,0.0949519124542443,0.845358138419778,0.8271597158719037,-0.018198422547874182,0.7946181552727619,0.8157197564838395,0.021101601211077452,0.7465691407383178,0.8113735458094901,0.06480440507117215
lightgbm,1800,0012905a,7,0.7511309734566913,0.7522336464702438,0.0011026730135523482,0.7376741043190213,0.7420970394756355,0.004422935156614198,0.8451871721917552,0.7814619961478002,-0.06372517604395504,0.6570747747216277,0.7230052967926872,0.06593052207105968,0.7637195997091842,0.775953675016084,0.012234075306899747,0.7482461561766595,0.7576887642758273,0.00944260809916786
lightgbm,1800,0110f12e,7,0.8183764121412735,0.8221343590866194,0.0037579469453457976,0.8148661472382785,0.8164206142229283,0.0015544669846499096,0.8214259927633287,0.8515397183849581,0.030113725621629332,0.8153268315192183,0.7927289997882806,-0.022597831730937705,0.8190524900309699,0.8174446135667227,-0.0016078764642470458,0.8240837301127298,0.8245252982192,0.0004415681064700821
lightgbm,1800,0182e16c,7,0.714197188031225,0.8167179272718704,0.10252073924064538,0.6651291120759613,0.7880993132807551,0.12297020120479381,0.6787742400636452,0.8600537617032721,0.18127952163962696,0.749620135998805,0.7733820928404687,0.023761956841663854,0.7864004161166287,0.788050531013098,0.001650114896469268,0.7190533454920262,0.8188867252722808,0.09983337978025494
lightgbm,1800,01c2a0d8,7,0.7844816344238733,0.7900183572786147,0.005536722854741446,0.7624481128440769,0.7693635845468665,0.006915471702789754,0.7478955275802642,0.884705695925179,0.1368101683449147,0.8210677412674824,0.6953310186320506,-0.12573672263543176,0.7909924606768204,0.7946971855914912,0.0037047249146707445,0.8136702195012747,0.8054095139043633,-0.008260705596911357
lightgbm,1800,1081b177,7,0.7755634481942756,0.8018107548253476,0.02624730663107203,0.7618605525294041,0.7916068309042924,0.029746278374888333,0.5992408486804186,0.6964455591968622,0.09720471051644375,0.9518860477081325,0.9071759504538327,-0.04471009725429964,0.8161059830986567,0.8110885672193856,-0.005017415879270991,0.7930455600714522,0.8063980443895844,0.01335248431813209
lightgbm,1800,20201194,7,0.7376714249756154,0.787485465748612,0.04981404077299645,0.7070357268261281,0.7829722323537686,0.0759365055276405,0.7184780202077332,0.7931054585626589,0.07462743835492573,0.756864829743498,0.781865472934565,0.025000643191067127,0.7702646824735785,0.8025969448945226,0.03233226242094413,0.7390739783421292,0.8184094765901955,0.07933549824806634
lightgbm,1800,2162c09e,7,0.7841306580724491,0.8281655766965826,0.04403491862413363,0.7660628840605627,0.8058205382948213,0.0397576542342587,0.6395995676087279,0.7522939118243757,0.11269434421564768,0.9286617485361699,0.9040372415687895,-0.024624506967380437,0.8080198507635659,0.8200284263829615,0.012008575619395485,0.8185349847391494,0.840347612365456,0.021812627626306647
lightgbm,1800,2182c1cd,7,0.7329682922925842,0.7640616093305068,0.03109331703792268,0.6967566854147346,0.740061051980083,0.04330436656534842,0.5532289373067274,0.6710172975380017,0.11778836023127433,0.912707647278441,0.8571059211230122,-0.055601726155428924,0.7533968063946777,0.7664443919040104,0.013047585509332651,0.7075423351717419,0.7488305692353076,0.041288234063565646
lightgbm,1800,219060fa,5,0.7696224509968135,0.7972233932314845,0.027600942234671022,0.7694883883357322,0.7992285788591141,0.02974019052338177,0.8009543466509411,0.8393710644771131,0.038416717826172134,0.7382905553426857,0.7550757219858557,0.01678516664316997,0.8362804987868323,0.8205073194417618,-0.015773179345070276,0.8108745349712967,0.8195453391222193,0.00867080415092274
lightgbm,1800,21a031f6,7,0.7723198952312095,0.7832324143604527,0.01091251912924315,0.7373022795266183,0.763889011299401,0.026586731772782608,0.7619642864717106,0.8622368299311182,0.10027254345940775,0.7826755039907084,0.7042279987897867,-0.07844750520092154,0.7617912550863591,0.777354018847788,0.015562763761428717,0.7528734174683746,0.7853409569873093,0.032467539518934725
lightgbm,1800,30908049,7,0.7304021394397112,0.746456682100734,0.01605454266102267,0.6680920239873872,0.6533850124710746,-0.014707011516312771,0.805668078754078,0.9089901132879022,0.10332203453382434,0.6551362001253447,0.5839232509135657,-0.071212949211779,0.7368204512800134,0.6940993456283094,-0.04272110565170401,0.7217378774481522,0.6849568165973706,-0.0367810608507817
lightgbm,1800,30c140ca,7,0.7708719561466337,0.7401212468560358,-0.030750709290597915,0.6585487728864665,0.6517932978558642,-0.006755475030602254,0.7124646796051624,0.7337244444477421,0.021259764842579607,0.8292792326881049,0.7465180492643295,-0.08276118342377543,0.718278597608429,0.7327955682204209,0.014516970611991928,0.6800316442978366,0.7060773858590684,0.026045741561231867
lightgbm,1800,3110e0c7,7,0.6051401838568295,0.5882154195340698,-0.016924764322759783,0.54929446137942,0.5151696270087747,-0.03412483437064521,0.5528385973437915,0.5295630162333278,-0.023275581110463555,0.6574417703698675,0.6468678228348115,-0.010573947535056043,0.6011362620559142,0.5898727368356148,-0.011263525220299386,0.5888137208988227,0.5664307742038103,-0.02238294669501239
lightgbm,1800,40009139,7,0.8019252719583053,0.8027900966166532,0.000864824658347918,0.7874486894833657,0.8000445578605894,0.012595868377223898,0.8079040191209216,0.8188128770461142,0.010908857925192536,0.7959465247956891,0.7867673161871923,-0.009179208608496652,0.811961376981681,0.8116946338039577,-0.0002667431777233815,0.8049046690866444,0.8260763651665249,0.021171696079880706
lightgbm,1800,41e2010c,7,0.7325864647888599,0.810812639540871,0.07822617475201109,0.7121150295918428,0.7990048995109162,0.0868898699190735,0.7856611790216654,0.850600226884474,0.06493904786280857,0.6795117505560544,0.7710250521972679,0.09151330164121359,0.8181342742259814,0.8082434190211855,-0.00989085520479595,0.7681034679210558,0.8240883391993262,0.05598487127827031
lightgbm,1800,5001d09a,7,0.7998383522351145,0.7963347800393772,-0.003503572195737143,0.7554405130915302,0.7498841636588847,-0.005556349432645507,0.9421992115821229,0.9290611865770094,-0.013138025005113598,0.6574774928881059,0.6636083735017451,0.006130880613639248,0.7886291505815911,0.7739311197816285,-0.014698030799962633,0.7788489368066217,0.7700691384735798,-0.008779798333041908
lightgbm,1800,50c02189,7,0.6568495365393102,0.7137024744308096,0.05685293789149924,0.5814915077937117,0.7159710968006345,0.13447958900692297,0.5705684739869455,0.6609360256090548,0.09036755162210926,0.7431305990916751,0.7664689232525642,0.023338324160889132,0.7285773012832576,0.7370328833021155,0.008455582018857877,0.6635865529178092,0.7451112354979327,0.08152468258012333
lightgbm,1800,517001af,7,0.8278479081400796,0.8162610862606712,-0.011586821879408515,0.8266275092201643,0.7884717305011005,-0.03815577871906385,0.754097988139241,0.8818940468749484,0.12779605873570735,0.9015978281409182,0.7506281256463938,-0.15096970249452438,0.8497731531845645,0.8174614636257386,-0.03231168955882602,0.8640949531971742,0.836987736360008,-0.027107216837166197
lightgbm,1800,6030f0fd,7,0.7632452386226802,0.8208153021339308,0.05757006351125048,0.7230241396337982,0.8019324024004887,0.07890826276669051,0.8394228539317824,0.8520973750275699,0.012674521095787325,0.6870676233135781,0.7895332292402916,0.10246560592671358,0.7540680647173919,0.7945286568132913,0.04046059209589935,0.7547663064345203,0.8274360821421689,0.0726697757076488
lightgbm,1800,7072a0e0,7,0.7632606572280404,0.7773198179217408,0.014059160693700359,0.6920746190062831,0.731525583626478,0.03945096462019493,0.8122556083390763,0.8389713919073442,0.026715783568267933,0.7142657061170042,0.7156682439361369,0.0014025378191327193,0.7390517561356527,0.7485094094910686,0.009457653355415834,0.7285874034399875,0.7672656812248082,0.03867827778482064
lightgbm,1800,7092f07b,7,0.6816180404105311,0.7305354554674751,0.04891741505694406,0.6066771387722518,0.7131238259294096,0.1064466871571578,0.8502328911242971,0.7643613738495046,-0.0858715172747923,0.5130031896967651,0.6967095370854457,0.1837063473886805,0.747405352491177,0.7943116349500015,0.04690628245882443,0.6490063419085359,0.7791352487894131,0.1301289068808773
lightgbm,1800,7150e10a,7,0.6979637040182156,0.7249720543562371,0.02700835033802142,0.6334537015904059,0.6773741347573562,0.04392043316695031,0.8796455359192256,0.8964776704648465,0.01683213454562111,0.516281872117206,0.5534664382476276,0.037184566130421724,0.7656972606570481,0.7711207778500585,0.005423517193010295,0.6801540416296049,0.7200732457524988,0.03991920412289381
lightgbm,1800,71a251fa,7,0.8375819633157027,0.8375819633157027,0.0,0.8226853282219339,0.8226853282219339,0.0,0.7703576060729561,0.7703576060729561,0.0,0.9048063205584492,0.9048063205584492,0.0,0.8449117168687577,0.8449117168687577,0.0,0.8530701075668425,0.8530701075668425,0.0
lightgbm,1800,71c09041,6,0.8262966155839879,0.8102816083166777,-0.0160150072673102,0.819076754846871,0.8116828099724697,-0.0073939448744013885,0.895960917439909,0.8798585483842997,-0.01610236905560941,0.7566323137280668,0.7407046682490558,-0.015927645479011057,0.8660972009841842,0.8596343970238718,-0.006462803960312384,0.8812077738875922,0.8813284702637697,0.00012069637617767581
lightgbm,1800,71e10186,7,0.9331113558571774,0.9361555195801718,0.0030441637229945734,0.9316681312120269,0.9357816274083628,0.004113496196335846,0.9241032414232249,0.9300273749056674,0.005924133482442711,0.9421194702911299,0.9422836642546762,0.00016419396354643606,0.9362637964581862,0.9398162044087703,0.003552407950584202,0.9347179085146902,0.9386613308563729,0.003943422341682831
lightgbm,1800,71f0603f,7,0.7941556465363268,0.7975404989641588,0.0033848524278320097,0.7973808093261737,0.798061386162493,0.0006805768363193751,0.7149572775909273,0.7669776481169341,0.0520203705260068,0.8733540154817261,0.8281033498113836,-0.0452506656703427,0.8127949971502694,0.8197594348236351,0.006964437673365694,0.8090570342905267,0.8102126574845298,0.0011556231940032763
lightgbm,1800,71f21142,6,0.7650367252980458,0.7932726165612328,0.028235891263187058,0.7242372710887649,0.7767103494496043,0.05247307836083929,0.879905872888563,0.8536551970299199,-0.02625067585864299,0.6501675777075284,0.7328900360925455,0.0827224583850171,0.7982603467866681,0.7863410446972869,-0.011919302089381098,0.7684318828395501,0.8062194084378723,0.037787525598322214
lightgbm,1800,8030618f,7,0.7608391155482922,0.7639376745740423,0.0030985590257500534,0.6414607269809011,0.6795694650246642,0.03810873804376313,0.8728050993440871,0.9245277952528295,0.051722695908742414,0.6488731317524972,0.603347553895255,-0.04552557785724233,0.712249265422237,0.7243852444259212,0.012135979003684303,0.668296409747868,0.733823228983501,0.06552681923563303
lightgbm,1800,8191f1d9,7,0.678732849157466,0.7459173773595824,0.06718452820211654,0.5318513355508039,0.6979868238017304,0.16613548825092656,0.4137954047161415,0.7247724989518122,0.3109770942356706,0.9436702935987905,0.767062255767353,-0.17660803783143755,0.6951214469753442,0.7282866716788957,0.03316522470355164,0.5712444588676905,0.7999234537985913,0.22867899493090074
lightgbm,1800,81e150c1,7,0.7520927284935215,0.7588858600560064,0.006793131562485114,0.6977204721836227,0.709301570510431,0.01158109832680837,0.8460012404749248,0.8342343231816917,-0.011766917293233077,0.6581842165121181,0.6835373969303215,0.02535318041820332,0.712577184342164,0.7209646390688823,0.008387454726718266,0.75034239070125,0.7620664341065266,0.011724043405276599
lightgbm,1800,81f1f0fe,7,0.7964731302063367,0.7722686580501248,-0.02420447215621197,0.747043249272355,0.7333445188378985,-0.013698730434456272,0.8007076944925385,0.6590308087602412,-0.14167688573229742,0.7922385659201348,0.8855065073400082,0.09326794141987346,0.766863281895846,0.7578020358604078,-0.009061246035438104,0.7767480999364774,0.7796147811541221,0.002866681217644678
lightgbm,1800,a02151ac,7,0.729005363218404,0.7400723087195503,0.011066945501146412,0.6945233483664204,0.7168634403398183,0.022340091973398004,0.632319576000269,0.7218845454084832,0.08956496940821437,0.825691150436539,0.7582600720306176,-0.06743107840592154,0.752668964924414,0.7329339278481098,-0.019735037076304227,0.7416352995639927,0.7351318243065181,-0.006503475257474379
lightgbm,1800,a1721173,7,0.7523149500610256,0.7523149500610256,0.0,0.7282351806943775,0.7282351806943775,0.0,0.7811950464452622,0.7811950464452622,0.0,0.7234348536767892,0.7234348536767892,0.0,0.7779063826108769,0.7779063826108769,0.0,0.760781430050528,0.760781430050528,0.0
lightgbm,1800,a1b210fc,7,0.7871967104075378,0.7878581442993872,0.0006614338918492184,0.7738075271091384,0.7932533921068868,0.019445864997748523,0.8444711394164256,0.7828491226373387,-0.061622016779086866,0.7299222813986502,0.7928671659614354,0.06294488456278527,0.8010052610015469,0.8096857930142244,0.008680532012677489,0.8034485093427559,0.8189747509146343,0.015526241571878383
lightgbm,1800,b0700166,7,0.671482156278689,0.7090506920181419,0.037568535739452895,0.5701833404293039,0.6456063590593111,0.07542301863000732,0.7732514666766382,0.8370406346341983,0.06378916795756,0.5697128458807398,0.5810607494020854,0.011347903521345784,0.708791489953276,0.7151043000020783,0.006312810048802163,0.6055753251957319,0.6725354707577419,0.06696014556200998
lightgbm,1800,b112005d,7,0.6962369466588866,0.7052084409076522,0.008971494248765468,0.6605942842444446,0.6622337723494078,0.0016394881049633778,0.7728169042034037,0.835026055303641,0.062209151100237337,0.6196569891143696,0.5753908265116632,-0.044266162602706424,0.7237955948762694,0.7312559518873807,0.007460357011111236,0.7058176642710595,0.700254370035416,-0.0055632942356434855
lightgbm,1800,b1c2f044,7,0.797110414624406,0.8298974809712842,0.03278706634687821,0.7709192576093576,0.8223207314013987,0.05140147379204125,0.8802074606524164,0.8766703680700362,-0.003537092582380235,0.7140133685963957,0.7831245938725324,0.06911122527613665,0.8250401233219306,0.8431114426268488,0.01807131930491839,0.803562550672666,0.856089628422958,0.05252707775029202
lightgbm,1800,c060c06a,7,0.7414457308672261,0.787609087123945,0.046163356256718906,0.69590882785346,0.7464353514188387,0.05052652356537869,0.577840836833329,0.7235906461602432,0.1457498093269141,0.9050506249011232,0.8516275280876472,-0.053423096813476234,0.7802012881392751,0.7457262748227287,-0.03447501331654655,0.7905588861408187,0.8329268854495008,0.042367999308682215
lightgbm,1800,c112918e,7,0.6668281312142674,0.762806983638634,0.09597885242436661,0.6095437908547648,0.7529423339078837,0.1433985430531188,0.4696118204812894,0.7863835174189341,0.3167716969376447,0.8640444419472455,0.739230449858334,-0.12481399208891146,0.7647522201575183,0.7815968458327254,0.01684462567520704,0.6829514313231627,0.7907648564272013,0.10781342510403866
lightgbm,1800,c1a150b1,6,0.7083439499139196,0.7553409289699365,0.04699697905601702,0.6553902478824477,0.7434217877621471,0.08803153987969951,0.8222398032805103,0.873728840894442,0.051489037613931615,0.5944480965473286,0.636953017045431,0.0425049204981024,0.7639413895255514,0.8000309936815656,0.036089604156014254,0.695393125871134,0.7840852970071084,0.08869217113597448
lightgbm,1800,d0724095,7,0.7294341659689262,0.7428814595858633,0.013447293616936877,0.686237708088347,0.7198420193144901,0.03360431122614301,0.6721877521801368,0.6655064129845842,-0.006681339195552495,0.7866805797577158,0.820256506187142,0.033575926429426216,0.7679233862675111,0.770879470033294,0.0029560837657831734,0.7185293997876149,0.7529508287217116,0.03442142893409667
lightgbm,1800,d0e2d025,7,0.7632437193029264,0.7913628606876959,0.028119141384769546,0.7449552957196833,0.7851923188261091,0.04023702310642585,0.810562588275429,0.8161817383384128,0.0056191500629837465,0.7159248503304239,0.7665439830369792,0.05061913270655538,0.7995616333754162,0.808125865089203,0.008564231713786905,0.7900256669108039,0.8215721816906558,0.031546514779851834
lightgbm,1800,d111e017,7,0.8705141401726574,0.8725857501687446,0.00207160999608729,0.862842619040358,0.8651103411075848,0.0022677220672267756,0.8242046980390886,0.8260060329854946,0.0018013349464060682,0.9168235823062262,0.9191654673519948,0.0023418850457685675,0.8750104798855157,0.8760756654699858,0.0010651855844699806,0.8639181993426484,0.8660331859898498,0.002114986647201381
lightgbm,1800,d151b0c4,7,0.7637008842550793,0.7658462151179719,0.002145330862892544,0.7591362167968414,0.7673575756808442,0.008221358884002883,0.7345515100773418,0.7620583548280608,0.027506844750719215,0.7928502584328171,0.7696340754078829,-0.02321618302493412,0.7956080357013737,0.8002319979657067,0.004623962264333021,0.782761361435565,0.7921198145094177,0.009358453073852715
lightgbm,1800,d18000a3,7,0.8219271315807523,0.8392336909514765,0.01730655937072407,0.7598527680180306,0.7828095932066307,0.022956825188600125,0.7893801412523266,0.8384829315397122,0.04910279028738568,0.8544741219091783,0.8399844503632407,-0.014489671545937546,0.7711785245089284,0.7777784180566633,0.00659989354773473,0.8106197553174024,0.8342276661622086,0.02360791084480637
lightgbm,1800,f0f2a1e1,7,0.8173696879850961,0.8144112799029853,-0.002958408082110675,0.7950120679577884,0.7932690399317808,-0.0017430280260077075,0.8221389456642724,0.8178022238455939,-0.004336721818678517,0.8126004303059198,0.8110203359603768,-0.001580094345542785,0.7963970229486774,0.7972755912313859,0.0008785682827085393,0.8353559574404651,0.8354805772965677,0.0001246198561026495
lightgbm,1800,f121f1e0,7,0.7057782855675031,0.7546202063700947,0.04884192080259188,0.6658506252893394,0.7241012142219977,0.05825058893265844,0.8641323738342902,0.7804537920986957,-0.0836785817355946,0.5474241973007158,0.7287866206414942,0.18136242334077843,0.7508874127373636,0.7610149929629585,0.010127580225595123,0.6971448807369602,0.7482111048505039,0.05106622411354362
lightgbm,1800,f1a0c120,7,0.7267483653635312,0.7533444842556616,0.026596118892130507,0.730001020087038,0.7380438455750272,0.008042825487989291,0.6684013904827527,0.8327635253831878,0.16436213490043514,0.7850953402443095,0.6739254431281355,-0.11116989711617413,0.8070251932434033,0.8177702684631752,0.01074507521977178,0.8236254549525341,0.7779362990106254,-0.0456891559419087
lightgbm,1800,f1d06060,7,0.7328484181986096,0.8139371889785239,0.08108877077991426,0.6795873237276682,0.7867219828726503,0.10713465914498232,0.6722858821142937,0.7769946086595947,0.10470872654530093,0.7934109542829254,0.8508797692974531,0.05746881501452767,0.7669597597097668,0.7910807184613544,0.024120958751587675,0.715200019475495,0.8154748501600576,0.10027483068456247
xgboost,900,0001508a,7,0.6989108959962244,0.733644240157284,0.03473334416105954,0.6434422855933809,0.7113351880888634,0.06789290249548253,0.5863788153820754,0.6748112193610866,0.08843240397901123,0.8114429766103735,0.7924772609534811,-0.01896571565689214,0.758970149798299,0.801075199256897,0.04210504945859787,0.6923329760256983,0.7589253241405611,0.0665923481148628
xgboost,900,0012905a,7,0.7466041533155469,0.7465209007654777,-8.325255006910329e-05,0.7330085583110757,0.7355246490666622,0.0025160907555864054,0.8502359441599531,0.8176481536024564,-0.032587790557496735,0.6429723624711408,0.6753936479284993,0.03242128545735851,0.7612942874080332,0.7640489728121865,0.002754685404153388,0.7439864665147301,0.7474646302208668,0.003478163706136802
xgboost,900,0110f12e,7,0.805086165795274,0.808069568263086,0.0029834024678118292,0.8006284458330557,0.8016347268097209,0.0010062809766651398,0.8078188959739884,0.8268620606828473,0.019043164708858935,0.8023534356165599,0.7892770758433247,-0.013076359773235244,0.8029032308047407,0.8018568013644247,-0.0010464294403159974,0.8094245528216459,0.8095035480474687,7.899522582272793e-05
xgboost,900,0182e16c,7,0.6980964394123836,0.8199454159188295,0.12184897650644577,0.6446524228524412,0.7952312421942097,0.15057881934176834,0.673491203384357,0.866157703918722,0.1926665005343652,0.7227016754404104,0.7737331279189368,0.05103145247852635,0.773265091035415,0.7979515448636996,0.0246864538282847,0.706386679221127,0.8195210913874188,0.11313441216629172
xgboost,900,01c2a0d8,7,0.7785837446970872,0.78935473716633,0.010770992469242655,0.75501049808159,0.7655643169403703,0.010553818858780293,0.7360098033098407,0.869013363995616,0.13300356068577537,0.8211576860843339,0.7096961103370438,-0.11146157574729003,0.7878106139124217,0.7888650124999044,0.0010543985874824319,0.8079384878550734,0.8011305621540179,-0.006807925701055468
xgboost,900,1081b177,7,0.7913711881720175,0.8069275694485889,0.015556381276571456,0.7785015887658726,0.7998160842291211,0.021314495463248533,0.6317783795751785,0.6847557666402864,0.052977387065107975,0.9509639967688565,0.9290993722568913,-0.021864624511965025,0.8232517648635166,0.8221803055974473,-0.0010714592660693936,0.8071864527874689,0.8224179234537069,0.015231470666237803
xgboost,900,20201194,7,0.7244371468929784,0.7758657797293391,0.05142863283636071,0.6953403659877957,0.7644704132809081,0.06913004729311263,0.6934263262379717,0.7750978333838876,0.08167150714591585,0.755447967547985,0.7766337260747908,0.021185758526805598,0.7599693601625152,0.7833532465824831,0.02338388641996774,0.7289618424341759,0.7941189211989285,0.06515707876475255
xgboost,900,2162c09e,7,0.8033872042244816,0.8090218888481943,0.005634684623712543,0.7846041857201653,0.7909947839823505,0.006390598262185195,0.6762677690126029,0.7090118018078623,0.0327440327952593,0.9305066394363604,0.9090319758885261,-0.021474663547834276,0.8195718703502533,0.8223797482518204,0.002807877901567002,0.8260117850556442,0.8276995736643905,0.0016877886087462038
xgboost,900,2182c1cd,7,0.7032923952240984,0.7384814789239394,0.03518908369984107,0.6687051790130958,0.7204341728697596,0.05172899385666401,0.5085601599108837,0.6262890190145859,0.117728859103702,0.8980246305373129,0.850673938833293,-0.04735069170401986,0.7254853407950037,0.7426292701926321,0.017143929397628686,0.6841869584730222,0.7318401795145443,0.047653221041522
xgboost,900,219060fa,5,0.755079373744938,0.775267814549222,0.020188440804284037,0.7503533215839189,0.7769934134567645,0.02664009187284542,0.8129254508821072,0.8157076551489932,0.0027822042668861125,0.6972332966077687,0.7348279739494508,0.03759467734168197,0.8148872963683884,0.8126145146416119,-0.002272781726776407,0.7909016871365859,0.8047754300774557,0.013873742940869849
xgboost,900,21a031f6,7,0.7766322653677518,0.7700484259200574,-0.00658383944769433,0.7414426492624003,0.7515477886045635,0.010105139342163236,0.7494046624266691,0.8707346314347445,0.12132996900807548,0.8038598683088342,0.6693622204053701,-0.13449764790346416,0.7648524735703852,0.7789267318205152,0.014074258250129947,0.7574242503444328,0.7780448593805421,0.0206206090361092
xgboost,900,30908049,7,0.7238340196944162,0.7469802315308788,0.02314621183646234,0.6616190110905379,0.674519201902125,0.012900190811586982,0.8067147149559372,0.834971729135356,0.028257014179418918,0.6409533244328954,0.6589887339264012,0.018035409493505777,0.7205473394929703,0.6963287344852688,-0.024218605007701472,0.7190586377110622,0.7138926693710813,-0.005165968339980842
xgboost,900,30c140ca,7,0.7717525452411308,0.7225005615019585,-0.04925198373917229,0.6611408051423412,0.6083064776705838,-0.05283432747175753,0.7171652523759879,0.6603886351218909,-0.05677661725409714,0.8263398381062738,0.7846124878820263,-0.0417273502242475,0.7156153972568091,0.7080386588050473,-0.007576738451761814,0.6850128248489629,0.6571279333342946,-0.027884891514668237
xgboost,900,3110e0c7,7,0.62149299380643,0.6141715881930333,-0.007321405613396781,0.5600785645469247,0.5532005808454797,-0.006877983701444886,0.5807356655798427,0.5566854129347295,-0.024050252645113217,0.6622503220330173,0.6716577634513369,0.009407441418319664,0.624313935650374,0.6218656608867521,-0.002448274763621924,0.6017380050796751,0.5970166509003468,-0.004721354179328238
xgboost,900,40009139,7,0.7964049502507854,0.7932888169725377,-0.0031161332782477158,0.7820172448328436,0.7817348831771336,-0.00028236165571006645,0.8034880912792329,0.8419192434659999,0.0384311521867668,0.789321809222338,0.7446583904790754,-0.04466341874326226,0.8036326590425356,0.798935562535223,-0.004697096507312521,0.7974126323532137,0.799112522816989,0.001699890463775214
xgboost,900,41e2010c,7,0.75022272314652,0.7797602031939752,0.029537480047455315,0.7343209641791255,0.7731237390062197,0.03880277482709422,0.8223120984450338,0.8379374992290407,0.015625400784006743,0.6781333478480059,0.7215829071589097,0.04344955931090384,0.8239393882789364,0.8114140396031936,-0.012525348675742953,0.7759503427683955,0.8066740181122495,0.030723675343853975
xgboost,900,5001d09a,7,0.7887930500593016,0.7890284396696912,0.00023538961038958663,0.7476321510894162,0.7493561867510691,0.0017240356616528166,0.9279836973666088,0.9170259051588164,-0.010957792207792218,0.6496024027519943,0.6610309741805658,0.011428571428571423,0.7812844292798935,0.7783258086573002,-0.002958620622593127,0.7734931453290166,0.7753612771971484,0.0018681318681318551
xgboost,900,50c02189,7,0.6530803185020024,0.7273789691831963,0.07429865068119387,0.5838332684962012,0.7114644350096596,0.12763116651345843,0.5987242604201636,0.784534615287584,0.18581035486742037,0.7074363765838412,0.6702233230788085,-0.03721305350503266,0.7106632847458093,0.7276785000856787,0.01701521533986935,0.6556226185435311,0.7331093145071376,0.07748669596360662
xgboost,900,517001af,7,0.8157969128108185,0.8264889582115434,0.010692045400725056,0.8123400224223376,0.8100847255367284,-0.002255296885609231,0.7697435631736624,0.859888712142341,0.0901451489686784,0.8618502624479742,0.793089204280746,-0.06876105816722823,0.8287956978904825,0.8130543365682348,-0.015741361322247478,0.8510908989877254,0.8548156725188077,0.003724773531082407
xgboost,900,6030f0fd,7,0.7832586854009053,0.8024380315123357,0.019179346111430445,0.7412639973894193,0.7665784257792686,0.025314428389849368,0.8538044747460333,0.843286421370837,-0.010518053375196226,0.7127128960557776,0.7615896416538347,0.04887674559805709,0.7732664767845886,0.7878301479368285,0.014563671152239761,0.7693179579809237,0.7896740353103145,0.020356077329390647
xgboost,900,7072a0e0,7,0.7648566417994205,0.7760862239833309,0.011229582183910443,0.6930072961476214,0.7203174153693509,0.02731011922172964,0.8162842358423797,0.8825924774207294,0.06630824157834962,0.7134290477564612,0.6695799705459324,-0.043849077210528754,0.7383779960099679,0.7441863206089039,0.005808324598935924,0.7271979415011025,0.7542052664905611,0.027007324989458587
xgboost,900,7092f07b,7,0.6826977356141223,0.71319418413748,0.030496448523357787,0.6079119671301413,0.6497799611699088,0.04186799403976749,0.828751875391802,0.8472773474670114,0.018525472075209437,0.5366435958364427,0.5791110208079487,0.042467424971506094,0.7452363630125267,0.7636594968740669,0.018423133861540313,0.6458721087174342,0.6900261308091268,0.04415402209169271
xgboost,900,7150e10a,7,0.6895369832691662,0.6971741821545022,0.00763719888533584,0.621066145621132,0.6280256053062189,0.006959459685086854,0.8880166688281984,0.8761026671703227,-0.011914001657875706,0.49105729771013445,0.5182456971386818,0.02718839942854736,0.758609919660347,0.7517777712290615,-0.006832148431285545,0.6673829827370324,0.669997981719039,0.0026149989820064717
xgboost,900,71a251fa,7,0.8490286308598919,0.8140677156803806,-0.03496091517951126,0.8284628149256309,0.7791476450839461,-0.04931516984168489,0.7723761810008599,0.6877805323965906,-0.0845956486042693,0.9256810807189236,0.9403548989641705,0.014673818245246812,0.851802324697795,0.8414634384112908,-0.010338886286504034,0.8523864512352489,0.8027903429552316,-0.04959610828001726
xgboost,900,71c09041,6,0.8187615045350535,0.8223679391747353,0.0036064346396818916,0.8062424214308036,0.8168972796671055,0.01065485823630182,0.8879573724099789,0.9198516846878021,0.031894312277823335,0.7495656366601281,0.7248841936616685,-0.02468144299845958,0.8510365327268595,0.861576967201326,0.010540434474466657,0.865943781128176,0.8752102426472876,0.009266461519111683
xgboost,900,71e10186,7,0.9357977815123987,0.9361203913750806,0.0003226098626818441,0.9352505231527504,0.9358288256218251,0.0005783024690747223,0.9181216586288583,0.9186373883864654,0.0005157297576070212,0.9534739043959392,0.9536033943636958,0.00012948996775666695,0.9390847502639951,0.9397508934860273,0.0006661432220322576,0.93819444001704,0.9387826044863674,0.0005881644693275392
xgboost,900,71f0603f,7,0.7937983408168714,0.8012716397587415,0.007473298941869988,0.7962881578719772,0.8024292036452757,0.006141045773298722,0.7206306006242773,0.746566292367281,0.025935691743003603,0.8669660810094655,0.855976987150202,-0.010989093859263594,0.814540708513147,0.821939284169417,0.007398575656270001,0.8079154479025645,0.8154761942301388,0.00756074632757426
xgboost,900,71f21142,6,0.7675876333102751,0.7892184155220182,0.021630782211743322,0.7344261119645314,0.7637012699494751,0.02927515798494364,0.8669749596950695,0.9059677611167133,0.03899280142164393,0.6682003069254806,0.6724690699273234,0.004268763001842664,0.7820593944082029,0.795154196040102,0.013094801631898892,0.7769442572799775,0.8031233503163691,0.026179093036391505
xgboost,900,8030618f,7,0.7528425442122086,0.7588442817841106,0.006001737571902128,0.6377775487266376,0.6694962765674616,0.03171872784082386,0.8752141459391802,0.8991390582361856,0.023924912297005312,0.630470942485237,0.6185495053320358,-0.011921437153201073,0.7021924392823123,0.7109612468072877,0.008768807524975284,0.6685858584014189,0.7182946492690508,0.04970879086763188
xgboost,900,8191f1d9,7,0.6754810443944338,0.691394468343398,0.01591342394896427,0.5333467642807523,0.6343690548172713,0.10102229053651902,0.39291792909505413,0.5737447504088247,0.18082682131377048,0.9580441596938133,0.8090441862779715,-0.14899997341584204,0.701699584028834,0.7091883919162356,0.007488807887401694,0.5768648862528266,0.7224120131023202,0.14554712684949347
xgboost,900,81e150c1,7,0.7687969819522724,0.7712786425859016,0.0024816606336291063,0.7223261741433883,0.7184526814931491,-0.003873492650239095,0.8353535353535353,0.8420703273334853,0.006716791979949867,0.7022404285510098,0.7004869578383183,-0.0017534707126916388,0.7292428879770174,0.7231779980213,-0.0060648899557174275,0.7758047533947648,0.7673273434303659,-0.00847740996439883
xgboost,900,81f1f0fe,7,0.730154561063711,0.7442654042762352,0.014110843212524196,0.6913417000657484,0.7014835527196527,0.01014185265390404,0.7152238388197365,0.6381885532726442,-0.07703528554709217,0.7450852833076854,0.8503422552798261,0.10525697197214054,0.7216613696316792,0.7266302438448954,0.004968874213216424,0.7349151665567543,0.7538949297087348,0.018979763151980435
xgboost,900,a02151ac,7,0.7325557645465415,0.7222077619616672,-0.010348002584874274,0.7013395455477109,0.6801890873379977,-0.021150458209713334,0.6492526866060816,0.6647824871038518,0.015529800497770212,0.8158588424870015,0.7796330368194828,-0.0362258056675188,0.7424200356611336,0.7292719231830446,-0.013148112478089113,0.7494096622734852,0.7203146953162664,-0.029094966957218787
xgboost,900,a1721173,7,0.7763389994883009,0.7763389994883009,0.0,0.7614804249168872,0.7614804249168872,0.0,0.7757199659701818,0.7757199659701818,0.0,0.7769580330064202,0.7769580330064202,0.0,0.8114468091080178,0.8114468091080178,0.0,0.7970955852560665,0.7970955852560665,0.0
xgboost,900,a1b210fc,7,0.7939193189537624,0.7719782563527673,-0.02194106260099506,0.7793138359201557,0.7678378958755504,-0.011475940044605329,0.8347022909259213,0.7690267125050045,-0.06567557842091677,0.7531363469816036,0.7749298002005302,0.021793453218926624,0.8073956811846408,0.8024557798569135,-0.0049399013277271475,0.8029098497539567,0.7979192066255187,-0.004990643128438078
xgboost,900,b0700166,7,0.6733382005866282,0.6868057627903843,0.013467562203756096,0.5764846894414004,0.6291043189114414,0.05261962947004101,0.7723834687588684,0.7692675616412854,-0.003115907117582996,0.5742929324143878,0.604343963939483,0.030051031525095164,0.7074007438078281,0.7203372928665738,0.012936549058745719,0.6057830887903107,0.6726978441220981,0.06691475533178738
xgboost,900,b112005d,7,0.7188926499867007,0.7069272807314134,-0.01196536925528735,0.6792764000471878,0.6547879195763031,-0.024488480470884484,0.7679977359936406,0.81395485685845,0.045957120864809534,0.669787563979761,0.5998997046043767,-0.0698878593753842,0.7388686515644621,0.7377235487345931,-0.001145102829869111,0.7173090752968331,0.686631294508745,-0.03067778078808799
xgboost,900,b1c2f044,7,0.7926267683580583,0.8290336000633779,0.03640683170531954,0.7645300509077756,0.820659618496519,0.056129567588743434,0.876582257551389,0.8482267576445272,-0.028355499906861814,0.7086712791647278,0.8098404424822288,0.10116916331750092,0.8145761349420624,0.8394804742090949,0.024904339267032553,0.7976928806084762,0.8526986269407529,0.055005746332276936
xgboost,900,c060c06a,7,0.7438303371076016,0.7632756237322937,0.01944528662469201,0.7003238911384354,0.7239072195821195,0.023583328443683986,0.5921366838881755,0.6564425395295862,0.06430585564141061,0.8955239903270279,0.8701087079350012,-0.025415282392026586,0.7526285271357088,0.7577169556065215,0.005088428470812748,0.7933454422350875,0.8143292760051022,0.020983833770014608
xgboost,900,c112918e,7,0.6520240055568244,0.6965888743634091,0.04456486880658472,0.585886543130186,0.662167391458916,0.07628084832872987,0.44015676646872615,0.6558032083945445,0.21564644192581842,0.8638912446449227,0.7373745403322738,-0.1265167043126489,0.7473183068410639,0.7407766133010398,-0.006541693540024175,0.6650303531634549,0.7095286022004768,0.04449824903702189
xgboost,900,c1a150b1,6,0.7077353724309509,0.6950445921251371,-0.012690780305813665,0.6621716773566133,0.6423905052230653,-0.019781172133548092,0.8308399585537014,0.7961722888621505,-0.03466766969155083,0.5846307863082004,0.5939168953881239,0.009286109079923499,0.748792355232064,0.7664550507070741,0.017662695475010242,0.6957651362844154,0.6816376782019891,-0.01412745808242627
xgboost,900,d0724095,7,0.7246620856121071,0.7350869759886379,0.01042489037653078,0.6851961724756491,0.707195257885806,0.021999085410156955,0.6598875430869983,0.6776553290873506,0.017767786000352233,0.7894366281372159,0.7925186228899251,0.0030819947527092766,0.7646552154477394,0.7653636626997555,0.0007084472520160677,0.7227230112900401,0.7390379180966477,0.016314906806607583
xgboost,900,d0e2d025,7,0.7702584600416796,0.7910063363526135,0.020747876310933795,0.754035358715435,0.7764865620694319,0.02245120335399672,0.8108339684731746,0.832329414615315,0.021495446142140193,0.7296829516101847,0.749683258089912,0.02000030647972736,0.8046588910241281,0.8000778096857106,-0.004581081338417408,0.7940736406753377,0.8079495070852063,0.013875866409868614
xgboost,900,d111e017,7,0.8705790994828672,0.8704702925192215,-0.0001088069636456801,0.8628774731670946,0.8627511518042136,-0.00012632136288118608,0.8195312665440684,0.8189168272199516,-0.0006144393241167398,0.9216269324216659,0.9220237578184912,0.0003968253968253954,0.8758998843588373,0.8757681654074421,-0.00013171895139514018,0.8639537976942172,0.8638230446580577,-0.00013075303615955086
xgboost,900,d151b0c4,7,0.7582464496823792,0.7593044905269904,0.0010580408446111886,0.7560017316080783,0.7625329197199928,0.006531188111914459,0.7324543095601992,0.7739664775527954,0.041512167992596216,0.7840385898045593,0.7446425035011855,-0.039396086303373816,0.792247236421825,0.7976128124318752,0.0053655760100499595,0.7809538500308528,0.7872477187344036,0.0062938687035507855
xgboost,900,d18000a3,7,0.8243705870378635,0.840205991125921,0.015835404088057645,0.7644955892989248,0.7874515197349085,0.02295593043598362,0.7792483721542638,0.824732864293661,0.04548449213939719,0.869492801921463,0.8556791179581812,-0.013813683963281895,0.7778175481334484,0.7854843044473538,0.007666756313905549,0.8160536735831403,0.8372577053375876,0.021204031754447326
xgboost,900,f0f2a1e1,7,0.822963963199389,0.8263471899220065,0.003383226722617546,0.7981178544776324,0.7969795997981842,-0.0011382546794480902,0.8271921838948683,0.8490592057618901,0.02186702186702188,0.8187357425039098,0.803635174082123,-0.015100568421786769,0.7937284506227898,0.7922051168992927,-0.0015233337234970953,0.8366412659738705,0.8350531546023825,-0.0015881113714878753
xgboost,900,f121f1e0,7,0.707227830475899,0.7365631161209318,0.02933528564503291,0.6633612746905391,0.6946068410842617,0.031245566393722588,0.8869055659593094,0.806923658723372,-0.07998190723593744,0.5275500949924884,0.6662025735184917,0.13865247852600332,0.7482281452726319,0.7434017804312256,-0.0048263648414064485,0.6913879705129792,0.7126822299542315,0.021294259441252215
xgboost,900,f1a0c120,7,0.7300696187590584,0.7415502442755405,0.01148062551648226,0.7333456493879289,0.7521009352766311,0.01875528588870232,0.6660097944694436,0.7039261287155151,0.03791633424607158,0.794129443048673,0.7791743598355659,-0.014955083213107028,0.8238826881302602,0.8122168149397784,-0.011665873190481782,0.8282534851334227,0.8275147544334757,-0.0007387306999470576
xgboost,900,f1d06060,7,0.7410298865895729,0.7944659304033089,0.053436043813736,0.6951068905170814,0.7789001157303546,0.08379322521327333,0.674796305297592,0.7452001267453687,0.07040382144777672,0.8072634678815539,0.8437317340612492,0.036468266179695306,0.7715072302403231,0.7851156702019001,0.013608439961576886,0.731861113801431,0.8128157882776001,0.08095467447616901
xgboost,1200,0001508a,7,0.6989108959962244,0.7401743469929611,0.04126345099673672,0.6434422855933809,0.7149131513238801,0.07147086573049918,0.5863788153820754,0.6665049318865279,0.08012611650445269,0.8114429766103735,0.8138437620993942,0.0024007854890207687,0.758970149798299,0.79588089054218,0.036910740743880975,0.6923329760256983,0.7511922309032663,0.05885925487756786
xgboost,1200,0012905a,7,0.7466041533155469,0.7470027403683703,0.0003985870528234102,0.7330085583110757,0.736496642262123,0.00348808395104724,0.8502359441599531,0.8154503514046542,-0.034785592755298946,0.6429723624711408,0.6785551293320866,0.03558276686094571,0.7612942874080332,0.7635830781868671,0.0022887907788337997,0.7439864665147301,0.748460066693785,0.004473600179054753
xgboost,1200,0110f12e,7,0.805086165795274,0.8048173485075412,-0.000268817287732965,0.8006284458330557,0.7962237538555627,-0.004404691977493079,0.8078188959739884,0.8387596153170124,0.030940719343023986,0.8023534356165599,0.77087508169807,-0.03147835391848998,0.8029032308047407,0.7948479662460152,-0.008055264558725628,0.8094245528216459,0.8030853574730475,-0.0063391953485984875
xgboost,1200,0182e16c,7,0.6980964394123836,0.8189540332154935,0.12085759380310986,0.6446524228524412,0.7964190663168059,0.1517666434643647,0.673491203384357,0.8625727670985582,0.18908156371420118,0.7227016754404104,0.7753352993324291,0.05263362389201852,0.773265091035415,0.8007174546572939,0.02745236362187894,0.706386679221127,0.8217347429608737,0.11534806373974672
xgboost,1200,01c2a0d8,7,0.7785837446970872,0.7945222822238093,0.015938537526722047,0.75501049808159,0.7696736317325998,0.014663133651009781,0.7360098033098407,0.8602216349837557,0.124211831673915,0.8211576860843339,0.7288229294638631,-0.0923347566204709,0.7878106139124217,0.7901717945855274,0.0023611806731058038,0.8079384878550734,0.8049613159847716,-0.002977171870301633
xgboost,1200,1081b177,7,0.7913711881720175,0.8246051282245015,0.03323394005248407,0.7785015887658726,0.8144833438508089,0.03598175508493627,0.6317783795751785,0.7398884848033364,0.1081101052281578,0.9509639967688565,0.9093217716456667,-0.04164222512318964,0.8232517648635166,0.8326509606916812,0.00939919582816462,0.8071864527874689,0.8264654166785593,0.0192789638910902
xgboost,1200,20201194,7,0.7244371468929784,0.7623329981732827,0.037895851280304337,0.6953403659877957,0.7554986451259296,0.06015827913813395,0.6934263262379717,0.7879092616006719,0.09448293536270007,0.755447967547985,0.7367567347458938,-0.018691232802091347,0.7599693601625152,0.7739753754697778,0.014006015307262485,0.7289618424341759,0.7892405569870381,0.06027871455286225
xgboost,1200,2162c09e,7,0.8033872042244816,0.8165344145344472,0.013147210309965558,0.7846041857201653,0.7999160781474698,0.015311892427304463,0.6762677690126029,0.7269294151638394,0.05066164615123647,0.9305066394363604,0.906139413905055,-0.024367225531305357,0.8195718703502533,0.8228299844206713,0.003258114070417904,0.8260117850556442,0.8357512829437849,0.009739497888140658
xgboost,1200,2182c1cd,7,0.7032923952240984,0.7358788568904193,0.032586461666321065,0.6687051790130958,0.7179760307733696,0.04927085176027384,0.5085601599108837,0.6216497948840257,0.11308963497314196,0.8980246305373129,0.850107918896813,-0.047916711640499834,0.7254853407950037,0.740889974616377,0.01540463382137328,0.6841869584730222,0.7298281574584828,0.04564119898546072
xgboost,1200,219060fa,5,0.755079373744938,0.7767154160525221,0.021636042307584157,0.7503533215839189,0.7776622421305597,0.027308920546640626,0.8129254508821072,0.8216416076773732,0.008716156795265894,0.6972332966077687,0.7317892244276711,0.03455592781990243,0.8148872963683884,0.8109707853116948,-0.00391651105669355,0.7909016871365859,0.8047238624206902,0.013822175284104166
xgboost,1200,21a031f6,7,0.7766322653677518,0.7697046473874811,-0.006927617980270576,0.7414426492624003,0.7523285070169583,0.010885857754557955,0.7494046624266691,0.8627145410569591,0.11330987863029011,0.8038598683088342,0.676694753718003,-0.12716511459083127,0.7648524735703852,0.7770045870291394,0.01215211345875411,0.7574242503444328,0.77772228696133,0.020298036616897077
xgboost,1200,30908049,7,0.7238340196944162,0.7483087948287901,0.024474775134373763,0.6616190110905379,0.6746991753695367,0.013080164278998765,0.8067147149559372,0.8424838131815328,0.03576909822559572,0.6409533244328954,0.6541337764760472,0.013180452043151833,0.7205473394929703,0.6952822830981624,-0.025265056394807965,0.7190586377110622,0.7137880104358427,-0.005270627275219287
xgboost,1200,30c140ca,7,0.7717525452411308,0.721308938598373,-0.05044360664275787,0.6611408051423412,0.6065261726877396,-0.05461463245460179,0.7171652523759879,0.6526866389276215,-0.06447861344836647,0.8263398381062738,0.7899312382691245,-0.03640859983714928,0.7156153972568091,0.7025473603998814,-0.01306803685692778,0.6850128248489629,0.6512278312180052,-0.03378499363095756
xgboost,1200,3110e0c7,7,0.62149299380643,0.5844223182794777,-0.037070675526952264,0.5600785645469247,0.5178028584526188,-0.042275706094305934,0.5807356655798427,0.45723159144700976,-0.12350407413283301,0.6622503220330173,0.7116130451119457,0.049362723078928465,0.624313935650374,0.6029011955412586,-0.021412740109115362,0.6017380050796751,0.5797247388440285,-0.02201326623564651
xgboost,1200,40009139,7,0.7964049502507854,0.7963953435688534,-9.606681931966549e-06,0.7820172448328436,0.7927659438805071,0.010748699047663448,0.8034880912792329,0.8024820400131901,-0.0010060512660428939,0.789321809222338,0.7903086471245168,0.0009868379021789689,0.8036326590425356,0.8019990430578549,-0.0016336159846806395,0.7974126323532137,0.8169920107324772,0.01957937837926346
xgboost,1200,41e2010c,7,0.75022272314652,0.7899924878769428,0.03976976473042283,0.7343209641791255,0.7839780885112676,0.04965712433214199,0.8223120984450338,0.8417858018351073,0.019473703390073316,0.6781333478480059,0.7381991739187782,0.06006582607077234,0.8239393882789364,0.8041216407560494,-0.01981774752288715,0.7759503427683955,0.8125035070416899,0.03655316427329463
xgboost,1200,5001d09a,7,0.7887930500593016,0.7823726226690466,-0.006420427390254978,0.7476321510894162,0.7373388589852397,-0.01029329210417659,0.9279836973666088,0.9351024232353347,0.007118725868725877,0.6496024027519943,0.6296428221027586,-0.019959580649235815,0.7812844292798935,0.7731573852273222,-0.008127044052571173,0.7734931453290166,0.7618274426106824,-0.011665702718334305
xgboost,1200,50c02189,7,0.6530803185020024,0.72445472874929,0.07137441024728766,0.5838332684962012,0.7125436545454836,0.12871038604928256,0.5987242604201636,0.7683150101147624,0.1695907496945988,0.7074363765838412,0.6805944473838178,-0.026841929200023467,0.7106632847458093,0.7300008982245959,0.019337613478786615,0.6556226185435311,0.7349019023667773,0.07927928382324641
xgboost,1200,517001af,7,0.8157969128108185,0.8287500362538714,0.012953123443053105,0.8123400224223376,0.8124707617278076,0.00013073930547014,0.7697435631736624,0.859888712142341,0.0901451489686784,0.8618502624479742,0.7976113603654021,-0.06423890208257214,0.8287956978904825,0.814533966609005,-0.014261731281477277,0.8510908989877254,0.8571218601489684,0.006030961161243084
xgboost,1200,6030f0fd,7,0.7832586854009053,0.8155207110257015,0.03226202562479606,0.7412639973894193,0.7910050159011534,0.04974101851173413,0.8538044747460333,0.8524179148773304,-0.0013865598687027303,0.7127128960557776,0.7786235071740725,0.0659106111182949,0.7732664767845886,0.783295466190867,0.010028989406278372,0.7693179579809237,0.8144849003638109,0.04516694238288695
xgboost,1200,7072a0e0,7,0.7648566417994205,0.7678785377342516,0.003021895934831217,0.6930072961476214,0.7121580145424395,0.01915071839481835,0.8162842358423797,0.8702178623072303,0.05393362646485051,0.7134290477564612,0.6655392131612731,-0.04788983459518807,0.7383779960099679,0.747027664437392,0.008649668427424016,0.7271979415011025,0.748912158004125,0.02171421650302249
xgboost,1200,7092f07b,7,0.6826977356141223,0.7086891180079722,0.025991382393849887,0.6079119671301413,0.6422072899104004,0.03429532278025912,0.828751875391802,0.8336022609132158,0.004850385521413885,0.5366435958364427,0.5837759751027286,0.047132379266285884,0.7452363630125267,0.7588763574115029,0.01363999439897631,0.6458721087174342,0.6816404771661831,0.03576836844874901
xgboost,1200,7150e10a,7,0.6895369832691662,0.7079742261754376,0.01843724290627115,0.621066145621132,0.648498377182859,0.027432231561726774,0.8880166688281984,0.9113152864717833,0.023298617643584967,0.49105729771013445,0.5046331658790917,0.01357586816895728,0.758609919660347,0.7595534883425034,0.0009435686821562816,0.6673829827370324,0.6965115915997478,0.029128608862715417
xgboost,1200,71a251fa,7,0.8490286308598919,0.8126167241431822,-0.03641190671670967,0.8284628149256309,0.7776091013017875,-0.05085371362384334,0.7723761810008599,0.6780104174540619,-0.09436576354679803,0.9256810807189236,0.9472230308323022,0.02154195011337869,0.851802324697795,0.8453318520919652,-0.006470472605829796,0.8523864512352489,0.80337891061697,-0.04900754061827887
xgboost,1200,71c09041,6,0.8187615045350535,0.7905038865236708,-0.0282576180113826,0.8062424214308036,0.790606504691919,-0.01563591673888461,0.8879573724099789,0.8442365298581271,-0.0437208425518516,0.7495656366601281,0.7367712431892146,-0.01279439347091362,0.8510365327268595,0.8473187401538654,-0.003717792572993983,0.865943781128176,0.8577857840346667,-0.00815799709350947
xgboost,1200,71e10186,7,0.9357977815123987,0.9361203913750806,0.0003226098626818441,0.9352505231527504,0.9358288256218251,0.0005783024690747223,0.9181216586288583,0.9186373883864654,0.0005157297576070212,0.9534739043959392,0.9536033943636958,0.00012948996775666695,0.9390847502639951,0.9397508934860273,0.0006661432220322576,0.93819444001704,0.9387826044863674,0.0005881644693275392
xgboost,1200,71f0603f,7,0.7937983408168714,0.7993119897092633,0.005513648892391905,0.7962881578719772,0.7994313905408938,0.003143232668916886,0.7206306006242773,0.7642578153653459,0.04362721474106852,0.8669660810094655,0.8343661640531809,-0.03259991695628471,0.814540708513147,0.8208212868586059,0.006280578345458777,0.8079154479025645,0.8119665649648447,0.0040511170622800395
xgboost,1200,71f21142,6,0.7675876333102751,0.7902018523750204,0.022614219064745384,0.7344261119645314,0.7644618413118022,0.030035729347270668,0.8669749596950695,0.9091423642913165,0.04216740459624709,0.6682003069254806,0.6712613404587243,0.0030610335332436254,0.7820593944082029,0.7960159084571985,0.01395651404899543,0.7769442572799775,0.8038092213726103,0.02686496409263293
xgboost,1200,8030618f,7,0.7528425442122086,0.7589874182175697,0.006144874005361123,0.6377775487266376,0.6694142846103012,0.031636735883663385,0.8752141459391802,0.8982732573703845,0.023059111431204444,0.630470942485237,0.6197015790647546,-0.010769363420482181,0.7021924392823123,0.71043500614483,0.008242566862517644,0.6685858584014189,0.71865257705555,0.0500667186541311
xgboost,1200,8191f1d9,7,0.6754810443944338,0.6970066262032597,0.021525581808825894,0.5333467642807523,0.630252401011558,0.09690563673080567,0.39291792909505413,0.55499858495296,0.1620806558579059,0.9580441596938133,0.8390146674535591,-0.11902949224025414,0.701699584028834,0.7064097440145652,0.004710159985731274,0.5768648862528266,0.7129214962905477,0.13605661003772088
xgboost,1200,81e150c1,7,0.7687969819522724,0.7658759849985369,-0.00292099695373552,0.7223261741433883,0.7174997492099788,-0.004826424933409346,0.8353535353535353,0.8245264676843626,-0.010827067669172932,0.7022404285510098,0.7072255023127118,0.00498507376170189,0.7292428879770174,0.722195065680085,-0.007047822296932444,0.7758047533947648,0.7689205457670626,-0.006884207627702065
xgboost,1200,81f1f0fe,7,0.730154561063711,0.7381627075125948,0.00800814644888371,0.6913417000657484,0.6920607698124729,0.0007190697467242228,0.7152238388197365,0.6365703235631781,-0.07865351525655838,0.7450852833076854,0.8397550914620113,0.09466980815432577,0.7216613696316792,0.7231207433978717,0.0014593737661927144,0.7349151665567543,0.7428387299595751,0.007923563402820648
xgboost,1200,a02151ac,7,0.7325557645465415,0.7114133884961594,-0.02114237605038208,0.7013395455477109,0.6651595763213477,-0.0361799692263633,0.6492526866060816,0.6260149054791272,-0.02323778112695427,0.8158588424870015,0.7968118715131919,-0.019046970973809862,0.7424200356611336,0.7364093899426444,-0.006010645718489384,0.7494096622734852,0.7111566438807041,-0.038253018392781155
xgboost,1200,a1721173,7,0.7763389994883009,0.7763389994883009,0.0,0.7614804249168872,0.7614804249168872,0.0,0.7757199659701818,0.7757199659701818,0.0,0.7769580330064202,0.7769580330064202,0.0,0.8114468091080178,0.8114468091080178,0.0,0.7970955852560665,0.7970955852560665,0.0
xgboost,1200,a1b210fc,7,0.7939193189537624,0.7831964350971681,-0.010722883856594272,0.7793138359201557,0.7762196079028144,-0.003094228017341446,0.8347022909259213,0.831874545294721,-0.0028277456312002353,0.7531363469816036,0.7345183248996152,-0.01861802208198831,0.8073956811846408,0.8093447474549702,0.001949066270329631,0.8029098497539567,0.8040716883330215,0.0011618385790646796
xgboost,1200,b0700166,7,0.6733382005866282,0.6922765465238989,0.018938345937270822,0.5764846894414004,0.6294145454334918,0.05292985599209149,0.7723834687588684,0.7866028520819291,0.014219383323060759,0.5742929324143878,0.5979502409658687,0.023657308551480873,0.7074007438078281,0.7097927657278598,0.0023920219200316444,0.6057830887903107,0.6624543181049279,0.05667122931461733
xgboost,1200,b112005d,7,0.7188926499867007,0.7109585641318871,-0.0079340858548137,0.6792764000471878,0.6604593329779795,-0.018817067069208177,0.7679977359936406,0.8170634382238998,0.04906570223025919,0.669787563979761,0.6048536900398744,-0.06493387393988656,0.7388686515644621,0.7388572880769447,-1.136348751767142e-05,0.7173090752968331,0.6972526751947941,-0.02005640010203905
xgboost,1200,b1c2f044,7,0.7926267683580583,0.8284695762712501,0.035842807913191575,0.7645300509077756,0.8198947896266128,0.05536473871883717,0.876582257551389,0.8513003907325402,-0.025281866818848808,0.7086712791647278,0.8056387618099599,0.09696748264523203,0.8145761349420624,0.8384343932572987,0.02385825831523631,0.7976928806084762,0.8521800713042127,0.0544871906957366
xgboost,1200,c060c06a,7,0.7438303371076016,0.7659189657943629,0.022088628686761203,0.7003238911384354,0.7337248497507389,0.03340095861230351,0.5921366838881755,0.6618269371577308,0.06969025326955527,0.8955239903270279,0.8700109944309948,-0.025512995896032842,0.7526285271357088,0.7663607522533326,0.013732225117623715,0.7933454422350875,0.8249226770127694,0.03157723477768198
xgboost,1200,c112918e,7,0.6520240055568244,0.7143984668769108,0.062374461320086345,0.585886543130186,0.6802108716952681,0.09432432856508206,0.44015676646872615,0.6687138087289525,0.22855704226022638,0.8638912446449227,0.7600831250248689,-0.1038081196200537,0.7473183068410639,0.7609674447565605,0.013649137915496426,0.6650303531634549,0.7262412579537777,0.06121090479032285
xgboost,1200,c1a150b1,6,0.7077353724309509,0.7313325379613554,0.02359716553040449,0.6621716773566133,0.7018588592228773,0.03968718186626391,0.8308399585537014,0.7954351728456807,-0.03540478570802069,0.5846307863082004,0.66722990307703,0.08259911676882965,0.748792355232064,0.770475225615872,0.021682870383808155,0.6957651362844154,0.7326721769315233,0.036907040647107925
xgboost,1200,d0724095,7,0.7246620856121071,0.7231254990203552,-0.0015365865917519952,0.6851961724756491,0.6924396067364958,0.007243434260846869,0.6598875430869983,0.6506711506609891,-0.00921639242600923,0.7894366281372159,0.795579847379721,0.0061432192425052,0.7646552154477394,0.7625953649487104,-0.0020598504990291416,0.7227230112900401,0.7307036847773077,0.007980673487267593
xgboost,1200,d0e2d025,7,0.7702584600416796,0.7936049834208868,0.023346523379207045,0.754035358715435,0.7795743462788257,0.025538987563390663,0.8108339684731746,0.8350428576837435,0.024208889210569073,0.7296829516101847,0.7521671091580296,0.022484157547845003,0.8046588910241281,0.8022992575503656,-0.0023596334737624298,0.7940736406753377,0.8108059312493847,0.016732290574047015
xgboost,1200,d111e017,7,0.8705790994828672,0.870293925676188,-0.0002851738066791874,0.8628774731670946,0.8625743710998192,-0.00030310206727544663,0.8195312665440684,0.8189168272199516,-0.0006144393241167398,0.9216269324216659,0.9216710241324242,4.4091710758380796e-05,0.8758998843588373,0.8755861793384758,-0.0003137050203611626,0.8639537976942172,0.8636453616445537,-0.00030843604966346305
xgboost,1200,d151b0c4,7,0.7582464496823792,0.7556081812602563,-0.0026382684221229707,0.7560017316080783,0.7579438929617337,0.0019421613536553092,0.7324543095601992,0.7522881447336128,0.019833835173413614,0.7840385898045593,0.7589282177868998,-0.025110372017659532,0.792247236421825,0.7970629674833756,0.0048157310615503735,0.7809538500308528,0.7847918213365767,0.003837971305723799
xgboost,1200,d18000a3,7,0.8243705870378635,0.8365596860642768,0.012189099026413408,0.7644955892989248,0.7819468706162634,0.01745128131733864,0.7792483721542638,0.8208084584355536,0.04156008628128966,0.869492801921463,0.8523109136930002,-0.017181888228462876,0.7778175481334484,0.779700896744304,0.001883348610855627,0.8160536735831403,0.8333849494897183,0.017331275906578156
xgboost,1200,f0f2a1e1,7,0.822963963199389,0.822557821395014,-0.00040614180437491065,0.7981178544776324,0.8015889614849722,0.0034711070073397527,0.8271921838948683,0.8104502694785353,-0.01674191441633301,0.8187357425039098,0.8346653733114929,0.015929630807583233,0.7937284506227898,0.7992075935322205,0.005479142909430508,0.8366412659738705,0.8419112103950805,0.0052699444212100455
xgboost,1200,f121f1e0,7,0.707227830475899,0.7440470593621585,0.03681922888625947,0.6633612746905391,0.7040347028074871,0.04067342811694809,0.8869055659593094,0.7943262630754363,-0.09257930288387296,0.5275500949924884,0.6937678556488803,0.1662177606563919,0.7482281452726319,0.7460722937874269,-0.0021558514852051402,0.6913879705129792,0.7200338918449413,0.028645921331961994
xgboost,1200,f1a0c120,7,0.7300696187590584,0.757269469440242,0.027199850681183628,0.7333456493879289,0.7534891272694237,0.020143477881494724,0.6660097944694436,0.7898154355991621,0.12380564112971848,0.794129443048673,0.7247235032813216,-0.06940593976735125,0.8238826881302602,0.812669223801113,-0.011213464329147287,0.8282534851334227,0.8061366634517105,-0.022116821681712202
xgboost,1200,f1d06060,7,0.7410298865895729,0.8029813519185723,0.0619514653289995,0.6951068905170814,0.7823384941899627,0.0872316036728815,0.674796305297592,0.7752276957932512,0.1004313904956591,0.8072634678815539,0.8307350080438939,0.02347154016233994,0.7715072302403231,0.7858275072328998,0.014320276992576906,0.731861113801431,0.814032999949047,0.08217188614761575
xgboost,1800,0001508a,7,0.6989108959962244,0.7416131637595599,0.04270226776333556,0.6434422855933809,0.7145251457053591,0.07108286011197822,0.5863788153820754,0.6562523133188854,0.06987349793681,0.8114429766103735,0.8269740142002345,0.015531037589861105,0.758970149798299,0.7851490237782967,0.02617887397999768,0.6923329760256983,0.7514873489504852,0.05915437292478677
xgboost,1800,0012905a,7,0.7466041533155469,0.748936365314088,0.0023322119985411988,0.7330085583110757,0.7392735944731853,0.006265036162109557,0.8502359441599531,0.7926448868938759,-0.05759105726607713,0.6429723624711408,0.7052278437343004,0.06225548126315951,0.7612942874080332,0.7668846938910457,0.005590406483012456,0.7439864665147301,0.7527071637366541,0.008720697221923954
xgboost,1800,0110f12e,7,0.805086165795274,0.8071686496784132,0.002082483883138967,0.8006284458330557,0.8011315699027258,0.0005031240696700769,0.8078188959739884,0.8220787590121398,0.014259863038151363,0.8023534356165599,0.7922585403446866,-0.010094895271873445,0.8029032308047407,0.8005533656746604,-0.0023498651300803497,0.8094245528216459,0.8090565420156607,-0.0003680108059853796
xgboost,1800,0182e16c,7,0.6980964394123836,0.8228917472685138,0.1247953078561301,0.6446524228524412,0.7990755017885858,0.15442307893614446,0.673491203384357,0.8904152246073453,0.21692402122298832,0.7227016754404104,0.7553682699296823,0.03266659448927188,0.773265091035415,0.8041101874262756,0.030845096390860686,0.706386679221127,0.8234811621247005,0.1170944829035735
xgboost,1800,01c2a0d8,7,0.7785837446970872,0.7929479848137481,0.0143642401166609,0.75501049808159,0.767107505528265,0.012097007446675048,0.7360098033098407,0.8513960916295419,0.11538628831970131,0.8211576860843339,0.7344998779979545,-0.0866578080863795,0.7878106139124217,0.787747896492658,-6.271741976396747e-05,0.8079384878550734,0.8018070628305186,-0.006131425024554786
xgboost,1800,1081b177,7,0.7913711881720175,0.814793988705888,0.02342280053387063,0.7785015887658726,0.8062183796152772,0.027716790849404753,0.6317783795751785,0.7110230944999775,0.0792447149247991,0.9509639967688565,0.9185648829117987,-0.032399113857057786,0.8232517648635166,0.8269486913168479,0.003696926453331306,0.8071864527874689,0.8212300355808282,0.014043582793359155
xgboost,1800,20201194,7,0.7244371468929784,0.7740371052446504,0.04959995835167208,0.6953403659877957,0.7687001546646913,0.07335978867689572,0.6934263262379717,0.7948066049416368,0.10138027870366506,0.755447967547985,0.7532676055476643,-0.002180362000320885,0.7599693601625152,0.7824599826654816,0.022490622502966327,0.7289618424341759,0.8033181565248027,0.07435631409062668
xgboost,1800,2162c09e,7,0.8033872042244816,0.8138422132067389,0.010455008982257279,0.7846041857201653,0.7958692274092564,0.011265041689091022,0.6762677690126029,0.7091089637087377,0.03284119469613473,0.9305066394363604,0.9185754627047401,-0.011931176731620188,0.8195718703502533,0.8225227502284082,0.002950879878154725,0.8260117850556442,0.8327980406207295,0.006786255565085101
xgboost,1800,2182c1cd,7,0.7032923952240984,0.7315928208315402,0.028300425607441837,0.6687051790130958,0.71034569248371,0.04164051347061431,0.5085601599108837,0.6059306827716783,0.09737052286079453,0.8980246305373129,0.857254958891402,-0.04076967164591087,0.7254853407950037,0.7394577094160611,0.013972368621057505,0.6841869584730222,0.72175282747185,0.037565868998828
xgboost,1800,219060fa,5,0.755079373744938,0.7753141875827771,0.02023481383783914,0.7503533215839189,0.7754354452121816,0.02508212362826263,0.8129254508821072,0.8378645178940914,0.024939067011984162,0.6972332966077687,0.7127638572714629,0.015530560663694149,0.8148872963683884,0.8082948743821088,-0.006592421986279562,0.7909016871365859,0.8002360569887708,0.009334369852184832
xgboost,1800,21a031f6,7,0.7766322653677518,0.7921489972768617,0.015516731909110055,0.7414426492624003,0.7711345894549569,0.02969194019255688,0.7494046624266691,0.8483383873033564,0.09893372487668727,0.8038598683088342,0.7359596072503672,-0.06790026105846717,0.7648524735703852,0.7796376102159653,0.014785136645580137,0.7574242503444328,0.7904534747715123,0.033029224427079514
xgboost,1800,30908049,7,0.7238340196944162,0.7467402090966374,0.022906189402221017,0.6616190110905379,0.674052908998673,0.012433897908134999,0.8067147149559372,0.8587775972526013,0.052062882296664274,0.6409533244328954,0.6347028209406733,-0.006250503492222202,0.7205473394929703,0.6961716719361128,-0.024375667556857526,0.7190586377110622,0.7166612575014547,-0.002397380209607431
xgboost,1800,30c140ca,7,0.7717525452411308,0.7465434628680623,-0.025209082373068546,0.6611408051423412,0.6507154283764682,-0.010425376765873216,0.7171652523759879,0.7333576826060338,0.016192430230045924,0.8263398381062738,0.7597292431300907,-0.06661059497618306,0.7156153972568091,0.7296851047566263,0.014069707499817206,0.6850128248489629,0.7002367672566999,0.015223942407737025
xgboost,1800,3110e0c7,7,0.62149299380643,0.6015010204656607,-0.019991973340769426,0.5600785645469247,0.5322710895940662,-0.027807474952858503,0.5807356655798427,0.5526281774176799,-0.028107488162162853,0.6622503220330173,0.6503738635136412,-0.011876458519376012,0.624313935650374,0.6027678270916753,-0.021546108558698707,0.6017380050796751,0.581399797138787,-0.020338207940888142
xgboost,1800,40009139,7,0.7964049502507854,0.792252027395613,-0.004152922855172468,0.7820172448328436,0.7878570681620649,0.005839823329221204,0.8034880912792329,0.8063693092065817,0.002881217927348745,0.789321809222338,0.7781347455846441,-0.011187063637693681,0.8036326590425356,0.7966700769528474,-0.006962582089688014,0.7974126323532137,0.8099574470256987,0.012544814672484885
xgboost,1800,41e2010c,7,0.75022272314652,0.7951782620143713,0.044955538867851454,0.7343209641791255,0.7876917675756298,0.0533708033965043,0.8223120984450338,0.8487902648792477,0.026478166434213753,0.6781333478480059,0.741566259149495,0.06343291130148912,0.8239393882789364,0.8033354187810333,-0.02060396949790333,0.7759503427683955,0.8138890253272566,0.03793868255886119
xgboost,1800,5001d09a,7,0.7887930500593016,0.7932899439311953,0.00449689387189386,0.7476321510894162,0.7519325213456433,0.004300370256226934,0.9279836973666088,0.927380415513327,-0.0006032818532818451,0.6496024027519943,0.659199472349064,0.009597069597069598,0.7812844292798935,0.781204454986903,-7.997429299032101e-05,0.7734931453290166,0.7768650365956448,0.0033718912666281004
xgboost,1800,50c02189,7,0.6530803185020024,0.726220307524326,0.07313998902232369,0.5838332684962012,0.7169598896636991,0.13312662116749777,0.5987242604201636,0.7121152790678497,0.11339101864768612,0.7074363765838412,0.7403253359808025,0.03288895939696116,0.7106632847458093,0.7315405481259496,0.020877263380140225,0.6556226185435311,0.7372971531699386,0.08167453462640749
xgboost,1800,517001af,7,0.8157969128108185,0.8183757645869862,0.002578851776167806,0.8123400224223376,0.8012675162682277,-0.011072506154109898,0.7697435631736624,0.8570551820360837,0.08731161886242102,0.8618502624479742,0.7796963471378888,-0.08215391531008538,0.8287956978904825,0.8079226975008603,-0.020873000389621903,0.8510908989877254,0.8463830200761532,-0.004707878911572316
xgboost,1800,6030f0fd,7,0.7832586854009053,0.8234810607726725,0.04022237537176706,0.7412639973894193,0.8069010458383646,0.06563704844894534,0.8538044747460333,0.8417972855067012,-0.012007189239332099,0.7127128960557776,0.805164836038644,0.09245193998286627,0.7732664767845886,0.7984464207145512,0.0251799439299627,0.7693179579809237,0.8305982723999923,0.06128031441906834
xgboost,1800,7072a0e0,7,0.7648566417994205,0.7813376426992351,0.016481000899814684,0.6930072961476214,0.7396982003283986,0.04669090418077737,0.8162842358423797,0.8375067742651788,0.021222538422799118,0.7134290477564612,0.7251685111332914,0.011739463376830264,0.7383779960099679,0.759301332513281,0.020923336503313208,0.7271979415011025,0.7735061745564299,0.04630823305532748
xgboost,1800,7092f07b,7,0.6826977356141223,0.7361767189919227,0.053478983377800424,0.6079119671301413,0.71692611925374,0.10901415212359854,0.828751875391802,0.7656939424857051,-0.06305793290609685,0.5366435958364427,0.7066594954981404,0.1700158996616977,0.7452363630125267,0.7848085180735156,0.039572155060988955,0.6458721087174342,0.772054443419032,0.1261823347015978
xgboost,1800,7150e10a,7,0.6895369832691662,0.7076775830330747,0.01814059976390833,0.621066145621132,0.6518282062762548,0.030762060655122676,0.8880166688281984,0.9037461290849657,0.015729460256767136,0.49105729771013445,0.5116090369811839,0.020551739271049474,0.758609919660347,0.7581478460822059,-0.00046207357814116127,0.6673829827370324,0.6993671082229189,0.03198412548588641
xgboost,1800,71a251fa,7,0.8490286308598919,0.8490286308598919,0.0,0.8284628149256309,0.8284628149256309,0.0,0.7723761810008599,0.7723761810008599,0.0,0.9256810807189236,0.9256810807189236,0.0,0.851802324697795,0.851802324697795,0.0,0.8523864512352489,0.8523864512352489,0.0
xgboost,1800,71c09041,6,0.8187615045350535,0.7864420998008659,-0.032319404734187575,0.8062424214308036,0.7858048391398493,-0.02043758229095427,0.8879573724099789,0.8281167595545997,-0.05984061285537906,0.7495656366601281,0.7447674400471319,-0.0047981966129961124,0.8510365327268595,0.8444515230309713,-0.006585009695888118,0.865943781128176,0.8538515102859052,-0.012092270842270844
xgboost,1800,71e10186,7,0.9357977815123987,0.9358625264962771,6.474498387833348e-05,0.9352505231527504,0.9355072228122834,0.00025669965953308997,0.9181216586288583,0.9181216586288583,0.0,0.9534739043959392,0.9536033943636958,0.00012948996775666695,0.9390847502639951,0.9393930173255509,0.0003082670615558606,0.93819444001704,0.93846584807205,0.000271408055010152
xgboost,1800,71f0603f,7,0.7937983408168714,0.8026075492836735,0.008809208466801952,0.7962881578719772,0.8048861661587179,0.00859800828674078,0.7206306006242773,0.7612975646168145,0.04066696399253716,0.8669660810094655,0.8439175339505324,-0.023048547058933253,0.814540708513147,0.8192602469319057,0.00471953841875848,0.8079154479025645,0.8154732380987866,0.007557790196221984
xgboost,1800,71f21142,6,0.7675876333102751,0.7940854655267827,0.026497832216507644,0.7344261119645314,0.7782223178994553,0.04379620593492398,0.8669749596950695,0.870633388238342,0.0036584285432723998,0.6682003069254806,0.7175375428152235,0.04933723588974289,0.7820593944082029,0.7884092491913431,0.0063498547831400964,0.7769442572799775,0.8076993389609851,0.0307550816810076
xgboost,1800,8030618f,7,0.7528425442122086,0.7586523021882041,0.005809757975995462,0.6377775487266376,0.6680060061079687,0.030228457381330922,0.8752141459391802,0.9010205101176373,0.02580636417845718,0.630470942485237,0.6162840942587707,-0.01418684822646628,0.7021924392823123,0.7094974242458499,0.007304984963537454,0.6685858584014189,0.7187342123797494,0.050148353978330465
xgboost,1800,8191f1d9,7,0.6754810443944338,0.7150254680264021,0.03954442363196827,0.5333467642807523,0.5980051987003494,0.0646584344195971,0.39291792909505413,0.5242143832814786,0.13129645418642463,0.9580441596938133,0.9058365527713254,-0.052207606922488124,0.701699584028834,0.7115750591542999,0.009875475125465922,0.5768648862528266,0.6345053038421489,0.057640417589322195
xgboost,1800,81e150c1,7,0.7687969819522724,0.7686289705799966,-0.00016801137227586058,0.7223261741433883,0.7244559317914737,0.0021297576480854446,0.8353535353535353,0.8127470190628087,-0.02260651629072682,0.7022404285510098,0.7245109220971849,0.02227049354617507,0.7292428879770174,0.7274202674998376,-0.001822620477179864,0.7758047533947648,0.7764703460925936,0.0006655926978288111
xgboost,1800,81f1f0fe,7,0.730154561063711,0.7347880845198922,0.004633523456181224,0.6913417000657484,0.6941908089813621,0.002849108915613582,0.7152238388197365,0.586082745197463,-0.12914109362227366,0.7450852833076854,0.8834934238423217,0.13840814053463613,0.7216613696316792,0.7232596989518109,0.0015983293201319066,0.7349151665567543,0.7508622256502312,0.015947059093476712
xgboost,1800,a02151ac,7,0.7325557645465415,0.7391204674087485,0.00656470286220691,0.7013395455477109,0.7151121636601147,0.013772618112403798,0.6492526866060816,0.6933348812092268,0.044082194603145254,0.8158588424870015,0.7849060536082703,-0.03095278887873135,0.7424200356611336,0.7265029745409166,-0.01591706112021702,0.7494096622734852,0.7323170676651666,-0.01709259460831866
xgboost,1800,a1721173,7,0.7763389994883009,0.7763389994883009,0.0,0.7614804249168872,0.7614804249168872,0.0,0.7757199659701818,0.7757199659701818,0.0,0.7769580330064202,0.7769580330064202,0.0,0.8114468091080178,0.8114468091080178,0.0,0.7970955852560665,0.7970955852560665,0.0
xgboost,1800,a1b210fc,7,0.7939193189537624,0.7938816114247954,-3.770752896679687e-05,0.7793138359201557,0.7978619441168602,0.018548108196704525,0.8347022909259213,0.7964006688465206,-0.03830162207940072,0.7531363469816036,0.7913625540030704,0.03822620702146707,0.8073956811846408,0.8163873566477177,0.008991675463077173,0.8029098497539567,0.8255534974549104,0.022643647700953555
xgboost,1800,b0700166,7,0.6733382005866282,0.6952439909816208,0.02190579039499266,0.5764846894414004,0.6306178106096019,0.05413312116820148,0.7723834687588684,0.7883152361765425,0.015931767417674183,0.5742929324143878,0.6021727457866989,0.02787981337231112,0.7074007438078281,0.7056236144587738,-0.001777129349054385,0.6057830887903107,0.6583523694201878,0.05256928062987727
xgboost,1800,b112005d,7,0.7188926499867007,0.7182935055225802,-0.000599144464120603,0.6792764000471878,0.6735258533532281,-0.0057505466939595795,0.7679977359936406,0.828843691924113,0.06084595593047244,0.669787563979761,0.6077433191210473,-0.06204424485871362,0.7388686515644621,0.7377770807348271,-0.00109157082963518,0.7173090752968331,0.7051222644616107,-0.012186810835222375
xgboost,1800,b1c2f044,7,0.7926267683580583,0.8291763348244029,0.0365495664663445,0.7645300509077756,0.8165928598763369,0.05206280896856129,0.876582257551389,0.8661592859901066,-0.010422971561282452,0.7086712791647278,0.7921933836586994,0.0835221044939715,0.8145761349420624,0.8339756927084115,0.01939955776634921,0.7976928806084762,0.8475456432322847,0.04985276262380854
xgboost,1800,c060c06a,7,0.7438303371076016,0.7773287624431681,0.033498425335566316,0.7003238911384354,0.7390823642907386,0.03875847315230314,0.5921366838881755,0.7008182483119189,0.10868156442374334,0.8955239903270279,0.853839276574417,-0.04168471375261067,0.7526285271357088,0.7422072377546056,-0.010421289381103347,0.7933454422350875,0.8149822715680326,0.021636829332945147
xgboost,1800,c112918e,7,0.6520240055568244,0.750345340250402,0.09832133469357751,0.585886543130186,0.7415026348798545,0.15561609174966864,0.44015676646872615,0.7581654185068798,0.3180086520381537,0.8638912446449227,0.7425252619939241,-0.12136598265099866,0.7473183068410639,0.7673809281195487,0.020062621278484745,0.6650303531634549,0.7777600069810957,0.11272965381764076
xgboost,1800,c1a150b1,6,0.7077353724309509,0.7416361583014073,0.0339007858704564,0.6621716773566133,0.7259031577839163,0.06373148042730305,0.8308399585537014,0.8549113321511413,0.024071373597439938,0.5846307863082004,0.6283609844516732,0.04373019814347287,0.748792355232064,0.7751323110171094,0.026339955785045555,0.6957651362844154,0.7619843780355721,0.06621924175115666
xgboost,1800,d0724095,7,0.7246620856121071,0.7256545878208993,0.000992502208792323,0.6851961724756491,0.6957576714232098,0.010561498947560739,0.6598875430869983,0.6557293282620779,-0.00415821482492057,0.7894366281372159,0.795579847379721,0.0061432192425052,0.7646552154477394,0.7641716781627708,-0.00048353728496870155,0.7227230112900401,0.7344800470422611,0.011757035752221026
xgboost,1800,d0e2d025,7,0.7702584600416796,0.7901976189968679,0.01993915895518818,0.754035358715435,0.7821627370549888,0.0281273783395537,0.8108339684731746,0.8069143192771568,-0.003919649196017695,0.7296829516101847,0.7734809187165788,0.0437979671063941,0.8046588910241281,0.8059762117684113,0.0013173207442832252,0.7940736406753377,0.8160589083253306,0.021985267649992885
xgboost,1800,d111e017,7,0.8705790994828672,0.8697899048357757,-0.0007891946470914687,0.8628774731670946,0.8620420245379711,-0.0008354486291238171,0.8195312665440684,0.8182615192251941,-0.001269747318874272,0.9216269324216659,0.9213182904463572,-0.00030864197530863384,0.8758998843588373,0.8750521398742688,-0.000847744484568258,0.8639537976942172,0.8631087410861827,-0.0008450566080345461
xgboost,1800,d151b0c4,7,0.7582464496823792,0.7560165707585538,-0.0022298789238256772,0.7560017316080783,0.7583986147499512,0.0023968831418728393,0.7324543095601992,0.7459007497181231,0.013446440157923916,0.7840385898045593,0.7661323917989841,-0.01790619800557523,0.792247236421825,0.7985960616439358,0.006348825222110587,0.7809538500308528,0.7858036189594018,0.0048497689285489365
xgboost,1800,d18000a3,7,0.8243705870378635,0.8404897609284713,0.016119173890607925,0.7644955892989248,0.783645457344932,0.019149868046007126,0.7792483721542638,0.8311413515682515,0.051892979413987815,0.869492801921463,0.8498381702886911,-0.019654631632772004,0.7778175481334484,0.7809894426310333,0.00317189449758491,0.8160536735831403,0.8340825176391634,0.018028844056023292
xgboost,1800,f0f2a1e1,7,0.822963963199389,0.8238251535585949,0.0008611903592059227,0.7981178544776324,0.8031681499093953,0.005050295431762909,0.8271921838948683,0.8143998350159116,-0.012792348878956718,0.8187357425039098,0.8332504721012783,0.014514729597368643,0.7937284506227898,0.7999173083675547,0.006188857744764964,0.8366412659738705,0.842967574060968,0.0063263080870974275
xgboost,1800,f121f1e0,7,0.707227830475899,0.7522895400118735,0.04506170953597451,0.6633612746905391,0.7182535381441244,0.05489226345358537,0.8869055659593094,0.8126674351697762,-0.07423813078953316,0.5275500949924884,0.6919116448539705,0.16436154986148216,0.7482281452726319,0.7508715896963153,0.0026434444236832022,0.6913879705129792,0.7357540073733152,0.044366036860335946
xgboost,1800,f1a0c120,7,0.7300696187590584,0.7584086001908881,0.028338981431829762,0.7333456493879289,0.7510123270717681,0.017666677683839203,0.6660097944694436,0.8063304489866088,0.14032065451716505,0.794129443048673,0.7104867513951675,-0.08364269165350555,0.8238826881302602,0.8149536127130641,-0.008929075417196104,0.8282534851334227,0.8005352157861043,-0.02771826934731831
xgboost,1800,f1d06060,7,0.7410298865895729,0.7982810268114283,0.057251140221855526,0.6951068905170814,0.7763898885087245,0.08128299799164318,0.674796305297592,0.7592874567634954,0.08449115146590347,0.8072634678815539,0.8372745968593615,0.030011128977807586,0.7715072302403231,0.7829434467957982,0.011436216555475267,0.731861113801431,0.808798116051619,0.07693700225018771
