model,budget_seconds,subject_id,n_pm,zero_shot_balanced_accuracy,personalized_balanced_accuracy,delta_balanced_accuracy,zero_shot_macro_f1,personalized_macro_f1,delta_macro_f1,zero_shot_low_recall,personalized_low_recall,delta_low_recall,zero_shot_high_recall,personalized_high_recall,delta_high_recall,zero_shot_precision,personalized_precision,delta_precision,zero_shot_accuracy,personalized_accuracy,delta_accuracy
lightgbm,900,0001508a,7,0.7443275287394232,0.7822797460698995,0.037952217330476365,0.7061191293564819,0.7803646182170475,0.0742454888605656,0.6432969190590685,0.7507651185527291,0.10746819949366074,0.845358138419778,0.8137943735870701,-0.031563764832708,0.7946181552727619,0.824518229427775,0.029900074155012963,0.7465691407383178,0.8177976248750786,0.07122848413676064
lightgbm,900,0012905a,7,0.7511309734566913,0.7495750970629073,-0.001555876393783914,0.7376741043190213,0.737638541957452,-3.5562361569287303e-05,0.8451871721917552,0.8262855031952705,-0.01890166899648487,0.6570747747216277,0.6728646909305445,0.01578991620891696,0.7637195997091842,0.7722823341295858,0.008562734420401594,0.7482461561766595,0.751706912075185,0.0034607558985255533
lightgbm,900,0110f12e,7,0.8183764121412735,0.8182942549301551,-8.21572111185149e-05,0.8148661472382785,0.8104691983532397,-0.004396948885038816,0.8214259927633287,0.866854313303368,0.04542832054003936,0.8153268315192183,0.7697341965569421,-0.04559263496227629,0.8190524900309699,0.8124165353535061,-0.006635954677463807,0.8240837301127298,0.818320104356593,-0.005763625756136727
lightgbm,900,0182e16c,6,0.7174827469742246,0.8471030621853449,0.12962031521112014,0.661512349617007,0.8157703038420111,0.15425795422500402,0.6833761482913071,0.8501081045531302,0.16673195626182327,0.7515893456571422,0.8440980198175594,0.09250867416041703,0.8035520630554148,0.8055999651486548,0.0020479020932399616,0.720895569740697,0.8479996677843685,0.12710409804367143
lightgbm,900,01c2a0d8,7,0.7844816344238733,0.7867833635075014,0.0023017290836281823,0.7624481128440769,0.7614897554414858,-0.0009583574025909813,0.7478955275802642,0.9163875179633333,0.16849199038306914,0.8210677412674824,0.6571792090516695,-0.1638885322158128,0.7909924606768204,0.7960149176630275,0.0050224569862070845,0.8136702195012747,0.7954558935049301,-0.01821432599634465
lightgbm,900,1081b177,6,0.8103059037832466,0.8285711145936313,0.018265210810384586,0.7938739413209347,0.8185567262418858,0.024682784920950884,0.6466029079353742,0.7231135694961583,0.07651066156078425,0.974008899631119,0.934028659691104,-0.03998023994001504,0.8555894192222544,0.8417665906977371,-0.013822828524517458,0.8121930001599892,0.8282716411045793,0.016078640944589957
lightgbm,900,20201194,7,0.7376714249756154,0.7871372343223527,0.049465809346737215,0.7070357268261281,0.7715143831007801,0.06447865627465191,0.7184780202077332,0.7412698139612549,0.02279179375352164,0.756864829743498,0.8330046546834508,0.07613982493995276,0.7702646824735785,0.8068669610026534,0.036602278529074814,0.7390739783421292,0.8050206805360968,0.06594670219396771
lightgbm,900,2162c09e,6,0.8058447421101649,0.8413245928089498,0.0354798506987849,0.8049280360175999,0.8305451802913786,0.025617144273778758,0.6949174442614647,0.808081962792326,0.11316451853086125,0.9167720399588649,0.8745672228255735,-0.042204817133291474,0.8240527158744064,0.8312830438896749,0.007230328015268443,0.8647614037643017,0.8710783433328575,0.006316939568555761
lightgbm,900,2182c1cd,7,0.7329682922925842,0.7661440431215915,0.03317575082900738,0.6967566854147346,0.7419176351661392,0.04516094975140466,0.5532289373067274,0.6584842803378603,0.10525534303113292,0.912707647278441,0.8738038059053227,-0.03890384137311816,0.7533968063946777,0.7673617597989587,0.013964953404281008,0.7075423351717419,0.7507976828538876,0.04325534768214566
lightgbm,900,219060fa,4,0.7745349356536584,0.8029988325730145,0.028463896919356163,0.7736953683590626,0.8091926596248076,0.03549729126574494,0.8364870509607352,0.8323487512313121,-0.004138299729423034,0.7125828203465815,0.7736489139147168,0.06106609356813536,0.8549223973985858,0.8417184666926992,-0.01320393070588649,0.8234890020474541,0.8392095550102635,0.01572055296280936
lightgbm,900,21a031f6,7,0.7723198952312095,0.7671085746563112,-0.005211320574898244,0.7373022795266183,0.7410102315417122,0.003707952015093774,0.7619642864717106,0.8859614997597627,0.123997213288052,0.7826755039907084,0.6482556495528599,-0.13441985443784854,0.7617912550863591,0.7822618314495136,0.020470576363154334,0.7528734174683746,0.7684575835296713,0.015584166061296851
lightgbm,900,30908049,7,0.7304021394397112,0.7515070163564214,0.021104876916710227,0.6680920239873872,0.6623124634313361,-0.005779560556051134,0.805668078754078,0.8882701716954199,0.0826020929413421,0.6551362001253447,0.6147438610174231,-0.040392339107921636,0.7368204512800134,0.695324382883153,-0.041496068396860326,0.7217378774481522,0.6932725088213809,-0.028465368626771275
lightgbm,900,30c140ca,5,0.8009184336407482,0.7209346054745651,-0.07998382816618296,0.7642659573923087,0.6929616460446708,-0.07130431134763801,0.8408459415181493,0.7585625518508512,-0.08228338966729819,0.760990925763347,0.6833066590982793,-0.07768426666506774,0.7777354911972552,0.7745687871739289,-0.0031667040233264165,0.7742139272635193,0.7466253949642743,-0.02758853229924505
lightgbm,900,3110e0c7,3,0.7220968980211175,0.6732792978592426,-0.04881760016187494,0.6964451778394053,0.645114043674424,-0.05133113416498127,0.6469136840924703,0.5057296266700314,-0.141184057422439,0.7972801119497648,0.840828969048454,0.04354885709868913,0.7125292679135719,0.6857849327882622,-0.026744335125309493,0.7087369693204701,0.6730717045810329,-0.03566526473943723
lightgbm,900,40009139,5,0.8238377028390056,0.8191577748337957,-0.004679928005209844,0.8219119577549243,0.8204797682202747,-0.0014321895346495416,0.7791608648645283,0.8757741677051115,0.09661330284058306,0.8685145408134829,0.7625413819624803,-0.10597315885100267,0.8453160736778328,0.8430256680442776,-0.0022904056335551815,0.8453814569156115,0.8466580196666861,0.001276562751074639
lightgbm,900,41e2010c,7,0.7325864647888599,0.7838032528569617,0.05121678806810183,0.7121150295918428,0.769633676454682,0.0575186468628392,0.7856611790216654,0.8433731237712552,0.05771194474958979,0.6795117505560544,0.7242333819426682,0.04472163138661383,0.8181342742259814,0.7948087061262716,-0.023325568099709853,0.7681034679210558,0.8006575038717528,0.032554035950696995
lightgbm,900,5001d09a,6,0.791291684317792,0.7989513417216476,0.00765965740385575,0.7415805872804743,0.7500778012315562,0.00849721395108205,0.9505837648638281,0.9307515645200244,-0.019832200343803712,0.6319996037717557,0.6671511189232708,0.03515151515151518,0.7807699567242746,0.7741962551714628,-0.006573701552811802,0.7683062157480762,0.7737648720788256,0.005458656330749341
lightgbm,900,50c02189,7,0.6568495365393102,0.7240962587531664,0.06724672221385601,0.5814915077937117,0.7246573627915652,0.14316585499785353,0.5705684739869455,0.692084580012076,0.1215161060251303,0.7431305990916751,0.7561079374942568,0.012977338402581686,0.7285773012832576,0.7372997624020485,0.008722461118790952,0.6635865529178092,0.7495342403330046,0.08594768741519519
lightgbm,900,517001af,5,0.8634057221897622,0.8399464317657035,-0.023459290424058764,0.8564100607658925,0.7965503694980515,-0.059859691267841034,0.7688800405377945,0.9631480581213202,0.19426801758352563,0.9579314038417299,0.7167448054100867,-0.2411865984316432,0.880710687300726,0.8348400163599617,-0.04587067094076434,0.8731539299118186,0.8299572252986863,-0.04319670461313245
lightgbm,900,6030f0fd,5,0.7845408281846605,0.8114143803400232,0.026873552155362645,0.7562965796252221,0.7830961250198425,0.026799545394620372,0.8714988136863138,0.8373640847788575,-0.03413472890745619,0.6975828426830075,0.785464675901189,0.08788183321818145,0.7576276024512432,0.7764895379490158,0.018861935497772753,0.7973121844701766,0.8132085129894581,0.015896328519281334
lightgbm,900,7072a0e0,6,0.7408415532829009,0.7535053046560982,0.012663751373197344,0.6591654420374418,0.6931030539962134,0.03393761195877163,0.7916315430622557,0.8728266405198167,0.081195097457561,0.6900515635035461,0.6341839687923799,-0.05586759471116632,0.7143725304100913,0.728753738920057,0.014381208509965918,0.7015037858615036,0.7363112197365568,0.03480743387505325
lightgbm,900,7092f07b,6,0.701258462111606,0.7309468627035768,0.02968840059197066,0.6652263975390199,0.705049227390535,0.03982282985151494,0.82527170631168,0.8213920353141496,-0.0038796709975302546,0.577245217911532,0.6405016900930036,0.06325647218147162,0.774818439694991,0.7990155071244797,0.024197067429488683,0.7144204423715527,0.7594011007066368,0.04498065833508408
lightgbm,900,7150e10a,5,0.718084832257351,0.7319462434154731,0.01386141115812205,0.7166202277731271,0.7311063866834064,0.014486158910279334,0.9102916290747946,0.9121802346112545,0.0018886055364600862,0.5258780354399079,0.5517122522196919,0.025834216779784074,0.8376402914489715,0.8379566840430803,0.00031639259410876086,0.7719176190657606,0.7807567274714863,0.008839108405725682
lightgbm,900,71a251fa,4,0.8581099665160701,0.8375248498783219,-0.020585116637748202,0.8314472587652617,0.7644149000878981,-0.06703235867736357,0.860908577720785,0.7558647180716622,-0.1050438596491228,0.8553113553113553,0.9191849816849816,0.06387362637362634,0.8372268009461447,0.828589244884872,-0.008637556061272755,0.8598445922466996,0.7661042522823674,-0.09374033996433219
lightgbm,900,71c09041,5,0.8040268011716479,0.8032033104728391,-0.000823490698808893,0.7976121967511699,0.8015763210757836,0.003964124324613594,0.887274313049103,0.9585530526473803,0.07127873959827742,0.7207792892941931,0.6478535682982979,-0.07292572099589525,0.8558721967365767,0.8607998260435311,0.004927629306954518,0.8700619412777233,0.8815959879473226,0.011534046669599497
lightgbm,900,71e10186,7,0.9331113558571774,0.9356395172330932,0.002528161375915922,0.9316681312120269,0.9352132454531691,0.003545114241142249,0.9241032414232249,0.9314036898612091,0.007300448437984338,0.9421194702911299,0.9398753446049773,-0.0022441256861525094,0.9362637964581862,0.9394402560748981,0.0031764596167120273,0.9347179085146902,0.9380541118139838,0.003336203299293659
lightgbm,900,71f0603f,6,0.8054670827843763,0.8010548688584481,-0.004412213925928203,0.8094065679966623,0.7994441293675442,-0.0099624386291182,0.7171577595285966,0.7445881009613965,0.027430341432799894,0.893776406040156,0.8575216367554997,-0.0362547692846563,0.8275100072804239,0.8324062679096423,0.004896260629218645,0.8222613492613992,0.8167494870120401,-0.0055118622493591785
lightgbm,900,71f21142,4,0.777452225424317,0.8107046862622425,0.033252460837925296,0.7222220334857776,0.7778097189770672,0.05558768549128937,0.8374249406507471,0.9050177842397956,0.06759284358904849,0.7174795101978871,0.7163915882846891,-0.0010879219131979534,0.7733122595736031,0.7920136440266772,0.018701384453074316,0.7570611495469924,0.8069582688885563,0.049897119341563795
lightgbm,900,8030618f,7,0.7608391155482922,0.7613909736077649,0.000551858059472792,0.6414607269809011,0.6777370581152409,0.03627633113433983,0.8728050993440871,0.9167041374291717,0.04389903808508461,0.6488731317524972,0.6060778097863582,-0.04279532196613904,0.712249265422237,0.7234221403969372,0.011172874974700209,0.668296409747868,0.7290597953177468,0.06076338556987864
lightgbm,900,8191f1d9,6,0.6777457952814115,0.7525074849896901,0.07476168970827847,0.5050129691398902,0.7014445880552219,0.1964316189153319,0.4195429146975674,0.8296941367424132,0.4101512220448457,0.9359486758652555,0.6753208332369668,-0.2606278426282888,0.6701537654325875,0.7138015912558294,0.043647825823242004,0.5388147378772845,0.8191146085178399,0.28029987064055545
lightgbm,900,81e150c1,5,0.7567562420068258,0.760624509897273,0.00386826789044723,0.6913978446886178,0.6877095133782383,-0.0036883313103793667,0.8133411306042884,0.8312358674463937,0.01789473684210525,0.700171353409363,0.6900131523481523,-0.010158201061210704,0.7061752480612743,0.7035610180553893,-0.002614230005885032,0.7383453081810447,0.7310205242128534,-0.007324783968191384
lightgbm,900,81f1f0fe,6,0.7914030763832165,0.7831177254672488,-0.00828535091596766,0.7349608791533976,0.7379918347203652,0.003030955566967678,0.7894221348026984,0.6806681993349195,-0.1087539354677789,0.7933840179637345,0.885567251599578,0.09218323363584364,0.7580485986759088,0.7547195516853002,-0.003329046990608431,0.7694180680398025,0.7876700889217512,0.018252020881948605
lightgbm,900,a02151ac,5,0.7816138650993147,0.7755617975996734,-0.006052067499641334,0.7617668309061914,0.7601627285152144,-0.001604102390977058,0.7167282343187473,0.8227741442641054,0.10604590994535815,0.8464994958798823,0.7283494509352414,-0.11815004494464076,0.7821632639770407,0.7929736909134547,0.010810426936413941,0.7737101193151295,0.781174318295785,0.007464198980655446
lightgbm,900,a1b210fc,7,0.7871967104075378,0.7510907098194605,-0.03610600058807745,0.7738075271091384,0.744624019605127,-0.02918350750401141,0.8444711394164256,0.7445676800957649,-0.09990345932066078,0.7299222813986502,0.757613739543156,0.027691458144505823,0.8010052610015469,0.7961792080093442,-0.004826052992202686,0.8034485093427559,0.7824143148374951,-0.021034194505260975
lightgbm,900,b0700166,6,0.6713302119261667,0.6857155728364107,0.01438536091024382,0.5593576135334598,0.6231777255589845,0.06382011202552484,0.7473648063608399,0.8022224556209827,0.05485764926014283,0.5952956174914936,0.5692086900518384,-0.0260869274396552,0.7065299786506679,0.719987040902707,0.013457062252039131,0.5983432874579507,0.6732909165195395,0.07494762906158876
lightgbm,900,b112005d,7,0.6962369466588866,0.6903802148142982,-0.0058567318445883,0.6605942842444446,0.6334551359299988,-0.0271391483144456,0.7728169042034037,0.8340876703599405,0.06127076615653685,0.6196569891143696,0.5466727592686561,-0.0729842298457134,0.7237955948762694,0.7302771835068996,0.00648158863063015,0.7058176642710595,0.6716201704263989,-0.0341974938446607
lightgbm,900,b1c2f044,7,0.797110414624406,0.826547500182406,0.02943708555799986,0.7709192576093576,0.8203670729008445,0.04944781529148712,0.8802074606524164,0.8609435699512114,-0.019263890701204933,0.7140133685963957,0.7921514304136006,0.07813806181720469,0.8250401233219306,0.8424971010204205,0.017456977698490084,0.803562550672666,0.8546804878782509,0.05111793720558493
lightgbm,900,c060c06a,4,0.763569096159654,0.821854476165373,0.05828538000571898,0.7445198897125244,0.8166231652175179,0.07210327550499357,0.5932995987423424,0.8446294949664048,0.25132989622406254,0.9338385935769657,0.799079457364341,-0.1347591362126246,0.8005640617455825,0.8173988298290589,0.016834768083476392,0.7555966217962735,0.8192622034598454,0.06366558166357184
lightgbm,900,c112918e,6,0.6821250722470583,0.7453317887396174,0.06320671649255888,0.6408274473088875,0.7322862439535895,0.09145879664470204,0.5209817230509558,0.7928576846196272,0.2718759615686714,0.843268421443161,0.6978058928596075,-0.14546252858355363,0.7788783048778822,0.7946994871752254,0.01582118229734301,0.7203736948939264,0.7821777761674062,0.06180408127347988
lightgbm,900,c1a150b1,5,0.7238460732300367,0.7135785370752599,-0.010267536154776912,0.6589512881498714,0.6763707727609113,0.01741948461103997,0.8116877639366123,0.8688508426566262,0.05716307872001379,0.6360043825234609,0.5583062314938931,-0.07769815102956765,0.7820113247863413,0.8119509820110389,0.029939657224697668,0.691740473512321,0.7261164327073691,0.03437595919504801
lightgbm,900,d0724095,7,0.7294341659689262,0.7437522111980455,0.014318045229119216,0.686237708088347,0.7165475966868351,0.030309888598488093,0.6721877521801368,0.6529385771291237,-0.01924917505101309,0.7866805797577158,0.8345658452669672,0.047885265509251526,0.7679233862675111,0.7678810410678544,-4.2345199656528596e-05,0.7185293997876149,0.7462566499510694,0.027727250163454533
lightgbm,900,d0e2d025,7,0.7632437193029264,0.7859648105588921,0.022721091255965727,0.7449552957196833,0.7653481376242529,0.02039284190456958,0.810562588275429,0.871335096944762,0.060772508669332974,0.7159248503304239,0.7005945241730223,-0.015330326157401541,0.7995616333754162,0.790551436236888,-0.009010197138528306,0.7900256669108039,0.797212497798225,0.007186830887421035
lightgbm,900,d111e017,7,0.8705141401726574,0.8699430866436605,-0.0005710535289969375,0.862842619040358,0.8628056996966411,-3.691934371688862e-05,0.8242046980390886,0.8223468032342959,-0.0018578948047926322,0.9168235823062262,0.9175393700530251,0.0007157877467988445,0.8750104798855157,0.8737791776147058,-0.0012313022708099514,0.8639181993426484,0.8638149602644306,-0.00010323907821761593
lightgbm,900,d151b0c4,5,0.7456579301665619,0.7417120408321893,-0.003945889334372588,0.7373313450246723,0.7459835317738431,0.008652186749170832,0.7158721141082784,0.7971992361145571,0.08132712200627887,0.7754437462248456,0.6862248455498214,-0.08921890067502411,0.7853405417682445,0.8001312775195804,0.014790735751335781,0.7650675201130621,0.7785723656353861,0.013504845522323871
lightgbm,900,d18000a3,4,0.7971688272045071,0.8138211978007991,0.01665237059629196,0.7669921413907514,0.8003609553643155,0.033368813973564004,0.737896728673053,0.7926796224935646,0.054782893820511616,0.8564409257359612,0.8349627731080336,-0.021478152627927627,0.8074812030933671,0.820674392277722,0.013193189184354776,0.7794430580131376,0.8125531902042994,0.03311013219116185
lightgbm,900,f0f2a1e1,5,0.8355606788882414,0.8434632161808361,0.00790253729259487,0.8196410240793843,0.8125143215018612,-0.007126702577523214,0.861579928901914,0.9334116630592296,0.07183173415731554,0.8095414288745687,0.7535147693024429,-0.056026659572125784,0.8246022522844196,0.8246529006167563,5.0648332336766797e-05,0.8412882757073084,0.835964904978636,-0.005323370728672283
lightgbm,900,f121f1e0,5,0.6882883594284156,0.7432958224292628,0.055007463000847204,0.6336074656926332,0.694399038749478,0.060791573056844794,0.8769728233680063,0.7771389098558343,-0.09983391351217205,0.4996038954888248,0.7094527350026912,0.20984883951386651,0.7156263336967813,0.7216000219209299,0.005973688224148654,0.6647730017717368,0.7148483506781729,0.050075348906435876
lightgbm,900,f1a0c120,7,0.7267483653635312,0.7483259094045444,0.021577544041013245,0.730001020087038,0.7580759908003704,0.028074970713332252,0.6684013904827527,0.7443153046069934,0.07591391412424071,0.7850953402443095,0.7523365142020955,-0.03275882604221421,0.8070251932434033,0.8116425549436259,0.004617361700222565,0.8236254549525341,0.8167238061162096,-0.006901648836324619
lightgbm,900,f1d06060,6,0.7165404541431036,0.8099867367638467,0.09344628262074316,0.6631223739404842,0.7850186923880789,0.12189631844759459,0.6324347949561274,0.7521391670852533,0.11970437212912587,0.8006461133300796,0.8678343064424401,0.06718819311236046,0.7659882240643042,0.7879255195229589,0.02193729545865471,0.7017835352662137,0.8145318833109984,0.11274834804478456
lightgbm,1200,0001508a,7,0.7443275287394232,0.7776841710595799,0.033356642320156636,0.7061191293564819,0.7725122301374813,0.06639310078099939,0.6432969190590685,0.7432964795704032,0.09999956051133492,0.845358138419778,0.8120718625487563,-0.033286275871021634,0.7946181552727619,0.8157288685448886,0.02111071327212661,0.7465691407383178,0.8113206944802791,0.06475155374196122
lightgbm,1200,0012905a,7,0.7511309734566913,0.7526016388702048,0.001470665413513404,0.7376741043190213,0.7407945921247092,0.00312048780568776,0.8451871721917552,0.8218311486517426,-0.02335602354001271,0.6570747747216277,0.683372129088667,0.026297354367039505,0.7637195997091842,0.7758223366856648,0.012102736976480519,0.7482461561766595,0.7548818736591133,0.006635717482453903
lightgbm,1200,0110f12e,7,0.8183764121412735,0.8163291404805747,-0.002047271660698846,0.8148661472382785,0.8075127697800059,-0.0073533774582726285,0.8214259927633287,0.863012410525295,0.041586417761966366,0.8153268315192183,0.7696458704358543,-0.045680961083363995,0.8190524900309699,0.8083517484088143,-0.010700741622155476,0.8240837301127298,0.8144501136886492,-0.00963361642408064
lightgbm,1200,0182e16c,6,0.7174827469742246,0.8459046743624968,0.12842192738827204,0.661512349617007,0.8205189110100933,0.15900656139308636,0.6833761482913071,0.8577487446052271,0.17437259631392008,0.7515893456571422,0.8340606041197662,0.08247125846262394,0.8035520630554148,0.8126913799153274,0.009139316859912502,0.720895569740697,0.8565187157858514,0.1356231460451542
lightgbm,1200,01c2a0d8,7,0.7844816344238733,0.7887185170654748,0.0042368826416014594,0.7624481128440769,0.7651245972083185,0.002676484364241743,0.7478955275802642,0.8972445449231427,0.14934901734287845,0.8210677412674824,0.6801924892078068,-0.1408752520596755,0.7909924606768204,0.7936608179872415,0.002668357310421175,0.8136702195012747,0.7996276331224825,-0.014042586378792141
lightgbm,1200,1081b177,7,0.7755634481942756,0.8058055950041244,0.030242146809848967,0.7618605525294041,0.7952276783591063,0.03336712582970226,0.5992408486804186,0.7147260261020394,0.11548517742162079,0.9518860477081325,0.8968851639062096,-0.055000883801922806,0.8161059830986567,0.8124565964906622,-0.0036493866079945364,0.7930455600714522,0.8082437427120385,0.01519818264058616
lightgbm,1200,20201194,7,0.7376714249756154,0.789778586261483,0.05210716128586742,0.7070357268261281,0.7767468239153746,0.06971109708924654,0.7184780202077332,0.7752270359126502,0.05674901570491701,0.756864829743498,0.8043301366103159,0.04746530686681784,0.7702646824735785,0.8036614572612307,0.033396774787652114,0.7390739783421292,0.8054715675047904,0.06639758916266135
lightgbm,1200,2162c09e,7,0.7841306580724491,0.8319063091844986,0.04777565111204957,0.7660628840605627,0.8131983177729029,0.04713543371234019,0.6395995676087279,0.7725572180188559,0.13295765041012797,0.9286617485361699,0.8912554003501413,-0.037406348186028775,0.8080198507635659,0.8242668131004528,0.016246962336887032,0.8185349847391494,0.8480862476133506,0.029551262874201338
lightgbm,1200,2182c1cd,7,0.7329682922925842,0.7677221973057738,0.03475390501318963,0.6967566854147346,0.745022199383011,0.04826551396827642,0.5532289373067274,0.6683384912879047,0.11510955398117724,0.912707647278441,0.8671059033236429,-0.04560174395479799,0.7533968063946777,0.7685585941700186,0.01516178777534094,0.7075423351717419,0.7543669068794029,0.046824571707661
lightgbm,1200,219060fa,5,0.7696224509968135,0.7960247901634332,0.02640233916661976,0.7694883883357322,0.8009721896323061,0.03148380129657367,0.8009543466509411,0.8069213126465564,0.005966965995615347,0.7382905553426857,0.78512826768031,0.04683771233762417,0.8362804987868323,0.8239941876519689,-0.01228631113486336,0.8108745349712967,0.8242957407169642,0.013421205745667585
lightgbm,1200,21a031f6,7,0.7723198952312095,0.7711932104501209,-0.0011266847810884606,0.7373022795266183,0.7458712696323363,0.008568990105718053,0.7619642864717106,0.8766046536784227,0.11464036720671197,0.7826755039907084,0.6657817672218195,-0.11689373676888892,0.7617912550863591,0.7814552243263948,0.019663969240035502,0.7528734174683746,0.7711889849362671,0.01831556746789274
lightgbm,1200,30908049,7,0.7304021394397112,0.750688153449226,0.02028601400951467,0.6680920239873872,0.6575117115287844,-0.010580312458602883,0.805668078754078,0.9042805371497548,0.09861245839567677,0.6551362001253447,0.5970957697486973,-0.058040430376647446,0.7368204512800134,0.6963923102579042,-0.040428141022109294,0.7217378774481522,0.6869498128508108,-0.03478806459734142
lightgbm,1200,30c140ca,5,0.8009184336407482,0.72248618029758,-0.07843225334316813,0.7642659573923087,0.6926639779436755,-0.07160197944863325,0.8408459415181493,0.7533958225294527,-0.08745011898869662,0.760990925763347,0.6915765380657073,-0.0694143876976396,0.7777354911972552,0.7732105397498893,-0.004524951447365843,0.7742139272635193,0.7428161152930367,-0.03139781197048266
lightgbm,1200,3110e0c7,3,0.7220968980211175,0.6722557011735587,-0.04984119684755883,0.6964451778394053,0.6403963736873937,-0.05604880415201171,0.6469136840924703,0.48084002747753424,-0.166073656614936,0.7972801119497648,0.8636713748695831,0.06639126291981834,0.7125292679135719,0.6884985787483667,-0.02403068916520512,0.7087369693204701,0.6701067412865939,-0.03863022803387628
lightgbm,1200,40009139,7,0.8019252719583053,0.8060520243963178,0.004126752438012511,0.7874486894833657,0.8049635274396097,0.0175148379562442,0.8079040191209216,0.8164619366699636,0.008557917549042069,0.7959465247956891,0.795642112122672,-0.00030441267301699126,0.811961376981681,0.8273213928001601,0.015360015818479043,0.8049046690866444,0.8340450776608643,0.029140408574220258
lightgbm,1200,41e2010c,7,0.7325864647888599,0.8050873185226092,0.07250085373374925,0.7121150295918428,0.7939041892028929,0.0817891596110502,0.7856611790216654,0.8527324230465209,0.06707124402485547,0.6795117505560544,0.7574422139986973,0.077930463442643,0.8181342742259814,0.8057943425992665,-0.012339931626714937,0.7681034679210558,0.8199368700127875,0.05183340209173167
lightgbm,1200,5001d09a,7,0.7998383522351145,0.7782369323343711,-0.0216014199007433,0.7554405130915302,0.7240127236563165,-0.03142778943521359,0.9421992115821229,0.9349748760350026,-0.007224335547120352,0.6574774928881059,0.6214989886337395,-0.03597850425436629,0.7886291505815911,0.7650687045769704,-0.023560446004620723,0.7788489368066217,0.7462000067892707,-0.03264893001735108
lightgbm,1200,50c02189,7,0.6568495365393102,0.7151953801192017,0.05834584357989144,0.5814915077937117,0.7186476510384363,0.13715614324472467,0.5705684739869455,0.6760143088424106,0.10544583485546517,0.7431305990916751,0.7543764513959929,0.011245852304317659,0.7285773012832576,0.7409475488118137,0.01237024752855612,0.6635865529178092,0.7464168418301478,0.0828302889123385
lightgbm,1200,517001af,5,0.8634057221897622,0.8479654215585903,-0.01544030063117192,0.8564100607658925,0.8041510047302856,-0.05225905603560703,0.7688800405377945,0.9477945227677849,0.17891448222999026,0.9579314038417299,0.7481363203493958,-0.2097950834923341,0.880710687300726,0.8358137100034903,-0.04489697729723587,0.8731539299118186,0.8360070391911917,-0.03714689072062707
lightgbm,1200,6030f0fd,7,0.7632452386226802,0.818763626673513,0.05551838805083266,0.7230241396337982,0.792767474088568,0.0697433344547698,0.8394228539317824,0.8646785438587388,0.025255689926956166,0.6870676233135781,0.7728487094882873,0.08578108617470914,0.7540680647173919,0.7863746292201593,0.032306564502767414,0.7547663064345203,0.8165591642945333,0.06179285786001316
lightgbm,1200,7072a0e0,7,0.7632606572280404,0.7610836623361568,-0.002176994891883594,0.6920746190062831,0.7122981271501423,0.020223508143859363,0.8122556083390763,0.8414376835624698,0.029182075223393538,0.7142657061170042,0.6807296411098436,-0.033536065007160755,0.7390517561356527,0.7504826452591755,0.01143088912352289,0.7285874034399875,0.7539790241404342,0.02539162070044679
lightgbm,1200,7092f07b,6,0.701258462111606,0.7319579358288236,0.030699473717217613,0.6652263975390199,0.7070900340370133,0.04186363649799346,0.82527170631168,0.8098190819700729,-0.015452624341607138,0.577245217911532,0.6540967896875743,0.07685157177604239,0.774818439694991,0.7984988520066731,0.023680412311681998,0.7144204423715527,0.760441124808691,0.04602068243713817
lightgbm,1200,7150e10a,7,0.6979637040182156,0.7083244214810955,0.010360717462879794,0.6334537015904059,0.6552615515010096,0.021807849910603496,0.8796455359192256,0.9109031807149565,0.03125764479573107,0.516281872117206,0.5057456622472344,-0.010536209869971502,0.7656972606570481,0.7696407597697694,0.003943499112721294,0.6801540416296049,0.7056424521393497,0.025488410509744628
lightgbm,1200,71a251fa,5,0.8611116938630667,0.8479937482666335,-0.013117945596433289,0.841257277424367,0.7832569719656892,-0.05800030545867776,0.8432723167220825,0.7660648805179358,-0.07720743620414672,0.878951071004051,0.9299226160153312,0.050971545011280095,0.8474443480250862,0.8338051784760871,-0.013639169548999042,0.8774710495199031,0.7972958625466916,-0.08017518697321149
lightgbm,1200,71c09041,6,0.8262966155839879,0.8088138145277172,-0.017482801056270703,0.819076754846871,0.8112360995797374,-0.007840655267133604,0.895960917439909,0.8911041048513492,-0.004856812588559911,0.7566323137280668,0.7265235242040853,-0.030108789523981525,0.8660972009841842,0.8608904659307822,-0.005206735053401838,0.8812077738875922,0.8819402395637016,0.0007324656761095172
lightgbm,1200,71e10186,7,0.9331113558571774,0.9361686177621938,0.0030572619050164445,0.9316681312120269,0.9358367702180679,0.0041686390060409985,0.9241032414232249,0.9314036898612091,0.007300448437984338,0.9421194702911299,0.9409335456631783,-0.0011859246279514496,0.9362637964581862,0.9399666324838069,0.0037028360256207466,0.9347179085146902,0.938686223065564,0.003968314550873938
lightgbm,1200,71f0603f,7,0.7941556465363268,0.7807030011664838,-0.013452645369842984,0.7973808093261737,0.7770929307964938,-0.02028787852968001,0.7149572775909273,0.7626055162073546,0.047648238616427196,0.8733540154817261,0.7988004861256129,-0.07455352935611312,0.8127949971502694,0.8135325133989847,0.0007375162487152721,0.8090570342905267,0.7931997707757824,-0.015857263514744098
lightgbm,1200,71f21142,4,0.777452225424317,0.8109893653512692,0.0335371399269522,0.7222220334857776,0.7778704602202047,0.055648426734426826,0.8374249406507471,0.907398736620748,0.06997379597000089,0.7174795101978871,0.7145799940817905,-0.002899516116096512,0.7733122595736031,0.7923025160811612,0.018990256507558284,0.7570611495469924,0.8069582688885563,0.049897119341563795
lightgbm,1200,8030618f,7,0.7608391155482922,0.7650106773335806,0.004171561785288594,0.6414607269809011,0.6828368869111899,0.04137615993028889,0.8728050993440871,0.9178030385280728,0.0449979391839857,0.6488731317524972,0.6122183161390887,-0.03665481561340856,0.712249265422237,0.7259626761913119,0.013713410769074952,0.668296409747868,0.7350617389523434,0.06676532920447532
lightgbm,1200,8191f1d9,5,0.6753357706642243,0.7520457837249939,0.07671001306076956,0.5378431200261945,0.7241809127618849,0.18633779273569043,0.42753313029014206,0.7798877337918443,0.3523546035017023,0.9231384110383066,0.7242038336581434,-0.19893457738016315,0.6971508793753742,0.7408076642648267,0.04365678488945264,0.56509620397126,0.8091343464087005,0.24403814243744062
lightgbm,1200,81e150c1,5,0.7567562420068258,0.7579148111220331,0.0011585691152072642,0.6913978446886178,0.6878547191230269,-0.0035431255655908322,0.8133411306042884,0.8220428849902535,0.008701754385964922,0.700171353409363,0.6937867372538127,-0.006384616155550327,0.7061752480612743,0.7027665619252368,-0.003408686136037553,0.7383453081810447,0.7325870639041347,-0.005758244276909852
lightgbm,1200,81f1f0fe,6,0.7914030763832165,0.7780920869521912,-0.01331098943102523,0.7349608791533976,0.7303840905124166,-0.004576788640980896,0.7894221348026984,0.6834861542271778,-0.1059359805755206,0.7933840179637345,0.8726980196772046,0.07931400171347018,0.7580485986759088,0.7518766274051899,-0.006171971270718742,0.7694180680398025,0.7754531487320296,0.006035080692227117
lightgbm,1200,a02151ac,4,0.7946392519372404,0.7787259097099344,-0.01591334222730595,0.7689197763514766,0.7580063886767054,-0.010913387674771097,0.7484743954625367,0.8577719342205291,0.1092975387579925,0.8408041084119442,0.6996798851993398,-0.14112422321260434,0.7889431388824686,0.8021481705744471,0.013205031691978592,0.7801006121068749,0.7847476771683615,0.004647065061486683
lightgbm,1200,a1b210fc,7,0.7871967104075378,0.7690762738628673,-0.01812043654467066,0.7738075271091384,0.7666698841694679,-0.007137642939670357,0.8444711394164256,0.7838537849669429,-0.06061735444948265,0.7299222813986502,0.7542987627587915,0.02437648136014131,0.8010052610015469,0.8063220930982319,0.0053168320966851135,0.8034485093427559,0.7988923929734754,-0.004556116369280582
lightgbm,1200,b0700166,6,0.6713302119261667,0.6959608081144314,0.024630596188264815,0.5593576135334598,0.6264670250737304,0.06710941154027074,0.7473648063608399,0.8398423962227901,0.09247758986195025,0.5952956174914936,0.552079220006073,-0.04321639748542063,0.7065299786506679,0.7192605426133792,0.012730563962711253,0.5983432874579507,0.6718111460643644,0.07346785860641372
lightgbm,1200,b112005d,7,0.6962369466588866,0.6920020448353205,-0.004234901823566228,0.6605942842444446,0.6408369020071872,-0.01975738223725729,0.7728169042034037,0.8208742493983356,0.048057345194931864,0.6196569891143696,0.5631298402723053,-0.05652714884206433,0.7237955948762694,0.7291213879404175,0.005325793064147885,0.7058176642710595,0.6824570906580129,-0.023360573613046585
lightgbm,1200,b1c2f044,7,0.797110414624406,0.8241065990228236,0.02699618439841746,0.7709192576093576,0.8213674487587362,0.050448191149378895,0.8802074606524164,0.8495555843727167,-0.030651876279699737,0.7140133685963957,0.7986576136729305,0.08464424507653463,0.8250401233219306,0.8464770571515474,0.021436933829616978,0.803562550672666,0.8572354868361275,0.05367293616346158
lightgbm,1200,c060c06a,5,0.7830774991499455,0.847367231118913,0.06428973196896756,0.7455062969876831,0.8333161434541314,0.08780984646644822,0.6190841234383184,0.843811721048327,0.2247275976100087,0.9470708748615726,0.8509227411894991,-0.09614813367207349,0.7897266117153066,0.8297905156428003,0.040063903927493684,0.7607272974370188,0.8410419899600511,0.08031469252303221
lightgbm,1200,c112918e,6,0.6821250722470583,0.7471077345888993,0.06498266234184104,0.6408274473088875,0.7338976718004071,0.09307022449151958,0.5209817230509558,0.7833062252216552,0.26232450217069947,0.843268421443161,0.7109092439561437,-0.13235917748701745,0.7788783048778822,0.7924981357385334,0.013619830860651327,0.7203736948939264,0.7839576008591312,0.06358390596520473
lightgbm,1200,c1a150b1,5,0.7238460732300367,0.7489292222027701,0.025083148972733383,0.6589512881498714,0.7266431580015148,0.06769186985164359,0.8116877639366123,0.8736647549882092,0.06197699105159667,0.6360043825234609,0.6241936894173309,-0.011810693106129921,0.7820113247863413,0.8204117512211496,0.03840042643480841,0.691740473512321,0.7681181131824238,0.07637763967010269
lightgbm,1200,d0724095,7,0.7294341659689262,0.7413911636329313,0.01195699766400509,0.686237708088347,0.7136157629015373,0.027378054813190063,0.6721877521801368,0.6479918256623725,-0.02419592651776439,0.7866805797577158,0.8347905016034903,0.04810992184577458,0.7679233862675111,0.7657817858882179,-0.002141600379293166,0.7185293997876149,0.7450189654813232,0.026489565693708212
lightgbm,1200,d0e2d025,7,0.7632437193029264,0.7916458634783794,0.028402144175452948,0.7449552957196833,0.7775749152909077,0.03261961957122449,0.810562588275429,0.85168071560552,0.04111812733009103,0.7159248503304239,0.7316110113512388,0.01568616102081489,0.7995616333754162,0.8003943995098609,0.0008327661344447337,0.7900256669108039,0.8109973387262267,0.020971671815422747
lightgbm,1200,d111e017,7,0.8705141401726574,0.8722809418637212,0.0017668016910638018,0.862842619040358,0.8651782120786692,0.002335593038311085,0.8242046980390886,0.8284334484186855,0.004228750379596905,0.9168235823062262,0.916128435308757,-0.0006951469974692458,0.8750104798855157,0.8756983507202947,0.0006878708347789157,0.8639181993426484,0.8661248394399815,0.0022066400973332107
lightgbm,1200,d151b0c4,5,0.7456579301665619,0.7486409842923354,0.00298305412577351,0.7373313450246723,0.7515968771074206,0.014265532082748366,0.7158721141082784,0.7818969999692298,0.06602488586095141,0.7754437462248456,0.7153849686154411,-0.06005877760940441,0.7853405417682445,0.8015833272622963,0.01624278549405178,0.7650675201130621,0.7821608188837997,0.01709329877073764
lightgbm,1200,d18000a3,7,0.8219271315807523,0.8291029164609247,0.007175784880172327,0.7598527680180306,0.7771694552653026,0.017316687247271947,0.7893801412523266,0.8129762586434206,0.02359611739109393,0.8544741219091783,0.845229574278429,-0.009244547630749287,0.7711785245089284,0.7771095655375447,0.005931041028616143,0.8106197553174024,0.8321065799786223,0.02148682466122
lightgbm,1200,f0f2a1e1,7,0.8173696879850961,0.811326096047579,-0.006043591937517166,0.7950120679577884,0.7834330389839966,-0.011579028973791785,0.8221389456642724,0.8142696074821835,-0.007869338182088776,0.8126004303059198,0.8083825846129743,-0.004217845692945492,0.7963970229486774,0.7888254806635461,-0.0075715422851313175,0.8353559574404651,0.8241519097551457,-0.011204047685319305
lightgbm,1200,f121f1e0,6,0.6891805692731979,0.7460654807315635,0.05688491145836553,0.6400581927366925,0.7069040158031837,0.06684582306649123,0.8974773528066718,0.807927874342596,-0.08954947846407586,0.4808837857397239,0.6842030871205309,0.203319301380807,0.7336753223774396,0.7428733928848299,0.009198070507390355,0.6726369217663025,0.7286281822037369,0.055991260437434354
lightgbm,1200,f1a0c120,7,0.7267483653635312,0.7500097215882384,0.023261356224707326,0.730001020087038,0.7472907730497889,0.01728975296275091,0.6684013904827527,0.7944324034607346,0.12603101297798194,0.7850953402443095,0.7055870397157423,-0.07950830052856726,0.8070251932434033,0.8120432477591522,0.005018054515748945,0.8236254549525341,0.7913048847710675,-0.03232057018146669
lightgbm,1200,f1d06060,7,0.7328484181986096,0.8184921779751619,0.08564375977655259,0.6795873237276682,0.7937198969815639,0.11413257325389561,0.6722858821142937,0.7908304157269015,0.11854453361260778,0.7934109542829254,0.8461539402234229,0.052742985940497436,0.7669597597097668,0.7926054478760288,0.025645688166262115,0.715200019475495,0.8222111785196654,0.10701115904417025
lightgbm,1800,0001508a,7,0.7443275287394232,0.7827042736926082,0.038376744953185056,0.7061191293564819,0.7774497851850597,0.0713306558285778,0.6432969190590685,0.7382488315133128,0.0949519124542443,0.845358138419778,0.8271597158719037,-0.018198422547874182,0.7946181552727619,0.8157197564838395,0.021101601211077452,0.7465691407383178,0.8113735458094901,0.06480440507117215
lightgbm,1800,0012905a,7,0.7511309734566913,0.7522336464702438,0.0011026730135523482,0.7376741043190213,0.7420970394756355,0.004422935156614198,0.8451871721917552,0.7814619961478002,-0.06372517604395504,0.6570747747216277,0.7230052967926872,0.06593052207105968,0.7637195997091842,0.775953675016084,0.012234075306899747,0.7482461561766595,0.7576887642758273,0.00944260809916786
lightgbm,1800,0110f12e,7,0.8183764121412735,0.8221343590866194,0.0037579469453457976,0.8148661472382785,0.8164206142229283,0.0015544669846499096,0.8214259927633287,0.8515397183849581,0.030113725621629332,0.8153268315192183,0.7927289997882806,-0.022597831730937705,0.8190524900309699,0.8174446135667227,-0.0016078764642470458,0.8240837301127298,0.8245252982192,0.0004415681064700821
lightgbm,1800,0182e16c,7,0.714197188031225,0.8167179272718704,0.10252073924064538,0.6651291120759613,0.7880993132807551,0.12297020120479381,0.6787742400636452,0.8600537617032721,0.18127952163962696,0.749620135998805,0.7733820928404687,0.023761956841663854,0.7864004161166287,0.788050531013098,0.001650114896469268,0.7190533454920262,0.8188867252722808,0.09983337978025494
lightgbm,1800,01c2a0d8,7,0.7844816344238733,0.7900183572786147,0.005536722854741446,0.7624481128440769,0.7693635845468665,0.006915471702789754,0.7478955275802642,0.884705695925179,0.1368101683449147,0.8210677412674824,0.6953310186320506,-0.12573672263543176,0.7909924606768204,0.7946971855914912,0.0037047249146707445,0.8136702195012747,0.8054095139043633,-0.008260705596911357
lightgbm,1800,1081b177,7,0.7755634481942756,0.8018107548253476,0.02624730663107203,0.7618605525294041,0.7916068309042924,0.029746278374888333,0.5992408486804186,0.6964455591968622,0.09720471051644375,0.9518860477081325,0.9071759504538327,-0.04471009725429964,0.8161059830986567,0.8110885672193856,-0.005017415879270991,0.7930455600714522,0.8063980443895844,0.01335248431813209
lightgbm,1800,20201194,7,0.7376714249756154,0.787485465748612,0.04981404077299645,0.7070357268261281,0.7829722323537686,0.0759365055276405,0.7184780202077332,0.7931054585626589,0.07462743835492573,0.756864829743498,0.781865472934565,0.025000643191067127,0.7702646824735785,0.8025969448945226,0.03233226242094413,0.7390739783421292,0.8184094765901955,0.07933549824806634
lightgbm,1800,2162c09e,7,0.7841306580724491,0.8281655766965826,0.04403491862413363,0.7660628840605627,0.8058205382948213,0.0397576542342587,0.6395995676087279,0.7522939118243757,0.11269434421564768,0.9286617485361699,0.9040372415687895,-0.024624506967380437,0.8080198507635659,0.8200284263829615,0.012008575619395485,0.8185349847391494,0.840347612365456,0.021812627626306647
lightgbm,1800,2182c1cd,7,0.7329682922925842,0.7640616093305068,0.03109331703792268,0.6967566854147346,0.740061051980083,0.04330436656534842,0.5532289373067274,0.6710172975380017,0.11778836023127433,0.912707647278441,0.8571059211230122,-0.055601726155428924,0.7533968063946777,0.7664443919040104,0.013047585509332651,0.7075423351717419,0.7488305692353076,0.041288234063565646
lightgbm,1800,219060fa,5,0.7696224509968135,0.7972233932314845,0.027600942234671022,0.7694883883357322,0.7992285788591141,0.02974019052338177,0.8009543466509411,0.8393710644771131,0.038416717826172134,0.7382905553426857,0.7550757219858557,0.01678516664316997,0.8362804987868323,0.8205073194417618,-0.015773179345070276,0.8108745349712967,0.8195453391222193,0.00867080415092274
lightgbm,1800,21a031f6,7,0.7723198952312095,0.7832324143604527,0.01091251912924315,0.7373022795266183,0.763889011299401,0.026586731772782608,0.7619642864717106,0.8622368299311182,0.10027254345940775,0.7826755039907084,0.7042279987897867,-0.07844750520092154,0.7617912550863591,0.777354018847788,0.015562763761428717,0.7528734174683746,0.7853409569873093,0.032467539518934725
lightgbm,1800,30908049,7,0.7304021394397112,0.746456682100734,0.01605454266102267,0.6680920239873872,0.6533850124710746,-0.014707011516312771,0.805668078754078,0.9089901132879022,0.10332203453382434,0.6551362001253447,0.5839232509135657,-0.071212949211779,0.7368204512800134,0.6940993456283094,-0.04272110565170401,0.7217378774481522,0.6849568165973706,-0.0367810608507817
lightgbm,1800,30c140ca,6,0.7856353377266281,0.7497595102209308,-0.035875827505697566,0.7198713896143635,0.7119900020786609,-0.00788138753570263,0.7704449039838006,0.7952479629668102,0.02480305898300954,0.8008257714694557,0.7042710574750511,-0.09655471399440467,0.7526583638765004,0.7695948295904911,0.016936465713990583,0.7309770892876468,0.7613637877757506,0.030386698488103842
lightgbm,1800,3110e0c7,5,0.6242312335521845,0.6005365635003208,-0.0236946700518637,0.5811365655752946,0.5333617974563913,-0.04777476811890329,0.5037037660110377,0.4711179524563887,-0.03258581355464898,0.7447587010933312,0.7299551745442526,-0.01480352654907846,0.5937389150264281,0.5779699797180089,-0.015768935308419142,0.5965600539562607,0.5652239285832433,-0.031336125373017346
lightgbm,1800,40009139,7,0.8019252719583053,0.8027900966166532,0.000864824658347918,0.7874486894833657,0.8000445578605894,0.012595868377223898,0.8079040191209216,0.8188128770461142,0.010908857925192536,0.7959465247956891,0.7867673161871923,-0.009179208608496652,0.811961376981681,0.8116946338039577,-0.0002667431777233815,0.8049046690866444,0.8260763651665249,0.021171696079880706
lightgbm,1800,41e2010c,7,0.7325864647888599,0.810812639540871,0.07822617475201109,0.7121150295918428,0.7990048995109162,0.0868898699190735,0.7856611790216654,0.850600226884474,0.06493904786280857,0.6795117505560544,0.7710250521972679,0.09151330164121359,0.8181342742259814,0.8082434190211855,-0.00989085520479595,0.7681034679210558,0.8240883391993262,0.05598487127827031
lightgbm,1800,5001d09a,7,0.7998383522351145,0.7963347800393772,-0.003503572195737143,0.7554405130915302,0.7498841636588847,-0.005556349432645507,0.9421992115821229,0.9290611865770094,-0.013138025005113598,0.6574774928881059,0.6636083735017451,0.006130880613639248,0.7886291505815911,0.7739311197816285,-0.014698030799962633,0.7788489368066217,0.7700691384735798,-0.008779798333041908
lightgbm,1800,50c02189,7,0.6568495365393102,0.7137024744308096,0.05685293789149924,0.5814915077937117,0.7159710968006345,0.13447958900692297,0.5705684739869455,0.6609360256090548,0.09036755162210926,0.7431305990916751,0.7664689232525642,0.023338324160889132,0.7285773012832576,0.7370328833021155,0.008455582018857877,0.6635865529178092,0.7451112354979327,0.08152468258012333
lightgbm,1800,517001af,5,0.8634057221897622,0.8471841715585903,-0.01622155063117192,0.8564100607658925,0.8029919705592032,-0.053418090206689396,0.7688800405377945,0.9477945227677849,0.17891448222999026,0.9579314038417299,0.7465738203493959,-0.2113575834923341,0.880710687300726,0.8354743219183696,-0.045236365382356425,0.8731539299118186,0.8352038263397861,-0.03795010357203268
lightgbm,1800,6030f0fd,7,0.7632452386226802,0.8208153021339308,0.05757006351125048,0.7230241396337982,0.8019324024004887,0.07890826276669051,0.8394228539317824,0.8520973750275699,0.012674521095787325,0.6870676233135781,0.7895332292402916,0.10246560592671358,0.7540680647173919,0.7945286568132913,0.04046059209589935,0.7547663064345203,0.8274360821421689,0.0726697757076488
lightgbm,1800,7072a0e0,7,0.7632606572280404,0.7773198179217408,0.014059160693700359,0.6920746190062831,0.731525583626478,0.03945096462019493,0.8122556083390763,0.8389713919073442,0.026715783568267933,0.7142657061170042,0.7156682439361369,0.0014025378191327193,0.7390517561356527,0.7485094094910686,0.009457653355415834,0.7285874034399875,0.7672656812248082,0.03867827778482064
lightgbm,1800,7092f07b,7,0.6816180404105311,0.7305354554674751,0.04891741505694406,0.6066771387722518,0.7131238259294096,0.1064466871571578,0.8502328911242971,0.7643613738495046,-0.0858715172747923,0.5130031896967651,0.6967095370854457,0.1837063473886805,0.747405352491177,0.7943116349500015,0.04690628245882443,0.6490063419085359,0.7791352487894131,0.1301289068808773
lightgbm,1800,7150e10a,7,0.6979637040182156,0.7249720543562371,0.02700835033802142,0.6334537015904059,0.6773741347573562,0.04392043316695031,0.8796455359192256,0.8964776704648465,0.01683213454562111,0.516281872117206,0.5534664382476276,0.037184566130421724,0.7656972606570481,0.7711207778500585,0.005423517193010295,0.6801540416296049,0.7200732457524988,0.03991920412289381
lightgbm,1800,71c09041,6,0.8262966155839879,0.8102816083166777,-0.0160150072673102,0.819076754846871,0.8116828099724697,-0.0073939448744013885,0.895960917439909,0.8798585483842997,-0.01610236905560941,0.7566323137280668,0.7407046682490558,-0.015927645479011057,0.8660972009841842,0.8596343970238718,-0.006462803960312384,0.8812077738875922,0.8813284702637697,0.00012069637617767581
lightgbm,1800,71e10186,7,0.9331113558571774,0.9361555195801718,0.0030441637229945734,0.9316681312120269,0.9357816274083628,0.004113496196335846,0.9241032414232249,0.9300273749056674,0.005924133482442711,0.9421194702911299,0.9422836642546762,0.00016419396354643606,0.9362637964581862,0.9398162044087703,0.003552407950584202,0.9347179085146902,0.9386613308563729,0.003943422341682831
lightgbm,1800,71f0603f,7,0.7941556465363268,0.7975404989641588,0.0033848524278320097,0.7973808093261737,0.798061386162493,0.0006805768363193751,0.7149572775909273,0.7669776481169341,0.0520203705260068,0.8733540154817261,0.8281033498113836,-0.0452506656703427,0.8127949971502694,0.8197594348236351,0.006964437673365694,0.8090570342905267,0.8102126574845298,0.0011556231940032763
lightgbm,1800,71f21142,6,0.7650367252980458,0.7932726165612328,0.028235891263187058,0.7242372710887649,0.7767103494496043,0.05247307836083929,0.879905872888563,0.8536551970299199,-0.02625067585864299,0.6501675777075284,0.7328900360925455,0.0827224583850171,0.7982603467866681,0.7863410446972869,-0.011919302089381098,0.7684318828395501,0.8062194084378723,0.037787525598322214
lightgbm,1800,8030618f,7,0.7608391155482922,0.7639376745740423,0.0030985590257500534,0.6414607269809011,0.6795694650246642,0.03810873804376313,0.8728050993440871,0.9245277952528295,0.051722695908742414,0.6488731317524972,0.603347553895255,-0.04552557785724233,0.712249265422237,0.7243852444259212,0.012135979003684303,0.668296409747868,0.733823228983501,0.06552681923563303
lightgbm,1800,8191f1d9,6,0.6777457952814115,0.7561277448505473,0.07838194956913597,0.5050129691398902,0.6988377054326378,0.19382473629274766,0.4195429146975674,0.7823495246391832,0.3628066099416157,0.9359486758652555,0.7299059650619117,-0.2060427108033438,0.6701537654325875,0.7088465275867311,0.03869276215414358,0.5388147378772845,0.8056068986300021,0.26679216075271756
lightgbm,1800,81e150c1,6,0.767508856643115,0.7754341767993477,0.007925320156232632,0.7021495388265576,0.7156608202078342,0.013511281381276432,0.837506497725796,0.8237784275503574,-0.01372807017543859,0.697511215560434,0.7270899260483379,0.029578710487903875,0.71647734086407,0.726262704711908,0.009785363847837977,0.7428597732784427,0.7565378239179319,0.013678050639489367
lightgbm,1800,81f1f0fe,7,0.7964731302063367,0.7722686580501248,-0.02420447215621197,0.747043249272355,0.7333445188378985,-0.013698730434456272,0.8007076944925385,0.6590308087602412,-0.14167688573229742,0.7922385659201348,0.8855065073400082,0.09326794141987346,0.766863281895846,0.7578020358604078,-0.009061246035438104,0.7767480999364774,0.7796147811541221,0.002866681217644678
lightgbm,1800,a02151ac,6,0.7289208707968694,0.7418323072148735,0.012911436418004149,0.6880847315733153,0.7141481722089463,0.026063440635631003,0.6394155737097155,0.743908038019299,0.10449246430958344,0.8184261678840232,0.7397565764104481,-0.07866959147357512,0.7522731650192614,0.7292489550969067,-0.023024209922354932,0.7405498247999667,0.7329624369995797,-0.007587387800386776
lightgbm,1800,a1b210fc,7,0.7871967104075378,0.7878581442993872,0.0006614338918492184,0.7738075271091384,0.7932533921068868,0.019445864997748523,0.8444711394164256,0.7828491226373387,-0.061622016779086866,0.7299222813986502,0.7928671659614354,0.06294488456278527,0.8010052610015469,0.8096857930142244,0.008680532012677489,0.8034485093427559,0.8189747509146343,0.015526241571878383
lightgbm,1800,b0700166,7,0.671482156278689,0.7090506920181419,0.037568535739452895,0.5701833404293039,0.6456063590593111,0.07542301863000732,0.7732514666766382,0.8370406346341983,0.06378916795756,0.5697128458807398,0.5810607494020854,0.011347903521345784,0.708791489953276,0.7151043000020783,0.006312810048802163,0.6055753251957319,0.6725354707577419,0.06696014556200998
lightgbm,1800,b112005d,7,0.6962369466588866,0.7052084409076522,0.008971494248765468,0.6605942842444446,0.6622337723494078,0.0016394881049633778,0.7728169042034037,0.835026055303641,0.062209151100237337,0.6196569891143696,0.5753908265116632,-0.044266162602706424,0.7237955948762694,0.7312559518873807,0.007460357011111236,0.7058176642710595,0.700254370035416,-0.0055632942356434855
lightgbm,1800,b1c2f044,7,0.797110414624406,0.8298974809712842,0.03278706634687821,0.7709192576093576,0.8223207314013987,0.05140147379204125,0.8802074606524164,0.8766703680700362,-0.003537092582380235,0.7140133685963957,0.7831245938725324,0.06911122527613665,0.8250401233219306,0.8431114426268488,0.01807131930491839,0.803562550672666,0.856089628422958,0.05252707775029202
lightgbm,1800,c060c06a,7,0.7414457308672261,0.787609087123945,0.046163356256718906,0.69590882785346,0.7464353514188387,0.05052652356537869,0.577840836833329,0.7235906461602432,0.1457498093269141,0.9050506249011232,0.8516275280876472,-0.053423096813476234,0.7802012881392751,0.7457262748227287,-0.03447501331654655,0.7905588861408187,0.8329268854495008,0.042367999308682215
lightgbm,1800,c112918e,7,0.6668281312142674,0.762806983638634,0.09597885242436661,0.6095437908547648,0.7529423339078837,0.1433985430531188,0.4696118204812894,0.7863835174189341,0.3167716969376447,0.8640444419472455,0.739230449858334,-0.12481399208891146,0.7647522201575183,0.7815968458327254,0.01684462567520704,0.6829514313231627,0.7907648564272013,0.10781342510403866
lightgbm,1800,c1a150b1,5,0.7238460732300367,0.7802424480972572,0.05639637486722042,0.6589512881498714,0.7645891360055106,0.10563784785563941,0.8116877639366123,0.8734746090733305,0.061786845136717936,0.6360043825234609,0.6870102871211838,0.05100590459772288,0.7820113247863413,0.8253188497735584,0.04330752498721711,0.691740473512321,0.7981710788754904,0.10643060536316937
lightgbm,1800,d0724095,7,0.7294341659689262,0.7428814595858633,0.013447293616936877,0.686237708088347,0.7198420193144901,0.03360431122614301,0.6721877521801368,0.6655064129845842,-0.006681339195552495,0.7866805797577158,0.820256506187142,0.033575926429426216,0.7679233862675111,0.770879470033294,0.0029560837657831734,0.7185293997876149,0.7529508287217116,0.03442142893409667
lightgbm,1800,d0e2d025,7,0.7632437193029264,0.7913628606876959,0.028119141384769546,0.7449552957196833,0.7851923188261091,0.04023702310642585,0.810562588275429,0.8161817383384128,0.0056191500629837465,0.7159248503304239,0.7665439830369792,0.05061913270655538,0.7995616333754162,0.808125865089203,0.008564231713786905,0.7900256669108039,0.8215721816906558,0.031546514779851834
lightgbm,1800,d111e017,7,0.8705141401726574,0.8725857501687446,0.00207160999608729,0.862842619040358,0.8651103411075848,0.0022677220672267756,0.8242046980390886,0.8260060329854946,0.0018013349464060682,0.9168235823062262,0.9191654673519948,0.0023418850457685675,0.8750104798855157,0.8760756654699858,0.0010651855844699806,0.8639181993426484,0.8660331859898498,0.002114986647201381
lightgbm,1800,d151b0c4,6,0.7621263402729013,0.7646292262796092,0.002502886006707968,0.7556532056979836,0.7652447910626535,0.00959158536467003,0.7458656506457876,0.7779569695216265,0.03209131887583908,0.778387029900015,0.7513014830375918,-0.02708554686242314,0.7963952015040957,0.8017898241458176,0.005394622641721858,0.7794949413405092,0.7904131365933375,0.010918195252828167
lightgbm,1800,d18000a3,7,0.8219271315807523,0.8392336909514765,0.01730655937072407,0.7598527680180306,0.7828095932066307,0.022956825188600125,0.7893801412523266,0.8384829315397122,0.04910279028738568,0.8544741219091783,0.8399844503632407,-0.014489671545937546,0.7711785245089284,0.7777784180566633,0.00659989354773473,0.8106197553174024,0.8342276661622086,0.02360791084480637
lightgbm,1800,f0f2a1e1,7,0.8173696879850961,0.8144112799029853,-0.002958408082110675,0.7950120679577884,0.7932690399317808,-0.0017430280260077075,0.8221389456642724,0.8178022238455939,-0.004336721818678517,0.8126004303059198,0.8110203359603768,-0.001580094345542785,0.7963970229486774,0.7972755912313859,0.0008785682827085393,0.8353559574404651,0.8354805772965677,0.0001246198561026495
lightgbm,1800,f121f1e0,6,0.6891805692731979,0.746162810209555,0.0569822409363572,0.6400581927366925,0.7080172131581274,0.06795902042143485,0.8974773528066718,0.7998523407818116,-0.09762501202486036,0.4808837857397239,0.6924732796372988,0.21158949389757484,0.7336753223774396,0.7454908326406339,0.01181551026319431,0.6726369217663025,0.7322141832321033,0.05957726146580089
lightgbm,1800,f1a0c120,7,0.7267483653635312,0.7533444842556616,0.026596118892130507,0.730001020087038,0.7380438455750272,0.008042825487989291,0.6684013904827527,0.8327635253831878,0.16436213490043514,0.7850953402443095,0.6739254431281355,-0.11116989711617413,0.8070251932434033,0.8177702684631752,0.01074507521977178,0.8236254549525341,0.7779362990106254,-0.0456891559419087
lightgbm,1800,f1d06060,7,0.7328484181986096,0.8139371889785239,0.08108877077991426,0.6795873237276682,0.7867219828726503,0.10713465914498232,0.6722858821142937,0.7769946086595947,0.10470872654530093,0.7934109542829254,0.8508797692974531,0.05746881501452767,0.7669597597097668,0.7910807184613544,0.024120958751587675,0.715200019475495,0.8154748501600576,0.10027483068456247
xgboost,900,0001508a,7,0.6989108959962244,0.733644240157284,0.03473334416105954,0.6434422855933809,0.7113351880888634,0.06789290249548253,0.5863788153820754,0.6748112193610866,0.08843240397901123,0.8114429766103735,0.7924772609534811,-0.01896571565689214,0.758970149798299,0.801075199256897,0.04210504945859787,0.6923329760256983,0.7589253241405611,0.0665923481148628
xgboost,900,0012905a,7,0.7466041533155469,0.7465209007654777,-8.325255006910329e-05,0.7330085583110757,0.7355246490666622,0.0025160907555864054,0.8502359441599531,0.8176481536024564,-0.032587790557496735,0.6429723624711408,0.6753936479284993,0.03242128545735851,0.7612942874080332,0.7640489728121865,0.002754685404153388,0.7439864665147301,0.7474646302208668,0.003478163706136802
xgboost,900,0110f12e,7,0.805086165795274,0.808069568263086,0.0029834024678118292,0.8006284458330557,0.8016347268097209,0.0010062809766651398,0.8078188959739884,0.8268620606828473,0.019043164708858935,0.8023534356165599,0.7892770758433247,-0.013076359773235244,0.8029032308047407,0.8018568013644247,-0.0010464294403159974,0.8094245528216459,0.8095035480474687,7.899522582272793e-05
xgboost,900,0182e16c,6,0.7073840195488965,0.8495411588064165,0.14215713925752008,0.6481259112691462,0.8238012005012093,0.17567528923206308,0.67527462100268,0.9000522049594394,0.2247775839567594,0.739493418095113,0.7990301126533937,0.059536694558280735,0.7973411436382234,0.8261420064378888,0.028800862799665483,0.7181177924246481,0.8501079399519885,0.13199014752734034
xgboost,900,01c2a0d8,7,0.7785837446970872,0.78935473716633,0.010770992469242655,0.75501049808159,0.7655643169403703,0.010553818858780293,0.7360098033098407,0.869013363995616,0.13300356068577537,0.8211576860843339,0.7096961103370438,-0.11146157574729003,0.7878106139124217,0.7888650124999044,0.0010543985874824319,0.8079384878550734,0.8011305621540179,-0.006807925701055468
xgboost,900,1081b177,6,0.8258336649338066,0.84398277642314,0.018149111489333365,0.810089123901392,0.8349560352751819,0.024866911373789952,0.6822802556230964,0.7440872071990556,0.06180695157595931,0.9693870742445169,0.9438783456472244,-0.02550872859729253,0.8598162699575166,0.8585662341471023,-0.0012500358104142923,0.8254978603082413,0.8432679094188522,0.01777004911061077
xgboost,900,20201194,7,0.7244371468929784,0.7758657797293391,0.05142863283636071,0.6953403659877957,0.7644704132809081,0.06913004729311263,0.6934263262379717,0.7750978333838876,0.08167150714591585,0.755447967547985,0.7766337260747908,0.021185758526805598,0.7599693601625152,0.7833532465824831,0.02338388641996774,0.7289618424341759,0.7941189211989285,0.06515707876475255
xgboost,900,2162c09e,6,0.827324519326984,0.8338983180546485,0.006573798727664633,0.8250708776215322,0.8325265755940815,0.007455697972549395,0.7357246259782143,0.7739259975726834,0.03820137159446919,0.9189244126757538,0.8938706385366139,-0.02505377413913999,0.8371787906988444,0.8404546482506726,0.0032758575518281687,0.8721771479243955,0.8741462346345994,0.0019690867102039045
xgboost,900,2182c1cd,7,0.7032923952240984,0.7384814789239394,0.03518908369984107,0.6687051790130958,0.7204341728697596,0.05172899385666401,0.5085601599108837,0.6262890190145859,0.117728859103702,0.8980246305373129,0.850673938833293,-0.04735069170401986,0.7254853407950037,0.7426292701926321,0.017143929397628686,0.6841869584730222,0.7318401795145443,0.047653221041522
xgboost,900,219060fa,4,0.7577854458782588,0.7830209968836139,0.025235551005355045,0.7516091660729682,0.7849092809140251,0.03330011484105677,0.8426274018379282,0.8461051571715358,0.0034777553336076406,0.6729434899185894,0.719936836595692,0.04699334667710246,0.8318390170237154,0.8289980398652448,-0.002840977158470509,0.8011271089207324,0.8184692875968197,0.01734217867608731
xgboost,900,21a031f6,7,0.7766322653677518,0.7700484259200574,-0.00658383944769433,0.7414426492624003,0.7515477886045635,0.010105139342163236,0.7494046624266691,0.8707346314347445,0.12132996900807548,0.8038598683088342,0.6693622204053701,-0.13449764790346416,0.7648524735703852,0.7789267318205152,0.014074258250129947,0.7574242503444328,0.7780448593805421,0.0206206090361092
xgboost,900,30908049,7,0.7238340196944162,0.7469802315308788,0.02314621183646234,0.6616190110905379,0.674519201902125,0.012900190811586982,0.8067147149559372,0.834971729135356,0.028257014179418918,0.6409533244328954,0.6589887339264012,0.018035409493505777,0.7205473394929703,0.6963287344852688,-0.024218605007701472,0.7190586377110622,0.7138926693710813,-0.005165968339980842
xgboost,900,30c140ca,5,0.8008024741785154,0.7318496969436741,-0.06895277723484121,0.7630544013839528,0.6890863429234922,-0.07396805846046053,0.8375863178653903,0.7580990537096544,-0.079487264155736,0.7640186304916404,0.7056003401776939,-0.0584182903139465,0.7752304316022719,0.7646229977698054,-0.01060743383246654,0.773534720074544,0.7344958719540087,-0.03903884812053553
xgboost,900,3110e0c7,3,0.7447098422352157,0.7276265624706232,-0.01708327976459249,0.7159688372281464,0.6999202085914416,-0.016048628636704736,0.666948451584865,0.6108311954129341,-0.05611725617193084,0.8224712328855667,0.8444219295283125,0.021950696642745886,0.7396300720601109,0.7339174309449931,-0.0057126411151178225,0.7293291365492248,0.7183126434641256,-0.011016493085099222
xgboost,900,40009139,5,0.8245469196501899,0.8201843330606431,-0.004362586589546802,0.8222000311976434,0.8218047248796492,-0.00039530631799409297,0.7825023754099738,0.8363059884714474,0.05380361306147352,0.8665914638904061,0.8040626776498389,-0.06252878624056717,0.8414261106666044,0.8348501755563668,-0.00657593511023753,0.8428176575359982,0.8451975041852835,0.0023798466492852997
xgboost,900,41e2010c,7,0.75022272314652,0.7797602031939752,0.029537480047455315,0.7343209641791255,0.7731237390062197,0.03880277482709422,0.8223120984450338,0.8379374992290407,0.015625400784006743,0.6781333478480059,0.7215829071589097,0.04344955931090384,0.8239393882789364,0.8114140396031936,-0.012525348675742953,0.7759503427683955,0.8066740181122495,0.030723675343853975
xgboost,900,5001d09a,6,0.7872203477781009,0.787494968990222,0.0002746212121211844,0.741328144955117,0.7433395198937118,0.002011374938594953,0.9430080072880705,0.9302239163789796,-0.01278409090909092,0.6314326882681313,0.6447660216014647,0.013333333333333327,0.7807577600858017,0.7773060360261096,-0.0034517240596919816,0.7708297221820984,0.7730092093615855,0.002179487179487164
xgboost,900,50c02189,7,0.6530803185020024,0.7273789691831963,0.07429865068119387,0.5838332684962012,0.7114644350096596,0.12763116651345843,0.5987242604201636,0.784534615287584,0.18581035486742037,0.7074363765838412,0.6702233230788085,-0.03721305350503266,0.7106632847458093,0.7276785000856787,0.01701521533986935,0.6556226185435311,0.7331093145071376,0.07748669596360662
xgboost,900,517001af,5,0.8620065509510187,0.8769754145120338,0.014968863561015077,0.8586630258025636,0.8555056101627108,-0.003157415639852923,0.788117178919318,0.9143203874754677,0.12620320855614975,0.9358959229827196,0.8396304415486002,-0.09626548143411953,0.8749913389005076,0.8529534330493611,-0.022037905851146466,0.8744918315017461,0.8797065144452615,0.00521468294351537
xgboost,900,6030f0fd,5,0.8089947678527716,0.8358458524087741,0.026851084556002623,0.7782326720792706,0.8136728718250597,0.03544019974578912,0.8816899010080828,0.8669646262828081,-0.014725274725274717,0.7362996346974602,0.8047270785347402,0.06842744383727992,0.7839716335070829,0.8043607731202185,0.020389139613135664,0.8148528633811193,0.8433513716422661,0.028498508261146905
xgboost,900,7072a0e0,6,0.745299040900822,0.7584002201153842,0.013101179214562183,0.6620904421374747,0.6939522478961592,0.03186180575868458,0.8043316084827764,0.8816912236575177,0.07735961517474123,0.6862664733188676,0.6351092165732507,-0.05115725674561688,0.7154215349292173,0.7221979136279759,0.006776378698758578,0.7015329119493061,0.7330414577703411,0.03150854582103502
xgboost,900,7092f07b,6,0.7037936167198774,0.7393728066637948,0.03557918994391742,0.6689950784916222,0.7178410715380177,0.0488459930463954,0.8002105212904357,0.8218235720448467,0.02161305075441101,0.6073767121493193,0.6569220412827431,0.04954532913342378,0.7724872953094862,0.7939809514812831,0.02149365617179703,0.7129377500254125,0.764450775799054,0.051513025773641495
xgboost,900,7150e10a,5,0.7159707544110006,0.7266628328504708,0.010692078439470176,0.7122737854381375,0.7220170289972591,0.009743243559121595,0.9388462319823734,0.9221666296613474,-0.01667960232102599,0.49309527683962806,0.5311590360395944,0.0380637591999663,0.833316918799546,0.8237519109957463,-0.009565007803799763,0.7697244111259632,0.7733854097007723,0.00366099857480906
xgboost,900,71a251fa,5,0.8535741021113774,0.8046288208600616,-0.04894528125131577,0.829871934989645,0.760830697211286,-0.06904123777835884,0.8058966779712284,0.6874627699252513,-0.11843390804597702,0.9012515262515262,0.9217948717948717,0.020543345543345536,0.8452478922580724,0.8307734514569667,-0.014474440801105649,0.850748585771632,0.7813140341796078,-0.06943455159202416
xgboost,900,71c09041,5,0.7949846679129265,0.7993123894805448,0.00432772156761827,0.782210996651889,0.7949968265354511,0.012785829883562184,0.8776700590131867,0.9159432337465747,0.038273174733388,0.7122992768126666,0.6826815452145151,-0.0296177315981515,0.8377993948277869,0.8504479161971469,0.012648521369359988,0.8517451499664238,0.8628649037893579,0.011119753822934019
xgboost,900,71e10186,7,0.9357977815123987,0.9361203913750806,0.0003226098626818441,0.9352505231527504,0.9358288256218251,0.0005783024690747223,0.9181216586288583,0.9186373883864654,0.0005157297576070212,0.9534739043959392,0.9536033943636958,0.00012948996775666695,0.9390847502639951,0.9397508934860273,0.0006661432220322576,0.93819444001704,0.9387826044863674,0.0005881644693275392
xgboost,900,71f0603f,6,0.8049471679197505,0.8136660166852653,0.008718848765514986,0.8086473558209738,0.8158119092231558,0.007164553402181843,0.7164666948803703,0.7467250019138746,0.0302583070335042,0.8934276409591306,0.8806070314566564,-0.012820609502474193,0.8299065079108492,0.8385381795098308,0.008631671598981669,0.8218675847793834,0.8306884554948869,0.008820870715503304
xgboost,900,71f21142,4,0.7933406908781703,0.8257868641957853,0.032446173317614985,0.7508356732784126,0.7947484102558281,0.04391273697741546,0.8489095344882821,0.907398736620748,0.05848920213246589,0.7377718472680586,0.7441749917708226,0.006403144502763997,0.7850330778145149,0.8046752802623632,0.01964220244784834,0.7849049312496651,0.8241735708042524,0.03926863955458726
xgboost,900,8030618f,7,0.7528425442122086,0.7588442817841106,0.006001737571902128,0.6377775487266376,0.6694962765674616,0.03171872784082386,0.8752141459391802,0.8991390582361856,0.023924912297005312,0.630470942485237,0.6185495053320358,-0.011921437153201073,0.7021924392823123,0.7109612468072877,0.008768807524975284,0.6685858584014189,0.7182946492690508,0.04970879086763188
xgboost,900,8191f1d9,4,0.6477694181931805,0.675617910103868,0.027848491910687473,0.48661645117327856,0.6634054596121868,0.1767890084389083,0.36506274739837785,0.6815096846974762,0.31644693729909834,0.930476088987983,0.6697261355102595,-0.26074995347772356,0.6738343029757696,0.6869397167787226,0.013105413802952964,0.5199942954366962,0.7747017674233099,0.2547074719866136
xgboost,900,81e150c1,5,0.7567144988161162,0.7601888237031968,0.0034743248870807487,0.7013285825569341,0.6959056928465992,-0.005422889710334733,0.8,0.8094035087719298,0.009403508771929813,0.7134289976322324,0.710974138634464,-0.0024548589977682945,0.71069683037622,0.7022059844382156,-0.008490845938004398,0.7571907347056396,0.7453223607554811,-0.011868373950158361
xgboost,900,81f1f0fe,6,0.7260847927857116,0.7425474432003232,0.016462650414611563,0.6837859695996195,0.6956181310291741,0.011832161429554714,0.6885944786230258,0.5987199788180849,-0.08987449980494087,0.7635751069483973,0.8863749075825612,0.12279980063416396,0.7159460730369934,0.7217430929524123,0.005797019915419162,0.7346185813376888,0.7567616383483325,0.02214305701064384
xgboost,900,a02151ac,6,0.7688856345746536,0.7568129648923003,-0.01207266968235332,0.7521193043039064,0.7274437697259074,-0.024675534577998887,0.7508389511508037,0.7689570517315355,0.018118100580731916,0.7869323179985036,0.7446688780530649,-0.042263439945438595,0.7567189572673065,0.741379492709536,-0.015339464557770632,0.7797034295151445,0.7457593013983893,-0.033944128116755255
xgboost,900,a1b210fc,7,0.7939193189537624,0.7719782563527673,-0.02194106260099506,0.7793138359201557,0.7678378958755504,-0.011475940044605329,0.8347022909259213,0.7690267125050045,-0.06567557842091677,0.7531363469816036,0.7749298002005302,0.021793453218926624,0.8073956811846408,0.8024557798569135,-0.0049399013277271475,0.8029098497539567,0.7979192066255187,-0.004990643128438078
xgboost,900,b0700166,6,0.671696720153219,0.6874088760576011,0.015712155904382113,0.5632438898183859,0.6246334575334337,0.06138956771504784,0.7517633975346971,0.7481281725641836,-0.0036352249705134954,0.5916300427717407,0.6266895795510184,0.03505953677927769,0.7061837047019144,0.721276345270451,0.015092640568536672,0.5961274678954804,0.6741946824492325,0.07806721455375194
xgboost,900,b112005d,7,0.7188926499867007,0.7069272807314134,-0.01196536925528735,0.6792764000471878,0.6547879195763031,-0.024488480470884484,0.7679977359936406,0.81395485685845,0.045957120864809534,0.669787563979761,0.5998997046043767,-0.0698878593753842,0.7388686515644621,0.7377235487345931,-0.001145102829869111,0.7173090752968331,0.686631294508745,-0.03067778078808799
xgboost,900,b1c2f044,7,0.7926267683580583,0.8290336000633779,0.03640683170531954,0.7645300509077756,0.820659618496519,0.056129567588743434,0.876582257551389,0.8482267576445272,-0.028355499906861814,0.7086712791647278,0.8098404424822288,0.10116916331750092,0.8145761349420624,0.8394804742090949,0.024904339267032553,0.7976928806084762,0.8526986269407529,0.055005746332276936
xgboost,900,c060c06a,4,0.7626310975049659,0.796660349098177,0.03402925159321102,0.7443945214134585,0.7856653461899055,0.041270824776446974,0.6063945316655244,0.718929779037993,0.11253524737246857,0.9188676633444075,0.874390919158361,-0.044476744186046524,0.7887237023204764,0.7976284521443987,0.008904749823922309,0.7512637895529726,0.7879854986504983,0.03672170909752556
xgboost,900,c112918e,6,0.6607846633758555,0.712777010316871,0.05199234694101551,0.6052416943413806,0.6942360173915656,0.08899432305018486,0.47659639632321843,0.7281839119033399,0.2515875155801215,0.8449729304284926,0.6973701087304023,-0.1476028216980904,0.7586352101388881,0.7510032343421935,-0.007631975796694872,0.6937186439374857,0.7456332678140113,0.05191462387652554
xgboost,900,c1a150b1,5,0.7413143194271011,0.7260853830601248,-0.015228936366976397,0.7395357877070803,0.7157983811468224,-0.02373740656025771,0.7970079502644417,0.7554067466345806,-0.04160120362986099,0.6856206885897608,0.6967640194856689,0.011143330895908198,0.7733081078318748,0.794503342401887,0.021195234570012288,0.775343695456192,0.7583907457572805,-0.016952949698911524
xgboost,900,d0724095,7,0.7246620856121071,0.7350869759886379,0.01042489037653078,0.6851961724756491,0.707195257885806,0.021999085410156955,0.6598875430869983,0.6776553290873506,0.017767786000352233,0.7894366281372159,0.7925186228899251,0.0030819947527092766,0.7646552154477394,0.7653636626997555,0.0007084472520160677,0.7227230112900401,0.7390379180966477,0.016314906806607583
xgboost,900,d0e2d025,7,0.7702584600416796,0.7910063363526135,0.020747876310933795,0.754035358715435,0.7764865620694319,0.02245120335399672,0.8108339684731746,0.832329414615315,0.021495446142140193,0.7296829516101847,0.749683258089912,0.02000030647972736,0.8046588910241281,0.8000778096857106,-0.004581081338417408,0.7940736406753377,0.8079495070852063,0.013875866409868614
xgboost,900,d111e017,7,0.8705790994828672,0.8704702925192215,-0.0001088069636456801,0.8628774731670946,0.8627511518042136,-0.00012632136288118608,0.8195312665440684,0.8189168272199516,-0.0006144393241167398,0.9216269324216659,0.9220237578184912,0.0003968253968253954,0.8758998843588373,0.8757681654074421,-0.00013171895139514018,0.8639537976942172,0.8638230446580577,-0.00013075303615955086
xgboost,900,d151b0c4,5,0.7427753078782292,0.7442565650606847,0.0014812571824556642,0.7364945307460692,0.7456381941027495,0.009143663356680242,0.7238608301322463,0.7819778653218811,0.0581170351896347,0.7616897856242119,0.7065352647994886,-0.055154520824723344,0.7802109095668971,0.7877227159809671,0.0075118064140699435,0.764310416959504,0.7731218331444751,0.0088114161849711
xgboost,900,d18000a3,4,0.8029264769304258,0.8306384340845268,0.02771195715410088,0.7732603327477445,0.8134332110107159,0.040172878262971334,0.7375272438625542,0.8171251051064993,0.07959786124394508,0.8683257099982973,0.844151763062554,-0.024173946935743318,0.8145310573389207,0.8279478808882554,0.013416823549334711,0.7865013579761265,0.8236084135464093,0.03710705557028282
xgboost,900,f0f2a1e1,5,0.8431252455239528,0.8478617629356174,0.004736517411664564,0.8222316302383528,0.8206380736871253,-0.0015935565512273265,0.8780369804680521,0.9086508110818828,0.030613830613830627,0.8082135105798537,0.7870727147893523,-0.021140795790501477,0.8203440069694062,0.8182113397565102,-0.0021326672128959335,0.8417863902930762,0.8395630343729931,-0.0022233559200830256
xgboost,900,f121f1e0,5,0.6906665903155841,0.7317359902186302,0.041069399903046075,0.6311173660633534,0.674861159014565,0.04374379295121163,0.9057302923430331,0.7937556222127207,-0.11197467013031241,0.4756028882881351,0.6697163582245397,0.19411346993640463,0.7139904106653667,0.7072334998873977,-0.006756910777969027,0.6578233779569935,0.6876353411747466,0.0298119632177531
xgboost,900,f1a0c120,7,0.7300696187590584,0.7415502442755405,0.01148062551648226,0.7333456493879289,0.7521009352766311,0.01875528588870232,0.6660097944694436,0.7039261287155151,0.03791633424607158,0.794129443048673,0.7791743598355659,-0.014955083213107028,0.8238826881302602,0.8122168149397784,-0.011665873190481782,0.8282534851334227,0.8275147544334757,-0.0007387306999470576
xgboost,900,f1d06060,6,0.7258903529199027,0.788232404035928,0.06234205111602533,0.6802532379279285,0.7780120006767471,0.09775876274881888,0.6374733266446589,0.7196111183337318,0.08213779168907284,0.8143073791951463,0.8568536897381241,0.04254631054297786,0.7707579790920062,0.7866344923805126,0.015876513288506366,0.7200267355162455,0.8144738557384428,0.09444712022219719
xgboost,1200,0001508a,7,0.6989108959962244,0.7401743469929611,0.04126345099673672,0.6434422855933809,0.7149131513238801,0.07147086573049918,0.5863788153820754,0.6665049318865279,0.08012611650445269,0.8114429766103735,0.8138437620993942,0.0024007854890207687,0.758970149798299,0.79588089054218,0.036910740743880975,0.6923329760256983,0.7511922309032663,0.05885925487756786
xgboost,1200,0012905a,7,0.7466041533155469,0.7470027403683703,0.0003985870528234102,0.7330085583110757,0.736496642262123,0.00348808395104724,0.8502359441599531,0.8154503514046542,-0.034785592755298946,0.6429723624711408,0.6785551293320866,0.03558276686094571,0.7612942874080332,0.7635830781868671,0.0022887907788337997,0.7439864665147301,0.748460066693785,0.004473600179054753
xgboost,1200,0110f12e,7,0.805086165795274,0.8048173485075412,-0.000268817287732965,0.8006284458330557,0.7962237538555627,-0.004404691977493079,0.8078188959739884,0.8387596153170124,0.030940719343023986,0.8023534356165599,0.77087508169807,-0.03147835391848998,0.8029032308047407,0.7948479662460152,-0.008055264558725628,0.8094245528216459,0.8030853574730475,-0.0063391953485984875
xgboost,1200,0182e16c,6,0.7073840195488965,0.8483845456525249,0.14100052610362815,0.6481259112691462,0.8251869953109051,0.1770610840417588,0.67527462100268,0.8958697786692481,0.22059515766656804,0.739493418095113,0.8008993126358014,0.06140589454068827,0.7973411436382234,0.8293689011970823,0.03202775755885876,0.7181177924246481,0.8526905334543526,0.1345727410297045
xgboost,1200,01c2a0d8,7,0.7785837446970872,0.7945222822238093,0.015938537526722047,0.75501049808159,0.7696736317325998,0.014663133651009781,0.7360098033098407,0.8602216349837557,0.124211831673915,0.8211576860843339,0.7288229294638631,-0.0923347566204709,0.7878106139124217,0.7901717945855274,0.0023611806731058038,0.8079384878550734,0.8049613159847716,-0.002977171870301633
xgboost,1200,1081b177,7,0.7913711881720175,0.8246051282245015,0.03323394005248407,0.7785015887658726,0.8144833438508089,0.03598175508493627,0.6317783795751785,0.7398884848033364,0.1081101052281578,0.9509639967688565,0.9093217716456667,-0.04164222512318964,0.8232517648635166,0.8326509606916812,0.00939919582816462,0.8071864527874689,0.8264654166785593,0.0192789638910902
xgboost,1200,20201194,7,0.7244371468929784,0.7623329981732827,0.037895851280304337,0.6953403659877957,0.7554986451259296,0.06015827913813395,0.6934263262379717,0.7879092616006719,0.09448293536270007,0.755447967547985,0.7367567347458938,-0.018691232802091347,0.7599693601625152,0.7739753754697778,0.014006015307262485,0.7289618424341759,0.7892405569870381,0.06027871455286225
xgboost,1200,2162c09e,7,0.8033872042244816,0.8165344145344472,0.013147210309965558,0.7846041857201653,0.7999160781474698,0.015311892427304463,0.6762677690126029,0.7269294151638394,0.05066164615123647,0.9305066394363604,0.906139413905055,-0.024367225531305357,0.8195718703502533,0.8228299844206713,0.003258114070417904,0.8260117850556442,0.8357512829437849,0.009739497888140658
xgboost,1200,2182c1cd,7,0.7032923952240984,0.7358788568904193,0.032586461666321065,0.6687051790130958,0.7179760307733696,0.04927085176027384,0.5085601599108837,0.6216497948840257,0.11308963497314196,0.8980246305373129,0.850107918896813,-0.047916711640499834,0.7254853407950037,0.740889974616377,0.01540463382137328,0.6841869584730222,0.7298281574584828,0.04564119898546072
xgboost,1200,219060fa,5,0.755079373744938,0.7767154160525221,0.021636042307584157,0.7503533215839189,0.7776622421305597,0.027308920546640626,0.8129254508821072,0.8216416076773732,0.008716156795265894,0.6972332966077687,0.7317892244276711,0.03455592781990243,0.8148872963683884,0.8109707853116948,-0.00391651105669355,0.7909016871365859,0.8047238624206902,0.013822175284104166
xgboost,1200,21a031f6,7,0.7766322653677518,0.7697046473874811,-0.006927617980270576,0.7414426492624003,0.7523285070169583,0.010885857754557955,0.7494046624266691,0.8627145410569591,0.11330987863029011,0.8038598683088342,0.676694753718003,-0.12716511459083127,0.7648524735703852,0.7770045870291394,0.01215211345875411,0.7574242503444328,0.77772228696133,0.020298036616897077
xgboost,1200,30908049,7,0.7238340196944162,0.7483087948287901,0.024474775134373763,0.6616190110905379,0.6746991753695367,0.013080164278998765,0.8067147149559372,0.8424838131815328,0.03576909822559572,0.6409533244328954,0.6541337764760472,0.013180452043151833,0.7205473394929703,0.6952822830981624,-0.025265056394807965,0.7190586377110622,0.7137880104358427,-0.005270627275219287
xgboost,1200,30c140ca,5,0.8008024741785154,0.7301814248786542,-0.07062104929986102,0.7630544013839528,0.6865939159475103,-0.0764604854364425,0.8375863178653903,0.7473162590376773,-0.09027005882771306,0.7640186304916404,0.7130465907196314,-0.050972039772008995,0.7752304316022719,0.756935180002573,-0.018295251599698893,0.773534720074544,0.7262357289912035,-0.04729899108334059
xgboost,1200,3110e0c7,4,0.7017756249196551,0.6369019427474886,-0.06487368217216646,0.6756392419028727,0.6016567562378372,-0.07398248566503539,0.5948059332832434,0.3786738035507855,-0.21613212973245777,0.808745316556067,0.8951300819441916,0.08638476538812481,0.6930000660068056,0.6555277708158539,-0.03747229519095188,0.7226725280875943,0.6841493121752129,-0.03852321591238139
xgboost,1200,40009139,7,0.7964049502507854,0.7963953435688534,-9.606681931966549e-06,0.7820172448328436,0.7927659438805071,0.010748699047663448,0.8034880912792329,0.8024820400131901,-0.0010060512660428939,0.789321809222338,0.7903086471245168,0.0009868379021789689,0.8036326590425356,0.8019990430578549,-0.0016336159846806395,0.7974126323532137,0.8169920107324772,0.01957937837926346
xgboost,1200,41e2010c,7,0.75022272314652,0.7899924878769428,0.03976976473042283,0.7343209641791255,0.7839780885112676,0.04965712433214199,0.8223120984450338,0.8417858018351073,0.019473703390073316,0.6781333478480059,0.7381991739187782,0.06006582607077234,0.8239393882789364,0.8041216407560494,-0.01981774752288715,0.7759503427683955,0.8125035070416899,0.03655316427329463
xgboost,1200,5001d09a,7,0.7887930500593016,0.7823726226690466,-0.006420427390254978,0.7476321510894162,0.7373388589852397,-0.01029329210417659,0.9279836973666088,0.9351024232353347,0.007118725868725877,0.6496024027519943,0.6296428221027586,-0.019959580649235815,0.7812844292798935,0.7731573852273222,-0.008127044052571173,0.7734931453290166,0.7618274426106824,-0.011665702718334305
xgboost,1200,50c02189,7,0.6530803185020024,0.72445472874929,0.07137441024728766,0.5838332684962012,0.7125436545454836,0.12871038604928256,0.5987242604201636,0.7683150101147624,0.1695907496945988,0.7074363765838412,0.6805944473838178,-0.026841929200023467,0.7106632847458093,0.7300008982245959,0.019337613478786615,0.6556226185435311,0.7349019023667773,0.07927928382324641
xgboost,1200,517001af,5,0.8620065509510187,0.8801409237712932,0.018134372820274348,0.8586630258025636,0.8588460608302219,0.000183035027658196,0.788117178919318,0.9143203874754677,0.12620320855614975,0.9358959229827196,0.8459614600671188,-0.089934462915601,0.8749913389005076,0.8550249151064395,-0.01996642379406819,0.8744918315017461,0.8829351771274864,0.008443345625740317
xgboost,1200,6030f0fd,7,0.7832586854009053,0.8155207110257015,0.03226202562479606,0.7412639973894193,0.7910050159011534,0.04974101851173413,0.8538044747460333,0.8524179148773304,-0.0013865598687027303,0.7127128960557776,0.7786235071740725,0.0659106111182949,0.7732664767845886,0.783295466190867,0.010028989406278372,0.7693179579809237,0.8144849003638109,0.04516694238288695
xgboost,1200,7072a0e0,7,0.7648566417994205,0.7678785377342516,0.003021895934831217,0.6930072961476214,0.7121580145424395,0.01915071839481835,0.8162842358423797,0.8702178623072303,0.05393362646485051,0.7134290477564612,0.6655392131612731,-0.04788983459518807,0.7383779960099679,0.747027664437392,0.008649668427424016,0.7271979415011025,0.748912158004125,0.02171421650302249
xgboost,1200,7092f07b,6,0.7037936167198774,0.734116896179369,0.030323279459491537,0.6689950784916222,0.7090062884019246,0.040011209910302305,0.8002105212904357,0.8058693043987519,0.0056587831083161995,0.6073767121493193,0.6623644879599863,0.05498777581066686,0.7724872953094862,0.7884006221082919,0.015913326798805694,0.7129377500254125,0.7546675132156196,0.04172976319020718
xgboost,1200,7150e10a,7,0.6895369832691662,0.7079742261754376,0.01843724290627115,0.621066145621132,0.648498377182859,0.027432231561726774,0.8880166688281984,0.9113152864717833,0.023298617643584967,0.49105729771013445,0.5046331658790917,0.01357586816895728,0.758609919660347,0.7595534883425034,0.0009435686821562816,0.6673829827370324,0.6965115915997478,0.029128608862715417
xgboost,1200,71a251fa,6,0.8644072765437475,0.8219267187075864,-0.04248055783616128,0.8433256650322836,0.7839963324711331,-0.05932933256115056,0.8155199589154177,0.7054265681108199,-0.1100933908045977,0.9132945941720777,0.9384268693043527,0.025132275132275134,0.8548804899252053,0.8473316052184038,-0.007548884706801429,0.8688800835187492,0.8117046194640906,-0.057175464054658676
xgboost,1200,71c09041,6,0.8187615045350535,0.7905038865236708,-0.0282576180113826,0.8062424214308036,0.790606504691919,-0.01563591673888461,0.8879573724099789,0.8442365298581271,-0.0437208425518516,0.7495656366601281,0.7367712431892146,-0.01279439347091362,0.8510365327268595,0.8473187401538654,-0.003717792572993983,0.865943781128176,0.8577857840346667,-0.00815799709350947
xgboost,1200,71e10186,7,0.9357977815123987,0.9361203913750806,0.0003226098626818441,0.9352505231527504,0.9358288256218251,0.0005783024690747223,0.9181216586288583,0.9186373883864654,0.0005157297576070212,0.9534739043959392,0.9536033943636958,0.00012948996775666695,0.9390847502639951,0.9397508934860273,0.0006661432220322576,0.93819444001704,0.9387826044863674,0.0005881644693275392
xgboost,1200,71f0603f,7,0.7937983408168714,0.7993119897092633,0.005513648892391905,0.7962881578719772,0.7994313905408938,0.003143232668916886,0.7206306006242773,0.7642578153653459,0.04362721474106852,0.8669660810094655,0.8343661640531809,-0.03259991695628471,0.814540708513147,0.8208212868586059,0.006280578345458777,0.8079154479025645,0.8119665649648447,0.0040511170622800395
xgboost,1200,71f21142,4,0.7933406908781703,0.8272620194752884,0.03392132859711808,0.7508356732784126,0.7958892672993186,0.045053594020906,0.8489095344882821,0.9121606413826527,0.06325110689437063,0.7377718472680586,0.742363397567924,0.004591550299865438,0.7850330778145149,0.8059678488880081,0.020934771073493147,0.7849049312496651,0.8252023773886146,0.040297446138949394
xgboost,1200,8030618f,7,0.7528425442122086,0.7589874182175697,0.006144874005361123,0.6377775487266376,0.6694142846103012,0.031636735883663385,0.8752141459391802,0.8982732573703845,0.023059111431204444,0.630470942485237,0.6197015790647546,-0.010769363420482181,0.7021924392823123,0.71043500614483,0.008242566862517644,0.6685858584014189,0.71865257705555,0.0500667186541311
xgboost,1200,8191f1d9,4,0.6477694181931805,0.6854391863586258,0.037669768165445316,0.48661645117327856,0.6562013154521884,0.16958486427890992,0.36506274739837785,0.6487038951497132,0.2836411477513353,0.930476088987983,0.7221744775675383,-0.20830161142044473,0.6738343029757696,0.6820770829507994,0.00824277997502973,0.5199942954366962,0.7580933630027077,0.2380990675660115
xgboost,1200,81e150c1,5,0.7567144988161162,0.7526251030808864,-0.004089395735229729,0.7013285825569341,0.6945715876501609,-0.006756994906773084,0.8,0.7848421052631579,-0.015157894736842103,0.7134289976322324,0.720408100898615,0.006979103266382647,0.71069683037622,0.7008298791605145,-0.009866951215705421,0.7571907347056396,0.7475528440268566,-0.00963789067878289
xgboost,1200,81f1f0fe,6,0.7260847927857116,0.7354276303094093,0.009342837523697661,0.6837859695996195,0.684624884304131,0.0008389147045115933,0.6885944786230258,0.5968320441570412,-0.09176243446598477,0.7635751069483973,0.8740232164617773,0.11044810951338006,0.7159460730369934,0.7176486757642181,0.0017026027272248334,0.7346185813376888,0.7438627386409795,0.009244157303290756
xgboost,1200,a02151ac,5,0.7806315900466483,0.7510322635761133,-0.029599326470534915,0.759943966038368,0.7092920091214594,-0.05065195691690862,0.7881862285604517,0.7556533349827157,-0.03253289357773598,0.7730769515328448,0.746411192169511,-0.026665759363333808,0.7610847267427457,0.7526698227368607,-0.008414904005885137,0.7897181894922476,0.7361639637423539,-0.053554225749893616
xgboost,1200,a1b210fc,7,0.7939193189537624,0.7831964350971681,-0.010722883856594272,0.7793138359201557,0.7762196079028144,-0.003094228017341446,0.8347022909259213,0.831874545294721,-0.0028277456312002353,0.7531363469816036,0.7345183248996152,-0.01861802208198831,0.8073956811846408,0.8093447474549702,0.001949066270329631,0.8029098497539567,0.8040716883330215,0.0011618385790646796
xgboost,1200,b0700166,6,0.671696720153219,0.6937914570800349,0.02209473692681596,0.5632438898183859,0.6249953884758259,0.06175149865744007,0.7517633975346971,0.768352678078268,0.016589280543570884,0.5916300427717407,0.6192302360818018,0.027600193310061017,0.7061837047019144,0.7089743969419513,0.0027906922400369183,0.5961274678954804,0.6622439020958674,0.06611643420038689
xgboost,1200,b112005d,7,0.7188926499867007,0.7109585641318871,-0.0079340858548137,0.6792764000471878,0.6604593329779795,-0.018817067069208177,0.7679977359936406,0.8170634382238998,0.04906570223025919,0.669787563979761,0.6048536900398744,-0.06493387393988656,0.7388686515644621,0.7388572880769447,-1.136348751767142e-05,0.7173090752968331,0.6972526751947941,-0.02005640010203905
xgboost,1200,b1c2f044,7,0.7926267683580583,0.8284695762712501,0.035842807913191575,0.7645300509077756,0.8198947896266128,0.05536473871883717,0.876582257551389,0.8513003907325402,-0.025281866818848808,0.7086712791647278,0.8056387618099599,0.09696748264523203,0.8145761349420624,0.8384343932572987,0.02385825831523631,0.7976928806084762,0.8521800713042127,0.0544871906957366
xgboost,1200,c060c06a,5,0.7839144018134967,0.8148384819749623,0.030924080161465684,0.7477738566533493,0.7945351987105742,0.04676134205722491,0.6327346729514671,0.7303010275288446,0.09756635457737738,0.935094130675526,0.8993759364210799,-0.03571819425444598,0.7817252305130975,0.8009503456777708,0.0192251151646732,0.7597610316423781,0.803969160331133,0.04420812868875477
xgboost,1200,c112918e,6,0.6607846633758555,0.7335548682492897,0.07277020487343407,0.6052416943413806,0.7152867443339764,0.11004504999259573,0.47659639632321843,0.7432462789601493,0.2666498826369308,0.8449729304284926,0.72386345753843,-0.12110947289006264,0.7586352101388881,0.7745592043736341,0.01592399423474583,0.6937186439374857,0.7651313661928625,0.07141272225537666
xgboost,1200,c1a150b1,6,0.7077353724309509,0.7313325379613554,0.02359716553040449,0.6621716773566133,0.7018588592228773,0.03968718186626391,0.8308399585537014,0.7954351728456807,-0.03540478570802069,0.5846307863082004,0.66722990307703,0.08259911676882965,0.748792355232064,0.770475225615872,0.021682870383808155,0.6957651362844154,0.7326721769315233,0.036907040647107925
xgboost,1200,d0724095,7,0.7246620856121071,0.7231254990203552,-0.0015365865917519952,0.6851961724756491,0.6924396067364958,0.007243434260846869,0.6598875430869983,0.6506711506609891,-0.00921639242600923,0.7894366281372159,0.795579847379721,0.0061432192425052,0.7646552154477394,0.7625953649487104,-0.0020598504990291416,0.7227230112900401,0.7307036847773077,0.007980673487267593
xgboost,1200,d0e2d025,7,0.7702584600416796,0.7936049834208868,0.023346523379207045,0.754035358715435,0.7795743462788257,0.025538987563390663,0.8108339684731746,0.8350428576837435,0.024208889210569073,0.7296829516101847,0.7521671091580296,0.022484157547845003,0.8046588910241281,0.8022992575503656,-0.0023596334737624298,0.7940736406753377,0.8108059312493847,0.016732290574047015
xgboost,1200,d111e017,7,0.8705790994828672,0.870293925676188,-0.0002851738066791874,0.8628774731670946,0.8625743710998192,-0.00030310206727544663,0.8195312665440684,0.8189168272199516,-0.0006144393241167398,0.9216269324216659,0.9216710241324242,4.4091710758380796e-05,0.8758998843588373,0.8755861793384758,-0.0003137050203611626,0.8639537976942172,0.8636453616445537,-0.00030843604966346305
xgboost,1200,d151b0c4,5,0.7427753078782292,0.7390817320872569,-0.003693575790972159,0.7364945307460692,0.7392135566411866,0.0027190258951174328,0.7238608301322463,0.7516281993750255,0.02776736924277906,0.7616897856242119,0.7265352647994886,-0.03515452082472335,0.7802109095668971,0.7869529330530676,0.006742023486170523,0.764310416959504,0.7696835767875173,0.005373159828013318
xgboost,1200,d18000a3,7,0.8243705870378635,0.8365596860642768,0.012189099026413408,0.7644955892989248,0.7819468706162634,0.01745128131733864,0.7792483721542638,0.8208084584355536,0.04156008628128966,0.869492801921463,0.8523109136930002,-0.017181888228462876,0.7778175481334484,0.779700896744304,0.001883348610855627,0.8160536735831403,0.8333849494897183,0.017331275906578156
xgboost,1200,f0f2a1e1,7,0.822963963199389,0.822557821395014,-0.00040614180437491065,0.7981178544776324,0.8015889614849722,0.0034711070073397527,0.8271921838948683,0.8104502694785353,-0.01674191441633301,0.8187357425039098,0.8346653733114929,0.015929630807583233,0.7937284506227898,0.7992075935322205,0.005479142909430508,0.8366412659738705,0.8419112103950805,0.0052699444212100455
xgboost,1200,f121f1e0,6,0.6906807327774375,0.7336364998114071,0.04295576703396938,0.6373485971133868,0.6848009299164929,0.0474523328031061,0.921441910285861,0.8134327235880091,-0.1080091866978518,0.45991955526901424,0.6538402760348049,0.19392072076579056,0.7321332892410064,0.7296181291749337,-0.0025151600660726636,0.666392670036625,0.6998129115905806,0.033420241553955655
xgboost,1200,f1a0c120,7,0.7300696187590584,0.757269469440242,0.027199850681183628,0.7333456493879289,0.7534891272694237,0.020143477881494724,0.6660097944694436,0.7898154355991621,0.12380564112971848,0.794129443048673,0.7247235032813216,-0.06940593976735125,0.8238826881302602,0.812669223801113,-0.011213464329147287,0.8282534851334227,0.8061366634517105,-0.022116821681712202
xgboost,1200,f1d06060,7,0.7410298865895729,0.8029813519185723,0.0619514653289995,0.6951068905170814,0.7823384941899627,0.0872316036728815,0.674796305297592,0.7752276957932512,0.1004313904956591,0.8072634678815539,0.8307350080438939,0.02347154016233994,0.7715072302403231,0.7858275072328998,0.014320276992576906,0.731861113801431,0.814032999949047,0.08217188614761575
xgboost,1800,0001508a,7,0.6989108959962244,0.7416131637595599,0.04270226776333556,0.6434422855933809,0.7145251457053591,0.07108286011197822,0.5863788153820754,0.6562523133188854,0.06987349793681,0.8114429766103735,0.8269740142002345,0.015531037589861105,0.758970149798299,0.7851490237782967,0.02617887397999768,0.6923329760256983,0.7514873489504852,0.05915437292478677
xgboost,1800,0012905a,7,0.7466041533155469,0.748936365314088,0.0023322119985411988,0.7330085583110757,0.7392735944731853,0.006265036162109557,0.8502359441599531,0.7926448868938759,-0.05759105726607713,0.6429723624711408,0.7052278437343004,0.06225548126315951,0.7612942874080332,0.7668846938910457,0.005590406483012456,0.7439864665147301,0.7527071637366541,0.008720697221923954
xgboost,1800,0110f12e,7,0.805086165795274,0.8071686496784132,0.002082483883138967,0.8006284458330557,0.8011315699027258,0.0005031240696700769,0.8078188959739884,0.8220787590121398,0.014259863038151363,0.8023534356165599,0.7922585403446866,-0.010094895271873445,0.8029032308047407,0.8005533656746604,-0.0023498651300803497,0.8094245528216459,0.8090565420156607,-0.0003680108059853796
xgboost,1800,0182e16c,7,0.6980964394123836,0.8228917472685138,0.1247953078561301,0.6446524228524412,0.7990755017885858,0.15442307893614446,0.673491203384357,0.8904152246073453,0.21692402122298832,0.7227016754404104,0.7553682699296823,0.03266659448927188,0.773265091035415,0.8041101874262756,0.030845096390860686,0.706386679221127,0.8234811621247005,0.1170944829035735
xgboost,1800,01c2a0d8,7,0.7785837446970872,0.7929479848137481,0.0143642401166609,0.75501049808159,0.767107505528265,0.012097007446675048,0.7360098033098407,0.8513960916295419,0.11538628831970131,0.8211576860843339,0.7344998779979545,-0.0866578080863795,0.7878106139124217,0.787747896492658,-6.271741976396747e-05,0.8079384878550734,0.8018070628305186,-0.006131425024554786
xgboost,1800,1081b177,7,0.7913711881720175,0.814793988705888,0.02342280053387063,0.7785015887658726,0.8062183796152772,0.027716790849404753,0.6317783795751785,0.7110230944999775,0.0792447149247991,0.9509639967688565,0.9185648829117987,-0.032399113857057786,0.8232517648635166,0.8269486913168479,0.003696926453331306,0.8071864527874689,0.8212300355808282,0.014043582793359155
xgboost,1800,20201194,7,0.7244371468929784,0.7740371052446504,0.04959995835167208,0.6953403659877957,0.7687001546646913,0.07335978867689572,0.6934263262379717,0.7948066049416368,0.10138027870366506,0.755447967547985,0.7532676055476643,-0.002180362000320885,0.7599693601625152,0.7824599826654816,0.022490622502966327,0.7289618424341759,0.8033181565248027,0.07435631409062668
xgboost,1800,2162c09e,7,0.8033872042244816,0.8138422132067389,0.010455008982257279,0.7846041857201653,0.7958692274092564,0.011265041689091022,0.6762677690126029,0.7091089637087377,0.03284119469613473,0.9305066394363604,0.9185754627047401,-0.011931176731620188,0.8195718703502533,0.8225227502284082,0.002950879878154725,0.8260117850556442,0.8327980406207295,0.006786255565085101
xgboost,1800,2182c1cd,7,0.7032923952240984,0.7315928208315402,0.028300425607441837,0.6687051790130958,0.71034569248371,0.04164051347061431,0.5085601599108837,0.6059306827716783,0.09737052286079453,0.8980246305373129,0.857254958891402,-0.04076967164591087,0.7254853407950037,0.7394577094160611,0.013972368621057505,0.6841869584730222,0.72175282747185,0.037565868998828
xgboost,1800,219060fa,5,0.755079373744938,0.7753141875827771,0.02023481383783914,0.7503533215839189,0.7754354452121816,0.02508212362826263,0.8129254508821072,0.8378645178940914,0.024939067011984162,0.6972332966077687,0.7127638572714629,0.015530560663694149,0.8148872963683884,0.8082948743821088,-0.006592421986279562,0.7909016871365859,0.8002360569887708,0.009334369852184832
xgboost,1800,21a031f6,7,0.7766322653677518,0.7921489972768617,0.015516731909110055,0.7414426492624003,0.7711345894549569,0.02969194019255688,0.7494046624266691,0.8483383873033564,0.09893372487668727,0.8038598683088342,0.7359596072503672,-0.06790026105846717,0.7648524735703852,0.7796376102159653,0.014785136645580137,0.7574242503444328,0.7904534747715123,0.033029224427079514
xgboost,1800,30908049,7,0.7238340196944162,0.7467402090966374,0.022906189402221017,0.6616190110905379,0.674052908998673,0.012433897908134999,0.8067147149559372,0.8587775972526013,0.052062882296664274,0.6409533244328954,0.6347028209406733,-0.006250503492222202,0.7205473394929703,0.6961716719361128,-0.024375667556857526,0.7190586377110622,0.7166612575014547,-0.002397380209607431
xgboost,1800,30c140ca,6,0.7849265805590971,0.7555159844571838,-0.029410596101913305,0.720932766481248,0.7087698269210626,-0.012162939560185418,0.7724566833275416,0.7913478519292618,0.018891168601720243,0.7973964777906527,0.7196841169851059,-0.0777123608055469,0.7494851810971314,0.765899839846918,0.016414658749786742,0.7333696631784908,0.7511309293208507,0.01776126614235986
xgboost,1800,3110e0c7,5,0.6481426555579367,0.6201538928808595,-0.027988762677077193,0.6029295449053669,0.563999079971365,-0.0389304649340019,0.5373542561361042,0.49800377270907614,-0.039350483427027995,0.7589310549797694,0.7423040130526429,-0.01662704192712642,0.6239944234180687,0.5938298714358904,-0.03016455198217819,0.6174889968462339,0.5890155057289903,-0.0284734911172434
xgboost,1800,40009139,7,0.7964049502507854,0.792252027395613,-0.004152922855172468,0.7820172448328436,0.7878570681620649,0.005839823329221204,0.8034880912792329,0.8063693092065817,0.002881217927348745,0.789321809222338,0.7781347455846441,-0.011187063637693681,0.8036326590425356,0.7966700769528474,-0.006962582089688014,0.7974126323532137,0.8099574470256987,0.012544814672484885
xgboost,1800,41e2010c,7,0.75022272314652,0.7951782620143713,0.044955538867851454,0.7343209641791255,0.7876917675756298,0.0533708033965043,0.8223120984450338,0.8487902648792477,0.026478166434213753,0.6781333478480059,0.741566259149495,0.06343291130148912,0.8239393882789364,0.8033354187810333,-0.02060396949790333,0.7759503427683955,0.8138890253272566,0.03793868255886119
xgboost,1800,5001d09a,7,0.7887930500593016,0.7932899439311953,0.00449689387189386,0.7476321510894162,0.7519325213456433,0.004300370256226934,0.9279836973666088,0.927380415513327,-0.0006032818532818451,0.6496024027519943,0.659199472349064,0.009597069597069598,0.7812844292798935,0.781204454986903,-7.997429299032101e-05,0.7734931453290166,0.7768650365956448,0.0033718912666281004
xgboost,1800,50c02189,7,0.6530803185020024,0.726220307524326,0.07313998902232369,0.5838332684962012,0.7169598896636991,0.13312662116749777,0.5987242604201636,0.7121152790678497,0.11339101864768612,0.7074363765838412,0.7403253359808025,0.03288895939696116,0.7106632847458093,0.7315405481259496,0.020877263380140225,0.6556226185435311,0.7372971531699386,0.08167453462640749
xgboost,1800,517001af,5,0.8620065509510187,0.8656169434376537,0.003610392486634928,0.8586630258025636,0.8431615171868098,-0.015501508615753857,0.788117178919318,0.9103534453267074,0.12223626640738942,0.9358959229827196,0.8208804415486002,-0.11501548143411952,0.8749913389005076,0.8457691383550371,-0.029222200545470665,0.8744918315017461,0.8679008010255448,-0.006591030476201243
xgboost,1800,6030f0fd,7,0.7832586854009053,0.8234810607726725,0.04022237537176706,0.7412639973894193,0.8069010458383646,0.06563704844894534,0.8538044747460333,0.8417972855067012,-0.012007189239332099,0.7127128960557776,0.805164836038644,0.09245193998286627,0.7732664767845886,0.7984464207145512,0.0251799439299627,0.7693179579809237,0.8305982723999923,0.06128031441906834
xgboost,1800,7072a0e0,7,0.7648566417994205,0.7813376426992351,0.016481000899814684,0.6930072961476214,0.7396982003283986,0.04669090418077737,0.8162842358423797,0.8375067742651788,0.021222538422799118,0.7134290477564612,0.7251685111332914,0.011739463376830264,0.7383779960099679,0.759301332513281,0.020923336503313208,0.7271979415011025,0.7735061745564299,0.04630823305532748
xgboost,1800,7092f07b,7,0.6826977356141223,0.7361767189919227,0.053478983377800424,0.6079119671301413,0.71692611925374,0.10901415212359854,0.828751875391802,0.7656939424857051,-0.06305793290609685,0.5366435958364427,0.7066594954981404,0.1700158996616977,0.7452363630125267,0.7848085180735156,0.039572155060988955,0.6458721087174342,0.772054443419032,0.1261823347015978
xgboost,1800,7150e10a,7,0.6895369832691662,0.7076775830330747,0.01814059976390833,0.621066145621132,0.6518282062762548,0.030762060655122676,0.8880166688281984,0.9037461290849657,0.015729460256767136,0.49105729771013445,0.5116090369811839,0.020551739271049474,0.758609919660347,0.7581478460822059,-0.00046207357814116127,0.6673829827370324,0.6993671082229189,0.03198412548588641
xgboost,1800,71c09041,6,0.8187615045350535,0.7864420998008659,-0.032319404734187575,0.8062424214308036,0.7858048391398493,-0.02043758229095427,0.8879573724099789,0.8281167595545997,-0.05984061285537906,0.7495656366601281,0.7447674400471319,-0.0047981966129961124,0.8510365327268595,0.8444515230309713,-0.006585009695888118,0.865943781128176,0.8538515102859052,-0.012092270842270844
xgboost,1800,71e10186,7,0.9357977815123987,0.9358625264962771,6.474498387833348e-05,0.9352505231527504,0.9355072228122834,0.00025669965953308997,0.9181216586288583,0.9181216586288583,0.0,0.9534739043959392,0.9536033943636958,0.00012948996775666695,0.9390847502639951,0.9393930173255509,0.0003082670615558606,0.93819444001704,0.93846584807205,0.000271408055010152
xgboost,1800,71f0603f,7,0.7937983408168714,0.8026075492836735,0.008809208466801952,0.7962881578719772,0.8048861661587179,0.00859800828674078,0.7206306006242773,0.7612975646168145,0.04066696399253716,0.8669660810094655,0.8439175339505324,-0.023048547058933253,0.814540708513147,0.8192602469319057,0.00471953841875848,0.8079154479025645,0.8154732380987866,0.007557790196221984
xgboost,1800,71f21142,6,0.7675876333102751,0.7940854655267827,0.026497832216507644,0.7344261119645314,0.7782223178994553,0.04379620593492398,0.8669749596950695,0.870633388238342,0.0036584285432723998,0.6682003069254806,0.7175375428152235,0.04933723588974289,0.7820593944082029,0.7884092491913431,0.0063498547831400964,0.7769442572799775,0.8076993389609851,0.0307550816810076
xgboost,1800,8030618f,7,0.7528425442122086,0.7586523021882041,0.005809757975995462,0.6377775487266376,0.6680060061079687,0.030228457381330922,0.8752141459391802,0.9010205101176373,0.02580636417845718,0.630470942485237,0.6162840942587707,-0.01418684822646628,0.7021924392823123,0.7094974242458499,0.007304984963537454,0.6685858584014189,0.7187342123797494,0.050148353978330465
xgboost,1800,8191f1d9,4,0.6997037846987679,0.7689065260547123,0.06920274135594448,0.647613816707543,0.760766076941838,0.11315226023429492,0.4711636232666956,0.7009324180929386,0.2297687948262431,0.9282439461308402,0.8368806340164859,-0.09136331211435422,0.7536847601042101,0.7709668415737754,0.017282081469565364,0.6846549791405354,0.7855257099218492,0.10087073078131384
xgboost,1800,81e150c1,6,0.7716772870251262,0.7714812737574709,-0.0001960132676551707,0.7167783094104409,0.7192630266665404,0.0024847172560996853,0.824074074074074,0.7976998050682261,-0.026374269005847956,0.7192804999761782,0.7452627424467159,0.02598224247053758,0.7241064905059819,0.7219800999492719,-0.0021263905567098416,0.7654230059446858,0.7661995307588194,0.0007765248141336131
xgboost,1800,81f1f0fe,7,0.730154561063711,0.7347880845198922,0.004633523456181224,0.6913417000657484,0.6941908089813621,0.002849108915613582,0.7152238388197365,0.586082745197463,-0.12914109362227366,0.7450852833076854,0.8834934238423217,0.13840814053463613,0.7216613696316792,0.7232596989518109,0.0015983293201319066,0.7349151665567543,0.7508622256502312,0.015947059093476712
xgboost,1800,a02151ac,6,0.7362890824351851,0.743947902441093,0.0076588200059080624,0.6993968038670632,0.7154648583315342,0.0160680544644711,0.6634443736900011,0.7148736007270039,0.05142922703700279,0.809133791180369,0.7730222041551823,-0.036111587025186576,0.7436750232896374,0.7251051186493843,-0.018569904640253192,0.7527063343807945,0.7327649740044228,-0.01994136037637177
xgboost,1800,a1b210fc,7,0.7939193189537624,0.7938816114247954,-3.770752896679687e-05,0.7793138359201557,0.7978619441168602,0.018548108196704525,0.8347022909259213,0.7964006688465206,-0.03830162207940072,0.7531363469816036,0.7913625540030704,0.03822620702146707,0.8073956811846408,0.8163873566477177,0.008991675463077173,0.8029098497539567,0.8255534974549104,0.022643647700953555
xgboost,1800,b0700166,7,0.6733382005866282,0.6952439909816208,0.02190579039499266,0.5764846894414004,0.6306178106096019,0.05413312116820148,0.7723834687588684,0.7883152361765425,0.015931767417674183,0.5742929324143878,0.6021727457866989,0.02787981337231112,0.7074007438078281,0.7056236144587738,-0.001777129349054385,0.6057830887903107,0.6583523694201878,0.05256928062987727
xgboost,1800,b112005d,7,0.7188926499867007,0.7182935055225802,-0.000599144464120603,0.6792764000471878,0.6735258533532281,-0.0057505466939595795,0.7679977359936406,0.828843691924113,0.06084595593047244,0.669787563979761,0.6077433191210473,-0.06204424485871362,0.7388686515644621,0.7377770807348271,-0.00109157082963518,0.7173090752968331,0.7051222644616107,-0.012186810835222375
xgboost,1800,b1c2f044,7,0.7926267683580583,0.8291763348244029,0.0365495664663445,0.7645300509077756,0.8165928598763369,0.05206280896856129,0.876582257551389,0.8661592859901066,-0.010422971561282452,0.7086712791647278,0.7921933836586994,0.0835221044939715,0.8145761349420624,0.8339756927084115,0.01939955776634921,0.7976928806084762,0.8475456432322847,0.04985276262380854
xgboost,1800,c060c06a,7,0.7438303371076016,0.7773287624431681,0.033498425335566316,0.7003238911384354,0.7390823642907386,0.03875847315230314,0.5921366838881755,0.7008182483119189,0.10868156442374334,0.8955239903270279,0.853839276574417,-0.04168471375261067,0.7526285271357088,0.7422072377546056,-0.010421289381103347,0.7933454422350875,0.8149822715680326,0.021636829332945147
xgboost,1800,c112918e,7,0.6520240055568244,0.750345340250402,0.09832133469357751,0.585886543130186,0.7415026348798545,0.15561609174966864,0.44015676646872615,0.7581654185068798,0.3180086520381537,0.8638912446449227,0.7425252619939241,-0.12136598265099866,0.7473183068410639,0.7673809281195487,0.020062621278484745,0.6650303531634549,0.7777600069810957,0.11272965381764076
xgboost,1800,c1a150b1,5,0.7183877100750358,0.7590686531195835,0.04068094304454768,0.6625560001635872,0.7390337766763508,0.07647777651276366,0.8312184765802311,0.860104124897159,0.028885648316927925,0.6055569435698405,0.6580331813420078,0.05247623777216744,0.7641226737858081,0.7957306207278627,0.03160794694205467,0.6921868860082588,0.7716499761096468,0.079463090101388
xgboost,1800,d0724095,7,0.7246620856121071,0.7256545878208993,0.000992502208792323,0.6851961724756491,0.6957576714232098,0.010561498947560739,0.6598875430869983,0.6557293282620779,-0.00415821482492057,0.7894366281372159,0.795579847379721,0.0061432192425052,0.7646552154477394,0.7641716781627708,-0.00048353728496870155,0.7227230112900401,0.7344800470422611,0.011757035752221026
xgboost,1800,d0e2d025,7,0.7702584600416796,0.7901976189968679,0.01993915895518818,0.754035358715435,0.7821627370549888,0.0281273783395537,0.8108339684731746,0.8069143192771568,-0.003919649196017695,0.7296829516101847,0.7734809187165788,0.0437979671063941,0.8046588910241281,0.8059762117684113,0.0013173207442832252,0.7940736406753377,0.8160589083253306,0.021985267649992885
xgboost,1800,d111e017,7,0.8705790994828672,0.8697899048357757,-0.0007891946470914687,0.8628774731670946,0.8620420245379711,-0.0008354486291238171,0.8195312665440684,0.8182615192251941,-0.001269747318874272,0.9216269324216659,0.9213182904463572,-0.00030864197530863384,0.8758998843588373,0.8750521398742688,-0.000847744484568258,0.8639537976942172,0.8631087410861827,-0.0008450566080345461
xgboost,1800,d151b0c4,6,0.758868072657145,0.7562665472460152,-0.002601525411129957,0.7543059344278306,0.7571022980933488,0.0027963636655183124,0.7542590251102053,0.7699465386277833,0.0156875135175779,0.7634771202040845,0.7425865558642468,-0.02089056433983777,0.7920189389460299,0.7994259017051591,0.007406962759129017,0.7783694622041365,0.7840275259541104,0.005658063749973759
xgboost,1800,d18000a3,7,0.8243705870378635,0.8404897609284713,0.016119173890607925,0.7644955892989248,0.783645457344932,0.019149868046007126,0.7792483721542638,0.8311413515682515,0.051892979413987815,0.869492801921463,0.8498381702886911,-0.019654631632772004,0.7778175481334484,0.7809894426310333,0.00317189449758491,0.8160536735831403,0.8340825176391634,0.018028844056023292
xgboost,1800,f0f2a1e1,7,0.822963963199389,0.8238251535585949,0.0008611903592059227,0.7981178544776324,0.8031681499093953,0.005050295431762909,0.8271921838948683,0.8143998350159116,-0.012792348878956718,0.8187357425039098,0.8332504721012783,0.014514729597368643,0.7937284506227898,0.7999173083675547,0.006188857744764964,0.8366412659738705,0.842967574060968,0.0063263080870974275
xgboost,1800,f121f1e0,6,0.6906807327774375,0.7432527272360746,0.05257199445863694,0.6373485971133868,0.7013895711425696,0.06404097402918292,0.921441910285861,0.8348307576980724,-0.08661115258778869,0.45991955526901424,0.6516746967740769,0.19175514150506254,0.7321332892410064,0.7352173077353035,0.0030840184942970694,0.666392670036625,0.7181530463736835,0.0517603763370586
xgboost,1800,f1a0c120,7,0.7300696187590584,0.7584086001908881,0.028338981431829762,0.7333456493879289,0.7510123270717681,0.017666677683839203,0.6660097944694436,0.8063304489866088,0.14032065451716505,0.794129443048673,0.7104867513951675,-0.08364269165350555,0.8238826881302602,0.8149536127130641,-0.008929075417196104,0.8282534851334227,0.8005352157861043,-0.02771826934731831
xgboost,1800,f1d06060,7,0.7410298865895729,0.7982810268114283,0.057251140221855526,0.6951068905170814,0.7763898885087245,0.08128299799164318,0.674796305297592,0.7592874567634954,0.08449115146590347,0.8072634678815539,0.8372745968593615,0.030011128977807586,0.7715072302403231,0.7829434467957982,0.011436216555475267,0.731861113801431,0.808798116051619,0.07693700225018771
