subject_id,outer_fold,pm,budget_seconds,budget_minutes,calibration_record_group_id,calibration_record_id,calibration_record_start_utc,calibration_record_duration_seconds,budget_fully_available,actual_elapsed_calibration_seconds,operational_calibration_eligible_min2_each,fixed_evaluation_boundary_utc,fixed_evaluation_ready_min20_both_classes,joint_min2_calibration_and_fixed_evaluation_ready,calibration_extreme_sample_hash,evaluation_extreme_sample_hash,calibration_exact_lag_slots,calibration_pm_available,calibration_missing_pm,calibration_low,calibration_high,calibration_middle,calibration_extreme,calibration_has_any_extreme,calibration_has_both_classes,calibration_min1_each,calibration_min2_each,calibration_min3_each,calibration_min5_each,calibration_extreme_fraction_of_available,reserved_exact_lag_slots,reserved_pm_available,reserved_missing_pm,reserved_low,reserved_high,reserved_middle,reserved_extreme,reserved_has_any_extreme,reserved_has_both_classes,reserved_min1_each,reserved_min2_each,reserved_min3_each,reserved_min5_each,reserved_extreme_fraction_of_available,evaluation_exact_lag_slots,evaluation_pm_available,evaluation_missing_pm,evaluation_low,evaluation_high,evaluation_middle,evaluation_extreme,evaluation_has_any_extreme,evaluation_has_both_classes,evaluation_min1_each,evaluation_min2_each,evaluation_min3_each,evaluation_min5_each,evaluation_extreme_fraction_of_available
0001508a,5,attention,300,5.0,0001508a__day1____2023.12.18T14.22.47p03.00,Old_EEG__0001508a__day1____2023.12.18T14.22.47p03.00,2023-12-18T11:22:47.101283073+00:00,3344.0785989761353,True,300.0,True,2023-12-18T11:37:47.101283073+00:00,True,True,91ad951ff08cddf2be8ae9f0f105e9ec37aa6a82344d3575083874d2405ba431,dbb52ac37e0df50394b809c11c37cae619defdb3d6f878fa3c51ea10b14a7104,30,30,0,4,13,13,17,True,True,True,True,True,False,0.5666666666666667,60,60,0,52,0,8,52,True,False,False,False,False,False,0.8666666666666667,214,185,29,137,11,37,148,True,True,True,True,True,True,0.8
0001508a,5,attention,600,10.0,0001508a__day1____2023.12.18T14.22.47p03.00,Old_EEG__0001508a__day1____2023.12.18T14.22.47p03.00,2023-12-18T11:22:47.101283073+00:00,3344.0785989761353,True,600.0,True,2023-12-18T11:37:47.101283073+00:00,True,True,77a65d8fece5a340bfa7a799bce2ebde3333929edfcbf99b9623f60e13d52fd0,dbb52ac37e0df50394b809c11c37cae619defdb3d6f878fa3c51ea10b14a7104,60,60,0,26,13,21,39,True,True,True,True,True,True,0.65,30,30,0,30,0,0,30,True,False,False,False,False,False,1.0,214,185,29,137,11,37,148,True,True,True,True,True,True,0.8
0001508a,5,attention,900,15.0,0001508a__day1____2023.12.18T14.22.47p03.00,Old_EEG__0001508a__day1____2023.12.18T14.22.47p03.00,2023-12-18T11:22:47.101283073+00:00,3344.0785989761353,True,900.0,True,2023-12-18T11:37:47.101283073+00:00,True,True,3ffb4b3c07d1660078667726a2ff0ea77eda86e1b36033e9865169c2a7ce73bd,dbb52ac37e0df50394b809c11c37cae619defdb3d6f878fa3c51ea10b14a7104,90,90,0,56,13,21,69,True,True,True,True,True,True,0.7666666666666667,0,0,0,0,0,0,0,False,False,False,False,False,False,,214,185,29,137,11,37,148,True,True,True,True,True,True,0.8
0001508a,5,engagement,300,5.0,0001508a__day1____2023.12.18T14.22.47p03.00,Old_EEG__0001508a__day1____2023.12.18T14.22.47p03.00,2023-12-18T11:22:47.101283073+00:00,3344.0785989761353,True,300.0,False,2023-12-18T11:37:47.101283073+00:00,True,False,5b6727e0016b863bb9ce98a8d7be61823f072cd9436c577dea4c2b19193cba96,0339003edf13477c3490ea7a8d6e1a928090b4378ba7b7799892bdd155fdc504,30,30,0,1,25,4,26,True,True,True,False,False,False,0.8666666666666667,60,60,0,12,11,37,23,True,True,True,True,True,True,0.38333333333333336,214,214,0,97,74,43,171,True,True,True,True,True,True,0.7990654205607477
0001508a,5,engagement,600,10.0,0001508a__day1____2023.12.18T14.22.47p03.00,Old_EEG__0001508a__day1____2023.12.18T14.22.47p03.00,2023-12-18T11:22:47.101283073+00:00,3344.0785989761353,True,600.0,True,2023-12-18T11:37:47.101283073+00:00,True,True,099f03867e90a33b22a180c771743d7ef98de72b1e7c67108c8f4605445c87cd,0339003edf13477c3490ea7a8d6e1a928090b4378ba7b7799892bdd155fdc504,60,60,0,5,30,25,35,True,True,True,True,True,True,0.5833333333333334,30,30,0,8,6,16,14,True,True,True,True,True,True,0.4666666666666667,214,214,0,97,74,43,171,True,True,True,True,True,True,0.7990654205607477
0001508a,5,engagement,900,15.0,0001508a__day1____2023.12.18T14.22.47p03.00,Old_EEG__0001508a__day1____2023.12.18T14.22.47p03.00,2023-12-18T11:22:47.101283073+00:00,3344.0785989761353,True,900.0,True,2023-12-18T11:37:47.101283073+00:00,True,True,98cbf576ea73dbe9dbd5218d0d57c204dfae6339d2a62b78854eb77dca7251de,0339003edf13477c3490ea7a8d6e1a928090b4378ba7b7799892bdd155fdc504,90,90,0,13,36,41,49,True,True,True,True,True,True,0.5444444444444444,0,0,0,0,0,0,0,False,False,False,False,False,False,,214,214,0,97,74,43,171,True,True,True,True,True,True,0.7990654205607477
0001508a,5,excitement,300,5.0,0001508a__day1____2023.12.18T14.22.47p03.00,Old_EEG__0001508a__day1____2023.12.18T14.22.47p03.00,2023-12-18T11:22:47.101283073+00:00,3344.0785989761353,True,300.0,True,2023-12-18T11:37:47.101283073+00:00,True,True,ec26df4dbf7a750f988aeacaddc2c946f564a8795e94d0efa16ded320f6b413f,96e955cabaad7c18af998bd80659ec1da3c40ad342768a3ffc8772af7ef0fae5,30,30,0,17,2,11,19,True,True,True,True,False,False,0.6333333333333333,60,60,0,22,4,34,26,True,True,True,True,True,False,0.43333333333333335,214,214,0,44,81,89,125,True,True,True,True,True,True,0.5841121495327103
0001508a,5,excitement,600,10.0,0001508a__day1____2023.12.18T14.22.47p03.00,Old_EEG__0001508a__day1____2023.12.18T14.22.47p03.00,2023-12-18T11:22:47.101283073+00:00,3344.0785989761353,True,600.0,True,2023-12-18T11:37:47.101283073+00:00,True,True,6f27c6ed76ab6f808381d80ea4d87278e5621807942a85aa38a3e90d07b1f051,96e955cabaad7c18af998bd80659ec1da3c40ad342768a3ffc8772af7ef0fae5,60,60,0,29,3,28,32,True,True,True,True,True,False,0.5333333333333333,30,30,0,10,3,17,13,True,True,True,True,True,False,0.43333333333333335,214,214,0,44,81,89,125,True,True,True,True,True,True,0.5841121495327103
0001508a,5,excitement,900,15.0,0001508a__day1____2023.12.18T14.22.47p03.00,Old_EEG__0001508a__day1____2023.12.18T14.22.47p03.00,2023-12-18T11:22:47.101283073+00:00,3344.0785989761353,True,900.0,True,2023-12-18T11:37:47.101283073+00:00,True,True,53217dd724562307d570baf1e3408aaf501f2d6c291a529783f163d9515761a4,96e955cabaad7c18af998bd80659ec1da3c40ad342768a3ffc8772af7ef0fae5,90,90,0,39,6,45,45,True,True,True,True,True,True,0.5,0,0,0,0,0,0,0,False,False,False,False,False,False,,214,214,0,44,81,89,125,True,True,True,True,True,True,0.5841121495327103
0001508a,5,stress,300,5.0,0001508a__day1____2023.12.18T14.22.47p03.00,Old_EEG__0001508a__day1____2023.12.18T14.22.47p03.00,2023-12-18T11:22:47.101283073+00:00,3344.0785989761353,True,300.0,True,2023-12-18T11:37:47.101283073+00:00,True,True,d4c51caa6757021e5e1f307c76eaef72183f61cbcdd8b079ab55ba9d59b528a4,ded6f655cac50b8fc9ec137ef1b1680023f59a4c96e9d409c391155ff5ded5ba,30,30,0,16,2,12,18,True,True,True,True,False,False,0.6,60,60,0,22,16,22,38,True,True,True,True,True,True,0.6333333333333333,214,214,0,73,108,33,181,True,True,True,True,True,True,0.8457943925233645
0001508a,5,stress,600,10.0,0001508a__day1____2023.12.18T14.22.47p03.00,Old_EEG__0001508a__day1____2023.12.18T14.22.47p03.00,2023-12-18T11:22:47.101283073+00:00,3344.0785989761353,True,600.0,True,2023-12-18T11:37:47.101283073+00:00,True,True,99a0cd3bdfb22e387738986925dc92a0d711915eb74303f7b4b5195f22105ee0,ded6f655cac50b8fc9ec137ef1b1680023f59a4c96e9d409c391155ff5ded5ba,60,60,0,33,4,23,37,True,True,True,True,True,False,0.6166666666666667,30,30,0,5,14,11,19,True,True,True,True,True,True,0.6333333333333333,214,214,0,73,108,33,181,True,True,True,True,True,True,0.8457943925233645
0001508a,5,stress,900,15.0,0001508a__day1____2023.12.18T14.22.47p03.00,Old_EEG__0001508a__day1____2023.12.18T14.22.47p03.00,2023-12-18T11:22:47.101283073+00:00,3344.0785989761353,True,900.0,True,2023-12-18T11:37:47.101283073+00:00,True,True,0aa4d6135f975608a1abd9eaa28cb2f912fe2eceab4e48b9006317f401d361d1,ded6f655cac50b8fc9ec137ef1b1680023f59a4c96e9d409c391155ff5ded5ba,90,90,0,38,18,34,56,True,True,True,True,True,True,0.6222222222222222,0,0,0,0,0,0,0,False,False,False,False,False,False,,214,214,0,73,108,33,181,True,True,True,True,True,True,0.8457943925233645
0001508a,5,relaxation,300,5.0,0001508a__day1____2023.12.18T14.22.47p03.00,Old_EEG__0001508a__day1____2023.12.18T14.22.47p03.00,2023-12-18T11:22:47.101283073+00:00,3344.0785989761353,True,300.0,False,2023-12-18T11:37:47.101283073+00:00,True,False,5aa064974451a4d27236803bc0ce3221102e76ebcaf49b70d65e0d65693225ef,e446ed363600c3d6961b2209442c940aa6b1aa2868337bd7da7385e7152fc606,30,30,0,0,20,10,20,True,False,False,False,False,False,0.6666666666666666,60,60,0,5,12,43,17,True,True,True,True,True,True,0.2833333333333333,214,214,0,60,118,36,178,True,True,True,True,True,True,0.8317757009345794
0001508a,5,relaxation,600,10.0,0001508a__day1____2023.12.18T14.22.47p03.00,Old_EEG__0001508a__day1____2023.12.18T14.22.47p03.00,2023-12-18T11:22:47.101283073+00:00,3344.0785989761353,True,600.0,False,2023-12-18T11:37:47.101283073+00:00,True,False,8b36dfce641dce1c1f484bcac15b5d12a3c931faf484a972346bb4df056ef350,e446ed363600c3d6961b2209442c940aa6b1aa2868337bd7da7385e7152fc606,60,60,0,0,28,32,28,True,False,False,False,False,False,0.4666666666666667,30,30,0,5,4,21,9,True,True,True,True,True,False,0.3,214,214,0,60,118,36,178,True,True,True,True,True,True,0.8317757009345794
0001508a,5,relaxation,900,15.0,0001508a__day1____2023.12.18T14.22.47p03.00,Old_EEG__0001508a__day1____2023.12.18T14.22.47p03.00,2023-12-18T11:22:47.101283073+00:00,3344.0785989761353,True,900.0,True,2023-12-18T11:37:47.101283073+00:00,True,True,587b140c381241458f2ed534dd923397262d13c704325e63a03a93586a0cf790,e446ed363600c3d6961b2209442c940aa6b1aa2868337bd7da7385e7152fc606,90,90,0,5,32,53,37,True,True,True,True,True,True,0.4111111111111111,0,0,0,0,0,0,0,False,False,False,False,False,False,,214,214,0,60,118,36,178,True,True,True,True,True,True,0.8317757009345794
0001508a,5,interest,300,5.0,0001508a__day1____2023.12.18T14.22.47p03.00,Old_EEG__0001508a__day1____2023.12.18T14.22.47p03.00,2023-12-18T11:22:47.101283073+00:00,3344.0785989761353,True,300.0,False,2023-12-18T11:37:47.101283073+00:00,True,False,2684b6d739f1461a2530d388ff03ff1d133fc2265ecdbdea9c85ae3e1596835f,9bd461a19ad721b9724969ad2b924ed21bf28b3370c66e2269128263882eea17,30,30,0,16,0,14,16,True,False,False,False,False,False,0.5333333333333333,60,60,0,10,2,48,12,True,True,True,True,False,False,0.2,214,214,0,26,81,107,107,True,True,True,True,True,True,0.5
0001508a,5,interest,600,10.0,0001508a__day1____2023.12.18T14.22.47p03.00,Old_EEG__0001508a__day1____2023.12.18T14.22.47p03.00,2023-12-18T11:22:47.101283073+00:00,3344.0785989761353,True,600.0,False,2023-12-18T11:37:47.101283073+00:00,True,False,654a1ec88d2ac2066ec57e5bd7fbc826ed48a3e43d38e6723ad01eb269457d13,9bd461a19ad721b9724969ad2b924ed21bf28b3370c66e2269128263882eea17,60,60,0,21,1,38,22,True,True,True,False,False,False,0.36666666666666664,30,30,0,5,1,24,6,True,True,True,False,False,False,0.2,214,214,0,26,81,107,107,True,True,True,True,True,True,0.5
0001508a,5,interest,900,15.0,0001508a__day1____2023.12.18T14.22.47p03.00,Old_EEG__0001508a__day1____2023.12.18T14.22.47p03.00,2023-12-18T11:22:47.101283073+00:00,3344.0785989761353,True,900.0,True,2023-12-18T11:37:47.101283073+00:00,True,True,af0ee1f0d7e95e07f7fd20837f8a270411802e597f52e5834e644272a95c0a56,9bd461a19ad721b9724969ad2b924ed21bf28b3370c66e2269128263882eea17,90,90,0,26,2,62,28,True,True,True,True,False,False,0.3111111111111111,0,0,0,0,0,0,0,False,False,False,False,False,False,,214,214,0,26,81,107,107,True,True,True,True,True,True,0.5
0001508a,5,focus,300,5.0,0001508a__day1____2023.12.18T14.22.47p03.00,Old_EEG__0001508a__day1____2023.12.18T14.22.47p03.00,2023-12-18T11:22:47.101283073+00:00,3344.0785989761353,True,300.0,False,2023-12-18T11:37:47.101283073+00:00,True,False,64129fa1d9b997ed7e296bd1f71de8a77a391110e099a2eb3ac1660ad795fedd,9b1d394289eb519d01925b3798fffa7674d102dd7b9ccbd9c575d431f56f320e,30,30,0,30,0,0,30,True,False,False,False,False,False,1.0,60,60,0,37,3,20,40,True,True,True,True,True,False,0.6666666666666666,214,214,0,60,62,92,122,True,True,True,True,True,True,0.5700934579439252
0001508a,5,focus,600,10.0,0001508a__day1____2023.12.18T14.22.47p03.00,Old_EEG__0001508a__day1____2023.12.18T14.22.47p03.00,2023-12-18T11:22:47.101283073+00:00,3344.0785989761353,True,600.0,False,2023-12-18T11:37:47.101283073+00:00,True,False,85543312a8f9d9eebbd42e76a7deba290387fa262e28aa274252e31d9a093615,9b1d394289eb519d01925b3798fffa7674d102dd7b9ccbd9c575d431f56f320e,60,60,0,56,0,4,56,True,False,False,False,False,False,0.9333333333333333,30,30,0,11,3,16,14,True,True,True,True,True,False,0.4666666666666667,214,214,0,60,62,92,122,True,True,True,True,True,True,0.5700934579439252
0001508a,5,focus,900,15.0,0001508a__day1____2023.12.18T14.22.47p03.00,Old_EEG__0001508a__day1____2023.12.18T14.22.47p03.00,2023-12-18T11:22:47.101283073+00:00,3344.0785989761353,True,900.0,True,2023-12-18T11:37:47.101283073+00:00,True,True,c3a0c866221e40ecfd0de493513df416c1969fa03ad55997aeec52253da68473,9b1d394289eb519d01925b3798fffa7674d102dd7b9ccbd9c575d431f56f320e,90,90,0,67,3,20,70,True,True,True,True,True,False,0.7777777777777778,0,0,0,0,0,0,0,False,False,False,False,False,False,,214,214,0,60,62,92,122,True,True,True,True,True,True,0.5700934579439252
0012905a,3,attention,300,5.0,0012905a__day1____2023.11.28T11.47.42p03.00,gpn_data__0012905a__day1____2023.11.28T11.47.42p03.00,2023-11-28T08:47:42.746040106+00:00,3608.763053894043,True,300.0,False,2023-11-28T09:02:42.746040106+00:00,True,False,86856a9db028d56aa5566b0d3bbeaea9a4363d014ae9b0aea10b927ed53cd187,53c27d8b64dc3a0ad7097618e85b44cbd23872522ba17161b24aa9af958d086a,30,30,0,1,2,27,3,True,True,True,False,False,False,0.1,60,60,0,17,2,41,19,True,True,True,True,False,False,0.31666666666666665,634,634,0,227,143,264,370,True,True,True,True,True,True,0.583596214511041
0012905a,3,attention,600,10.0,0012905a__day1____2023.11.28T11.47.42p03.00,gpn_data__0012905a__day1____2023.11.28T11.47.42p03.00,2023-11-28T08:47:42.746040106+00:00,3608.763053894043,True,600.0,True,2023-11-28T09:02:42.746040106+00:00,True,True,04f7133fdd38f4927842d067c87dfabd20e409473e10e9e3b74cc1cfa44d57b0,53c27d8b64dc3a0ad7097618e85b44cbd23872522ba17161b24aa9af958d086a,60,60,0,3,3,54,6,True,True,True,True,True,False,0.1,30,30,0,15,1,14,16,True,True,True,False,False,False,0.5333333333333333,634,634,0,227,143,264,370,True,True,True,True,True,True,0.583596214511041
0012905a,3,attention,900,15.0,0012905a__day1____2023.11.28T11.47.42p03.00,gpn_data__0012905a__day1____2023.11.28T11.47.42p03.00,2023-11-28T08:47:42.746040106+00:00,3608.763053894043,True,900.0,True,2023-11-28T09:02:42.746040106+00:00,True,True,993833ba86193214e12f5f3193e54990983485202af2b3b3d2d43f95c92802b1,53c27d8b64dc3a0ad7097618e85b44cbd23872522ba17161b24aa9af958d086a,90,90,0,18,4,68,22,True,True,True,True,True,False,0.24444444444444444,0,0,0,0,0,0,0,False,False,False,False,False,False,,634,634,0,227,143,264,370,True,True,True,True,True,True,0.583596214511041
0012905a,3,engagement,300,5.0,0012905a__day1____2023.11.28T11.47.42p03.00,gpn_data__0012905a__day1____2023.11.28T11.47.42p03.00,2023-11-28T08:47:42.746040106+00:00,3608.763053894043,True,300.0,False,2023-11-28T09:02:42.746040106+00:00,True,False,103bd31c724ebfee0a09e235881a9d2a34fd1de3a12fe2e09dc8b14fc71c4569,1bdf030b93cb0a15a195c5b8851fb92622e48bd07449ea7dcad780809bcefbb7,30,30,0,0,23,7,23,True,False,False,False,False,False,0.7666666666666667,60,60,0,42,6,12,48,True,True,True,True,True,True,0.8,634,634,0,341,173,120,514,True,True,True,True,True,True,0.8107255520504731
0012905a,3,engagement,600,10.0,0012905a__day1____2023.11.28T11.47.42p03.00,gpn_data__0012905a__day1____2023.11.28T11.47.42p03.00,2023-11-28T08:47:42.746040106+00:00,3608.763053894043,True,600.0,True,2023-11-28T09:02:42.746040106+00:00,True,True,2b618561042c1be250c7800380dfb75dd8327d4a1b6b92a1db9b23215435b3ea,1bdf030b93cb0a15a195c5b8851fb92622e48bd07449ea7dcad780809bcefbb7,60,60,0,21,24,15,45,True,True,True,True,True,True,0.75,30,30,0,21,5,4,26,True,True,True,True,True,True,0.8666666666666667,634,634,0,341,173,120,514,True,True,True,True,True,True,0.8107255520504731
0012905a,3,engagement,900,15.0,0012905a__day1____2023.11.28T11.47.42p03.00,gpn_data__0012905a__day1____2023.11.28T11.47.42p03.00,2023-11-28T08:47:42.746040106+00:00,3608.763053894043,True,900.0,True,2023-11-28T09:02:42.746040106+00:00,True,True,c95b891ae0c299dcd7cdaa97bff6ddd36d186e7930326b1c1f5768ee8d7e846c,1bdf030b93cb0a15a195c5b8851fb92622e48bd07449ea7dcad780809bcefbb7,90,90,0,42,29,19,71,True,True,True,True,True,True,0.7888888888888889,0,0,0,0,0,0,0,False,False,False,False,False,False,,634,634,0,341,173,120,514,True,True,True,True,True,True,0.8107255520504731
0012905a,3,excitement,300,5.0,0012905a__day1____2023.11.28T11.47.42p03.00,gpn_data__0012905a__day1____2023.11.28T11.47.42p03.00,2023-11-28T08:47:42.746040106+00:00,3608.763053894043,True,300.0,True,2023-11-28T09:02:42.746040106+00:00,True,True,fbfd8f72522297251458ce348d3740e3216e8c4652d4dea7cd5932bad5efbe78,5e5aaacadd05689aa7d2a68415287ab9ad5864f2bcff8c75325ee286f5f59b97,30,30,0,15,9,6,24,True,True,True,True,True,True,0.8,60,60,0,37,6,17,43,True,True,True,True,True,True,0.7166666666666667,634,634,0,191,253,190,444,True,True,True,True,True,True,0.7003154574132492
0012905a,3,excitement,600,10.0,0012905a__day1____2023.11.28T11.47.42p03.00,gpn_data__0012905a__day1____2023.11.28T11.47.42p03.00,2023-11-28T08:47:42.746040106+00:00,3608.763053894043,True,600.0,True,2023-11-28T09:02:42.746040106+00:00,True,True,24690ceabac6065b69b4caa12dd17447635204cb3b695d9f5788e121f87fb1f7,5e5aaacadd05689aa7d2a68415287ab9ad5864f2bcff8c75325ee286f5f59b97,60,60,0,36,12,12,48,True,True,True,True,True,True,0.8,30,30,0,16,3,11,19,True,True,True,True,True,False,0.6333333333333333,634,634,0,191,253,190,444,True,True,True,True,True,True,0.7003154574132492
0012905a,3,excitement,900,15.0,0012905a__day1____2023.11.28T11.47.42p03.00,gpn_data__0012905a__day1____2023.11.28T11.47.42p03.00,2023-11-28T08:47:42.746040106+00:00,3608.763053894043,True,900.0,True,2023-11-28T09:02:42.746040106+00:00,True,True,a64f52319047b9937be9b8869126a24f69db6d2699fb4e34d6fe4d5dce8efdd4,5e5aaacadd05689aa7d2a68415287ab9ad5864f2bcff8c75325ee286f5f59b97,90,90,0,52,15,23,67,True,True,True,True,True,True,0.7444444444444445,0,0,0,0,0,0,0,False,False,False,False,False,False,,634,634,0,191,253,190,444,True,True,True,True,True,True,0.7003154574132492
0012905a,3,stress,300,5.0,0012905a__day1____2023.11.28T11.47.42p03.00,gpn_data__0012905a__day1____2023.11.28T11.47.42p03.00,2023-11-28T08:47:42.746040106+00:00,3608.763053894043,True,300.0,True,2023-11-28T09:02:42.746040106+00:00,True,True,0f65eef10079c1c70354ea38f226c72aa8f64c884342434cb9cede7c25b830a6,6034af75b8b2a2f7816f63aac967d701c918fe275174c7e919f926ce4270a415,30,30,0,23,5,2,28,True,True,True,True,True,True,0.9333333333333333,60,60,0,48,3,9,51,True,True,True,True,True,False,0.85,634,634,0,235,265,134,500,True,True,True,True,True,True,0.7886435331230284
0012905a,3,stress,600,10.0,0012905a__day1____2023.11.28T11.47.42p03.00,gpn_data__0012905a__day1____2023.11.28T11.47.42p03.00,2023-11-28T08:47:42.746040106+00:00,3608.763053894043,True,600.0,True,2023-11-28T09:02:42.746040106+00:00,True,True,a1b8a2ee1ee36a60e53c2c3f2cd4fcf1b4d266430080604e0354eb8dc825e7d0,6034af75b8b2a2f7816f63aac967d701c918fe275174c7e919f926ce4270a415,60,60,0,49,5,6,54,True,True,True,True,True,True,0.9,30,30,0,22,3,5,25,True,True,True,True,True,False,0.8333333333333334,634,634,0,235,265,134,500,True,True,True,True,True,True,0.7886435331230284
0012905a,3,stress,900,15.0,0012905a__day1____2023.11.28T11.47.42p03.00,gpn_data__0012905a__day1____2023.11.28T11.47.42p03.00,2023-11-28T08:47:42.746040106+00:00,3608.763053894043,True,900.0,True,2023-11-28T09:02:42.746040106+00:00,True,True,d066150a336d344e884e0b109782706082a3bbda44d3f2e9b475daefbffac671,6034af75b8b2a2f7816f63aac967d701c918fe275174c7e919f926ce4270a415,90,90,0,71,8,11,79,True,True,True,True,True,True,0.8777777777777778,0,0,0,0,0,0,0,False,False,False,False,False,False,,634,634,0,235,265,134,500,True,True,True,True,True,True,0.7886435331230284
0012905a,3,relaxation,300,5.0,0012905a__day1____2023.11.28T11.47.42p03.00,gpn_data__0012905a__day1____2023.11.28T11.47.42p03.00,2023-11-28T08:47:42.746040106+00:00,3608.763053894043,True,300.0,True,2023-11-28T09:02:42.746040106+00:00,True,True,883758e450fb31bf5cdf02a512089e17466db5dfed258347d4ffe25a608f2e79,f2eef1ae7db0da4814d1064ac9682ea12b8ae2336dc9d64b64e0f08d54e5e5c3,30,30,0,2,10,18,12,True,True,True,True,False,False,0.4,60,60,0,1,27,32,28,True,True,True,False,False,False,0.4666666666666667,634,634,0,122,220,292,342,True,True,True,True,True,True,0.5394321766561514
0012905a,3,relaxation,600,10.0,0012905a__day1____2023.11.28T11.47.42p03.00,gpn_data__0012905a__day1____2023.11.28T11.47.42p03.00,2023-11-28T08:47:42.746040106+00:00,3608.763053894043,True,600.0,True,2023-11-28T09:02:42.746040106+00:00,True,True,04948b7d6934342b1f178ce504b5deee327eef21ee400e60444d80c41bfc9ff9,f2eef1ae7db0da4814d1064ac9682ea12b8ae2336dc9d64b64e0f08d54e5e5c3,60,60,0,2,21,37,23,True,True,True,True,False,False,0.38333333333333336,30,30,0,1,16,13,17,True,True,True,False,False,False,0.5666666666666667,634,634,0,122,220,292,342,True,True,True,True,True,True,0.5394321766561514
0012905a,3,relaxation,900,15.0,0012905a__day1____2023.11.28T11.47.42p03.00,gpn_data__0012905a__day1____2023.11.28T11.47.42p03.00,2023-11-28T08:47:42.746040106+00:00,3608.763053894043,True,900.0,True,2023-11-28T09:02:42.746040106+00:00,True,True,6d9d091da3da8ccd2f257e88bf6fe27f0ed462342542e1a13c5e3a460c436474,f2eef1ae7db0da4814d1064ac9682ea12b8ae2336dc9d64b64e0f08d54e5e5c3,90,90,0,3,37,50,40,True,True,True,True,True,False,0.4444444444444444,0,0,0,0,0,0,0,False,False,False,False,False,False,,634,634,0,122,220,292,342,True,True,True,True,True,True,0.5394321766561514
0012905a,3,interest,300,5.0,0012905a__day1____2023.11.28T11.47.42p03.00,gpn_data__0012905a__day1____2023.11.28T11.47.42p03.00,2023-11-28T08:47:42.746040106+00:00,3608.763053894043,True,300.0,True,2023-11-28T09:02:42.746040106+00:00,True,True,59a9eb384cf81e8b03033f592ec3bfa60e9e9e28443781b0f125122282211df0,223b295b0c4adf1a4ce5afe70e160aa8a919dc2a9e89924450931cf6de71e854,30,30,0,13,8,9,21,True,True,True,True,True,True,0.7,60,60,0,23,20,17,43,True,True,True,True,True,True,0.7166666666666667,634,634,0,261,241,132,502,True,True,True,True,True,True,0.7917981072555205
0012905a,3,interest,600,10.0,0012905a__day1____2023.11.28T11.47.42p03.00,gpn_data__0012905a__day1____2023.11.28T11.47.42p03.00,2023-11-28T08:47:42.746040106+00:00,3608.763053894043,True,600.0,True,2023-11-28T09:02:42.746040106+00:00,True,True,28866c992d372c66a690923a3bb3d0823c21637c7ac71ff6cf2039dc7ff6228d,223b295b0c4adf1a4ce5afe70e160aa8a919dc2a9e89924450931cf6de71e854,60,60,0,29,12,19,41,True,True,True,True,True,True,0.6833333333333333,30,30,0,7,16,7,23,True,True,True,True,True,True,0.7666666666666667,634,634,0,261,241,132,502,True,True,True,True,True,True,0.7917981072555205
0012905a,3,interest,900,15.0,0012905a__day1____2023.11.28T11.47.42p03.00,gpn_data__0012905a__day1____2023.11.28T11.47.42p03.00,2023-11-28T08:47:42.746040106+00:00,3608.763053894043,True,900.0,True,2023-11-28T09:02:42.746040106+00:00,True,True,27a88b85b6ae334bf8d9bab75b814c50f53b1f2c8252d4c5b2affbc667e3fc41,223b295b0c4adf1a4ce5afe70e160aa8a919dc2a9e89924450931cf6de71e854,90,90,0,36,28,26,64,True,True,True,True,True,True,0.7111111111111111,0,0,0,0,0,0,0,False,False,False,False,False,False,,634,634,0,261,241,132,502,True,True,True,True,True,True,0.7917981072555205
0012905a,3,focus,300,5.0,0012905a__day1____2023.11.28T11.47.42p03.00,gpn_data__0012905a__day1____2023.11.28T11.47.42p03.00,2023-11-28T08:47:42.746040106+00:00,3608.763053894043,True,300.0,True,2023-11-28T09:02:42.746040106+00:00,True,True,82fcec88ae23e50137ca1b8091a0c1af89f4a81ff69beb959d01398c90040081,55d40fcd763dbe475c10783c4af1a79920f80fb5766a9469e9a40c7eb78a8686,30,30,0,20,4,6,24,True,True,True,True,True,False,0.8,60,60,0,56,0,4,56,True,False,False,False,False,False,0.9333333333333333,634,634,0,207,211,216,418,True,True,True,True,True,True,0.6593059936908517
0012905a,3,focus,600,10.0,0012905a__day1____2023.11.28T11.47.42p03.00,gpn_data__0012905a__day1____2023.11.28T11.47.42p03.00,2023-11-28T08:47:42.746040106+00:00,3608.763053894043,True,600.0,True,2023-11-28T09:02:42.746040106+00:00,True,True,e03c3dfc0137082fccac20fb832607c00177971408762d5a686b0b42e5c7f9ae,55d40fcd763dbe475c10783c4af1a79920f80fb5766a9469e9a40c7eb78a8686,60,60,0,47,4,9,51,True,True,True,True,True,False,0.85,30,30,0,29,0,1,29,True,False,False,False,False,False,0.9666666666666667,634,634,0,207,211,216,418,True,True,True,True,True,True,0.6593059936908517
0012905a,3,focus,900,15.0,0012905a__day1____2023.11.28T11.47.42p03.00,gpn_data__0012905a__day1____2023.11.28T11.47.42p03.00,2023-11-28T08:47:42.746040106+00:00,3608.763053894043,True,900.0,True,2023-11-28T09:02:42.746040106+00:00,True,True,f35c1588f84a2b58ca4d7f4a3d015ccee6e695cf9a1edf85b0f8d69462260039,55d40fcd763dbe475c10783c4af1a79920f80fb5766a9469e9a40c7eb78a8686,90,90,0,76,4,10,80,True,True,True,True,True,False,0.8888888888888888,0,0,0,0,0,0,0,False,False,False,False,False,False,,634,634,0,207,211,216,418,True,True,True,True,True,True,0.6593059936908517
0110f12e,5,attention,300,5.0,0110f12e__day1____2023.12.04T18.03.21p03.00,gpn_data__0110f12e__day1____2023.12.04T18.03.21p03.00,2023-12-04T15:03:21.225979090+00:00,4937.631212949753,True,300.0,True,2023-12-04T15:18:21.225979090+00:00,True,True,036aa632bf2fc660f5834a84ae004f558266f1075be5255542186244dd1906ce,bc2da8a04d495fa7eed2ae861cfaf96d5f1231f3e2148cec99cc08586bbc891c,30,30,0,13,7,10,20,True,True,True,True,True,True,0.6666666666666666,60,59,1,26,17,16,43,True,True,True,True,True,True,0.7288135593220338,585,585,0,155,228,202,383,True,True,True,True,True,True,0.6547008547008547
0110f12e,5,attention,600,10.0,0110f12e__day1____2023.12.04T18.03.21p03.00,gpn_data__0110f12e__day1____2023.12.04T18.03.21p03.00,2023-12-04T15:03:21.225979090+00:00,4937.631212949753,True,600.0,True,2023-12-04T15:18:21.225979090+00:00,True,True,b84b2f281e2e1b51aea998f0f86c08bee381779dcbe590e5308439a492eb5faf,bc2da8a04d495fa7eed2ae861cfaf96d5f1231f3e2148cec99cc08586bbc891c,60,60,0,30,14,16,44,True,True,True,True,True,True,0.7333333333333333,30,29,1,9,10,10,19,True,True,True,True,True,True,0.6551724137931034,585,585,0,155,228,202,383,True,True,True,True,True,True,0.6547008547008547
0110f12e,5,attention,900,15.0,0110f12e__day1____2023.12.04T18.03.21p03.00,gpn_data__0110f12e__day1____2023.12.04T18.03.21p03.00,2023-12-04T15:03:21.225979090+00:00,4937.631212949753,True,900.0,True,2023-12-04T15:18:21.225979090+00:00,True,True,1bffb33d749a574b7aeaef731ac98bf7cef6b0f6136cb6e0c794cbb768a180f2,bc2da8a04d495fa7eed2ae861cfaf96d5f1231f3e2148cec99cc08586bbc891c,90,89,1,39,24,26,63,True,True,True,True,True,True,0.7078651685393258,0,0,0,0,0,0,0,False,False,False,False,False,False,,585,585,0,155,228,202,383,True,True,True,True,True,True,0.6547008547008547
0110f12e,5,engagement,300,5.0,0110f12e__day1____2023.12.04T18.03.21p03.00,gpn_data__0110f12e__day1____2023.12.04T18.03.21p03.00,2023-12-04T15:03:21.225979090+00:00,4937.631212949753,True,300.0,False,2023-12-04T15:18:21.225979090+00:00,True,False,e21b9fce60852b147ee8137ed90695c06d78ea3f3cadf10b7b1202419f41d57f,1ae6f68b2ac9993495ffb409060fb273633689f78243fdbbe8ca6a53a000a774,30,30,0,0,29,1,29,True,False,False,False,False,False,0.9666666666666667,60,60,0,3,30,27,33,True,True,True,True,True,False,0.55,585,585,0,197,192,196,389,True,True,True,True,True,True,0.6649572649572649
0110f12e,5,engagement,600,10.0,0110f12e__day1____2023.12.04T18.03.21p03.00,gpn_data__0110f12e__day1____2023.12.04T18.03.21p03.00,2023-12-04T15:03:21.225979090+00:00,4937.631212949753,True,600.0,False,2023-12-04T15:18:21.225979090+00:00,True,False,133360b3aaa32727a43767ff29cdafbf23cb937170173334fba19920c3e46ddd,1ae6f68b2ac9993495ffb409060fb273633689f78243fdbbe8ca6a53a000a774,60,60,0,0,54,6,54,True,False,False,False,False,False,0.9,30,30,0,3,5,22,8,True,True,True,True,True,False,0.26666666666666666,585,585,0,197,192,196,389,True,True,True,True,True,True,0.6649572649572649
0110f12e,5,engagement,900,15.0,0110f12e__day1____2023.12.04T18.03.21p03.00,gpn_data__0110f12e__day1____2023.12.04T18.03.21p03.00,2023-12-04T15:03:21.225979090+00:00,4937.631212949753,True,900.0,True,2023-12-04T15:18:21.225979090+00:00,True,True,e1c16c0c132dd1d95fdffbcad45fdc5d60faa4413ce0d4cfd395201281067fe6,1ae6f68b2ac9993495ffb409060fb273633689f78243fdbbe8ca6a53a000a774,90,90,0,3,59,28,62,True,True,True,True,True,False,0.6888888888888889,0,0,0,0,0,0,0,False,False,False,False,False,False,,585,585,0,197,192,196,389,True,True,True,True,True,True,0.6649572649572649
0110f12e,5,excitement,300,5.0,0110f12e__day1____2023.12.04T18.03.21p03.00,gpn_data__0110f12e__day1____2023.12.04T18.03.21p03.00,2023-12-04T15:03:21.225979090+00:00,4937.631212949753,True,300.0,True,2023-12-04T15:18:21.225979090+00:00,True,True,ba65dc517c6d38944dd83e40bf7606b410d10d30bb4c3f8a8a797851e8049cc5,970cfe02bde8b261f37a79e9d2aad1811da98f45c0796e355222f78b864c5007,30,30,0,5,8,17,13,True,True,True,True,True,True,0.43333333333333335,60,60,0,17,14,29,31,True,True,True,True,True,True,0.5166666666666667,585,585,0,184,184,217,368,True,True,True,True,True,True,0.629059829059829
0110f12e,5,excitement,600,10.0,0110f12e__day1____2023.12.04T18.03.21p03.00,gpn_data__0110f12e__day1____2023.12.04T18.03.21p03.00,2023-12-04T15:03:21.225979090+00:00,4937.631212949753,True,600.0,True,2023-12-04T15:18:21.225979090+00:00,True,True,151be09a47ffaf8d2f02eb731da2ddd7a5b84079cdb8c23e9c918110dc09db09,970cfe02bde8b261f37a79e9d2aad1811da98f45c0796e355222f78b864c5007,60,60,0,12,14,34,26,True,True,True,True,True,True,0.43333333333333335,30,30,0,10,8,12,18,True,True,True,True,True,True,0.6,585,585,0,184,184,217,368,True,True,True,True,True,True,0.629059829059829
0110f12e,5,excitement,900,15.0,0110f12e__day1____2023.12.04T18.03.21p03.00,gpn_data__0110f12e__day1____2023.12.04T18.03.21p03.00,2023-12-04T15:03:21.225979090+00:00,4937.631212949753,True,900.0,True,2023-12-04T15:18:21.225979090+00:00,True,True,2d0516007688ec86e70061021888a2d0b4ed41da68cd794d2cf8727978306f14,970cfe02bde8b261f37a79e9d2aad1811da98f45c0796e355222f78b864c5007,90,90,0,22,22,46,44,True,True,True,True,True,True,0.4888888888888889,0,0,0,0,0,0,0,False,False,False,False,False,False,,585,585,0,184,184,217,368,True,True,True,True,True,True,0.629059829059829
0110f12e,5,stress,300,5.0,0110f12e__day1____2023.12.04T18.03.21p03.00,gpn_data__0110f12e__day1____2023.12.04T18.03.21p03.00,2023-12-04T15:03:21.225979090+00:00,4937.631212949753,True,300.0,True,2023-12-04T15:18:21.225979090+00:00,True,True,165e3afb4c0af1571e8b84e7ce657aed2a8a0a5b3d1a0a930845b9bb1efdd302,29e06c732ce69549b63cb2082569cfb57e86eafa3f07bc94b9b079acbc1574c6,30,30,0,23,3,4,26,True,True,True,True,True,False,0.8666666666666667,60,60,0,33,9,18,42,True,True,True,True,True,True,0.7,585,585,0,205,217,163,422,True,True,True,True,True,True,0.7213675213675214
0110f12e,5,stress,600,10.0,0110f12e__day1____2023.12.04T18.03.21p03.00,gpn_data__0110f12e__day1____2023.12.04T18.03.21p03.00,2023-12-04T15:03:21.225979090+00:00,4937.631212949753,True,600.0,True,2023-12-04T15:18:21.225979090+00:00,True,True,73643d79e2058dcf31bf70ee9932d754d79c3e08a926b324764ee789f4a15496,29e06c732ce69549b63cb2082569cfb57e86eafa3f07bc94b9b079acbc1574c6,60,60,0,40,8,12,48,True,True,True,True,True,True,0.8,30,30,0,16,4,10,20,True,True,True,True,True,False,0.6666666666666666,585,585,0,205,217,163,422,True,True,True,True,True,True,0.7213675213675214
0110f12e,5,stress,900,15.0,0110f12e__day1____2023.12.04T18.03.21p03.00,gpn_data__0110f12e__day1____2023.12.04T18.03.21p03.00,2023-12-04T15:03:21.225979090+00:00,4937.631212949753,True,900.0,True,2023-12-04T15:18:21.225979090+00:00,True,True,b92861d8ab02d222764944bc5af00bad59201355aeeaddc9324a82ef2e2a132e,29e06c732ce69549b63cb2082569cfb57e86eafa3f07bc94b9b079acbc1574c6,90,90,0,56,12,22,68,True,True,True,True,True,True,0.7555555555555555,0,0,0,0,0,0,0,False,False,False,False,False,False,,585,585,0,205,217,163,422,True,True,True,True,True,True,0.7213675213675214
0110f12e,5,relaxation,300,5.0,0110f12e__day1____2023.12.04T18.03.21p03.00,gpn_data__0110f12e__day1____2023.12.04T18.03.21p03.00,2023-12-04T15:03:21.225979090+00:00,4937.631212949753,True,300.0,True,2023-12-04T15:18:21.225979090+00:00,True,True,87d54349891e7a6aed593f1e6de9b4734b6c392b21e83da9666d6159c53ab8b7,0276d6e42bab51738fb24577194d22116fedb9deb8ff042d6e77c918d4f9f725,30,30,0,7,3,20,10,True,True,True,True,True,False,0.3333333333333333,60,60,0,32,6,22,38,True,True,True,True,True,True,0.6333333333333333,585,585,0,168,249,168,417,True,True,True,True,True,True,0.7128205128205128
0110f12e,5,relaxation,600,10.0,0110f12e__day1____2023.12.04T18.03.21p03.00,gpn_data__0110f12e__day1____2023.12.04T18.03.21p03.00,2023-12-04T15:03:21.225979090+00:00,4937.631212949753,True,600.0,True,2023-12-04T15:18:21.225979090+00:00,True,True,3eab927724f574a782c6c139cb15cc201f65472c929cb3333a3a8fc520244432,0276d6e42bab51738fb24577194d22116fedb9deb8ff042d6e77c918d4f9f725,60,60,0,23,5,32,28,True,True,True,True,True,True,0.4666666666666667,30,30,0,16,4,10,20,True,True,True,True,True,False,0.6666666666666666,585,585,0,168,249,168,417,True,True,True,True,True,True,0.7128205128205128
0110f12e,5,relaxation,900,15.0,0110f12e__day1____2023.12.04T18.03.21p03.00,gpn_data__0110f12e__day1____2023.12.04T18.03.21p03.00,2023-12-04T15:03:21.225979090+00:00,4937.631212949753,True,900.0,True,2023-12-04T15:18:21.225979090+00:00,True,True,e8c2f6bab39a3888dfc4038ef7db4aef7614c3745f02e9c0dec1e340f8d5bd26,0276d6e42bab51738fb24577194d22116fedb9deb8ff042d6e77c918d4f9f725,90,90,0,39,9,42,48,True,True,True,True,True,True,0.5333333333333333,0,0,0,0,0,0,0,False,False,False,False,False,False,,585,585,0,168,249,168,417,True,True,True,True,True,True,0.7128205128205128
0110f12e,5,interest,300,5.0,0110f12e__day1____2023.12.04T18.03.21p03.00,gpn_data__0110f12e__day1____2023.12.04T18.03.21p03.00,2023-12-04T15:03:21.225979090+00:00,4937.631212949753,True,300.0,True,2023-12-04T15:18:21.225979090+00:00,True,True,cb98ca519d370d4c281ffb522df62118f68bd3f42211ddffeab38300cc724f86,4875d2bb6008c3d54aac5df5aab6bf44b67a6ba796cc3e06c1206efef5b3c636,30,30,0,19,2,9,21,True,True,True,True,False,False,0.7,60,60,0,16,5,39,21,True,True,True,True,True,True,0.35,585,585,0,100,229,256,329,True,True,True,True,True,True,0.5623931623931624
0110f12e,5,interest,600,10.0,0110f12e__day1____2023.12.04T18.03.21p03.00,gpn_data__0110f12e__day1____2023.12.04T18.03.21p03.00,2023-12-04T15:03:21.225979090+00:00,4937.631212949753,True,600.0,True,2023-12-04T15:18:21.225979090+00:00,True,True,76edd7fbd06aa0b148c31b5eb7260994eb84e363b4a43604f2f2660287f4a743,4875d2bb6008c3d54aac5df5aab6bf44b67a6ba796cc3e06c1206efef5b3c636,60,60,0,29,3,28,32,True,True,True,True,True,False,0.5333333333333333,30,30,0,6,4,20,10,True,True,True,True,True,False,0.3333333333333333,585,585,0,100,229,256,329,True,True,True,True,True,True,0.5623931623931624
0110f12e,5,interest,900,15.0,0110f12e__day1____2023.12.04T18.03.21p03.00,gpn_data__0110f12e__day1____2023.12.04T18.03.21p03.00,2023-12-04T15:03:21.225979090+00:00,4937.631212949753,True,900.0,True,2023-12-04T15:18:21.225979090+00:00,True,True,745db6ddee26d9135fc20a53e69d30f3ee76899ce0a8b1409635fc5a2da0e1fb,4875d2bb6008c3d54aac5df5aab6bf44b67a6ba796cc3e06c1206efef5b3c636,90,90,0,35,7,48,42,True,True,True,True,True,True,0.4666666666666667,0,0,0,0,0,0,0,False,False,False,False,False,False,,585,585,0,100,229,256,329,True,True,True,True,True,True,0.5623931623931624
0110f12e,5,focus,300,5.0,0110f12e__day1____2023.12.04T18.03.21p03.00,gpn_data__0110f12e__day1____2023.12.04T18.03.21p03.00,2023-12-04T15:03:21.225979090+00:00,4937.631212949753,True,300.0,True,2023-12-04T15:18:21.225979090+00:00,True,True,cbcc1882b16e716cec10635974d02ba5f6d0352e586cbdac348ade0c679f1870,4de2426109ca7993f1dc55e609923762b5a3933b324eb2c67523d493d172be64,30,30,0,10,3,17,13,True,True,True,True,True,False,0.43333333333333335,60,60,0,8,10,42,18,True,True,True,True,True,True,0.3,585,585,0,201,154,230,355,True,True,True,True,True,True,0.6068376068376068
0110f12e,5,focus,600,10.0,0110f12e__day1____2023.12.04T18.03.21p03.00,gpn_data__0110f12e__day1____2023.12.04T18.03.21p03.00,2023-12-04T15:03:21.225979090+00:00,4937.631212949753,True,600.0,True,2023-12-04T15:18:21.225979090+00:00,True,True,4b7fa6c90503263f33519e1586af93e0c8a7bbf5c7ffcf189865d0880f3c9dda,4de2426109ca7993f1dc55e609923762b5a3933b324eb2c67523d493d172be64,60,60,0,12,9,39,21,True,True,True,True,True,True,0.35,30,30,0,6,4,20,10,True,True,True,True,True,False,0.3333333333333333,585,585,0,201,154,230,355,True,True,True,True,True,True,0.6068376068376068
0110f12e,5,focus,900,15.0,0110f12e__day1____2023.12.04T18.03.21p03.00,gpn_data__0110f12e__day1____2023.12.04T18.03.21p03.00,2023-12-04T15:03:21.225979090+00:00,4937.631212949753,True,900.0,True,2023-12-04T15:18:21.225979090+00:00,True,True,4700ab84388cc2a7974c27d2d5dd187f0cea827be8e7ff1e515dc961b26b65db,4de2426109ca7993f1dc55e609923762b5a3933b324eb2c67523d493d172be64,90,90,0,18,13,59,31,True,True,True,True,True,True,0.34444444444444444,0,0,0,0,0,0,0,False,False,False,False,False,False,,585,585,0,201,154,230,355,True,True,True,True,True,True,0.6068376068376068
0182e16c,5,attention,300,5.0,0182e16c__day1____2023.11.27T13.58.33p03.00,gpn_data__0182e16c__day1____2023.11.27T13.58.33p03.00,2023-11-27T10:58:33.791934967+00:00,2943.381812095642,True,300.0,False,2023-11-27T11:13:33.791934967+00:00,True,False,0e4bd280edea3d5b177a2cddd4a6cdba76af13757d6f223a85439d9c89c527b6,8fb1770ad090c3df053961878fc70a1a433849ffaaa9343a4af704991277048b,30,30,0,29,0,1,29,True,False,False,False,False,False,0.9666666666666667,60,60,0,22,5,33,27,True,True,True,True,True,True,0.45,415,415,0,209,119,87,328,True,True,True,True,True,True,0.7903614457831325
0182e16c,5,attention,600,10.0,0182e16c__day1____2023.11.27T13.58.33p03.00,gpn_data__0182e16c__day1____2023.11.27T13.58.33p03.00,2023-11-27T10:58:33.791934967+00:00,2943.381812095642,True,600.0,True,2023-11-27T11:13:33.791934967+00:00,True,True,57d595642b438a9d0f93a1036b4de601dedefe63f9be1bc67e381eb0833313c0,8fb1770ad090c3df053961878fc70a1a433849ffaaa9343a4af704991277048b,60,60,0,37,5,18,42,True,True,True,True,True,True,0.7,30,30,0,14,0,16,14,True,False,False,False,False,False,0.4666666666666667,415,415,0,209,119,87,328,True,True,True,True,True,True,0.7903614457831325
0182e16c,5,attention,900,15.0,0182e16c__day1____2023.11.27T13.58.33p03.00,gpn_data__0182e16c__day1____2023.11.27T13.58.33p03.00,2023-11-27T10:58:33.791934967+00:00,2943.381812095642,True,900.0,True,2023-11-27T11:13:33.791934967+00:00,True,True,0c82771920c8dbefed1725872e38e9e0bd782bce163c06b18e5f1598f780becb,8fb1770ad090c3df053961878fc70a1a433849ffaaa9343a4af704991277048b,90,90,0,51,5,34,56,True,True,True,True,True,True,0.6222222222222222,0,0,0,0,0,0,0,False,False,False,False,False,False,,415,415,0,209,119,87,328,True,True,True,True,True,True,0.7903614457831325
0182e16c,5,engagement,300,5.0,0182e16c__day1____2023.11.27T13.58.33p03.00,gpn_data__0182e16c__day1____2023.11.27T13.58.33p03.00,2023-11-27T10:58:33.791934967+00:00,2943.381812095642,True,300.0,False,2023-11-27T11:13:33.791934967+00:00,True,False,9a29a2a0314da33378976b132422fe9e067750cd72704f16ef31fd709409b445,4580cefafcff6b6c345dee87cab1b055f0db0f689e8a4e7c7e5cb12453ef7e94,30,30,0,0,30,0,30,True,False,False,False,False,False,1.0,60,60,0,0,35,25,35,True,False,False,False,False,False,0.5833333333333334,415,415,0,119,171,125,290,True,True,True,True,True,True,0.6987951807228916
0182e16c,5,engagement,600,10.0,0182e16c__day1____2023.11.27T13.58.33p03.00,gpn_data__0182e16c__day1____2023.11.27T13.58.33p03.00,2023-11-27T10:58:33.791934967+00:00,2943.381812095642,True,600.0,False,2023-11-27T11:13:33.791934967+00:00,True,False,2ee37fce2e6c041284d094e70e6ed670b69329753541db1f70f5a8c331d54eac,4580cefafcff6b6c345dee87cab1b055f0db0f689e8a4e7c7e5cb12453ef7e94,60,60,0,0,53,7,53,True,False,False,False,False,False,0.8833333333333333,30,30,0,0,12,18,12,True,False,False,False,False,False,0.4,415,415,0,119,171,125,290,True,True,True,True,True,True,0.6987951807228916
0182e16c,5,engagement,900,15.0,0182e16c__day1____2023.11.27T13.58.33p03.00,gpn_data__0182e16c__day1____2023.11.27T13.58.33p03.00,2023-11-27T10:58:33.791934967+00:00,2943.381812095642,True,900.0,False,2023-11-27T11:13:33.791934967+00:00,True,False,bf4999171ff54bedce5d8528e7cbc7049b5831ad13dbbf439f5717a226be53aa,4580cefafcff6b6c345dee87cab1b055f0db0f689e8a4e7c7e5cb12453ef7e94,90,90,0,0,65,25,65,True,False,False,False,False,False,0.7222222222222222,0,0,0,0,0,0,0,False,False,False,False,False,False,,415,415,0,119,171,125,290,True,True,True,True,True,True,0.6987951807228916
0182e16c,5,excitement,300,5.0,0182e16c__day1____2023.11.27T13.58.33p03.00,gpn_data__0182e16c__day1____2023.11.27T13.58.33p03.00,2023-11-27T10:58:33.791934967+00:00,2943.381812095642,True,300.0,False,2023-11-27T11:13:33.791934967+00:00,True,False,93e1429f73df4fb7548f8b86f40407a6aac5d82bbce182a6102bc672084c9bee,7777f252803340c88675c75f084ac767affbc7aabcfa988309f1b17777369e01,30,30,0,24,0,6,24,True,False,False,False,False,False,0.8,60,60,0,56,2,2,58,True,True,True,True,False,False,0.9666666666666667,415,415,0,288,31,96,319,True,True,True,True,True,True,0.7686746987951807
0182e16c,5,excitement,600,10.0,0182e16c__day1____2023.11.27T13.58.33p03.00,gpn_data__0182e16c__day1____2023.11.27T13.58.33p03.00,2023-11-27T10:58:33.791934967+00:00,2943.381812095642,True,600.0,True,2023-11-27T11:13:33.791934967+00:00,True,True,288111f2087498ea937187cd3b5203a2ba94006067f6352ed0fa1f3c8fcc9a42,7777f252803340c88675c75f084ac767affbc7aabcfa988309f1b17777369e01,60,60,0,50,2,8,52,True,True,True,True,False,False,0.8666666666666667,30,30,0,30,0,0,30,True,False,False,False,False,False,1.0,415,415,0,288,31,96,319,True,True,True,True,True,True,0.7686746987951807
0182e16c,5,excitement,900,15.0,0182e16c__day1____2023.11.27T13.58.33p03.00,gpn_data__0182e16c__day1____2023.11.27T13.58.33p03.00,2023-11-27T10:58:33.791934967+00:00,2943.381812095642,True,900.0,True,2023-11-27T11:13:33.791934967+00:00,True,True,e9054192e808278018c59d5722e7e9ae404b179dd925ea59a43c99be81df5ddc,7777f252803340c88675c75f084ac767affbc7aabcfa988309f1b17777369e01,90,90,0,80,2,8,82,True,True,True,True,False,False,0.9111111111111111,0,0,0,0,0,0,0,False,False,False,False,False,False,,415,415,0,288,31,96,319,True,True,True,True,True,True,0.7686746987951807
0182e16c,5,stress,300,5.0,0182e16c__day1____2023.11.27T13.58.33p03.00,gpn_data__0182e16c__day1____2023.11.27T13.58.33p03.00,2023-11-27T10:58:33.791934967+00:00,2943.381812095642,True,300.0,True,2023-11-27T11:13:33.791934967+00:00,True,True,95a33c61ac814716b22e913fc16b08233c101fb21f52fd7dde086ba29d154fc5,acd7ddce6977cf08c4e8fd724fe76018d4312be5916601bed0d2568e560044fc,30,30,0,11,14,5,25,True,True,True,True,True,True,0.8333333333333334,60,60,0,17,38,5,55,True,True,True,True,True,True,0.9166666666666666,415,415,0,98,164,153,262,True,True,True,True,True,True,0.6313253012048192
0182e16c,5,stress,600,10.0,0182e16c__day1____2023.11.27T13.58.33p03.00,gpn_data__0182e16c__day1____2023.11.27T13.58.33p03.00,2023-11-27T10:58:33.791934967+00:00,2943.381812095642,True,600.0,True,2023-11-27T11:13:33.791934967+00:00,True,True,ddfbef6a6bd0a336e816a7a51d720d70db021f7a5833fbf5bc24ba5bed02e3c1,acd7ddce6977cf08c4e8fd724fe76018d4312be5916601bed0d2568e560044fc,60,60,0,17,36,7,53,True,True,True,True,True,True,0.8833333333333333,30,30,0,11,16,3,27,True,True,True,True,True,True,0.9,415,415,0,98,164,153,262,True,True,True,True,True,True,0.6313253012048192
0182e16c,5,stress,900,15.0,0182e16c__day1____2023.11.27T13.58.33p03.00,gpn_data__0182e16c__day1____2023.11.27T13.58.33p03.00,2023-11-27T10:58:33.791934967+00:00,2943.381812095642,True,900.0,True,2023-11-27T11:13:33.791934967+00:00,True,True,81e3a39bbf26aa82b6439f3bb960cdcd6987e9f644f52408f868851fe35c7b8a,acd7ddce6977cf08c4e8fd724fe76018d4312be5916601bed0d2568e560044fc,90,90,0,28,52,10,80,True,True,True,True,True,True,0.8888888888888888,0,0,0,0,0,0,0,False,False,False,False,False,False,,415,415,0,98,164,153,262,True,True,True,True,True,True,0.6313253012048192
0182e16c,5,relaxation,300,5.0,0182e16c__day1____2023.11.27T13.58.33p03.00,gpn_data__0182e16c__day1____2023.11.27T13.58.33p03.00,2023-11-27T10:58:33.791934967+00:00,2943.381812095642,True,300.0,False,2023-11-27T11:13:33.791934967+00:00,True,False,7d41683de12367348af5aa9efea4e3e318ccd34003adf9cee8c9a0fe2bde1c28,ea2e7458cb71b08b2ea78a53ed92261dfa77bb86988c3aa28099607230983b51,30,30,0,0,2,28,2,True,False,False,False,False,False,0.06666666666666667,60,60,0,17,1,42,18,True,True,True,False,False,False,0.3,415,415,0,271,40,104,311,True,True,True,True,True,True,0.7493975903614458
0182e16c,5,relaxation,600,10.0,0182e16c__day1____2023.11.27T13.58.33p03.00,gpn_data__0182e16c__day1____2023.11.27T13.58.33p03.00,2023-11-27T10:58:33.791934967+00:00,2943.381812095642,True,600.0,False,2023-11-27T11:13:33.791934967+00:00,True,False,3fbbd98fd288df1542febfc8622a591b5171d826774cb61d54d41cd3700cafde,ea2e7458cb71b08b2ea78a53ed92261dfa77bb86988c3aa28099607230983b51,60,60,0,0,3,57,3,True,False,False,False,False,False,0.05,30,30,0,17,0,13,17,True,False,False,False,False,False,0.5666666666666667,415,415,0,271,40,104,311,True,True,True,True,True,True,0.7493975903614458
0182e16c,5,relaxation,900,15.0,0182e16c__day1____2023.11.27T13.58.33p03.00,gpn_data__0182e16c__day1____2023.11.27T13.58.33p03.00,2023-11-27T10:58:33.791934967+00:00,2943.381812095642,True,900.0,True,2023-11-27T11:13:33.791934967+00:00,True,True,2bfd0777c47aa8481d419f178ad0aedb8da9d6369cd76a09cf75342e611d23d1,ea2e7458cb71b08b2ea78a53ed92261dfa77bb86988c3aa28099607230983b51,90,90,0,17,3,70,20,True,True,True,True,True,False,0.2222222222222222,0,0,0,0,0,0,0,False,False,False,False,False,False,,415,415,0,271,40,104,311,True,True,True,True,True,True,0.7493975903614458
0182e16c,5,interest,300,5.0,0182e16c__day1____2023.11.27T13.58.33p03.00,gpn_data__0182e16c__day1____2023.11.27T13.58.33p03.00,2023-11-27T10:58:33.791934967+00:00,2943.381812095642,True,300.0,True,2023-11-27T11:13:33.791934967+00:00,True,True,441c41f23dec827921b3f6873541913d40b67a57cb2fbf5b6f08969e4b8405a8,edbd4d46fad012b529dacc41fab4c382687f0cd1d61d499c91438bc559f88d59,30,30,0,9,10,11,19,True,True,True,True,True,True,0.6333333333333333,60,60,0,0,44,16,44,True,False,False,False,False,False,0.7333333333333333,415,415,0,101,211,103,312,True,True,True,True,True,True,0.7518072289156627
0182e16c,5,interest,600,10.0,0182e16c__day1____2023.11.27T13.58.33p03.00,gpn_data__0182e16c__day1____2023.11.27T13.58.33p03.00,2023-11-27T10:58:33.791934967+00:00,2943.381812095642,True,600.0,True,2023-11-27T11:13:33.791934967+00:00,True,True,183f9fad07d4ad8b28eacd8e1dcbd1d3f119b0a429fd0c908f226f619b56e01e,edbd4d46fad012b529dacc41fab4c382687f0cd1d61d499c91438bc559f88d59,60,60,0,9,34,17,43,True,True,True,True,True,True,0.7166666666666667,30,30,0,0,20,10,20,True,False,False,False,False,False,0.6666666666666666,415,415,0,101,211,103,312,True,True,True,True,True,True,0.7518072289156627
0182e16c,5,interest,900,15.0,0182e16c__day1____2023.11.27T13.58.33p03.00,gpn_data__0182e16c__day1____2023.11.27T13.58.33p03.00,2023-11-27T10:58:33.791934967+00:00,2943.381812095642,True,900.0,True,2023-11-27T11:13:33.791934967+00:00,True,True,5a49709f0c19359a3c2d297ad5f337a1badfbf92149e2dd1f75637d5138241f4,edbd4d46fad012b529dacc41fab4c382687f0cd1d61d499c91438bc559f88d59,90,90,0,9,54,27,63,True,True,True,True,True,True,0.7,0,0,0,0,0,0,0,False,False,False,False,False,False,,415,415,0,101,211,103,312,True,True,True,True,True,True,0.7518072289156627
0182e16c,5,focus,300,5.0,0182e16c__day1____2023.11.27T13.58.33p03.00,gpn_data__0182e16c__day1____2023.11.27T13.58.33p03.00,2023-11-27T10:58:33.791934967+00:00,2943.381812095642,True,300.0,False,2023-11-27T11:13:33.791934967+00:00,True,False,ab19c6630b64050ae3dd6b821fe4ae0486ba372834cbb855071de24a5e9bea8c,123eb5235887859264f4a464aea8095a3146745638152bc686a84106a0018e12,30,30,0,23,0,7,23,True,False,False,False,False,False,0.7666666666666667,60,60,0,32,6,22,38,True,True,True,True,True,True,0.6333333333333333,415,415,0,224,66,125,290,True,True,True,True,True,True,0.6987951807228916
0182e16c,5,focus,600,10.0,0182e16c__day1____2023.11.27T13.58.33p03.00,gpn_data__0182e16c__day1____2023.11.27T13.58.33p03.00,2023-11-27T10:58:33.791934967+00:00,2943.381812095642,True,600.0,True,2023-11-27T11:13:33.791934967+00:00,True,True,57aeb1d6067969b8e8d9302d3eb89f1fc464c73acebdb4199b2609e5d3243f4f,123eb5235887859264f4a464aea8095a3146745638152bc686a84106a0018e12,60,60,0,37,3,20,40,True,True,True,True,True,False,0.6666666666666666,30,30,0,18,3,9,21,True,True,True,True,True,False,0.7,415,415,0,224,66,125,290,True,True,True,True,True,True,0.6987951807228916
0182e16c,5,focus,900,15.0,0182e16c__day1____2023.11.27T13.58.33p03.00,gpn_data__0182e16c__day1____2023.11.27T13.58.33p03.00,2023-11-27T10:58:33.791934967+00:00,2943.381812095642,True,900.0,True,2023-11-27T11:13:33.791934967+00:00,True,True,927e484a55a6e80b2d30f982efead90cc003985e80ab815aa8140210cf3254ad,123eb5235887859264f4a464aea8095a3146745638152bc686a84106a0018e12,90,90,0,55,6,29,61,True,True,True,True,True,True,0.6777777777777778,0,0,0,0,0,0,0,False,False,False,False,False,False,,415,415,0,224,66,125,290,True,True,True,True,True,True,0.6987951807228916
01c2a0d8,4,attention,300,5.0,01c2a0d8__day1____2024.01.12T19.11.49p03.00,gpn_data__01c2a0d8__day1____2024.01.12T19.11.49p03.00,2024-01-12T16:11:49.535352944+00:00,7988.580554962158,True,300.0,True,2024-01-12T16:26:49.535352944+00:00,True,True,3a7078b7c03db8aca7c34cdfd8b7c842c7cde1f160d2ca6b3ff91f2bc50bce40,12d5120cd84523e9a6f5ab84603d5377a6748764c5e42530ba1ce8f5d2198042,30,30,0,5,19,6,24,True,True,True,True,True,True,0.8,60,60,0,40,5,15,45,True,True,True,True,True,True,0.75,408,383,25,173,140,70,313,True,True,True,True,True,True,0.8172323759791122
01c2a0d8,4,attention,600,10.0,01c2a0d8__day1____2024.01.12T19.11.49p03.00,gpn_data__01c2a0d8__day1____2024.01.12T19.11.49p03.00,2024-01-12T16:11:49.535352944+00:00,7988.580554962158,True,600.0,True,2024-01-12T16:26:49.535352944+00:00,True,True,2150779c9f1dc0f9ca22de4a459e56c304ee177e80dd2a7ac8045befa023beb0,12d5120cd84523e9a6f5ab84603d5377a6748764c5e42530ba1ce8f5d2198042,60,60,0,19,24,17,43,True,True,True,True,True,True,0.7166666666666667,30,30,0,26,0,4,26,True,False,False,False,False,False,0.8666666666666667,408,383,25,173,140,70,313,True,True,True,True,True,True,0.8172323759791122
01c2a0d8,4,attention,900,15.0,01c2a0d8__day1____2024.01.12T19.11.49p03.00,gpn_data__01c2a0d8__day1____2024.01.12T19.11.49p03.00,2024-01-12T16:11:49.535352944+00:00,7988.580554962158,True,900.0,True,2024-01-12T16:26:49.535352944+00:00,True,True,38a34d49548b55596cd398828c650f097b0dea2c5a0abb3c94f6a24f728021a6,12d5120cd84523e9a6f5ab84603d5377a6748764c5e42530ba1ce8f5d2198042,90,90,0,45,24,21,69,True,True,True,True,True,True,0.7666666666666667,0,0,0,0,0,0,0,False,False,False,False,False,False,,408,383,25,173,140,70,313,True,True,True,True,True,True,0.8172323759791122
01c2a0d8,4,engagement,300,5.0,01c2a0d8__day1____2024.01.12T19.11.49p03.00,gpn_data__01c2a0d8__day1____2024.01.12T19.11.49p03.00,2024-01-12T16:11:49.535352944+00:00,7988.580554962158,True,300.0,False,2024-01-12T16:26:49.535352944+00:00,True,False,8d161c3181a9edf6bafb82d9136431b531c722bff8ddf29589d7c703cc8d63ee,bba3d034469635610d0e21203151696ef1763b0d78987a7a2b7f188fe81b75a7,30,30,0,0,29,1,29,True,False,False,False,False,False,0.9666666666666667,60,60,0,28,10,22,38,True,True,True,True,True,True,0.6333333333333333,408,408,0,231,54,123,285,True,True,True,True,True,True,0.6985294117647058
01c2a0d8,4,engagement,600,10.0,01c2a0d8__day1____2024.01.12T19.11.49p03.00,gpn_data__01c2a0d8__day1____2024.01.12T19.11.49p03.00,2024-01-12T16:11:49.535352944+00:00,7988.580554962158,True,600.0,True,2024-01-12T16:26:49.535352944+00:00,True,True,6172ad03f1423788827e0148f5c406b64bbad99a164aa12ee6864575b2ae58a6,bba3d034469635610d0e21203151696ef1763b0d78987a7a2b7f188fe81b75a7,60,60,0,9,39,12,48,True,True,True,True,True,True,0.8,30,30,0,19,0,11,19,True,False,False,False,False,False,0.6333333333333333,408,408,0,231,54,123,285,True,True,True,True,True,True,0.6985294117647058
01c2a0d8,4,engagement,900,15.0,01c2a0d8__day1____2024.01.12T19.11.49p03.00,gpn_data__01c2a0d8__day1____2024.01.12T19.11.49p03.00,2024-01-12T16:11:49.535352944+00:00,7988.580554962158,True,900.0,True,2024-01-12T16:26:49.535352944+00:00,True,True,7a9e58979e9fc939fd69aab846f0d486353ef550df28bfe3ea52e1e42ff40a86,bba3d034469635610d0e21203151696ef1763b0d78987a7a2b7f188fe81b75a7,90,90,0,28,39,23,67,True,True,True,True,True,True,0.7444444444444445,0,0,0,0,0,0,0,False,False,False,False,False,False,,408,408,0,231,54,123,285,True,True,True,True,True,True,0.6985294117647058
01c2a0d8,4,excitement,300,5.0,01c2a0d8__day1____2024.01.12T19.11.49p03.00,gpn_data__01c2a0d8__day1____2024.01.12T19.11.49p03.00,2024-01-12T16:11:49.535352944+00:00,7988.580554962158,True,300.0,True,2024-01-12T16:26:49.535352944+00:00,True,True,779ccf245375af6bafe65f33616e7b707e02325f8ae49d28cb5560f240f2b0a0,d26c0b9e02faf01ea7f252aa2421ae70cf14d83a2c786fbab41ac95d7be6e4a5,30,30,0,18,7,5,25,True,True,True,True,True,True,0.8333333333333334,60,60,0,30,15,15,45,True,True,True,True,True,True,0.75,408,408,0,149,165,94,314,True,True,True,True,True,True,0.7696078431372549
01c2a0d8,4,excitement,600,10.0,01c2a0d8__day1____2024.01.12T19.11.49p03.00,gpn_data__01c2a0d8__day1____2024.01.12T19.11.49p03.00,2024-01-12T16:11:49.535352944+00:00,7988.580554962158,True,600.0,True,2024-01-12T16:26:49.535352944+00:00,True,True,323f09edf4cb0d542ff77c2f2e247dbac81ac0ec1002017af9509cea7d559d19,d26c0b9e02faf01ea7f252aa2421ae70cf14d83a2c786fbab41ac95d7be6e4a5,60,60,0,27,18,15,45,True,True,True,True,True,True,0.75,30,30,0,21,4,5,25,True,True,True,True,True,False,0.8333333333333334,408,408,0,149,165,94,314,True,True,True,True,True,True,0.7696078431372549
01c2a0d8,4,excitement,900,15.0,01c2a0d8__day1____2024.01.12T19.11.49p03.00,gpn_data__01c2a0d8__day1____2024.01.12T19.11.49p03.00,2024-01-12T16:11:49.535352944+00:00,7988.580554962158,True,900.0,True,2024-01-12T16:26:49.535352944+00:00,True,True,51fd71c228b5295917f3892ed773930a70ecd92ae7c18d13c70820050eb60d02,d26c0b9e02faf01ea7f252aa2421ae70cf14d83a2c786fbab41ac95d7be6e4a5,90,90,0,48,22,20,70,True,True,True,True,True,True,0.7777777777777778,0,0,0,0,0,0,0,False,False,False,False,False,False,,408,408,0,149,165,94,314,True,True,True,True,True,True,0.7696078431372549
01c2a0d8,4,stress,300,5.0,01c2a0d8__day1____2024.01.12T19.11.49p03.00,gpn_data__01c2a0d8__day1____2024.01.12T19.11.49p03.00,2024-01-12T16:11:49.535352944+00:00,7988.580554962158,True,300.0,True,2024-01-12T16:26:49.535352944+00:00,True,True,2619d8b9016040efe091583c7fbb7a8506d9ef3cb41fb25eff9ef94e5bd79797,009abe673701275f1fe373382095f23dfe0c7fe6154ed837b47c3a2cc311c78d,30,30,0,11,2,17,13,True,True,True,True,False,False,0.43333333333333335,60,60,0,41,12,7,53,True,True,True,True,True,True,0.8833333333333333,408,408,0,168,111,129,279,True,True,True,True,True,True,0.6838235294117647
01c2a0d8,4,stress,600,10.0,01c2a0d8__day1____2024.01.12T19.11.49p03.00,gpn_data__01c2a0d8__day1____2024.01.12T19.11.49p03.00,2024-01-12T16:11:49.535352944+00:00,7988.580554962158,True,600.0,True,2024-01-12T16:26:49.535352944+00:00,True,True,c35d6bd5cec18b98b9c4982ce6d77fa361f7a76e00f7e85f2af9342249e8f9a5,009abe673701275f1fe373382095f23dfe0c7fe6154ed837b47c3a2cc311c78d,60,60,0,26,12,22,38,True,True,True,True,True,True,0.6333333333333333,30,30,0,26,2,2,28,True,True,True,True,False,False,0.9333333333333333,408,408,0,168,111,129,279,True,True,True,True,True,True,0.6838235294117647
01c2a0d8,4,stress,900,15.0,01c2a0d8__day1____2024.01.12T19.11.49p03.00,gpn_data__01c2a0d8__day1____2024.01.12T19.11.49p03.00,2024-01-12T16:11:49.535352944+00:00,7988.580554962158,True,900.0,True,2024-01-12T16:26:49.535352944+00:00,True,True,7f8f02d1aee26dbb0587e5371556fa7245df87200c42b58768e2dc9a1495d169,009abe673701275f1fe373382095f23dfe0c7fe6154ed837b47c3a2cc311c78d,90,90,0,52,14,24,66,True,True,True,True,True,True,0.7333333333333333,0,0,0,0,0,0,0,False,False,False,False,False,False,,408,408,0,168,111,129,279,True,True,True,True,True,True,0.6838235294117647
01c2a0d8,4,relaxation,300,5.0,01c2a0d8__day1____2024.01.12T19.11.49p03.00,gpn_data__01c2a0d8__day1____2024.01.12T19.11.49p03.00,2024-01-12T16:11:49.535352944+00:00,7988.580554962158,True,300.0,True,2024-01-12T16:26:49.535352944+00:00,True,True,ddf23a0c874b2b465cc3701847a01800f4f05decaad70f16f55a581510232dfa,37fa3170201aab2822dfa8637e14a965ebd866b305fb01944874806c74be0550,30,30,0,9,7,14,16,True,True,True,True,True,True,0.5333333333333333,60,60,0,44,5,11,49,True,True,True,True,True,True,0.8166666666666667,408,408,0,228,96,84,324,True,True,True,True,True,True,0.7941176470588235
01c2a0d8,4,relaxation,600,10.0,01c2a0d8__day1____2024.01.12T19.11.49p03.00,gpn_data__01c2a0d8__day1____2024.01.12T19.11.49p03.00,2024-01-12T16:11:49.535352944+00:00,7988.580554962158,True,600.0,True,2024-01-12T16:26:49.535352944+00:00,True,True,3d02daf0201c9e8d2af218d78d8b36519dba91b839417d68f0097777f014f8a5,37fa3170201aab2822dfa8637e14a965ebd866b305fb01944874806c74be0550,60,60,0,26,12,22,38,True,True,True,True,True,True,0.6333333333333333,30,30,0,27,0,3,27,True,False,False,False,False,False,0.9,408,408,0,228,96,84,324,True,True,True,True,True,True,0.7941176470588235
01c2a0d8,4,relaxation,900,15.0,01c2a0d8__day1____2024.01.12T19.11.49p03.00,gpn_data__01c2a0d8__day1____2024.01.12T19.11.49p03.00,2024-01-12T16:11:49.535352944+00:00,7988.580554962158,True,900.0,True,2024-01-12T16:26:49.535352944+00:00,True,True,4369d2e265cf3643494acca121e06082863d4e2142fdce7f296dea70aa2a854e,37fa3170201aab2822dfa8637e14a965ebd866b305fb01944874806c74be0550,90,90,0,53,12,25,65,True,True,True,True,True,True,0.7222222222222222,0,0,0,0,0,0,0,False,False,False,False,False,False,,408,408,0,228,96,84,324,True,True,True,True,True,True,0.7941176470588235
01c2a0d8,4,interest,300,5.0,01c2a0d8__day1____2024.01.12T19.11.49p03.00,gpn_data__01c2a0d8__day1____2024.01.12T19.11.49p03.00,2024-01-12T16:11:49.535352944+00:00,7988.580554962158,True,300.0,True,2024-01-12T16:26:49.535352944+00:00,True,True,1f99b245e9cc8d94967917b7c3466588aea58f0619b4f4ad671fd8a535f486d5,4c31f1a8dd568104e49e0c7f160f155a33062e42f54de0600af67c6365bde3b8,30,30,0,2,17,11,19,True,True,True,True,False,False,0.6333333333333333,60,60,0,41,12,7,53,True,True,True,True,True,True,0.8833333333333333,408,408,0,228,105,75,333,True,True,True,True,True,True,0.8161764705882353
01c2a0d8,4,interest,600,10.0,01c2a0d8__day1____2024.01.12T19.11.49p03.00,gpn_data__01c2a0d8__day1____2024.01.12T19.11.49p03.00,2024-01-12T16:11:49.535352944+00:00,7988.580554962158,True,600.0,True,2024-01-12T16:26:49.535352944+00:00,True,True,cc53b02122ac424498af71d39abbe3d1c9673e2a1778cc4eb4fbf5eb75e9b10b,4c31f1a8dd568104e49e0c7f160f155a33062e42f54de0600af67c6365bde3b8,60,60,0,16,27,17,43,True,True,True,True,True,True,0.7166666666666667,30,30,0,27,2,1,29,True,True,True,True,False,False,0.9666666666666667,408,408,0,228,105,75,333,True,True,True,True,True,True,0.8161764705882353
01c2a0d8,4,interest,900,15.0,01c2a0d8__day1____2024.01.12T19.11.49p03.00,gpn_data__01c2a0d8__day1____2024.01.12T19.11.49p03.00,2024-01-12T16:11:49.535352944+00:00,7988.580554962158,True,900.0,True,2024-01-12T16:26:49.535352944+00:00,True,True,14f6b28de017e81be2675c6b50d787a1eaa22145316f195307df52386f556b4f,4c31f1a8dd568104e49e0c7f160f155a33062e42f54de0600af67c6365bde3b8,90,90,0,43,29,18,72,True,True,True,True,True,True,0.8,0,0,0,0,0,0,0,False,False,False,False,False,False,,408,408,0,228,105,75,333,True,True,True,True,True,True,0.8161764705882353
01c2a0d8,4,focus,300,5.0,01c2a0d8__day1____2024.01.12T19.11.49p03.00,gpn_data__01c2a0d8__day1____2024.01.12T19.11.49p03.00,2024-01-12T16:11:49.535352944+00:00,7988.580554962158,True,300.0,True,2024-01-12T16:26:49.535352944+00:00,True,True,25417ee850b48dd4bf279f3887084cec296f66e9bef2d0d562bd5a80d4218293,8ef5d929c126d539d5f25049cf8f36c4c349709a66bc0b40b281b6f8d3a10e29,30,30,0,20,3,7,23,True,True,True,True,True,False,0.7666666666666667,60,60,0,15,16,29,31,True,True,True,True,True,True,0.5166666666666667,408,408,0,44,220,144,264,True,True,True,True,True,True,0.6470588235294118
01c2a0d8,4,focus,600,10.0,01c2a0d8__day1____2024.01.12T19.11.49p03.00,gpn_data__01c2a0d8__day1____2024.01.12T19.11.49p03.00,2024-01-12T16:11:49.535352944+00:00,7988.580554962158,True,600.0,True,2024-01-12T16:26:49.535352944+00:00,True,True,c6798c5f397ece905b52e9245d46ae5bc4fbc8eea65fa9781c68b1febe906610,8ef5d929c126d539d5f25049cf8f36c4c349709a66bc0b40b281b6f8d3a10e29,60,60,0,23,16,21,39,True,True,True,True,True,True,0.65,30,30,0,12,3,15,15,True,True,True,True,True,False,0.5,408,408,0,44,220,144,264,True,True,True,True,True,True,0.6470588235294118
01c2a0d8,4,focus,900,15.0,01c2a0d8__day1____2024.01.12T19.11.49p03.00,gpn_data__01c2a0d8__day1____2024.01.12T19.11.49p03.00,2024-01-12T16:11:49.535352944+00:00,7988.580554962158,True,900.0,True,2024-01-12T16:26:49.535352944+00:00,True,True,7f61924ccc00e52748181a3401350eab0a8e5ce40e1633f643b2a2555c90feb2,8ef5d929c126d539d5f25049cf8f36c4c349709a66bc0b40b281b6f8d3a10e29,90,90,0,35,19,36,54,True,True,True,True,True,True,0.6,0,0,0,0,0,0,0,False,False,False,False,False,False,,408,408,0,44,220,144,264,True,True,True,True,True,True,0.6470588235294118
1081b177,2,attention,300,5.0,1081b177__day1____2023.12.08T11.39.57p03.00,gpn_data__1081b177__day1____2023.12.08T11.39.57p03.00,2023-12-08T08:39:57.664211988+00:00,4782.769748926163,True,300.0,True,2023-12-08T08:54:57.664211988+00:00,True,True,3d7bf8155cb72139ab5b023c6f4dd41db33826547f9b5e669398b1122497874c,79a97472987f7f37a62e9bde8afdcda7d2e19e2e73a2fc089b8ce23852b67153,30,30,0,9,10,11,19,True,True,True,True,True,True,0.6333333333333333,60,60,0,30,9,21,39,True,True,True,True,True,True,0.65,483,424,59,166,173,85,339,True,True,True,True,True,True,0.7995283018867925
1081b177,2,attention,600,10.0,1081b177__day1____2023.12.08T11.39.57p03.00,gpn_data__1081b177__day1____2023.12.08T11.39.57p03.00,2023-12-08T08:39:57.664211988+00:00,4782.769748926163,True,600.0,True,2023-12-08T08:54:57.664211988+00:00,True,True,16d3e8ae4000e995d75baf9310f4dfe7b47f7621f39a2ce528519233eef88fd3,79a97472987f7f37a62e9bde8afdcda7d2e19e2e73a2fc089b8ce23852b67153,60,60,0,30,10,20,40,True,True,True,True,True,True,0.6666666666666666,30,30,0,9,9,12,18,True,True,True,True,True,True,0.6,483,424,59,166,173,85,339,True,True,True,True,True,True,0.7995283018867925
1081b177,2,attention,900,15.0,1081b177__day1____2023.12.08T11.39.57p03.00,gpn_data__1081b177__day1____2023.12.08T11.39.57p03.00,2023-12-08T08:39:57.664211988+00:00,4782.769748926163,True,900.0,True,2023-12-08T08:54:57.664211988+00:00,True,True,a709dcbb6661672d31a7125cb51db6b83ba9de7b78119353d19099b9bf0b741a,79a97472987f7f37a62e9bde8afdcda7d2e19e2e73a2fc089b8ce23852b67153,90,90,0,39,19,32,58,True,True,True,True,True,True,0.6444444444444445,0,0,0,0,0,0,0,False,False,False,False,False,False,,483,424,59,166,173,85,339,True,True,True,True,True,True,0.7995283018867925
1081b177,2,engagement,300,5.0,1081b177__day1____2023.12.08T11.39.57p03.00,gpn_data__1081b177__day1____2023.12.08T11.39.57p03.00,2023-12-08T08:39:57.664211988+00:00,4782.769748926163,True,300.0,False,2023-12-08T08:54:57.664211988+00:00,True,False,89aea57a3605b47da6ff9b6d1101dbf1659aa69072687d18bff60da3ba8d1f03,7022a11ba03d1802a795db8a48f7c8ed4faf8e4e1e3123a4d82438b29d5f9ab4,30,30,0,0,27,3,27,True,False,False,False,False,False,0.9,60,60,0,1,26,33,27,True,True,True,False,False,False,0.45,483,483,0,89,228,166,317,True,True,True,True,True,True,0.6563146997929606
1081b177,2,engagement,600,10.0,1081b177__day1____2023.12.08T11.39.57p03.00,gpn_data__1081b177__day1____2023.12.08T11.39.57p03.00,2023-12-08T08:39:57.664211988+00:00,4782.769748926163,True,600.0,False,2023-12-08T08:54:57.664211988+00:00,True,False,36f4a6186f304a02b384ad1139870f7d88fbd2b5abad9405e8176aaa15447d4e,7022a11ba03d1802a795db8a48f7c8ed4faf8e4e1e3123a4d82438b29d5f9ab4,60,60,0,1,41,18,42,True,True,True,False,False,False,0.7,30,30,0,0,12,18,12,True,False,False,False,False,False,0.4,483,483,0,89,228,166,317,True,True,True,True,True,True,0.6563146997929606
1081b177,2,engagement,900,15.0,1081b177__day1____2023.12.08T11.39.57p03.00,gpn_data__1081b177__day1____2023.12.08T11.39.57p03.00,2023-12-08T08:39:57.664211988+00:00,4782.769748926163,True,900.0,False,2023-12-08T08:54:57.664211988+00:00,True,False,a508c7b59cf722991bac68e3982bce35a1e9b53152af49d5969f18c4a0ea295f,7022a11ba03d1802a795db8a48f7c8ed4faf8e4e1e3123a4d82438b29d5f9ab4,90,90,0,1,53,36,54,True,True,True,False,False,False,0.6,0,0,0,0,0,0,0,False,False,False,False,False,False,,483,483,0,89,228,166,317,True,True,True,True,True,True,0.6563146997929606
1081b177,2,excitement,300,5.0,1081b177__day1____2023.12.08T11.39.57p03.00,gpn_data__1081b177__day1____2023.12.08T11.39.57p03.00,2023-12-08T08:39:57.664211988+00:00,4782.769748926163,True,300.0,True,2023-12-08T08:54:57.664211988+00:00,True,True,3a81a6c355f672e475764c010e85bf9e54da017d333f6379da1f1ade0a3811eb,1bf06cc63303411ae966e41f5489babe10a8ca2e2b8169c2732b6a469e960e78,30,30,0,13,12,5,25,True,True,True,True,True,True,0.8333333333333334,60,60,0,35,6,19,41,True,True,True,True,True,True,0.6833333333333333,483,483,0,147,213,123,360,True,True,True,True,True,True,0.7453416149068323
1081b177,2,excitement,600,10.0,1081b177__day1____2023.12.08T11.39.57p03.00,gpn_data__1081b177__day1____2023.12.08T11.39.57p03.00,2023-12-08T08:39:57.664211988+00:00,4782.769748926163,True,600.0,True,2023-12-08T08:54:57.664211988+00:00,True,True,f996d368de60b18d16364fdf8df1b05310eec71a717562c9ecddd8b2b61024b3,1bf06cc63303411ae966e41f5489babe10a8ca2e2b8169c2732b6a469e960e78,60,60,0,33,15,12,48,True,True,True,True,True,True,0.8,30,30,0,15,3,12,18,True,True,True,True,True,False,0.6,483,483,0,147,213,123,360,True,True,True,True,True,True,0.7453416149068323
1081b177,2,excitement,900,15.0,1081b177__day1____2023.12.08T11.39.57p03.00,gpn_data__1081b177__day1____2023.12.08T11.39.57p03.00,2023-12-08T08:39:57.664211988+00:00,4782.769748926163,True,900.0,True,2023-12-08T08:54:57.664211988+00:00,True,True,7264a9127d38706a61ceb7bbbf9bc83f21268cea6737dc609fb299f40371ff3a,1bf06cc63303411ae966e41f5489babe10a8ca2e2b8169c2732b6a469e960e78,90,90,0,48,18,24,66,True,True,True,True,True,True,0.7333333333333333,0,0,0,0,0,0,0,False,False,False,False,False,False,,483,483,0,147,213,123,360,True,True,True,True,True,True,0.7453416149068323
1081b177,2,stress,300,5.0,1081b177__day1____2023.12.08T11.39.57p03.00,gpn_data__1081b177__day1____2023.12.08T11.39.57p03.00,2023-12-08T08:39:57.664211988+00:00,4782.769748926163,True,300.0,True,2023-12-08T08:54:57.664211988+00:00,True,True,083dfbb6a3584be1bbd520030aed865d1f5aefd9ba992d38f59b263ed4f7425a,0afef5b41c8dc10297e22a47f38c1c025d131693d5c36e3df9d23e62d47a0ec7,30,30,0,20,3,7,23,True,True,True,True,True,False,0.7666666666666667,60,60,0,35,4,21,39,True,True,True,True,True,False,0.65,483,483,0,175,199,109,374,True,True,True,True,True,True,0.7743271221532091
1081b177,2,stress,600,10.0,1081b177__day1____2023.12.08T11.39.57p03.00,gpn_data__1081b177__day1____2023.12.08T11.39.57p03.00,2023-12-08T08:39:57.664211988+00:00,4782.769748926163,True,600.0,True,2023-12-08T08:54:57.664211988+00:00,True,True,2a40722381ec90d097d0a2f77c28dab9966959ad1be8a7069f26d93d0a0af01e,0afef5b41c8dc10297e22a47f38c1c025d131693d5c36e3df9d23e62d47a0ec7,60,60,0,42,4,14,46,True,True,True,True,True,False,0.7666666666666667,30,30,0,13,3,14,16,True,True,True,True,True,False,0.5333333333333333,483,483,0,175,199,109,374,True,True,True,True,True,True,0.7743271221532091
1081b177,2,stress,900,15.0,1081b177__day1____2023.12.08T11.39.57p03.00,gpn_data__1081b177__day1____2023.12.08T11.39.57p03.00,2023-12-08T08:39:57.664211988+00:00,4782.769748926163,True,900.0,True,2023-12-08T08:54:57.664211988+00:00,True,True,95dac781de0f9efad79410dc86bddb478af53fe105b3902a08855a843bf28bf1,0afef5b41c8dc10297e22a47f38c1c025d131693d5c36e3df9d23e62d47a0ec7,90,90,0,55,7,28,62,True,True,True,True,True,True,0.6888888888888889,0,0,0,0,0,0,0,False,False,False,False,False,False,,483,483,0,175,199,109,374,True,True,True,True,True,True,0.7743271221532091
1081b177,2,relaxation,300,5.0,1081b177__day1____2023.12.08T11.39.57p03.00,gpn_data__1081b177__day1____2023.12.08T11.39.57p03.00,2023-12-08T08:39:57.664211988+00:00,4782.769748926163,True,300.0,True,2023-12-08T08:54:57.664211988+00:00,True,True,ebe6d5397f9538bc47d61c85e1af4eb32baf91c824536709bb688cca2b8e34f5,cbc47bbd6ef98567c5f587d31e5c3f0d5abc507583b7edebeb632e6593b4cd52,30,30,0,2,7,21,9,True,True,True,True,False,False,0.3,60,60,0,37,5,18,42,True,True,True,True,True,True,0.7,483,483,0,244,103,136,347,True,True,True,True,True,True,0.7184265010351967
1081b177,2,relaxation,600,10.0,1081b177__day1____2023.12.08T11.39.57p03.00,gpn_data__1081b177__day1____2023.12.08T11.39.57p03.00,2023-12-08T08:39:57.664211988+00:00,4782.769748926163,True,600.0,True,2023-12-08T08:54:57.664211988+00:00,True,True,17c8bb1754aef04d722783e80841883b845103ceafd87ea207029f35051ca3d2,cbc47bbd6ef98567c5f587d31e5c3f0d5abc507583b7edebeb632e6593b4cd52,60,60,0,19,9,32,28,True,True,True,True,True,True,0.4666666666666667,30,30,0,20,3,7,23,True,True,True,True,True,False,0.7666666666666667,483,483,0,244,103,136,347,True,True,True,True,True,True,0.7184265010351967
1081b177,2,relaxation,900,15.0,1081b177__day1____2023.12.08T11.39.57p03.00,gpn_data__1081b177__day1____2023.12.08T11.39.57p03.00,2023-12-08T08:39:57.664211988+00:00,4782.769748926163,True,900.0,True,2023-12-08T08:54:57.664211988+00:00,True,True,45fe1548538738ecacfdccfbcafd9fc08174f2a4991a1a6a19fdd8322c363d55,cbc47bbd6ef98567c5f587d31e5c3f0d5abc507583b7edebeb632e6593b4cd52,90,90,0,39,12,39,51,True,True,True,True,True,True,0.5666666666666667,0,0,0,0,0,0,0,False,False,False,False,False,False,,483,483,0,244,103,136,347,True,True,True,True,True,True,0.7184265010351967
1081b177,2,interest,300,5.0,1081b177__day1____2023.12.08T11.39.57p03.00,gpn_data__1081b177__day1____2023.12.08T11.39.57p03.00,2023-12-08T08:39:57.664211988+00:00,4782.769748926163,True,300.0,True,2023-12-08T08:54:57.664211988+00:00,True,True,e19917d43c3769e5c3da3d13026c10f0f58ab4796c4811d35d0f62f7e4a7eed0,c3d9adc16d06244c5d36a4b1fa0f199c5469cea8d9625c0f7a093c3538f627f4,30,30,0,18,6,6,24,True,True,True,True,True,True,0.8,60,60,0,34,11,15,45,True,True,True,True,True,True,0.75,483,483,0,182,211,90,393,True,True,True,True,True,True,0.8136645962732919
1081b177,2,interest,600,10.0,1081b177__day1____2023.12.08T11.39.57p03.00,gpn_data__1081b177__day1____2023.12.08T11.39.57p03.00,2023-12-08T08:39:57.664211988+00:00,4782.769748926163,True,600.0,True,2023-12-08T08:54:57.664211988+00:00,True,True,03b9c906c2732d01baee2c6223b3dc590dfb82b6a0b28e7c05aa5e679154142e,c3d9adc16d06244c5d36a4b1fa0f199c5469cea8d9625c0f7a093c3538f627f4,60,60,0,40,12,8,52,True,True,True,True,True,True,0.8666666666666667,30,30,0,12,5,13,17,True,True,True,True,True,True,0.5666666666666667,483,483,0,182,211,90,393,True,True,True,True,True,True,0.8136645962732919
1081b177,2,interest,900,15.0,1081b177__day1____2023.12.08T11.39.57p03.00,gpn_data__1081b177__day1____2023.12.08T11.39.57p03.00,2023-12-08T08:39:57.664211988+00:00,4782.769748926163,True,900.0,True,2023-12-08T08:54:57.664211988+00:00,True,True,18c0055b4d13f972e2ff21f68f6f71230f6525327f87585eb44d5778f968aa41,c3d9adc16d06244c5d36a4b1fa0f199c5469cea8d9625c0f7a093c3538f627f4,90,90,0,52,17,21,69,True,True,True,True,True,True,0.7666666666666667,0,0,0,0,0,0,0,False,False,False,False,False,False,,483,483,0,182,211,90,393,True,True,True,True,True,True,0.8136645962732919
1081b177,2,focus,300,5.0,1081b177__day1____2023.12.08T11.39.57p03.00,gpn_data__1081b177__day1____2023.12.08T11.39.57p03.00,2023-12-08T08:39:57.664211988+00:00,4782.769748926163,True,300.0,True,2023-12-08T08:54:57.664211988+00:00,True,True,0e7119a5f12cb863c880776c61904344dcabfc1f16bf356f63b6587699337b8b,169c894320a270bab1f1ce208a7dee0c66cb2dcb807e3c894c3d074c352d22f4,30,30,0,13,8,9,21,True,True,True,True,True,True,0.7,60,60,0,26,4,30,30,True,True,True,True,True,False,0.5,483,483,0,98,282,103,380,True,True,True,True,True,True,0.7867494824016563
1081b177,2,focus,600,10.0,1081b177__day1____2023.12.08T11.39.57p03.00,gpn_data__1081b177__day1____2023.12.08T11.39.57p03.00,2023-12-08T08:39:57.664211988+00:00,4782.769748926163,True,600.0,True,2023-12-08T08:54:57.664211988+00:00,True,True,b7a5a1594c811bf10b08e25a1e5deb5ab0fd47c339e2a3e4daa7a99d8eb3fe83,169c894320a270bab1f1ce208a7dee0c66cb2dcb807e3c894c3d074c352d22f4,60,60,0,32,9,19,41,True,True,True,True,True,True,0.6833333333333333,30,30,0,7,3,20,10,True,True,True,True,True,False,0.3333333333333333,483,483,0,98,282,103,380,True,True,True,True,True,True,0.7867494824016563
1081b177,2,focus,900,15.0,1081b177__day1____2023.12.08T11.39.57p03.00,gpn_data__1081b177__day1____2023.12.08T11.39.57p03.00,2023-12-08T08:39:57.664211988+00:00,4782.769748926163,True,900.0,True,2023-12-08T08:54:57.664211988+00:00,True,True,b39910c8277ca0074f8b12f8fcc4b90ad50e8a92c612803f3b3b1df39eb4cafe,169c894320a270bab1f1ce208a7dee0c66cb2dcb807e3c894c3d074c352d22f4,90,90,0,39,12,39,51,True,True,True,True,True,True,0.5666666666666667,0,0,0,0,0,0,0,False,False,False,False,False,False,,483,483,0,98,282,103,380,True,True,True,True,True,True,0.7867494824016563
20201194,3,attention,300,5.0,20201194__day1____2023.12.03T22.02.18p03.00,gpn_data__20201194__day1____2023.12.03T22.02.18p03.00,2023-12-03T19:02:18.148350954+00:00,4439.583558082581,True,300.0,False,2023-12-03T19:17:18.148350954+00:00,True,False,352b041557f04526f0b14951c9ea980b4b695e757ff16b41f624ffde4468338f,71d3fcd327f996134ea47b2dc7f87e5b5553b8d52459f0a86fae93d8b4e78ddc,30,30,0,1,1,28,2,True,True,True,False,False,False,0.06666666666666667,60,60,0,5,19,36,24,True,True,True,True,True,True,0.4,352,352,0,44,240,68,284,True,True,True,True,True,True,0.8068181818181818
20201194,3,attention,600,10.0,20201194__day1____2023.12.03T22.02.18p03.00,gpn_data__20201194__day1____2023.12.03T22.02.18p03.00,2023-12-03T19:02:18.148350954+00:00,4439.583558082581,True,600.0,True,2023-12-03T19:17:18.148350954+00:00,True,True,c732b45125580686cba315588c7d249344a44afd784084d7511fac5d9ea2c917,71d3fcd327f996134ea47b2dc7f87e5b5553b8d52459f0a86fae93d8b4e78ddc,60,60,0,4,10,46,14,True,True,True,True,True,False,0.23333333333333334,30,30,0,2,10,18,12,True,True,True,True,False,False,0.4,352,352,0,44,240,68,284,True,True,True,True,True,True,0.8068181818181818
20201194,3,attention,900,15.0,20201194__day1____2023.12.03T22.02.18p03.00,gpn_data__20201194__day1____2023.12.03T22.02.18p03.00,2023-12-03T19:02:18.148350954+00:00,4439.583558082581,True,900.0,True,2023-12-03T19:17:18.148350954+00:00,True,True,c6ea6d7e3325b20641964488215b976b34b704b97f3e3b91eda3dc72297ba7eb,71d3fcd327f996134ea47b2dc7f87e5b5553b8d52459f0a86fae93d8b4e78ddc,90,90,0,6,20,64,26,True,True,True,True,True,True,0.28888888888888886,0,0,0,0,0,0,0,False,False,False,False,False,False,,352,352,0,44,240,68,284,True,True,True,True,True,True,0.8068181818181818
20201194,3,engagement,300,5.0,20201194__day1____2023.12.03T22.02.18p03.00,gpn_data__20201194__day1____2023.12.03T22.02.18p03.00,2023-12-03T19:02:18.148350954+00:00,4439.583558082581,True,300.0,False,2023-12-03T19:17:18.148350954+00:00,True,False,cefa595b1f5a86bca8805d95eb3b95d3f1e3385ad86eaf962152d51b00224fc1,50e2cdc4a466cf7d4bd261987b93b062fff4c699d65ce49464e08889fca6405a,30,30,0,1,21,8,22,True,True,True,False,False,False,0.7333333333333333,60,60,0,12,16,32,28,True,True,True,True,True,True,0.4666666666666667,352,352,0,156,65,131,221,True,True,True,True,True,True,0.6278409090909091
20201194,3,engagement,600,10.0,20201194__day1____2023.12.03T22.02.18p03.00,gpn_data__20201194__day1____2023.12.03T22.02.18p03.00,2023-12-03T19:02:18.148350954+00:00,4439.583558082581,True,600.0,True,2023-12-03T19:17:18.148350954+00:00,True,True,12e25c032ecf75b3f3aa158745eb71e12db9a80c059e59e54b4f765bedea4323,50e2cdc4a466cf7d4bd261987b93b062fff4c699d65ce49464e08889fca6405a,60,60,0,9,27,24,36,True,True,True,True,True,True,0.6,30,30,0,4,10,16,14,True,True,True,True,True,False,0.4666666666666667,352,352,0,156,65,131,221,True,True,True,True,True,True,0.6278409090909091
20201194,3,engagement,900,15.0,20201194__day1____2023.12.03T22.02.18p03.00,gpn_data__20201194__day1____2023.12.03T22.02.18p03.00,2023-12-03T19:02:18.148350954+00:00,4439.583558082581,True,900.0,True,2023-12-03T19:17:18.148350954+00:00,True,True,5d7feeabeb19d0ff6fcdba33ebbcb2f4a62b3782cd45562e54ffb91513a80f19,50e2cdc4a466cf7d4bd261987b93b062fff4c699d65ce49464e08889fca6405a,90,90,0,13,37,40,50,True,True,True,True,True,True,0.5555555555555556,0,0,0,0,0,0,0,False,False,False,False,False,False,,352,352,0,156,65,131,221,True,True,True,True,True,True,0.6278409090909091
20201194,3,excitement,300,5.0,20201194__day1____2023.12.03T22.02.18p03.00,gpn_data__20201194__day1____2023.12.03T22.02.18p03.00,2023-12-03T19:02:18.148350954+00:00,4439.583558082581,True,300.0,True,2023-12-03T19:17:18.148350954+00:00,True,True,be015314a6a4e6974bedf5e94d0402eea6d7bb8b3bb5a5e15fdf45df82850299,25e4e047515fd07f151266658c7cc84727beaa6b50e35904e9e1ae1b0e743123,30,30,0,5,16,9,21,True,True,True,True,True,True,0.7,60,60,0,2,48,10,50,True,True,True,True,False,False,0.8333333333333334,352,352,0,165,138,49,303,True,True,True,True,True,True,0.8607954545454546
20201194,3,excitement,600,10.0,20201194__day1____2023.12.03T22.02.18p03.00,gpn_data__20201194__day1____2023.12.03T22.02.18p03.00,2023-12-03T19:02:18.148350954+00:00,4439.583558082581,True,600.0,True,2023-12-03T19:17:18.148350954+00:00,True,True,10faf0119f58ebcb810dc3334bf67c8ce83bb76a8391828f94588df0c3c6ae96,25e4e047515fd07f151266658c7cc84727beaa6b50e35904e9e1ae1b0e743123,60,60,0,7,39,14,46,True,True,True,True,True,True,0.7666666666666667,30,30,0,0,25,5,25,True,False,False,False,False,False,0.8333333333333334,352,352,0,165,138,49,303,True,True,True,True,True,True,0.8607954545454546
20201194,3,excitement,900,15.0,20201194__day1____2023.12.03T22.02.18p03.00,gpn_data__20201194__day1____2023.12.03T22.02.18p03.00,2023-12-03T19:02:18.148350954+00:00,4439.583558082581,True,900.0,True,2023-12-03T19:17:18.148350954+00:00,True,True,a99b17788452b2fd04b847ef91152a906d7666eaa2f8df903e94c3a104c65859,25e4e047515fd07f151266658c7cc84727beaa6b50e35904e9e1ae1b0e743123,90,90,0,7,64,19,71,True,True,True,True,True,True,0.7888888888888889,0,0,0,0,0,0,0,False,False,False,False,False,False,,352,352,0,165,138,49,303,True,True,True,True,True,True,0.8607954545454546
20201194,3,stress,300,5.0,20201194__day1____2023.12.03T22.02.18p03.00,gpn_data__20201194__day1____2023.12.03T22.02.18p03.00,2023-12-03T19:02:18.148350954+00:00,4439.583558082581,True,300.0,True,2023-12-03T19:17:18.148350954+00:00,True,True,9ba15d5193432f2ffb98326a1c2df158f81dd844e63fe5f02b1159f7e7223a9f,231f31c1e7c73a7f2862fcee89e826ea3f78322996e04c2d1fc9cba738ecfdc8,30,30,0,21,7,2,28,True,True,True,True,True,True,0.9333333333333333,60,60,0,26,24,10,50,True,True,True,True,True,True,0.8333333333333334,352,352,0,198,108,46,306,True,True,True,True,True,True,0.8693181818181818
20201194,3,stress,600,10.0,20201194__day1____2023.12.03T22.02.18p03.00,gpn_data__20201194__day1____2023.12.03T22.02.18p03.00,2023-12-03T19:02:18.148350954+00:00,4439.583558082581,True,600.0,True,2023-12-03T19:17:18.148350954+00:00,True,True,19602f6589b08c0bcd88e0ad7a48806318e8ac86903018bf29f57e671ee366d9,231f31c1e7c73a7f2862fcee89e826ea3f78322996e04c2d1fc9cba738ecfdc8,60,60,0,32,18,10,50,True,True,True,True,True,True,0.8333333333333334,30,30,0,15,13,2,28,True,True,True,True,True,True,0.9333333333333333,352,352,0,198,108,46,306,True,True,True,True,True,True,0.8693181818181818
20201194,3,stress,900,15.0,20201194__day1____2023.12.03T22.02.18p03.00,gpn_data__20201194__day1____2023.12.03T22.02.18p03.00,2023-12-03T19:02:18.148350954+00:00,4439.583558082581,True,900.0,True,2023-12-03T19:17:18.148350954+00:00,True,True,9e0f46ebc6b71462af3243690bcbf15d61744cb0938c1bb2390ed9d97ccaee14,231f31c1e7c73a7f2862fcee89e826ea3f78322996e04c2d1fc9cba738ecfdc8,90,90,0,47,31,12,78,True,True,True,True,True,True,0.8666666666666667,0,0,0,0,0,0,0,False,False,False,False,False,False,,352,352,0,198,108,46,306,True,True,True,True,True,True,0.8693181818181818
20201194,3,relaxation,300,5.0,20201194__day1____2023.12.03T22.02.18p03.00,gpn_data__20201194__day1____2023.12.03T22.02.18p03.00,2023-12-03T19:02:18.148350954+00:00,4439.583558082581,True,300.0,True,2023-12-03T19:17:18.148350954+00:00,True,True,9d392fc6cb32fdb1af367197bd60962b576e5969307cb528f6bf7ff6c6d8d0e8,7c33f104e733a76b78c73493606d4744f868a88f9e6b2fea98201b79caa00beb,30,30,0,9,10,11,19,True,True,True,True,True,True,0.6333333333333333,60,60,0,30,10,20,40,True,True,True,True,True,True,0.6666666666666666,352,352,0,184,83,85,267,True,True,True,True,True,True,0.7585227272727273
20201194,3,relaxation,600,10.0,20201194__day1____2023.12.03T22.02.18p03.00,gpn_data__20201194__day1____2023.12.03T22.02.18p03.00,2023-12-03T19:02:18.148350954+00:00,4439.583558082581,True,600.0,True,2023-12-03T19:17:18.148350954+00:00,True,True,cc16c6ade690f7abbd06fad52151ebb49574dab9a2f5c0d519be5d9909f34334,7c33f104e733a76b78c73493606d4744f868a88f9e6b2fea98201b79caa00beb,60,60,0,21,19,20,40,True,True,True,True,True,True,0.6666666666666666,30,30,0,18,1,11,19,True,True,True,False,False,False,0.6333333333333333,352,352,0,184,83,85,267,True,True,True,True,True,True,0.7585227272727273
20201194,3,relaxation,900,15.0,20201194__day1____2023.12.03T22.02.18p03.00,gpn_data__20201194__day1____2023.12.03T22.02.18p03.00,2023-12-03T19:02:18.148350954+00:00,4439.583558082581,True,900.0,True,2023-12-03T19:17:18.148350954+00:00,True,True,584fd43d57880813c1ec4446645f846540be67c583a576c9fb8ce378f5d514eb,7c33f104e733a76b78c73493606d4744f868a88f9e6b2fea98201b79caa00beb,90,90,0,39,20,31,59,True,True,True,True,True,True,0.6555555555555556,0,0,0,0,0,0,0,False,False,False,False,False,False,,352,352,0,184,83,85,267,True,True,True,True,True,True,0.7585227272727273
20201194,3,interest,300,5.0,20201194__day1____2023.12.03T22.02.18p03.00,gpn_data__20201194__day1____2023.12.03T22.02.18p03.00,2023-12-03T19:02:18.148350954+00:00,4439.583558082581,True,300.0,True,2023-12-03T19:17:18.148350954+00:00,True,True,3b377a54b9a7a258d9f228969397e5cf5b29740123c8ee4de105ad9a34fec9b7,98f9cbaddc23322df7d18a176c2138524681492255de6027d1e4adc975bbfbbb,30,30,0,18,2,10,20,True,True,True,True,False,False,0.6666666666666666,60,60,0,46,6,8,52,True,True,True,True,True,True,0.8666666666666667,352,352,0,199,69,84,268,True,True,True,True,True,True,0.7613636363636364
20201194,3,interest,600,10.0,20201194__day1____2023.12.03T22.02.18p03.00,gpn_data__20201194__day1____2023.12.03T22.02.18p03.00,2023-12-03T19:02:18.148350954+00:00,4439.583558082581,True,600.0,True,2023-12-03T19:17:18.148350954+00:00,True,True,eb7bcd6c05e2bb32b39faadfe8d2c824b75c4e11736054102b807b52d026df3e,98f9cbaddc23322df7d18a176c2138524681492255de6027d1e4adc975bbfbbb,60,60,0,38,7,15,45,True,True,True,True,True,True,0.75,30,30,0,26,1,3,27,True,True,True,False,False,False,0.9,352,352,0,199,69,84,268,True,True,True,True,True,True,0.7613636363636364
20201194,3,interest,900,15.0,20201194__day1____2023.12.03T22.02.18p03.00,gpn_data__20201194__day1____2023.12.03T22.02.18p03.00,2023-12-03T19:02:18.148350954+00:00,4439.583558082581,True,900.0,True,2023-12-03T19:17:18.148350954+00:00,True,True,65530aa477459e388ab63fb665d28f08849cd453fe79c700dc8fdf0ca5705d2c,98f9cbaddc23322df7d18a176c2138524681492255de6027d1e4adc975bbfbbb,90,90,0,64,8,18,72,True,True,True,True,True,True,0.8,0,0,0,0,0,0,0,False,False,False,False,False,False,,352,352,0,199,69,84,268,True,True,True,True,True,True,0.7613636363636364
20201194,3,focus,300,5.0,20201194__day1____2023.12.03T22.02.18p03.00,gpn_data__20201194__day1____2023.12.03T22.02.18p03.00,2023-12-03T19:02:18.148350954+00:00,4439.583558082581,True,300.0,True,2023-12-03T19:17:18.148350954+00:00,True,True,ddffb9b348e4fd25071a44795c580352fe1cf0b4013ee9a7214b2fa0c8141516,384323a73383de81a4c5775b782d5fa84e8c315c7f0b28608ff3afe7425067e1,30,30,0,2,13,15,15,True,True,True,True,False,False,0.5,60,60,0,2,51,7,53,True,True,True,True,False,False,0.8833333333333333,352,352,0,144,154,54,298,True,True,True,True,True,True,0.8465909090909091
20201194,3,focus,600,10.0,20201194__day1____2023.12.03T22.02.18p03.00,gpn_data__20201194__day1____2023.12.03T22.02.18p03.00,2023-12-03T19:02:18.148350954+00:00,4439.583558082581,True,600.0,True,2023-12-03T19:17:18.148350954+00:00,True,True,8e37c41847a9a5fa8e1ea1bd6e29360b517ec5f38ee0bc4347ed4b43a4b916f1,384323a73383de81a4c5775b782d5fa84e8c315c7f0b28608ff3afe7425067e1,60,60,0,4,34,22,38,True,True,True,True,True,False,0.6333333333333333,30,30,0,0,30,0,30,True,False,False,False,False,False,1.0,352,352,0,144,154,54,298,True,True,True,True,True,True,0.8465909090909091
20201194,3,focus,900,15.0,20201194__day1____2023.12.03T22.02.18p03.00,gpn_data__20201194__day1____2023.12.03T22.02.18p03.00,2023-12-03T19:02:18.148350954+00:00,4439.583558082581,True,900.0,True,2023-12-03T19:17:18.148350954+00:00,True,True,9a0dba1cad0b506c72c127e8820b31d4e9554936e1a41f5b5dc118f746c56404,384323a73383de81a4c5775b782d5fa84e8c315c7f0b28608ff3afe7425067e1,90,90,0,4,64,22,68,True,True,True,True,True,False,0.7555555555555555,0,0,0,0,0,0,0,False,False,False,False,False,False,,352,352,0,144,154,54,298,True,True,True,True,True,True,0.8465909090909091
2162c09e,3,attention,300,5.0,2162c09e__day1____2023.12.18T12.15.08p03.00,gpn_data__2162c09e__day1____2023.12.18T12.15.08p03.00,2023-12-18T09:15:08.469789982+00:00,6022.822525978088,True,300.0,True,2023-12-18T09:30:08.469789982+00:00,True,True,2e60da976f9d8ab71ec08dca1fabbf6d70ef067fcd53961ef5e37f99e75b6c90,37e35dae7567790d4bde05651aa765f738ffca71fade614fbb20d5ec604d576d,30,30,0,6,9,15,15,True,True,True,True,True,True,0.5,60,60,0,46,1,13,47,True,True,True,False,False,False,0.7833333333333333,499,496,3,231,178,87,409,True,True,True,True,True,True,0.8245967741935484
2162c09e,3,attention,600,10.0,2162c09e__day1____2023.12.18T12.15.08p03.00,gpn_data__2162c09e__day1____2023.12.18T12.15.08p03.00,2023-12-18T09:15:08.469789982+00:00,6022.822525978088,True,600.0,True,2023-12-18T09:30:08.469789982+00:00,True,True,94f8ced6f917f80625b2171d37fa892629926ecf3938f8479c66e98dab22bc75,37e35dae7567790d4bde05651aa765f738ffca71fade614fbb20d5ec604d576d,60,60,0,26,10,24,36,True,True,True,True,True,True,0.6,30,30,0,26,0,4,26,True,False,False,False,False,False,0.8666666666666667,499,496,3,231,178,87,409,True,True,True,True,True,True,0.8245967741935484
2162c09e,3,attention,900,15.0,2162c09e__day1____2023.12.18T12.15.08p03.00,gpn_data__2162c09e__day1____2023.12.18T12.15.08p03.00,2023-12-18T09:15:08.469789982+00:00,6022.822525978088,True,900.0,True,2023-12-18T09:30:08.469789982+00:00,True,True,6cb3779a11c64dcfc229823f815656f63cf44644ec985cfae0b82cb811a2806d,37e35dae7567790d4bde05651aa765f738ffca71fade614fbb20d5ec604d576d,90,90,0,52,10,28,62,True,True,True,True,True,True,0.6888888888888889,0,0,0,0,0,0,0,False,False,False,False,False,False,,499,496,3,231,178,87,409,True,True,True,True,True,True,0.8245967741935484
2162c09e,3,engagement,300,5.0,2162c09e__day1____2023.12.18T12.15.08p03.00,gpn_data__2162c09e__day1____2023.12.18T12.15.08p03.00,2023-12-18T09:15:08.469789982+00:00,6022.822525978088,True,300.0,False,2023-12-18T09:30:08.469789982+00:00,True,False,7e8a6185925ebc3ad99126762964e8bd3cc3a6bfa572e5ef5230e74b3ccc2000,3ca9884430cd88c3f3d94241c42eee88e04db6f3e9d31a14c14441c201a12f30,30,30,0,0,27,3,27,True,False,False,False,False,False,0.9,60,60,0,1,42,17,43,True,True,True,False,False,False,0.7166666666666667,499,499,0,177,128,194,305,True,True,True,True,True,True,0.6112224448897795
2162c09e,3,engagement,600,10.0,2162c09e__day1____2023.12.18T12.15.08p03.00,gpn_data__2162c09e__day1____2023.12.18T12.15.08p03.00,2023-12-18T09:15:08.469789982+00:00,6022.822525978088,True,600.0,False,2023-12-18T09:30:08.469789982+00:00,True,False,6a1ded933ce69736f2ffd2f2ae0ad75277569a3387a45eb218b3e95d65d1270f,3ca9884430cd88c3f3d94241c42eee88e04db6f3e9d31a14c14441c201a12f30,60,60,0,0,49,11,49,True,False,False,False,False,False,0.8166666666666667,30,30,0,1,20,9,21,True,True,True,False,False,False,0.7,499,499,0,177,128,194,305,True,True,True,True,True,True,0.6112224448897795
2162c09e,3,engagement,900,15.0,2162c09e__day1____2023.12.18T12.15.08p03.00,gpn_data__2162c09e__day1____2023.12.18T12.15.08p03.00,2023-12-18T09:15:08.469789982+00:00,6022.822525978088,True,900.0,False,2023-12-18T09:30:08.469789982+00:00,True,False,7b3b2415d644e5e2eaa08cdbe00be863576fc394c5a789f9ce0210680b61fa57,3ca9884430cd88c3f3d94241c42eee88e04db6f3e9d31a14c14441c201a12f30,90,90,0,1,69,20,70,True,True,True,False,False,False,0.7777777777777778,0,0,0,0,0,0,0,False,False,False,False,False,False,,499,499,0,177,128,194,305,True,True,True,True,True,True,0.6112224448897795
2162c09e,3,excitement,300,5.0,2162c09e__day1____2023.12.18T12.15.08p03.00,gpn_data__2162c09e__day1____2023.12.18T12.15.08p03.00,2023-12-18T09:15:08.469789982+00:00,6022.822525978088,True,300.0,True,2023-12-18T09:30:08.469789982+00:00,True,True,ebe71382a47216f6ba20ae9bbfb238788abfa6e3a8bd60cd4c8b93c94c0cb479,066cae11840ae4a79cba3b7e80e6ce67e2382526f42117fc2b059dbf9fb932f4,30,30,0,9,3,18,12,True,True,True,True,True,False,0.4,60,60,0,8,26,26,34,True,True,True,True,True,True,0.5666666666666667,499,499,0,67,254,178,321,True,True,True,True,True,True,0.6432865731462926
2162c09e,3,excitement,600,10.0,2162c09e__day1____2023.12.18T12.15.08p03.00,gpn_data__2162c09e__day1____2023.12.18T12.15.08p03.00,2023-12-18T09:15:08.469789982+00:00,6022.822525978088,True,600.0,True,2023-12-18T09:30:08.469789982+00:00,True,True,cdcf50dbf81f9fa1953c0134eb305fa5fd80c5567a0235bc62c368fb9d7e900c,066cae11840ae4a79cba3b7e80e6ce67e2382526f42117fc2b059dbf9fb932f4,60,60,0,13,12,35,25,True,True,True,True,True,True,0.4166666666666667,30,30,0,4,17,9,21,True,True,True,True,True,False,0.7,499,499,0,67,254,178,321,True,True,True,True,True,True,0.6432865731462926
2162c09e,3,excitement,900,15.0,2162c09e__day1____2023.12.18T12.15.08p03.00,gpn_data__2162c09e__day1____2023.12.18T12.15.08p03.00,2023-12-18T09:15:08.469789982+00:00,6022.822525978088,True,900.0,True,2023-12-18T09:30:08.469789982+00:00,True,True,a2b4d80c58f2fb0fe6c1161d316bf8ca30f0aa19e45bf94ff2aef7d5c20faca1,066cae11840ae4a79cba3b7e80e6ce67e2382526f42117fc2b059dbf9fb932f4,90,90,0,17,29,44,46,True,True,True,True,True,True,0.5111111111111111,0,0,0,0,0,0,0,False,False,False,False,False,False,,499,499,0,67,254,178,321,True,True,True,True,True,True,0.6432865731462926
2162c09e,3,stress,300,5.0,2162c09e__day1____2023.12.18T12.15.08p03.00,gpn_data__2162c09e__day1____2023.12.18T12.15.08p03.00,2023-12-18T09:15:08.469789982+00:00,6022.822525978088,True,300.0,True,2023-12-18T09:30:08.469789982+00:00,True,True,ed1e43d3a1f230577278de0a0f21d0393a21dd6c120318fc68b1dd2b1709d44f,da47547405a2f0bd6ac70895815164e94ad0fac203bc174c4af19732bed3d6f0,30,30,0,22,5,3,27,True,True,True,True,True,True,0.9,60,60,0,27,23,10,50,True,True,True,True,True,True,0.8333333333333334,499,499,0,284,145,70,429,True,True,True,True,True,True,0.8597194388777555
2162c09e,3,stress,600,10.0,2162c09e__day1____2023.12.18T12.15.08p03.00,gpn_data__2162c09e__day1____2023.12.18T12.15.08p03.00,2023-12-18T09:15:08.469789982+00:00,6022.822525978088,True,600.0,True,2023-12-18T09:30:08.469789982+00:00,True,True,4e17dc8852b87ea6179eeba94c8aced6c123ebdbf987ae44dda4b447f8063756,da47547405a2f0bd6ac70895815164e94ad0fac203bc174c4af19732bed3d6f0,60,60,0,35,16,9,51,True,True,True,True,True,True,0.85,30,30,0,14,12,4,26,True,True,True,True,True,True,0.8666666666666667,499,499,0,284,145,70,429,True,True,True,True,True,True,0.8597194388777555
2162c09e,3,stress,900,15.0,2162c09e__day1____2023.12.18T12.15.08p03.00,gpn_data__2162c09e__day1____2023.12.18T12.15.08p03.00,2023-12-18T09:15:08.469789982+00:00,6022.822525978088,True,900.0,True,2023-12-18T09:30:08.469789982+00:00,True,True,8bf331f2d69ce6cbd38e5508cfa6c6546362a93444955549aeb9b287191fa8a9,da47547405a2f0bd6ac70895815164e94ad0fac203bc174c4af19732bed3d6f0,90,90,0,49,28,13,77,True,True,True,True,True,True,0.8555555555555555,0,0,0,0,0,0,0,False,False,False,False,False,False,,499,499,0,284,145,70,429,True,True,True,True,True,True,0.8597194388777555
2162c09e,3,relaxation,300,5.0,2162c09e__day1____2023.12.18T12.15.08p03.00,gpn_data__2162c09e__day1____2023.12.18T12.15.08p03.00,2023-12-18T09:15:08.469789982+00:00,6022.822525978088,True,300.0,True,2023-12-18T09:30:08.469789982+00:00,True,True,ad9560a8499aa11383da02242e84321db482654bb144b8f4a179d62813cff7c3,581e0532582e96edb39c163f54cf5e4ccbce9e2749db97657118efda8cf29eac,30,30,0,15,2,13,17,True,True,True,True,False,False,0.5666666666666667,60,60,0,21,17,22,38,True,True,True,True,True,True,0.6333333333333333,499,499,0,237,162,100,399,True,True,True,True,True,True,0.7995991983967936
2162c09e,3,relaxation,600,10.0,2162c09e__day1____2023.12.18T12.15.08p03.00,gpn_data__2162c09e__day1____2023.12.18T12.15.08p03.00,2023-12-18T09:15:08.469789982+00:00,6022.822525978088,True,600.0,True,2023-12-18T09:30:08.469789982+00:00,True,True,24c678eabe77635f4f9b0f89b0dcec70f1b4e53981bda1c5fa62a3ddc752007f,581e0532582e96edb39c163f54cf5e4ccbce9e2749db97657118efda8cf29eac,60,60,0,25,11,24,36,True,True,True,True,True,True,0.6,30,30,0,11,8,11,19,True,True,True,True,True,True,0.6333333333333333,499,499,0,237,162,100,399,True,True,True,True,True,True,0.7995991983967936
2162c09e,3,relaxation,900,15.0,2162c09e__day1____2023.12.18T12.15.08p03.00,gpn_data__2162c09e__day1____2023.12.18T12.15.08p03.00,2023-12-18T09:15:08.469789982+00:00,6022.822525978088,True,900.0,True,2023-12-18T09:30:08.469789982+00:00,True,True,b39e8aabf8eb8ec3839a2a31363fa632d769a810e9d0af346902c671cdd6fff3,581e0532582e96edb39c163f54cf5e4ccbce9e2749db97657118efda8cf29eac,90,90,0,36,19,35,55,True,True,True,True,True,True,0.6111111111111112,0,0,0,0,0,0,0,False,False,False,False,False,False,,499,499,0,237,162,100,399,True,True,True,True,True,True,0.7995991983967936
2162c09e,3,interest,300,5.0,2162c09e__day1____2023.12.18T12.15.08p03.00,gpn_data__2162c09e__day1____2023.12.18T12.15.08p03.00,2023-12-18T09:15:08.469789982+00:00,6022.822525978088,True,300.0,True,2023-12-18T09:30:08.469789982+00:00,True,True,d245dd21ccdea3799ff1c0b36f8eb9c8e38ae71acac91a8d3a0b90feb43b07c3,2f1badf7ec9660b8f8b6ebedb1770700e23e290686cc11938f10823b20999b97,30,30,0,15,8,7,23,True,True,True,True,True,True,0.7666666666666667,60,60,0,25,27,8,52,True,True,True,True,True,True,0.8666666666666667,499,499,0,293,145,61,438,True,True,True,True,True,True,0.8777555110220441
2162c09e,3,interest,600,10.0,2162c09e__day1____2023.12.18T12.15.08p03.00,gpn_data__2162c09e__day1____2023.12.18T12.15.08p03.00,2023-12-18T09:15:08.469789982+00:00,6022.822525978088,True,600.0,True,2023-12-18T09:30:08.469789982+00:00,True,True,18626cd1f081c7818083ee1f3579cdc43195c54956dbf8046c448a7cf904f2e1,2f1badf7ec9660b8f8b6ebedb1770700e23e290686cc11938f10823b20999b97,60,60,0,31,18,11,49,True,True,True,True,True,True,0.8166666666666667,30,30,0,9,17,4,26,True,True,True,True,True,True,0.8666666666666667,499,499,0,293,145,61,438,True,True,True,True,True,True,0.8777555110220441
2162c09e,3,interest,900,15.0,2162c09e__day1____2023.12.18T12.15.08p03.00,gpn_data__2162c09e__day1____2023.12.18T12.15.08p03.00,2023-12-18T09:15:08.469789982+00:00,6022.822525978088,True,900.0,True,2023-12-18T09:30:08.469789982+00:00,True,True,55855c2acc32343a8a3fe2e5fe15e3416b0396a5c91b8a679a594af5db502cf5,2f1badf7ec9660b8f8b6ebedb1770700e23e290686cc11938f10823b20999b97,90,90,0,40,35,15,75,True,True,True,True,True,True,0.8333333333333334,0,0,0,0,0,0,0,False,False,False,False,False,False,,499,499,0,293,145,61,438,True,True,True,True,True,True,0.8777555110220441
2162c09e,3,focus,300,5.0,2162c09e__day1____2023.12.18T12.15.08p03.00,gpn_data__2162c09e__day1____2023.12.18T12.15.08p03.00,2023-12-18T09:15:08.469789982+00:00,6022.822525978088,True,300.0,True,2023-12-18T09:30:08.469789982+00:00,True,True,a7f16213b9c7f7a4f6e13471b8b4138d6eeafd3088bdbcfea1ce2e06eef71ef2,bc5adeb4704c3cd7778032fcf1d347f672dfea6ba7c84eda0445f65fab462c7c,30,30,0,11,3,16,14,True,True,True,True,True,False,0.4666666666666667,60,60,0,3,27,30,30,True,True,True,True,True,False,0.5,499,499,0,34,303,162,337,True,True,True,True,True,True,0.6753507014028056
2162c09e,3,focus,600,10.0,2162c09e__day1____2023.12.18T12.15.08p03.00,gpn_data__2162c09e__day1____2023.12.18T12.15.08p03.00,2023-12-18T09:15:08.469789982+00:00,6022.822525978088,True,600.0,True,2023-12-18T09:30:08.469789982+00:00,True,True,427dbba57c2ff10ef543c15a860683e3a62e94f31615f619d9a92572e306b4ea,bc5adeb4704c3cd7778032fcf1d347f672dfea6ba7c84eda0445f65fab462c7c,60,60,0,14,9,37,23,True,True,True,True,True,True,0.38333333333333336,30,30,0,0,21,9,21,True,False,False,False,False,False,0.7,499,499,0,34,303,162,337,True,True,True,True,True,True,0.6753507014028056
2162c09e,3,focus,900,15.0,2162c09e__day1____2023.12.18T12.15.08p03.00,gpn_data__2162c09e__day1____2023.12.18T12.15.08p03.00,2023-12-18T09:15:08.469789982+00:00,6022.822525978088,True,900.0,True,2023-12-18T09:30:08.469789982+00:00,True,True,fc6093bbd880e9d6c2ba287aece055779685106288b9c3e8972d5f86ea16fe42,bc5adeb4704c3cd7778032fcf1d347f672dfea6ba7c84eda0445f65fab462c7c,90,90,0,14,30,46,44,True,True,True,True,True,True,0.4888888888888889,0,0,0,0,0,0,0,False,False,False,False,False,False,,499,499,0,34,303,162,337,True,True,True,True,True,True,0.6753507014028056
2182c1cd,5,attention,300,5.0,2182c1cd__day1__part2__2023.11.28T13.51.38p03.00,gpn_data__2182c1cd__day1__part2__2023.11.28T13.51.38p03.00,2023-11-28T10:51:38.305701971+00:00,4406.145061016083,True,300.0,True,2023-11-28T11:06:38.305701971+00:00,True,True,65b2dca52d6cd3042a6c6ad855446bfe0ec03086fbd8e38fa76857054163dd8a,2518039e91f1da3c44fb3b61351cd1c0c36449c27567fed42c0ada4cf6eda446,30,30,0,10,14,6,24,True,True,True,True,True,True,0.8,60,60,0,28,21,11,49,True,True,True,True,True,True,0.8166666666666667,333,326,7,115,109,102,224,True,True,True,True,True,True,0.6871165644171779
2182c1cd,5,attention,600,10.0,2182c1cd__day1__part2__2023.11.28T13.51.38p03.00,gpn_data__2182c1cd__day1__part2__2023.11.28T13.51.38p03.00,2023-11-28T10:51:38.305701971+00:00,4406.145061016083,True,600.0,True,2023-11-28T11:06:38.305701971+00:00,True,True,b2252293ff8c3df50581f7851bbdf0668449995d534f18bf5165a6ee23b53e3d,2518039e91f1da3c44fb3b61351cd1c0c36449c27567fed42c0ada4cf6eda446,60,60,0,20,29,11,49,True,True,True,True,True,True,0.8166666666666667,30,30,0,18,6,6,24,True,True,True,True,True,True,0.8,333,326,7,115,109,102,224,True,True,True,True,True,True,0.6871165644171779
2182c1cd,5,attention,900,15.0,2182c1cd__day1__part2__2023.11.28T13.51.38p03.00,gpn_data__2182c1cd__day1__part2__2023.11.28T13.51.38p03.00,2023-11-28T10:51:38.305701971+00:00,4406.145061016083,True,900.0,True,2023-11-28T11:06:38.305701971+00:00,True,True,ad543a2087f4d1aac37e9a69975db9d3d8cdb09f98895803a4edc74fecb588ae,2518039e91f1da3c44fb3b61351cd1c0c36449c27567fed42c0ada4cf6eda446,90,90,0,38,35,17,73,True,True,True,True,True,True,0.8111111111111111,0,0,0,0,0,0,0,False,False,False,False,False,False,,333,326,7,115,109,102,224,True,True,True,True,True,True,0.6871165644171779
2182c1cd,5,engagement,300,5.0,2182c1cd__day1__part2__2023.11.28T13.51.38p03.00,gpn_data__2182c1cd__day1__part2__2023.11.28T13.51.38p03.00,2023-11-28T10:51:38.305701971+00:00,4406.145061016083,True,300.0,True,2023-11-28T11:06:38.305701971+00:00,True,True,281f859a56dde8486c6f0b10c6bb31018638a49ddc15b7b36375b3db1114a4d7,a7cc4a28daed9de2b094bd298021930d3a015d81b6a2bdfc45b8e18c23f4e391,30,30,0,16,8,6,24,True,True,True,True,True,True,0.8,60,60,0,22,15,23,37,True,True,True,True,True,True,0.6166666666666667,333,333,0,129,104,100,233,True,True,True,True,True,True,0.6996996996996997
2182c1cd,5,engagement,600,10.0,2182c1cd__day1__part2__2023.11.28T13.51.38p03.00,gpn_data__2182c1cd__day1__part2__2023.11.28T13.51.38p03.00,2023-11-28T10:51:38.305701971+00:00,4406.145061016083,True,600.0,True,2023-11-28T11:06:38.305701971+00:00,True,True,8b747fb9166fb0d48abe116a7f2abdd3eb9d49eabf12e32bacebe73871be3660,a7cc4a28daed9de2b094bd298021930d3a015d81b6a2bdfc45b8e18c23f4e391,60,60,0,29,14,17,43,True,True,True,True,True,True,0.7166666666666667,30,30,0,9,9,12,18,True,True,True,True,True,True,0.6,333,333,0,129,104,100,233,True,True,True,True,True,True,0.6996996996996997
2182c1cd,5,engagement,900,15.0,2182c1cd__day1__part2__2023.11.28T13.51.38p03.00,gpn_data__2182c1cd__day1__part2__2023.11.28T13.51.38p03.00,2023-11-28T10:51:38.305701971+00:00,4406.145061016083,True,900.0,True,2023-11-28T11:06:38.305701971+00:00,True,True,267d23497baed0c07248c614c8e0a7d3f48f57d96d06e74da037ee75d21d028a,a7cc4a28daed9de2b094bd298021930d3a015d81b6a2bdfc45b8e18c23f4e391,90,90,0,38,23,29,61,True,True,True,True,True,True,0.6777777777777778,0,0,0,0,0,0,0,False,False,False,False,False,False,,333,333,0,129,104,100,233,True,True,True,True,True,True,0.6996996996996997
2182c1cd,5,excitement,300,5.0,2182c1cd__day1__part2__2023.11.28T13.51.38p03.00,gpn_data__2182c1cd__day1__part2__2023.11.28T13.51.38p03.00,2023-11-28T10:51:38.305701971+00:00,4406.145061016083,True,300.0,True,2023-11-28T11:06:38.305701971+00:00,True,True,f98f84eebd5369cdfc2df7fac566bdf87b23817b4b5e5fbd402b924c365a8fba,f235c324a0dbe2deac116cb1c9d904dfdf377773aecf976e2cb0f5a761e16e92,30,30,0,9,18,3,27,True,True,True,True,True,True,0.9,60,60,0,12,36,12,48,True,True,True,True,True,True,0.8,333,333,0,85,179,69,264,True,True,True,True,True,True,0.7927927927927928
2182c1cd,5,excitement,600,10.0,2182c1cd__day1__part2__2023.11.28T13.51.38p03.00,gpn_data__2182c1cd__day1__part2__2023.11.28T13.51.38p03.00,2023-11-28T10:51:38.305701971+00:00,4406.145061016083,True,600.0,True,2023-11-28T11:06:38.305701971+00:00,True,True,31843849fc0812da9b36225f8d13eb986cf7555b438f5ef85390e672762f159b,f235c324a0dbe2deac116cb1c9d904dfdf377773aecf976e2cb0f5a761e16e92,60,60,0,20,33,7,53,True,True,True,True,True,True,0.8833333333333333,30,30,0,1,21,8,22,True,True,True,False,False,False,0.7333333333333333,333,333,0,85,179,69,264,True,True,True,True,True,True,0.7927927927927928
2182c1cd,5,excitement,900,15.0,2182c1cd__day1__part2__2023.11.28T13.51.38p03.00,gpn_data__2182c1cd__day1__part2__2023.11.28T13.51.38p03.00,2023-11-28T10:51:38.305701971+00:00,4406.145061016083,True,900.0,True,2023-11-28T11:06:38.305701971+00:00,True,True,a6ece4e82af5e12fbd511668063efc47186410430b90660f573d0db480adb319,f235c324a0dbe2deac116cb1c9d904dfdf377773aecf976e2cb0f5a761e16e92,90,90,0,21,54,15,75,True,True,True,True,True,True,0.8333333333333334,0,0,0,0,0,0,0,False,False,False,False,False,False,,333,333,0,85,179,69,264,True,True,True,True,True,True,0.7927927927927928
2182c1cd,5,stress,300,5.0,2182c1cd__day1__part2__2023.11.28T13.51.38p03.00,gpn_data__2182c1cd__day1__part2__2023.11.28T13.51.38p03.00,2023-11-28T10:51:38.305701971+00:00,4406.145061016083,True,300.0,True,2023-11-28T11:06:38.305701971+00:00,True,True,70fbc9e7adcef2b87b483da8992cafb1dd3ae7f4217ff6cd078b05d051b9424b,4c984d52405335ec637770fea9e0673878c63add2f79b977ef72b82b8711dafc,30,30,0,15,12,3,27,True,True,True,True,True,True,0.9,60,60,0,30,26,4,56,True,True,True,True,True,True,0.9333333333333333,333,333,0,197,94,42,291,True,True,True,True,True,True,0.8738738738738738
2182c1cd,5,stress,600,10.0,2182c1cd__day1__part2__2023.11.28T13.51.38p03.00,gpn_data__2182c1cd__day1__part2__2023.11.28T13.51.38p03.00,2023-11-28T10:51:38.305701971+00:00,4406.145061016083,True,600.0,True,2023-11-28T11:06:38.305701971+00:00,True,True,15286ceefdff1946dcb06867f802edbbaa6066de83c31dca9eef7dd237960734,4c984d52405335ec637770fea9e0673878c63add2f79b977ef72b82b8711dafc,60,60,0,33,22,5,55,True,True,True,True,True,True,0.9166666666666666,30,30,0,12,16,2,28,True,True,True,True,True,True,0.9333333333333333,333,333,0,197,94,42,291,True,True,True,True,True,True,0.8738738738738738
2182c1cd,5,stress,900,15.0,2182c1cd__day1__part2__2023.11.28T13.51.38p03.00,gpn_data__2182c1cd__day1__part2__2023.11.28T13.51.38p03.00,2023-11-28T10:51:38.305701971+00:00,4406.145061016083,True,900.0,True,2023-11-28T11:06:38.305701971+00:00,True,True,eb8892f20d7354157ef86db1b4705dcddcc329d2d44f858d3a965f3f2900b031,4c984d52405335ec637770fea9e0673878c63add2f79b977ef72b82b8711dafc,90,90,0,45,38,7,83,True,True,True,True,True,True,0.9222222222222223,0,0,0,0,0,0,0,False,False,False,False,False,False,,333,333,0,197,94,42,291,True,True,True,True,True,True,0.8738738738738738
2182c1cd,5,relaxation,300,5.0,2182c1cd__day1__part2__2023.11.28T13.51.38p03.00,gpn_data__2182c1cd__day1__part2__2023.11.28T13.51.38p03.00,2023-11-28T10:51:38.305701971+00:00,4406.145061016083,True,300.0,True,2023-11-28T11:06:38.305701971+00:00,True,True,670876484581f883cec788b84ea05100e6292d5ee1033464895488223ad87792,d6fd26be8b1059ea2cd9daa4b151406b03017d0ce2fe348466b9d1fa58c3d0eb,30,30,0,14,14,2,28,True,True,True,True,True,True,0.9333333333333333,60,60,0,12,30,18,42,True,True,True,True,True,True,0.7,333,333,0,106,150,77,256,True,True,True,True,True,True,0.7687687687687688
2182c1cd,5,relaxation,600,10.0,2182c1cd__day1__part2__2023.11.28T13.51.38p03.00,gpn_data__2182c1cd__day1__part2__2023.11.28T13.51.38p03.00,2023-11-28T10:51:38.305701971+00:00,4406.145061016083,True,600.0,True,2023-11-28T11:06:38.305701971+00:00,True,True,cab4ef3be06a1f8c7568af912f6c26e3a28c157a04e789428a34f14617969b01,d6fd26be8b1059ea2cd9daa4b151406b03017d0ce2fe348466b9d1fa58c3d0eb,60,60,0,23,26,11,49,True,True,True,True,True,True,0.8166666666666667,30,30,0,3,18,9,21,True,True,True,True,True,False,0.7,333,333,0,106,150,77,256,True,True,True,True,True,True,0.7687687687687688
2182c1cd,5,relaxation,900,15.0,2182c1cd__day1__part2__2023.11.28T13.51.38p03.00,gpn_data__2182c1cd__day1__part2__2023.11.28T13.51.38p03.00,2023-11-28T10:51:38.305701971+00:00,4406.145061016083,True,900.0,True,2023-11-28T11:06:38.305701971+00:00,True,True,82d81b5c4a7c53eda3dfd2f09483cbde7dc599300b82df8a874e3e09275ac92b,d6fd26be8b1059ea2cd9daa4b151406b03017d0ce2fe348466b9d1fa58c3d0eb,90,90,0,26,44,20,70,True,True,True,True,True,True,0.7777777777777778,0,0,0,0,0,0,0,False,False,False,False,False,False,,333,333,0,106,150,77,256,True,True,True,True,True,True,0.7687687687687688
2182c1cd,5,interest,300,5.0,2182c1cd__day1__part2__2023.11.28T13.51.38p03.00,gpn_data__2182c1cd__day1__part2__2023.11.28T13.51.38p03.00,2023-11-28T10:51:38.305701971+00:00,4406.145061016083,True,300.0,True,2023-11-28T11:06:38.305701971+00:00,True,True,26666eb4b1928dc6062834aef9c03ebda501bd96c2fa1fcb585ce3305967c57b,0bea55cb14c3b4b91b6c9fa07bf82ceb741fc8a42630f5139c965109e4c99bbd,30,30,0,17,6,7,23,True,True,True,True,True,True,0.7666666666666667,60,60,0,21,28,11,49,True,True,True,True,True,True,0.8166666666666667,333,333,0,141,103,89,244,True,True,True,True,True,True,0.7327327327327328
2182c1cd,5,interest,600,10.0,2182c1cd__day1__part2__2023.11.28T13.51.38p03.00,gpn_data__2182c1cd__day1__part2__2023.11.28T13.51.38p03.00,2023-11-28T10:51:38.305701971+00:00,4406.145061016083,True,600.0,True,2023-11-28T11:06:38.305701971+00:00,True,True,8dc374893a6e130fd83caa088cffa148f61be9ea5bf0ae55e3634ae78a6868e2,0bea55cb14c3b4b91b6c9fa07bf82ceb741fc8a42630f5139c965109e4c99bbd,60,60,0,34,15,11,49,True,True,True,True,True,True,0.8166666666666667,30,30,0,4,19,7,23,True,True,True,True,True,False,0.7666666666666667,333,333,0,141,103,89,244,True,True,True,True,True,True,0.7327327327327328
2182c1cd,5,interest,900,15.0,2182c1cd__day1__part2__2023.11.28T13.51.38p03.00,gpn_data__2182c1cd__day1__part2__2023.11.28T13.51.38p03.00,2023-11-28T10:51:38.305701971+00:00,4406.145061016083,True,900.0,True,2023-11-28T11:06:38.305701971+00:00,True,True,803db2194d743bec32582cbea3693e45ac1920eaf96acdb4d44de656faf9a693,0bea55cb14c3b4b91b6c9fa07bf82ceb741fc8a42630f5139c965109e4c99bbd,90,90,0,38,34,18,72,True,True,True,True,True,True,0.8,0,0,0,0,0,0,0,False,False,False,False,False,False,,333,333,0,141,103,89,244,True,True,True,True,True,True,0.7327327327327328
2182c1cd,5,focus,300,5.0,2182c1cd__day1__part2__2023.11.28T13.51.38p03.00,gpn_data__2182c1cd__day1__part2__2023.11.28T13.51.38p03.00,2023-11-28T10:51:38.305701971+00:00,4406.145061016083,True,300.0,True,2023-11-28T11:06:38.305701971+00:00,True,True,97967f04f1f941b30ac9d073df1f883c951994e43fbae143586fe06147c669e9,85491c193a8cc0b2cbc32a26b442ea934bc2de95c753ee030e91b41e60084394,30,30,0,7,16,7,23,True,True,True,True,True,True,0.7666666666666667,60,60,0,10,38,12,48,True,True,True,True,True,True,0.8,333,333,0,80,168,85,248,True,True,True,True,True,True,0.7447447447447447
2182c1cd,5,focus,600,10.0,2182c1cd__day1__part2__2023.11.28T13.51.38p03.00,gpn_data__2182c1cd__day1__part2__2023.11.28T13.51.38p03.00,2023-11-28T10:51:38.305701971+00:00,4406.145061016083,True,600.0,True,2023-11-28T11:06:38.305701971+00:00,True,True,91618f565086dfaf6c13eac4f18ddeaeaf65f9598457e46f8517dd6d6c012be2,85491c193a8cc0b2cbc32a26b442ea934bc2de95c753ee030e91b41e60084394,60,60,0,16,30,14,46,True,True,True,True,True,True,0.7666666666666667,30,30,0,1,24,5,25,True,True,True,False,False,False,0.8333333333333334,333,333,0,80,168,85,248,True,True,True,True,True,True,0.7447447447447447
2182c1cd,5,focus,900,15.0,2182c1cd__day1__part2__2023.11.28T13.51.38p03.00,gpn_data__2182c1cd__day1__part2__2023.11.28T13.51.38p03.00,2023-11-28T10:51:38.305701971+00:00,4406.145061016083,True,900.0,True,2023-11-28T11:06:38.305701971+00:00,True,True,f363fba48b271f9038109a4f771f5b1518d85a6c2f2cbb0c692a4ea01887a83b,85491c193a8cc0b2cbc32a26b442ea934bc2de95c753ee030e91b41e60084394,90,90,0,17,54,19,71,True,True,True,True,True,True,0.7888888888888889,0,0,0,0,0,0,0,False,False,False,False,False,False,,333,333,0,80,168,85,248,True,True,True,True,True,True,0.7447447447447447
219060fa,5,attention,300,5.0,219060fa__day1____2023.12.15T16.47.17p03.00,gpn_data__219060fa__day1____2023.12.15T16.47.17p03.00,2023-12-15T13:47:17.836787939+00:00,4772.177860021591,True,300.0,False,2023-12-15T14:02:17.836787939+00:00,True,False,d0e0af7953191f0f8838fb80fa6f227ae0f3ea6cba55388a649d90e9e14734cf,8d4a0ccf5039428958899ca3e3940c8462d529d3c23916ae86a42fa44376645d,30,30,0,12,1,17,13,True,True,True,False,False,False,0.43333333333333335,60,60,0,10,2,48,12,True,True,True,True,False,False,0.2,386,386,0,122,150,114,272,True,True,True,True,True,True,0.7046632124352331
219060fa,5,attention,600,10.0,219060fa__day1____2023.12.15T16.47.17p03.00,gpn_data__219060fa__day1____2023.12.15T16.47.17p03.00,2023-12-15T13:47:17.836787939+00:00,4772.177860021591,True,600.0,True,2023-12-15T14:02:17.836787939+00:00,True,True,de172376d570479da6a531543cea387e84b02ddfab3b004392c15924d458eb3d,8d4a0ccf5039428958899ca3e3940c8462d529d3c23916ae86a42fa44376645d,60,60,0,16,2,42,18,True,True,True,True,False,False,0.3,30,30,0,6,1,23,7,True,True,True,False,False,False,0.23333333333333334,386,386,0,122,150,114,272,True,True,True,True,True,True,0.7046632124352331
219060fa,5,attention,900,15.0,219060fa__day1____2023.12.15T16.47.17p03.00,gpn_data__219060fa__day1____2023.12.15T16.47.17p03.00,2023-12-15T13:47:17.836787939+00:00,4772.177860021591,True,900.0,True,2023-12-15T14:02:17.836787939+00:00,True,True,e8655f8bd24efe6be9d6e4679b345ce66abf59aa1c3c555be4e862df209fe35c,8d4a0ccf5039428958899ca3e3940c8462d529d3c23916ae86a42fa44376645d,90,90,0,22,3,65,25,True,True,True,True,True,False,0.2777777777777778,0,0,0,0,0,0,0,False,False,False,False,False,False,,386,386,0,122,150,114,272,True,True,True,True,True,True,0.7046632124352331
219060fa,5,engagement,300,5.0,219060fa__day1____2023.12.15T16.47.17p03.00,gpn_data__219060fa__day1____2023.12.15T16.47.17p03.00,2023-12-15T13:47:17.836787939+00:00,4772.177860021591,True,300.0,True,2023-12-15T14:02:17.836787939+00:00,True,True,7fa9eaa80218be2200e37dde84a2b1e6ea5413fedc1c999e653d3d922d751202,23e3f158f28ae7a9ec3b761ea41b64cc35c57d20fda29583d6ba5684e0ffe408,30,30,0,5,11,14,16,True,True,True,True,True,True,0.5333333333333333,60,60,0,21,26,13,47,True,True,True,True,True,True,0.7833333333333333,386,386,0,194,93,99,287,True,True,True,True,True,True,0.7435233160621761
219060fa,5,engagement,600,10.0,219060fa__day1____2023.12.15T16.47.17p03.00,gpn_data__219060fa__day1____2023.12.15T16.47.17p03.00,2023-12-15T13:47:17.836787939+00:00,4772.177860021591,True,600.0,True,2023-12-15T14:02:17.836787939+00:00,True,True,1362caa245507072db49a7415edd07f5a3ee3a8ca0547af25cfcfc48a1b0fbd1,23e3f158f28ae7a9ec3b761ea41b64cc35c57d20fda29583d6ba5684e0ffe408,60,60,0,9,30,21,39,True,True,True,True,True,True,0.65,30,30,0,17,7,6,24,True,True,True,True,True,True,0.8,386,386,0,194,93,99,287,True,True,True,True,True,True,0.7435233160621761
219060fa,5,engagement,900,15.0,219060fa__day1____2023.12.15T16.47.17p03.00,gpn_data__219060fa__day1____2023.12.15T16.47.17p03.00,2023-12-15T13:47:17.836787939+00:00,4772.177860021591,True,900.0,True,2023-12-15T14:02:17.836787939+00:00,True,True,4c3efd7f08d768ad9029bd4c28b18d919938615929cdaa356e6d6051ec3a4120,23e3f158f28ae7a9ec3b761ea41b64cc35c57d20fda29583d6ba5684e0ffe408,90,90,0,26,37,27,63,True,True,True,True,True,True,0.7,0,0,0,0,0,0,0,False,False,False,False,False,False,,386,386,0,194,93,99,287,True,True,True,True,True,True,0.7435233160621761
219060fa,5,excitement,300,5.0,219060fa__day1____2023.12.15T16.47.17p03.00,gpn_data__219060fa__day1____2023.12.15T16.47.17p03.00,2023-12-15T13:47:17.836787939+00:00,4772.177860021591,True,300.0,True,2023-12-15T14:02:17.836787939+00:00,True,True,55d7731080540161e7f840348d5e87de8e369e2447e9c028795327aa0a83ab92,654080ea62c7ede15e76d6cfa915d58db8e6e0e430aeca37f66e3f8f15ab29a4,30,30,0,13,2,15,15,True,True,True,True,False,False,0.5,60,60,0,9,17,34,26,True,True,True,True,True,True,0.43333333333333335,386,386,0,70,193,123,263,True,True,True,True,True,True,0.6813471502590673
219060fa,5,excitement,600,10.0,219060fa__day1____2023.12.15T16.47.17p03.00,gpn_data__219060fa__day1____2023.12.15T16.47.17p03.00,2023-12-15T13:47:17.836787939+00:00,4772.177860021591,True,600.0,True,2023-12-15T14:02:17.836787939+00:00,True,True,e155456d54341ef3c33dba1ae05e9fa8174d8c2b696e7b09bcd960a16773b9e1,654080ea62c7ede15e76d6cfa915d58db8e6e0e430aeca37f66e3f8f15ab29a4,60,60,0,20,6,34,26,True,True,True,True,True,True,0.43333333333333335,30,30,0,2,13,15,15,True,True,True,True,False,False,0.5,386,386,0,70,193,123,263,True,True,True,True,True,True,0.6813471502590673
219060fa,5,excitement,900,15.0,219060fa__day1____2023.12.15T16.47.17p03.00,gpn_data__219060fa__day1____2023.12.15T16.47.17p03.00,2023-12-15T13:47:17.836787939+00:00,4772.177860021591,True,900.0,True,2023-12-15T14:02:17.836787939+00:00,True,True,336046efe2b305c4128b34add34bda8f844063930e4307d199c68a825c2c6409,654080ea62c7ede15e76d6cfa915d58db8e6e0e430aeca37f66e3f8f15ab29a4,90,90,0,22,19,49,41,True,True,True,True,True,True,0.45555555555555555,0,0,0,0,0,0,0,False,False,False,False,False,False,,386,386,0,70,193,123,263,True,True,True,True,True,True,0.6813471502590673
219060fa,5,stress,300,5.0,219060fa__day1____2023.12.15T16.47.17p03.00,gpn_data__219060fa__day1____2023.12.15T16.47.17p03.00,2023-12-15T13:47:17.836787939+00:00,4772.177860021591,True,300.0,False,2023-12-15T14:02:17.836787939+00:00,False,False,1b6b3c20b6d9f993713fa0b8455d377fe26971bcf4621c81c8d959d54242ee88,2e6679a80bdd6577d037d5d424e475ce19577b20b0868371b7d43d9b9a33ac31,30,30,0,30,0,0,30,True,False,False,False,False,False,1.0,60,60,0,7,1,52,8,True,True,True,False,False,False,0.13333333333333333,386,386,0,0,171,215,171,True,False,False,False,False,False,0.4430051813471503
219060fa,5,stress,600,10.0,219060fa__day1____2023.12.15T16.47.17p03.00,gpn_data__219060fa__day1____2023.12.15T16.47.17p03.00,2023-12-15T13:47:17.836787939+00:00,4772.177860021591,True,600.0,False,2023-12-15T14:02:17.836787939+00:00,False,False,51cc309d84bb9067b6a2ce23d5bd356f42e74b8e03c16fecec7397ef3c23133d,2e6679a80bdd6577d037d5d424e475ce19577b20b0868371b7d43d9b9a33ac31,60,60,0,37,0,23,37,True,False,False,False,False,False,0.6166666666666667,30,30,0,0,1,29,1,True,False,False,False,False,False,0.03333333333333333,386,386,0,0,171,215,171,True,False,False,False,False,False,0.4430051813471503
219060fa,5,stress,900,15.0,219060fa__day1____2023.12.15T16.47.17p03.00,gpn_data__219060fa__day1____2023.12.15T16.47.17p03.00,2023-12-15T13:47:17.836787939+00:00,4772.177860021591,True,900.0,False,2023-12-15T14:02:17.836787939+00:00,False,False,18a79806b3609087b4922056204b4aff4cf07c02b14c0c02fef10d12cb7c50bb,2e6679a80bdd6577d037d5d424e475ce19577b20b0868371b7d43d9b9a33ac31,90,90,0,37,1,52,38,True,True,True,False,False,False,0.4222222222222222,0,0,0,0,0,0,0,False,False,False,False,False,False,,386,386,0,0,171,215,171,True,False,False,False,False,False,0.4430051813471503
219060fa,5,relaxation,300,5.0,219060fa__day1____2023.12.15T16.47.17p03.00,gpn_data__219060fa__day1____2023.12.15T16.47.17p03.00,2023-12-15T13:47:17.836787939+00:00,4772.177860021591,True,300.0,False,2023-12-15T14:02:17.836787939+00:00,True,False,d79adebc2855e2a69af1e8b1d071d308ac48eaf96969ab30a39d4f6a32ed39fe,d21f3f47004cc3a0d1a4427caaa219b8b7fe34e83f678a4f93728fa4c9d2a5bf,30,30,0,0,16,14,16,True,False,False,False,False,False,0.5333333333333333,60,60,0,2,31,27,33,True,True,True,True,False,False,0.55,386,386,0,68,228,90,296,True,True,True,True,True,True,0.7668393782383419
219060fa,5,relaxation,600,10.0,219060fa__day1____2023.12.15T16.47.17p03.00,gpn_data__219060fa__day1____2023.12.15T16.47.17p03.00,2023-12-15T13:47:17.836787939+00:00,4772.177860021591,True,600.0,False,2023-12-15T14:02:17.836787939+00:00,True,False,27ae78d7520deec11bf1e9ef9277e821ccf347e32c043bacf618bbf603d7f591,d21f3f47004cc3a0d1a4427caaa219b8b7fe34e83f678a4f93728fa4c9d2a5bf,60,60,0,1,21,38,22,True,True,True,False,False,False,0.36666666666666664,30,30,0,1,26,3,27,True,True,True,False,False,False,0.9,386,386,0,68,228,90,296,True,True,True,True,True,True,0.7668393782383419
219060fa,5,relaxation,900,15.0,219060fa__day1____2023.12.15T16.47.17p03.00,gpn_data__219060fa__day1____2023.12.15T16.47.17p03.00,2023-12-15T13:47:17.836787939+00:00,4772.177860021591,True,900.0,True,2023-12-15T14:02:17.836787939+00:00,True,True,553a2e01a397dc26f5ada3ff8a61dc417181db17c18f3964fa88db69dd0dccfc,d21f3f47004cc3a0d1a4427caaa219b8b7fe34e83f678a4f93728fa4c9d2a5bf,90,90,0,2,47,41,49,True,True,True,True,False,False,0.5444444444444444,0,0,0,0,0,0,0,False,False,False,False,False,False,,386,386,0,68,228,90,296,True,True,True,True,True,True,0.7668393782383419
219060fa,5,interest,300,5.0,219060fa__day1____2023.12.15T16.47.17p03.00,gpn_data__219060fa__day1____2023.12.15T16.47.17p03.00,2023-12-15T13:47:17.836787939+00:00,4772.177860021591,True,300.0,False,2023-12-15T14:02:17.836787939+00:00,False,False,55142043b478a0af820a0b1a8de60e6281be0df96dbdeef46561edd2264a8777,f93ff3947e2a752a4cc40f756d04e6342d63ba56b26aed0ef5d3bc5b9db75f29,30,30,0,24,0,6,24,True,False,False,False,False,False,0.8,60,60,0,5,1,54,6,True,True,True,False,False,False,0.1,386,386,0,0,131,255,131,True,False,False,False,False,False,0.3393782383419689
219060fa,5,interest,600,10.0,219060fa__day1____2023.12.15T16.47.17p03.00,gpn_data__219060fa__day1____2023.12.15T16.47.17p03.00,2023-12-15T13:47:17.836787939+00:00,4772.177860021591,True,600.0,False,2023-12-15T14:02:17.836787939+00:00,False,False,e8bef8111230c51be10765e19a4e57601ddffdd8f8c49559a6c44cd9b6e7a088,f93ff3947e2a752a4cc40f756d04e6342d63ba56b26aed0ef5d3bc5b9db75f29,60,60,0,29,0,31,29,True,False,False,False,False,False,0.48333333333333334,30,30,0,0,1,29,1,True,False,False,False,False,False,0.03333333333333333,386,386,0,0,131,255,131,True,False,False,False,False,False,0.3393782383419689
219060fa,5,interest,900,15.0,219060fa__day1____2023.12.15T16.47.17p03.00,gpn_data__219060fa__day1____2023.12.15T16.47.17p03.00,2023-12-15T13:47:17.836787939+00:00,4772.177860021591,True,900.0,False,2023-12-15T14:02:17.836787939+00:00,False,False,2d15567eb6489e58d026b44ece969f35300ddc2d547a6c9c111f1f2e998f9de8,f93ff3947e2a752a4cc40f756d04e6342d63ba56b26aed0ef5d3bc5b9db75f29,90,90,0,29,1,60,30,True,True,True,False,False,False,0.3333333333333333,0,0,0,0,0,0,0,False,False,False,False,False,False,,386,386,0,0,131,255,131,True,False,False,False,False,False,0.3393782383419689
219060fa,5,focus,300,5.0,219060fa__day1____2023.12.15T16.47.17p03.00,gpn_data__219060fa__day1____2023.12.15T16.47.17p03.00,2023-12-15T13:47:17.836787939+00:00,4772.177860021591,True,300.0,False,2023-12-15T14:02:17.836787939+00:00,True,False,c7ac51c6b662a00e562f913279e1ec7077745e4523658ad16dc3fe546cfaf95d,3db5e893108715fea5fba85646afe85594fd6d2927ea3a2fa495b1834e4cec9e,30,30,0,27,0,3,27,True,False,False,False,False,False,0.9,60,60,0,36,0,24,36,True,False,False,False,False,False,0.6,386,386,0,109,124,153,233,True,True,True,True,True,True,0.6036269430051814
219060fa,5,focus,600,10.0,219060fa__day1____2023.12.15T16.47.17p03.00,gpn_data__219060fa__day1____2023.12.15T16.47.17p03.00,2023-12-15T13:47:17.836787939+00:00,4772.177860021591,True,600.0,False,2023-12-15T14:02:17.836787939+00:00,True,False,1bd77dacd13694044e5ab3e7140310a11041dae5e8462d8488e6de199064de49,3db5e893108715fea5fba85646afe85594fd6d2927ea3a2fa495b1834e4cec9e,60,60,0,43,0,17,43,True,False,False,False,False,False,0.7166666666666667,30,30,0,20,0,10,20,True,False,False,False,False,False,0.6666666666666666,386,386,0,109,124,153,233,True,True,True,True,True,True,0.6036269430051814
219060fa,5,focus,900,15.0,219060fa__day1____2023.12.15T16.47.17p03.00,gpn_data__219060fa__day1____2023.12.15T16.47.17p03.00,2023-12-15T13:47:17.836787939+00:00,4772.177860021591,True,900.0,False,2023-12-15T14:02:17.836787939+00:00,True,False,72c61a6a5e76691d14806e5fd0d21f44bded8df35a3f2a2c830a9ec7faa1daa8,3db5e893108715fea5fba85646afe85594fd6d2927ea3a2fa495b1834e4cec9e,90,90,0,63,0,27,63,True,False,False,False,False,False,0.7,0,0,0,0,0,0,0,False,False,False,False,False,False,,386,386,0,109,124,153,233,True,True,True,True,True,True,0.6036269430051814
21a031f6,3,attention,300,5.0,21a031f6__day1____2024.01.12T16.19.41p03.00,Old_EEG__21a031f6__day1____2024.01.12T16.19.41p03.00,2024-01-12T13:19:41.390319109+00:00,7173.780830860138,True,300.0,False,2024-01-12T13:34:41.390319109+00:00,True,False,b41069ea0c60998b9dc6d8537832d3e0b80ccd99a68cb464748420f57dad716b,50353cb79f43b7e5b1c30260abc49dc0ff2240b7d78e467c7b81c6a3a279d8ca,30,30,0,0,19,11,19,True,False,False,False,False,False,0.6333333333333333,60,60,0,5,39,16,44,True,True,True,True,True,True,0.7333333333333333,625,625,0,327,198,100,525,True,True,True,True,True,True,0.84
21a031f6,3,attention,600,10.0,21a031f6__day1____2024.01.12T16.19.41p03.00,Old_EEG__21a031f6__day1____2024.01.12T16.19.41p03.00,2024-01-12T13:19:41.390319109+00:00,7173.780830860138,True,600.0,True,2024-01-12T13:34:41.390319109+00:00,True,True,3e60c01c5fe3efde76d998f4a54455eee3c59d05be51f586dc27483692a61ab0,50353cb79f43b7e5b1c30260abc49dc0ff2240b7d78e467c7b81c6a3a279d8ca,60,60,0,4,39,17,43,True,True,True,True,True,False,0.7166666666666667,30,30,0,1,19,10,20,True,True,True,False,False,False,0.6666666666666666,625,625,0,327,198,100,525,True,True,True,True,True,True,0.84
21a031f6,3,attention,900,15.0,21a031f6__day1____2024.01.12T16.19.41p03.00,Old_EEG__21a031f6__day1____2024.01.12T16.19.41p03.00,2024-01-12T13:19:41.390319109+00:00,7173.780830860138,True,900.0,True,2024-01-12T13:34:41.390319109+00:00,True,True,a48a19c1992d09bfecdfd094c3158729d3c798ad661e7a7d7dbe5581338dff2d,50353cb79f43b7e5b1c30260abc49dc0ff2240b7d78e467c7b81c6a3a279d8ca,90,90,0,5,58,27,63,True,True,True,True,True,True,0.7,0,0,0,0,0,0,0,False,False,False,False,False,False,,625,625,0,327,198,100,525,True,True,True,True,True,True,0.84
21a031f6,3,engagement,300,5.0,21a031f6__day1____2024.01.12T16.19.41p03.00,Old_EEG__21a031f6__day1____2024.01.12T16.19.41p03.00,2024-01-12T13:19:41.390319109+00:00,7173.780830860138,True,300.0,False,2024-01-12T13:34:41.390319109+00:00,True,False,ea3919fd93d62a37f85802b4843c78ebcf9919406d24ab804f6037eb522c5d81,ab65ccdd50ac8fbf8c3eb3529bdac111b1af6158d2401a27c594466ee10f5f16,30,30,0,0,27,3,27,True,False,False,False,False,False,0.9,60,60,0,13,8,39,21,True,True,True,True,True,True,0.35,625,625,0,410,88,127,498,True,True,True,True,True,True,0.7968
21a031f6,3,engagement,600,10.0,21a031f6__day1____2024.01.12T16.19.41p03.00,Old_EEG__21a031f6__day1____2024.01.12T16.19.41p03.00,2024-01-12T13:19:41.390319109+00:00,7173.780830860138,True,600.0,True,2024-01-12T13:34:41.390319109+00:00,True,True,7bb6875316b430796dd69ad719d2ecf731eb08b0461ee987c33065ffbad05a13,ab65ccdd50ac8fbf8c3eb3529bdac111b1af6158d2401a27c594466ee10f5f16,60,60,0,3,35,22,38,True,True,True,True,True,False,0.6333333333333333,30,30,0,10,0,20,10,True,False,False,False,False,False,0.3333333333333333,625,625,0,410,88,127,498,True,True,True,True,True,True,0.7968
21a031f6,3,engagement,900,15.0,21a031f6__day1____2024.01.12T16.19.41p03.00,Old_EEG__21a031f6__day1____2024.01.12T16.19.41p03.00,2024-01-12T13:19:41.390319109+00:00,7173.780830860138,True,900.0,True,2024-01-12T13:34:41.390319109+00:00,True,True,f864c38cc899532b1ea41367f85281dcbe3dd9f69d757607767417b74352aec9,ab65ccdd50ac8fbf8c3eb3529bdac111b1af6158d2401a27c594466ee10f5f16,90,90,0,13,35,42,48,True,True,True,True,True,True,0.5333333333333333,0,0,0,0,0,0,0,False,False,False,False,False,False,,625,625,0,410,88,127,498,True,True,True,True,True,True,0.7968
21a031f6,3,excitement,300,5.0,21a031f6__day1____2024.01.12T16.19.41p03.00,Old_EEG__21a031f6__day1____2024.01.12T16.19.41p03.00,2024-01-12T13:19:41.390319109+00:00,7173.780830860138,True,300.0,False,2024-01-12T13:34:41.390319109+00:00,True,False,f5d9f49849f869e69dfcdaf894dc4c9375c7878e53688aa1b64e44aa44702cd5,1435c04aa2f8b3c28936dcf139233c1147bb72eb97b14241acfa4abd60381293,30,30,0,5,1,24,6,True,True,True,False,False,False,0.2,60,60,0,6,28,26,34,True,True,True,True,True,True,0.5666666666666667,625,625,0,211,181,233,392,True,True,True,True,True,True,0.6272
21a031f6,3,excitement,600,10.0,21a031f6__day1____2024.01.12T16.19.41p03.00,Old_EEG__21a031f6__day1____2024.01.12T16.19.41p03.00,2024-01-12T13:19:41.390319109+00:00,7173.780830860138,True,600.0,True,2024-01-12T13:34:41.390319109+00:00,True,True,ff07332ca2331a5ca4ce6a6c82777dcb268af3bfd451aee841349f6a0614840a,1435c04aa2f8b3c28936dcf139233c1147bb72eb97b14241acfa4abd60381293,60,60,0,8,16,36,24,True,True,True,True,True,True,0.4,30,30,0,3,13,14,16,True,True,True,True,True,False,0.5333333333333333,625,625,0,211,181,233,392,True,True,True,True,True,True,0.6272
21a031f6,3,excitement,900,15.0,21a031f6__day1____2024.01.12T16.19.41p03.00,Old_EEG__21a031f6__day1____2024.01.12T16.19.41p03.00,2024-01-12T13:19:41.390319109+00:00,7173.780830860138,True,900.0,True,2024-01-12T13:34:41.390319109+00:00,True,True,6338c6016db39666fe301c510fee45d6bdb8f10b50a56084990853327a099df3,1435c04aa2f8b3c28936dcf139233c1147bb72eb97b14241acfa4abd60381293,90,90,0,11,29,50,40,True,True,True,True,True,True,0.4444444444444444,0,0,0,0,0,0,0,False,False,False,False,False,False,,625,625,0,211,181,233,392,True,True,True,True,True,True,0.6272
21a031f6,3,stress,300,5.0,21a031f6__day1____2024.01.12T16.19.41p03.00,Old_EEG__21a031f6__day1____2024.01.12T16.19.41p03.00,2024-01-12T13:19:41.390319109+00:00,7173.780830860138,True,300.0,False,2024-01-12T13:34:41.390319109+00:00,True,False,f9082fdf97596e6ff5b5ef0cc7735a0221d849153022c99bc563f656ddc53c86,eaa6769f07dedc90367833a60f51c979cdf951e78d7a641e02ff976aee44d95b,30,30,0,1,17,12,18,True,True,True,False,False,False,0.6,60,60,0,16,34,10,50,True,True,True,True,True,True,0.8333333333333334,625,625,0,415,142,68,557,True,True,True,True,True,True,0.8912
21a031f6,3,stress,600,10.0,21a031f6__day1____2024.01.12T16.19.41p03.00,Old_EEG__21a031f6__day1____2024.01.12T16.19.41p03.00,2024-01-12T13:19:41.390319109+00:00,7173.780830860138,True,600.0,True,2024-01-12T13:34:41.390319109+00:00,True,True,a1f8a045442a8ad6b6370391d9b7a469b3add9cfdbada1bac9594cd3e8c6b085,eaa6769f07dedc90367833a60f51c979cdf951e78d7a641e02ff976aee44d95b,60,60,0,8,34,18,42,True,True,True,True,True,True,0.7,30,30,0,9,17,4,26,True,True,True,True,True,True,0.8666666666666667,625,625,0,415,142,68,557,True,True,True,True,True,True,0.8912
21a031f6,3,stress,900,15.0,21a031f6__day1____2024.01.12T16.19.41p03.00,Old_EEG__21a031f6__day1____2024.01.12T16.19.41p03.00,2024-01-12T13:19:41.390319109+00:00,7173.780830860138,True,900.0,True,2024-01-12T13:34:41.390319109+00:00,True,True,d7195fae53f321cae00a96dc5613fb60f8dd206fda131369b5f84fa1d2dda027,eaa6769f07dedc90367833a60f51c979cdf951e78d7a641e02ff976aee44d95b,90,90,0,17,51,22,68,True,True,True,True,True,True,0.7555555555555555,0,0,0,0,0,0,0,False,False,False,False,False,False,,625,625,0,415,142,68,557,True,True,True,True,True,True,0.8912
21a031f6,3,relaxation,300,5.0,21a031f6__day1____2024.01.12T16.19.41p03.00,Old_EEG__21a031f6__day1____2024.01.12T16.19.41p03.00,2024-01-12T13:19:41.390319109+00:00,7173.780830860138,True,300.0,False,2024-01-12T13:34:41.390319109+00:00,True,False,d6cd780e3c14962fde963b20a541a22f3d1a9f9bfd6c42b51dc20a13479a2de8,8705fb1e381922e35bc0f8ba73d8240ee7a2d98b016e6d157298574a62deed22,30,30,0,0,10,20,10,True,False,False,False,False,False,0.3333333333333333,60,60,0,2,24,34,26,True,True,True,True,False,False,0.43333333333333335,625,625,0,288,176,161,464,True,True,True,True,True,True,0.7424
21a031f6,3,relaxation,600,10.0,21a031f6__day1____2024.01.12T16.19.41p03.00,Old_EEG__21a031f6__day1____2024.01.12T16.19.41p03.00,2024-01-12T13:19:41.390319109+00:00,7173.780830860138,True,600.0,False,2024-01-12T13:34:41.390319109+00:00,True,False,73fd25c67a0e8b7f9dcbf9bec7af32486735c108af613a7220972ca1f40b3fa0,8705fb1e381922e35bc0f8ba73d8240ee7a2d98b016e6d157298574a62deed22,60,60,0,0,19,41,19,True,False,False,False,False,False,0.31666666666666665,30,30,0,2,15,13,17,True,True,True,True,False,False,0.5666666666666667,625,625,0,288,176,161,464,True,True,True,True,True,True,0.7424
21a031f6,3,relaxation,900,15.0,21a031f6__day1____2024.01.12T16.19.41p03.00,Old_EEG__21a031f6__day1____2024.01.12T16.19.41p03.00,2024-01-12T13:19:41.390319109+00:00,7173.780830860138,True,900.0,True,2024-01-12T13:34:41.390319109+00:00,True,True,bbe425602d0bc5e6b00072f6a413b9dcd6214858e2de30fd08762c15c909abba,8705fb1e381922e35bc0f8ba73d8240ee7a2d98b016e6d157298574a62deed22,90,90,0,2,34,54,36,True,True,True,True,False,False,0.4,0,0,0,0,0,0,0,False,False,False,False,False,False,,625,625,0,288,176,161,464,True,True,True,True,True,True,0.7424
21a031f6,3,interest,300,5.0,21a031f6__day1____2024.01.12T16.19.41p03.00,Old_EEG__21a031f6__day1____2024.01.12T16.19.41p03.00,2024-01-12T13:19:41.390319109+00:00,7173.780830860138,True,300.0,True,2024-01-12T13:34:41.390319109+00:00,True,True,b9beb91e2e915cbfd80b2106f9f45224d67a6c2331f2181ac107fdc50d9d5f7a,113d81a200498bd9d2e00cd143dc4ec9f93e779b245a908a0d8be11c9b5782ca,30,30,0,5,2,23,7,True,True,True,True,False,False,0.23333333333333334,60,60,0,0,12,48,12,True,False,False,False,False,False,0.2,625,625,0,161,153,311,314,True,True,True,True,True,True,0.5024
21a031f6,3,interest,600,10.0,21a031f6__day1____2024.01.12T16.19.41p03.00,Old_EEG__21a031f6__day1____2024.01.12T16.19.41p03.00,2024-01-12T13:19:41.390319109+00:00,7173.780830860138,True,600.0,True,2024-01-12T13:34:41.390319109+00:00,True,True,47f58cee37d7e39a6a2d00a5318f5b49574873f3131dde052e8a8f555381735c,113d81a200498bd9d2e00cd143dc4ec9f93e779b245a908a0d8be11c9b5782ca,60,60,0,5,9,46,14,True,True,True,True,True,True,0.23333333333333334,30,30,0,0,5,25,5,True,False,False,False,False,False,0.16666666666666666,625,625,0,161,153,311,314,True,True,True,True,True,True,0.5024
21a031f6,3,interest,900,15.0,21a031f6__day1____2024.01.12T16.19.41p03.00,Old_EEG__21a031f6__day1____2024.01.12T16.19.41p03.00,2024-01-12T13:19:41.390319109+00:00,7173.780830860138,True,900.0,True,2024-01-12T13:34:41.390319109+00:00,True,True,46e90c09276f06fe8296071301307362afbad245c5d39d61bd72d9044b0d126d,113d81a200498bd9d2e00cd143dc4ec9f93e779b245a908a0d8be11c9b5782ca,90,90,0,5,14,71,19,True,True,True,True,True,True,0.2111111111111111,0,0,0,0,0,0,0,False,False,False,False,False,False,,625,625,0,161,153,311,314,True,True,True,True,True,True,0.5024
21a031f6,3,focus,300,5.0,21a031f6__day1____2024.01.12T16.19.41p03.00,Old_EEG__21a031f6__day1____2024.01.12T16.19.41p03.00,2024-01-12T13:19:41.390319109+00:00,7173.780830860138,True,300.0,False,2024-01-12T13:34:41.390319109+00:00,True,False,8d50698e97586176d68d17dcba41d3c554afd23add132b4f37ac955b342cb526,23b5ade1d2960bb4b1d02b3bf7fdf88978bd2852e4cd482e0a3882e7167f95ba,30,30,0,20,0,10,20,True,False,False,False,False,False,0.6666666666666666,60,60,0,4,22,34,26,True,True,True,True,True,False,0.43333333333333335,625,625,0,155,181,289,336,True,True,True,True,True,True,0.5376
21a031f6,3,focus,600,10.0,21a031f6__day1____2024.01.12T16.19.41p03.00,Old_EEG__21a031f6__day1____2024.01.12T16.19.41p03.00,2024-01-12T13:19:41.390319109+00:00,7173.780830860138,True,600.0,True,2024-01-12T13:34:41.390319109+00:00,True,True,f038a68531fb1e5af786cfe4cf52df1174fbdfe1da5288ba4851627c9c1e88c4,23b5ade1d2960bb4b1d02b3bf7fdf88978bd2852e4cd482e0a3882e7167f95ba,60,60,0,23,14,23,37,True,True,True,True,True,True,0.6166666666666667,30,30,0,1,8,21,9,True,True,True,False,False,False,0.3,625,625,0,155,181,289,336,True,True,True,True,True,True,0.5376
21a031f6,3,focus,900,15.0,21a031f6__day1____2024.01.12T16.19.41p03.00,Old_EEG__21a031f6__day1____2024.01.12T16.19.41p03.00,2024-01-12T13:19:41.390319109+00:00,7173.780830860138,True,900.0,True,2024-01-12T13:34:41.390319109+00:00,True,True,479b4dd05a7fdcd3cfd545f4938735654f32c87641467c8bdb442f544e141cbd,23b5ade1d2960bb4b1d02b3bf7fdf88978bd2852e4cd482e0a3882e7167f95ba,90,90,0,24,22,44,46,True,True,True,True,True,True,0.5111111111111111,0,0,0,0,0,0,0,False,False,False,False,False,False,,625,625,0,155,181,289,336,True,True,True,True,True,True,0.5376
30908049,4,attention,300,5.0,30908049__day1____2023.12.04T11.14.04p03.00,gpn_data__30908049__day1____2023.12.04T11.14.04p03.00,2023-12-04T08:14:04.111735106+00:00,4692.510121822357,True,300.0,False,2023-12-04T08:29:04.111735106+00:00,True,False,6c60a08a996949a0bef7c62a86a800402e3eee7a06b342e01a55833a7897c18e,c96b2b9563e833a8d4ccdcf5936d1c4ca4c121e5bcfece4a4be7f8bb82d0d919,30,30,0,0,7,23,7,True,False,False,False,False,False,0.23333333333333334,60,60,0,4,4,52,8,True,True,True,True,True,False,0.13333333333333333,616,616,0,195,107,314,302,True,True,True,True,True,True,0.4902597402597403
30908049,4,attention,600,10.0,30908049__day1____2023.12.04T11.14.04p03.00,gpn_data__30908049__day1____2023.12.04T11.14.04p03.00,2023-12-04T08:14:04.111735106+00:00,4692.510121822357,True,600.0,False,2023-12-04T08:29:04.111735106+00:00,True,False,f72904e28d06620119438572db359fce20eb7456fc06d2ee7f36fb5b8b5f3c6c,c96b2b9563e833a8d4ccdcf5936d1c4ca4c121e5bcfece4a4be7f8bb82d0d919,60,60,0,1,10,49,11,True,True,True,False,False,False,0.18333333333333332,30,30,0,3,1,26,4,True,True,True,False,False,False,0.13333333333333333,616,616,0,195,107,314,302,True,True,True,True,True,True,0.4902597402597403
30908049,4,attention,900,15.0,30908049__day1____2023.12.04T11.14.04p03.00,gpn_data__30908049__day1____2023.12.04T11.14.04p03.00,2023-12-04T08:14:04.111735106+00:00,4692.510121822357,True,900.0,True,2023-12-04T08:29:04.111735106+00:00,True,True,1a1c6ae08c7af635e616e14ae7577d7783fd52db555733ee878f3c60cf60d248,c96b2b9563e833a8d4ccdcf5936d1c4ca4c121e5bcfece4a4be7f8bb82d0d919,90,90,0,4,11,75,15,True,True,True,True,True,False,0.16666666666666666,0,0,0,0,0,0,0,False,False,False,False,False,False,,616,616,0,195,107,314,302,True,True,True,True,True,True,0.4902597402597403
30908049,4,engagement,300,5.0,30908049__day1____2023.12.04T11.14.04p03.00,gpn_data__30908049__day1____2023.12.04T11.14.04p03.00,2023-12-04T08:14:04.111735106+00:00,4692.510121822357,True,300.0,False,2023-12-04T08:29:04.111735106+00:00,True,False,ebceaa37dbd1f65988e3110e7b299da164b7c8a02d76aa3653ee5c24f28ed07e,14adbda5ea5e529969541c549a48945bf9ed52249906259cf909d5b643bcd12c,30,30,0,1,21,8,22,True,True,True,False,False,False,0.7333333333333333,60,60,0,17,12,31,29,True,True,True,True,True,True,0.48333333333333334,616,616,0,208,200,208,408,True,True,True,True,True,True,0.6623376623376623
30908049,4,engagement,600,10.0,30908049__day1____2023.12.04T11.14.04p03.00,gpn_data__30908049__day1____2023.12.04T11.14.04p03.00,2023-12-04T08:14:04.111735106+00:00,4692.510121822357,True,600.0,True,2023-12-04T08:29:04.111735106+00:00,True,True,a7bf8d5844c6252c27b1167acca44397676b9fa2d23a5634681fa6b2b7795ea0,14adbda5ea5e529969541c549a48945bf9ed52249906259cf909d5b643bcd12c,60,60,0,9,29,22,38,True,True,True,True,True,True,0.6333333333333333,30,30,0,9,4,17,13,True,True,True,True,True,False,0.43333333333333335,616,616,0,208,200,208,408,True,True,True,True,True,True,0.6623376623376623
30908049,4,engagement,900,15.0,30908049__day1____2023.12.04T11.14.04p03.00,gpn_data__30908049__day1____2023.12.04T11.14.04p03.00,2023-12-04T08:14:04.111735106+00:00,4692.510121822357,True,900.0,True,2023-12-04T08:29:04.111735106+00:00,True,True,84fbbab25ff79b1ee7844d033f3711a12788bb90b18c22573ef771df0f1e51ec,14adbda5ea5e529969541c549a48945bf9ed52249906259cf909d5b643bcd12c,90,90,0,18,33,39,51,True,True,True,True,True,True,0.5666666666666667,0,0,0,0,0,0,0,False,False,False,False,False,False,,616,616,0,208,200,208,408,True,True,True,True,True,True,0.6623376623376623
30908049,4,excitement,300,5.0,30908049__day1____2023.12.04T11.14.04p03.00,gpn_data__30908049__day1____2023.12.04T11.14.04p03.00,2023-12-04T08:14:04.111735106+00:00,4692.510121822357,True,300.0,True,2023-12-04T08:29:04.111735106+00:00,True,True,dedbbee009dbbbe1f1d03053b722a0e625e732a8c61a7b80cbfa0293bce7d2dd,f5b03786f92ed7de51fc5d5db78b25ab9b0e6a94fd384be43e19f39fca7b7174,30,30,0,4,20,6,24,True,True,True,True,True,False,0.8,60,60,0,10,38,12,48,True,True,True,True,True,True,0.8,616,616,0,83,392,141,475,True,True,True,True,True,True,0.7711038961038961
30908049,4,excitement,600,10.0,30908049__day1____2023.12.04T11.14.04p03.00,gpn_data__30908049__day1____2023.12.04T11.14.04p03.00,2023-12-04T08:14:04.111735106+00:00,4692.510121822357,True,600.0,True,2023-12-04T08:29:04.111735106+00:00,True,True,79ab4933aa4bfddeab1f2364150fbe38062c39bad514c41e2decb68bd0bbf8ab,f5b03786f92ed7de51fc5d5db78b25ab9b0e6a94fd384be43e19f39fca7b7174,60,60,0,8,37,15,45,True,True,True,True,True,True,0.75,30,30,0,6,21,3,27,True,True,True,True,True,True,0.9,616,616,0,83,392,141,475,True,True,True,True,True,True,0.7711038961038961
30908049,4,excitement,900,15.0,30908049__day1____2023.12.04T11.14.04p03.00,gpn_data__30908049__day1____2023.12.04T11.14.04p03.00,2023-12-04T08:14:04.111735106+00:00,4692.510121822357,True,900.0,True,2023-12-04T08:29:04.111735106+00:00,True,True,3976a85f13a7aa952ce4b19277e66d233f60433a0f5ddd9eeaf6c3124c56e1a1,f5b03786f92ed7de51fc5d5db78b25ab9b0e6a94fd384be43e19f39fca7b7174,90,90,0,14,58,18,72,True,True,True,True,True,True,0.8,0,0,0,0,0,0,0,False,False,False,False,False,False,,616,616,0,83,392,141,475,True,True,True,True,True,True,0.7711038961038961
30908049,4,stress,300,5.0,30908049__day1____2023.12.04T11.14.04p03.00,gpn_data__30908049__day1____2023.12.04T11.14.04p03.00,2023-12-04T08:14:04.111735106+00:00,4692.510121822357,True,300.0,False,2023-12-04T08:29:04.111735106+00:00,True,False,a4145cedd22d543d531d380fec3e697b9a22875fecef62ee99cc7b191cf87912,ecc872e72af84f06d6980989b13dbb1c34e148ec42da94c6e365c6a3062fe9e9,30,30,0,7,0,23,7,True,False,False,False,False,False,0.23333333333333334,60,60,0,0,3,57,3,True,False,False,False,False,False,0.05,616,616,0,47,122,447,169,True,True,True,True,True,True,0.27435064935064934
30908049,4,stress,600,10.0,30908049__day1____2023.12.04T11.14.04p03.00,gpn_data__30908049__day1____2023.12.04T11.14.04p03.00,2023-12-04T08:14:04.111735106+00:00,4692.510121822357,True,600.0,False,2023-12-04T08:29:04.111735106+00:00,True,False,c40e083e68847b292cea7952465a541915b59b857ff0bda15b8ecc732a03cd83,ecc872e72af84f06d6980989b13dbb1c34e148ec42da94c6e365c6a3062fe9e9,60,60,0,7,1,52,8,True,True,True,False,False,False,0.13333333333333333,30,30,0,0,2,28,2,True,False,False,False,False,False,0.06666666666666667,616,616,0,47,122,447,169,True,True,True,True,True,True,0.27435064935064934
30908049,4,stress,900,15.0,30908049__day1____2023.12.04T11.14.04p03.00,gpn_data__30908049__day1____2023.12.04T11.14.04p03.00,2023-12-04T08:14:04.111735106+00:00,4692.510121822357,True,900.0,True,2023-12-04T08:29:04.111735106+00:00,True,True,690b25aa059e84d103abd2308a457681e1626e1d04ea1e21378f434eccbbc86a,ecc872e72af84f06d6980989b13dbb1c34e148ec42da94c6e365c6a3062fe9e9,90,90,0,7,3,80,10,True,True,True,True,True,False,0.1111111111111111,0,0,0,0,0,0,0,False,False,False,False,False,False,,616,616,0,47,122,447,169,True,True,True,True,True,True,0.27435064935064934
30908049,4,relaxation,300,5.0,30908049__day1____2023.12.04T11.14.04p03.00,gpn_data__30908049__day1____2023.12.04T11.14.04p03.00,2023-12-04T08:14:04.111735106+00:00,4692.510121822357,True,300.0,True,2023-12-04T08:29:04.111735106+00:00,True,True,27edc69442bb97a2986d8a026b9d286d3f9b77a21a4a2a86d57d681c2cd27c46,b1ef08f4330270317ef38c823944ee9a3dcac5aa8c1733ad9fb2b3386e7aa7a3,30,30,0,2,3,25,5,True,True,True,True,False,False,0.16666666666666666,60,60,0,1,9,50,10,True,True,True,False,False,False,0.16666666666666666,616,616,0,203,104,309,307,True,True,True,True,True,True,0.49837662337662336
30908049,4,relaxation,600,10.0,30908049__day1____2023.12.04T11.14.04p03.00,gpn_data__30908049__day1____2023.12.04T11.14.04p03.00,2023-12-04T08:14:04.111735106+00:00,4692.510121822357,True,600.0,True,2023-12-04T08:29:04.111735106+00:00,True,True,072b926eb78c9d86c07696e1b32b07cf32efb59a096d207d1f3a4e41e8ef1cfd,b1ef08f4330270317ef38c823944ee9a3dcac5aa8c1733ad9fb2b3386e7aa7a3,60,60,0,2,8,50,10,True,True,True,True,False,False,0.16666666666666666,30,30,0,1,4,25,5,True,True,True,False,False,False,0.16666666666666666,616,616,0,203,104,309,307,True,True,True,True,True,True,0.49837662337662336
30908049,4,relaxation,900,15.0,30908049__day1____2023.12.04T11.14.04p03.00,gpn_data__30908049__day1____2023.12.04T11.14.04p03.00,2023-12-04T08:14:04.111735106+00:00,4692.510121822357,True,900.0,True,2023-12-04T08:29:04.111735106+00:00,True,True,efc533741a0ede667fdd68362e55c1a1f9d77b0d4c9197582b196a1381c6bbbb,b1ef08f4330270317ef38c823944ee9a3dcac5aa8c1733ad9fb2b3386e7aa7a3,90,90,0,3,12,75,15,True,True,True,True,True,False,0.16666666666666666,0,0,0,0,0,0,0,False,False,False,False,False,False,,616,616,0,203,104,309,307,True,True,True,True,True,True,0.49837662337662336
30908049,4,interest,300,5.0,30908049__day1____2023.12.04T11.14.04p03.00,gpn_data__30908049__day1____2023.12.04T11.14.04p03.00,2023-12-04T08:14:04.111735106+00:00,4692.510121822357,True,300.0,False,2023-12-04T08:29:04.111735106+00:00,True,False,9387059652ef8b1048807f267c6fedd7fa07e309a8bee1290bd2a42727475f4f,ca88c281f104430b6ad226df2d4f85c481f5fb27c640fcca966a852079b50918,30,30,0,21,0,9,21,True,False,False,False,False,False,0.7,60,60,0,0,6,54,6,True,False,False,False,False,False,0.1,616,616,0,28,155,433,183,True,True,True,True,True,True,0.29707792207792205
30908049,4,interest,600,10.0,30908049__day1____2023.12.04T11.14.04p03.00,gpn_data__30908049__day1____2023.12.04T11.14.04p03.00,2023-12-04T08:14:04.111735106+00:00,4692.510121822357,True,600.0,True,2023-12-04T08:29:04.111735106+00:00,True,True,bd6fdcfb382279fd01e8ba8cbb40dc68eea7ce9e6692da0fb26f7267d947a16a,ca88c281f104430b6ad226df2d4f85c481f5fb27c640fcca966a852079b50918,60,60,0,21,3,36,24,True,True,True,True,True,False,0.4,30,30,0,0,3,27,3,True,False,False,False,False,False,0.1,616,616,0,28,155,433,183,True,True,True,True,True,True,0.29707792207792205
30908049,4,interest,900,15.0,30908049__day1____2023.12.04T11.14.04p03.00,gpn_data__30908049__day1____2023.12.04T11.14.04p03.00,2023-12-04T08:14:04.111735106+00:00,4692.510121822357,True,900.0,True,2023-12-04T08:29:04.111735106+00:00,True,True,c6ca4d67c8aefe8cf1117a3375a8c36016029e7ccc0d90f7391d79f6b793fe05,ca88c281f104430b6ad226df2d4f85c481f5fb27c640fcca966a852079b50918,90,90,0,21,6,63,27,True,True,True,True,True,True,0.3,0,0,0,0,0,0,0,False,False,False,False,False,False,,616,616,0,28,155,433,183,True,True,True,True,True,True,0.29707792207792205
30908049,4,focus,300,5.0,30908049__day1____2023.12.04T11.14.04p03.00,gpn_data__30908049__day1____2023.12.04T11.14.04p03.00,2023-12-04T08:14:04.111735106+00:00,4692.510121822357,True,300.0,False,2023-12-04T08:29:04.111735106+00:00,True,False,ddbbe6eb2b6053f5e7b2b49405434c778bf787485423ecb4ae81f958649e7f76,30fa1630ca10f83fc24fad3959d38c3c95fda2735432cf7d6b9678ab90c58a7d,30,30,0,0,20,10,20,True,False,False,False,False,False,0.6666666666666666,60,60,0,4,43,13,47,True,True,True,True,True,False,0.7833333333333333,616,616,0,50,431,135,481,True,True,True,True,True,True,0.7808441558441559
30908049,4,focus,600,10.0,30908049__day1____2023.12.04T11.14.04p03.00,gpn_data__30908049__day1____2023.12.04T11.14.04p03.00,2023-12-04T08:14:04.111735106+00:00,4692.510121822357,True,600.0,False,2023-12-04T08:29:04.111735106+00:00,True,False,612310c164d092435939232ecfb1f345b67bd35054f204c71bfcc5c835668d60,30fa1630ca10f83fc24fad3959d38c3c95fda2735432cf7d6b9678ab90c58a7d,60,60,0,1,39,20,40,True,True,True,False,False,False,0.6666666666666666,30,30,0,3,24,3,27,True,True,True,True,True,False,0.9,616,616,0,50,431,135,481,True,True,True,True,True,True,0.7808441558441559
30908049,4,focus,900,15.0,30908049__day1____2023.12.04T11.14.04p03.00,gpn_data__30908049__day1____2023.12.04T11.14.04p03.00,2023-12-04T08:14:04.111735106+00:00,4692.510121822357,True,900.0,True,2023-12-04T08:29:04.111735106+00:00,True,True,6310c1b60176f8eb9a1912b4f13557a1f2068bdaee5a80c6b2bcb485f94a0522,30fa1630ca10f83fc24fad3959d38c3c95fda2735432cf7d6b9678ab90c58a7d,90,90,0,4,63,23,67,True,True,True,True,True,False,0.7444444444444445,0,0,0,0,0,0,0,False,False,False,False,False,False,,616,616,0,50,431,135,481,True,True,True,True,True,True,0.7808441558441559
30c140ca,1,attention,300,5.0,30c140ca__day1____2023.12.18T09.42.40p03.00,Old_EEG__30c140ca__day1____2023.12.18T09.42.40p03.00,2023-12-18T06:42:40.933124065+00:00,3792.2875788211823,True,300.0,False,2023-12-18T06:57:40.933124065+00:00,True,False,f585504638ae1dae59b576626d7ff8e97bfeacdc13350104ace7182afe490b3d,6233feb324e6daf7af54a843d3f490a39a73f30069006a91c9f78b172eb1967c,30,30,0,0,26,4,26,True,False,False,False,False,False,0.8666666666666667,60,60,0,22,4,34,26,True,True,True,True,True,False,0.43333333333333335,287,287,0,101,127,59,228,True,True,True,True,True,True,0.794425087108014
30c140ca,1,attention,600,10.0,30c140ca__day1____2023.12.18T09.42.40p03.00,Old_EEG__30c140ca__day1____2023.12.18T09.42.40p03.00,2023-12-18T06:42:40.933124065+00:00,3792.2875788211823,True,600.0,True,2023-12-18T06:57:40.933124065+00:00,True,True,b049dde40e67d6ecf360e3fc9a3d708e2e907e3148451c1f4558ba8d5c7ea284,6233feb324e6daf7af54a843d3f490a39a73f30069006a91c9f78b172eb1967c,60,60,0,9,30,21,39,True,True,True,True,True,True,0.65,30,30,0,13,0,17,13,True,False,False,False,False,False,0.43333333333333335,287,287,0,101,127,59,228,True,True,True,True,True,True,0.794425087108014
30c140ca,1,attention,900,15.0,30c140ca__day1____2023.12.18T09.42.40p03.00,Old_EEG__30c140ca__day1____2023.12.18T09.42.40p03.00,2023-12-18T06:42:40.933124065+00:00,3792.2875788211823,True,900.0,True,2023-12-18T06:57:40.933124065+00:00,True,True,21958a0b8357d7f58cc7ee193cd73ef7c6a83e0a28a2e9a4fd1ed10f5936efaa,6233feb324e6daf7af54a843d3f490a39a73f30069006a91c9f78b172eb1967c,90,90,0,22,30,38,52,True,True,True,True,True,True,0.5777777777777777,0,0,0,0,0,0,0,False,False,False,False,False,False,,287,287,0,101,127,59,228,True,True,True,True,True,True,0.794425087108014
30c140ca,1,engagement,300,5.0,30c140ca__day1____2023.12.18T09.42.40p03.00,Old_EEG__30c140ca__day1____2023.12.18T09.42.40p03.00,2023-12-18T06:42:40.933124065+00:00,3792.2875788211823,True,300.0,True,2023-12-18T06:57:40.933124065+00:00,True,True,f7e3da61b919b7ac10489c89648794b26788f368e64490e4763c349ef12bc4bf,074cccdb84c2db09871004d40f9e61ce9e06b55ccaaba87c7749ed0330fad996,30,30,0,2,13,15,15,True,True,True,True,False,False,0.5,60,60,0,0,47,13,47,True,False,False,False,False,False,0.7833333333333333,287,287,0,147,44,96,191,True,True,True,True,True,True,0.6655052264808362
30c140ca,1,engagement,600,10.0,30c140ca__day1____2023.12.18T09.42.40p03.00,Old_EEG__30c140ca__day1____2023.12.18T09.42.40p03.00,2023-12-18T06:42:40.933124065+00:00,3792.2875788211823,True,600.0,True,2023-12-18T06:57:40.933124065+00:00,True,True,a7f0d3a0970dbca6fcc2ccf4cc9a2610e26df0831ca03c04a9061968fb312a7d,074cccdb84c2db09871004d40f9e61ce9e06b55ccaaba87c7749ed0330fad996,60,60,0,2,39,19,41,True,True,True,True,False,False,0.6833333333333333,30,30,0,0,21,9,21,True,False,False,False,False,False,0.7,287,287,0,147,44,96,191,True,True,True,True,True,True,0.6655052264808362
30c140ca,1,engagement,900,15.0,30c140ca__day1____2023.12.18T09.42.40p03.00,Old_EEG__30c140ca__day1____2023.12.18T09.42.40p03.00,2023-12-18T06:42:40.933124065+00:00,3792.2875788211823,True,900.0,True,2023-12-18T06:57:40.933124065+00:00,True,True,331a083c714a1245b7ddb276710b471d9ded813acbcf419e10fe332bac05a295,074cccdb84c2db09871004d40f9e61ce9e06b55ccaaba87c7749ed0330fad996,90,90,0,2,60,28,62,True,True,True,True,False,False,0.6888888888888889,0,0,0,0,0,0,0,False,False,False,False,False,False,,287,287,0,147,44,96,191,True,True,True,True,True,True,0.6655052264808362
30c140ca,1,excitement,300,5.0,30c140ca__day1____2023.12.18T09.42.40p03.00,Old_EEG__30c140ca__day1____2023.12.18T09.42.40p03.00,2023-12-18T06:42:40.933124065+00:00,3792.2875788211823,True,300.0,True,2023-12-18T06:57:40.933124065+00:00,True,True,acdf9ceeda54dddbd90c2177fbb578985f062c8d931196b44fbd5d6e57f3bc1c,87357978b375fa8c6ebf8e56068a3b556dff9aba7fcec4bde7839891674b6696,30,30,0,9,14,7,23,True,True,True,True,True,True,0.7666666666666667,60,60,0,16,15,29,31,True,True,True,True,True,True,0.5166666666666667,287,287,0,141,71,75,212,True,True,True,True,True,True,0.7386759581881533
30c140ca,1,excitement,600,10.0,30c140ca__day1____2023.12.18T09.42.40p03.00,Old_EEG__30c140ca__day1____2023.12.18T09.42.40p03.00,2023-12-18T06:42:40.933124065+00:00,3792.2875788211823,True,600.0,True,2023-12-18T06:57:40.933124065+00:00,True,True,2a05cec568bdafcfc2e8987916ae78d4471687e3516e7a1ec24818c781263864,87357978b375fa8c6ebf8e56068a3b556dff9aba7fcec4bde7839891674b6696,60,60,0,20,19,21,39,True,True,True,True,True,True,0.65,30,30,0,5,10,15,15,True,True,True,True,True,True,0.5,287,287,0,141,71,75,212,True,True,True,True,True,True,0.7386759581881533
30c140ca,1,excitement,900,15.0,30c140ca__day1____2023.12.18T09.42.40p03.00,Old_EEG__30c140ca__day1____2023.12.18T09.42.40p03.00,2023-12-18T06:42:40.933124065+00:00,3792.2875788211823,True,900.0,True,2023-12-18T06:57:40.933124065+00:00,True,True,90f51716326c6ebd6290fcc2ca61233fcdfa800b547f37f9f40f27cf6771b1d5,87357978b375fa8c6ebf8e56068a3b556dff9aba7fcec4bde7839891674b6696,90,90,0,25,29,36,54,True,True,True,True,True,True,0.6,0,0,0,0,0,0,0,False,False,False,False,False,False,,287,287,0,141,71,75,212,True,True,True,True,True,True,0.7386759581881533
30c140ca,1,stress,300,5.0,30c140ca__day1____2023.12.18T09.42.40p03.00,Old_EEG__30c140ca__day1____2023.12.18T09.42.40p03.00,2023-12-18T06:42:40.933124065+00:00,3792.2875788211823,True,300.0,True,2023-12-18T06:57:40.933124065+00:00,True,True,1155d6fab34fba1b7285d10a683b868ffc776f0d36b39c69860224e304b9cabc,e87de54ed35ff53c97873b18979945b299c5462b8e035e570493aa9ddf857358,30,30,0,22,5,3,27,True,True,True,True,True,True,0.9,60,60,0,22,18,20,40,True,True,True,True,True,True,0.6666666666666666,287,287,0,91,147,49,238,True,True,True,True,True,True,0.8292682926829268
30c140ca,1,stress,600,10.0,30c140ca__day1____2023.12.18T09.42.40p03.00,Old_EEG__30c140ca__day1____2023.12.18T09.42.40p03.00,2023-12-18T06:42:40.933124065+00:00,3792.2875788211823,True,600.0,True,2023-12-18T06:57:40.933124065+00:00,True,True,e2ab5f1afa05613628cb246edc9cce0d4b2975594e10d3a8f3a753fa50ca6cba,e87de54ed35ff53c97873b18979945b299c5462b8e035e570493aa9ddf857358,60,60,0,38,9,13,47,True,True,True,True,True,True,0.7833333333333333,30,30,0,6,14,10,20,True,True,True,True,True,True,0.6666666666666666,287,287,0,91,147,49,238,True,True,True,True,True,True,0.8292682926829268
30c140ca,1,stress,900,15.0,30c140ca__day1____2023.12.18T09.42.40p03.00,Old_EEG__30c140ca__day1____2023.12.18T09.42.40p03.00,2023-12-18T06:42:40.933124065+00:00,3792.2875788211823,True,900.0,True,2023-12-18T06:57:40.933124065+00:00,True,True,f95198d3439154ba1dff194fa6c171f42a4b67901de231571ed2a9056cd901b3,e87de54ed35ff53c97873b18979945b299c5462b8e035e570493aa9ddf857358,90,90,0,44,23,23,67,True,True,True,True,True,True,0.7444444444444445,0,0,0,0,0,0,0,False,False,False,False,False,False,,287,287,0,91,147,49,238,True,True,True,True,True,True,0.8292682926829268
30c140ca,1,relaxation,300,5.0,30c140ca__day1____2023.12.18T09.42.40p03.00,Old_EEG__30c140ca__day1____2023.12.18T09.42.40p03.00,2023-12-18T06:42:40.933124065+00:00,3792.2875788211823,True,300.0,False,2023-12-18T06:57:40.933124065+00:00,True,False,c1a9d7689cde38cae86fd209985f0fa3f1b4c980bb7927dc050089c3ef9c1908,6dac3309d113aa30a9b0848868f18956374b07d37a2579abf1f104141da3c7c4,30,30,0,0,30,0,30,True,False,False,False,False,False,1.0,60,60,0,0,57,3,57,True,False,False,False,False,False,0.95,287,287,0,143,101,43,244,True,True,True,True,True,True,0.8501742160278746
30c140ca,1,relaxation,600,10.0,30c140ca__day1____2023.12.18T09.42.40p03.00,Old_EEG__30c140ca__day1____2023.12.18T09.42.40p03.00,2023-12-18T06:42:40.933124065+00:00,3792.2875788211823,True,600.0,False,2023-12-18T06:57:40.933124065+00:00,True,False,6ed71db3a3ce4371e707add4fa47ff5ada6d6c2b4bd314a915a9e96b2911a405,6dac3309d113aa30a9b0848868f18956374b07d37a2579abf1f104141da3c7c4,60,60,0,0,57,3,57,True,False,False,False,False,False,0.95,30,30,0,0,30,0,30,True,False,False,False,False,False,1.0,287,287,0,143,101,43,244,True,True,True,True,True,True,0.8501742160278746
30c140ca,1,relaxation,900,15.0,30c140ca__day1____2023.12.18T09.42.40p03.00,Old_EEG__30c140ca__day1____2023.12.18T09.42.40p03.00,2023-12-18T06:42:40.933124065+00:00,3792.2875788211823,True,900.0,False,2023-12-18T06:57:40.933124065+00:00,True,False,5752d9ba5866c2e004d2b33e554c24191139e75bb0733e62e69d84743318e7a0,6dac3309d113aa30a9b0848868f18956374b07d37a2579abf1f104141da3c7c4,90,90,0,0,87,3,87,True,False,False,False,False,False,0.9666666666666667,0,0,0,0,0,0,0,False,False,False,False,False,False,,287,287,0,143,101,43,244,True,True,True,True,True,True,0.8501742160278746
30c140ca,1,interest,300,5.0,30c140ca__day1____2023.12.18T09.42.40p03.00,Old_EEG__30c140ca__day1____2023.12.18T09.42.40p03.00,2023-12-18T06:42:40.933124065+00:00,3792.2875788211823,True,300.0,True,2023-12-18T06:57:40.933124065+00:00,True,True,3a52f6a8ffbf3bc454bdfde114bcb24cc4719a6159456b5a614000fccbd93d4a,f30d453e556bd9356b7be8f614d5c9ddd3578b19eb35dbcdcbb6b5a580ab59cb,30,30,0,18,9,3,27,True,True,True,True,True,True,0.9,60,60,0,6,53,1,59,True,True,True,True,True,True,0.9833333333333333,287,287,0,254,12,21,266,True,True,True,True,True,True,0.926829268292683
30c140ca,1,interest,600,10.0,30c140ca__day1____2023.12.18T09.42.40p03.00,Old_EEG__30c140ca__day1____2023.12.18T09.42.40p03.00,2023-12-18T06:42:40.933124065+00:00,3792.2875788211823,True,600.0,True,2023-12-18T06:57:40.933124065+00:00,True,True,9a777aae45129adeabc2534b8d008fc4bd43b8a6735dd8e3efe6ce6557c0cfca,f30d453e556bd9356b7be8f614d5c9ddd3578b19eb35dbcdcbb6b5a580ab59cb,60,60,0,23,33,4,56,True,True,True,True,True,True,0.9333333333333333,30,30,0,1,29,0,30,True,True,True,False,False,False,1.0,287,287,0,254,12,21,266,True,True,True,True,True,True,0.926829268292683
30c140ca,1,interest,900,15.0,30c140ca__day1____2023.12.18T09.42.40p03.00,Old_EEG__30c140ca__day1____2023.12.18T09.42.40p03.00,2023-12-18T06:42:40.933124065+00:00,3792.2875788211823,True,900.0,True,2023-12-18T06:57:40.933124065+00:00,True,True,dde253626d6f6c3dc7856696a3a8488b5c36d67f673f7ad9a3c3579552296e09,f30d453e556bd9356b7be8f614d5c9ddd3578b19eb35dbcdcbb6b5a580ab59cb,90,90,0,24,62,4,86,True,True,True,True,True,True,0.9555555555555556,0,0,0,0,0,0,0,False,False,False,False,False,False,,287,287,0,254,12,21,266,True,True,True,True,True,True,0.926829268292683
30c140ca,1,focus,300,5.0,30c140ca__day1____2023.12.18T09.42.40p03.00,Old_EEG__30c140ca__day1____2023.12.18T09.42.40p03.00,2023-12-18T06:42:40.933124065+00:00,3792.2875788211823,True,300.0,True,2023-12-18T06:57:40.933124065+00:00,True,True,bb6bc206690ec975ff3804864a705bf5627f52df98952af87a8affdd0dd65427,7b60845fd3eb3631be79bca80709de23383eefce9f7fd7fe5a1d603f15c7e6fd,30,30,0,22,2,6,24,True,True,True,True,False,False,0.8,60,60,0,51,2,7,53,True,True,True,True,False,False,0.8833333333333333,287,287,0,113,111,63,224,True,True,True,True,True,True,0.7804878048780488
30c140ca,1,focus,600,10.0,30c140ca__day1____2023.12.18T09.42.40p03.00,Old_EEG__30c140ca__day1____2023.12.18T09.42.40p03.00,2023-12-18T06:42:40.933124065+00:00,3792.2875788211823,True,600.0,True,2023-12-18T06:57:40.933124065+00:00,True,True,55797e47cb0528fbd7fc4b02c1f3de29e6f0ae762c8bbf33e5e3448e726b9d53,7b60845fd3eb3631be79bca80709de23383eefce9f7fd7fe5a1d603f15c7e6fd,60,60,0,47,4,9,51,True,True,True,True,True,False,0.85,30,30,0,26,0,4,26,True,False,False,False,False,False,0.8666666666666667,287,287,0,113,111,63,224,True,True,True,True,True,True,0.7804878048780488
30c140ca,1,focus,900,15.0,30c140ca__day1____2023.12.18T09.42.40p03.00,Old_EEG__30c140ca__day1____2023.12.18T09.42.40p03.00,2023-12-18T06:42:40.933124065+00:00,3792.2875788211823,True,900.0,True,2023-12-18T06:57:40.933124065+00:00,True,True,b3ee9183b4dfc21976a6fd23c8fedddc8bad7a3a522147ac135f2009a0039032,7b60845fd3eb3631be79bca80709de23383eefce9f7fd7fe5a1d603f15c7e6fd,90,90,0,73,4,13,77,True,True,True,True,True,False,0.8555555555555555,0,0,0,0,0,0,0,False,False,False,False,False,False,,287,287,0,113,111,63,224,True,True,True,True,True,True,0.7804878048780488
3110e0c7,1,attention,300,5.0,3110e0c7__day1____2024.01.29T09.42.53p01.00,gpn_data__3110e0c7__day1____2024.01.29T09.42.53p01.00,2024-01-29T08:42:53.316807985+00:00,6842.529772043228,True,300.0,False,2024-01-29T08:57:53.316807985+00:00,True,False,4f53cda18c2baa0c0354bb5f9a3ecbe5ed12ab4d8e11ba873c2f11161202b945,42ef7e503ebe0f60b7de8eeb585c48440f02b30392b16a9c9f45196726ea1fe7,13,10,3,0,0,10,0,False,False,False,False,False,False,0.0,44,0,44,0,0,0,0,False,False,False,False,False,False,,377,197,180,41,68,88,109,True,True,True,True,True,True,0.5532994923857868
3110e0c7,1,attention,600,10.0,3110e0c7__day1____2024.01.29T09.42.53p01.00,gpn_data__3110e0c7__day1____2024.01.29T09.42.53p01.00,2024-01-29T08:42:53.316807985+00:00,6842.529772043228,True,600.0,False,2024-01-29T08:57:53.316807985+00:00,True,False,4f53cda18c2baa0c0354bb5f9a3ecbe5ed12ab4d8e11ba873c2f11161202b945,42ef7e503ebe0f60b7de8eeb585c48440f02b30392b16a9c9f45196726ea1fe7,27,10,17,0,0,10,0,False,False,False,False,False,False,0.0,30,0,30,0,0,0,0,False,False,False,False,False,False,,377,197,180,41,68,88,109,True,True,True,True,True,True,0.5532994923857868
3110e0c7,1,attention,900,15.0,3110e0c7__day1____2024.01.29T09.42.53p01.00,gpn_data__3110e0c7__day1____2024.01.29T09.42.53p01.00,2024-01-29T08:42:53.316807985+00:00,6842.529772043228,True,900.0,False,2024-01-29T08:57:53.316807985+00:00,True,False,4f53cda18c2baa0c0354bb5f9a3ecbe5ed12ab4d8e11ba873c2f11161202b945,42ef7e503ebe0f60b7de8eeb585c48440f02b30392b16a9c9f45196726ea1fe7,57,10,47,0,0,10,0,False,False,False,False,False,False,0.0,0,0,0,0,0,0,0,False,False,False,False,False,False,,377,197,180,41,68,88,109,True,True,True,True,True,True,0.5532994923857868
3110e0c7,1,engagement,300,5.0,3110e0c7__day1____2024.01.29T09.42.53p01.00,gpn_data__3110e0c7__day1____2024.01.29T09.42.53p01.00,2024-01-29T08:42:53.316807985+00:00,6842.529772043228,True,300.0,False,2024-01-29T08:57:53.316807985+00:00,True,False,e2d389b84e39737f9099e5cbf6d6f0831e516f1c485d1605425569a340920c84,40526bdf42e31a5549cbdda9415c0cc94adbca909723da0ab93d836f0473cc73,13,13,0,0,13,0,13,True,False,False,False,False,False,1.0,44,44,0,1,27,16,28,True,True,True,False,False,False,0.6363636363636364,377,377,0,93,127,157,220,True,True,True,True,True,True,0.583554376657825
3110e0c7,1,engagement,600,10.0,3110e0c7__day1____2024.01.29T09.42.53p01.00,gpn_data__3110e0c7__day1____2024.01.29T09.42.53p01.00,2024-01-29T08:42:53.316807985+00:00,6842.529772043228,True,600.0,False,2024-01-29T08:57:53.316807985+00:00,True,False,4c2377bf1dd59b158fc0b365c80463c24c78b354882371cc0323c910053ad26a,40526bdf42e31a5549cbdda9415c0cc94adbca909723da0ab93d836f0473cc73,27,27,0,0,20,7,20,True,False,False,False,False,False,0.7407407407407407,30,30,0,1,20,9,21,True,True,True,False,False,False,0.7,377,377,0,93,127,157,220,True,True,True,True,True,True,0.583554376657825
3110e0c7,1,engagement,900,15.0,3110e0c7__day1____2024.01.29T09.42.53p01.00,gpn_data__3110e0c7__day1____2024.01.29T09.42.53p01.00,2024-01-29T08:42:53.316807985+00:00,6842.529772043228,True,900.0,False,2024-01-29T08:57:53.316807985+00:00,True,False,faf8a1d2c7d878fd06ba835e388469b1c5f787274dd91d3689b97554e021eea6,40526bdf42e31a5549cbdda9415c0cc94adbca909723da0ab93d836f0473cc73,57,57,0,1,40,16,41,True,True,True,False,False,False,0.7192982456140351,0,0,0,0,0,0,0,False,False,False,False,False,False,,377,377,0,93,127,157,220,True,True,True,True,True,True,0.583554376657825
3110e0c7,1,excitement,300,5.0,3110e0c7__day1____2024.01.29T09.42.53p01.00,gpn_data__3110e0c7__day1____2024.01.29T09.42.53p01.00,2024-01-29T08:42:53.316807985+00:00,6842.529772043228,True,300.0,False,2024-01-29T08:57:53.316807985+00:00,True,False,0b96510668dde1d692b4e241ab52130014a1ef0fc66a38e66876038f2fff0564,002339eb169f62f374697b6810e26819e9f25269018bfcea2f3c7a9c90cbca43,13,13,0,3,0,10,3,True,False,False,False,False,False,0.23076923076923078,44,44,0,14,4,26,18,True,True,True,True,True,False,0.4090909090909091,377,377,0,76,213,88,289,True,True,True,True,True,True,0.76657824933687
3110e0c7,1,excitement,600,10.0,3110e0c7__day1____2024.01.29T09.42.53p01.00,gpn_data__3110e0c7__day1____2024.01.29T09.42.53p01.00,2024-01-29T08:42:53.316807985+00:00,6842.529772043228,True,600.0,False,2024-01-29T08:57:53.316807985+00:00,True,False,ae5e7b8152bec24b3aaaac07563fe26aedee46fd5e0c97e244e509570bfcb069,002339eb169f62f374697b6810e26819e9f25269018bfcea2f3c7a9c90cbca43,27,27,0,9,1,17,10,True,True,True,False,False,False,0.37037037037037035,30,30,0,8,3,19,11,True,True,True,True,True,False,0.36666666666666664,377,377,0,76,213,88,289,True,True,True,True,True,True,0.76657824933687
3110e0c7,1,excitement,900,15.0,3110e0c7__day1____2024.01.29T09.42.53p01.00,gpn_data__3110e0c7__day1____2024.01.29T09.42.53p01.00,2024-01-29T08:42:53.316807985+00:00,6842.529772043228,True,900.0,True,2024-01-29T08:57:53.316807985+00:00,True,True,dcf49a148e2c8f355b6cd87d8bd3e2e2f4e65f02436a89ee20e6174376c311b7,002339eb169f62f374697b6810e26819e9f25269018bfcea2f3c7a9c90cbca43,57,57,0,17,4,36,21,True,True,True,True,True,False,0.3684210526315789,0,0,0,0,0,0,0,False,False,False,False,False,False,,377,377,0,76,213,88,289,True,True,True,True,True,True,0.76657824933687
3110e0c7,1,stress,300,5.0,3110e0c7__day1____2024.01.29T09.42.53p01.00,gpn_data__3110e0c7__day1____2024.01.29T09.42.53p01.00,2024-01-29T08:42:53.316807985+00:00,6842.529772043228,True,300.0,False,2024-01-29T08:57:53.316807985+00:00,True,False,54212ab84bec7f07fb18091b0badc094adcb8f612fe03c6cdeb60d2b94a9b7d3,770a52cd6366b26f62cee8630dbadee8f57dd539a960f39842382d4c70a5101a,13,13,0,3,0,10,3,True,False,False,False,False,False,0.23076923076923078,44,44,0,0,0,44,0,False,False,False,False,False,False,0.0,377,377,0,135,81,161,216,True,True,True,True,True,True,0.5729442970822282
3110e0c7,1,stress,600,10.0,3110e0c7__day1____2024.01.29T09.42.53p01.00,gpn_data__3110e0c7__day1____2024.01.29T09.42.53p01.00,2024-01-29T08:42:53.316807985+00:00,6842.529772043228,True,600.0,False,2024-01-29T08:57:53.316807985+00:00,True,False,54212ab84bec7f07fb18091b0badc094adcb8f612fe03c6cdeb60d2b94a9b7d3,770a52cd6366b26f62cee8630dbadee8f57dd539a960f39842382d4c70a5101a,27,27,0,3,0,24,3,True,False,False,False,False,False,0.1111111111111111,30,30,0,0,0,30,0,False,False,False,False,False,False,0.0,377,377,0,135,81,161,216,True,True,True,True,True,True,0.5729442970822282
3110e0c7,1,stress,900,15.0,3110e0c7__day1____2024.01.29T09.42.53p01.00,gpn_data__3110e0c7__day1____2024.01.29T09.42.53p01.00,2024-01-29T08:42:53.316807985+00:00,6842.529772043228,True,900.0,False,2024-01-29T08:57:53.316807985+00:00,True,False,54212ab84bec7f07fb18091b0badc094adcb8f612fe03c6cdeb60d2b94a9b7d3,770a52cd6366b26f62cee8630dbadee8f57dd539a960f39842382d4c70a5101a,57,57,0,3,0,54,3,True,False,False,False,False,False,0.05263157894736842,0,0,0,0,0,0,0,False,False,False,False,False,False,,377,377,0,135,81,161,216,True,True,True,True,True,True,0.5729442970822282
3110e0c7,1,relaxation,300,5.0,3110e0c7__day1____2024.01.29T09.42.53p01.00,gpn_data__3110e0c7__day1____2024.01.29T09.42.53p01.00,2024-01-29T08:42:53.316807985+00:00,6842.529772043228,True,300.0,False,2024-01-29T08:57:53.316807985+00:00,True,False,7a46371824f12c0d38b58aa12e6c6a444e024c5dc3cdaf0d9990b1dc5662809f,d94f9fc7a50190b20030fffc54924ce7b6da103ec9abd26b27d2d5d303760652,13,13,0,11,0,2,11,True,False,False,False,False,False,0.8461538461538461,44,44,0,7,4,33,11,True,True,True,True,True,False,0.25,377,377,0,137,125,115,262,True,True,True,True,True,True,0.6949602122015915
3110e0c7,1,relaxation,600,10.0,3110e0c7__day1____2024.01.29T09.42.53p01.00,gpn_data__3110e0c7__day1____2024.01.29T09.42.53p01.00,2024-01-29T08:42:53.316807985+00:00,6842.529772043228,True,600.0,True,2024-01-29T08:57:53.316807985+00:00,True,True,1746d5de7fb80737a461d7a981b2e1b93bc78673a141742d9bab441dfa80d082,d94f9fc7a50190b20030fffc54924ce7b6da103ec9abd26b27d2d5d303760652,27,27,0,14,2,11,16,True,True,True,True,False,False,0.5925925925925926,30,30,0,4,2,24,6,True,True,True,True,False,False,0.2,377,377,0,137,125,115,262,True,True,True,True,True,True,0.6949602122015915
3110e0c7,1,relaxation,900,15.0,3110e0c7__day1____2024.01.29T09.42.53p01.00,gpn_data__3110e0c7__day1____2024.01.29T09.42.53p01.00,2024-01-29T08:42:53.316807985+00:00,6842.529772043228,True,900.0,True,2024-01-29T08:57:53.316807985+00:00,True,True,2f9c1fbc712c98747207cb3c99f51a5f1ad1be94fbe6c163257dc88dc4e48676,d94f9fc7a50190b20030fffc54924ce7b6da103ec9abd26b27d2d5d303760652,57,57,0,18,4,35,22,True,True,True,True,True,False,0.38596491228070173,0,0,0,0,0,0,0,False,False,False,False,False,False,,377,377,0,137,125,115,262,True,True,True,True,True,True,0.6949602122015915
3110e0c7,1,interest,300,5.0,3110e0c7__day1____2024.01.29T09.42.53p01.00,gpn_data__3110e0c7__day1____2024.01.29T09.42.53p01.00,2024-01-29T08:42:53.316807985+00:00,6842.529772043228,True,300.0,False,2024-01-29T08:57:53.316807985+00:00,True,False,a6e033e86fd7a62f5299877c0f44e6d608ee4c4d4faeb6bf0c9ec8453e1de529,852ef5cd5c3e6ff42f24d6bb0e428cf8830d82468d0c97e1410d157937b29538,13,13,0,9,0,4,9,True,False,False,False,False,False,0.6923076923076923,44,44,0,17,9,18,26,True,True,True,True,True,True,0.5909090909090909,377,377,0,155,117,105,272,True,True,True,True,True,True,0.7214854111405835
3110e0c7,1,interest,600,10.0,3110e0c7__day1____2024.01.29T09.42.53p01.00,gpn_data__3110e0c7__day1____2024.01.29T09.42.53p01.00,2024-01-29T08:42:53.316807985+00:00,6842.529772043228,True,600.0,True,2024-01-29T08:57:53.316807985+00:00,True,True,5928ef9e93e190741f63ec2562cc0d46c33cc7167ea625f6711b76d8f58ea59b,852ef5cd5c3e6ff42f24d6bb0e428cf8830d82468d0c97e1410d157937b29538,27,27,0,16,3,8,19,True,True,True,True,True,False,0.7037037037037037,30,30,0,10,6,14,16,True,True,True,True,True,True,0.5333333333333333,377,377,0,155,117,105,272,True,True,True,True,True,True,0.7214854111405835
3110e0c7,1,interest,900,15.0,3110e0c7__day1____2024.01.29T09.42.53p01.00,gpn_data__3110e0c7__day1____2024.01.29T09.42.53p01.00,2024-01-29T08:42:53.316807985+00:00,6842.529772043228,True,900.0,True,2024-01-29T08:57:53.316807985+00:00,True,True,45c652482e4a001a780343954cfbcd43deb6bf406aee8659e32c6033b9285821,852ef5cd5c3e6ff42f24d6bb0e428cf8830d82468d0c97e1410d157937b29538,57,57,0,26,9,22,35,True,True,True,True,True,True,0.6140350877192983,0,0,0,0,0,0,0,False,False,False,False,False,False,,377,377,0,155,117,105,272,True,True,True,True,True,True,0.7214854111405835
3110e0c7,1,focus,300,5.0,3110e0c7__day1____2024.01.29T09.42.53p01.00,gpn_data__3110e0c7__day1____2024.01.29T09.42.53p01.00,2024-01-29T08:42:53.316807985+00:00,6842.529772043228,True,300.0,False,2024-01-29T08:57:53.316807985+00:00,True,False,200f22d2671a283d2c5e8a5ef6352baaae2db54f7c8d8af5bf81b1ba5ab16066,ca5fd29ee52751ac9b616ba95a23b861a8994d74525de9d5c53d0e7700fbba39,13,13,0,1,0,12,1,True,False,False,False,False,False,0.07692307692307693,44,44,0,20,0,24,20,True,False,False,False,False,False,0.45454545454545453,377,377,0,44,226,107,270,True,True,True,True,True,True,0.7161803713527851
3110e0c7,1,focus,600,10.0,3110e0c7__day1____2024.01.29T09.42.53p01.00,gpn_data__3110e0c7__day1____2024.01.29T09.42.53p01.00,2024-01-29T08:42:53.316807985+00:00,6842.529772043228,True,600.0,False,2024-01-29T08:57:53.316807985+00:00,True,False,6af5bffde4dce99c5d2da7daa3fcac234451a6fb391aa7d5991243556ca62fa7,ca5fd29ee52751ac9b616ba95a23b861a8994d74525de9d5c53d0e7700fbba39,27,27,0,10,0,17,10,True,False,False,False,False,False,0.37037037037037035,30,30,0,11,0,19,11,True,False,False,False,False,False,0.36666666666666664,377,377,0,44,226,107,270,True,True,True,True,True,True,0.7161803713527851
3110e0c7,1,focus,900,15.0,3110e0c7__day1____2024.01.29T09.42.53p01.00,gpn_data__3110e0c7__day1____2024.01.29T09.42.53p01.00,2024-01-29T08:42:53.316807985+00:00,6842.529772043228,True,900.0,False,2024-01-29T08:57:53.316807985+00:00,True,False,67f8f3d345a644ac66d4878fdeaca5f780b814190ec41badf0aec78e8b232047,ca5fd29ee52751ac9b616ba95a23b861a8994d74525de9d5c53d0e7700fbba39,57,57,0,21,0,36,21,True,False,False,False,False,False,0.3684210526315789,0,0,0,0,0,0,0,False,False,False,False,False,False,,377,377,0,44,226,107,270,True,True,True,True,True,True,0.7161803713527851
40009139,4,attention,300,5.0,40009139__day1____2023.12.04T13.23.34p03.00,gpn_data__40009139__day1____2023.12.04T13.23.34p03.00,2023-12-04T10:23:34.220175028+00:00,2939.2348968982697,True,300.0,False,2023-12-04T10:38:34.220175028+00:00,True,False,21106f272bddfe9f3b3891c673090f648baa4fee34da3952f181713ed8db1c09,a1c7b92005f01c1635ff3bfdd517286d17b993c0057d87af318fec6cf658f341,30,30,0,22,1,7,23,True,True,True,False,False,False,0.7666666666666667,60,60,0,59,0,1,59,True,False,False,False,False,False,0.9833333333333333,372,359,13,67,115,177,182,True,True,True,True,True,True,0.5069637883008357
40009139,4,attention,600,10.0,40009139__day1____2023.12.04T13.23.34p03.00,gpn_data__40009139__day1____2023.12.04T13.23.34p03.00,2023-12-04T10:23:34.220175028+00:00,2939.2348968982697,True,600.0,False,2023-12-04T10:38:34.220175028+00:00,True,False,96e61bc8d840ff90f227910661853d612df2fa0fa5ea46d6c84993976ee86d21,a1c7b92005f01c1635ff3bfdd517286d17b993c0057d87af318fec6cf658f341,60,60,0,51,1,8,52,True,True,True,False,False,False,0.8666666666666667,30,30,0,30,0,0,30,True,False,False,False,False,False,1.0,372,359,13,67,115,177,182,True,True,True,True,True,True,0.5069637883008357
40009139,4,attention,900,15.0,40009139__day1____2023.12.04T13.23.34p03.00,gpn_data__40009139__day1____2023.12.04T13.23.34p03.00,2023-12-04T10:23:34.220175028+00:00,2939.2348968982697,True,900.0,False,2023-12-04T10:38:34.220175028+00:00,True,False,bf6d883f958c847956256c80b36388c7a5de846319ce9437dc01723813826145,a1c7b92005f01c1635ff3bfdd517286d17b993c0057d87af318fec6cf658f341,90,90,0,81,1,8,82,True,True,True,False,False,False,0.9111111111111111,0,0,0,0,0,0,0,False,False,False,False,False,False,,372,359,13,67,115,177,182,True,True,True,True,True,True,0.5069637883008357
40009139,4,engagement,300,5.0,40009139__day1____2023.12.04T13.23.34p03.00,gpn_data__40009139__day1____2023.12.04T13.23.34p03.00,2023-12-04T10:23:34.220175028+00:00,2939.2348968982697,True,300.0,False,2023-12-04T10:38:34.220175028+00:00,True,False,a4c6eb4186ab4585f3478991afd77eed309800afbf2043a075c27a637dd9a501,25ece0af05a90ca7b8f53ee5ebeedcf761fe7440c2b045995bf62bec40c1f027,30,30,0,0,25,5,25,True,False,False,False,False,False,0.8333333333333334,60,60,0,4,15,41,19,True,True,True,True,True,False,0.31666666666666665,372,372,0,86,121,165,207,True,True,True,True,True,True,0.5564516129032258
40009139,4,engagement,600,10.0,40009139__day1____2023.12.04T13.23.34p03.00,gpn_data__40009139__day1____2023.12.04T13.23.34p03.00,2023-12-04T10:23:34.220175028+00:00,2939.2348968982697,True,600.0,False,2023-12-04T10:38:34.220175028+00:00,True,False,81fe03ff13d1bc219d92db04329b4073bf63ac7b35a1216e7c2aa153631968f8,25ece0af05a90ca7b8f53ee5ebeedcf761fe7440c2b045995bf62bec40c1f027,60,60,0,1,36,23,37,True,True,True,False,False,False,0.6166666666666667,30,30,0,3,4,23,7,True,True,True,True,True,False,0.23333333333333334,372,372,0,86,121,165,207,True,True,True,True,True,True,0.5564516129032258
40009139,4,engagement,900,15.0,40009139__day1____2023.12.04T13.23.34p03.00,gpn_data__40009139__day1____2023.12.04T13.23.34p03.00,2023-12-04T10:23:34.220175028+00:00,2939.2348968982697,True,900.0,True,2023-12-04T10:38:34.220175028+00:00,True,True,79704a6cd4896306b339aeae2e3111c8085f4c3bf001db418c7bb1f9c7f69011,25ece0af05a90ca7b8f53ee5ebeedcf761fe7440c2b045995bf62bec40c1f027,90,90,0,4,40,46,44,True,True,True,True,True,False,0.4888888888888889,0,0,0,0,0,0,0,False,False,False,False,False,False,,372,372,0,86,121,165,207,True,True,True,True,True,True,0.5564516129032258
40009139,4,excitement,300,5.0,40009139__day1____2023.12.04T13.23.34p03.00,gpn_data__40009139__day1____2023.12.04T13.23.34p03.00,2023-12-04T10:23:34.220175028+00:00,2939.2348968982697,True,300.0,True,2023-12-04T10:38:34.220175028+00:00,True,True,71aa46410c7cc4e84a833bee2737f70863b90485925692cff7605cb36a3da021,28dc47fd9d2c2146176923db07bb6a03f946a130a2ada013b386df83b308bc90,30,30,0,6,9,15,15,True,True,True,True,True,True,0.5,60,60,0,29,17,14,46,True,True,True,True,True,True,0.7666666666666667,372,372,0,107,108,157,215,True,True,True,True,True,True,0.5779569892473119
40009139,4,excitement,600,10.0,40009139__day1____2023.12.04T13.23.34p03.00,gpn_data__40009139__day1____2023.12.04T13.23.34p03.00,2023-12-04T10:23:34.220175028+00:00,2939.2348968982697,True,600.0,True,2023-12-04T10:38:34.220175028+00:00,True,True,6ab6a695ef5d115eba0344440d5cb087fe8af6ed9a4ff819c16575621d47ca01,28dc47fd9d2c2146176923db07bb6a03f946a130a2ada013b386df83b308bc90,60,60,0,17,18,25,35,True,True,True,True,True,True,0.5833333333333334,30,30,0,18,8,4,26,True,True,True,True,True,True,0.8666666666666667,372,372,0,107,108,157,215,True,True,True,True,True,True,0.5779569892473119
40009139,4,excitement,900,15.0,40009139__day1____2023.12.04T13.23.34p03.00,gpn_data__40009139__day1____2023.12.04T13.23.34p03.00,2023-12-04T10:23:34.220175028+00:00,2939.2348968982697,True,900.0,True,2023-12-04T10:38:34.220175028+00:00,True,True,5938312726c2d922af7a968cb3a64a0576ed14cf1f08732b289f1596c0e284b2,28dc47fd9d2c2146176923db07bb6a03f946a130a2ada013b386df83b308bc90,90,90,0,35,26,29,61,True,True,True,True,True,True,0.6777777777777778,0,0,0,0,0,0,0,False,False,False,False,False,False,,372,372,0,107,108,157,215,True,True,True,True,True,True,0.5779569892473119
40009139,4,stress,300,5.0,40009139__day1____2023.12.04T13.23.34p03.00,gpn_data__40009139__day1____2023.12.04T13.23.34p03.00,2023-12-04T10:23:34.220175028+00:00,2939.2348968982697,True,300.0,True,2023-12-04T10:38:34.220175028+00:00,True,True,fc6cd37a37cdf1a7fb0f7f50a70888bae4d39342b0bde9c3fdb1b6107f8afc56,5d2387b67e65a37a994f19c46bb44f94384735a63a88cdfb06f9cab054e7bdda,30,30,0,17,5,8,22,True,True,True,True,True,True,0.7333333333333333,60,60,0,31,2,27,33,True,True,True,True,False,False,0.55,372,372,0,64,77,231,141,True,True,True,True,True,True,0.3790322580645161
40009139,4,stress,600,10.0,40009139__day1____2023.12.04T13.23.34p03.00,gpn_data__40009139__day1____2023.12.04T13.23.34p03.00,2023-12-04T10:23:34.220175028+00:00,2939.2348968982697,True,600.0,True,2023-12-04T10:38:34.220175028+00:00,True,True,c2731ef6d838ffbe1b0e3a5fd50b80f063e705780e158e43de21395e2d499474,5d2387b67e65a37a994f19c46bb44f94384735a63a88cdfb06f9cab054e7bdda,60,60,0,35,7,18,42,True,True,True,True,True,True,0.7,30,30,0,13,0,17,13,True,False,False,False,False,False,0.43333333333333335,372,372,0,64,77,231,141,True,True,True,True,True,True,0.3790322580645161
40009139,4,stress,900,15.0,40009139__day1____2023.12.04T13.23.34p03.00,gpn_data__40009139__day1____2023.12.04T13.23.34p03.00,2023-12-04T10:23:34.220175028+00:00,2939.2348968982697,True,900.0,True,2023-12-04T10:38:34.220175028+00:00,True,True,1e74c89dc94afff2651a5a837d7644c3404ee005665c9e1b640516b742b292e8,5d2387b67e65a37a994f19c46bb44f94384735a63a88cdfb06f9cab054e7bdda,90,90,0,48,7,35,55,True,True,True,True,True,True,0.6111111111111112,0,0,0,0,0,0,0,False,False,False,False,False,False,,372,372,0,64,77,231,141,True,True,True,True,True,True,0.3790322580645161
40009139,4,relaxation,300,5.0,40009139__day1____2023.12.04T13.23.34p03.00,gpn_data__40009139__day1____2023.12.04T13.23.34p03.00,2023-12-04T10:23:34.220175028+00:00,2939.2348968982697,True,300.0,True,2023-12-04T10:38:34.220175028+00:00,True,True,d085316d079385ca62eb7ec2e04c81d1f87daed42975080d30513e2fff5173e4,acf217c5862c821e802d37f2cc585df122abdc0410961a1af2e1fb346f80d91f,30,30,0,7,9,14,16,True,True,True,True,True,True,0.5333333333333333,60,60,0,26,1,33,27,True,True,True,False,False,False,0.45,372,372,0,78,130,164,208,True,True,True,True,True,True,0.5591397849462365
40009139,4,relaxation,600,10.0,40009139__day1____2023.12.04T13.23.34p03.00,gpn_data__40009139__day1____2023.12.04T13.23.34p03.00,2023-12-04T10:23:34.220175028+00:00,2939.2348968982697,True,600.0,True,2023-12-04T10:38:34.220175028+00:00,True,True,465068fcaaf7a3450b4a3e4a1c276eec8e6bbb45c6842490dc135c689d82fc7d,acf217c5862c821e802d37f2cc585df122abdc0410961a1af2e1fb346f80d91f,60,60,0,21,9,30,30,True,True,True,True,True,True,0.5,30,30,0,12,1,17,13,True,True,True,False,False,False,0.43333333333333335,372,372,0,78,130,164,208,True,True,True,True,True,True,0.5591397849462365
40009139,4,relaxation,900,15.0,40009139__day1____2023.12.04T13.23.34p03.00,gpn_data__40009139__day1____2023.12.04T13.23.34p03.00,2023-12-04T10:23:34.220175028+00:00,2939.2348968982697,True,900.0,True,2023-12-04T10:38:34.220175028+00:00,True,True,b38d5e43c010f1a2158734d16c970d71b100b3ac0276a9ed227ef8d22f5e0486,acf217c5862c821e802d37f2cc585df122abdc0410961a1af2e1fb346f80d91f,90,90,0,33,10,47,43,True,True,True,True,True,True,0.4777777777777778,0,0,0,0,0,0,0,False,False,False,False,False,False,,372,372,0,78,130,164,208,True,True,True,True,True,True,0.5591397849462365
40009139,4,interest,300,5.0,40009139__day1____2023.12.04T13.23.34p03.00,gpn_data__40009139__day1____2023.12.04T13.23.34p03.00,2023-12-04T10:23:34.220175028+00:00,2939.2348968982697,True,300.0,False,2023-12-04T10:38:34.220175028+00:00,True,False,14206f3bced485dc4fb3b29a8ba1de808d8ab21bc842fd92de077aefca407814,34818e4e6f79f02030f1875a55a991b1418f93872469968e27b09b2f40a90696,30,30,0,26,0,4,26,True,False,False,False,False,False,0.8666666666666667,60,60,0,32,1,27,33,True,True,True,False,False,False,0.55,372,372,0,40,92,240,132,True,True,True,True,True,True,0.3548387096774194
40009139,4,interest,600,10.0,40009139__day1____2023.12.04T13.23.34p03.00,gpn_data__40009139__day1____2023.12.04T13.23.34p03.00,2023-12-04T10:23:34.220175028+00:00,2939.2348968982697,True,600.0,False,2023-12-04T10:38:34.220175028+00:00,True,False,79c73f1854bfbe1a7e97ee29b9450deabad544c6a172137e14e26f54bbc22e8a,34818e4e6f79f02030f1875a55a991b1418f93872469968e27b09b2f40a90696,60,60,0,48,1,11,49,True,True,True,False,False,False,0.8166666666666667,30,30,0,10,0,20,10,True,False,False,False,False,False,0.3333333333333333,372,372,0,40,92,240,132,True,True,True,True,True,True,0.3548387096774194
40009139,4,interest,900,15.0,40009139__day1____2023.12.04T13.23.34p03.00,gpn_data__40009139__day1____2023.12.04T13.23.34p03.00,2023-12-04T10:23:34.220175028+00:00,2939.2348968982697,True,900.0,False,2023-12-04T10:38:34.220175028+00:00,True,False,9e9a31eba274a5f6e88b8394f1fb6319d2992dcd6d3affef8e671635c38efb0c,34818e4e6f79f02030f1875a55a991b1418f93872469968e27b09b2f40a90696,90,90,0,58,1,31,59,True,True,True,False,False,False,0.6555555555555556,0,0,0,0,0,0,0,False,False,False,False,False,False,,372,372,0,40,92,240,132,True,True,True,True,True,True,0.3548387096774194
40009139,4,focus,300,5.0,40009139__day1____2023.12.04T13.23.34p03.00,gpn_data__40009139__day1____2023.12.04T13.23.34p03.00,2023-12-04T10:23:34.220175028+00:00,2939.2348968982697,True,300.0,True,2023-12-04T10:38:34.220175028+00:00,True,True,fe91be1868c29e56d38d62a68a125fd7439c958139356a41fd37e7aea5180af7,63723ca7d771149cf35d9d664a13b14d735b7dfe16e4cb9458636bc04716847c,30,30,0,10,8,12,18,True,True,True,True,True,True,0.6,60,60,0,17,6,37,23,True,True,True,True,True,True,0.38333333333333336,372,372,0,145,92,135,237,True,True,True,True,True,True,0.6370967741935484
40009139,4,focus,600,10.0,40009139__day1____2023.12.04T13.23.34p03.00,gpn_data__40009139__day1____2023.12.04T13.23.34p03.00,2023-12-04T10:23:34.220175028+00:00,2939.2348968982697,True,600.0,True,2023-12-04T10:38:34.220175028+00:00,True,True,5b332d2fe6fe2a2aebf0be3216b84cbecc01c38e65e6633390c3da635f321085,63723ca7d771149cf35d9d664a13b14d735b7dfe16e4cb9458636bc04716847c,60,60,0,15,13,32,28,True,True,True,True,True,True,0.4666666666666667,30,30,0,12,1,17,13,True,True,True,False,False,False,0.43333333333333335,372,372,0,145,92,135,237,True,True,True,True,True,True,0.6370967741935484
40009139,4,focus,900,15.0,40009139__day1____2023.12.04T13.23.34p03.00,gpn_data__40009139__day1____2023.12.04T13.23.34p03.00,2023-12-04T10:23:34.220175028+00:00,2939.2348968982697,True,900.0,True,2023-12-04T10:38:34.220175028+00:00,True,True,9c09b7ffde7a5d55363631a2648b8b144dc1de79edd1eb4909d816d3440b2b7b,63723ca7d771149cf35d9d664a13b14d735b7dfe16e4cb9458636bc04716847c,90,90,0,27,14,49,41,True,True,True,True,True,True,0.45555555555555555,0,0,0,0,0,0,0,False,False,False,False,False,False,,372,372,0,145,92,135,237,True,True,True,True,True,True,0.6370967741935484
40f0714a,1,attention,300,5.0,40f0714a__day2____2023.12.15T11.55.06p03.00,gpn_data__40f0714a__day2____2023.12.15T11.55.06p03.00,2023-12-15T08:55:06.859504938+00:00,1556.8816800117493,True,300.0,False,2023-12-15T09:10:06.859504938+00:00,True,False,21c51dfd35fcf6e262edcfed55c1cdea66fbf3423a93e82143cdcbba254eb656,8431b0bb4d5b67ff19f25800bdd0c4abd38d4fb586491a3efe6b473256335dfe,30,30,0,19,0,11,19,True,False,False,False,False,False,0.6333333333333333,60,60,0,1,12,47,13,True,True,True,False,False,False,0.21666666666666667,64,64,0,4,33,27,37,True,True,True,True,True,False,0.578125
40f0714a,1,attention,600,10.0,40f0714a__day2____2023.12.15T11.55.06p03.00,gpn_data__40f0714a__day2____2023.12.15T11.55.06p03.00,2023-12-15T08:55:06.859504938+00:00,1556.8816800117493,True,600.0,False,2023-12-15T09:10:06.859504938+00:00,True,False,21c51dfd35fcf6e262edcfed55c1cdea66fbf3423a93e82143cdcbba254eb656,8431b0bb4d5b67ff19f25800bdd0c4abd38d4fb586491a3efe6b473256335dfe,60,60,0,19,0,41,19,True,False,False,False,False,False,0.31666666666666665,30,30,0,1,12,17,13,True,True,True,False,False,False,0.43333333333333335,64,64,0,4,33,27,37,True,True,True,True,True,False,0.578125
40f0714a,1,attention,900,15.0,40f0714a__day2____2023.12.15T11.55.06p03.00,gpn_data__40f0714a__day2____2023.12.15T11.55.06p03.00,2023-12-15T08:55:06.859504938+00:00,1556.8816800117493,True,900.0,True,2023-12-15T09:10:06.859504938+00:00,True,True,3e85c4ed7abf12c2e31115abe50781157308bea5f1d6ee2f815a1baa6d2a1512,8431b0bb4d5b67ff19f25800bdd0c4abd38d4fb586491a3efe6b473256335dfe,90,90,0,20,12,58,32,True,True,True,True,True,True,0.35555555555555557,0,0,0,0,0,0,0,False,False,False,False,False,False,,64,64,0,4,33,27,37,True,True,True,True,True,False,0.578125
40f0714a,1,engagement,300,5.0,40f0714a__day2____2023.12.15T11.55.06p03.00,gpn_data__40f0714a__day2____2023.12.15T11.55.06p03.00,2023-12-15T08:55:06.859504938+00:00,1556.8816800117493,True,300.0,False,2023-12-15T09:10:06.859504938+00:00,True,False,c18ea93ac58964acec27b57fb5ab148291b88acfbb97a9db271d4a3a05140c17,c69452c07dc39b4466d42712a70921b1262b3eda2dd67b2c7c979a4997b30e87,30,30,0,1,20,9,21,True,True,True,False,False,False,0.7,60,60,0,14,17,29,31,True,True,True,True,True,True,0.5166666666666667,64,64,0,40,5,19,45,True,True,True,True,True,True,0.703125
40f0714a,1,engagement,600,10.0,40f0714a__day2____2023.12.15T11.55.06p03.00,gpn_data__40f0714a__day2____2023.12.15T11.55.06p03.00,2023-12-15T08:55:06.859504938+00:00,1556.8816800117493,True,600.0,True,2023-12-15T09:10:06.859504938+00:00,True,True,3213ec03983a6862d0044f589875ead557ba62158b6cf8d11c60546a53ed1b4f,c69452c07dc39b4466d42712a70921b1262b3eda2dd67b2c7c979a4997b30e87,60,60,0,5,31,24,36,True,True,True,True,True,True,0.6,30,30,0,10,6,14,16,True,True,True,True,True,True,0.5333333333333333,64,64,0,40,5,19,45,True,True,True,True,True,True,0.703125
40f0714a,1,engagement,900,15.0,40f0714a__day2____2023.12.15T11.55.06p03.00,gpn_data__40f0714a__day2____2023.12.15T11.55.06p03.00,2023-12-15T08:55:06.859504938+00:00,1556.8816800117493,True,900.0,True,2023-12-15T09:10:06.859504938+00:00,True,True,77c944fbfccf9d7a8e8a5d64a5c33cfaa35682c0c01dae99000f2e07f2d4669f,c69452c07dc39b4466d42712a70921b1262b3eda2dd67b2c7c979a4997b30e87,90,90,0,15,37,38,52,True,True,True,True,True,True,0.5777777777777777,0,0,0,0,0,0,0,False,False,False,False,False,False,,64,64,0,40,5,19,45,True,True,True,True,True,True,0.703125
40f0714a,1,excitement,300,5.0,40f0714a__day2____2023.12.15T11.55.06p03.00,gpn_data__40f0714a__day2____2023.12.15T11.55.06p03.00,2023-12-15T08:55:06.859504938+00:00,1556.8816800117493,True,300.0,False,2023-12-15T09:10:06.859504938+00:00,True,False,f2b364405675b922f08e4ff1cfd8f47618341be25c4b79afcbb9399d60331358,56c7258f27fb99f823552c5a60aa870f07450f9628b62846a96f70800844ba1c,30,30,0,23,0,7,23,True,False,False,False,False,False,0.7666666666666667,60,60,0,43,3,14,46,True,True,True,True,True,False,0.7666666666666667,64,64,0,52,5,7,57,True,True,True,True,True,True,0.890625
40f0714a,1,excitement,600,10.0,40f0714a__day2____2023.12.15T11.55.06p03.00,gpn_data__40f0714a__day2____2023.12.15T11.55.06p03.00,2023-12-15T08:55:06.859504938+00:00,1556.8816800117493,True,600.0,False,2023-12-15T09:10:06.859504938+00:00,True,False,6972477a32609218812234fc6401493e42ad8b8a58ac179c1670974a9953b6fe,56c7258f27fb99f823552c5a60aa870f07450f9628b62846a96f70800844ba1c,60,60,0,47,0,13,47,True,False,False,False,False,False,0.7833333333333333,30,30,0,19,3,8,22,True,True,True,True,True,False,0.7333333333333333,64,64,0,52,5,7,57,True,True,True,True,True,True,0.890625
40f0714a,1,excitement,900,15.0,40f0714a__day2____2023.12.15T11.55.06p03.00,gpn_data__40f0714a__day2____2023.12.15T11.55.06p03.00,2023-12-15T08:55:06.859504938+00:00,1556.8816800117493,True,900.0,True,2023-12-15T09:10:06.859504938+00:00,True,True,02dad1a8ee5478ec7fbc1c1b1c6666a6a827c26e33b8290e24ce3a229785b453,56c7258f27fb99f823552c5a60aa870f07450f9628b62846a96f70800844ba1c,90,90,0,66,3,21,69,True,True,True,True,True,False,0.7666666666666667,0,0,0,0,0,0,0,False,False,False,False,False,False,,64,64,0,52,5,7,57,True,True,True,True,True,True,0.890625
40f0714a,1,stress,300,5.0,40f0714a__day2____2023.12.15T11.55.06p03.00,gpn_data__40f0714a__day2____2023.12.15T11.55.06p03.00,2023-12-15T08:55:06.859504938+00:00,1556.8816800117493,True,300.0,True,2023-12-15T09:10:06.859504938+00:00,True,True,6ff998d48087fa9abfcf0e39f86b29963a23b549e991ad69fabd326281be9c69,b6115d8912743da14f03d61e9b649fdd759bffe694f38629b9533a4e816dfbb1,30,30,0,20,8,2,28,True,True,True,True,True,True,0.9333333333333333,60,60,0,43,13,4,56,True,True,True,True,True,True,0.9333333333333333,64,64,0,38,21,5,59,True,True,True,True,True,True,0.921875
40f0714a,1,stress,600,10.0,40f0714a__day2____2023.12.15T11.55.06p03.00,gpn_data__40f0714a__day2____2023.12.15T11.55.06p03.00,2023-12-15T08:55:06.859504938+00:00,1556.8816800117493,True,600.0,True,2023-12-15T09:10:06.859504938+00:00,True,True,6590de6bc8155656234e6168b8cff65784d5aadcd2a84fa38fe863301faf8a43,b6115d8912743da14f03d61e9b649fdd759bffe694f38629b9533a4e816dfbb1,60,60,0,43,13,4,56,True,True,True,True,True,True,0.9333333333333333,30,30,0,20,8,2,28,True,True,True,True,True,True,0.9333333333333333,64,64,0,38,21,5,59,True,True,True,True,True,True,0.921875
40f0714a,1,stress,900,15.0,40f0714a__day2____2023.12.15T11.55.06p03.00,gpn_data__40f0714a__day2____2023.12.15T11.55.06p03.00,2023-12-15T08:55:06.859504938+00:00,1556.8816800117493,True,900.0,True,2023-12-15T09:10:06.859504938+00:00,True,True,c6c9d28bd2950c512c83d223439fe1b330c3cfd8032de8b158ba11017b676e48,b6115d8912743da14f03d61e9b649fdd759bffe694f38629b9533a4e816dfbb1,90,90,0,63,21,6,84,True,True,True,True,True,True,0.9333333333333333,0,0,0,0,0,0,0,False,False,False,False,False,False,,64,64,0,38,21,5,59,True,True,True,True,True,True,0.921875
40f0714a,1,relaxation,300,5.0,40f0714a__day2____2023.12.15T11.55.06p03.00,gpn_data__40f0714a__day2____2023.12.15T11.55.06p03.00,2023-12-15T08:55:06.859504938+00:00,1556.8816800117493,True,300.0,True,2023-12-15T09:10:06.859504938+00:00,True,True,8c6324ee2524fa3de7a05d44e2d2840bd8a1d76504273b3fd762419cd6faf791,950d9c566a9b5db4b5a2681cff024a7518c369cf34e753ea9f36cc261fc09eaa,30,30,0,3,8,19,11,True,True,True,True,True,False,0.36666666666666664,60,60,0,9,19,32,28,True,True,True,True,True,True,0.4666666666666667,64,64,0,30,17,17,47,True,True,True,True,True,True,0.734375
40f0714a,1,relaxation,600,10.0,40f0714a__day2____2023.12.15T11.55.06p03.00,gpn_data__40f0714a__day2____2023.12.15T11.55.06p03.00,2023-12-15T08:55:06.859504938+00:00,1556.8816800117493,True,600.0,True,2023-12-15T09:10:06.859504938+00:00,True,True,d0755c8433e6370300f68a4d6925d658b9404bd908717bea6f51ed6323788426,950d9c566a9b5db4b5a2681cff024a7518c369cf34e753ea9f36cc261fc09eaa,60,60,0,8,18,34,26,True,True,True,True,True,True,0.43333333333333335,30,30,0,4,9,17,13,True,True,True,True,True,False,0.43333333333333335,64,64,0,30,17,17,47,True,True,True,True,True,True,0.734375
40f0714a,1,relaxation,900,15.0,40f0714a__day2____2023.12.15T11.55.06p03.00,gpn_data__40f0714a__day2____2023.12.15T11.55.06p03.00,2023-12-15T08:55:06.859504938+00:00,1556.8816800117493,True,900.0,True,2023-12-15T09:10:06.859504938+00:00,True,True,4e1eda7720dc3a0b245d84057120d1c1aff02ca7965bc25753cbbc07854dad24,950d9c566a9b5db4b5a2681cff024a7518c369cf34e753ea9f36cc261fc09eaa,90,90,0,12,27,51,39,True,True,True,True,True,True,0.43333333333333335,0,0,0,0,0,0,0,False,False,False,False,False,False,,64,64,0,30,17,17,47,True,True,True,True,True,True,0.734375
40f0714a,1,interest,300,5.0,40f0714a__day2____2023.12.15T11.55.06p03.00,gpn_data__40f0714a__day2____2023.12.15T11.55.06p03.00,2023-12-15T08:55:06.859504938+00:00,1556.8816800117493,True,300.0,True,2023-12-15T09:10:06.859504938+00:00,True,True,04890b363170177a89408ef995b37e75aea83301d69f78ba6d5a1232c02fa662,29ff951ac9c494731f127be447649a80cfbcd09259115c6ffaa5d042c4ba12fe,30,30,0,19,7,4,26,True,True,True,True,True,True,0.8666666666666667,60,60,0,33,15,12,48,True,True,True,True,True,True,0.8,64,64,0,32,20,12,52,True,True,True,True,True,True,0.8125
40f0714a,1,interest,600,10.0,40f0714a__day2____2023.12.15T11.55.06p03.00,gpn_data__40f0714a__day2____2023.12.15T11.55.06p03.00,2023-12-15T08:55:06.859504938+00:00,1556.8816800117493,True,600.0,True,2023-12-15T09:10:06.859504938+00:00,True,True,fbccdbcfa537d0ea0dbd9304e626f6169030713e25ff0f84be198adc2c09bde5,29ff951ac9c494731f127be447649a80cfbcd09259115c6ffaa5d042c4ba12fe,60,60,0,34,14,12,48,True,True,True,True,True,True,0.8,30,30,0,18,8,4,26,True,True,True,True,True,True,0.8666666666666667,64,64,0,32,20,12,52,True,True,True,True,True,True,0.8125
40f0714a,1,interest,900,15.0,40f0714a__day2____2023.12.15T11.55.06p03.00,gpn_data__40f0714a__day2____2023.12.15T11.55.06p03.00,2023-12-15T08:55:06.859504938+00:00,1556.8816800117493,True,900.0,True,2023-12-15T09:10:06.859504938+00:00,True,True,72a6d4b6180b5b46ae14ceb3cab8d351412d88d307d000e1a92611380d45bb0d,29ff951ac9c494731f127be447649a80cfbcd09259115c6ffaa5d042c4ba12fe,90,90,0,52,22,16,74,True,True,True,True,True,True,0.8222222222222222,0,0,0,0,0,0,0,False,False,False,False,False,False,,64,64,0,32,20,12,52,True,True,True,True,True,True,0.8125
40f0714a,1,focus,300,5.0,40f0714a__day2____2023.12.15T11.55.06p03.00,gpn_data__40f0714a__day2____2023.12.15T11.55.06p03.00,2023-12-15T08:55:06.859504938+00:00,1556.8816800117493,True,300.0,False,2023-12-15T09:10:06.859504938+00:00,True,False,5110c192fdec2f090a32eb8f69d40e5471fb14d9fe3b6a567efef9e2d1a1484f,47906ad1c7c5690a5913a7be49bf7ddd142cb4a72de80f17ddf95eb6d22c948d,30,30,0,27,0,3,27,True,False,False,False,False,False,0.9,60,60,0,48,1,11,49,True,True,True,False,False,False,0.8166666666666667,64,64,0,46,2,16,48,True,True,True,True,False,False,0.75
40f0714a,1,focus,600,10.0,40f0714a__day2____2023.12.15T11.55.06p03.00,gpn_data__40f0714a__day2____2023.12.15T11.55.06p03.00,2023-12-15T08:55:06.859504938+00:00,1556.8816800117493,True,600.0,False,2023-12-15T09:10:06.859504938+00:00,True,False,8b0d655e991c82585556ae650e2a5a29b998c5b350f7ec8ce1c0635c8a0fb233,47906ad1c7c5690a5913a7be49bf7ddd142cb4a72de80f17ddf95eb6d22c948d,60,60,0,55,0,5,55,True,False,False,False,False,False,0.9166666666666666,30,30,0,20,1,9,21,True,True,True,False,False,False,0.7,64,64,0,46,2,16,48,True,True,True,True,False,False,0.75
40f0714a,1,focus,900,15.0,40f0714a__day2____2023.12.15T11.55.06p03.00,gpn_data__40f0714a__day2____2023.12.15T11.55.06p03.00,2023-12-15T08:55:06.859504938+00:00,1556.8816800117493,True,900.0,False,2023-12-15T09:10:06.859504938+00:00,True,False,453aab4a892dbd595026fe6abe285368bf8c3e18e58014c14c23338760dce92b,47906ad1c7c5690a5913a7be49bf7ddd142cb4a72de80f17ddf95eb6d22c948d,90,90,0,75,1,14,76,True,True,True,False,False,False,0.8444444444444444,0,0,0,0,0,0,0,False,False,False,False,False,False,,64,64,0,46,2,16,48,True,True,True,True,False,False,0.75
41e2010c,3,attention,300,5.0,41e2010c__day1____2023.11.29T17.22.52p03.00,gpn_data__41e2010c__day1____2023.11.29T17.22.52p03.00,2023-11-29T14:22:52.842880011+00:00,3412.188353061676,True,300.0,False,2023-11-29T14:37:52.842880011+00:00,True,False,a5da27910feb2a678ac0489b4e2c3e867639911a3becdc95f18ab788fe2eb59c,2950e47fbce97c20e668e3669aebadcd139c223932b1df42b43e09f503b6b4ec,30,30,0,5,0,25,5,True,False,False,False,False,False,0.16666666666666666,60,60,0,12,11,37,23,True,True,True,True,True,True,0.38333333333333336,249,249,0,69,94,86,163,True,True,True,True,True,True,0.6546184738955824
41e2010c,3,attention,600,10.0,41e2010c__day1____2023.11.29T17.22.52p03.00,gpn_data__41e2010c__day1____2023.11.29T17.22.52p03.00,2023-11-29T14:22:52.842880011+00:00,3412.188353061676,True,600.0,True,2023-11-29T14:37:52.842880011+00:00,True,True,5f4a526257746f2eec05f208d63fcca73dfc5e4ceebe9b8dee6ed38b7e201e87,2950e47fbce97c20e668e3669aebadcd139c223932b1df42b43e09f503b6b4ec,60,60,0,11,4,45,15,True,True,True,True,True,False,0.25,30,30,0,6,7,17,13,True,True,True,True,True,True,0.43333333333333335,249,249,0,69,94,86,163,True,True,True,True,True,True,0.6546184738955824
41e2010c,3,attention,900,15.0,41e2010c__day1____2023.11.29T17.22.52p03.00,gpn_data__41e2010c__day1____2023.11.29T17.22.52p03.00,2023-11-29T14:22:52.842880011+00:00,3412.188353061676,True,900.0,True,2023-11-29T14:37:52.842880011+00:00,True,True,699525f7e0224820f001bd8644739ea8106531d06a7f3404f1d231057f6737d9,2950e47fbce97c20e668e3669aebadcd139c223932b1df42b43e09f503b6b4ec,90,90,0,17,11,62,28,True,True,True,True,True,True,0.3111111111111111,0,0,0,0,0,0,0,False,False,False,False,False,False,,249,249,0,69,94,86,163,True,True,True,True,True,True,0.6546184738955824
41e2010c,3,engagement,300,5.0,41e2010c__day1____2023.11.29T17.22.52p03.00,gpn_data__41e2010c__day1____2023.11.29T17.22.52p03.00,2023-11-29T14:22:52.842880011+00:00,3412.188353061676,True,300.0,False,2023-11-29T14:37:52.842880011+00:00,True,False,86f83638b68b2e888fb10badfb8dc49a719732e92ac2a0ba86e3b0350d39dd30,56e93a4d549da9671add844965ecf7c37ba5b06f3a7297a200a5e33a4b637c85,30,30,0,0,27,3,27,True,False,False,False,False,False,0.9,60,60,0,5,19,36,24,True,True,True,True,True,True,0.4,249,249,0,103,58,88,161,True,True,True,True,True,True,0.6465863453815262
41e2010c,3,engagement,600,10.0,41e2010c__day1____2023.11.29T17.22.52p03.00,gpn_data__41e2010c__day1____2023.11.29T17.22.52p03.00,2023-11-29T14:22:52.842880011+00:00,3412.188353061676,True,600.0,True,2023-11-29T14:37:52.842880011+00:00,True,True,7182a73fa661f5c2a87d7955fdd20cedb0209760d2822e040e90a47437030edf,56e93a4d549da9671add844965ecf7c37ba5b06f3a7297a200a5e33a4b637c85,60,60,0,3,39,18,42,True,True,True,True,True,False,0.7,30,30,0,2,7,21,9,True,True,True,True,False,False,0.3,249,249,0,103,58,88,161,True,True,True,True,True,True,0.6465863453815262
41e2010c,3,engagement,900,15.0,41e2010c__day1____2023.11.29T17.22.52p03.00,gpn_data__41e2010c__day1____2023.11.29T17.22.52p03.00,2023-11-29T14:22:52.842880011+00:00,3412.188353061676,True,900.0,True,2023-11-29T14:37:52.842880011+00:00,True,True,be722fafc8347fbe4cfbfa09c4dda277fba099690459f9f83a12cd244a614f29,56e93a4d549da9671add844965ecf7c37ba5b06f3a7297a200a5e33a4b637c85,90,90,0,5,46,39,51,True,True,True,True,True,True,0.5666666666666667,0,0,0,0,0,0,0,False,False,False,False,False,False,,249,249,0,103,58,88,161,True,True,True,True,True,True,0.6465863453815262
41e2010c,3,excitement,300,5.0,41e2010c__day1____2023.11.29T17.22.52p03.00,gpn_data__41e2010c__day1____2023.11.29T17.22.52p03.00,2023-11-29T14:22:52.842880011+00:00,3412.188353061676,True,300.0,True,2023-11-29T14:37:52.842880011+00:00,True,True,9f78a07981343ade161c37098fc6e0e335ea8c414a77ea043786c022aecfdabe,5774dbd2eee284c10a0392ba59574f59bb3797a458044a1aedd3c6fe72acd6a0,30,30,0,12,6,12,18,True,True,True,True,True,True,0.6,60,60,0,13,22,25,35,True,True,True,True,True,True,0.5833333333333334,249,249,0,47,94,108,141,True,True,True,True,True,True,0.5662650602409639
41e2010c,3,excitement,600,10.0,41e2010c__day1____2023.11.29T17.22.52p03.00,gpn_data__41e2010c__day1____2023.11.29T17.22.52p03.00,2023-11-29T14:22:52.842880011+00:00,3412.188353061676,True,600.0,True,2023-11-29T14:37:52.842880011+00:00,True,True,2ccbf0325c1e5c7a7e100cd3f64dc70c7a183bbaba9224c9098630eece62c132,5774dbd2eee284c10a0392ba59574f59bb3797a458044a1aedd3c6fe72acd6a0,60,60,0,23,13,24,36,True,True,True,True,True,True,0.6,30,30,0,2,15,13,17,True,True,True,True,False,False,0.5666666666666667,249,249,0,47,94,108,141,True,True,True,True,True,True,0.5662650602409639
41e2010c,3,excitement,900,15.0,41e2010c__day1____2023.11.29T17.22.52p03.00,gpn_data__41e2010c__day1____2023.11.29T17.22.52p03.00,2023-11-29T14:22:52.842880011+00:00,3412.188353061676,True,900.0,True,2023-11-29T14:37:52.842880011+00:00,True,True,77846b0d21482fe999ec3b6f8e4892e5eb800ebadbef1dcdeb7e77f0d22742bd,5774dbd2eee284c10a0392ba59574f59bb3797a458044a1aedd3c6fe72acd6a0,90,90,0,25,28,37,53,True,True,True,True,True,True,0.5888888888888889,0,0,0,0,0,0,0,False,False,False,False,False,False,,249,249,0,47,94,108,141,True,True,True,True,True,True,0.5662650602409639
41e2010c,3,stress,300,5.0,41e2010c__day1____2023.11.29T17.22.52p03.00,gpn_data__41e2010c__day1____2023.11.29T17.22.52p03.00,2023-11-29T14:22:52.842880011+00:00,3412.188353061676,True,300.0,True,2023-11-29T14:37:52.842880011+00:00,True,True,fa62d0d7706ea46503758dff876305866bf3493c8b6c58af1298ba173dc47cad,f2e6362f38d8f332ad36efc7d74f30784df54f0bc741c1c9e74a9997cd4a5279,30,30,0,14,12,4,26,True,True,True,True,True,True,0.8666666666666667,60,60,0,21,31,8,52,True,True,True,True,True,True,0.8666666666666667,249,249,0,56,164,29,220,True,True,True,True,True,True,0.8835341365461847
41e2010c,3,stress,600,10.0,41e2010c__day1____2023.11.29T17.22.52p03.00,gpn_data__41e2010c__day1____2023.11.29T17.22.52p03.00,2023-11-29T14:22:52.842880011+00:00,3412.188353061676,True,600.0,True,2023-11-29T14:37:52.842880011+00:00,True,True,bf86ebfbd640119da55e915a321740589f35bc56de9c1676161d083cde4c123f,f2e6362f38d8f332ad36efc7d74f30784df54f0bc741c1c9e74a9997cd4a5279,60,60,0,32,19,9,51,True,True,True,True,True,True,0.85,30,30,0,3,24,3,27,True,True,True,True,True,False,0.9,249,249,0,56,164,29,220,True,True,True,True,True,True,0.8835341365461847
41e2010c,3,stress,900,15.0,41e2010c__day1____2023.11.29T17.22.52p03.00,gpn_data__41e2010c__day1____2023.11.29T17.22.52p03.00,2023-11-29T14:22:52.842880011+00:00,3412.188353061676,True,900.0,True,2023-11-29T14:37:52.842880011+00:00,True,True,8c1a571c1cb308bdfecfdfa888c205a446eb3f756d8db12f45007c2c83fd2952,f2e6362f38d8f332ad36efc7d74f30784df54f0bc741c1c9e74a9997cd4a5279,90,90,0,35,43,12,78,True,True,True,True,True,True,0.8666666666666667,0,0,0,0,0,0,0,False,False,False,False,False,False,,249,249,0,56,164,29,220,True,True,True,True,True,True,0.8835341365461847
41e2010c,3,relaxation,300,5.0,41e2010c__day1____2023.11.29T17.22.52p03.00,gpn_data__41e2010c__day1____2023.11.29T17.22.52p03.00,2023-11-29T14:22:52.842880011+00:00,3412.188353061676,True,300.0,False,2023-11-29T14:37:52.842880011+00:00,True,False,415f56757783856d34a9011a55c6e97db394a864ca52d91edaf95d1fc4cbc806,08f97ce6e7d9488675f1f175d4ac9111fa0874498365e3946aa3a8725187f2ca,30,30,0,10,0,20,10,True,False,False,False,False,False,0.3333333333333333,60,60,0,9,12,39,21,True,True,True,True,True,True,0.35,249,249,0,58,74,117,132,True,True,True,True,True,True,0.5301204819277109
41e2010c,3,relaxation,600,10.0,41e2010c__day1____2023.11.29T17.22.52p03.00,gpn_data__41e2010c__day1____2023.11.29T17.22.52p03.00,2023-11-29T14:22:52.842880011+00:00,3412.188353061676,True,600.0,True,2023-11-29T14:37:52.842880011+00:00,True,True,6f7f9363378ea2a14f12e56d9c7b3944de85000ca1a4c914564ecb9b4de7718d,08f97ce6e7d9488675f1f175d4ac9111fa0874498365e3946aa3a8725187f2ca,60,60,0,17,4,39,21,True,True,True,True,True,False,0.35,30,30,0,2,8,20,10,True,True,True,True,False,False,0.3333333333333333,249,249,0,58,74,117,132,True,True,True,True,True,True,0.5301204819277109
41e2010c,3,relaxation,900,15.0,41e2010c__day1____2023.11.29T17.22.52p03.00,gpn_data__41e2010c__day1____2023.11.29T17.22.52p03.00,2023-11-29T14:22:52.842880011+00:00,3412.188353061676,True,900.0,True,2023-11-29T14:37:52.842880011+00:00,True,True,b896e46d021af3a95d96921a99aa0ee7bb951ac18441e71cc262561919d46a6b,08f97ce6e7d9488675f1f175d4ac9111fa0874498365e3946aa3a8725187f2ca,90,90,0,19,12,59,31,True,True,True,True,True,True,0.34444444444444444,0,0,0,0,0,0,0,False,False,False,False,False,False,,249,249,0,58,74,117,132,True,True,True,True,True,True,0.5301204819277109
41e2010c,3,interest,300,5.0,41e2010c__day1____2023.11.29T17.22.52p03.00,gpn_data__41e2010c__day1____2023.11.29T17.22.52p03.00,2023-11-29T14:22:52.842880011+00:00,3412.188353061676,True,300.0,True,2023-11-29T14:37:52.842880011+00:00,True,True,807b873e93fc791b4b851948dfa239b88ea0cda2454b9f39b551aa8cc7ad1dd7,5fa96170572d9a7ae73802e4808c2a128b722104692d034a81186944971e65f6,30,30,0,18,5,7,23,True,True,True,True,True,True,0.7666666666666667,60,60,0,24,24,12,48,True,True,True,True,True,True,0.8,249,249,0,122,90,37,212,True,True,True,True,True,True,0.8514056224899599
41e2010c,3,interest,600,10.0,41e2010c__day1____2023.11.29T17.22.52p03.00,gpn_data__41e2010c__day1____2023.11.29T17.22.52p03.00,2023-11-29T14:22:52.842880011+00:00,3412.188353061676,True,600.0,True,2023-11-29T14:37:52.842880011+00:00,True,True,8b6fafa31e33f5ce947cde4567f2b93c5f26aed4fe49d6262ae38fcd0e737c25,5fa96170572d9a7ae73802e4808c2a128b722104692d034a81186944971e65f6,60,60,0,36,10,14,46,True,True,True,True,True,True,0.7666666666666667,30,30,0,6,19,5,25,True,True,True,True,True,True,0.8333333333333334,249,249,0,122,90,37,212,True,True,True,True,True,True,0.8514056224899599
41e2010c,3,interest,900,15.0,41e2010c__day1____2023.11.29T17.22.52p03.00,gpn_data__41e2010c__day1____2023.11.29T17.22.52p03.00,2023-11-29T14:22:52.842880011+00:00,3412.188353061676,True,900.0,True,2023-11-29T14:37:52.842880011+00:00,True,True,f9490f9b2a776ca97d898d11c3d57fa1993a7ea5b87605fd3ec5cec6662b1599,5fa96170572d9a7ae73802e4808c2a128b722104692d034a81186944971e65f6,90,90,0,42,29,19,71,True,True,True,True,True,True,0.7888888888888889,0,0,0,0,0,0,0,False,False,False,False,False,False,,249,249,0,122,90,37,212,True,True,True,True,True,True,0.8514056224899599
41e2010c,3,focus,300,5.0,41e2010c__day1____2023.11.29T17.22.52p03.00,gpn_data__41e2010c__day1____2023.11.29T17.22.52p03.00,2023-11-29T14:22:52.842880011+00:00,3412.188353061676,True,300.0,True,2023-11-29T14:37:52.842880011+00:00,True,True,bb9fbb5b52a072abbc258543e7cab0bbd9651cc8b9726f3d7745f81fc95ca114,983332a520bcbc9e529b7fc86d0082e2f69ebe9cc4419d29aedd79966362db65,30,30,0,12,8,10,20,True,True,True,True,True,True,0.6666666666666666,60,60,0,13,21,26,34,True,True,True,True,True,True,0.5666666666666667,249,249,0,23,131,95,154,True,True,True,True,True,True,0.6184738955823293
41e2010c,3,focus,600,10.0,41e2010c__day1____2023.11.29T17.22.52p03.00,gpn_data__41e2010c__day1____2023.11.29T17.22.52p03.00,2023-11-29T14:22:52.842880011+00:00,3412.188353061676,True,600.0,True,2023-11-29T14:37:52.842880011+00:00,True,True,e961dc07a02c63a27e529ef297af2e64d89df1c2a68834214ed0f4fdc42c0061,983332a520bcbc9e529b7fc86d0082e2f69ebe9cc4419d29aedd79966362db65,60,60,0,25,14,21,39,True,True,True,True,True,True,0.65,30,30,0,0,15,15,15,True,False,False,False,False,False,0.5,249,249,0,23,131,95,154,True,True,True,True,True,True,0.6184738955823293
41e2010c,3,focus,900,15.0,41e2010c__day1____2023.11.29T17.22.52p03.00,gpn_data__41e2010c__day1____2023.11.29T17.22.52p03.00,2023-11-29T14:22:52.842880011+00:00,3412.188353061676,True,900.0,True,2023-11-29T14:37:52.842880011+00:00,True,True,298179b215f685f0df7eb6d02d06c4e4d85c56be859e345008ded9662bc500f7,983332a520bcbc9e529b7fc86d0082e2f69ebe9cc4419d29aedd79966362db65,90,90,0,25,29,36,54,True,True,True,True,True,True,0.6,0,0,0,0,0,0,0,False,False,False,False,False,False,,249,249,0,23,131,95,154,True,True,True,True,True,True,0.6184738955823293
5001d09a,3,attention,300,5.0,5001d09a__day1____2023.11.27T15.49.07p03.00,gpn_data__5001d09a__day1____2023.11.27T15.49.07p03.00,2023-11-27T12:49:07.828739882+00:00,1913.9625871181488,True,300.0,True,2023-11-27T13:04:07.828739882+00:00,True,True,0b6aff87f146e36e9a2d2cbb35da9092b401d02b3d8413c626875874fbd919b8,f35ade52b462c036206ddcf3080725035dca52b8b61dde62f6064547b148bc85,30,30,0,16,2,12,18,True,True,True,True,False,False,0.6,60,60,0,10,33,17,43,True,True,True,True,True,True,0.7166666666666667,234,234,0,56,35,143,91,True,True,True,True,True,True,0.3888888888888889
5001d09a,3,attention,600,10.0,5001d09a__day1____2023.11.27T15.49.07p03.00,gpn_data__5001d09a__day1____2023.11.27T15.49.07p03.00,2023-11-27T12:49:07.828739882+00:00,1913.9625871181488,True,600.0,True,2023-11-27T13:04:07.828739882+00:00,True,True,05114adf8951a6d0f3eb3800d337626ca22272fe2c070a59840d281ec7f8ef66,f35ade52b462c036206ddcf3080725035dca52b8b61dde62f6064547b148bc85,60,60,0,18,21,21,39,True,True,True,True,True,True,0.65,30,30,0,8,14,8,22,True,True,True,True,True,True,0.7333333333333333,234,234,0,56,35,143,91,True,True,True,True,True,True,0.3888888888888889
5001d09a,3,attention,900,15.0,5001d09a__day1____2023.11.27T15.49.07p03.00,gpn_data__5001d09a__day1____2023.11.27T15.49.07p03.00,2023-11-27T12:49:07.828739882+00:00,1913.9625871181488,True,900.0,True,2023-11-27T13:04:07.828739882+00:00,True,True,092d317ef9d81c08c4c57a8aaf6af6110cd6c122fd7b8678f18d7e1c39187f67,f35ade52b462c036206ddcf3080725035dca52b8b61dde62f6064547b148bc85,90,90,0,26,35,29,61,True,True,True,True,True,True,0.6777777777777778,0,0,0,0,0,0,0,False,False,False,False,False,False,,234,234,0,56,35,143,91,True,True,True,True,True,True,0.3888888888888889
5001d09a,3,engagement,300,5.0,5001d09a__day1____2023.11.27T15.49.07p03.00,gpn_data__5001d09a__day1____2023.11.27T15.49.07p03.00,2023-11-27T12:49:07.828739882+00:00,1913.9625871181488,True,300.0,False,2023-11-27T13:04:07.828739882+00:00,True,False,9847a0b0bdff7e29c3921135ec602e74d2c5d754f29801d0c3987e0fd480704b,0e98f1864edd72cbb04c0b96e542041f61efc43cc642174d9fdb3ea9100ef57d,30,30,0,1,24,5,25,True,True,True,False,False,False,0.8333333333333334,60,60,0,0,35,25,35,True,False,False,False,False,False,0.5833333333333334,234,234,0,87,70,77,157,True,True,True,True,True,True,0.6709401709401709
5001d09a,3,engagement,600,10.0,5001d09a__day1____2023.11.27T15.49.07p03.00,gpn_data__5001d09a__day1____2023.11.27T15.49.07p03.00,2023-11-27T12:49:07.828739882+00:00,1913.9625871181488,True,600.0,False,2023-11-27T13:04:07.828739882+00:00,True,False,51b1ac1677a730af0f4d3d3d3088ec365dd2ff760274b23d023ef8b87281c60b,0e98f1864edd72cbb04c0b96e542041f61efc43cc642174d9fdb3ea9100ef57d,60,60,0,1,45,14,46,True,True,True,False,False,False,0.7666666666666667,30,30,0,0,14,16,14,True,False,False,False,False,False,0.4666666666666667,234,234,0,87,70,77,157,True,True,True,True,True,True,0.6709401709401709
5001d09a,3,engagement,900,15.0,5001d09a__day1____2023.11.27T15.49.07p03.00,gpn_data__5001d09a__day1____2023.11.27T15.49.07p03.00,2023-11-27T12:49:07.828739882+00:00,1913.9625871181488,True,900.0,False,2023-11-27T13:04:07.828739882+00:00,True,False,b7031a493dce6866e173e671eda2f5f7c2b4bc22e7bfaee36bc8edaac5c17e26,0e98f1864edd72cbb04c0b96e542041f61efc43cc642174d9fdb3ea9100ef57d,90,90,0,1,59,30,60,True,True,True,False,False,False,0.6666666666666666,0,0,0,0,0,0,0,False,False,False,False,False,False,,234,234,0,87,70,77,157,True,True,True,True,True,True,0.6709401709401709
5001d09a,3,excitement,300,5.0,5001d09a__day1____2023.11.27T15.49.07p03.00,gpn_data__5001d09a__day1____2023.11.27T15.49.07p03.00,2023-11-27T12:49:07.828739882+00:00,1913.9625871181488,True,300.0,True,2023-11-27T13:04:07.828739882+00:00,True,True,3c5f4779df62bda775f046103ac92695db4ca51a9c7bbf2f78b45b7625e100bb,e7582bb91f8484d6f8d37b956aa633298a668df0c23bd20f4c3ece8673029beb,30,30,0,11,10,9,21,True,True,True,True,True,True,0.7,60,60,0,7,37,16,44,True,True,True,True,True,True,0.7333333333333333,234,234,0,33,119,82,152,True,True,True,True,True,True,0.6495726495726496
5001d09a,3,excitement,600,10.0,5001d09a__day1____2023.11.27T15.49.07p03.00,gpn_data__5001d09a__day1____2023.11.27T15.49.07p03.00,2023-11-27T12:49:07.828739882+00:00,1913.9625871181488,True,600.0,True,2023-11-27T13:04:07.828739882+00:00,True,True,0fdc251435ee932d324972096055dc8744b917c3b6824d2d5050f7651097c9b8,e7582bb91f8484d6f8d37b956aa633298a668df0c23bd20f4c3ece8673029beb,60,60,0,15,26,19,41,True,True,True,True,True,True,0.6833333333333333,30,30,0,3,21,6,24,True,True,True,True,True,False,0.8,234,234,0,33,119,82,152,True,True,True,True,True,True,0.6495726495726496
5001d09a,3,excitement,900,15.0,5001d09a__day1____2023.11.27T15.49.07p03.00,gpn_data__5001d09a__day1____2023.11.27T15.49.07p03.00,2023-11-27T12:49:07.828739882+00:00,1913.9625871181488,True,900.0,True,2023-11-27T13:04:07.828739882+00:00,True,True,25604f2f768b711c9e8e5a0acaceec03f30b517de8fca3e2027065551125e91e,e7582bb91f8484d6f8d37b956aa633298a668df0c23bd20f4c3ece8673029beb,90,90,0,18,47,25,65,True,True,True,True,True,True,0.7222222222222222,0,0,0,0,0,0,0,False,False,False,False,False,False,,234,234,0,33,119,82,152,True,True,True,True,True,True,0.6495726495726496
5001d09a,3,stress,300,5.0,5001d09a__day1____2023.11.27T15.49.07p03.00,gpn_data__5001d09a__day1____2023.11.27T15.49.07p03.00,2023-11-27T12:49:07.828739882+00:00,1913.9625871181488,True,300.0,True,2023-11-27T13:04:07.828739882+00:00,True,True,14adb5f268fcaa970986b14d1c977f1be8e5a6b8cba3f9249f823ff9c6fccbeb,8fb900f592ee8318a8ef1ed05d9a9e00ee0ef5edc98e3617d651c2d72bbd0b33,30,30,0,22,2,6,24,True,True,True,True,False,False,0.8,60,60,0,13,18,29,31,True,True,True,True,True,True,0.5166666666666667,234,234,0,117,62,55,179,True,True,True,True,True,True,0.7649572649572649
5001d09a,3,stress,600,10.0,5001d09a__day1____2023.11.27T15.49.07p03.00,gpn_data__5001d09a__day1____2023.11.27T15.49.07p03.00,2023-11-27T12:49:07.828739882+00:00,1913.9625871181488,True,600.0,True,2023-11-27T13:04:07.828739882+00:00,True,True,130430638b5d6a184f2b96c9bd41bc1de09fab6d448a65d5483a2da099285bde,8fb900f592ee8318a8ef1ed05d9a9e00ee0ef5edc98e3617d651c2d72bbd0b33,60,60,0,28,10,22,38,True,True,True,True,True,True,0.6333333333333333,30,30,0,7,10,13,17,True,True,True,True,True,True,0.5666666666666667,234,234,0,117,62,55,179,True,True,True,True,True,True,0.7649572649572649
5001d09a,3,stress,900,15.0,5001d09a__day1____2023.11.27T15.49.07p03.00,gpn_data__5001d09a__day1____2023.11.27T15.49.07p03.00,2023-11-27T12:49:07.828739882+00:00,1913.9625871181488,True,900.0,True,2023-11-27T13:04:07.828739882+00:00,True,True,37379c26f57d9b0ea931e571dafd51e73485e6dca9a84736932dcc4dd76ceb08,8fb900f592ee8318a8ef1ed05d9a9e00ee0ef5edc98e3617d651c2d72bbd0b33,90,90,0,35,20,35,55,True,True,True,True,True,True,0.6111111111111112,0,0,0,0,0,0,0,False,False,False,False,False,False,,234,234,0,117,62,55,179,True,True,True,True,True,True,0.7649572649572649
5001d09a,3,relaxation,300,5.0,5001d09a__day1____2023.11.27T15.49.07p03.00,gpn_data__5001d09a__day1____2023.11.27T15.49.07p03.00,2023-11-27T12:49:07.828739882+00:00,1913.9625871181488,True,300.0,True,2023-11-27T13:04:07.828739882+00:00,True,True,576ab63dbaddc673de21abba144f9fe0a01fbce4eecd917cd9332b224a55fb46,77187c5056e96a75004e210d8690f55f726ea8eff5e40266be2c3452ac5640de,30,30,0,4,5,21,9,True,True,True,True,True,False,0.3,60,60,0,13,17,30,30,True,True,True,True,True,True,0.5,234,234,0,77,43,114,120,True,True,True,True,True,True,0.5128205128205128
5001d09a,3,relaxation,600,10.0,5001d09a__day1____2023.11.27T15.49.07p03.00,gpn_data__5001d09a__day1____2023.11.27T15.49.07p03.00,2023-11-27T12:49:07.828739882+00:00,1913.9625871181488,True,600.0,True,2023-11-27T13:04:07.828739882+00:00,True,True,4bbde4bdca7141b40940d3b14a019b2e8340e9327c7ee88c27aab825c5b42ac8,77187c5056e96a75004e210d8690f55f726ea8eff5e40266be2c3452ac5640de,60,60,0,12,13,35,25,True,True,True,True,True,True,0.4166666666666667,30,30,0,5,9,16,14,True,True,True,True,True,True,0.4666666666666667,234,234,0,77,43,114,120,True,True,True,True,True,True,0.5128205128205128
5001d09a,3,relaxation,900,15.0,5001d09a__day1____2023.11.27T15.49.07p03.00,gpn_data__5001d09a__day1____2023.11.27T15.49.07p03.00,2023-11-27T12:49:07.828739882+00:00,1913.9625871181488,True,900.0,True,2023-11-27T13:04:07.828739882+00:00,True,True,80ed1c4e14a984651518df5e9d27a1f9d88b6f67aa936bfaed6741602df9b430,77187c5056e96a75004e210d8690f55f726ea8eff5e40266be2c3452ac5640de,90,90,0,17,22,51,39,True,True,True,True,True,True,0.43333333333333335,0,0,0,0,0,0,0,False,False,False,False,False,False,,234,234,0,77,43,114,120,True,True,True,True,True,True,0.5128205128205128
5001d09a,3,interest,300,5.0,5001d09a__day1____2023.11.27T15.49.07p03.00,gpn_data__5001d09a__day1____2023.11.27T15.49.07p03.00,2023-11-27T12:49:07.828739882+00:00,1913.9625871181488,True,300.0,True,2023-11-27T13:04:07.828739882+00:00,True,True,b0ac69aecef877575cc745f4aef1a5b68f9d804c915322a03b97c88528508b3e,2129e33f16945ebdf28cbca1b7708041caa629af0cbef77fadc3f9e30a78268a,30,30,0,19,6,5,25,True,True,True,True,True,True,0.8333333333333334,60,60,0,6,39,15,45,True,True,True,True,True,True,0.75,234,234,0,112,71,51,183,True,True,True,True,True,True,0.782051282051282
5001d09a,3,interest,600,10.0,5001d09a__day1____2023.11.27T15.49.07p03.00,gpn_data__5001d09a__day1____2023.11.27T15.49.07p03.00,2023-11-27T12:49:07.828739882+00:00,1913.9625871181488,True,600.0,True,2023-11-27T13:04:07.828739882+00:00,True,True,eb48762e300bbc7086a0f462e5e68771db4e9336deabed4b728dab9d80922d6b,2129e33f16945ebdf28cbca1b7708041caa629af0cbef77fadc3f9e30a78268a,60,60,0,23,24,13,47,True,True,True,True,True,True,0.7833333333333333,30,30,0,2,21,7,23,True,True,True,True,False,False,0.7666666666666667,234,234,0,112,71,51,183,True,True,True,True,True,True,0.782051282051282
5001d09a,3,interest,900,15.0,5001d09a__day1____2023.11.27T15.49.07p03.00,gpn_data__5001d09a__day1____2023.11.27T15.49.07p03.00,2023-11-27T12:49:07.828739882+00:00,1913.9625871181488,True,900.0,True,2023-11-27T13:04:07.828739882+00:00,True,True,34d538032d4837bb59e4cb64f00ddadf22517b0c09ea6706ccbb0380a48afa2b,2129e33f16945ebdf28cbca1b7708041caa629af0cbef77fadc3f9e30a78268a,90,90,0,25,45,20,70,True,True,True,True,True,True,0.7777777777777778,0,0,0,0,0,0,0,False,False,False,False,False,False,,234,234,0,112,71,51,183,True,True,True,True,True,True,0.782051282051282
5001d09a,3,focus,300,5.0,5001d09a__day1____2023.11.27T15.49.07p03.00,gpn_data__5001d09a__day1____2023.11.27T15.49.07p03.00,2023-11-27T12:49:07.828739882+00:00,1913.9625871181488,True,300.0,True,2023-11-27T13:04:07.828739882+00:00,True,True,96c4b8a0d1bed912aa367cc35318eddb8d5d6b293afd9f802c423ed47d9a00d6,a7f11270eca17efc74189f43221239a9b6192443f6066bd9f9a79ed76d923a6d,30,30,0,6,8,16,14,True,True,True,True,True,True,0.4666666666666667,60,60,0,2,38,20,40,True,True,True,True,False,False,0.6666666666666666,234,234,0,28,137,69,165,True,True,True,True,True,True,0.7051282051282052
5001d09a,3,focus,600,10.0,5001d09a__day1____2023.11.27T15.49.07p03.00,gpn_data__5001d09a__day1____2023.11.27T15.49.07p03.00,2023-11-27T12:49:07.828739882+00:00,1913.9625871181488,True,600.0,True,2023-11-27T13:04:07.828739882+00:00,True,True,ceeea02974677ac8dd90a89ff4ead26ab4279c8e9b27d3541c4795ed23463155,a7f11270eca17efc74189f43221239a9b6192443f6066bd9f9a79ed76d923a6d,60,60,0,6,22,32,28,True,True,True,True,True,True,0.4666666666666667,30,30,0,2,24,4,26,True,True,True,True,False,False,0.8666666666666667,234,234,0,28,137,69,165,True,True,True,True,True,True,0.7051282051282052
5001d09a,3,focus,900,15.0,5001d09a__day1____2023.11.27T15.49.07p03.00,gpn_data__5001d09a__day1____2023.11.27T15.49.07p03.00,2023-11-27T12:49:07.828739882+00:00,1913.9625871181488,True,900.0,True,2023-11-27T13:04:07.828739882+00:00,True,True,8a32b50dc46d2ca0a959e843a44c9f4ccfc67575c98fb914c3ea3cc836565002,a7f11270eca17efc74189f43221239a9b6192443f6066bd9f9a79ed76d923a6d,90,90,0,8,46,36,54,True,True,True,True,True,True,0.6,0,0,0,0,0,0,0,False,False,False,False,False,False,,234,234,0,28,137,69,165,True,True,True,True,True,True,0.7051282051282052
50c02189,3,attention,300,5.0,50c02189__day1____2023.11.27T11.56.06p03.00,gpn_data__50c02189__day1____2023.11.27T11.56.06p03.00,2023-11-27T08:56:06.508694887+00:00,6365.310499191284,True,300.0,False,2023-11-27T09:11:06.508694887+00:00,True,False,5911d580ce44b815251deb3874c571f0a8c234459db514812d72ffb281b597f6,e1e5b06c88198ca4cd0986358b311308f56fdbd15fb56bb0893630ffc3c28a5c,30,30,0,0,4,26,4,True,False,False,False,False,False,0.13333333333333333,60,60,0,24,10,26,34,True,True,True,True,True,True,0.5666666666666667,807,692,115,119,429,144,548,True,True,True,True,True,True,0.791907514450867
50c02189,3,attention,600,10.0,50c02189__day1____2023.11.27T11.56.06p03.00,gpn_data__50c02189__day1____2023.11.27T11.56.06p03.00,2023-11-27T08:56:06.508694887+00:00,6365.310499191284,True,600.0,True,2023-11-27T09:11:06.508694887+00:00,True,True,335c1065ad409be2b519350639c6604cce5973a3b57642631dcdbbccd88ac5fd,e1e5b06c88198ca4cd0986358b311308f56fdbd15fb56bb0893630ffc3c28a5c,60,60,0,14,4,42,18,True,True,True,True,True,False,0.3,30,30,0,10,10,10,20,True,True,True,True,True,True,0.6666666666666666,807,692,115,119,429,144,548,True,True,True,True,True,True,0.791907514450867
50c02189,3,attention,900,15.0,50c02189__day1____2023.11.27T11.56.06p03.00,gpn_data__50c02189__day1____2023.11.27T11.56.06p03.00,2023-11-27T08:56:06.508694887+00:00,6365.310499191284,True,900.0,True,2023-11-27T09:11:06.508694887+00:00,True,True,549e772f5bf7aa541e7c9d48fa784d3e49bfc83029050f8a7bd87e46cb8c0c2d,e1e5b06c88198ca4cd0986358b311308f56fdbd15fb56bb0893630ffc3c28a5c,90,90,0,24,14,52,38,True,True,True,True,True,True,0.4222222222222222,0,0,0,0,0,0,0,False,False,False,False,False,False,,807,692,115,119,429,144,548,True,True,True,True,True,True,0.791907514450867
50c02189,3,engagement,300,5.0,50c02189__day1____2023.11.27T11.56.06p03.00,gpn_data__50c02189__day1____2023.11.27T11.56.06p03.00,2023-11-27T08:56:06.508694887+00:00,6365.310499191284,True,300.0,True,2023-11-27T09:11:06.508694887+00:00,True,True,f68f13f943ac0e122502b2c5ee34317e8911a8d10f474e26a0fecd4c3eab4697,39e0df6bcdc235f4321399d5168d1d87ba14876fd8ab275b368a2cd116778873,30,30,0,2,22,6,24,True,True,True,True,False,False,0.8,60,60,0,7,38,15,45,True,True,True,True,True,True,0.75,807,807,0,507,168,132,675,True,True,True,True,True,True,0.8364312267657993
50c02189,3,engagement,600,10.0,50c02189__day1____2023.11.27T11.56.06p03.00,gpn_data__50c02189__day1____2023.11.27T11.56.06p03.00,2023-11-27T08:56:06.508694887+00:00,6365.310499191284,True,600.0,True,2023-11-27T09:11:06.508694887+00:00,True,True,b3792c288e6c1af38a73a40a3232a391c400720ecfffefcf41b308304b012865,39e0df6bcdc235f4321399d5168d1d87ba14876fd8ab275b368a2cd116778873,60,60,0,2,48,10,50,True,True,True,True,False,False,0.8333333333333334,30,30,0,7,12,11,19,True,True,True,True,True,True,0.6333333333333333,807,807,0,507,168,132,675,True,True,True,True,True,True,0.8364312267657993
50c02189,3,engagement,900,15.0,50c02189__day1____2023.11.27T11.56.06p03.00,gpn_data__50c02189__day1____2023.11.27T11.56.06p03.00,2023-11-27T08:56:06.508694887+00:00,6365.310499191284,True,900.0,True,2023-11-27T09:11:06.508694887+00:00,True,True,f7f6397f5eb7cafad3d5e3368aaa69ec9dd980a5f20ff2fab2a7119d5ea2ed0c,39e0df6bcdc235f4321399d5168d1d87ba14876fd8ab275b368a2cd116778873,90,90,0,9,60,21,69,True,True,True,True,True,True,0.7666666666666667,0,0,0,0,0,0,0,False,False,False,False,False,False,,807,807,0,507,168,132,675,True,True,True,True,True,True,0.8364312267657993
50c02189,3,excitement,300,5.0,50c02189__day1____2023.11.27T11.56.06p03.00,gpn_data__50c02189__day1____2023.11.27T11.56.06p03.00,2023-11-27T08:56:06.508694887+00:00,6365.310499191284,True,300.0,True,2023-11-27T09:11:06.508694887+00:00,True,True,c9ea94a4e1cfd65156bdfdc6e7500d39bb3a13aa0b8fd8cc7a0bc984b3ff3f45,c5edb6fd8f8fdc82f5e0b57177daf4b83d579a327a493fbe7d3ecfb7e3e868d3,30,30,0,3,2,25,5,True,True,True,True,False,False,0.16666666666666666,60,60,0,2,14,44,16,True,True,True,True,False,False,0.26666666666666666,807,807,0,203,255,349,458,True,True,True,True,True,True,0.5675340768277571
50c02189,3,excitement,600,10.0,50c02189__day1____2023.11.27T11.56.06p03.00,gpn_data__50c02189__day1____2023.11.27T11.56.06p03.00,2023-11-27T08:56:06.508694887+00:00,6365.310499191284,True,600.0,True,2023-11-27T09:11:06.508694887+00:00,True,True,3495744419af8ac821f86f9ca38a923bf624e295a1db1f8e8eefddcf9e2145ab,c5edb6fd8f8fdc82f5e0b57177daf4b83d579a327a493fbe7d3ecfb7e3e868d3,60,60,0,4,8,48,12,True,True,True,True,True,False,0.2,30,30,0,1,8,21,9,True,True,True,False,False,False,0.3,807,807,0,203,255,349,458,True,True,True,True,True,True,0.5675340768277571
50c02189,3,excitement,900,15.0,50c02189__day1____2023.11.27T11.56.06p03.00,gpn_data__50c02189__day1____2023.11.27T11.56.06p03.00,2023-11-27T08:56:06.508694887+00:00,6365.310499191284,True,900.0,True,2023-11-27T09:11:06.508694887+00:00,True,True,ed1418fca0fa1cc38e420172a27ab7e4b2e4f476de11320b152bc656ed3d5b0c,c5edb6fd8f8fdc82f5e0b57177daf4b83d579a327a493fbe7d3ecfb7e3e868d3,90,90,0,5,16,69,21,True,True,True,True,True,True,0.23333333333333334,0,0,0,0,0,0,0,False,False,False,False,False,False,,807,807,0,203,255,349,458,True,True,True,True,True,True,0.5675340768277571
50c02189,3,stress,300,5.0,50c02189__day1____2023.11.27T11.56.06p03.00,gpn_data__50c02189__day1____2023.11.27T11.56.06p03.00,2023-11-27T08:56:06.508694887+00:00,6365.310499191284,True,300.0,True,2023-11-27T09:11:06.508694887+00:00,True,True,15c7bf6ca04085cec09a30d7c170bff6b5728a6fa17eb75554c62fd2672bce16,aa99f6af746736338fa16d799b191716008582f57834e2de2dc46d458eea93af,30,30,0,27,3,0,30,True,True,True,True,True,False,1.0,60,60,0,42,14,4,56,True,True,True,True,True,True,0.9333333333333333,807,807,0,325,433,49,758,True,True,True,True,True,True,0.9392812887236679
50c02189,3,stress,600,10.0,50c02189__day1____2023.11.27T11.56.06p03.00,gpn_data__50c02189__day1____2023.11.27T11.56.06p03.00,2023-11-27T08:56:06.508694887+00:00,6365.310499191284,True,600.0,True,2023-11-27T09:11:06.508694887+00:00,True,True,7f317a047604c2231c1942652b5642d6eeacecc63c02d19c422a2817e7c458b8,aa99f6af746736338fa16d799b191716008582f57834e2de2dc46d458eea93af,60,60,0,44,12,4,56,True,True,True,True,True,True,0.9333333333333333,30,30,0,25,5,0,30,True,True,True,True,True,True,1.0,807,807,0,325,433,49,758,True,True,True,True,True,True,0.9392812887236679
50c02189,3,stress,900,15.0,50c02189__day1____2023.11.27T11.56.06p03.00,gpn_data__50c02189__day1____2023.11.27T11.56.06p03.00,2023-11-27T08:56:06.508694887+00:00,6365.310499191284,True,900.0,True,2023-11-27T09:11:06.508694887+00:00,True,True,06bff39ef0f4c62e0cb04995f3b78b8a08ddb66168c3f028b281e271803602d4,aa99f6af746736338fa16d799b191716008582f57834e2de2dc46d458eea93af,90,90,0,69,17,4,86,True,True,True,True,True,True,0.9555555555555556,0,0,0,0,0,0,0,False,False,False,False,False,False,,807,807,0,325,433,49,758,True,True,True,True,True,True,0.9392812887236679
50c02189,3,relaxation,300,5.0,50c02189__day1____2023.11.27T11.56.06p03.00,gpn_data__50c02189__day1____2023.11.27T11.56.06p03.00,2023-11-27T08:56:06.508694887+00:00,6365.310499191284,True,300.0,True,2023-11-27T09:11:06.508694887+00:00,True,True,2307dfe2e973b767a77919b234d0fa8d6ead3b9badb0f94d843fea6fc5e55674,b39b6b7398ab602861ce6899631457ceab5502796c8c9dc642096551a719d98f,30,30,0,2,14,14,16,True,True,True,True,False,False,0.5333333333333333,60,60,0,17,21,22,38,True,True,True,True,True,True,0.6333333333333333,807,807,0,234,401,172,635,True,True,True,True,True,True,0.7868649318463445
50c02189,3,relaxation,600,10.0,50c02189__day1____2023.11.27T11.56.06p03.00,gpn_data__50c02189__day1____2023.11.27T11.56.06p03.00,2023-11-27T08:56:06.508694887+00:00,6365.310499191284,True,600.0,True,2023-11-27T09:11:06.508694887+00:00,True,True,b50e2ca79f2e2951ce2381d1fac9e4f355134ed8e9ccf36373e8cec192998432,b39b6b7398ab602861ce6899631457ceab5502796c8c9dc642096551a719d98f,60,60,0,7,25,28,32,True,True,True,True,True,True,0.5333333333333333,30,30,0,12,10,8,22,True,True,True,True,True,True,0.7333333333333333,807,807,0,234,401,172,635,True,True,True,True,True,True,0.7868649318463445
50c02189,3,relaxation,900,15.0,50c02189__day1____2023.11.27T11.56.06p03.00,gpn_data__50c02189__day1____2023.11.27T11.56.06p03.00,2023-11-27T08:56:06.508694887+00:00,6365.310499191284,True,900.0,True,2023-11-27T09:11:06.508694887+00:00,True,True,18d060554e7ffe2f4fea017209fd1168ebb71c897a9cb4761e8579f50fc07ff4,b39b6b7398ab602861ce6899631457ceab5502796c8c9dc642096551a719d98f,90,90,0,19,35,36,54,True,True,True,True,True,True,0.6,0,0,0,0,0,0,0,False,False,False,False,False,False,,807,807,0,234,401,172,635,True,True,True,True,True,True,0.7868649318463445
50c02189,3,interest,300,5.0,50c02189__day1____2023.11.27T11.56.06p03.00,gpn_data__50c02189__day1____2023.11.27T11.56.06p03.00,2023-11-27T08:56:06.508694887+00:00,6365.310499191284,True,300.0,True,2023-11-27T09:11:06.508694887+00:00,True,True,3439abc4f6e350c6bd8f0ace2a2cd496c17b240b0833343bebceaa9f7946b6c7,708136ef8f0cb5330424e36c7e9ba913f78a78b463f7ca0371c33f601024a5a3,30,30,0,13,8,9,21,True,True,True,True,True,True,0.7,60,60,0,11,47,2,58,True,True,True,True,True,True,0.9666666666666667,807,807,0,417,299,91,716,True,True,True,True,True,True,0.8872366790582404
50c02189,3,interest,600,10.0,50c02189__day1____2023.11.27T11.56.06p03.00,gpn_data__50c02189__day1____2023.11.27T11.56.06p03.00,2023-11-27T08:56:06.508694887+00:00,6365.310499191284,True,600.0,True,2023-11-27T09:11:06.508694887+00:00,True,True,caf392be4322504133630fdceffe11d9128a72b06662aa3d616a7530efc6446a,708136ef8f0cb5330424e36c7e9ba913f78a78b463f7ca0371c33f601024a5a3,60,60,0,13,37,10,50,True,True,True,True,True,True,0.8333333333333334,30,30,0,11,18,1,29,True,True,True,True,True,True,0.9666666666666667,807,807,0,417,299,91,716,True,True,True,True,True,True,0.8872366790582404
50c02189,3,interest,900,15.0,50c02189__day1____2023.11.27T11.56.06p03.00,gpn_data__50c02189__day1____2023.11.27T11.56.06p03.00,2023-11-27T08:56:06.508694887+00:00,6365.310499191284,True,900.0,True,2023-11-27T09:11:06.508694887+00:00,True,True,bc4884df2a6926a9f31dc0e435e6108a0e4ebf785a54c82a3d84b3db97c75e98,708136ef8f0cb5330424e36c7e9ba913f78a78b463f7ca0371c33f601024a5a3,90,90,0,24,55,11,79,True,True,True,True,True,True,0.8777777777777778,0,0,0,0,0,0,0,False,False,False,False,False,False,,807,807,0,417,299,91,716,True,True,True,True,True,True,0.8872366790582404
50c02189,3,focus,300,5.0,50c02189__day1____2023.11.27T11.56.06p03.00,gpn_data__50c02189__day1____2023.11.27T11.56.06p03.00,2023-11-27T08:56:06.508694887+00:00,6365.310499191284,True,300.0,False,2023-11-27T09:11:06.508694887+00:00,True,False,4e22b1e683435ee3cc72831aea3b67fba95d48cb5060fad323155daa6ea1cfd4,90c210257cea625b21989cf570d9f4fc5362edecbfb41128055ca4067ab79349,30,30,0,27,1,2,28,True,True,True,False,False,False,0.9333333333333333,60,60,0,26,8,26,34,True,True,True,True,True,True,0.5666666666666667,807,807,0,252,343,212,595,True,True,True,True,True,True,0.7372986369268897
50c02189,3,focus,600,10.0,50c02189__day1____2023.11.27T11.56.06p03.00,gpn_data__50c02189__day1____2023.11.27T11.56.06p03.00,2023-11-27T08:56:06.508694887+00:00,6365.310499191284,True,600.0,True,2023-11-27T09:11:06.508694887+00:00,True,True,f78f967403de581b8624c9f5a24fa7cabcedd3bdb63602098a0d5e84c6d4fb06,90c210257cea625b21989cf570d9f4fc5362edecbfb41128055ca4067ab79349,60,60,0,41,4,15,45,True,True,True,True,True,False,0.75,30,30,0,12,5,13,17,True,True,True,True,True,True,0.5666666666666667,807,807,0,252,343,212,595,True,True,True,True,True,True,0.7372986369268897
50c02189,3,focus,900,15.0,50c02189__day1____2023.11.27T11.56.06p03.00,gpn_data__50c02189__day1____2023.11.27T11.56.06p03.00,2023-11-27T08:56:06.508694887+00:00,6365.310499191284,True,900.0,True,2023-11-27T09:11:06.508694887+00:00,True,True,a9c8b160bc6188b55041289efcf6e41f49635fe5da3f0bf81c83f1a5644df431,90c210257cea625b21989cf570d9f4fc5362edecbfb41128055ca4067ab79349,90,90,0,53,9,28,62,True,True,True,True,True,True,0.6888888888888889,0,0,0,0,0,0,0,False,False,False,False,False,False,,807,807,0,252,343,212,595,True,True,True,True,True,True,0.7372986369268897
517001af,2,attention,300,5.0,517001af__day1____2023.11.27T13.40.34p03.00,gpn_data__517001af__day1____2023.11.27T13.40.34p03.00,2023-11-27T10:40:34.392134905+00:00,6172.5125041008,True,300.0,False,2023-11-27T10:55:34.392134905+00:00,True,False,bdd3cf2c7f2920b662daa5346063586ce2d2186739f406883997bf084c6dd0bc,d8a4a804a0570464119699f1dab75a0686ce29c59753bae4030d7aa4e7dd2567,30,30,0,30,0,0,30,True,False,False,False,False,False,1.0,60,59,1,44,0,15,44,True,False,False,False,False,False,0.7457627118644068,381,274,107,102,32,140,134,True,True,True,True,True,True,0.48905109489051096
517001af,2,attention,600,10.0,517001af__day1____2023.11.27T13.40.34p03.00,gpn_data__517001af__day1____2023.11.27T13.40.34p03.00,2023-11-27T10:40:34.392134905+00:00,6172.5125041008,True,600.0,False,2023-11-27T10:55:34.392134905+00:00,True,False,05be355314b8368cedcf55923c5b109a1a473b25ea59ddee84e75bb913431142,d8a4a804a0570464119699f1dab75a0686ce29c59753bae4030d7aa4e7dd2567,60,60,0,60,0,0,60,True,False,False,False,False,False,1.0,30,29,1,14,0,15,14,True,False,False,False,False,False,0.4827586206896552,381,274,107,102,32,140,134,True,True,True,True,True,True,0.48905109489051096
517001af,2,attention,900,15.0,517001af__day1____2023.11.27T13.40.34p03.00,gpn_data__517001af__day1____2023.11.27T13.40.34p03.00,2023-11-27T10:40:34.392134905+00:00,6172.5125041008,True,900.0,False,2023-11-27T10:55:34.392134905+00:00,True,False,d7988d86c5c93f4149e919942fd780a094fee743f5542c3c0ca50239373049f8,d8a4a804a0570464119699f1dab75a0686ce29c59753bae4030d7aa4e7dd2567,90,89,1,74,0,15,74,True,False,False,False,False,False,0.8314606741573034,0,0,0,0,0,0,0,False,False,False,False,False,False,,381,274,107,102,32,140,134,True,True,True,True,True,True,0.48905109489051096
517001af,2,engagement,300,5.0,517001af__day1____2023.11.27T13.40.34p03.00,gpn_data__517001af__day1____2023.11.27T13.40.34p03.00,2023-11-27T10:40:34.392134905+00:00,6172.5125041008,True,300.0,False,2023-11-27T10:55:34.392134905+00:00,True,False,67f58d731f1f5325485075ccee5231853f090307bf448f0ea7dee9f89a6f64ff,25ffd289e8f733a25ef1e9a492434ebdbb9d1f1ec3413583d5279970eceafcc6,30,30,0,0,28,2,28,True,False,False,False,False,False,0.9333333333333333,60,60,0,0,53,7,53,True,False,False,False,False,False,0.8833333333333333,381,381,0,35,236,110,271,True,True,True,True,True,True,0.7112860892388452
517001af,2,engagement,600,10.0,517001af__day1____2023.11.27T13.40.34p03.00,gpn_data__517001af__day1____2023.11.27T13.40.34p03.00,2023-11-27T10:40:34.392134905+00:00,6172.5125041008,True,600.0,False,2023-11-27T10:55:34.392134905+00:00,True,False,c7cc5a5b60ac60e2797f50062765a5eca2fcaca647f959b5b842ec39f1abb91a,25ffd289e8f733a25ef1e9a492434ebdbb9d1f1ec3413583d5279970eceafcc6,60,60,0,0,57,3,57,True,False,False,False,False,False,0.95,30,30,0,0,24,6,24,True,False,False,False,False,False,0.8,381,381,0,35,236,110,271,True,True,True,True,True,True,0.7112860892388452
517001af,2,engagement,900,15.0,517001af__day1____2023.11.27T13.40.34p03.00,gpn_data__517001af__day1____2023.11.27T13.40.34p03.00,2023-11-27T10:40:34.392134905+00:00,6172.5125041008,True,900.0,False,2023-11-27T10:55:34.392134905+00:00,True,False,e8f1ac6a367d80b4ef93cb75c8ca9ffd40636be7a2348d00a84edfcf1a913676,25ffd289e8f733a25ef1e9a492434ebdbb9d1f1ec3413583d5279970eceafcc6,90,90,0,0,81,9,81,True,False,False,False,False,False,0.9,0,0,0,0,0,0,0,False,False,False,False,False,False,,381,381,0,35,236,110,271,True,True,True,True,True,True,0.7112860892388452
517001af,2,excitement,300,5.0,517001af__day1____2023.11.27T13.40.34p03.00,gpn_data__517001af__day1____2023.11.27T13.40.34p03.00,2023-11-27T10:40:34.392134905+00:00,6172.5125041008,True,300.0,False,2023-11-27T10:55:34.392134905+00:00,True,False,9a7e749058e11c8c783e0e34f65d7861bd3538f1901a3791019a7cf64b79af24,30d976591f2e1b7c6ec6d5d83b64bf75ffd28e9decb490bcbf2517bab67ccede,30,30,0,1,18,11,19,True,True,True,False,False,False,0.6333333333333333,60,60,0,7,32,21,39,True,True,True,True,True,True,0.65,381,381,0,130,184,67,314,True,True,True,True,True,True,0.8241469816272966
517001af,2,excitement,600,10.0,517001af__day1____2023.11.27T13.40.34p03.00,gpn_data__517001af__day1____2023.11.27T13.40.34p03.00,2023-11-27T10:40:34.392134905+00:00,6172.5125041008,True,600.0,True,2023-11-27T10:55:34.392134905+00:00,True,True,e84870514dea41dbcd977655fe1977c26574f9ce57231ec8b9da7c8a323e2d84,30d976591f2e1b7c6ec6d5d83b64bf75ffd28e9decb490bcbf2517bab67ccede,60,60,0,6,30,24,36,True,True,True,True,True,True,0.6,30,30,0,2,20,8,22,True,True,True,True,False,False,0.7333333333333333,381,381,0,130,184,67,314,True,True,True,True,True,True,0.8241469816272966
517001af,2,excitement,900,15.0,517001af__day1____2023.11.27T13.40.34p03.00,gpn_data__517001af__day1____2023.11.27T13.40.34p03.00,2023-11-27T10:40:34.392134905+00:00,6172.5125041008,True,900.0,True,2023-11-27T10:55:34.392134905+00:00,True,True,cb6ab914970db2297f60233dc6a8b4b252cf1641457871c51f0e5a261386a741,30d976591f2e1b7c6ec6d5d83b64bf75ffd28e9decb490bcbf2517bab67ccede,90,90,0,8,50,32,58,True,True,True,True,True,True,0.6444444444444445,0,0,0,0,0,0,0,False,False,False,False,False,False,,381,381,0,130,184,67,314,True,True,True,True,True,True,0.8241469816272966
517001af,2,stress,300,5.0,517001af__day1____2023.11.27T13.40.34p03.00,gpn_data__517001af__day1____2023.11.27T13.40.34p03.00,2023-11-27T10:40:34.392134905+00:00,6172.5125041008,True,300.0,True,2023-11-27T10:55:34.392134905+00:00,True,True,d9bb971648ceb523261d6ac5164f8bd57679dde6ee9c864f8b38639b26dc3a02,314cb272872e6f7ff0be65c34e0d175d12dbc7eab6c8cffe24a9205172ce43b0,30,30,0,10,8,12,18,True,True,True,True,True,True,0.6,60,60,0,3,7,50,10,True,True,True,True,True,False,0.16666666666666666,381,381,0,9,75,297,84,True,True,True,True,True,True,0.2204724409448819
517001af,2,stress,600,10.0,517001af__day1____2023.11.27T13.40.34p03.00,gpn_data__517001af__day1____2023.11.27T13.40.34p03.00,2023-11-27T10:40:34.392134905+00:00,6172.5125041008,True,600.0,True,2023-11-27T10:55:34.392134905+00:00,True,True,f088c0bd3b6b8bb4abb91e269f5b4b1f7bd34cd62217eb9977cca4c737e7aa8d,314cb272872e6f7ff0be65c34e0d175d12dbc7eab6c8cffe24a9205172ce43b0,60,60,0,10,11,39,21,True,True,True,True,True,True,0.35,30,30,0,3,4,23,7,True,True,True,True,True,False,0.23333333333333334,381,381,0,9,75,297,84,True,True,True,True,True,True,0.2204724409448819
517001af,2,stress,900,15.0,517001af__day1____2023.11.27T13.40.34p03.00,gpn_data__517001af__day1____2023.11.27T13.40.34p03.00,2023-11-27T10:40:34.392134905+00:00,6172.5125041008,True,900.0,True,2023-11-27T10:55:34.392134905+00:00,True,True,ba15daa7adcd650252e1c37134e49d14c26295cc97a2bf97484f7cb3a66d2ef4,314cb272872e6f7ff0be65c34e0d175d12dbc7eab6c8cffe24a9205172ce43b0,90,90,0,13,15,62,28,True,True,True,True,True,True,0.3111111111111111,0,0,0,0,0,0,0,False,False,False,False,False,False,,381,381,0,9,75,297,84,True,True,True,True,True,True,0.2204724409448819
517001af,2,relaxation,300,5.0,517001af__day1____2023.11.27T13.40.34p03.00,gpn_data__517001af__day1____2023.11.27T13.40.34p03.00,2023-11-27T10:40:34.392134905+00:00,6172.5125041008,True,300.0,True,2023-11-27T10:55:34.392134905+00:00,True,True,196159b5183f9a4193b40e1eb93ef602b5eb64704594a9f2390fcb81886a1e0b,be588ee7e618f35734f291450edf6e9c40e18e48718749324f3e939d556b7ee6,30,30,0,14,5,11,19,True,True,True,True,True,True,0.6333333333333333,60,60,0,44,7,9,51,True,True,True,True,True,True,0.85,381,381,0,211,66,104,277,True,True,True,True,True,True,0.7270341207349081
517001af,2,relaxation,600,10.0,517001af__day1____2023.11.27T13.40.34p03.00,gpn_data__517001af__day1____2023.11.27T13.40.34p03.00,2023-11-27T10:40:34.392134905+00:00,6172.5125041008,True,600.0,True,2023-11-27T10:55:34.392134905+00:00,True,True,b2c5f30207fb737c06f0b8d2b12849a6c97580f4ad5b326ff40eea38a0b87548,be588ee7e618f35734f291450edf6e9c40e18e48718749324f3e939d556b7ee6,60,60,0,35,8,17,43,True,True,True,True,True,True,0.7166666666666667,30,30,0,23,4,3,27,True,True,True,True,True,False,0.9,381,381,0,211,66,104,277,True,True,True,True,True,True,0.7270341207349081
517001af,2,relaxation,900,15.0,517001af__day1____2023.11.27T13.40.34p03.00,gpn_data__517001af__day1____2023.11.27T13.40.34p03.00,2023-11-27T10:40:34.392134905+00:00,6172.5125041008,True,900.0,True,2023-11-27T10:55:34.392134905+00:00,True,True,4ddd211db4b44920657151f9c2531ab4e34c63629892aa3db39318f9fb627f5a,be588ee7e618f35734f291450edf6e9c40e18e48718749324f3e939d556b7ee6,90,90,0,58,12,20,70,True,True,True,True,True,True,0.7777777777777778,0,0,0,0,0,0,0,False,False,False,False,False,False,,381,381,0,211,66,104,277,True,True,True,True,True,True,0.7270341207349081
517001af,2,interest,300,5.0,517001af__day1____2023.11.27T13.40.34p03.00,gpn_data__517001af__day1____2023.11.27T13.40.34p03.00,2023-11-27T10:40:34.392134905+00:00,6172.5125041008,True,300.0,True,2023-11-27T10:55:34.392134905+00:00,True,True,550bc7d70f42451b8199c1299445a76fecbe6489775e19a2ea516d27a4c5cd24,b229179e0427c0d67d76a78801624512e3cbcf69a0a294cdad794787c99bd8e1,30,30,0,13,5,12,18,True,True,True,True,True,True,0.6,60,60,0,18,12,30,30,True,True,True,True,True,True,0.5,381,381,0,118,54,209,172,True,True,True,True,True,True,0.45144356955380577
517001af,2,interest,600,10.0,517001af__day1____2023.11.27T13.40.34p03.00,gpn_data__517001af__day1____2023.11.27T13.40.34p03.00,2023-11-27T10:40:34.392134905+00:00,6172.5125041008,True,600.0,True,2023-11-27T10:55:34.392134905+00:00,True,True,272217867a037f8e70b5ab60fce85e2afb59ad65f09ab39b4a10a9b5f2b5944a,b229179e0427c0d67d76a78801624512e3cbcf69a0a294cdad794787c99bd8e1,60,60,0,19,11,30,30,True,True,True,True,True,True,0.5,30,30,0,12,6,12,18,True,True,True,True,True,True,0.6,381,381,0,118,54,209,172,True,True,True,True,True,True,0.45144356955380577
517001af,2,interest,900,15.0,517001af__day1____2023.11.27T13.40.34p03.00,gpn_data__517001af__day1____2023.11.27T13.40.34p03.00,2023-11-27T10:40:34.392134905+00:00,6172.5125041008,True,900.0,True,2023-11-27T10:55:34.392134905+00:00,True,True,5363fc2a6b7fe86d1228f25f1d9fab03a9066f0cb3f980e63f5622cb3a67a279,b229179e0427c0d67d76a78801624512e3cbcf69a0a294cdad794787c99bd8e1,90,90,0,31,17,42,48,True,True,True,True,True,True,0.5333333333333333,0,0,0,0,0,0,0,False,False,False,False,False,False,,381,381,0,118,54,209,172,True,True,True,True,True,True,0.45144356955380577
517001af,2,focus,300,5.0,517001af__day1____2023.11.27T13.40.34p03.00,gpn_data__517001af__day1____2023.11.27T13.40.34p03.00,2023-11-27T10:40:34.392134905+00:00,6172.5125041008,True,300.0,True,2023-11-27T10:55:34.392134905+00:00,True,True,9e781e211d0119895e5cf591ce30defe0431d32fbb3f814e1c43ac883c38178e,b8390925b7a7b51ac569e825daf03f68bb94c3bb28c8bcc067614a79626eb4ec,30,30,0,2,21,7,23,True,True,True,True,False,False,0.7666666666666667,60,60,0,1,50,9,51,True,True,True,False,False,False,0.85,381,381,0,119,220,42,339,True,True,True,True,True,True,0.889763779527559
517001af,2,focus,600,10.0,517001af__day1____2023.11.27T13.40.34p03.00,gpn_data__517001af__day1____2023.11.27T13.40.34p03.00,2023-11-27T10:40:34.392134905+00:00,6172.5125041008,True,600.0,True,2023-11-27T10:55:34.392134905+00:00,True,True,e3e032ee3e66b0a455b4f6332e23e3f4821ea1a44063633aa87c79b3a4692024,b8390925b7a7b51ac569e825daf03f68bb94c3bb28c8bcc067614a79626eb4ec,60,60,0,3,43,14,46,True,True,True,True,True,False,0.7666666666666667,30,30,0,0,28,2,28,True,False,False,False,False,False,0.9333333333333333,381,381,0,119,220,42,339,True,True,True,True,True,True,0.889763779527559
517001af,2,focus,900,15.0,517001af__day1____2023.11.27T13.40.34p03.00,gpn_data__517001af__day1____2023.11.27T13.40.34p03.00,2023-11-27T10:40:34.392134905+00:00,6172.5125041008,True,900.0,True,2023-11-27T10:55:34.392134905+00:00,True,True,c65c16fbd6d1734889d3bdeb484edeb61dd196d6181c0afdf0313d74aff2143d,b8390925b7a7b51ac569e825daf03f68bb94c3bb28c8bcc067614a79626eb4ec,90,90,0,3,71,16,74,True,True,True,True,True,False,0.8222222222222222,0,0,0,0,0,0,0,False,False,False,False,False,False,,381,381,0,119,220,42,339,True,True,True,True,True,True,0.889763779527559
6030f0fd,2,attention,300,5.0,6030f0fd__day1____2023.12.05T15.32.40p03.00,gpn_data__6030f0fd__day1____2023.12.05T15.32.40p03.00,2023-12-05T12:32:40.069154978+00:00,3497.9980199337006,True,300.0,False,2023-12-05T12:47:40.069154978+00:00,True,False,36907dd0d027c6ae6ef4c508cbecb5f5588d6fa4c766ca1d80f154e5538c41a6,e3ee0b89baa8861450148475a84e68cd3d80794862aeec1ecff11bb561987aff,30,30,0,19,0,11,19,True,False,False,False,False,False,0.6333333333333333,60,60,0,34,0,26,34,True,False,False,False,False,False,0.5666666666666667,401,401,0,83,219,99,302,True,True,True,True,True,True,0.7531172069825436
6030f0fd,2,attention,600,10.0,6030f0fd__day1____2023.12.05T15.32.40p03.00,gpn_data__6030f0fd__day1____2023.12.05T15.32.40p03.00,2023-12-05T12:32:40.069154978+00:00,3497.9980199337006,True,600.0,False,2023-12-05T12:47:40.069154978+00:00,True,False,becf8ac241393ddbb0a1d7c075fd69b8ab3d9d3e4a6e7e2204cf08a9e103557a,e3ee0b89baa8861450148475a84e68cd3d80794862aeec1ecff11bb561987aff,60,60,0,26,0,34,26,True,False,False,False,False,False,0.43333333333333335,30,30,0,27,0,3,27,True,False,False,False,False,False,0.9,401,401,0,83,219,99,302,True,True,True,True,True,True,0.7531172069825436
6030f0fd,2,attention,900,15.0,6030f0fd__day1____2023.12.05T15.32.40p03.00,gpn_data__6030f0fd__day1____2023.12.05T15.32.40p03.00,2023-12-05T12:32:40.069154978+00:00,3497.9980199337006,True,900.0,False,2023-12-05T12:47:40.069154978+00:00,True,False,33632c614e49b1572c51fa6cbabb4a2b73887debe522e50ec4ed933e2eae201b,e3ee0b89baa8861450148475a84e68cd3d80794862aeec1ecff11bb561987aff,90,90,0,53,0,37,53,True,False,False,False,False,False,0.5888888888888889,0,0,0,0,0,0,0,False,False,False,False,False,False,,401,401,0,83,219,99,302,True,True,True,True,True,True,0.7531172069825436
6030f0fd,2,engagement,300,5.0,6030f0fd__day1____2023.12.05T15.32.40p03.00,gpn_data__6030f0fd__day1____2023.12.05T15.32.40p03.00,2023-12-05T12:32:40.069154978+00:00,3497.9980199337006,True,300.0,False,2023-12-05T12:47:40.069154978+00:00,True,False,067fe625f83f3c1ba550ab74d78f5aec425fdf1c2cf3522b2f433b4ae5abcb82,b5d6493737ff2aac5f11243833d5baa89bae6f46e60b98326deebc8cf963f6cc,30,30,0,1,24,5,25,True,True,True,False,False,False,0.8333333333333334,60,60,0,0,50,10,50,True,False,False,False,False,False,0.8333333333333334,401,401,0,111,112,178,223,True,True,True,True,True,True,0.5561097256857855
6030f0fd,2,engagement,600,10.0,6030f0fd__day1____2023.12.05T15.32.40p03.00,gpn_data__6030f0fd__day1____2023.12.05T15.32.40p03.00,2023-12-05T12:32:40.069154978+00:00,3497.9980199337006,True,600.0,False,2023-12-05T12:47:40.069154978+00:00,True,False,9770157125ec44dcb156c03d4c0af7d3f01ce5a2cd15c5b149743efd1dc7eb63,b5d6493737ff2aac5f11243833d5baa89bae6f46e60b98326deebc8cf963f6cc,60,60,0,1,51,8,52,True,True,True,False,False,False,0.8666666666666667,30,30,0,0,23,7,23,True,False,False,False,False,False,0.7666666666666667,401,401,0,111,112,178,223,True,True,True,True,True,True,0.5561097256857855
6030f0fd,2,engagement,900,15.0,6030f0fd__day1____2023.12.05T15.32.40p03.00,gpn_data__6030f0fd__day1____2023.12.05T15.32.40p03.00,2023-12-05T12:32:40.069154978+00:00,3497.9980199337006,True,900.0,False,2023-12-05T12:47:40.069154978+00:00,True,False,dcc45b71f072dc886443a4bd54a1a4c379610a41562dd957593fb2223c94354c,b5d6493737ff2aac5f11243833d5baa89bae6f46e60b98326deebc8cf963f6cc,90,90,0,1,74,15,75,True,True,True,False,False,False,0.8333333333333334,0,0,0,0,0,0,0,False,False,False,False,False,False,,401,401,0,111,112,178,223,True,True,True,True,True,True,0.5561097256857855
6030f0fd,2,excitement,300,5.0,6030f0fd__day1____2023.12.05T15.32.40p03.00,gpn_data__6030f0fd__day1____2023.12.05T15.32.40p03.00,2023-12-05T12:32:40.069154978+00:00,3497.9980199337006,True,300.0,True,2023-12-05T12:47:40.069154978+00:00,True,True,8b601cbf5cfe2b0e040c7bb3cc7df1c8155189325f9beb6a3890d3f344bec0da,b4681ca88381071995418959b05e7eaf9de5af99c9a1754c4157e1310a63a9d3,30,30,0,13,4,13,17,True,True,True,True,True,False,0.5666666666666667,60,60,0,19,21,20,40,True,True,True,True,True,True,0.6666666666666666,401,401,0,170,71,160,241,True,True,True,True,True,True,0.600997506234414
6030f0fd,2,excitement,600,10.0,6030f0fd__day1____2023.12.05T15.32.40p03.00,gpn_data__6030f0fd__day1____2023.12.05T15.32.40p03.00,2023-12-05T12:32:40.069154978+00:00,3497.9980199337006,True,600.0,True,2023-12-05T12:47:40.069154978+00:00,True,True,14dfc013663a1cc208e2d2b415d1f67788843a6a33a5275098a88ca99aacdbb1,b4681ca88381071995418959b05e7eaf9de5af99c9a1754c4157e1310a63a9d3,60,60,0,28,10,22,38,True,True,True,True,True,True,0.6333333333333333,30,30,0,4,15,11,19,True,True,True,True,True,False,0.6333333333333333,401,401,0,170,71,160,241,True,True,True,True,True,True,0.600997506234414
6030f0fd,2,excitement,900,15.0,6030f0fd__day1____2023.12.05T15.32.40p03.00,gpn_data__6030f0fd__day1____2023.12.05T15.32.40p03.00,2023-12-05T12:32:40.069154978+00:00,3497.9980199337006,True,900.0,True,2023-12-05T12:47:40.069154978+00:00,True,True,c0de7e403fa651cb2a95253643d61c065ddfdca4c598e0bbb847020eab3c88f3,b4681ca88381071995418959b05e7eaf9de5af99c9a1754c4157e1310a63a9d3,90,90,0,32,25,33,57,True,True,True,True,True,True,0.6333333333333333,0,0,0,0,0,0,0,False,False,False,False,False,False,,401,401,0,170,71,160,241,True,True,True,True,True,True,0.600997506234414
6030f0fd,2,stress,300,5.0,6030f0fd__day1____2023.12.05T15.32.40p03.00,gpn_data__6030f0fd__day1____2023.12.05T15.32.40p03.00,2023-12-05T12:32:40.069154978+00:00,3497.9980199337006,True,300.0,True,2023-12-05T12:47:40.069154978+00:00,True,True,00e26015a90e0e26328f018c2b43e5ab2023b9ac700d9de8b2dce155050b8d8b,14b605ff245712d665985726e6ac22e63d2582eaea70218353e34b34fa95fd34,30,30,0,7,13,10,20,True,True,True,True,True,True,0.6666666666666666,60,60,0,14,35,11,49,True,True,True,True,True,True,0.8166666666666667,401,401,0,177,56,168,233,True,True,True,True,True,True,0.5810473815461347
6030f0fd,2,stress,600,10.0,6030f0fd__day1____2023.12.05T15.32.40p03.00,gpn_data__6030f0fd__day1____2023.12.05T15.32.40p03.00,2023-12-05T12:32:40.069154978+00:00,3497.9980199337006,True,600.0,True,2023-12-05T12:47:40.069154978+00:00,True,True,b665b387b9ef179071ebc9cb00724d09477d2966f778271f186f87768a977fe1,14b605ff245712d665985726e6ac22e63d2582eaea70218353e34b34fa95fd34,60,60,0,15,25,20,40,True,True,True,True,True,True,0.6666666666666666,30,30,0,6,23,1,29,True,True,True,True,True,True,0.9666666666666667,401,401,0,177,56,168,233,True,True,True,True,True,True,0.5810473815461347
6030f0fd,2,stress,900,15.0,6030f0fd__day1____2023.12.05T15.32.40p03.00,gpn_data__6030f0fd__day1____2023.12.05T15.32.40p03.00,2023-12-05T12:32:40.069154978+00:00,3497.9980199337006,True,900.0,True,2023-12-05T12:47:40.069154978+00:00,True,True,8de511d42ba6a740d128b7d9704684c2ae1a1f9dc1e8dd886818c61d589351e8,14b605ff245712d665985726e6ac22e63d2582eaea70218353e34b34fa95fd34,90,90,0,21,48,21,69,True,True,True,True,True,True,0.7666666666666667,0,0,0,0,0,0,0,False,False,False,False,False,False,,401,401,0,177,56,168,233,True,True,True,True,True,True,0.5810473815461347
6030f0fd,2,relaxation,300,5.0,6030f0fd__day1____2023.12.05T15.32.40p03.00,gpn_data__6030f0fd__day1____2023.12.05T15.32.40p03.00,2023-12-05T12:32:40.069154978+00:00,3497.9980199337006,True,300.0,False,2023-12-05T12:47:40.069154978+00:00,True,False,058faeaef3fbb49a4da3ac5eae2f4725b0420fb229b6d09f3d25e9d190ea72a4,adb916107a374f4d8332d6fa2c749726dc0578697d2f0e81dab524b04771f7ee,30,30,0,0,5,25,5,True,False,False,False,False,False,0.16666666666666666,60,60,0,2,23,35,25,True,True,True,True,False,False,0.4166666666666667,401,401,0,97,102,202,199,True,True,True,True,True,True,0.49625935162094764
6030f0fd,2,relaxation,600,10.0,6030f0fd__day1____2023.12.05T15.32.40p03.00,gpn_data__6030f0fd__day1____2023.12.05T15.32.40p03.00,2023-12-05T12:32:40.069154978+00:00,3497.9980199337006,True,600.0,False,2023-12-05T12:47:40.069154978+00:00,True,False,e2df2019203fcd77d1f8332f11e7b0b0046fb7449bc7313d2187c93078d1c6cd,adb916107a374f4d8332d6fa2c749726dc0578697d2f0e81dab524b04771f7ee,60,60,0,1,10,49,11,True,True,True,False,False,False,0.18333333333333332,30,30,0,1,18,11,19,True,True,True,False,False,False,0.6333333333333333,401,401,0,97,102,202,199,True,True,True,True,True,True,0.49625935162094764
6030f0fd,2,relaxation,900,15.0,6030f0fd__day1____2023.12.05T15.32.40p03.00,gpn_data__6030f0fd__day1____2023.12.05T15.32.40p03.00,2023-12-05T12:32:40.069154978+00:00,3497.9980199337006,True,900.0,True,2023-12-05T12:47:40.069154978+00:00,True,True,27197b32ee3185a728e4192afe48ca88eee093ea2b0a529ddf6d10a20659fca0,adb916107a374f4d8332d6fa2c749726dc0578697d2f0e81dab524b04771f7ee,90,90,0,2,28,60,30,True,True,True,True,False,False,0.3333333333333333,0,0,0,0,0,0,0,False,False,False,False,False,False,,401,401,0,97,102,202,199,True,True,True,True,True,True,0.49625935162094764
6030f0fd,2,interest,300,5.0,6030f0fd__day1____2023.12.05T15.32.40p03.00,gpn_data__6030f0fd__day1____2023.12.05T15.32.40p03.00,2023-12-05T12:32:40.069154978+00:00,3497.9980199337006,True,300.0,True,2023-12-05T12:47:40.069154978+00:00,True,True,a424160f1bc3d11c68aa51ab052fd6509c2da8c3044d51347cf92d37b57a1988,e78b77d5b203096a10763227ff7d1ee649691e7cde71cbc9f2356cf6350a6bd5,30,30,0,8,14,8,22,True,True,True,True,True,True,0.7333333333333333,60,60,0,9,40,11,49,True,True,True,True,True,True,0.8166666666666667,401,401,0,114,85,202,199,True,True,True,True,True,True,0.49625935162094764
6030f0fd,2,interest,600,10.0,6030f0fd__day1____2023.12.05T15.32.40p03.00,gpn_data__6030f0fd__day1____2023.12.05T15.32.40p03.00,2023-12-05T12:32:40.069154978+00:00,3497.9980199337006,True,600.0,True,2023-12-05T12:47:40.069154978+00:00,True,True,a76d3cf4f658dee5aede87aa58e3a1252ac24829d36a29f1de6eca07e58e7e22,e78b77d5b203096a10763227ff7d1ee649691e7cde71cbc9f2356cf6350a6bd5,60,60,0,10,35,15,45,True,True,True,True,True,True,0.75,30,30,0,7,19,4,26,True,True,True,True,True,True,0.8666666666666667,401,401,0,114,85,202,199,True,True,True,True,True,True,0.49625935162094764
6030f0fd,2,interest,900,15.0,6030f0fd__day1____2023.12.05T15.32.40p03.00,gpn_data__6030f0fd__day1____2023.12.05T15.32.40p03.00,2023-12-05T12:32:40.069154978+00:00,3497.9980199337006,True,900.0,True,2023-12-05T12:47:40.069154978+00:00,True,True,838562cb1a0db69c42bfd5e0f63308b3ac325dd63ae7d95fc0f5da0e37194927,e78b77d5b203096a10763227ff7d1ee649691e7cde71cbc9f2356cf6350a6bd5,90,90,0,17,54,19,71,True,True,True,True,True,True,0.7888888888888889,0,0,0,0,0,0,0,False,False,False,False,False,False,,401,401,0,114,85,202,199,True,True,True,True,True,True,0.49625935162094764
6030f0fd,2,focus,300,5.0,6030f0fd__day1____2023.12.05T15.32.40p03.00,gpn_data__6030f0fd__day1____2023.12.05T15.32.40p03.00,2023-12-05T12:32:40.069154978+00:00,3497.9980199337006,True,300.0,True,2023-12-05T12:47:40.069154978+00:00,True,True,dab407a4405b3c8e52ab4c4a36059e86eb90307b97ef0660da55b27abd17364a,c959e494bb88f86cd1d13e2b765904dde71dfb86b175de03d835be2f96d8c738,30,30,0,15,3,12,18,True,True,True,True,True,False,0.6,60,60,0,18,24,18,42,True,True,True,True,True,True,0.7,401,401,0,179,46,176,225,True,True,True,True,True,True,0.5610972568578554
6030f0fd,2,focus,600,10.0,6030f0fd__day1____2023.12.05T15.32.40p03.00,gpn_data__6030f0fd__day1____2023.12.05T15.32.40p03.00,2023-12-05T12:32:40.069154978+00:00,3497.9980199337006,True,600.0,True,2023-12-05T12:47:40.069154978+00:00,True,True,699c62cbc158497c8b2011c6a14e6a067c341cf2b69b1c510dd2db612487e8f0,c959e494bb88f86cd1d13e2b765904dde71dfb86b175de03d835be2f96d8c738,60,60,0,28,9,23,37,True,True,True,True,True,True,0.6166666666666667,30,30,0,5,18,7,23,True,True,True,True,True,True,0.7666666666666667,401,401,0,179,46,176,225,True,True,True,True,True,True,0.5610972568578554
6030f0fd,2,focus,900,15.0,6030f0fd__day1____2023.12.05T15.32.40p03.00,gpn_data__6030f0fd__day1____2023.12.05T15.32.40p03.00,2023-12-05T12:32:40.069154978+00:00,3497.9980199337006,True,900.0,True,2023-12-05T12:47:40.069154978+00:00,True,True,0285ed863bde35dbbdef62e7bfbbcb6c6396fcdba6b19b0fb6561d59ead2e005,c959e494bb88f86cd1d13e2b765904dde71dfb86b175de03d835be2f96d8c738,90,90,0,33,27,30,60,True,True,True,True,True,True,0.6666666666666666,0,0,0,0,0,0,0,False,False,False,False,False,False,,401,401,0,179,46,176,225,True,True,True,True,True,True,0.5610972568578554
7072a0e0,2,attention,300,5.0,7072a0e0__day1____2023.12.11T13.28.50p03.00,gpn_data__7072a0e0__day1____2023.12.11T13.28.50p03.00,2023-12-11T10:28:50.545511961+00:00,5453.870923995972,True,300.0,False,2023-12-11T10:43:50.545511961+00:00,True,False,21a3da2b0405fdbc053f7e29ab3bbe04c2c82478af7dbf73e00e98ea78a08532,ae426f54d1fd047e97fb8a3bc125ce8158901b963279dfa888c47cbc33cf1bcd,30,30,0,0,9,21,9,True,False,False,False,False,False,0.3,60,60,0,12,1,47,13,True,True,True,False,False,False,0.21666666666666667,717,717,0,285,189,243,474,True,True,True,True,True,True,0.6610878661087866
7072a0e0,2,attention,600,10.0,7072a0e0__day1____2023.12.11T13.28.50p03.00,gpn_data__7072a0e0__day1____2023.12.11T13.28.50p03.00,2023-12-11T10:28:50.545511961+00:00,5453.870923995972,True,600.0,True,2023-12-11T10:43:50.545511961+00:00,True,True,faa9261ff81927b46d3e3254442493e7e1e066bd471f39950c4043ba49b9d29d,ae426f54d1fd047e97fb8a3bc125ce8158901b963279dfa888c47cbc33cf1bcd,60,60,0,8,9,43,17,True,True,True,True,True,True,0.2833333333333333,30,30,0,4,1,25,5,True,True,True,False,False,False,0.16666666666666666,717,717,0,285,189,243,474,True,True,True,True,True,True,0.6610878661087866
7072a0e0,2,attention,900,15.0,7072a0e0__day1____2023.12.11T13.28.50p03.00,gpn_data__7072a0e0__day1____2023.12.11T13.28.50p03.00,2023-12-11T10:28:50.545511961+00:00,5453.870923995972,True,900.0,True,2023-12-11T10:43:50.545511961+00:00,True,True,e3aceb0e7baba10b0ac1a3a04f8cfee6f8585bdc2170c766ecf03d0fb162f141,ae426f54d1fd047e97fb8a3bc125ce8158901b963279dfa888c47cbc33cf1bcd,90,90,0,12,10,68,22,True,True,True,True,True,True,0.24444444444444444,0,0,0,0,0,0,0,False,False,False,False,False,False,,717,717,0,285,189,243,474,True,True,True,True,True,True,0.6610878661087866
7072a0e0,2,engagement,300,5.0,7072a0e0__day1____2023.12.11T13.28.50p03.00,gpn_data__7072a0e0__day1____2023.12.11T13.28.50p03.00,2023-12-11T10:28:50.545511961+00:00,5453.870923995972,True,300.0,True,2023-12-11T10:43:50.545511961+00:00,True,True,b454437106cfd1f348e83a7d3fb15636568e723f6f72634d3298d218b54685ec,d4424ac3b0ada85ed6c4a5f62d2012600c86b1a773c89f9381203b6b9e991442,30,30,0,2,23,5,25,True,True,True,True,False,False,0.8333333333333334,60,60,0,3,20,37,23,True,True,True,True,True,False,0.38333333333333336,717,717,0,218,225,274,443,True,True,True,True,True,True,0.6178521617852162
7072a0e0,2,engagement,600,10.0,7072a0e0__day1____2023.12.11T13.28.50p03.00,gpn_data__7072a0e0__day1____2023.12.11T13.28.50p03.00,2023-12-11T10:28:50.545511961+00:00,5453.870923995972,True,600.0,True,2023-12-11T10:43:50.545511961+00:00,True,True,eb6dacfea0ce47a56f2a8fa6b2c8df47859df6a91975e989b21f054a6b1f11fa,d4424ac3b0ada85ed6c4a5f62d2012600c86b1a773c89f9381203b6b9e991442,60,60,0,3,36,21,39,True,True,True,True,True,False,0.65,30,30,0,2,7,21,9,True,True,True,True,False,False,0.3,717,717,0,218,225,274,443,True,True,True,True,True,True,0.6178521617852162
7072a0e0,2,engagement,900,15.0,7072a0e0__day1____2023.12.11T13.28.50p03.00,gpn_data__7072a0e0__day1____2023.12.11T13.28.50p03.00,2023-12-11T10:28:50.545511961+00:00,5453.870923995972,True,900.0,True,2023-12-11T10:43:50.545511961+00:00,True,True,759db00a27bbd41b0ad75818391322beebfbc3337e0c508fee6e2a69e836265d,d4424ac3b0ada85ed6c4a5f62d2012600c86b1a773c89f9381203b6b9e991442,90,90,0,5,43,42,48,True,True,True,True,True,True,0.5333333333333333,0,0,0,0,0,0,0,False,False,False,False,False,False,,717,717,0,218,225,274,443,True,True,True,True,True,True,0.6178521617852162
7072a0e0,2,excitement,300,5.0,7072a0e0__day1____2023.12.11T13.28.50p03.00,gpn_data__7072a0e0__day1____2023.12.11T13.28.50p03.00,2023-12-11T10:28:50.545511961+00:00,5453.870923995972,True,300.0,True,2023-12-11T10:43:50.545511961+00:00,True,True,467da2de9506da3140e6998181199db53f8e149937709b29b4f2cccaf08884fc,2c98355ec5a63562d3e5f661ca06141358cfdff4c99bec26147409e244d4994c,30,30,0,11,5,14,16,True,True,True,True,True,True,0.5333333333333333,60,60,0,7,5,48,12,True,True,True,True,True,True,0.2,717,717,0,82,340,295,422,True,True,True,True,True,True,0.5885634588563459
7072a0e0,2,excitement,600,10.0,7072a0e0__day1____2023.12.11T13.28.50p03.00,gpn_data__7072a0e0__day1____2023.12.11T13.28.50p03.00,2023-12-11T10:28:50.545511961+00:00,5453.870923995972,True,600.0,True,2023-12-11T10:43:50.545511961+00:00,True,True,11574f83462997245a5061bfb11123e2e146c1a63144808c5504d50a11d9e8ff,2c98355ec5a63562d3e5f661ca06141358cfdff4c99bec26147409e244d4994c,60,60,0,16,8,36,24,True,True,True,True,True,True,0.4,30,30,0,2,2,26,4,True,True,True,True,False,False,0.13333333333333333,717,717,0,82,340,295,422,True,True,True,True,True,True,0.5885634588563459
7072a0e0,2,excitement,900,15.0,7072a0e0__day1____2023.12.11T13.28.50p03.00,gpn_data__7072a0e0__day1____2023.12.11T13.28.50p03.00,2023-12-11T10:28:50.545511961+00:00,5453.870923995972,True,900.0,True,2023-12-11T10:43:50.545511961+00:00,True,True,71789f3e23f831fe6c2d938dd95903b1b2af866379f8d5bd0a1119990ccb0254,2c98355ec5a63562d3e5f661ca06141358cfdff4c99bec26147409e244d4994c,90,90,0,18,10,62,28,True,True,True,True,True,True,0.3111111111111111,0,0,0,0,0,0,0,False,False,False,False,False,False,,717,717,0,82,340,295,422,True,True,True,True,True,True,0.5885634588563459
7072a0e0,2,stress,300,5.0,7072a0e0__day1____2023.12.11T13.28.50p03.00,gpn_data__7072a0e0__day1____2023.12.11T13.28.50p03.00,2023-12-11T10:28:50.545511961+00:00,5453.870923995972,True,300.0,True,2023-12-11T10:43:50.545511961+00:00,True,True,15f7622b758f0487d61ccfa546239105ae570343aa7a1b6a608c4dc1f4807e28,36481cb274754a640e43141a3621fb699e670b486004cf7dd4d6de7dcdfb780d,30,30,0,27,2,1,29,True,True,True,True,False,False,0.9666666666666667,60,60,0,17,2,41,19,True,True,True,True,False,False,0.31666666666666665,717,717,0,86,378,253,464,True,True,True,True,True,True,0.6471408647140865
7072a0e0,2,stress,600,10.0,7072a0e0__day1____2023.12.11T13.28.50p03.00,gpn_data__7072a0e0__day1____2023.12.11T13.28.50p03.00,2023-12-11T10:28:50.545511961+00:00,5453.870923995972,True,600.0,True,2023-12-11T10:43:50.545511961+00:00,True,True,da75fe5e4227fefc6e4e1b5e77b3216f5e9834674a56724a46efa4fa45a100d8,36481cb274754a640e43141a3621fb699e670b486004cf7dd4d6de7dcdfb780d,60,60,0,44,4,12,48,True,True,True,True,True,False,0.8,30,30,0,0,0,30,0,False,False,False,False,False,False,0.0,717,717,0,86,378,253,464,True,True,True,True,True,True,0.6471408647140865
7072a0e0,2,stress,900,15.0,7072a0e0__day1____2023.12.11T13.28.50p03.00,gpn_data__7072a0e0__day1____2023.12.11T13.28.50p03.00,2023-12-11T10:28:50.545511961+00:00,5453.870923995972,True,900.0,True,2023-12-11T10:43:50.545511961+00:00,True,True,da75fe5e4227fefc6e4e1b5e77b3216f5e9834674a56724a46efa4fa45a100d8,36481cb274754a640e43141a3621fb699e670b486004cf7dd4d6de7dcdfb780d,90,90,0,44,4,42,48,True,True,True,True,True,False,0.5333333333333333,0,0,0,0,0,0,0,False,False,False,False,False,False,,717,717,0,86,378,253,464,True,True,True,True,True,True,0.6471408647140865
7072a0e0,2,relaxation,300,5.0,7072a0e0__day1____2023.12.11T13.28.50p03.00,gpn_data__7072a0e0__day1____2023.12.11T13.28.50p03.00,2023-12-11T10:28:50.545511961+00:00,5453.870923995972,True,300.0,False,2023-12-11T10:43:50.545511961+00:00,True,False,e835844475dcb7a9d6687365d7d5c23a66ba47221794f0fad2538ca394c1e018,29e86a385d27c9a80eb1ffc066cdef115b246b6a9c4f43e39811fde9440551be,30,30,0,0,1,29,1,True,False,False,False,False,False,0.03333333333333333,60,60,0,0,7,53,7,True,False,False,False,False,False,0.11666666666666667,717,717,0,138,187,392,325,True,True,True,True,True,True,0.45327754532775455
7072a0e0,2,relaxation,600,10.0,7072a0e0__day1____2023.12.11T13.28.50p03.00,gpn_data__7072a0e0__day1____2023.12.11T13.28.50p03.00,2023-12-11T10:28:50.545511961+00:00,5453.870923995972,True,600.0,False,2023-12-11T10:43:50.545511961+00:00,True,False,db597158e44b910017369bfa0fa3ad13dcf95cb8971fcf2b29825a20dc0ba992,29e86a385d27c9a80eb1ffc066cdef115b246b6a9c4f43e39811fde9440551be,60,60,0,0,2,58,2,True,False,False,False,False,False,0.03333333333333333,30,30,0,0,6,24,6,True,False,False,False,False,False,0.2,717,717,0,138,187,392,325,True,True,True,True,True,True,0.45327754532775455
7072a0e0,2,relaxation,900,15.0,7072a0e0__day1____2023.12.11T13.28.50p03.00,gpn_data__7072a0e0__day1____2023.12.11T13.28.50p03.00,2023-12-11T10:28:50.545511961+00:00,5453.870923995972,True,900.0,False,2023-12-11T10:43:50.545511961+00:00,True,False,a2638e7b73851710b17693113065aa46193789fb39094e177dfb6594503eb529,29e86a385d27c9a80eb1ffc066cdef115b246b6a9c4f43e39811fde9440551be,90,90,0,0,8,82,8,True,False,False,False,False,False,0.08888888888888889,0,0,0,0,0,0,0,False,False,False,False,False,False,,717,717,0,138,187,392,325,True,True,True,True,True,True,0.45327754532775455
7072a0e0,2,interest,300,5.0,7072a0e0__day1____2023.12.11T13.28.50p03.00,gpn_data__7072a0e0__day1____2023.12.11T13.28.50p03.00,2023-12-11T10:28:50.545511961+00:00,5453.870923995972,True,300.0,True,2023-12-11T10:43:50.545511961+00:00,True,True,9ee044dc1f945362e57b3d5cdcf40c3f9c75247bed845327c13ba5a5467195b3,a67d9119c3733ca4996c6c8a88b1f260e51018605c6658764249ad2348b917c3,30,30,0,16,2,12,18,True,True,True,True,False,False,0.6,60,60,0,4,4,52,8,True,True,True,True,True,False,0.13333333333333333,717,717,0,103,306,308,409,True,True,True,True,True,True,0.5704323570432357
7072a0e0,2,interest,600,10.0,7072a0e0__day1____2023.12.11T13.28.50p03.00,gpn_data__7072a0e0__day1____2023.12.11T13.28.50p03.00,2023-12-11T10:28:50.545511961+00:00,5453.870923995972,True,600.0,True,2023-12-11T10:43:50.545511961+00:00,True,True,4c4e8bdb15d2ccdae8fdf2146eb5362e80566f38c91e147d2d00c86d71f06ad5,a67d9119c3733ca4996c6c8a88b1f260e51018605c6658764249ad2348b917c3,60,60,0,17,3,40,20,True,True,True,True,True,False,0.3333333333333333,30,30,0,3,3,24,6,True,True,True,True,True,False,0.2,717,717,0,103,306,308,409,True,True,True,True,True,True,0.5704323570432357
7072a0e0,2,interest,900,15.0,7072a0e0__day1____2023.12.11T13.28.50p03.00,gpn_data__7072a0e0__day1____2023.12.11T13.28.50p03.00,2023-12-11T10:28:50.545511961+00:00,5453.870923995972,True,900.0,True,2023-12-11T10:43:50.545511961+00:00,True,True,74370a60a6759889c83847df7b3d3ed78345585a348ee0c468ed7647375d2cc4,a67d9119c3733ca4996c6c8a88b1f260e51018605c6658764249ad2348b917c3,90,90,0,20,6,64,26,True,True,True,True,True,True,0.28888888888888886,0,0,0,0,0,0,0,False,False,False,False,False,False,,717,717,0,103,306,308,409,True,True,True,True,True,True,0.5704323570432357
7072a0e0,2,focus,300,5.0,7072a0e0__day1____2023.12.11T13.28.50p03.00,gpn_data__7072a0e0__day1____2023.12.11T13.28.50p03.00,2023-12-11T10:28:50.545511961+00:00,5453.870923995972,True,300.0,True,2023-12-11T10:43:50.545511961+00:00,True,True,5152316534215b31e23651d0f7f04355bd9d7a92fca75465fe0f276179aafe07,7678741e9cc35c65cafe171d977d84234cfec069f2b6dc5e85b622b805763649,30,30,0,19,4,7,23,True,True,True,True,True,False,0.7666666666666667,60,60,0,27,4,29,31,True,True,True,True,True,False,0.5166666666666667,717,717,0,68,355,294,423,True,True,True,True,True,True,0.5899581589958159
7072a0e0,2,focus,600,10.0,7072a0e0__day1____2023.12.11T13.28.50p03.00,gpn_data__7072a0e0__day1____2023.12.11T13.28.50p03.00,2023-12-11T10:28:50.545511961+00:00,5453.870923995972,True,600.0,True,2023-12-11T10:43:50.545511961+00:00,True,True,74fc0b094de6e11824ec33c0b138a582dbba328b604ab61ad0b79dfb0e3c8d50,7678741e9cc35c65cafe171d977d84234cfec069f2b6dc5e85b622b805763649,60,60,0,38,8,14,46,True,True,True,True,True,True,0.7666666666666667,30,30,0,8,0,22,8,True,False,False,False,False,False,0.26666666666666666,717,717,0,68,355,294,423,True,True,True,True,True,True,0.5899581589958159
7072a0e0,2,focus,900,15.0,7072a0e0__day1____2023.12.11T13.28.50p03.00,gpn_data__7072a0e0__day1____2023.12.11T13.28.50p03.00,2023-12-11T10:28:50.545511961+00:00,5453.870923995972,True,900.0,True,2023-12-11T10:43:50.545511961+00:00,True,True,905ef45e986da47f8a154d931d8c74317d3324b200128008accf6231142a8860,7678741e9cc35c65cafe171d977d84234cfec069f2b6dc5e85b622b805763649,90,90,0,46,8,36,54,True,True,True,True,True,True,0.6,0,0,0,0,0,0,0,False,False,False,False,False,False,,717,717,0,68,355,294,423,True,True,True,True,True,True,0.5899581589958159
7092f07b,4,attention,300,5.0,7092f07b__day1____2024.01.15T09.47.46p03.00,Old_EEG__7092f07b__day1____2024.01.15T09.47.46p03.00,2024-01-15T06:47:46.310726881+00:00,4716.765586137772,True,300.0,False,2024-01-15T07:02:46.310726881+00:00,True,False,86c0e75d0eeea19ef91e5876cb7050f97e31fc376a945031716c0b9393ca1458,2f5c753e6cdc5e9c833ebe4c0b9083f689de2b4a5940acfab5817513c7e7bc0c,30,30,0,17,0,13,17,True,False,False,False,False,False,0.5666666666666667,60,60,0,52,0,8,52,True,False,False,False,False,False,0.8666666666666667,380,380,0,90,218,72,308,True,True,True,True,True,True,0.8105263157894737
7092f07b,4,attention,600,10.0,7092f07b__day1____2024.01.15T09.47.46p03.00,Old_EEG__7092f07b__day1____2024.01.15T09.47.46p03.00,2024-01-15T06:47:46.310726881+00:00,4716.765586137772,True,600.0,False,2024-01-15T07:02:46.310726881+00:00,True,False,e623138b29b9a122415dab71fbb98e8897e8005d6ec4bea6fd8b7047e455dd39,2f5c753e6cdc5e9c833ebe4c0b9083f689de2b4a5940acfab5817513c7e7bc0c,60,60,0,47,0,13,47,True,False,False,False,False,False,0.7833333333333333,30,30,0,22,0,8,22,True,False,False,False,False,False,0.7333333333333333,380,380,0,90,218,72,308,True,True,True,True,True,True,0.8105263157894737
7092f07b,4,attention,900,15.0,7092f07b__day1____2024.01.15T09.47.46p03.00,Old_EEG__7092f07b__day1____2024.01.15T09.47.46p03.00,2024-01-15T06:47:46.310726881+00:00,4716.765586137772,True,900.0,False,2024-01-15T07:02:46.310726881+00:00,True,False,63d7226f44727a8ab2b529c8287264d4715400e585cc0fd236fe14644fa7e160,2f5c753e6cdc5e9c833ebe4c0b9083f689de2b4a5940acfab5817513c7e7bc0c,90,90,0,69,0,21,69,True,False,False,False,False,False,0.7666666666666667,0,0,0,0,0,0,0,False,False,False,False,False,False,,380,380,0,90,218,72,308,True,True,True,True,True,True,0.8105263157894737
7092f07b,4,engagement,300,5.0,7092f07b__day1____2024.01.15T09.47.46p03.00,Old_EEG__7092f07b__day1____2024.01.15T09.47.46p03.00,2024-01-15T06:47:46.310726881+00:00,4716.765586137772,True,300.0,False,2024-01-15T07:02:46.310726881+00:00,True,False,2a79a2019468c2d9461dc1859356986991bf09d4512fa8e399eb79f04fe665f4,4c745c57ef7553257e58decb43a070f49b5ed033ceb942917ca8340df30093b9,30,30,0,1,28,1,29,True,True,True,False,False,False,0.9666666666666667,60,60,0,9,11,40,20,True,True,True,True,True,True,0.3333333333333333,380,380,0,184,68,128,252,True,True,True,True,True,True,0.6631578947368421
7092f07b,4,engagement,600,10.0,7092f07b__day1____2024.01.15T09.47.46p03.00,Old_EEG__7092f07b__day1____2024.01.15T09.47.46p03.00,2024-01-15T06:47:46.310726881+00:00,4716.765586137772,True,600.0,True,2024-01-15T07:02:46.310726881+00:00,True,True,9ecff03caded21ed6277d0413218f7543600618a74b4da3696ca7797f78603d1,4c745c57ef7553257e58decb43a070f49b5ed033ceb942917ca8340df30093b9,60,60,0,4,37,19,41,True,True,True,True,True,False,0.6833333333333333,30,30,0,6,2,22,8,True,True,True,True,False,False,0.26666666666666666,380,380,0,184,68,128,252,True,True,True,True,True,True,0.6631578947368421
7092f07b,4,engagement,900,15.0,7092f07b__day1____2024.01.15T09.47.46p03.00,Old_EEG__7092f07b__day1____2024.01.15T09.47.46p03.00,2024-01-15T06:47:46.310726881+00:00,4716.765586137772,True,900.0,True,2024-01-15T07:02:46.310726881+00:00,True,True,5025d09970873daa256186532cfb89c4c056b6fac3a8465ee38057983ad7ca80,4c745c57ef7553257e58decb43a070f49b5ed033ceb942917ca8340df30093b9,90,90,0,10,39,41,49,True,True,True,True,True,True,0.5444444444444444,0,0,0,0,0,0,0,False,False,False,False,False,False,,380,380,0,184,68,128,252,True,True,True,True,True,True,0.6631578947368421
7092f07b,4,excitement,300,5.0,7092f07b__day1____2024.01.15T09.47.46p03.00,Old_EEG__7092f07b__day1____2024.01.15T09.47.46p03.00,2024-01-15T06:47:46.310726881+00:00,4716.765586137772,True,300.0,True,2024-01-15T07:02:46.310726881+00:00,True,True,42679ebc8228799df06eb5653d2fa761e0e77bd9801c1d86322c7a56a7418920,1a9d1876dbc9320536fee161ceb52f0779a62cfce2c649aafc35b32d025d15af,30,30,0,15,14,1,29,True,True,True,True,True,True,0.9666666666666667,60,60,0,33,6,21,39,True,True,True,True,True,True,0.65,380,380,0,139,73,168,212,True,True,True,True,True,True,0.5578947368421052
7092f07b,4,excitement,600,10.0,7092f07b__day1____2024.01.15T09.47.46p03.00,Old_EEG__7092f07b__day1____2024.01.15T09.47.46p03.00,2024-01-15T06:47:46.310726881+00:00,4716.765586137772,True,600.0,True,2024-01-15T07:02:46.310726881+00:00,True,True,601936359e158942bfb6dd53852e97e3f0e9995f0ceae28cf0bb95217b89d0df,1a9d1876dbc9320536fee161ceb52f0779a62cfce2c649aafc35b32d025d15af,60,60,0,29,19,12,48,True,True,True,True,True,True,0.8,30,30,0,19,1,10,20,True,True,True,False,False,False,0.6666666666666666,380,380,0,139,73,168,212,True,True,True,True,True,True,0.5578947368421052
7092f07b,4,excitement,900,15.0,7092f07b__day1____2024.01.15T09.47.46p03.00,Old_EEG__7092f07b__day1____2024.01.15T09.47.46p03.00,2024-01-15T06:47:46.310726881+00:00,4716.765586137772,True,900.0,True,2024-01-15T07:02:46.310726881+00:00,True,True,4a7483d5c69e9750a028b1cac40ca11237608369f4145bea1115414b90760472,1a9d1876dbc9320536fee161ceb52f0779a62cfce2c649aafc35b32d025d15af,90,90,0,48,20,22,68,True,True,True,True,True,True,0.7555555555555555,0,0,0,0,0,0,0,False,False,False,False,False,False,,380,380,0,139,73,168,212,True,True,True,True,True,True,0.5578947368421052
7092f07b,4,stress,300,5.0,7092f07b__day1____2024.01.15T09.47.46p03.00,Old_EEG__7092f07b__day1____2024.01.15T09.47.46p03.00,2024-01-15T06:47:46.310726881+00:00,4716.765586137772,True,300.0,True,2024-01-15T07:02:46.310726881+00:00,True,True,02249665e37f57820bce3b239d1bf4d0a727af0867f669b10fac8360a92c5d7b,ef9462069abcba9b9524b9e3c3a17bbdd6417042323dc50d713beb0588c280b9,30,30,0,19,9,2,28,True,True,True,True,True,True,0.9333333333333333,60,60,0,40,8,12,48,True,True,True,True,True,True,0.8,380,380,0,145,152,83,297,True,True,True,True,True,True,0.781578947368421
7092f07b,4,stress,600,10.0,7092f07b__day1____2024.01.15T09.47.46p03.00,Old_EEG__7092f07b__day1____2024.01.15T09.47.46p03.00,2024-01-15T06:47:46.310726881+00:00,4716.765586137772,True,600.0,True,2024-01-15T07:02:46.310726881+00:00,True,True,6af47ae8978b1da2a5ff1627c4f2109d40328e3b4e6b8981fc88c28a049c20dc,ef9462069abcba9b9524b9e3c3a17bbdd6417042323dc50d713beb0588c280b9,60,60,0,42,13,5,55,True,True,True,True,True,True,0.9166666666666666,30,30,0,17,4,9,21,True,True,True,True,True,False,0.7,380,380,0,145,152,83,297,True,True,True,True,True,True,0.781578947368421
7092f07b,4,stress,900,15.0,7092f07b__day1____2024.01.15T09.47.46p03.00,Old_EEG__7092f07b__day1____2024.01.15T09.47.46p03.00,2024-01-15T06:47:46.310726881+00:00,4716.765586137772,True,900.0,True,2024-01-15T07:02:46.310726881+00:00,True,True,e8884cfa50a55da0e75fc7160cb08dab0fc6a55a2f6f6f8834610943ceae708c,ef9462069abcba9b9524b9e3c3a17bbdd6417042323dc50d713beb0588c280b9,90,90,0,59,17,14,76,True,True,True,True,True,True,0.8444444444444444,0,0,0,0,0,0,0,False,False,False,False,False,False,,380,380,0,145,152,83,297,True,True,True,True,True,True,0.781578947368421
7092f07b,4,relaxation,300,5.0,7092f07b__day1____2024.01.15T09.47.46p03.00,Old_EEG__7092f07b__day1____2024.01.15T09.47.46p03.00,2024-01-15T06:47:46.310726881+00:00,4716.765586137772,True,300.0,False,2024-01-15T07:02:46.310726881+00:00,True,False,f9b491abf000143bc60dfe12ee4cf77f8f662125529fc32cc8ffb93ff5bb3d9b,f5e7f5fdaaddeccb8f884e603bc399789358c7f0ca7c5b587990dfc278f4a48f,30,30,0,0,4,26,4,True,False,False,False,False,False,0.13333333333333333,60,60,0,2,16,42,18,True,True,True,True,False,False,0.3,380,380,0,110,146,124,256,True,True,True,True,True,True,0.6736842105263158
7092f07b,4,relaxation,600,10.0,7092f07b__day1____2024.01.15T09.47.46p03.00,Old_EEG__7092f07b__day1____2024.01.15T09.47.46p03.00,2024-01-15T06:47:46.310726881+00:00,4716.765586137772,True,600.0,False,2024-01-15T07:02:46.310726881+00:00,True,False,429832cb45e954a9007db5124e095ed9bc90152225f287eec779285410fa4f4c,f5e7f5fdaaddeccb8f884e603bc399789358c7f0ca7c5b587990dfc278f4a48f,60,60,0,1,12,47,13,True,True,True,False,False,False,0.21666666666666667,30,30,0,1,8,21,9,True,True,True,False,False,False,0.3,380,380,0,110,146,124,256,True,True,True,True,True,True,0.6736842105263158
7092f07b,4,relaxation,900,15.0,7092f07b__day1____2024.01.15T09.47.46p03.00,Old_EEG__7092f07b__day1____2024.01.15T09.47.46p03.00,2024-01-15T06:47:46.310726881+00:00,4716.765586137772,True,900.0,True,2024-01-15T07:02:46.310726881+00:00,True,True,973d7636a149e052403d7b3ac01fe3667d482f680b0ee3c100a4d16f267d27ba,f5e7f5fdaaddeccb8f884e603bc399789358c7f0ca7c5b587990dfc278f4a48f,90,90,0,2,20,68,22,True,True,True,True,False,False,0.24444444444444444,0,0,0,0,0,0,0,False,False,False,False,False,False,,380,380,0,110,146,124,256,True,True,True,True,True,True,0.6736842105263158
7092f07b,4,interest,300,5.0,7092f07b__day1____2024.01.15T09.47.46p03.00,Old_EEG__7092f07b__day1____2024.01.15T09.47.46p03.00,2024-01-15T06:47:46.310726881+00:00,4716.765586137772,True,300.0,True,2024-01-15T07:02:46.310726881+00:00,True,True,77080747d86adb5ec8d6b541d51c458ed37eb75b60dd7e153f5da1046431a686,94ad5a74d07c1a8e7a5e3858131d5c55e45b914bd521b698ff8eeb9c62ee3be9,30,30,0,13,9,8,22,True,True,True,True,True,True,0.7333333333333333,60,60,0,7,36,17,43,True,True,True,True,True,True,0.7166666666666667,380,380,0,119,230,31,349,True,True,True,True,True,True,0.9184210526315789
7092f07b,4,interest,600,10.0,7092f07b__day1____2024.01.15T09.47.46p03.00,Old_EEG__7092f07b__day1____2024.01.15T09.47.46p03.00,2024-01-15T06:47:46.310726881+00:00,4716.765586137772,True,600.0,True,2024-01-15T07:02:46.310726881+00:00,True,True,1be21e837e0d7e599b189af554d807a5abfbdaa2a74a3eed056e7689aa0c76b3,94ad5a74d07c1a8e7a5e3858131d5c55e45b914bd521b698ff8eeb9c62ee3be9,60,60,0,17,22,21,39,True,True,True,True,True,True,0.65,30,30,0,3,23,4,26,True,True,True,True,True,False,0.8666666666666667,380,380,0,119,230,31,349,True,True,True,True,True,True,0.9184210526315789
7092f07b,4,interest,900,15.0,7092f07b__day1____2024.01.15T09.47.46p03.00,Old_EEG__7092f07b__day1____2024.01.15T09.47.46p03.00,2024-01-15T06:47:46.310726881+00:00,4716.765586137772,True,900.0,True,2024-01-15T07:02:46.310726881+00:00,True,True,b285a9e0aa07930d74ab5709cb2c04f20a10f3fbe013819ff66a1e951b92a6dd,94ad5a74d07c1a8e7a5e3858131d5c55e45b914bd521b698ff8eeb9c62ee3be9,90,90,0,20,45,25,65,True,True,True,True,True,True,0.7222222222222222,0,0,0,0,0,0,0,False,False,False,False,False,False,,380,380,0,119,230,31,349,True,True,True,True,True,True,0.9184210526315789
7092f07b,4,focus,300,5.0,7092f07b__day1____2024.01.15T09.47.46p03.00,Old_EEG__7092f07b__day1____2024.01.15T09.47.46p03.00,2024-01-15T06:47:46.310726881+00:00,4716.765586137772,True,300.0,True,2024-01-15T07:02:46.310726881+00:00,True,True,1db2a69ecd6b180c44511928955ab5e9790a538f1b6f34c8ae6c3845ca2d86a8,4d6509853fa034e205fe6b089de5720461092851f4a07977e1a3fdef1a7d1c47,30,30,0,12,14,4,26,True,True,True,True,True,True,0.8666666666666667,60,60,0,45,7,8,52,True,True,True,True,True,True,0.8666666666666667,380,380,0,160,67,153,227,True,True,True,True,True,True,0.5973684210526315
7092f07b,4,focus,600,10.0,7092f07b__day1____2024.01.15T09.47.46p03.00,Old_EEG__7092f07b__day1____2024.01.15T09.47.46p03.00,2024-01-15T06:47:46.310726881+00:00,4716.765586137772,True,600.0,True,2024-01-15T07:02:46.310726881+00:00,True,True,9068e19ee70abc6de32a8a958aa01107db414ff5c8decfca728a2d7b506e2a34,4d6509853fa034e205fe6b089de5720461092851f4a07977e1a3fdef1a7d1c47,60,60,0,31,21,8,52,True,True,True,True,True,True,0.8666666666666667,30,30,0,26,0,4,26,True,False,False,False,False,False,0.8666666666666667,380,380,0,160,67,153,227,True,True,True,True,True,True,0.5973684210526315
7092f07b,4,focus,900,15.0,7092f07b__day1____2024.01.15T09.47.46p03.00,Old_EEG__7092f07b__day1____2024.01.15T09.47.46p03.00,2024-01-15T06:47:46.310726881+00:00,4716.765586137772,True,900.0,True,2024-01-15T07:02:46.310726881+00:00,True,True,0ba0d33846bb5cffe2b513e3f26b8e3d063d763b9475683234354494ad860b67,4d6509853fa034e205fe6b089de5720461092851f4a07977e1a3fdef1a7d1c47,90,90,0,57,21,12,78,True,True,True,True,True,True,0.8666666666666667,0,0,0,0,0,0,0,False,False,False,False,False,False,,380,380,0,160,67,153,227,True,True,True,True,True,True,0.5973684210526315
7150e10a,1,attention,300,5.0,7150e10a__day1____2023.12.09T09.37.19p03.00,gpn_data__7150e10a__day1____2023.12.09T09.37.19p03.00,2023-12-09T06:37:19.271869898+00:00,6895.935406208038,True,300.0,True,2023-12-09T06:52:19.271869898+00:00,True,True,e7d112f9fe1c183e026b7980009ff436aafc71129e966039e8b0b5986862d41a,2b7fb52fd156f9fed6e8df77a451d65fc926b4f2180c2ab2490188c6f65fc84c,30,30,0,2,9,19,11,True,True,True,True,False,False,0.36666666666666664,60,60,0,28,12,20,40,True,True,True,True,True,True,0.6666666666666666,770,770,0,187,317,266,504,True,True,True,True,True,True,0.6545454545454545
7150e10a,1,attention,600,10.0,7150e10a__day1____2023.12.09T09.37.19p03.00,gpn_data__7150e10a__day1____2023.12.09T09.37.19p03.00,2023-12-09T06:37:19.271869898+00:00,6895.935406208038,True,600.0,True,2023-12-09T06:52:19.271869898+00:00,True,True,ad5acddceef7ab2092e0cc66b1e93dff3a4e83b235b4e18dc052fa7ac2a6ddf6,2b7fb52fd156f9fed6e8df77a451d65fc926b4f2180c2ab2490188c6f65fc84c,60,60,0,24,10,26,34,True,True,True,True,True,True,0.5666666666666667,30,30,0,6,11,13,17,True,True,True,True,True,True,0.5666666666666667,770,770,0,187,317,266,504,True,True,True,True,True,True,0.6545454545454545
7150e10a,1,attention,900,15.0,7150e10a__day1____2023.12.09T09.37.19p03.00,gpn_data__7150e10a__day1____2023.12.09T09.37.19p03.00,2023-12-09T06:37:19.271869898+00:00,6895.935406208038,True,900.0,True,2023-12-09T06:52:19.271869898+00:00,True,True,094dc32c2eeaa1c446748d730bc799e23d261eeb7f72de2ca7a521f8545d5860,2b7fb52fd156f9fed6e8df77a451d65fc926b4f2180c2ab2490188c6f65fc84c,90,90,0,30,21,39,51,True,True,True,True,True,True,0.5666666666666667,0,0,0,0,0,0,0,False,False,False,False,False,False,,770,770,0,187,317,266,504,True,True,True,True,True,True,0.6545454545454545
7150e10a,1,engagement,300,5.0,7150e10a__day1____2023.12.09T09.37.19p03.00,gpn_data__7150e10a__day1____2023.12.09T09.37.19p03.00,2023-12-09T06:37:19.271869898+00:00,6895.935406208038,True,300.0,False,2023-12-09T06:52:19.271869898+00:00,True,False,ebe68246db37b61c2be171e5399aaf0b08790eb3eaf5b7e9a3ef1eb8aa730a87,cd12e258ddbd62f12bcf5d02c43fbb1c6a019373bce2116ed92ff9fca1110d43,30,30,0,1,14,15,15,True,True,True,False,False,False,0.5,60,60,0,14,11,35,25,True,True,True,True,True,True,0.4166666666666667,770,770,0,354,139,277,493,True,True,True,True,True,True,0.6402597402597403
7150e10a,1,engagement,600,10.0,7150e10a__day1____2023.12.09T09.37.19p03.00,gpn_data__7150e10a__day1____2023.12.09T09.37.19p03.00,2023-12-09T06:37:19.271869898+00:00,6895.935406208038,True,600.0,True,2023-12-09T06:52:19.271869898+00:00,True,True,004847ee16bc0052f671892b76c216fe831340b6d947b3d6384789aae3d1a518,cd12e258ddbd62f12bcf5d02c43fbb1c6a019373bce2116ed92ff9fca1110d43,60,60,0,2,23,35,25,True,True,True,True,False,False,0.4166666666666667,30,30,0,13,2,15,15,True,True,True,True,False,False,0.5,770,770,0,354,139,277,493,True,True,True,True,True,True,0.6402597402597403
7150e10a,1,engagement,900,15.0,7150e10a__day1____2023.12.09T09.37.19p03.00,gpn_data__7150e10a__day1____2023.12.09T09.37.19p03.00,2023-12-09T06:37:19.271869898+00:00,6895.935406208038,True,900.0,True,2023-12-09T06:52:19.271869898+00:00,True,True,59feabefb7cee60e87b3a00f42d118988235e9086fc851ad47a9cf5481b0de90,cd12e258ddbd62f12bcf5d02c43fbb1c6a019373bce2116ed92ff9fca1110d43,90,90,0,15,25,50,40,True,True,True,True,True,True,0.4444444444444444,0,0,0,0,0,0,0,False,False,False,False,False,False,,770,770,0,354,139,277,493,True,True,True,True,True,True,0.6402597402597403
7150e10a,1,excitement,300,5.0,7150e10a__day1____2023.12.09T09.37.19p03.00,gpn_data__7150e10a__day1____2023.12.09T09.37.19p03.00,2023-12-09T06:37:19.271869898+00:00,6895.935406208038,True,300.0,False,2023-12-09T06:52:19.271869898+00:00,True,False,5210c4a88368fd4a36486c0b96a7a600b8d3d8b5c777fb5b03872c4b13c52f71,d728703b0271c6d56f20e4c6d1ff7383b890767272cff0131e328f33807b9deb,30,30,0,24,0,6,24,True,False,False,False,False,False,0.8,60,60,0,46,4,10,50,True,True,True,True,True,False,0.8333333333333334,770,770,0,373,98,299,471,True,True,True,True,True,True,0.6116883116883117
7150e10a,1,excitement,600,10.0,7150e10a__day1____2023.12.09T09.37.19p03.00,gpn_data__7150e10a__day1____2023.12.09T09.37.19p03.00,2023-12-09T06:37:19.271869898+00:00,6895.935406208038,True,600.0,True,2023-12-09T06:52:19.271869898+00:00,True,True,f2d94c28e00823ceed25a523c7b2919300b47f979ceb9435ac9ae6650d0046bb,d728703b0271c6d56f20e4c6d1ff7383b890767272cff0131e328f33807b9deb,60,60,0,43,4,13,47,True,True,True,True,True,False,0.7833333333333333,30,30,0,27,0,3,27,True,False,False,False,False,False,0.9,770,770,0,373,98,299,471,True,True,True,True,True,True,0.6116883116883117
7150e10a,1,excitement,900,15.0,7150e10a__day1____2023.12.09T09.37.19p03.00,gpn_data__7150e10a__day1____2023.12.09T09.37.19p03.00,2023-12-09T06:37:19.271869898+00:00,6895.935406208038,True,900.0,True,2023-12-09T06:52:19.271869898+00:00,True,True,287c263530ee0b55396fa5ef2ce96979def7f3d2700de8e9e7c163afe1bfcfd4,d728703b0271c6d56f20e4c6d1ff7383b890767272cff0131e328f33807b9deb,90,90,0,70,4,16,74,True,True,True,True,True,False,0.8222222222222222,0,0,0,0,0,0,0,False,False,False,False,False,False,,770,770,0,373,98,299,471,True,True,True,True,True,True,0.6116883116883117
7150e10a,1,stress,300,5.0,7150e10a__day1____2023.12.09T09.37.19p03.00,gpn_data__7150e10a__day1____2023.12.09T09.37.19p03.00,2023-12-09T06:37:19.271869898+00:00,6895.935406208038,True,300.0,False,2023-12-09T06:52:19.271869898+00:00,True,False,8715d20afa960f0fbecc5eef8d00083777c31d198014dff0db3b5adddb626ac2,84c57b55458cfdd3bc40f98921fa06174193a39a018e80876a931acedc3575b4,30,30,0,29,0,1,29,True,False,False,False,False,False,0.9666666666666667,60,60,0,50,5,5,55,True,True,True,True,True,True,0.9166666666666666,770,770,0,273,205,292,478,True,True,True,True,True,True,0.6207792207792208
7150e10a,1,stress,600,10.0,7150e10a__day1____2023.12.09T09.37.19p03.00,gpn_data__7150e10a__day1____2023.12.09T09.37.19p03.00,2023-12-09T06:37:19.271869898+00:00,6895.935406208038,True,600.0,True,2023-12-09T06:52:19.271869898+00:00,True,True,f2ec0768ebda2d8e3e2110686e4d0ebf8748c737a6853f3e02fbf504aea49815,84c57b55458cfdd3bc40f98921fa06174193a39a018e80876a931acedc3575b4,60,60,0,50,5,5,55,True,True,True,True,True,True,0.9166666666666666,30,30,0,29,0,1,29,True,False,False,False,False,False,0.9666666666666667,770,770,0,273,205,292,478,True,True,True,True,True,True,0.6207792207792208
7150e10a,1,stress,900,15.0,7150e10a__day1____2023.12.09T09.37.19p03.00,gpn_data__7150e10a__day1____2023.12.09T09.37.19p03.00,2023-12-09T06:37:19.271869898+00:00,6895.935406208038,True,900.0,True,2023-12-09T06:52:19.271869898+00:00,True,True,21839082d264056c727567dedd74026e7cb5859f159c6b5c8cfd2d92c3b8b261,84c57b55458cfdd3bc40f98921fa06174193a39a018e80876a931acedc3575b4,90,90,0,79,5,6,84,True,True,True,True,True,True,0.9333333333333333,0,0,0,0,0,0,0,False,False,False,False,False,False,,770,770,0,273,205,292,478,True,True,True,True,True,True,0.6207792207792208
7150e10a,1,relaxation,300,5.0,7150e10a__day1____2023.12.09T09.37.19p03.00,gpn_data__7150e10a__day1____2023.12.09T09.37.19p03.00,2023-12-09T06:37:19.271869898+00:00,6895.935406208038,True,300.0,False,2023-12-09T06:52:19.271869898+00:00,True,False,ab33cc2305d59dff22d8ad223c9d3b3510a80be7e58a8e58d842cfdf9a90a679,ce8070b075fa7ce588622743c4e1e36ec90bbe7a582d670fa5f1bf5b24047a82,30,30,0,17,0,13,17,True,False,False,False,False,False,0.5666666666666667,60,60,0,23,5,32,28,True,True,True,True,True,True,0.4666666666666667,770,770,0,249,189,332,438,True,True,True,True,True,True,0.5688311688311688
7150e10a,1,relaxation,600,10.0,7150e10a__day1____2023.12.09T09.37.19p03.00,gpn_data__7150e10a__day1____2023.12.09T09.37.19p03.00,2023-12-09T06:37:19.271869898+00:00,6895.935406208038,True,600.0,True,2023-12-09T06:52:19.271869898+00:00,True,True,ae3e8b50efced44016d6e12499a42b699d752789332e326d5bb62a4549e00179,ce8070b075fa7ce588622743c4e1e36ec90bbe7a582d670fa5f1bf5b24047a82,60,60,0,29,3,28,32,True,True,True,True,True,False,0.5333333333333333,30,30,0,11,2,17,13,True,True,True,True,False,False,0.43333333333333335,770,770,0,249,189,332,438,True,True,True,True,True,True,0.5688311688311688
7150e10a,1,relaxation,900,15.0,7150e10a__day1____2023.12.09T09.37.19p03.00,gpn_data__7150e10a__day1____2023.12.09T09.37.19p03.00,2023-12-09T06:37:19.271869898+00:00,6895.935406208038,True,900.0,True,2023-12-09T06:52:19.271869898+00:00,True,True,ae85dba07198c55275831254151326759762b8a4ce70d2a44a58b9ec14b0bb04,ce8070b075fa7ce588622743c4e1e36ec90bbe7a582d670fa5f1bf5b24047a82,90,90,0,40,5,45,45,True,True,True,True,True,True,0.5,0,0,0,0,0,0,0,False,False,False,False,False,False,,770,770,0,249,189,332,438,True,True,True,True,True,True,0.5688311688311688
7150e10a,1,interest,300,5.0,7150e10a__day1____2023.12.09T09.37.19p03.00,gpn_data__7150e10a__day1____2023.12.09T09.37.19p03.00,2023-12-09T06:37:19.271869898+00:00,6895.935406208038,True,300.0,False,2023-12-09T06:52:19.271869898+00:00,True,False,c72be2af6eec870dcd4400dbbcc0f161280c71916709ce5d7195517966f77307,1d94a13dbdd5698d312b97947d237a282f8cf82b46b0e2f3622d21df822b210c,30,30,0,30,0,0,30,True,False,False,False,False,False,1.0,60,60,0,31,0,29,31,True,False,False,False,False,False,0.5166666666666667,770,770,0,12,162,596,174,True,True,True,True,True,True,0.22597402597402597
7150e10a,1,interest,600,10.0,7150e10a__day1____2023.12.09T09.37.19p03.00,gpn_data__7150e10a__day1____2023.12.09T09.37.19p03.00,2023-12-09T06:37:19.271869898+00:00,6895.935406208038,True,600.0,False,2023-12-09T06:52:19.271869898+00:00,True,False,2da27a8ac0711d87472115b5256b6acb35dbcf803f60c9f09fc1a73d990e9c2a,1d94a13dbdd5698d312b97947d237a282f8cf82b46b0e2f3622d21df822b210c,60,60,0,54,0,6,54,True,False,False,False,False,False,0.9,30,30,0,7,0,23,7,True,False,False,False,False,False,0.23333333333333334,770,770,0,12,162,596,174,True,True,True,True,True,True,0.22597402597402597
7150e10a,1,interest,900,15.0,7150e10a__day1____2023.12.09T09.37.19p03.00,gpn_data__7150e10a__day1____2023.12.09T09.37.19p03.00,2023-12-09T06:37:19.271869898+00:00,6895.935406208038,True,900.0,False,2023-12-09T06:52:19.271869898+00:00,True,False,41e67cc8a6f5db27ea57ee600bd9bfbcb2ec4df0414e41a2dbe5d716cb5f7d7c,1d94a13dbdd5698d312b97947d237a282f8cf82b46b0e2f3622d21df822b210c,90,90,0,61,0,29,61,True,False,False,False,False,False,0.6777777777777778,0,0,0,0,0,0,0,False,False,False,False,False,False,,770,770,0,12,162,596,174,True,True,True,True,True,True,0.22597402597402597
7150e10a,1,focus,300,5.0,7150e10a__day1____2023.12.09T09.37.19p03.00,gpn_data__7150e10a__day1____2023.12.09T09.37.19p03.00,2023-12-09T06:37:19.271869898+00:00,6895.935406208038,True,300.0,False,2023-12-09T06:52:19.271869898+00:00,True,False,c72be2af6eec870dcd4400dbbcc0f161280c71916709ce5d7195517966f77307,bead6ed3faf86e14310d0aedf530e2614868ceb3324d8fdd5fe36f24cedbe4af,30,30,0,30,0,0,30,True,False,False,False,False,False,1.0,60,60,0,50,1,9,51,True,True,True,False,False,False,0.85,770,770,0,336,87,347,423,True,True,True,True,True,True,0.5493506493506494
7150e10a,1,focus,600,10.0,7150e10a__day1____2023.12.09T09.37.19p03.00,gpn_data__7150e10a__day1____2023.12.09T09.37.19p03.00,2023-12-09T06:37:19.271869898+00:00,6895.935406208038,True,600.0,False,2023-12-09T06:52:19.271869898+00:00,True,False,bedc3a7520e5d7874872ab0dad8b60b2c9512c3d0a46911e2d996ae180ebd02b,bead6ed3faf86e14310d0aedf530e2614868ceb3324d8fdd5fe36f24cedbe4af,60,60,0,52,1,7,53,True,True,True,False,False,False,0.8833333333333333,30,30,0,28,0,2,28,True,False,False,False,False,False,0.9333333333333333,770,770,0,336,87,347,423,True,True,True,True,True,True,0.5493506493506494
7150e10a,1,focus,900,15.0,7150e10a__day1____2023.12.09T09.37.19p03.00,gpn_data__7150e10a__day1____2023.12.09T09.37.19p03.00,2023-12-09T06:37:19.271869898+00:00,6895.935406208038,True,900.0,False,2023-12-09T06:52:19.271869898+00:00,True,False,6ed3c4fc0aa9a0934c716cc49aa26596b9e58f2438adeb60c585e29fcd6064b3,bead6ed3faf86e14310d0aedf530e2614868ceb3324d8fdd5fe36f24cedbe4af,90,90,0,80,1,9,81,True,True,True,False,False,False,0.9,0,0,0,0,0,0,0,False,False,False,False,False,False,,770,770,0,336,87,347,423,True,True,True,True,True,True,0.5493506493506494
71a251fa,2,attention,300,5.0,71a251fa__day1____2023.11.28T17.13.45p03.00,gpn_data__71a251fa__day1____2023.11.28T17.13.45p03.00,2023-11-28T14:13:45.824328899+00:00,7078.50319814682,True,300.0,False,2023-11-28T14:28:45.824328899+00:00,True,False,6e1e3377f34258a00f6eff1b88be864e774484c88a0d11455e65a0b0ff87fd0d,1980b5d2df487369c85e065e20c202fbb651032b3ed578ca74b897870025f151,30,30,0,28,0,2,28,True,False,False,False,False,False,0.9333333333333333,60,60,0,43,6,11,49,True,True,True,True,True,True,0.8166666666666667,276,249,27,58,95,96,153,True,True,True,True,True,True,0.6144578313253012
71a251fa,2,attention,600,10.0,71a251fa__day1____2023.11.28T17.13.45p03.00,gpn_data__71a251fa__day1____2023.11.28T17.13.45p03.00,2023-11-28T14:13:45.824328899+00:00,7078.50319814682,True,600.0,True,2023-11-28T14:28:45.824328899+00:00,True,True,2a146671366edb719632ee679f2a6e4179444f45edd36b2c6d340f162d325beb,1980b5d2df487369c85e065e20c202fbb651032b3ed578ca74b897870025f151,60,60,0,50,2,8,52,True,True,True,True,False,False,0.8666666666666667,30,30,0,21,4,5,25,True,True,True,True,True,False,0.8333333333333334,276,249,27,58,95,96,153,True,True,True,True,True,True,0.6144578313253012
71a251fa,2,attention,900,15.0,71a251fa__day1____2023.11.28T17.13.45p03.00,gpn_data__71a251fa__day1____2023.11.28T17.13.45p03.00,2023-11-28T14:13:45.824328899+00:00,7078.50319814682,True,900.0,True,2023-11-28T14:28:45.824328899+00:00,True,True,bbed4d960165436f97d4f977a0e141092dddad6fb51cf62aba9c6f959f98b6e3,1980b5d2df487369c85e065e20c202fbb651032b3ed578ca74b897870025f151,90,90,0,71,6,13,77,True,True,True,True,True,True,0.8555555555555555,0,0,0,0,0,0,0,False,False,False,False,False,False,,276,249,27,58,95,96,153,True,True,True,True,True,True,0.6144578313253012
71a251fa,2,engagement,300,5.0,71a251fa__day1____2023.11.28T17.13.45p03.00,gpn_data__71a251fa__day1____2023.11.28T17.13.45p03.00,2023-11-28T14:13:45.824328899+00:00,7078.50319814682,True,300.0,False,2023-11-28T14:28:45.824328899+00:00,True,False,660d3e9967f7fe46a94a16a59d399475a5e14937c99de9e6c5a33370c664fe40,bd200256dfd7c9d92bfd94b7a28d5fd320fd65ecc81828544e03dec8b4e4501b,30,30,0,0,28,2,28,True,False,False,False,False,False,0.9333333333333333,60,60,0,1,42,17,43,True,True,True,False,False,False,0.7166666666666667,276,276,0,41,153,82,194,True,True,True,True,True,True,0.7028985507246377
71a251fa,2,engagement,600,10.0,71a251fa__day1____2023.11.28T17.13.45p03.00,gpn_data__71a251fa__day1____2023.11.28T17.13.45p03.00,2023-11-28T14:13:45.824328899+00:00,7078.50319814682,True,600.0,False,2023-11-28T14:28:45.824328899+00:00,True,False,1fcc6455b5b4b11fd159cde8afcfac302045b1ea892ef9c84fb49b2930c15de2,bd200256dfd7c9d92bfd94b7a28d5fd320fd65ecc81828544e03dec8b4e4501b,60,60,0,0,52,8,52,True,False,False,False,False,False,0.8666666666666667,30,30,0,1,18,11,19,True,True,True,False,False,False,0.6333333333333333,276,276,0,41,153,82,194,True,True,True,True,True,True,0.7028985507246377
71a251fa,2,engagement,900,15.0,71a251fa__day1____2023.11.28T17.13.45p03.00,gpn_data__71a251fa__day1____2023.11.28T17.13.45p03.00,2023-11-28T14:13:45.824328899+00:00,7078.50319814682,True,900.0,False,2023-11-28T14:28:45.824328899+00:00,True,False,f3b91f5cb08e59227dccff3c344bdfbf79db6566e0d270cf1c332a9761a0e236,bd200256dfd7c9d92bfd94b7a28d5fd320fd65ecc81828544e03dec8b4e4501b,90,90,0,1,70,19,71,True,True,True,False,False,False,0.7888888888888889,0,0,0,0,0,0,0,False,False,False,False,False,False,,276,276,0,41,153,82,194,True,True,True,True,True,True,0.7028985507246377
71a251fa,2,excitement,300,5.0,71a251fa__day1____2023.11.28T17.13.45p03.00,gpn_data__71a251fa__day1____2023.11.28T17.13.45p03.00,2023-11-28T14:13:45.824328899+00:00,7078.50319814682,True,300.0,True,2023-11-28T14:28:45.824328899+00:00,True,True,3a613c87bddda8d8f98f2952927b720d1efdb433c9c61f74913a9a5f064e1d65,37501908a1e4096c3809d6817c9739f0fec949c974aa0152f0d416ce9fef1cf5,30,30,0,18,3,9,21,True,True,True,True,True,False,0.7,60,60,0,47,5,8,52,True,True,True,True,True,True,0.8666666666666667,276,276,0,108,38,130,146,True,True,True,True,True,True,0.5289855072463768
71a251fa,2,excitement,600,10.0,71a251fa__day1____2023.11.28T17.13.45p03.00,gpn_data__71a251fa__day1____2023.11.28T17.13.45p03.00,2023-11-28T14:13:45.824328899+00:00,7078.50319814682,True,600.0,True,2023-11-28T14:28:45.824328899+00:00,True,True,33a68ca2af1bb046644df152c89aa1659e1ef4d9ff6b4d456a059c8caf7a0279,37501908a1e4096c3809d6817c9739f0fec949c974aa0152f0d416ce9fef1cf5,60,60,0,39,7,14,46,True,True,True,True,True,True,0.7666666666666667,30,30,0,26,1,3,27,True,True,True,False,False,False,0.9,276,276,0,108,38,130,146,True,True,True,True,True,True,0.5289855072463768
71a251fa,2,excitement,900,15.0,71a251fa__day1____2023.11.28T17.13.45p03.00,gpn_data__71a251fa__day1____2023.11.28T17.13.45p03.00,2023-11-28T14:13:45.824328899+00:00,7078.50319814682,True,900.0,True,2023-11-28T14:28:45.824328899+00:00,True,True,c8b66f51e2ece061f6abea312ffc59aaf046b14bdf92a4ac22b320c4f7852b2e,37501908a1e4096c3809d6817c9739f0fec949c974aa0152f0d416ce9fef1cf5,90,90,0,65,8,17,73,True,True,True,True,True,True,0.8111111111111111,0,0,0,0,0,0,0,False,False,False,False,False,False,,276,276,0,108,38,130,146,True,True,True,True,True,True,0.5289855072463768
71a251fa,2,stress,300,5.0,71a251fa__day1____2023.11.28T17.13.45p03.00,gpn_data__71a251fa__day1____2023.11.28T17.13.45p03.00,2023-11-28T14:13:45.824328899+00:00,7078.50319814682,True,300.0,False,2023-11-28T14:28:45.824328899+00:00,True,False,475789d4c5ab2545deec6f30b9f011415eaa16a21558f6718ed718c5d376d678,31e6c65667860947a668c5d6c6b1cf8c99e81707980b236eecf7d2502b7d5404,30,30,0,6,0,24,6,True,False,False,False,False,False,0.2,60,60,0,0,1,59,1,True,False,False,False,False,False,0.016666666666666666,276,276,0,37,36,203,73,True,True,True,True,True,True,0.2644927536231884
71a251fa,2,stress,600,10.0,71a251fa__day1____2023.11.28T17.13.45p03.00,gpn_data__71a251fa__day1____2023.11.28T17.13.45p03.00,2023-11-28T14:13:45.824328899+00:00,7078.50319814682,True,600.0,False,2023-11-28T14:28:45.824328899+00:00,True,False,475789d4c5ab2545deec6f30b9f011415eaa16a21558f6718ed718c5d376d678,31e6c65667860947a668c5d6c6b1cf8c99e81707980b236eecf7d2502b7d5404,60,60,0,6,0,54,6,True,False,False,False,False,False,0.1,30,30,0,0,1,29,1,True,False,False,False,False,False,0.03333333333333333,276,276,0,37,36,203,73,True,True,True,True,True,True,0.2644927536231884
71a251fa,2,stress,900,15.0,71a251fa__day1____2023.11.28T17.13.45p03.00,gpn_data__71a251fa__day1____2023.11.28T17.13.45p03.00,2023-11-28T14:13:45.824328899+00:00,7078.50319814682,True,900.0,False,2023-11-28T14:28:45.824328899+00:00,True,False,087ad56dcf119fcf82a19a8d175041c31ecdc6d8e951a5e45d7b0e554900cd9c,31e6c65667860947a668c5d6c6b1cf8c99e81707980b236eecf7d2502b7d5404,90,90,0,6,1,83,7,True,True,True,False,False,False,0.07777777777777778,0,0,0,0,0,0,0,False,False,False,False,False,False,,276,276,0,37,36,203,73,True,True,True,True,True,True,0.2644927536231884
71a251fa,2,relaxation,300,5.0,71a251fa__day1____2023.11.28T17.13.45p03.00,gpn_data__71a251fa__day1____2023.11.28T17.13.45p03.00,2023-11-28T14:13:45.824328899+00:00,7078.50319814682,True,300.0,True,2023-11-28T14:28:45.824328899+00:00,True,True,89acd1518565b8169329f95955f3b18a29f13d4314aa3a2ae80deca87690afbd,7af4a71d799f835d7510b387cbe8577b5ef36074786cb57aaf0ee8cc161e2f0a,30,30,0,3,5,22,8,True,True,True,True,True,False,0.26666666666666666,60,60,0,50,2,8,52,True,True,True,True,False,False,0.8666666666666667,276,276,0,94,91,91,185,True,True,True,True,True,True,0.6702898550724637
71a251fa,2,relaxation,600,10.0,71a251fa__day1____2023.11.28T17.13.45p03.00,gpn_data__71a251fa__day1____2023.11.28T17.13.45p03.00,2023-11-28T14:13:45.824328899+00:00,7078.50319814682,True,600.0,True,2023-11-28T14:28:45.824328899+00:00,True,True,bfe137540b433519e0567611597a661a2a2bbfb4b0486bf10a195e84e58887af,7af4a71d799f835d7510b387cbe8577b5ef36074786cb57aaf0ee8cc161e2f0a,60,60,0,27,6,27,33,True,True,True,True,True,True,0.55,30,30,0,26,1,3,27,True,True,True,False,False,False,0.9,276,276,0,94,91,91,185,True,True,True,True,True,True,0.6702898550724637
71a251fa,2,relaxation,900,15.0,71a251fa__day1____2023.11.28T17.13.45p03.00,gpn_data__71a251fa__day1____2023.11.28T17.13.45p03.00,2023-11-28T14:13:45.824328899+00:00,7078.50319814682,True,900.0,True,2023-11-28T14:28:45.824328899+00:00,True,True,6ba82fb9748d53fbb532acc1c9ad6c2668ca66bc19e510ce1d1e2cd9ab308d39,7af4a71d799f835d7510b387cbe8577b5ef36074786cb57aaf0ee8cc161e2f0a,90,90,0,53,7,30,60,True,True,True,True,True,True,0.6666666666666666,0,0,0,0,0,0,0,False,False,False,False,False,False,,276,276,0,94,91,91,185,True,True,True,True,True,True,0.6702898550724637
71a251fa,2,interest,300,5.0,71a251fa__day1____2023.11.28T17.13.45p03.00,gpn_data__71a251fa__day1____2023.11.28T17.13.45p03.00,2023-11-28T14:13:45.824328899+00:00,7078.50319814682,True,300.0,True,2023-11-28T14:28:45.824328899+00:00,True,True,27f77d78ae439c6a8557e334de8845d7669ff84b984fa4901d1906c614ad9915,e976aa5901ede3aa453cf1ae1b9286879bc19c45689566681dda002395e1a657,30,30,0,8,4,18,12,True,True,True,True,True,False,0.4,60,60,0,32,1,27,33,True,True,True,False,False,False,0.55,276,276,0,90,106,80,196,True,True,True,True,True,True,0.7101449275362319
71a251fa,2,interest,600,10.0,71a251fa__day1____2023.11.28T17.13.45p03.00,gpn_data__71a251fa__day1____2023.11.28T17.13.45p03.00,2023-11-28T14:13:45.824328899+00:00,7078.50319814682,True,600.0,True,2023-11-28T14:28:45.824328899+00:00,True,True,39a217a3255ec7e94312987d62ba246423c324705fd91b062dfc0a338a8452dd,e976aa5901ede3aa453cf1ae1b9286879bc19c45689566681dda002395e1a657,60,60,0,26,4,30,30,True,True,True,True,True,False,0.5,30,30,0,14,1,15,15,True,True,True,False,False,False,0.5,276,276,0,90,106,80,196,True,True,True,True,True,True,0.7101449275362319
71a251fa,2,interest,900,15.0,71a251fa__day1____2023.11.28T17.13.45p03.00,gpn_data__71a251fa__day1____2023.11.28T17.13.45p03.00,2023-11-28T14:13:45.824328899+00:00,7078.50319814682,True,900.0,True,2023-11-28T14:28:45.824328899+00:00,True,True,75f9fde6d6bbb02eda0657231f5e37ca2d8c44dbca5d2b5d4f2b455b9db70a61,e976aa5901ede3aa453cf1ae1b9286879bc19c45689566681dda002395e1a657,90,90,0,40,5,45,45,True,True,True,True,True,True,0.5,0,0,0,0,0,0,0,False,False,False,False,False,False,,276,276,0,90,106,80,196,True,True,True,True,True,True,0.7101449275362319
71a251fa,2,focus,300,5.0,71a251fa__day1____2023.11.28T17.13.45p03.00,gpn_data__71a251fa__day1____2023.11.28T17.13.45p03.00,2023-11-28T14:13:45.824328899+00:00,7078.50319814682,True,300.0,False,2023-11-28T14:28:45.824328899+00:00,True,False,c6918f093eae77b9c9c36756d8691048b9e0c9508a4749e2156f41faa0e6fa39,52fe59205b3ff8878f94f0a4c606ebd50b69c0c3dfab1f4921a4e55d4d4d7764,30,30,0,27,0,3,27,True,False,False,False,False,False,0.9,60,60,0,25,3,32,28,True,True,True,True,True,False,0.4666666666666667,276,276,0,146,21,109,167,True,True,True,True,True,True,0.605072463768116
71a251fa,2,focus,600,10.0,71a251fa__day1____2023.11.28T17.13.45p03.00,gpn_data__71a251fa__day1____2023.11.28T17.13.45p03.00,2023-11-28T14:13:45.824328899+00:00,7078.50319814682,True,600.0,False,2023-11-28T14:28:45.824328899+00:00,True,False,df9a40827a619a6997064fdd7bf3a6afc14f70a9eb45cd4b9f2bb505c51eeedc,52fe59205b3ff8878f94f0a4c606ebd50b69c0c3dfab1f4921a4e55d4d4d7764,60,60,0,37,1,22,38,True,True,True,False,False,False,0.6333333333333333,30,30,0,15,2,13,17,True,True,True,True,False,False,0.5666666666666667,276,276,0,146,21,109,167,True,True,True,True,True,True,0.605072463768116
71a251fa,2,focus,900,15.0,71a251fa__day1____2023.11.28T17.13.45p03.00,gpn_data__71a251fa__day1____2023.11.28T17.13.45p03.00,2023-11-28T14:13:45.824328899+00:00,7078.50319814682,True,900.0,True,2023-11-28T14:28:45.824328899+00:00,True,True,c51caf5a98568cf166d7044b68c2757442fce1f0dca99282ae20f4bfa8732d8c,52fe59205b3ff8878f94f0a4c606ebd50b69c0c3dfab1f4921a4e55d4d4d7764,90,90,0,52,3,35,55,True,True,True,True,True,False,0.6111111111111112,0,0,0,0,0,0,0,False,False,False,False,False,False,,276,276,0,146,21,109,167,True,True,True,True,True,True,0.605072463768116
71c09041,2,attention,300,5.0,71c09041__day1____2023.12.06T13.27.03p03.00,gpn_data__71c09041__day1____2023.12.06T13.27.03p03.00,2023-12-06T10:27:03.543411970+00:00,5843.87695813179,True,300.0,False,2023-12-06T10:42:03.543411970+00:00,True,False,0793b91fff7e452a1339e135cd4d8e8857421c39afcb3d8c1001ea4dcaaa1192,df017c00a88c231676b5508c16c607f9ed16c0527b660975e3328224ea85271a,30,30,0,28,0,2,28,True,False,False,False,False,False,0.9333333333333333,60,60,0,4,0,56,4,True,False,False,False,False,False,0.06666666666666667,547,276,271,47,93,136,140,True,True,True,True,True,True,0.5072463768115942
71c09041,2,attention,600,10.0,71c09041__day1____2023.12.06T13.27.03p03.00,gpn_data__71c09041__day1____2023.12.06T13.27.03p03.00,2023-12-06T10:27:03.543411970+00:00,5843.87695813179,True,600.0,False,2023-12-06T10:42:03.543411970+00:00,True,False,4dc9ff44d3d722163976af58252775603c146f1eb915780eb84585096fa479a8,df017c00a88c231676b5508c16c607f9ed16c0527b660975e3328224ea85271a,60,60,0,30,0,30,30,True,False,False,False,False,False,0.5,30,30,0,2,0,28,2,True,False,False,False,False,False,0.06666666666666667,547,276,271,47,93,136,140,True,True,True,True,True,True,0.5072463768115942
71c09041,2,attention,900,15.0,71c09041__day1____2023.12.06T13.27.03p03.00,gpn_data__71c09041__day1____2023.12.06T13.27.03p03.00,2023-12-06T10:27:03.543411970+00:00,5843.87695813179,True,900.0,False,2023-12-06T10:42:03.543411970+00:00,True,False,4ac93b5545cd9d4a04b99f95b44930e62c3f5fb1bf0be27df8cb73436ad13700,df017c00a88c231676b5508c16c607f9ed16c0527b660975e3328224ea85271a,90,90,0,32,0,58,32,True,False,False,False,False,False,0.35555555555555557,0,0,0,0,0,0,0,False,False,False,False,False,False,,547,276,271,47,93,136,140,True,True,True,True,True,True,0.5072463768115942
71c09041,2,engagement,300,5.0,71c09041__day1____2023.12.06T13.27.03p03.00,gpn_data__71c09041__day1____2023.12.06T13.27.03p03.00,2023-12-06T10:27:03.543411970+00:00,5843.87695813179,True,300.0,False,2023-12-06T10:42:03.543411970+00:00,True,False,1df641a8017430938704ea094ed573ffb6fef8b46e3f6ad316cf18b86a0a12fb,64b360a591dd562611b9dc7a8fa5e6cacd9d312694dbc92baa6b857787b881d6,30,30,0,0,27,3,27,True,False,False,False,False,False,0.9,60,60,0,3,35,22,38,True,True,True,True,True,False,0.6333333333333333,547,547,0,269,122,156,391,True,True,True,True,True,True,0.7148080438756855
71c09041,2,engagement,600,10.0,71c09041__day1____2023.12.06T13.27.03p03.00,gpn_data__71c09041__day1____2023.12.06T13.27.03p03.00,2023-12-06T10:27:03.543411970+00:00,5843.87695813179,True,600.0,False,2023-12-06T10:42:03.543411970+00:00,True,False,f638f48281d6635d8912ba173a2ca6b92dcbdb3d88ebc1ad4e8011081da80a46,64b360a591dd562611b9dc7a8fa5e6cacd9d312694dbc92baa6b857787b881d6,60,60,0,0,47,13,47,True,False,False,False,False,False,0.7833333333333333,30,30,0,3,15,12,18,True,True,True,True,True,False,0.6,547,547,0,269,122,156,391,True,True,True,True,True,True,0.7148080438756855
71c09041,2,engagement,900,15.0,71c09041__day1____2023.12.06T13.27.03p03.00,gpn_data__71c09041__day1____2023.12.06T13.27.03p03.00,2023-12-06T10:27:03.543411970+00:00,5843.87695813179,True,900.0,True,2023-12-06T10:42:03.543411970+00:00,True,True,ec6d02a7da2435bcf6793ac0901f17eefffb2457d0815676016f2bf0e535e804,64b360a591dd562611b9dc7a8fa5e6cacd9d312694dbc92baa6b857787b881d6,90,90,0,3,62,25,65,True,True,True,True,True,False,0.7222222222222222,0,0,0,0,0,0,0,False,False,False,False,False,False,,547,547,0,269,122,156,391,True,True,True,True,True,True,0.7148080438756855
71c09041,2,excitement,300,5.0,71c09041__day1____2023.12.06T13.27.03p03.00,gpn_data__71c09041__day1____2023.12.06T13.27.03p03.00,2023-12-06T10:27:03.543411970+00:00,5843.87695813179,True,300.0,True,2023-12-06T10:42:03.543411970+00:00,True,True,f3e9e9bf3ff7bf9b1cf704db49ec60c9800c1f9ef86a28ace0d8cd5186ed28c4,73078b46a008c90b002afc6cf0fe1b4e55502a946095513743ac0599f4ab6000,30,30,0,21,5,4,26,True,True,True,True,True,True,0.8666666666666667,60,60,0,44,0,16,44,True,False,False,False,False,False,0.7333333333333333,547,547,0,255,42,250,297,True,True,True,True,True,True,0.5429616087751371
71c09041,2,excitement,600,10.0,71c09041__day1____2023.12.06T13.27.03p03.00,gpn_data__71c09041__day1____2023.12.06T13.27.03p03.00,2023-12-06T10:27:03.543411970+00:00,5843.87695813179,True,600.0,True,2023-12-06T10:42:03.543411970+00:00,True,True,e8a291cf9cf733508ffffd8ef6fc6e20801468950a20109a412478712988c178,73078b46a008c90b002afc6cf0fe1b4e55502a946095513743ac0599f4ab6000,60,60,0,43,5,12,48,True,True,True,True,True,True,0.8,30,30,0,22,0,8,22,True,False,False,False,False,False,0.7333333333333333,547,547,0,255,42,250,297,True,True,True,True,True,True,0.5429616087751371
71c09041,2,excitement,900,15.0,71c09041__day1____2023.12.06T13.27.03p03.00,gpn_data__71c09041__day1____2023.12.06T13.27.03p03.00,2023-12-06T10:27:03.543411970+00:00,5843.87695813179,True,900.0,True,2023-12-06T10:42:03.543411970+00:00,True,True,dc14ce6d6eb30f4c1120c7ab137e1ad8069d2027dc88db8cf087fae496714201,73078b46a008c90b002afc6cf0fe1b4e55502a946095513743ac0599f4ab6000,90,90,0,65,5,20,70,True,True,True,True,True,True,0.7777777777777778,0,0,0,0,0,0,0,False,False,False,False,False,False,,547,547,0,255,42,250,297,True,True,True,True,True,True,0.5429616087751371
71c09041,2,stress,300,5.0,71c09041__day1____2023.12.06T13.27.03p03.00,gpn_data__71c09041__day1____2023.12.06T13.27.03p03.00,2023-12-06T10:27:03.543411970+00:00,5843.87695813179,True,300.0,False,2023-12-06T10:42:03.543411970+00:00,False,False,9f5e2f94afb8b2025cfd512f0f35684f5465738aaac4d4e93ab5f6ac48eb5ed8,d50bfda4c2b139c6aff4bd2e4363127bbade52d4c5c641ab4e0f2eea49f5d76a,30,30,0,6,0,24,6,True,False,False,False,False,False,0.2,60,60,0,0,0,60,0,False,False,False,False,False,False,0.0,547,547,0,0,252,295,252,True,False,False,False,False,False,0.4606946983546618
71c09041,2,stress,600,10.0,71c09041__day1____2023.12.06T13.27.03p03.00,gpn_data__71c09041__day1____2023.12.06T13.27.03p03.00,2023-12-06T10:27:03.543411970+00:00,5843.87695813179,True,600.0,False,2023-12-06T10:42:03.543411970+00:00,False,False,9f5e2f94afb8b2025cfd512f0f35684f5465738aaac4d4e93ab5f6ac48eb5ed8,d50bfda4c2b139c6aff4bd2e4363127bbade52d4c5c641ab4e0f2eea49f5d76a,60,60,0,6,0,54,6,True,False,False,False,False,False,0.1,30,30,0,0,0,30,0,False,False,False,False,False,False,0.0,547,547,0,0,252,295,252,True,False,False,False,False,False,0.4606946983546618
71c09041,2,stress,900,15.0,71c09041__day1____2023.12.06T13.27.03p03.00,gpn_data__71c09041__day1____2023.12.06T13.27.03p03.00,2023-12-06T10:27:03.543411970+00:00,5843.87695813179,True,900.0,False,2023-12-06T10:42:03.543411970+00:00,False,False,9f5e2f94afb8b2025cfd512f0f35684f5465738aaac4d4e93ab5f6ac48eb5ed8,d50bfda4c2b139c6aff4bd2e4363127bbade52d4c5c641ab4e0f2eea49f5d76a,90,90,0,6,0,84,6,True,False,False,False,False,False,0.06666666666666667,0,0,0,0,0,0,0,False,False,False,False,False,False,,547,547,0,0,252,295,252,True,False,False,False,False,False,0.4606946983546618
71c09041,2,relaxation,300,5.0,71c09041__day1____2023.12.06T13.27.03p03.00,gpn_data__71c09041__day1____2023.12.06T13.27.03p03.00,2023-12-06T10:27:03.543411970+00:00,5843.87695813179,True,300.0,True,2023-12-06T10:42:03.543411970+00:00,True,True,d0382ad518ee6eccb8a03b610867dfc96669477b544ba8a3f0daffc83ed74201,e6ee2bb167d382419c6774cc5db97ae2d46e2f42ff0a363f9058fd4378cdba9c,30,30,0,2,4,24,6,True,True,True,True,False,False,0.2,60,60,0,6,11,43,17,True,True,True,True,True,True,0.2833333333333333,547,547,0,184,202,161,386,True,True,True,True,True,True,0.7056672760511883
71c09041,2,relaxation,600,10.0,71c09041__day1____2023.12.06T13.27.03p03.00,gpn_data__71c09041__day1____2023.12.06T13.27.03p03.00,2023-12-06T10:27:03.543411970+00:00,5843.87695813179,True,600.0,True,2023-12-06T10:42:03.543411970+00:00,True,True,5854bf439ab8cc3558092be164355833d092d9c08f1c22bd72a2d087cc9c0a9b,e6ee2bb167d382419c6774cc5db97ae2d46e2f42ff0a363f9058fd4378cdba9c,60,60,0,4,9,47,13,True,True,True,True,True,False,0.21666666666666667,30,30,0,4,6,20,10,True,True,True,True,True,False,0.3333333333333333,547,547,0,184,202,161,386,True,True,True,True,True,True,0.7056672760511883
71c09041,2,relaxation,900,15.0,71c09041__day1____2023.12.06T13.27.03p03.00,gpn_data__71c09041__day1____2023.12.06T13.27.03p03.00,2023-12-06T10:27:03.543411970+00:00,5843.87695813179,True,900.0,True,2023-12-06T10:42:03.543411970+00:00,True,True,6bb1ddfda89e171b21401353fb4902478e61e2966bc2e7410d0c5462284adf6c,e6ee2bb167d382419c6774cc5db97ae2d46e2f42ff0a363f9058fd4378cdba9c,90,90,0,8,15,67,23,True,True,True,True,True,True,0.25555555555555554,0,0,0,0,0,0,0,False,False,False,False,False,False,,547,547,0,184,202,161,386,True,True,True,True,True,True,0.7056672760511883
71c09041,2,interest,300,5.0,71c09041__day1____2023.12.06T13.27.03p03.00,gpn_data__71c09041__day1____2023.12.06T13.27.03p03.00,2023-12-06T10:27:03.543411970+00:00,5843.87695813179,True,300.0,True,2023-12-06T10:42:03.543411970+00:00,True,True,a412420fd6f69ce7000373bcb41fc8eb3f369273e42ae11d167cf175871452dd,2197e10280624dc34c9038e73d2404a0f9cee71842f2f16a4b9f2d4d9fa06933,30,30,0,11,4,15,15,True,True,True,True,True,False,0.5,60,60,0,40,2,18,42,True,True,True,True,False,False,0.7,547,547,0,61,264,222,325,True,True,True,True,True,True,0.5941499085923218
71c09041,2,interest,600,10.0,71c09041__day1____2023.12.06T13.27.03p03.00,gpn_data__71c09041__day1____2023.12.06T13.27.03p03.00,2023-12-06T10:27:03.543411970+00:00,5843.87695813179,True,600.0,True,2023-12-06T10:42:03.543411970+00:00,True,True,a9c0d64629c68f252396840cc6e6cc89bef253264ae2196fffe59537b81b9843,2197e10280624dc34c9038e73d2404a0f9cee71842f2f16a4b9f2d4d9fa06933,60,60,0,37,5,18,42,True,True,True,True,True,True,0.7,30,30,0,14,1,15,15,True,True,True,False,False,False,0.5,547,547,0,61,264,222,325,True,True,True,True,True,True,0.5941499085923218
71c09041,2,interest,900,15.0,71c09041__day1____2023.12.06T13.27.03p03.00,gpn_data__71c09041__day1____2023.12.06T13.27.03p03.00,2023-12-06T10:27:03.543411970+00:00,5843.87695813179,True,900.0,True,2023-12-06T10:42:03.543411970+00:00,True,True,2a6fdbf5a3a061dd3e81d34eff448f7770ddbed9007dfe7df8db65b3b8744d2c,2197e10280624dc34c9038e73d2404a0f9cee71842f2f16a4b9f2d4d9fa06933,90,90,0,51,6,33,57,True,True,True,True,True,True,0.6333333333333333,0,0,0,0,0,0,0,False,False,False,False,False,False,,547,547,0,61,264,222,325,True,True,True,True,True,True,0.5941499085923218
71c09041,2,focus,300,5.0,71c09041__day1____2023.12.06T13.27.03p03.00,gpn_data__71c09041__day1____2023.12.06T13.27.03p03.00,2023-12-06T10:27:03.543411970+00:00,5843.87695813179,True,300.0,True,2023-12-06T10:42:03.543411970+00:00,True,True,fe5d5abb4c2ac859b5782a3bb592b527003b3359c23056db91c00b8dbb013a09,d4e9040166cc4aee5118e58800549b9b7d54ca352238856054d6286c4ae65e3b,30,30,0,19,5,6,24,True,True,True,True,True,True,0.8,60,60,0,55,0,5,55,True,False,False,False,False,False,0.9166666666666666,547,547,0,279,35,233,314,True,True,True,True,True,True,0.5740402193784278
71c09041,2,focus,600,10.0,71c09041__day1____2023.12.06T13.27.03p03.00,gpn_data__71c09041__day1____2023.12.06T13.27.03p03.00,2023-12-06T10:27:03.543411970+00:00,5843.87695813179,True,600.0,True,2023-12-06T10:42:03.543411970+00:00,True,True,94bbed64e8678c3f14cf199c765801d6cb38391e9a7dbb13559f00f3d0e85e7d,d4e9040166cc4aee5118e58800549b9b7d54ca352238856054d6286c4ae65e3b,60,60,0,47,5,8,52,True,True,True,True,True,True,0.8666666666666667,30,30,0,27,0,3,27,True,False,False,False,False,False,0.9,547,547,0,279,35,233,314,True,True,True,True,True,True,0.5740402193784278
71c09041,2,focus,900,15.0,71c09041__day1____2023.12.06T13.27.03p03.00,gpn_data__71c09041__day1____2023.12.06T13.27.03p03.00,2023-12-06T10:27:03.543411970+00:00,5843.87695813179,True,900.0,True,2023-12-06T10:42:03.543411970+00:00,True,True,5d90c720fb97031998e72320b07491c2a2948d4b26b684c53602ea77fe6c0052,d4e9040166cc4aee5118e58800549b9b7d54ca352238856054d6286c4ae65e3b,90,90,0,74,5,11,79,True,True,True,True,True,True,0.8777777777777778,0,0,0,0,0,0,0,False,False,False,False,False,False,,547,547,0,279,35,233,314,True,True,True,True,True,True,0.5740402193784278
71e10186,5,attention,300,5.0,71e10186__day1____2023.12.05T11.06.22p03.00,gpn_data__71e10186__day1____2023.12.05T11.06.22p03.00,2023-12-05T08:06:22.815748930+00:00,5817.334099054337,True,300.0,False,2023-12-05T08:21:22.815748930+00:00,True,False,5d0b7ad1db3537a224e6f87654a8ec4a3fda7449df9ae4d875db93c9948cedf1,12ea88673317bb5b759a27c617413274a6c65f79d90b95a22a002fbd27d43892,30,30,0,3,1,26,4,True,True,True,False,False,False,0.13333333333333333,60,60,0,5,15,40,20,True,True,True,True,True,True,0.3333333333333333,737,737,0,192,283,262,475,True,True,True,True,True,True,0.6445047489823609
71e10186,5,attention,600,10.0,71e10186__day1____2023.12.05T11.06.22p03.00,gpn_data__71e10186__day1____2023.12.05T11.06.22p03.00,2023-12-05T08:06:22.815748930+00:00,5817.334099054337,True,600.0,True,2023-12-05T08:21:22.815748930+00:00,True,True,595b3a5165c046d251b403ab4386d58990617a193be5e31d09298c98cefad154,12ea88673317bb5b759a27c617413274a6c65f79d90b95a22a002fbd27d43892,60,60,0,7,13,40,20,True,True,True,True,True,True,0.3333333333333333,30,30,0,1,3,26,4,True,True,True,False,False,False,0.13333333333333333,737,737,0,192,283,262,475,True,True,True,True,True,True,0.6445047489823609
71e10186,5,attention,900,15.0,71e10186__day1____2023.12.05T11.06.22p03.00,gpn_data__71e10186__day1____2023.12.05T11.06.22p03.00,2023-12-05T08:06:22.815748930+00:00,5817.334099054337,True,900.0,True,2023-12-05T08:21:22.815748930+00:00,True,True,d0779ed1de44e435e90dd52e742b50d8d04c1dc1b3ec33d7665d2e84ce89df00,12ea88673317bb5b759a27c617413274a6c65f79d90b95a22a002fbd27d43892,90,90,0,8,16,66,24,True,True,True,True,True,True,0.26666666666666666,0,0,0,0,0,0,0,False,False,False,False,False,False,,737,737,0,192,283,262,475,True,True,True,True,True,True,0.6445047489823609
71e10186,5,engagement,300,5.0,71e10186__day1____2023.12.05T11.06.22p03.00,gpn_data__71e10186__day1____2023.12.05T11.06.22p03.00,2023-12-05T08:06:22.815748930+00:00,5817.334099054337,True,300.0,True,2023-12-05T08:21:22.815748930+00:00,True,True,dce825fb0bdc48410829df35a9e628630f1d5f4139725eae35e836d8d1a070b2,27da19b1c4ea16857d37d84a3cbf271b22b945a8e5cd4083f7ebe38e4a6605aa,30,30,0,4,23,3,27,True,True,True,True,True,False,0.9,60,60,0,0,58,2,58,True,False,False,False,False,False,0.9666666666666667,737,737,0,277,229,231,506,True,True,True,True,True,True,0.6865671641791045
71e10186,5,engagement,600,10.0,71e10186__day1____2023.12.05T11.06.22p03.00,gpn_data__71e10186__day1____2023.12.05T11.06.22p03.00,2023-12-05T08:06:22.815748930+00:00,5817.334099054337,True,600.0,True,2023-12-05T08:21:22.815748930+00:00,True,True,2bd854ecb0dd3c036ba55e8d9fb8a3e26618683d6a1dfe4a76452756f50ca3ee,27da19b1c4ea16857d37d84a3cbf271b22b945a8e5cd4083f7ebe38e4a6605aa,60,60,0,4,51,5,55,True,True,True,True,True,False,0.9166666666666666,30,30,0,0,30,0,30,True,False,False,False,False,False,1.0,737,737,0,277,229,231,506,True,True,True,True,True,True,0.6865671641791045
71e10186,5,engagement,900,15.0,71e10186__day1____2023.12.05T11.06.22p03.00,gpn_data__71e10186__day1____2023.12.05T11.06.22p03.00,2023-12-05T08:06:22.815748930+00:00,5817.334099054337,True,900.0,True,2023-12-05T08:21:22.815748930+00:00,True,True,9d7926c565b397f2d05a8d6b349e5421a3f8de40214ac167a272534b5455da0d,27da19b1c4ea16857d37d84a3cbf271b22b945a8e5cd4083f7ebe38e4a6605aa,90,90,0,4,81,5,85,True,True,True,True,True,False,0.9444444444444444,0,0,0,0,0,0,0,False,False,False,False,False,False,,737,737,0,277,229,231,506,True,True,True,True,True,True,0.6865671641791045
71e10186,5,excitement,300,5.0,71e10186__day1____2023.12.05T11.06.22p03.00,gpn_data__71e10186__day1____2023.12.05T11.06.22p03.00,2023-12-05T08:06:22.815748930+00:00,5817.334099054337,True,300.0,True,2023-12-05T08:21:22.815748930+00:00,True,True,88b589578d5e9b9a338df6a94d878ab0108fdae3b86dc068afb4f270855d7285,6b4395b123185625ea1865f550be982550ebf28019f0e2944e8cd95d7324bf7a,30,30,0,8,15,7,23,True,True,True,True,True,True,0.7666666666666667,60,60,0,17,10,33,27,True,True,True,True,True,True,0.45,737,737,0,190,276,271,466,True,True,True,True,True,True,0.6322930800542741
71e10186,5,excitement,600,10.0,71e10186__day1____2023.12.05T11.06.22p03.00,gpn_data__71e10186__day1____2023.12.05T11.06.22p03.00,2023-12-05T08:06:22.815748930+00:00,5817.334099054337,True,600.0,True,2023-12-05T08:21:22.815748930+00:00,True,True,891ddf06e96c4109c345ad4bc0eb214c394ab6dca0d949707a11b85202bf0222,6b4395b123185625ea1865f550be982550ebf28019f0e2944e8cd95d7324bf7a,60,60,0,17,24,19,41,True,True,True,True,True,True,0.6833333333333333,30,30,0,8,1,21,9,True,True,True,False,False,False,0.3,737,737,0,190,276,271,466,True,True,True,True,True,True,0.6322930800542741
71e10186,5,excitement,900,15.0,71e10186__day1____2023.12.05T11.06.22p03.00,gpn_data__71e10186__day1____2023.12.05T11.06.22p03.00,2023-12-05T08:06:22.815748930+00:00,5817.334099054337,True,900.0,True,2023-12-05T08:21:22.815748930+00:00,True,True,23351296050bf55232a2f97593603ea06166f57f38826c08424d197042ee694b,6b4395b123185625ea1865f550be982550ebf28019f0e2944e8cd95d7324bf7a,90,90,0,25,25,40,50,True,True,True,True,True,True,0.5555555555555556,0,0,0,0,0,0,0,False,False,False,False,False,False,,737,737,0,190,276,271,466,True,True,True,True,True,True,0.6322930800542741
71e10186,5,stress,300,5.0,71e10186__day1____2023.12.05T11.06.22p03.00,gpn_data__71e10186__day1____2023.12.05T11.06.22p03.00,2023-12-05T08:06:22.815748930+00:00,5817.334099054337,True,300.0,True,2023-12-05T08:21:22.815748930+00:00,True,True,5c65e062862a1189f2060124f57f237ef25f65d6346d4e84bcbf5f152aa73e01,ebb7ad7cbe165626655680fe8cd195ddbeae4b8c332dc990868f1d918c1eb7bb,30,30,0,24,2,4,26,True,True,True,True,False,False,0.8666666666666667,60,60,0,44,3,13,47,True,True,True,True,True,False,0.7833333333333333,737,737,0,217,361,159,578,True,True,True,True,True,True,0.7842605156037992
71e10186,5,stress,600,10.0,71e10186__day1____2023.12.05T11.06.22p03.00,gpn_data__71e10186__day1____2023.12.05T11.06.22p03.00,2023-12-05T08:06:22.815748930+00:00,5817.334099054337,True,600.0,True,2023-12-05T08:21:22.815748930+00:00,True,True,89f1f59e50d1f3641171b494ac5079f24e16afab7b35548e09f043eabb439a06,ebb7ad7cbe165626655680fe8cd195ddbeae4b8c332dc990868f1d918c1eb7bb,60,60,0,46,5,9,51,True,True,True,True,True,True,0.85,30,30,0,22,0,8,22,True,False,False,False,False,False,0.7333333333333333,737,737,0,217,361,159,578,True,True,True,True,True,True,0.7842605156037992
71e10186,5,stress,900,15.0,71e10186__day1____2023.12.05T11.06.22p03.00,gpn_data__71e10186__day1____2023.12.05T11.06.22p03.00,2023-12-05T08:06:22.815748930+00:00,5817.334099054337,True,900.0,True,2023-12-05T08:21:22.815748930+00:00,True,True,a7f3e1fcf66604d53687cec8bd9a4f11613508f00eaa31d6b69714756b18283f,ebb7ad7cbe165626655680fe8cd195ddbeae4b8c332dc990868f1d918c1eb7bb,90,90,0,68,5,17,73,True,True,True,True,True,True,0.8111111111111111,0,0,0,0,0,0,0,False,False,False,False,False,False,,737,737,0,217,361,159,578,True,True,True,True,True,True,0.7842605156037992
71e10186,5,relaxation,300,5.0,71e10186__day1____2023.12.05T11.06.22p03.00,gpn_data__71e10186__day1____2023.12.05T11.06.22p03.00,2023-12-05T08:06:22.815748930+00:00,5817.334099054337,True,300.0,True,2023-12-05T08:21:22.815748930+00:00,True,True,9073db7624ef3de652cb07d4ba2d6291167db7448d8387cc9927331d3ac879a4,a7586b52268ec2bb4b637c4bf3ad68d70bf05b67548a82cabd36f551c7e5cdc1,30,30,0,19,3,8,22,True,True,True,True,True,False,0.7333333333333333,60,60,0,49,0,11,49,True,False,False,False,False,False,0.8166666666666667,737,737,0,325,247,165,572,True,True,True,True,True,True,0.7761194029850746
71e10186,5,relaxation,600,10.0,71e10186__day1____2023.12.05T11.06.22p03.00,gpn_data__71e10186__day1____2023.12.05T11.06.22p03.00,2023-12-05T08:06:22.815748930+00:00,5817.334099054337,True,600.0,True,2023-12-05T08:21:22.815748930+00:00,True,True,a2d533f20006ebad086bfedb2c476c395093724fc7cbd5e05395a986c5984bcd,a7586b52268ec2bb4b637c4bf3ad68d70bf05b67548a82cabd36f551c7e5cdc1,60,60,0,43,3,14,46,True,True,True,True,True,False,0.7666666666666667,30,30,0,25,0,5,25,True,False,False,False,False,False,0.8333333333333334,737,737,0,325,247,165,572,True,True,True,True,True,True,0.7761194029850746
71e10186,5,relaxation,900,15.0,71e10186__day1____2023.12.05T11.06.22p03.00,gpn_data__71e10186__day1____2023.12.05T11.06.22p03.00,2023-12-05T08:06:22.815748930+00:00,5817.334099054337,True,900.0,True,2023-12-05T08:21:22.815748930+00:00,True,True,1e29b82bdcc41398cf937823d1df9eb79a4f0537427063b4d1e49d8f73797784,a7586b52268ec2bb4b637c4bf3ad68d70bf05b67548a82cabd36f551c7e5cdc1,90,90,0,68,3,19,71,True,True,True,True,True,False,0.7888888888888889,0,0,0,0,0,0,0,False,False,False,False,False,False,,737,737,0,325,247,165,572,True,True,True,True,True,True,0.7761194029850746
71e10186,5,interest,300,5.0,71e10186__day1____2023.12.05T11.06.22p03.00,gpn_data__71e10186__day1____2023.12.05T11.06.22p03.00,2023-12-05T08:06:22.815748930+00:00,5817.334099054337,True,300.0,True,2023-12-05T08:21:22.815748930+00:00,True,True,fc349d9b5182b3ff4db209bd9a8f788172209a20c5ca2af62fa08c702d1ac20d,ba8abbb0a8558bca71230caab28cab05c3ca1dde13465dd05cbdcab17b5e4da7,30,30,0,24,5,1,29,True,True,True,True,True,True,0.9666666666666667,60,60,0,21,2,37,23,True,True,True,True,False,False,0.38333333333333336,737,737,0,210,284,243,494,True,True,True,True,True,True,0.6702849389416553
71e10186,5,interest,600,10.0,71e10186__day1____2023.12.05T11.06.22p03.00,gpn_data__71e10186__day1____2023.12.05T11.06.22p03.00,2023-12-05T08:06:22.815748930+00:00,5817.334099054337,True,600.0,True,2023-12-05T08:21:22.815748930+00:00,True,True,206b6b957a1d1254d7ba4f01f8282a549ae1ca6163a21bb5454a9d6cd2fd8137,ba8abbb0a8558bca71230caab28cab05c3ca1dde13465dd05cbdcab17b5e4da7,60,60,0,38,7,15,45,True,True,True,True,True,True,0.75,30,30,0,7,0,23,7,True,False,False,False,False,False,0.23333333333333334,737,737,0,210,284,243,494,True,True,True,True,True,True,0.6702849389416553
71e10186,5,interest,900,15.0,71e10186__day1____2023.12.05T11.06.22p03.00,gpn_data__71e10186__day1____2023.12.05T11.06.22p03.00,2023-12-05T08:06:22.815748930+00:00,5817.334099054337,True,900.0,True,2023-12-05T08:21:22.815748930+00:00,True,True,18220e624a19ad10b625b72a3054ddb078321a15932644ef950bd4fafc9bd955,ba8abbb0a8558bca71230caab28cab05c3ca1dde13465dd05cbdcab17b5e4da7,90,90,0,45,7,38,52,True,True,True,True,True,True,0.5777777777777777,0,0,0,0,0,0,0,False,False,False,False,False,False,,737,737,0,210,284,243,494,True,True,True,True,True,True,0.6702849389416553
71e10186,5,focus,300,5.0,71e10186__day1____2023.12.05T11.06.22p03.00,gpn_data__71e10186__day1____2023.12.05T11.06.22p03.00,2023-12-05T08:06:22.815748930+00:00,5817.334099054337,True,300.0,True,2023-12-05T08:21:22.815748930+00:00,True,True,336f7808e2542b22b301c0924c8f3dbc216ea6529758b405eac2dd39da795d9e,0c5de1efefaa63839c645a748789a574140bfbfca06af43802d07842684e44b5,30,30,0,6,15,9,21,True,True,True,True,True,True,0.7,60,60,0,6,8,46,14,True,True,True,True,True,True,0.23333333333333334,737,737,0,169,285,283,454,True,True,True,True,True,True,0.6160108548168249
71e10186,5,focus,600,10.0,71e10186__day1____2023.12.05T11.06.22p03.00,gpn_data__71e10186__day1____2023.12.05T11.06.22p03.00,2023-12-05T08:06:22.815748930+00:00,5817.334099054337,True,600.0,True,2023-12-05T08:21:22.815748930+00:00,True,True,ecca7f6fa8fc1b28447a9c07e7c8c91ec5d0b87838d8e2359d51659ea7a43a8c,0c5de1efefaa63839c645a748789a574140bfbfca06af43802d07842684e44b5,60,60,0,9,23,28,32,True,True,True,True,True,True,0.5333333333333333,30,30,0,3,0,27,3,True,False,False,False,False,False,0.1,737,737,0,169,285,283,454,True,True,True,True,True,True,0.6160108548168249
71e10186,5,focus,900,15.0,71e10186__day1____2023.12.05T11.06.22p03.00,gpn_data__71e10186__day1____2023.12.05T11.06.22p03.00,2023-12-05T08:06:22.815748930+00:00,5817.334099054337,True,900.0,True,2023-12-05T08:21:22.815748930+00:00,True,True,b57bf9c8e779098f250b1d70e335e547989d2578930cb2301e635f090a4d11e2,0c5de1efefaa63839c645a748789a574140bfbfca06af43802d07842684e44b5,90,90,0,12,23,55,35,True,True,True,True,True,True,0.3888888888888889,0,0,0,0,0,0,0,False,False,False,False,False,False,,737,737,0,169,285,283,454,True,True,True,True,True,True,0.6160108548168249
71f0603f,1,attention,300,5.0,71f0603f__day1____2023.11.28T09.25.58p03.00,Old_EEG__71f0603f__day1____2023.11.28T09.25.58p03.00,2023-11-28T06:25:58.034290075+00:00,6546.454651832581,True,300.0,False,2023-11-28T06:40:58.034290075+00:00,True,False,b35d9d9c1cb16eda7c329ecdf7b484262e08c5fdb703f96bf630e9aa6de220fa,c2b1f25a3ad0c48e6846e0377b76b897c28aadfdd53cfe4e7313925ad689237b,30,30,0,11,0,19,11,True,False,False,False,False,False,0.36666666666666664,60,60,0,47,0,13,47,True,False,False,False,False,False,0.7833333333333333,928,928,0,251,324,353,575,True,True,True,True,True,True,0.6196120689655172
71f0603f,1,attention,600,10.0,71f0603f__day1____2023.11.28T09.25.58p03.00,Old_EEG__71f0603f__day1____2023.11.28T09.25.58p03.00,2023-11-28T06:25:58.034290075+00:00,6546.454651832581,True,600.0,False,2023-11-28T06:40:58.034290075+00:00,True,False,7bfb63121094cf27b9d046d6a29750b7c7efe97308b9f44fdcdd1d04152ceebd,c2b1f25a3ad0c48e6846e0377b76b897c28aadfdd53cfe4e7313925ad689237b,60,60,0,33,0,27,33,True,False,False,False,False,False,0.55,30,30,0,25,0,5,25,True,False,False,False,False,False,0.8333333333333334,928,928,0,251,324,353,575,True,True,True,True,True,True,0.6196120689655172
71f0603f,1,attention,900,15.0,71f0603f__day1____2023.11.28T09.25.58p03.00,Old_EEG__71f0603f__day1____2023.11.28T09.25.58p03.00,2023-11-28T06:25:58.034290075+00:00,6546.454651832581,True,900.0,False,2023-11-28T06:40:58.034290075+00:00,True,False,d8718d7b3cc259c0fa093ac8bb009ead56faed7be038a6d550a5617253ae93ea,c2b1f25a3ad0c48e6846e0377b76b897c28aadfdd53cfe4e7313925ad689237b,90,90,0,58,0,32,58,True,False,False,False,False,False,0.6444444444444445,0,0,0,0,0,0,0,False,False,False,False,False,False,,928,928,0,251,324,353,575,True,True,True,True,True,True,0.6196120689655172
71f0603f,1,engagement,300,5.0,71f0603f__day1____2023.11.28T09.25.58p03.00,Old_EEG__71f0603f__day1____2023.11.28T09.25.58p03.00,2023-11-28T06:25:58.034290075+00:00,6546.454651832581,True,300.0,True,2023-11-28T06:40:58.034290075+00:00,True,True,4f740e68f1591f0f2febd136ef1770d8683382e5fc30c59b889bc51d7b776159,2e7a6fd8bee6371a412298f104ed98f0b25bbb6e0b8f3468fa15f947c4832bb5,30,30,0,2,25,3,27,True,True,True,True,False,False,0.9,60,60,0,0,48,12,48,True,False,False,False,False,False,0.8,928,928,0,365,317,246,682,True,True,True,True,True,True,0.7349137931034483
71f0603f,1,engagement,600,10.0,71f0603f__day1____2023.11.28T09.25.58p03.00,Old_EEG__71f0603f__day1____2023.11.28T09.25.58p03.00,2023-11-28T06:25:58.034290075+00:00,6546.454651832581,True,600.0,True,2023-11-28T06:40:58.034290075+00:00,True,True,ad294d7704032572f7c414f325887faa81251b4e4a349418a9c89f54a7efb49f,2e7a6fd8bee6371a412298f104ed98f0b25bbb6e0b8f3468fa15f947c4832bb5,60,60,0,2,51,7,53,True,True,True,True,False,False,0.8833333333333333,30,30,0,0,22,8,22,True,False,False,False,False,False,0.7333333333333333,928,928,0,365,317,246,682,True,True,True,True,True,True,0.7349137931034483
71f0603f,1,engagement,900,15.0,71f0603f__day1____2023.11.28T09.25.58p03.00,Old_EEG__71f0603f__day1____2023.11.28T09.25.58p03.00,2023-11-28T06:25:58.034290075+00:00,6546.454651832581,True,900.0,True,2023-11-28T06:40:58.034290075+00:00,True,True,7a8ff20283e15479c42ee4d825fe05c5c14fb5bb969aec1b21b732953c4ff1eb,2e7a6fd8bee6371a412298f104ed98f0b25bbb6e0b8f3468fa15f947c4832bb5,90,90,0,2,73,15,75,True,True,True,True,False,False,0.8333333333333334,0,0,0,0,0,0,0,False,False,False,False,False,False,,928,928,0,365,317,246,682,True,True,True,True,True,True,0.7349137931034483
71f0603f,1,excitement,300,5.0,71f0603f__day1____2023.11.28T09.25.58p03.00,Old_EEG__71f0603f__day1____2023.11.28T09.25.58p03.00,2023-11-28T06:25:58.034290075+00:00,6546.454651832581,True,300.0,True,2023-11-28T06:40:58.034290075+00:00,True,True,d4ae5fa6f395dc2d73362d2114653e4ca17ae5f4613f2582031defdad9434570,8394fafe5fcf6b352f7346c87f0ac133e245635d2d256b990eb25c319204e845,30,30,0,11,4,15,15,True,True,True,True,True,False,0.5,60,60,0,11,14,35,25,True,True,True,True,True,True,0.4166666666666667,928,928,0,277,399,252,676,True,True,True,True,True,True,0.728448275862069
71f0603f,1,excitement,600,10.0,71f0603f__day1____2023.11.28T09.25.58p03.00,Old_EEG__71f0603f__day1____2023.11.28T09.25.58p03.00,2023-11-28T06:25:58.034290075+00:00,6546.454651832581,True,600.0,True,2023-11-28T06:40:58.034290075+00:00,True,True,edfc8225ce8caf8c66af0847a86b6bb27bf0a45e3f411e10d039118a08bfdebb,8394fafe5fcf6b352f7346c87f0ac133e245635d2d256b990eb25c319204e845,60,60,0,17,10,33,27,True,True,True,True,True,True,0.45,30,30,0,5,8,17,13,True,True,True,True,True,True,0.43333333333333335,928,928,0,277,399,252,676,True,True,True,True,True,True,0.728448275862069
71f0603f,1,excitement,900,15.0,71f0603f__day1____2023.11.28T09.25.58p03.00,Old_EEG__71f0603f__day1____2023.11.28T09.25.58p03.00,2023-11-28T06:25:58.034290075+00:00,6546.454651832581,True,900.0,True,2023-11-28T06:40:58.034290075+00:00,True,True,ec4a3d34c24f240ecd096d7b3c39508f88540d253e93023b9bb366835058817d,8394fafe5fcf6b352f7346c87f0ac133e245635d2d256b990eb25c319204e845,90,90,0,22,18,50,40,True,True,True,True,True,True,0.4444444444444444,0,0,0,0,0,0,0,False,False,False,False,False,False,,928,928,0,277,399,252,676,True,True,True,True,True,True,0.728448275862069
71f0603f,1,stress,300,5.0,71f0603f__day1____2023.11.28T09.25.58p03.00,Old_EEG__71f0603f__day1____2023.11.28T09.25.58p03.00,2023-11-28T06:25:58.034290075+00:00,6546.454651832581,True,300.0,True,2023-11-28T06:40:58.034290075+00:00,True,True,447ab24719839079ad91977059d57c550fa2902a2d1b92b8a74e94bcd5b6e080,ad4b219d86bf535d4879008bfd95ec6573bf848dd5f14b40800c98987fd27412,30,30,0,24,5,1,29,True,True,True,True,True,True,0.9666666666666667,60,60,0,44,7,9,51,True,True,True,True,True,True,0.85,928,928,0,196,369,363,565,True,True,True,True,True,True,0.6088362068965517
71f0603f,1,stress,600,10.0,71f0603f__day1____2023.11.28T09.25.58p03.00,Old_EEG__71f0603f__day1____2023.11.28T09.25.58p03.00,2023-11-28T06:25:58.034290075+00:00,6546.454651832581,True,600.0,True,2023-11-28T06:40:58.034290075+00:00,True,True,2db31992e44fd57b50adc13debec726295ab2e66b6d86f5c8cae416e532156cc,ad4b219d86bf535d4879008bfd95ec6573bf848dd5f14b40800c98987fd27412,60,60,0,45,11,4,56,True,True,True,True,True,True,0.9333333333333333,30,30,0,23,1,6,24,True,True,True,False,False,False,0.8,928,928,0,196,369,363,565,True,True,True,True,True,True,0.6088362068965517
71f0603f,1,stress,900,15.0,71f0603f__day1____2023.11.28T09.25.58p03.00,Old_EEG__71f0603f__day1____2023.11.28T09.25.58p03.00,2023-11-28T06:25:58.034290075+00:00,6546.454651832581,True,900.0,True,2023-11-28T06:40:58.034290075+00:00,True,True,1389e81aab94cac75bb925cd17e3f2d9e0302c99919d12771ae095576d1fe3b2,ad4b219d86bf535d4879008bfd95ec6573bf848dd5f14b40800c98987fd27412,90,90,0,68,12,10,80,True,True,True,True,True,True,0.8888888888888888,0,0,0,0,0,0,0,False,False,False,False,False,False,,928,928,0,196,369,363,565,True,True,True,True,True,True,0.6088362068965517
71f0603f,1,relaxation,300,5.0,71f0603f__day1____2023.11.28T09.25.58p03.00,Old_EEG__71f0603f__day1____2023.11.28T09.25.58p03.00,2023-11-28T06:25:58.034290075+00:00,6546.454651832581,True,300.0,True,2023-11-28T06:40:58.034290075+00:00,True,True,0e735f0cc5518981a06a7d977370ca01efb9a3f95e648c8f21b2cc2538949f6f,6e4415540d609e4f12916e3d036dbdaadac60a24ef1360cdb773a02cf4300b97,30,30,0,10,2,18,12,True,True,True,True,False,False,0.4,60,60,0,19,4,37,23,True,True,True,True,True,False,0.38333333333333336,928,928,0,277,447,204,724,True,True,True,True,True,True,0.7801724137931034
71f0603f,1,relaxation,600,10.0,71f0603f__day1____2023.11.28T09.25.58p03.00,Old_EEG__71f0603f__day1____2023.11.28T09.25.58p03.00,2023-11-28T06:25:58.034290075+00:00,6546.454651832581,True,600.0,True,2023-11-28T06:40:58.034290075+00:00,True,True,cb7db297ccf0b591b2dc290cd6736511214d525496ff53e9401256b8c507e351,6e4415540d609e4f12916e3d036dbdaadac60a24ef1360cdb773a02cf4300b97,60,60,0,18,6,36,24,True,True,True,True,True,True,0.4,30,30,0,11,0,19,11,True,False,False,False,False,False,0.36666666666666664,928,928,0,277,447,204,724,True,True,True,True,True,True,0.7801724137931034
71f0603f,1,relaxation,900,15.0,71f0603f__day1____2023.11.28T09.25.58p03.00,Old_EEG__71f0603f__day1____2023.11.28T09.25.58p03.00,2023-11-28T06:25:58.034290075+00:00,6546.454651832581,True,900.0,True,2023-11-28T06:40:58.034290075+00:00,True,True,bf22877e3bbbb2be4099528f21262292706e3158c552f50b999161fef8aed42d,6e4415540d609e4f12916e3d036dbdaadac60a24ef1360cdb773a02cf4300b97,90,90,0,29,6,55,35,True,True,True,True,True,True,0.3888888888888889,0,0,0,0,0,0,0,False,False,False,False,False,False,,928,928,0,277,447,204,724,True,True,True,True,True,True,0.7801724137931034
71f0603f,1,interest,300,5.0,71f0603f__day1____2023.11.28T09.25.58p03.00,Old_EEG__71f0603f__day1____2023.11.28T09.25.58p03.00,2023-11-28T06:25:58.034290075+00:00,6546.454651832581,True,300.0,True,2023-11-28T06:40:58.034290075+00:00,True,True,3209179a4840ea4b8035281c995d21101ca53ec3411684f75d5b48bab7d48db6,de742f9742fea8f470582ebad81ac0bda47cad19be4f33f6f795fbcfbb40777f,30,30,0,18,8,4,26,True,True,True,True,True,True,0.8666666666666667,60,60,0,26,20,14,46,True,True,True,True,True,True,0.7666666666666667,928,928,0,337,407,184,744,True,True,True,True,True,True,0.8017241379310345
71f0603f,1,interest,600,10.0,71f0603f__day1____2023.11.28T09.25.58p03.00,Old_EEG__71f0603f__day1____2023.11.28T09.25.58p03.00,2023-11-28T06:25:58.034290075+00:00,6546.454651832581,True,600.0,True,2023-11-28T06:40:58.034290075+00:00,True,True,a6d999c6b15e094ddf14db8b804e95df3f9aae674fd11eade27f435df965905c,de742f9742fea8f470582ebad81ac0bda47cad19be4f33f6f795fbcfbb40777f,60,60,0,31,17,12,48,True,True,True,True,True,True,0.8,30,30,0,13,11,6,24,True,True,True,True,True,True,0.8,928,928,0,337,407,184,744,True,True,True,True,True,True,0.8017241379310345
71f0603f,1,interest,900,15.0,71f0603f__day1____2023.11.28T09.25.58p03.00,Old_EEG__71f0603f__day1____2023.11.28T09.25.58p03.00,2023-11-28T06:25:58.034290075+00:00,6546.454651832581,True,900.0,True,2023-11-28T06:40:58.034290075+00:00,True,True,68cfdf56ddf09772a157a6a999b3d16bcbec6d3834c6192c1821ee912c87d571,de742f9742fea8f470582ebad81ac0bda47cad19be4f33f6f795fbcfbb40777f,90,90,0,44,28,18,72,True,True,True,True,True,True,0.8,0,0,0,0,0,0,0,False,False,False,False,False,False,,928,928,0,337,407,184,744,True,True,True,True,True,True,0.8017241379310345
71f0603f,1,focus,300,5.0,71f0603f__day1____2023.11.28T09.25.58p03.00,Old_EEG__71f0603f__day1____2023.11.28T09.25.58p03.00,2023-11-28T06:25:58.034290075+00:00,6546.454651832581,True,300.0,True,2023-11-28T06:40:58.034290075+00:00,True,True,f048c6efc5c84655bd92f634626edccfb2feb957a706d5381c547244c9385615,6fe91c642ece31f2413e2330b62b7177f4d90bc189fd8e467bf8bd7cbd4ad588,30,30,0,13,3,14,16,True,True,True,True,True,False,0.5333333333333333,60,60,0,20,10,30,30,True,True,True,True,True,True,0.5,928,928,0,307,387,234,694,True,True,True,True,True,True,0.7478448275862069
71f0603f,1,focus,600,10.0,71f0603f__day1____2023.11.28T09.25.58p03.00,Old_EEG__71f0603f__day1____2023.11.28T09.25.58p03.00,2023-11-28T06:25:58.034290075+00:00,6546.454651832581,True,600.0,True,2023-11-28T06:40:58.034290075+00:00,True,True,db5322b595106b3c25542a29968ec9826116d572d9a8f6b1eaf3ac665bbc9622,6fe91c642ece31f2413e2330b62b7177f4d90bc189fd8e467bf8bd7cbd4ad588,60,60,0,26,5,29,31,True,True,True,True,True,True,0.5166666666666667,30,30,0,7,8,15,15,True,True,True,True,True,True,0.5,928,928,0,307,387,234,694,True,True,True,True,True,True,0.7478448275862069
71f0603f,1,focus,900,15.0,71f0603f__day1____2023.11.28T09.25.58p03.00,Old_EEG__71f0603f__day1____2023.11.28T09.25.58p03.00,2023-11-28T06:25:58.034290075+00:00,6546.454651832581,True,900.0,True,2023-11-28T06:40:58.034290075+00:00,True,True,285f267e903bdf8edf75cded1d76b87ca6d33f0d80198f72c85d3ab04fbca44b,6fe91c642ece31f2413e2330b62b7177f4d90bc189fd8e467bf8bd7cbd4ad588,90,90,0,33,13,44,46,True,True,True,True,True,True,0.5111111111111111,0,0,0,0,0,0,0,False,False,False,False,False,False,,928,928,0,307,387,234,694,True,True,True,True,True,True,0.7478448275862069
71f21142,3,attention,300,5.0,71f21142__day1____2024.01.23T17.38.50p03.00,gpn_data__71f21142__day1____2024.01.23T17.38.50p03.00,2024-01-23T14:38:50.980827093+00:00,5735.371783018112,True,300.0,True,2024-01-23T14:53:50.980827093+00:00,True,True,dee4dd25209816546307d609f13087a8b8d57facceb5cc14410436ebe74596f5,eca257ad6a9b11ea4cd3550e891020b3b799efa47201aed600147c85c19190e3,30,30,0,2,11,17,13,True,True,True,True,False,False,0.43333333333333335,60,60,0,26,3,31,29,True,True,True,True,True,False,0.48333333333333334,412,411,1,123,163,125,286,True,True,True,True,True,True,0.6958637469586375
71f21142,3,attention,600,10.0,71f21142__day1____2024.01.23T17.38.50p03.00,gpn_data__71f21142__day1____2024.01.23T17.38.50p03.00,2024-01-23T14:38:50.980827093+00:00,5735.371783018112,True,600.0,True,2024-01-23T14:53:50.980827093+00:00,True,True,e31fddafcbf25a36a4f8079cb655dc3c35741527787ffe8b0a006b80b538b0be,eca257ad6a9b11ea4cd3550e891020b3b799efa47201aed600147c85c19190e3,60,60,0,12,11,37,23,True,True,True,True,True,True,0.38333333333333336,30,30,0,16,3,11,19,True,True,True,True,True,False,0.6333333333333333,412,411,1,123,163,125,286,True,True,True,True,True,True,0.6958637469586375
71f21142,3,attention,900,15.0,71f21142__day1____2024.01.23T17.38.50p03.00,gpn_data__71f21142__day1____2024.01.23T17.38.50p03.00,2024-01-23T14:38:50.980827093+00:00,5735.371783018112,True,900.0,True,2024-01-23T14:53:50.980827093+00:00,True,True,8facc271590a53896560872dde9d6b0a348ee1320a03a616480965f724c91ebe,eca257ad6a9b11ea4cd3550e891020b3b799efa47201aed600147c85c19190e3,90,90,0,28,14,48,42,True,True,True,True,True,True,0.4666666666666667,0,0,0,0,0,0,0,False,False,False,False,False,False,,412,411,1,123,163,125,286,True,True,True,True,True,True,0.6958637469586375
71f21142,3,engagement,300,5.0,71f21142__day1____2024.01.23T17.38.50p03.00,gpn_data__71f21142__day1____2024.01.23T17.38.50p03.00,2024-01-23T14:38:50.980827093+00:00,5735.371783018112,True,300.0,False,2024-01-23T14:53:50.980827093+00:00,True,False,27269ff7102d4d30b49ef229816aa850aabd7f5535616be3f24e57bb4e94d7ad,0cf3e7ad938e7212ee3207e5d8d7da34e7e676ec4978cd3911a7b7fe1c74e778,30,30,0,21,0,9,21,True,False,False,False,False,False,0.7,60,60,0,35,1,24,36,True,True,True,False,False,False,0.6,412,412,0,175,76,161,251,True,True,True,True,True,True,0.6092233009708737
71f21142,3,engagement,600,10.0,71f21142__day1____2024.01.23T17.38.50p03.00,gpn_data__71f21142__day1____2024.01.23T17.38.50p03.00,2024-01-23T14:38:50.980827093+00:00,5735.371783018112,True,600.0,False,2024-01-23T14:53:50.980827093+00:00,True,False,c3dafb594ea60fdba6984e6a2c3ce04732a107d9e5f8724cfb39a40a6d00dbef,0cf3e7ad938e7212ee3207e5d8d7da34e7e676ec4978cd3911a7b7fe1c74e778,60,60,0,48,0,12,48,True,False,False,False,False,False,0.8,30,30,0,8,1,21,9,True,True,True,False,False,False,0.3,412,412,0,175,76,161,251,True,True,True,True,True,True,0.6092233009708737
71f21142,3,engagement,900,15.0,71f21142__day1____2024.01.23T17.38.50p03.00,gpn_data__71f21142__day1____2024.01.23T17.38.50p03.00,2024-01-23T14:38:50.980827093+00:00,5735.371783018112,True,900.0,False,2024-01-23T14:53:50.980827093+00:00,True,False,9ffff8f709cabf56b5ed8892af0182e43bafc2407437a9fd8be4d41ecbbf0f16,0cf3e7ad938e7212ee3207e5d8d7da34e7e676ec4978cd3911a7b7fe1c74e778,90,90,0,56,1,33,57,True,True,True,False,False,False,0.6333333333333333,0,0,0,0,0,0,0,False,False,False,False,False,False,,412,412,0,175,76,161,251,True,True,True,True,True,True,0.6092233009708737
71f21142,3,excitement,300,5.0,71f21142__day1____2024.01.23T17.38.50p03.00,gpn_data__71f21142__day1____2024.01.23T17.38.50p03.00,2024-01-23T14:38:50.980827093+00:00,5735.371783018112,True,300.0,True,2024-01-23T14:53:50.980827093+00:00,True,True,18ab341f6bc39a0d7f6d356dd5dd031de5abc6f0a41dac66fe7d523ac3b48742,92059fa13de173de7a50e1558f318aae53a819b39c20547b62143fbffde92f5f,30,30,0,17,7,6,24,True,True,True,True,True,True,0.8,60,60,0,31,11,18,42,True,True,True,True,True,True,0.7,412,412,0,233,101,78,334,True,True,True,True,True,True,0.8106796116504854
71f21142,3,excitement,600,10.0,71f21142__day1____2024.01.23T17.38.50p03.00,gpn_data__71f21142__day1____2024.01.23T17.38.50p03.00,2024-01-23T14:38:50.980827093+00:00,5735.371783018112,True,600.0,True,2024-01-23T14:53:50.980827093+00:00,True,True,95c005bbeaf67a35df8016bb8dff40196faec927a2627f2ee104f03d7728b25a,92059fa13de173de7a50e1558f318aae53a819b39c20547b62143fbffde92f5f,60,60,0,36,9,15,45,True,True,True,True,True,True,0.75,30,30,0,12,9,9,21,True,True,True,True,True,True,0.7,412,412,0,233,101,78,334,True,True,True,True,True,True,0.8106796116504854
71f21142,3,excitement,900,15.0,71f21142__day1____2024.01.23T17.38.50p03.00,gpn_data__71f21142__day1____2024.01.23T17.38.50p03.00,2024-01-23T14:38:50.980827093+00:00,5735.371783018112,True,900.0,True,2024-01-23T14:53:50.980827093+00:00,True,True,769e6315b21440d71fdaa76f8407b4adc4165135349c0c58771e143e6e1db5be,92059fa13de173de7a50e1558f318aae53a819b39c20547b62143fbffde92f5f,90,90,0,48,18,24,66,True,True,True,True,True,True,0.7333333333333333,0,0,0,0,0,0,0,False,False,False,False,False,False,,412,412,0,233,101,78,334,True,True,True,True,True,True,0.8106796116504854
71f21142,3,stress,300,5.0,71f21142__day1____2024.01.23T17.38.50p03.00,gpn_data__71f21142__day1____2024.01.23T17.38.50p03.00,2024-01-23T14:38:50.980827093+00:00,5735.371783018112,True,300.0,False,2024-01-23T14:53:50.980827093+00:00,False,False,d5b20cf0d97bb37f9891c8bf02452c13209c222a6c29ffda051caed7297b6ff6,b30b416c342b1e55b0d8bf0469ce7a01c19f96f26aee10ba8183aad5a5cf6dad,30,30,0,29,0,1,29,True,False,False,False,False,False,0.9666666666666667,60,60,0,12,2,46,14,True,True,True,True,False,False,0.23333333333333334,412,412,0,0,126,286,126,True,False,False,False,False,False,0.3058252427184466
71f21142,3,stress,600,10.0,71f21142__day1____2024.01.23T17.38.50p03.00,gpn_data__71f21142__day1____2024.01.23T17.38.50p03.00,2024-01-23T14:38:50.980827093+00:00,5735.371783018112,True,600.0,False,2024-01-23T14:53:50.980827093+00:00,False,False,b449d3c52dbbcd9d989c8c8b87d5ae4208e0349efe04574690569298517ce760,b30b416c342b1e55b0d8bf0469ce7a01c19f96f26aee10ba8183aad5a5cf6dad,60,60,0,41,0,19,41,True,False,False,False,False,False,0.6833333333333333,30,30,0,0,2,28,2,True,False,False,False,False,False,0.06666666666666667,412,412,0,0,126,286,126,True,False,False,False,False,False,0.3058252427184466
71f21142,3,stress,900,15.0,71f21142__day1____2024.01.23T17.38.50p03.00,gpn_data__71f21142__day1____2024.01.23T17.38.50p03.00,2024-01-23T14:38:50.980827093+00:00,5735.371783018112,True,900.0,True,2024-01-23T14:53:50.980827093+00:00,False,False,3c740ab75236f02600da004b0075f9ef023de9e17949541110a8e9f083c03091,b30b416c342b1e55b0d8bf0469ce7a01c19f96f26aee10ba8183aad5a5cf6dad,90,90,0,41,2,47,43,True,True,True,True,False,False,0.4777777777777778,0,0,0,0,0,0,0,False,False,False,False,False,False,,412,412,0,0,126,286,126,True,False,False,False,False,False,0.3058252427184466
71f21142,3,relaxation,300,5.0,71f21142__day1____2024.01.23T17.38.50p03.00,gpn_data__71f21142__day1____2024.01.23T17.38.50p03.00,2024-01-23T14:38:50.980827093+00:00,5735.371783018112,True,300.0,False,2024-01-23T14:53:50.980827093+00:00,True,False,10100ebc5490f9faa524680feeda3200c2c9834e96b04bc60420c9f06fa56b1d,89943df7d1536b1a8b52360bd70597501811030507712f17df8d3a1664833b99,30,30,0,0,7,23,7,True,False,False,False,False,False,0.23333333333333334,60,60,0,0,42,18,42,True,False,False,False,False,False,0.7,412,412,0,178,131,103,309,True,True,True,True,True,True,0.75
71f21142,3,relaxation,600,10.0,71f21142__day1____2024.01.23T17.38.50p03.00,gpn_data__71f21142__day1____2024.01.23T17.38.50p03.00,2024-01-23T14:38:50.980827093+00:00,5735.371783018112,True,600.0,False,2024-01-23T14:53:50.980827093+00:00,True,False,79f09bba820e9a25e14b86ad03460723f7d3b277c03f7389e722311f6378b25e,89943df7d1536b1a8b52360bd70597501811030507712f17df8d3a1664833b99,60,60,0,0,31,29,31,True,False,False,False,False,False,0.5166666666666667,30,30,0,0,18,12,18,True,False,False,False,False,False,0.6,412,412,0,178,131,103,309,True,True,True,True,True,True,0.75
71f21142,3,relaxation,900,15.0,71f21142__day1____2024.01.23T17.38.50p03.00,gpn_data__71f21142__day1____2024.01.23T17.38.50p03.00,2024-01-23T14:38:50.980827093+00:00,5735.371783018112,True,900.0,False,2024-01-23T14:53:50.980827093+00:00,True,False,4bb67f3b7e46bfcbcea5208734a60f8d897ac92aeda89491c22a295a1ad9f467,89943df7d1536b1a8b52360bd70597501811030507712f17df8d3a1664833b99,90,90,0,0,49,41,49,True,False,False,False,False,False,0.5444444444444444,0,0,0,0,0,0,0,False,False,False,False,False,False,,412,412,0,178,131,103,309,True,True,True,True,True,True,0.75
71f21142,3,interest,300,5.0,71f21142__day1____2024.01.23T17.38.50p03.00,gpn_data__71f21142__day1____2024.01.23T17.38.50p03.00,2024-01-23T14:38:50.980827093+00:00,5735.371783018112,True,300.0,False,2024-01-23T14:53:50.980827093+00:00,True,False,33ae3c415762b8b5ea8960a95a4532aee60edbedf7f58fd237255414212e488f,906f1675ea7800d1303d0cf508a82543f328bebc97614c8cd077e34f86b5fc2d,30,30,0,21,0,9,21,True,False,False,False,False,False,0.7,60,60,0,0,7,53,7,True,False,False,False,False,False,0.11666666666666667,412,412,0,17,125,270,142,True,True,True,True,True,True,0.3446601941747573
71f21142,3,interest,600,10.0,71f21142__day1____2024.01.23T17.38.50p03.00,gpn_data__71f21142__day1____2024.01.23T17.38.50p03.00,2024-01-23T14:38:50.980827093+00:00,5735.371783018112,True,600.0,True,2024-01-23T14:53:50.980827093+00:00,True,True,004bab908a9af13749998a13656e5edb49055afac4d35ccd49ef699ff63af85b,906f1675ea7800d1303d0cf508a82543f328bebc97614c8cd077e34f86b5fc2d,60,60,0,21,2,37,23,True,True,True,True,False,False,0.38333333333333336,30,30,0,0,5,25,5,True,False,False,False,False,False,0.16666666666666666,412,412,0,17,125,270,142,True,True,True,True,True,True,0.3446601941747573
71f21142,3,interest,900,15.0,71f21142__day1____2024.01.23T17.38.50p03.00,gpn_data__71f21142__day1____2024.01.23T17.38.50p03.00,2024-01-23T14:38:50.980827093+00:00,5735.371783018112,True,900.0,True,2024-01-23T14:53:50.980827093+00:00,True,True,bd64c3b05dc9af551387fd3291d1a65099bae5172a54406c2ca1e275710e1079,906f1675ea7800d1303d0cf508a82543f328bebc97614c8cd077e34f86b5fc2d,90,90,0,21,7,62,28,True,True,True,True,True,True,0.3111111111111111,0,0,0,0,0,0,0,False,False,False,False,False,False,,412,412,0,17,125,270,142,True,True,True,True,True,True,0.3446601941747573
71f21142,3,focus,300,5.0,71f21142__day1____2024.01.23T17.38.50p03.00,gpn_data__71f21142__day1____2024.01.23T17.38.50p03.00,2024-01-23T14:38:50.980827093+00:00,5735.371783018112,True,300.0,False,2024-01-23T14:53:50.980827093+00:00,True,False,941706a6965cbf6874f164bf199b3a125adb85738c8f8c7781990787c31829b2,4fa3df54acaa539d50debba889a966aa2d8bcfb042ea20340bf3bb8c3ad760ea,30,30,0,23,1,6,24,True,True,True,False,False,False,0.8,60,60,0,45,4,11,49,True,True,True,True,True,False,0.8166666666666667,412,412,0,154,127,131,281,True,True,True,True,True,True,0.6820388349514563
71f21142,3,focus,600,10.0,71f21142__day1____2024.01.23T17.38.50p03.00,gpn_data__71f21142__day1____2024.01.23T17.38.50p03.00,2024-01-23T14:38:50.980827093+00:00,5735.371783018112,True,600.0,True,2024-01-23T14:53:50.980827093+00:00,True,True,1f27e1052287806189712662d528957ad640a8cc13e25c6108742e67df457206,4fa3df54acaa539d50debba889a966aa2d8bcfb042ea20340bf3bb8c3ad760ea,60,60,0,50,2,8,52,True,True,True,True,False,False,0.8666666666666667,30,30,0,18,3,9,21,True,True,True,True,True,False,0.7,412,412,0,154,127,131,281,True,True,True,True,True,True,0.6820388349514563
71f21142,3,focus,900,15.0,71f21142__day1____2024.01.23T17.38.50p03.00,gpn_data__71f21142__day1____2024.01.23T17.38.50p03.00,2024-01-23T14:38:50.980827093+00:00,5735.371783018112,True,900.0,True,2024-01-23T14:53:50.980827093+00:00,True,True,dd9fa19b01e63de1fa22fdf4b6d187cc3ffb11f4515d76d449fb748c20e3ee27,4fa3df54acaa539d50debba889a966aa2d8bcfb042ea20340bf3bb8c3ad760ea,90,90,0,68,5,17,73,True,True,True,True,True,True,0.8111111111111111,0,0,0,0,0,0,0,False,False,False,False,False,False,,412,412,0,154,127,131,281,True,True,True,True,True,True,0.6820388349514563
8030618f,4,attention,300,5.0,8030618f__day1____2023.12.11T11.51.47p03.00,gpn_data__8030618f__day1____2023.12.11T11.51.47p03.00,2023-12-11T08:51:47.333429098+00:00,4561.648490905762,True,300.0,True,2023-12-11T09:06:47.333429098+00:00,True,True,69268df94924cee0a17c3c096af537009f0e66586a890f2457324fe2350ce71b,d6dacc136f17f7ad77b3bdc1a1e563428383227b781bb8e3e376aed3c3d76951,30,30,0,4,9,17,13,True,True,True,True,True,False,0.43333333333333335,60,60,0,12,12,36,24,True,True,True,True,True,True,0.4,360,359,1,139,136,84,275,True,True,True,True,True,True,0.766016713091922
8030618f,4,attention,600,10.0,8030618f__day1____2023.12.11T11.51.47p03.00,gpn_data__8030618f__day1____2023.12.11T11.51.47p03.00,2023-12-11T08:51:47.333429098+00:00,4561.648490905762,True,600.0,True,2023-12-11T09:06:47.333429098+00:00,True,True,c8faaefe3ff3138685e6903388b3c20251d9ff078e1925536308635f429d92e1,d6dacc136f17f7ad77b3bdc1a1e563428383227b781bb8e3e376aed3c3d76951,60,60,0,11,15,34,26,True,True,True,True,True,True,0.43333333333333335,30,30,0,5,6,19,11,True,True,True,True,True,True,0.36666666666666664,360,359,1,139,136,84,275,True,True,True,True,True,True,0.766016713091922
8030618f,4,attention,900,15.0,8030618f__day1____2023.12.11T11.51.47p03.00,gpn_data__8030618f__day1____2023.12.11T11.51.47p03.00,2023-12-11T08:51:47.333429098+00:00,4561.648490905762,True,900.0,True,2023-12-11T09:06:47.333429098+00:00,True,True,6cc665832ddd8bd7abd6cbd01f3d18e0abfd639274cfbcafde7943ba512c9243,d6dacc136f17f7ad77b3bdc1a1e563428383227b781bb8e3e376aed3c3d76951,90,90,0,16,21,53,37,True,True,True,True,True,True,0.4111111111111111,0,0,0,0,0,0,0,False,False,False,False,False,False,,360,359,1,139,136,84,275,True,True,True,True,True,True,0.766016713091922
8030618f,4,engagement,300,5.0,8030618f__day1____2023.12.11T11.51.47p03.00,gpn_data__8030618f__day1____2023.12.11T11.51.47p03.00,2023-12-11T08:51:47.333429098+00:00,4561.648490905762,True,300.0,False,2023-12-11T09:06:47.333429098+00:00,True,False,230b9a7c752624880543140d6b599acf7cd7c3bbb6802bade04ec30c0e3595c4,4d6a8a1e1d2341099c9f6232865da18577d5388c319f4303c9d23ba54696e7d2,30,30,0,1,20,9,21,True,True,True,False,False,False,0.7,60,60,0,15,5,40,20,True,True,True,True,True,True,0.3333333333333333,360,360,0,170,29,161,199,True,True,True,True,True,True,0.5527777777777778
8030618f,4,engagement,600,10.0,8030618f__day1____2023.12.11T11.51.47p03.00,gpn_data__8030618f__day1____2023.12.11T11.51.47p03.00,2023-12-11T08:51:47.333429098+00:00,4561.648490905762,True,600.0,True,2023-12-11T09:06:47.333429098+00:00,True,True,af1d1abeccdf2b834797a945ba706e59cc5d28f75482a5032cbce082150f1862,4d6a8a1e1d2341099c9f6232865da18577d5388c319f4303c9d23ba54696e7d2,60,60,0,2,25,33,27,True,True,True,True,False,False,0.45,30,30,0,14,0,16,14,True,False,False,False,False,False,0.4666666666666667,360,360,0,170,29,161,199,True,True,True,True,True,True,0.5527777777777778
8030618f,4,engagement,900,15.0,8030618f__day1____2023.12.11T11.51.47p03.00,gpn_data__8030618f__day1____2023.12.11T11.51.47p03.00,2023-12-11T08:51:47.333429098+00:00,4561.648490905762,True,900.0,True,2023-12-11T09:06:47.333429098+00:00,True,True,6a23095b54b0642e81479f7f94e33ec814fcf90991b6b0643d795d0b90ebcd9d,4d6a8a1e1d2341099c9f6232865da18577d5388c319f4303c9d23ba54696e7d2,90,90,0,16,25,49,41,True,True,True,True,True,True,0.45555555555555555,0,0,0,0,0,0,0,False,False,False,False,False,False,,360,360,0,170,29,161,199,True,True,True,True,True,True,0.5527777777777778
8030618f,4,excitement,300,5.0,8030618f__day1____2023.12.11T11.51.47p03.00,gpn_data__8030618f__day1____2023.12.11T11.51.47p03.00,2023-12-11T08:51:47.333429098+00:00,4561.648490905762,True,300.0,True,2023-12-11T09:06:47.333429098+00:00,True,True,ab5c606dc47fb527aea1bc242e51994da469cd99a31f6c0aabf591f3f29bd65b,b04446f9ff15b6e381e59316d59680dd4c35a71f0805bcd037a97374475b35dd,30,30,0,18,3,9,21,True,True,True,True,True,False,0.7,60,60,0,29,5,26,34,True,True,True,True,True,True,0.5666666666666667,360,360,0,70,89,201,159,True,True,True,True,True,True,0.44166666666666665
8030618f,4,excitement,600,10.0,8030618f__day1____2023.12.11T11.51.47p03.00,gpn_data__8030618f__day1____2023.12.11T11.51.47p03.00,2023-12-11T08:51:47.333429098+00:00,4561.648490905762,True,600.0,True,2023-12-11T09:06:47.333429098+00:00,True,True,fef31a4815ffee907efb26aacbdf607d96a82733d9203b72ba0cc8d6a6088f68,b04446f9ff15b6e381e59316d59680dd4c35a71f0805bcd037a97374475b35dd,60,60,0,36,3,21,39,True,True,True,True,True,False,0.65,30,30,0,11,5,14,16,True,True,True,True,True,True,0.5333333333333333,360,360,0,70,89,201,159,True,True,True,True,True,True,0.44166666666666665
8030618f,4,excitement,900,15.0,8030618f__day1____2023.12.11T11.51.47p03.00,gpn_data__8030618f__day1____2023.12.11T11.51.47p03.00,2023-12-11T08:51:47.333429098+00:00,4561.648490905762,True,900.0,True,2023-12-11T09:06:47.333429098+00:00,True,True,9c2339be18a24856a31632f69572cd32d356cb36b7efab5036571b9704756741,b04446f9ff15b6e381e59316d59680dd4c35a71f0805bcd037a97374475b35dd,90,90,0,47,8,35,55,True,True,True,True,True,True,0.6111111111111112,0,0,0,0,0,0,0,False,False,False,False,False,False,,360,360,0,70,89,201,159,True,True,True,True,True,True,0.44166666666666665
8030618f,4,stress,300,5.0,8030618f__day1____2023.12.11T11.51.47p03.00,gpn_data__8030618f__day1____2023.12.11T11.51.47p03.00,2023-12-11T08:51:47.333429098+00:00,4561.648490905762,True,300.0,True,2023-12-11T09:06:47.333429098+00:00,True,True,ef7bb4f0cc29da6a7d47fa7a225a9c011003c7bf70e32a6dfacacb7e1bdb9532,392216c5294a0b7a0791b10112bdbb9fd09592f27f141143d878ccaf89dc5842,30,30,0,16,2,12,18,True,True,True,True,False,False,0.6,60,60,0,0,8,52,8,True,False,False,False,False,False,0.13333333333333333,360,360,0,1,159,200,160,True,True,True,False,False,False,0.4444444444444444
8030618f,4,stress,600,10.0,8030618f__day1____2023.12.11T11.51.47p03.00,gpn_data__8030618f__day1____2023.12.11T11.51.47p03.00,2023-12-11T08:51:47.333429098+00:00,4561.648490905762,True,600.0,True,2023-12-11T09:06:47.333429098+00:00,True,True,796322f2ecbab4a2b9bbce2344e4838e9e5718215720e76069ed45adb99b0219,392216c5294a0b7a0791b10112bdbb9fd09592f27f141143d878ccaf89dc5842,60,60,0,16,7,37,23,True,True,True,True,True,True,0.38333333333333336,30,30,0,0,3,27,3,True,False,False,False,False,False,0.1,360,360,0,1,159,200,160,True,True,True,False,False,False,0.4444444444444444
8030618f,4,stress,900,15.0,8030618f__day1____2023.12.11T11.51.47p03.00,gpn_data__8030618f__day1____2023.12.11T11.51.47p03.00,2023-12-11T08:51:47.333429098+00:00,4561.648490905762,True,900.0,True,2023-12-11T09:06:47.333429098+00:00,True,True,f8ce1c81358ae9bfa57fad67f4ee33fb90bcd9286e2ea2511848d0968cbc33c2,392216c5294a0b7a0791b10112bdbb9fd09592f27f141143d878ccaf89dc5842,90,90,0,16,10,64,26,True,True,True,True,True,True,0.28888888888888886,0,0,0,0,0,0,0,False,False,False,False,False,False,,360,360,0,1,159,200,160,True,True,True,False,False,False,0.4444444444444444
8030618f,4,relaxation,300,5.0,8030618f__day1____2023.12.11T11.51.47p03.00,gpn_data__8030618f__day1____2023.12.11T11.51.47p03.00,2023-12-11T08:51:47.333429098+00:00,4561.648490905762,True,300.0,False,2023-12-11T09:06:47.333429098+00:00,True,False,c6345bb78da1a7d71a2fc928d428df6db8e441acd100745701bd51d398c51c9d,f0fa88b9a8481d4e4b3d6c3946b11f33f55154344453704eb63bd3fb80d49fb0,30,30,0,5,1,24,6,True,True,True,False,False,False,0.2,60,60,0,1,14,45,15,True,True,True,False,False,False,0.25,360,360,0,116,114,130,230,True,True,True,True,True,True,0.6388888888888888
8030618f,4,relaxation,600,10.0,8030618f__day1____2023.12.11T11.51.47p03.00,gpn_data__8030618f__day1____2023.12.11T11.51.47p03.00,2023-12-11T08:51:47.333429098+00:00,4561.648490905762,True,600.0,True,2023-12-11T09:06:47.333429098+00:00,True,True,dde5fe385ed957b4aa6546f13e69c5e800fd45f24ebfba4f22acdccae75939db,f0fa88b9a8481d4e4b3d6c3946b11f33f55154344453704eb63bd3fb80d49fb0,60,60,0,5,7,48,12,True,True,True,True,True,True,0.2,30,30,0,1,8,21,9,True,True,True,False,False,False,0.3,360,360,0,116,114,130,230,True,True,True,True,True,True,0.6388888888888888
8030618f,4,relaxation,900,15.0,8030618f__day1____2023.12.11T11.51.47p03.00,gpn_data__8030618f__day1____2023.12.11T11.51.47p03.00,2023-12-11T08:51:47.333429098+00:00,4561.648490905762,True,900.0,True,2023-12-11T09:06:47.333429098+00:00,True,True,eecdc8d7ade8fbc632ab9c132d8ca0abdd6dd851eb01015dc61338caa7b386a5,f0fa88b9a8481d4e4b3d6c3946b11f33f55154344453704eb63bd3fb80d49fb0,90,90,0,6,15,69,21,True,True,True,True,True,True,0.23333333333333334,0,0,0,0,0,0,0,False,False,False,False,False,False,,360,360,0,116,114,130,230,True,True,True,True,True,True,0.6388888888888888
8030618f,4,interest,300,5.0,8030618f__day1____2023.12.11T11.51.47p03.00,gpn_data__8030618f__day1____2023.12.11T11.51.47p03.00,2023-12-11T08:51:47.333429098+00:00,4561.648490905762,True,300.0,False,2023-12-11T09:06:47.333429098+00:00,True,False,cb318889a271356395ddb21b00319bd7dac1e1ef63cfc338b4f401d46412877c,873537944e7c41809bae19ca4ea279f40b2f4a07e9da8e27619bbc7875a17b05,30,30,0,27,0,3,27,True,False,False,False,False,False,0.9,60,60,0,13,3,44,16,True,True,True,True,True,False,0.26666666666666666,360,360,0,43,134,183,177,True,True,True,True,True,True,0.49166666666666664
8030618f,4,interest,600,10.0,8030618f__day1____2023.12.11T11.51.47p03.00,gpn_data__8030618f__day1____2023.12.11T11.51.47p03.00,2023-12-11T08:51:47.333429098+00:00,4561.648490905762,True,600.0,False,2023-12-11T09:06:47.333429098+00:00,True,False,ad090c7835a1f9b72a1b8213839e54f5ae4ca9a26e229cd8fe53be0d84c0dd74,873537944e7c41809bae19ca4ea279f40b2f4a07e9da8e27619bbc7875a17b05,60,60,0,39,0,21,39,True,False,False,False,False,False,0.65,30,30,0,1,3,26,4,True,True,True,False,False,False,0.13333333333333333,360,360,0,43,134,183,177,True,True,True,True,True,True,0.49166666666666664
8030618f,4,interest,900,15.0,8030618f__day1____2023.12.11T11.51.47p03.00,gpn_data__8030618f__day1____2023.12.11T11.51.47p03.00,2023-12-11T08:51:47.333429098+00:00,4561.648490905762,True,900.0,True,2023-12-11T09:06:47.333429098+00:00,True,True,9c21509f30ffc630b290bebe82f6390d43c3c34e98a7fa3cb9b30cee072c903f,873537944e7c41809bae19ca4ea279f40b2f4a07e9da8e27619bbc7875a17b05,90,90,0,40,3,47,43,True,True,True,True,True,False,0.4777777777777778,0,0,0,0,0,0,0,False,False,False,False,False,False,,360,360,0,43,134,183,177,True,True,True,True,True,True,0.49166666666666664
8030618f,4,focus,300,5.0,8030618f__day1____2023.12.11T11.51.47p03.00,gpn_data__8030618f__day1____2023.12.11T11.51.47p03.00,2023-12-11T08:51:47.333429098+00:00,4561.648490905762,True,300.0,True,2023-12-11T09:06:47.333429098+00:00,True,True,5bd505b3cfc3aa39b32d8989e98101f2d65de5d6348fa988a52f7a7b12d2f561,f3b5777e79b7a7f303f2546caf729bfee6e02e62d270c8eb65980e6d412cd2a0,30,30,0,26,2,2,28,True,True,True,True,False,False,0.9333333333333333,60,60,0,42,0,18,42,True,False,False,False,False,False,0.7,360,360,0,87,125,148,212,True,True,True,True,True,True,0.5888888888888889
8030618f,4,focus,600,10.0,8030618f__day1____2023.12.11T11.51.47p03.00,gpn_data__8030618f__day1____2023.12.11T11.51.47p03.00,2023-12-11T08:51:47.333429098+00:00,4561.648490905762,True,600.0,True,2023-12-11T09:06:47.333429098+00:00,True,True,49d1e14ab3117cdc733902b32041eca4dd44ceb19828a594f2e4bd0794bdf61e,f3b5777e79b7a7f303f2546caf729bfee6e02e62d270c8eb65980e6d412cd2a0,60,60,0,54,2,4,56,True,True,True,True,False,False,0.9333333333333333,30,30,0,14,0,16,14,True,False,False,False,False,False,0.4666666666666667,360,360,0,87,125,148,212,True,True,True,True,True,True,0.5888888888888889
8030618f,4,focus,900,15.0,8030618f__day1____2023.12.11T11.51.47p03.00,gpn_data__8030618f__day1____2023.12.11T11.51.47p03.00,2023-12-11T08:51:47.333429098+00:00,4561.648490905762,True,900.0,True,2023-12-11T09:06:47.333429098+00:00,True,True,1522cf8bab35b1f15c63c8913c51257226287205c06b3a260a92b7dc7249ff45,f3b5777e79b7a7f303f2546caf729bfee6e02e62d270c8eb65980e6d412cd2a0,90,90,0,68,2,20,70,True,True,True,True,False,False,0.7777777777777778,0,0,0,0,0,0,0,False,False,False,False,False,False,,360,360,0,87,125,148,212,True,True,True,True,True,True,0.5888888888888889
8191f1d9,5,attention,300,5.0,8191f1d9__day1____2023.12.22T16.25.50p03.00,Old_EEG__8191f1d9__day1____2023.12.22T16.25.50p03.00,2023-12-22T13:25:50.612014055+00:00,7692.071485996246,True,300.0,False,2023-12-22T13:40:50.612014055+00:00,True,False,b2b65bae6c4ae7d33f464d679db993bb9a56176ef458192be4e834d25c916e14,82fad4cd6dad2fa2a5a5a92208eb8be8913bb1ae9aee4a4c5c016e1bc6551c4d,22,12,10,10,0,2,10,True,False,False,False,False,False,0.8333333333333334,43,28,15,6,12,10,18,True,True,True,True,True,True,0.6428571428571429,665,665,0,136,344,185,480,True,True,True,True,True,True,0.7218045112781954
8191f1d9,5,attention,600,10.0,8191f1d9__day1____2023.12.22T16.25.50p03.00,Old_EEG__8191f1d9__day1____2023.12.22T16.25.50p03.00,2023-12-22T13:25:50.612014055+00:00,7692.071485996246,True,600.0,True,2023-12-22T13:40:50.612014055+00:00,True,True,004de0239434c264254c3ead5dac82388931fa515dc3dbcbedb01153ffb8ab8e,82fad4cd6dad2fa2a5a5a92208eb8be8913bb1ae9aee4a4c5c016e1bc6551c4d,43,21,22,14,3,4,17,True,True,True,True,True,False,0.8095238095238095,22,19,3,2,9,8,11,True,True,True,True,False,False,0.5789473684210527,665,665,0,136,344,185,480,True,True,True,True,True,True,0.7218045112781954
8191f1d9,5,attention,900,15.0,8191f1d9__day1____2023.12.22T16.25.50p03.00,Old_EEG__8191f1d9__day1____2023.12.22T16.25.50p03.00,2023-12-22T13:25:50.612014055+00:00,7692.071485996246,True,900.0,True,2023-12-22T13:40:50.612014055+00:00,True,True,9fdc5f33b93f8e1edc1f58a909dae919c083e1a625be1dbd5d48b0129ca9fe9c,82fad4cd6dad2fa2a5a5a92208eb8be8913bb1ae9aee4a4c5c016e1bc6551c4d,65,40,25,16,12,12,28,True,True,True,True,True,True,0.7,0,0,0,0,0,0,0,False,False,False,False,False,False,,665,665,0,136,344,185,480,True,True,True,True,True,True,0.7218045112781954
8191f1d9,5,engagement,300,5.0,8191f1d9__day1____2023.12.22T16.25.50p03.00,Old_EEG__8191f1d9__day1____2023.12.22T16.25.50p03.00,2023-12-22T13:25:50.612014055+00:00,7692.071485996246,True,300.0,False,2023-12-22T13:40:50.612014055+00:00,True,False,e1e840a01c72af2d000fc83749804d201e60563e12d42fb69d2188fe1095bd99,e869b06339cb94e56c703d178195f29706df0254857b532df1a66721aa5f35a3,22,22,0,0,21,1,21,True,False,False,False,False,False,0.9545454545454546,43,43,0,6,21,16,27,True,True,True,True,True,True,0.627906976744186,665,665,0,497,78,90,575,True,True,True,True,True,True,0.8646616541353384
8191f1d9,5,engagement,600,10.0,8191f1d9__day1____2023.12.22T16.25.50p03.00,Old_EEG__8191f1d9__day1____2023.12.22T16.25.50p03.00,2023-12-22T13:25:50.612014055+00:00,7692.071485996246,True,600.0,False,2023-12-22T13:40:50.612014055+00:00,True,False,ae7800cc5911f22219ad3cc5411f2b2f46e34a2e9cdc7f6c3d0174243b99e321,e869b06339cb94e56c703d178195f29706df0254857b532df1a66721aa5f35a3,43,43,0,0,41,2,41,True,False,False,False,False,False,0.9534883720930233,22,22,0,6,1,15,7,True,True,True,False,False,False,0.3181818181818182,665,665,0,497,78,90,575,True,True,True,True,True,True,0.8646616541353384
8191f1d9,5,engagement,900,15.0,8191f1d9__day1____2023.12.22T16.25.50p03.00,Old_EEG__8191f1d9__day1____2023.12.22T16.25.50p03.00,2023-12-22T13:25:50.612014055+00:00,7692.071485996246,True,900.0,True,2023-12-22T13:40:50.612014055+00:00,True,True,6a5b0619f75005e3331e71c50be303e7a0b37f9524af232e7940db56fdeac70d,e869b06339cb94e56c703d178195f29706df0254857b532df1a66721aa5f35a3,65,65,0,6,42,17,48,True,True,True,True,True,True,0.7384615384615385,0,0,0,0,0,0,0,False,False,False,False,False,False,,665,665,0,497,78,90,575,True,True,True,True,True,True,0.8646616541353384
8191f1d9,5,excitement,300,5.0,8191f1d9__day1____2023.12.22T16.25.50p03.00,Old_EEG__8191f1d9__day1____2023.12.22T16.25.50p03.00,2023-12-22T13:25:50.612014055+00:00,7692.071485996246,True,300.0,True,2023-12-22T13:40:50.612014055+00:00,True,True,d45ce462f6836a121318e3e9abf45eb44768bb053239759169e30dcf571785db,107eb1eb9b6bd5b69a729ec1e2c2bec08bc5b673bca2724ca4aee166e29b9505,22,22,0,5,12,5,17,True,True,True,True,True,True,0.7727272727272727,43,43,0,4,23,16,27,True,True,True,True,True,False,0.627906976744186,665,665,0,223,280,162,503,True,True,True,True,True,True,0.7563909774436091
8191f1d9,5,excitement,600,10.0,8191f1d9__day1____2023.12.22T16.25.50p03.00,Old_EEG__8191f1d9__day1____2023.12.22T16.25.50p03.00,2023-12-22T13:25:50.612014055+00:00,7692.071485996246,True,600.0,True,2023-12-22T13:40:50.612014055+00:00,True,True,51ca04fe7cb4ee8286f1ee765a718ed71075ce293a580ebf47281683b7a96a1c,107eb1eb9b6bd5b69a729ec1e2c2bec08bc5b673bca2724ca4aee166e29b9505,43,43,0,6,23,14,29,True,True,True,True,True,True,0.6744186046511628,22,22,0,3,12,7,15,True,True,True,True,True,False,0.6818181818181818,665,665,0,223,280,162,503,True,True,True,True,True,True,0.7563909774436091
8191f1d9,5,excitement,900,15.0,8191f1d9__day1____2023.12.22T16.25.50p03.00,Old_EEG__8191f1d9__day1____2023.12.22T16.25.50p03.00,2023-12-22T13:25:50.612014055+00:00,7692.071485996246,True,900.0,True,2023-12-22T13:40:50.612014055+00:00,True,True,479641a9c03880baae7fa78a8f461c82ff62f550d24c5fc5e086b105309a5072,107eb1eb9b6bd5b69a729ec1e2c2bec08bc5b673bca2724ca4aee166e29b9505,65,65,0,9,35,21,44,True,True,True,True,True,True,0.676923076923077,0,0,0,0,0,0,0,False,False,False,False,False,False,,665,665,0,223,280,162,503,True,True,True,True,True,True,0.7563909774436091
8191f1d9,5,stress,300,5.0,8191f1d9__day1____2023.12.22T16.25.50p03.00,Old_EEG__8191f1d9__day1____2023.12.22T16.25.50p03.00,2023-12-22T13:25:50.612014055+00:00,7692.071485996246,True,300.0,True,2023-12-22T13:40:50.612014055+00:00,True,True,4341fd4c2756a8be0e73c35fc139c42f22e8f856e840926d6c00c7ce2c7829b1,b5d200879dcfd65ec4b9dc19b53c87da8d30a6ce02c1dacf6b46c89b80b4f46a,22,22,0,4,17,1,21,True,True,True,True,True,False,0.9545454545454546,43,43,0,31,10,2,41,True,True,True,True,True,True,0.9534883720930233,665,665,0,404,180,81,584,True,True,True,True,True,True,0.8781954887218045
8191f1d9,5,stress,600,10.0,8191f1d9__day1____2023.12.22T16.25.50p03.00,Old_EEG__8191f1d9__day1____2023.12.22T16.25.50p03.00,2023-12-22T13:25:50.612014055+00:00,7692.071485996246,True,600.0,True,2023-12-22T13:40:50.612014055+00:00,True,True,1d0ad31262832600f65a387d5841db771d6eccc01aa05f9ba365be3d167135f4,b5d200879dcfd65ec4b9dc19b53c87da8d30a6ce02c1dacf6b46c89b80b4f46a,43,43,0,15,25,3,40,True,True,True,True,True,True,0.9302325581395349,22,22,0,20,2,0,22,True,True,True,True,False,False,1.0,665,665,0,404,180,81,584,True,True,True,True,True,True,0.8781954887218045
8191f1d9,5,stress,900,15.0,8191f1d9__day1____2023.12.22T16.25.50p03.00,Old_EEG__8191f1d9__day1____2023.12.22T16.25.50p03.00,2023-12-22T13:25:50.612014055+00:00,7692.071485996246,True,900.0,True,2023-12-22T13:40:50.612014055+00:00,True,True,25a3b718ac8436f079791de4563f3d76e2bc90823504ace1e0d44ca6e4efa1e0,b5d200879dcfd65ec4b9dc19b53c87da8d30a6ce02c1dacf6b46c89b80b4f46a,65,65,0,35,27,3,62,True,True,True,True,True,True,0.9538461538461539,0,0,0,0,0,0,0,False,False,False,False,False,False,,665,665,0,404,180,81,584,True,True,True,True,True,True,0.8781954887218045
8191f1d9,5,relaxation,300,5.0,8191f1d9__day1____2023.12.22T16.25.50p03.00,Old_EEG__8191f1d9__day1____2023.12.22T16.25.50p03.00,2023-12-22T13:25:50.612014055+00:00,7692.071485996246,True,300.0,False,2023-12-22T13:40:50.612014055+00:00,True,False,d8132168791b5671b6a132d5651841e1bcabae0387de6416296376fb8a1827cb,cf0d32ac897f12c2a93ee66dcebecf2bb06844ff0839e43b2aed7d8a0c031e5b,22,22,0,0,22,0,22,True,False,False,False,False,False,1.0,43,43,0,0,43,0,43,True,False,False,False,False,False,1.0,665,665,0,174,390,101,564,True,True,True,True,True,True,0.8481203007518797
8191f1d9,5,relaxation,600,10.0,8191f1d9__day1____2023.12.22T16.25.50p03.00,Old_EEG__8191f1d9__day1____2023.12.22T16.25.50p03.00,2023-12-22T13:25:50.612014055+00:00,7692.071485996246,True,600.0,False,2023-12-22T13:40:50.612014055+00:00,True,False,474b77eabc6f7c123016ff01360eed6b5e01c08dac2d5de480767a7d330f49fa,cf0d32ac897f12c2a93ee66dcebecf2bb06844ff0839e43b2aed7d8a0c031e5b,43,43,0,0,43,0,43,True,False,False,False,False,False,1.0,22,22,0,0,22,0,22,True,False,False,False,False,False,1.0,665,665,0,174,390,101,564,True,True,True,True,True,True,0.8481203007518797
8191f1d9,5,relaxation,900,15.0,8191f1d9__day1____2023.12.22T16.25.50p03.00,Old_EEG__8191f1d9__day1____2023.12.22T16.25.50p03.00,2023-12-22T13:25:50.612014055+00:00,7692.071485996246,True,900.0,False,2023-12-22T13:40:50.612014055+00:00,True,False,c522662e4490eb594b66f6595e06e0a340fcbbded1f57689919428e66cdb8083,cf0d32ac897f12c2a93ee66dcebecf2bb06844ff0839e43b2aed7d8a0c031e5b,65,65,0,0,65,0,65,True,False,False,False,False,False,1.0,0,0,0,0,0,0,0,False,False,False,False,False,False,,665,665,0,174,390,101,564,True,True,True,True,True,True,0.8481203007518797
8191f1d9,5,interest,300,5.0,8191f1d9__day1____2023.12.22T16.25.50p03.00,Old_EEG__8191f1d9__day1____2023.12.22T16.25.50p03.00,2023-12-22T13:25:50.612014055+00:00,7692.071485996246,True,300.0,False,2023-12-22T13:40:50.612014055+00:00,True,False,d8132168791b5671b6a132d5651841e1bcabae0387de6416296376fb8a1827cb,d36355abd37267a17a136c84dc3a273bdef13bc691e14703c7fd7d629300928a,22,22,0,0,22,0,22,True,False,False,False,False,False,1.0,43,43,0,17,24,2,41,True,True,True,True,True,True,0.9534883720930233,665,665,0,580,45,40,625,True,True,True,True,True,True,0.9398496240601504
8191f1d9,5,interest,600,10.0,8191f1d9__day1____2023.12.22T16.25.50p03.00,Old_EEG__8191f1d9__day1____2023.12.22T16.25.50p03.00,2023-12-22T13:25:50.612014055+00:00,7692.071485996246,True,600.0,True,2023-12-22T13:40:50.612014055+00:00,True,True,90dd3029c890ce355ee1d26048583ae8d741c7cbe7a1d45d6028cc4d5d23dbde,d36355abd37267a17a136c84dc3a273bdef13bc691e14703c7fd7d629300928a,43,43,0,3,39,1,42,True,True,True,True,True,False,0.9767441860465116,22,22,0,14,7,1,21,True,True,True,True,True,True,0.9545454545454546,665,665,0,580,45,40,625,True,True,True,True,True,True,0.9398496240601504
8191f1d9,5,interest,900,15.0,8191f1d9__day1____2023.12.22T16.25.50p03.00,Old_EEG__8191f1d9__day1____2023.12.22T16.25.50p03.00,2023-12-22T13:25:50.612014055+00:00,7692.071485996246,True,900.0,True,2023-12-22T13:40:50.612014055+00:00,True,True,9012701ea59b76652ceb0f114de12222643bb9f995a71a55f1c2486cf9ca960d,d36355abd37267a17a136c84dc3a273bdef13bc691e14703c7fd7d629300928a,65,65,0,17,46,2,63,True,True,True,True,True,True,0.9692307692307692,0,0,0,0,0,0,0,False,False,False,False,False,False,,665,665,0,580,45,40,625,True,True,True,True,True,True,0.9398496240601504
8191f1d9,5,focus,300,5.0,8191f1d9__day1____2023.12.22T16.25.50p03.00,Old_EEG__8191f1d9__day1____2023.12.22T16.25.50p03.00,2023-12-22T13:25:50.612014055+00:00,7692.071485996246,True,300.0,True,2023-12-22T13:40:50.612014055+00:00,True,True,4a2a36f84069feaaf43e38ae6b7c93b5126e4c011f34eb11eaf7d31db9453f2f,2466af845417456d95f96ab9f615121e8f3b60ea038e44d0bfd26539de7ab2d2,22,22,0,15,2,5,17,True,True,True,True,False,False,0.7727272727272727,43,43,0,34,2,7,36,True,True,True,True,False,False,0.8372093023255814,665,665,0,303,183,179,486,True,True,True,True,True,True,0.7308270676691729
8191f1d9,5,focus,600,10.0,8191f1d9__day1____2023.12.22T16.25.50p03.00,Old_EEG__8191f1d9__day1____2023.12.22T16.25.50p03.00,2023-12-22T13:25:50.612014055+00:00,7692.071485996246,True,600.0,True,2023-12-22T13:40:50.612014055+00:00,True,True,01add8b7c9a730c0aa44e3c0702b431761f218bd4459f00785afb5347a539ad4,2466af845417456d95f96ab9f615121e8f3b60ea038e44d0bfd26539de7ab2d2,43,43,0,30,4,9,34,True,True,True,True,True,False,0.7906976744186046,22,22,0,19,0,3,19,True,False,False,False,False,False,0.8636363636363636,665,665,0,303,183,179,486,True,True,True,True,True,True,0.7308270676691729
8191f1d9,5,focus,900,15.0,8191f1d9__day1____2023.12.22T16.25.50p03.00,Old_EEG__8191f1d9__day1____2023.12.22T16.25.50p03.00,2023-12-22T13:25:50.612014055+00:00,7692.071485996246,True,900.0,True,2023-12-22T13:40:50.612014055+00:00,True,True,ad25b06691db9312b0b698140938f97b19ae0759076aa2dd4178b7b68310f3d0,2466af845417456d95f96ab9f615121e8f3b60ea038e44d0bfd26539de7ab2d2,65,65,0,49,4,12,53,True,True,True,True,True,False,0.8153846153846154,0,0,0,0,0,0,0,False,False,False,False,False,False,,665,665,0,303,183,179,486,True,True,True,True,True,True,0.7308270676691729
81e150c1,5,attention,300,5.0,81e150c1__day1____2023.11.29T11.58.41p03.00,gpn_data__81e150c1__day1____2023.11.29T11.58.41p03.00,2023-11-29T08:58:41.827203989+00:00,3905.9755461215973,True,300.0,False,2023-11-29T09:13:41.827203989+00:00,True,False,be5cf1a7fde514291196b1b87bce62803864149353b011cc68c572b0ee0dc2d9,baae6c4f2eb236c1b1d0ec0fc3867637bc13876ac15ef822013ef2f3bd71540a,30,30,0,16,0,14,16,True,False,False,False,False,False,0.5333333333333333,60,60,0,23,0,37,23,True,False,False,False,False,False,0.38333333333333336,450,450,0,203,46,201,249,True,True,True,True,True,True,0.5533333333333333
81e150c1,5,attention,600,10.0,81e150c1__day1____2023.11.29T11.58.41p03.00,gpn_data__81e150c1__day1____2023.11.29T11.58.41p03.00,2023-11-29T08:58:41.827203989+00:00,3905.9755461215973,True,600.0,False,2023-11-29T09:13:41.827203989+00:00,True,False,1c89abaad199667dd2fac4804b1047ba0b6f5bf4d1d3477fc917030f5d333c17,baae6c4f2eb236c1b1d0ec0fc3867637bc13876ac15ef822013ef2f3bd71540a,60,60,0,31,0,29,31,True,False,False,False,False,False,0.5166666666666667,30,30,0,8,0,22,8,True,False,False,False,False,False,0.26666666666666666,450,450,0,203,46,201,249,True,True,True,True,True,True,0.5533333333333333
81e150c1,5,attention,900,15.0,81e150c1__day1____2023.11.29T11.58.41p03.00,gpn_data__81e150c1__day1____2023.11.29T11.58.41p03.00,2023-11-29T08:58:41.827203989+00:00,3905.9755461215973,True,900.0,False,2023-11-29T09:13:41.827203989+00:00,True,False,9d19c5c36dad2ae64afccdba91abd821e1ab789345e5ee0d84487327c23d6b50,baae6c4f2eb236c1b1d0ec0fc3867637bc13876ac15ef822013ef2f3bd71540a,90,90,0,39,0,51,39,True,False,False,False,False,False,0.43333333333333335,0,0,0,0,0,0,0,False,False,False,False,False,False,,450,450,0,203,46,201,249,True,True,True,True,True,True,0.5533333333333333
81e150c1,5,engagement,300,5.0,81e150c1__day1____2023.11.29T11.58.41p03.00,gpn_data__81e150c1__day1____2023.11.29T11.58.41p03.00,2023-11-29T08:58:41.827203989+00:00,3905.9755461215973,True,300.0,False,2023-11-29T09:13:41.827203989+00:00,True,False,a07664d8c7822a71a3b44c190da8f24b10912c117acbfd426b092160f7da1508,bda7a86c771902234c259b0b3df94e878e5ee55b42457192371b2ebcdd0e53a9,30,30,0,0,26,4,26,True,False,False,False,False,False,0.8666666666666667,60,60,0,0,38,22,38,True,False,False,False,False,False,0.6333333333333333,450,450,0,83,193,174,276,True,True,True,True,True,True,0.6133333333333333
81e150c1,5,engagement,600,10.0,81e150c1__day1____2023.11.29T11.58.41p03.00,gpn_data__81e150c1__day1____2023.11.29T11.58.41p03.00,2023-11-29T08:58:41.827203989+00:00,3905.9755461215973,True,600.0,False,2023-11-29T09:13:41.827203989+00:00,True,False,6f6f20b7bc15598117f898e57aef34848b32db073faf2b3576f7bda71c950360,bda7a86c771902234c259b0b3df94e878e5ee55b42457192371b2ebcdd0e53a9,60,60,0,0,46,14,46,True,False,False,False,False,False,0.7666666666666667,30,30,0,0,18,12,18,True,False,False,False,False,False,0.6,450,450,0,83,193,174,276,True,True,True,True,True,True,0.6133333333333333
81e150c1,5,engagement,900,15.0,81e150c1__day1____2023.11.29T11.58.41p03.00,gpn_data__81e150c1__day1____2023.11.29T11.58.41p03.00,2023-11-29T08:58:41.827203989+00:00,3905.9755461215973,True,900.0,False,2023-11-29T09:13:41.827203989+00:00,True,False,d08b0cac0bf1510f1c563a2f049c6716b4f0457d2db8c36edcf31bd6120c3d86,bda7a86c771902234c259b0b3df94e878e5ee55b42457192371b2ebcdd0e53a9,90,90,0,0,64,26,64,True,False,False,False,False,False,0.7111111111111111,0,0,0,0,0,0,0,False,False,False,False,False,False,,450,450,0,83,193,174,276,True,True,True,True,True,True,0.6133333333333333
81e150c1,5,excitement,300,5.0,81e150c1__day1____2023.11.29T11.58.41p03.00,gpn_data__81e150c1__day1____2023.11.29T11.58.41p03.00,2023-11-29T08:58:41.827203989+00:00,3905.9755461215973,True,300.0,True,2023-11-29T09:13:41.827203989+00:00,True,True,bbde3f9d086c0d32050a809fb324cc60a03519fa1a8dad7d127530cbd7ff07dc,c86c74b33ef9cf79149659ab39ae7924a4ad9222b88d8bcca0c0fa205b9f876b,30,30,0,12,6,12,18,True,True,True,True,True,True,0.6,60,60,0,17,5,38,22,True,True,True,True,True,True,0.36666666666666664,450,450,0,64,145,241,209,True,True,True,True,True,True,0.46444444444444444
81e150c1,5,excitement,600,10.0,81e150c1__day1____2023.11.29T11.58.41p03.00,gpn_data__81e150c1__day1____2023.11.29T11.58.41p03.00,2023-11-29T08:58:41.827203989+00:00,3905.9755461215973,True,600.0,True,2023-11-29T09:13:41.827203989+00:00,True,True,38b60716b3a68820f5ccb21e1ab3edd5ca44e2fc65a5aa71c634a9788fab74fe,c86c74b33ef9cf79149659ab39ae7924a4ad9222b88d8bcca0c0fa205b9f876b,60,60,0,22,8,30,30,True,True,True,True,True,True,0.5,30,30,0,7,3,20,10,True,True,True,True,True,False,0.3333333333333333,450,450,0,64,145,241,209,True,True,True,True,True,True,0.46444444444444444
81e150c1,5,excitement,900,15.0,81e150c1__day1____2023.11.29T11.58.41p03.00,gpn_data__81e150c1__day1____2023.11.29T11.58.41p03.00,2023-11-29T08:58:41.827203989+00:00,3905.9755461215973,True,900.0,True,2023-11-29T09:13:41.827203989+00:00,True,True,c0091f931731b50b0015ed4dfd876dd6ac010c97d931c7ae5b90ba5d3a9fb3af,c86c74b33ef9cf79149659ab39ae7924a4ad9222b88d8bcca0c0fa205b9f876b,90,90,0,29,11,50,40,True,True,True,True,True,True,0.4444444444444444,0,0,0,0,0,0,0,False,False,False,False,False,False,,450,450,0,64,145,241,209,True,True,True,True,True,True,0.46444444444444444
81e150c1,5,stress,300,5.0,81e150c1__day1____2023.11.29T11.58.41p03.00,gpn_data__81e150c1__day1____2023.11.29T11.58.41p03.00,2023-11-29T08:58:41.827203989+00:00,3905.9755461215973,True,300.0,True,2023-11-29T09:13:41.827203989+00:00,True,True,996738ea1f177c15529fa0b1963b9a6e11fff891e1550de720158c20ac7f1261,7cfcfafa3ee8f16581f556902513c160e3bc1fc9a8c2763c03c37ac9d1d265f9,30,30,0,16,7,7,23,True,True,True,True,True,True,0.7666666666666667,60,60,0,37,7,16,44,True,True,True,True,True,True,0.7333333333333333,450,450,0,100,150,200,250,True,True,True,True,True,True,0.5555555555555556
81e150c1,5,stress,600,10.0,81e150c1__day1____2023.11.29T11.58.41p03.00,gpn_data__81e150c1__day1____2023.11.29T11.58.41p03.00,2023-11-29T08:58:41.827203989+00:00,3905.9755461215973,True,600.0,True,2023-11-29T09:13:41.827203989+00:00,True,True,a80248d86a58c7b8d316ce3e6d1312a179a215dc34382be4d7c8dbe6ce922b77,7cfcfafa3ee8f16581f556902513c160e3bc1fc9a8c2763c03c37ac9d1d265f9,60,60,0,38,13,9,51,True,True,True,True,True,True,0.85,30,30,0,15,1,14,16,True,True,True,False,False,False,0.5333333333333333,450,450,0,100,150,200,250,True,True,True,True,True,True,0.5555555555555556
81e150c1,5,stress,900,15.0,81e150c1__day1____2023.11.29T11.58.41p03.00,gpn_data__81e150c1__day1____2023.11.29T11.58.41p03.00,2023-11-29T08:58:41.827203989+00:00,3905.9755461215973,True,900.0,True,2023-11-29T09:13:41.827203989+00:00,True,True,d4e643aebb2b24085603d2c79455d6d3d18192fabca366b00aea9c9c98461f08,7cfcfafa3ee8f16581f556902513c160e3bc1fc9a8c2763c03c37ac9d1d265f9,90,90,0,53,14,23,67,True,True,True,True,True,True,0.7444444444444445,0,0,0,0,0,0,0,False,False,False,False,False,False,,450,450,0,100,150,200,250,True,True,True,True,True,True,0.5555555555555556
81e150c1,5,relaxation,300,5.0,81e150c1__day1____2023.11.29T11.58.41p03.00,gpn_data__81e150c1__day1____2023.11.29T11.58.41p03.00,2023-11-29T08:58:41.827203989+00:00,3905.9755461215973,True,300.0,True,2023-11-29T09:13:41.827203989+00:00,True,True,c344ea4e1cc8e0685b699f5c1a5785ae19fd6ab6c0aec42e277624f683612fe5,bb82322091a1d91642a41bf70c1cb31a80560feee67c1151cdbeb486eaa1faf9,30,30,0,6,9,15,15,True,True,True,True,True,True,0.5,60,60,0,10,13,37,23,True,True,True,True,True,True,0.38333333333333336,450,450,0,84,218,148,302,True,True,True,True,True,True,0.6711111111111111
81e150c1,5,relaxation,600,10.0,81e150c1__day1____2023.11.29T11.58.41p03.00,gpn_data__81e150c1__day1____2023.11.29T11.58.41p03.00,2023-11-29T08:58:41.827203989+00:00,3905.9755461215973,True,600.0,True,2023-11-29T09:13:41.827203989+00:00,True,True,7386d89bf505b917b9f41e82db4744d9e4999d2959d864bf84c945bbd59b9d8a,bb82322091a1d91642a41bf70c1cb31a80560feee67c1151cdbeb486eaa1faf9,60,60,0,8,16,36,24,True,True,True,True,True,True,0.4,30,30,0,8,6,16,14,True,True,True,True,True,True,0.4666666666666667,450,450,0,84,218,148,302,True,True,True,True,True,True,0.6711111111111111
81e150c1,5,relaxation,900,15.0,81e150c1__day1____2023.11.29T11.58.41p03.00,gpn_data__81e150c1__day1____2023.11.29T11.58.41p03.00,2023-11-29T08:58:41.827203989+00:00,3905.9755461215973,True,900.0,True,2023-11-29T09:13:41.827203989+00:00,True,True,bf5bef014aa5ef7e536727ff5c4baf84c4c35b3b099c3e3b247ba76231f55fa9,bb82322091a1d91642a41bf70c1cb31a80560feee67c1151cdbeb486eaa1faf9,90,90,0,16,22,52,38,True,True,True,True,True,True,0.4222222222222222,0,0,0,0,0,0,0,False,False,False,False,False,False,,450,450,0,84,218,148,302,True,True,True,True,True,True,0.6711111111111111
81e150c1,5,interest,300,5.0,81e150c1__day1____2023.11.29T11.58.41p03.00,gpn_data__81e150c1__day1____2023.11.29T11.58.41p03.00,2023-11-29T08:58:41.827203989+00:00,3905.9755461215973,True,300.0,True,2023-11-29T09:13:41.827203989+00:00,True,True,b804fcc159a95273ff9ae05ba723a0ba2fec50df1d3b362233c9647a4978cb12,89038e5a430b2b3900c0735957cd5c3852a579bca2ddaaceea68d376743bb1e4,30,30,0,4,6,20,10,True,True,True,True,True,False,0.3333333333333333,60,60,0,1,7,52,8,True,True,True,False,False,False,0.13333333333333333,450,450,0,15,217,218,232,True,True,True,True,True,True,0.5155555555555555
81e150c1,5,interest,600,10.0,81e150c1__day1____2023.11.29T11.58.41p03.00,gpn_data__81e150c1__day1____2023.11.29T11.58.41p03.00,2023-11-29T08:58:41.827203989+00:00,3905.9755461215973,True,600.0,True,2023-11-29T09:13:41.827203989+00:00,True,True,5c7ebabd76331cd2df68b7c8d8f932ea77e972c39f818598d8fc68613fd70c03,89038e5a430b2b3900c0735957cd5c3852a579bca2ddaaceea68d376743bb1e4,60,60,0,5,10,45,15,True,True,True,True,True,True,0.25,30,30,0,0,3,27,3,True,False,False,False,False,False,0.1,450,450,0,15,217,218,232,True,True,True,True,True,True,0.5155555555555555
81e150c1,5,interest,900,15.0,81e150c1__day1____2023.11.29T11.58.41p03.00,gpn_data__81e150c1__day1____2023.11.29T11.58.41p03.00,2023-11-29T08:58:41.827203989+00:00,3905.9755461215973,True,900.0,True,2023-11-29T09:13:41.827203989+00:00,True,True,264a5753c46088080657716459782a972846f391fab58f910cbf86f092cbaf76,89038e5a430b2b3900c0735957cd5c3852a579bca2ddaaceea68d376743bb1e4,90,90,0,5,13,72,18,True,True,True,True,True,True,0.2,0,0,0,0,0,0,0,False,False,False,False,False,False,,450,450,0,15,217,218,232,True,True,True,True,True,True,0.5155555555555555
81e150c1,5,focus,300,5.0,81e150c1__day1____2023.11.29T11.58.41p03.00,gpn_data__81e150c1__day1____2023.11.29T11.58.41p03.00,2023-11-29T08:58:41.827203989+00:00,3905.9755461215973,True,300.0,False,2023-11-29T09:13:41.827203989+00:00,True,False,91c75f1cf800685803446bb783fac41c6ef5437bced1b1daa1f288a0d1ea0a31,da6ca93d9bc06cc2235c99d583a3ae69d52da2bbcf9c28a53a8a76795a109a2f,30,30,0,21,1,8,22,True,True,True,False,False,False,0.7333333333333333,60,60,0,29,1,30,30,True,True,True,False,False,False,0.5,450,450,0,166,93,191,259,True,True,True,True,True,True,0.5755555555555556
81e150c1,5,focus,600,10.0,81e150c1__day1____2023.11.29T11.58.41p03.00,gpn_data__81e150c1__day1____2023.11.29T11.58.41p03.00,2023-11-29T08:58:41.827203989+00:00,3905.9755461215973,True,600.0,True,2023-11-29T09:13:41.827203989+00:00,True,True,a05ae22f9e8ef8fe8c7f952cb14e3501502a74f58c677d991afc520bbcf6cdd5,da6ca93d9bc06cc2235c99d583a3ae69d52da2bbcf9c28a53a8a76795a109a2f,60,60,0,41,2,17,43,True,True,True,True,False,False,0.7166666666666667,30,30,0,9,0,21,9,True,False,False,False,False,False,0.3,450,450,0,166,93,191,259,True,True,True,True,True,True,0.5755555555555556
81e150c1,5,focus,900,15.0,81e150c1__day1____2023.11.29T11.58.41p03.00,gpn_data__81e150c1__day1____2023.11.29T11.58.41p03.00,2023-11-29T08:58:41.827203989+00:00,3905.9755461215973,True,900.0,True,2023-11-29T09:13:41.827203989+00:00,True,True,6042a7e41c1e8fb1a144407b1836521d83f120ad66709eb6e1ea84e4d87dccb3,da6ca93d9bc06cc2235c99d583a3ae69d52da2bbcf9c28a53a8a76795a109a2f,90,90,0,50,2,38,52,True,True,True,True,False,False,0.5777777777777777,0,0,0,0,0,0,0,False,False,False,False,False,False,,450,450,0,166,93,191,259,True,True,True,True,True,True,0.5755555555555556
81f1f0fe,1,attention,300,5.0,81f1f0fe__day1____2023.11.27T09.37.48p03.00,gpn_data__81f1f0fe__day1____2023.11.27T09.37.48p03.00,2023-11-27T06:37:48.866961002+00:00,5833.397198915482,True,300.0,False,2023-11-27T06:52:48.866961002+00:00,True,False,df7c56bd00573329bca85a82927fabbfdc4477d6655d40f63e01b5c90b38983e,31da578450518bbc539de3b8baa25dd19ab684e19dc3aba1548c129e59daad9b,30,30,0,19,0,11,19,True,False,False,False,False,False,0.6333333333333333,60,60,0,16,8,36,24,True,True,True,True,True,True,0.4,488,487,1,163,167,157,330,True,True,True,True,True,True,0.6776180698151951
81f1f0fe,1,attention,600,10.0,81f1f0fe__day1____2023.11.27T09.37.48p03.00,gpn_data__81f1f0fe__day1____2023.11.27T09.37.48p03.00,2023-11-27T06:37:48.866961002+00:00,5833.397198915482,True,600.0,True,2023-11-27T06:52:48.866961002+00:00,True,True,a40b8327007f3e44a58e52c3491a7c891b82f34c42128977cf62bd0606348893,31da578450518bbc539de3b8baa25dd19ab684e19dc3aba1548c129e59daad9b,60,60,0,26,5,29,31,True,True,True,True,True,True,0.5166666666666667,30,30,0,9,3,18,12,True,True,True,True,True,False,0.4,488,487,1,163,167,157,330,True,True,True,True,True,True,0.6776180698151951
81f1f0fe,1,attention,900,15.0,81f1f0fe__day1____2023.11.27T09.37.48p03.00,gpn_data__81f1f0fe__day1____2023.11.27T09.37.48p03.00,2023-11-27T06:37:48.866961002+00:00,5833.397198915482,True,900.0,True,2023-11-27T06:52:48.866961002+00:00,True,True,6c334e701c85188c912770d11335377c4f2dcd99177d601cba1e6ed60ded1943,31da578450518bbc539de3b8baa25dd19ab684e19dc3aba1548c129e59daad9b,90,90,0,35,8,47,43,True,True,True,True,True,True,0.4777777777777778,0,0,0,0,0,0,0,False,False,False,False,False,False,,488,487,1,163,167,157,330,True,True,True,True,True,True,0.6776180698151951
81f1f0fe,1,engagement,300,5.0,81f1f0fe__day1____2023.11.27T09.37.48p03.00,gpn_data__81f1f0fe__day1____2023.11.27T09.37.48p03.00,2023-11-27T06:37:48.866961002+00:00,5833.397198915482,True,300.0,False,2023-11-27T06:52:48.866961002+00:00,True,False,60a21f09444a9814e80c5c4a545dc52c80967a5100838a580bd66934812c67f9,ee937974d3cda5d497f76acd8b2e36a761c659fce8e5c76c0b30702323601f7c,30,30,0,0,16,14,16,True,False,False,False,False,False,0.5333333333333333,60,60,0,8,34,18,42,True,True,True,True,True,True,0.7,488,488,0,83,302,103,385,True,True,True,True,True,True,0.7889344262295082
81f1f0fe,1,engagement,600,10.0,81f1f0fe__day1____2023.11.27T09.37.48p03.00,gpn_data__81f1f0fe__day1____2023.11.27T09.37.48p03.00,2023-11-27T06:37:48.866961002+00:00,5833.397198915482,True,600.0,True,2023-11-27T06:52:48.866961002+00:00,True,True,369a60929c9246a57249df03636537ff4f839016a6c65bdad04383cec17b812a,ee937974d3cda5d497f76acd8b2e36a761c659fce8e5c76c0b30702323601f7c,60,60,0,2,38,20,40,True,True,True,True,False,False,0.6666666666666666,30,30,0,6,12,12,18,True,True,True,True,True,True,0.6,488,488,0,83,302,103,385,True,True,True,True,True,True,0.7889344262295082
81f1f0fe,1,engagement,900,15.0,81f1f0fe__day1____2023.11.27T09.37.48p03.00,gpn_data__81f1f0fe__day1____2023.11.27T09.37.48p03.00,2023-11-27T06:37:48.866961002+00:00,5833.397198915482,True,900.0,True,2023-11-27T06:52:48.866961002+00:00,True,True,6852fac056e4d9279a9a6ed3d71ce3f3739f7dc5cba67f9f759c26c5307df910,ee937974d3cda5d497f76acd8b2e36a761c659fce8e5c76c0b30702323601f7c,90,90,0,8,50,32,58,True,True,True,True,True,True,0.6444444444444445,0,0,0,0,0,0,0,False,False,False,False,False,False,,488,488,0,83,302,103,385,True,True,True,True,True,True,0.7889344262295082
81f1f0fe,1,excitement,300,5.0,81f1f0fe__day1____2023.11.27T09.37.48p03.00,gpn_data__81f1f0fe__day1____2023.11.27T09.37.48p03.00,2023-11-27T06:37:48.866961002+00:00,5833.397198915482,True,300.0,True,2023-11-27T06:52:48.866961002+00:00,True,True,ffd798b16502132bf0e02231a073e166e1e888c8de320867ca9e30b60537f63a,bb2b25d7c665051d38dd33d314ba9a738a4084ba3d9eb4221882c83b6df26bd2,30,30,0,11,4,15,15,True,True,True,True,True,False,0.5,60,60,0,8,18,34,26,True,True,True,True,True,True,0.43333333333333335,488,488,0,130,210,148,340,True,True,True,True,True,True,0.6967213114754098
81f1f0fe,1,excitement,600,10.0,81f1f0fe__day1____2023.11.27T09.37.48p03.00,gpn_data__81f1f0fe__day1____2023.11.27T09.37.48p03.00,2023-11-27T06:37:48.866961002+00:00,5833.397198915482,True,600.0,True,2023-11-27T06:52:48.866961002+00:00,True,True,76b910a6198ea4cab69a54ac7daeefa5e3d763c5166251fd0034024855937977,bb2b25d7c665051d38dd33d314ba9a738a4084ba3d9eb4221882c83b6df26bd2,60,60,0,17,15,28,32,True,True,True,True,True,True,0.5333333333333333,30,30,0,2,7,21,9,True,True,True,True,False,False,0.3,488,488,0,130,210,148,340,True,True,True,True,True,True,0.6967213114754098
81f1f0fe,1,excitement,900,15.0,81f1f0fe__day1____2023.11.27T09.37.48p03.00,gpn_data__81f1f0fe__day1____2023.11.27T09.37.48p03.00,2023-11-27T06:37:48.866961002+00:00,5833.397198915482,True,900.0,True,2023-11-27T06:52:48.866961002+00:00,True,True,18582c9a5afa7c12a47f217ac2f94bad0e55f224b67aa97a470126e77a4d0e02,bb2b25d7c665051d38dd33d314ba9a738a4084ba3d9eb4221882c83b6df26bd2,90,90,0,19,22,49,41,True,True,True,True,True,True,0.45555555555555555,0,0,0,0,0,0,0,False,False,False,False,False,False,,488,488,0,130,210,148,340,True,True,True,True,True,True,0.6967213114754098
81f1f0fe,1,stress,300,5.0,81f1f0fe__day1____2023.11.27T09.37.48p03.00,gpn_data__81f1f0fe__day1____2023.11.27T09.37.48p03.00,2023-11-27T06:37:48.866961002+00:00,5833.397198915482,True,300.0,False,2023-11-27T06:52:48.866961002+00:00,True,False,3d2684e3c393178e264abcac8c72ef8ec76577d62f8ef098e03063041f6b5425,5664b16d07d147369562cdc0723e36a9353d0ffa3249b8736781620ddf4f3340,30,30,0,1,29,0,30,True,True,True,False,False,False,1.0,60,60,0,0,60,0,60,True,False,False,False,False,False,1.0,488,488,0,155,290,43,445,True,True,True,True,True,True,0.9118852459016393
81f1f0fe,1,stress,600,10.0,81f1f0fe__day1____2023.11.27T09.37.48p03.00,gpn_data__81f1f0fe__day1____2023.11.27T09.37.48p03.00,2023-11-27T06:37:48.866961002+00:00,5833.397198915482,True,600.0,False,2023-11-27T06:52:48.866961002+00:00,True,False,d5068cd7e3ec584fead957125a0fe8e026a0f91f479729c41f4dc753e5bdaa26,5664b16d07d147369562cdc0723e36a9353d0ffa3249b8736781620ddf4f3340,60,60,0,1,59,0,60,True,True,True,False,False,False,1.0,30,30,0,0,30,0,30,True,False,False,False,False,False,1.0,488,488,0,155,290,43,445,True,True,True,True,True,True,0.9118852459016393
81f1f0fe,1,stress,900,15.0,81f1f0fe__day1____2023.11.27T09.37.48p03.00,gpn_data__81f1f0fe__day1____2023.11.27T09.37.48p03.00,2023-11-27T06:37:48.866961002+00:00,5833.397198915482,True,900.0,False,2023-11-27T06:52:48.866961002+00:00,True,False,0de93bffb51eadc1c495013f5fbac834402eba93098cafa9dc60afd86521917d,5664b16d07d147369562cdc0723e36a9353d0ffa3249b8736781620ddf4f3340,90,90,0,1,89,0,90,True,True,True,False,False,False,1.0,0,0,0,0,0,0,0,False,False,False,False,False,False,,488,488,0,155,290,43,445,True,True,True,True,True,True,0.9118852459016393
81f1f0fe,1,relaxation,300,5.0,81f1f0fe__day1____2023.11.27T09.37.48p03.00,gpn_data__81f1f0fe__day1____2023.11.27T09.37.48p03.00,2023-11-27T06:37:48.866961002+00:00,5833.397198915482,True,300.0,True,2023-11-27T06:52:48.866961002+00:00,True,True,3e1ca598b69aaa321c8327363b444a591dafcc2a132adf858b36b8f9d983676a,c83a372bbdf0eb3fd59737c20936bfd81a514d6ba9501a7d482ff4dd1dbe86d0,30,30,0,3,5,22,8,True,True,True,True,True,False,0.26666666666666666,60,60,0,11,22,27,33,True,True,True,True,True,True,0.55,488,488,0,229,156,103,385,True,True,True,True,True,True,0.7889344262295082
81f1f0fe,1,relaxation,600,10.0,81f1f0fe__day1____2023.11.27T09.37.48p03.00,gpn_data__81f1f0fe__day1____2023.11.27T09.37.48p03.00,2023-11-27T06:37:48.866961002+00:00,5833.397198915482,True,600.0,True,2023-11-27T06:52:48.866961002+00:00,True,True,ea4399e9476ca0509789daa1b213150a761e32a57a624497df27da22fbbd5008,c83a372bbdf0eb3fd59737c20936bfd81a514d6ba9501a7d482ff4dd1dbe86d0,60,60,0,13,10,37,23,True,True,True,True,True,True,0.38333333333333336,30,30,0,1,17,12,18,True,True,True,False,False,False,0.6,488,488,0,229,156,103,385,True,True,True,True,True,True,0.7889344262295082
81f1f0fe,1,relaxation,900,15.0,81f1f0fe__day1____2023.11.27T09.37.48p03.00,gpn_data__81f1f0fe__day1____2023.11.27T09.37.48p03.00,2023-11-27T06:37:48.866961002+00:00,5833.397198915482,True,900.0,True,2023-11-27T06:52:48.866961002+00:00,True,True,dc11a1bc6aece1f405a2ec196a2d4d236ec1d038fac450e01a4ffc7e461863cf,c83a372bbdf0eb3fd59737c20936bfd81a514d6ba9501a7d482ff4dd1dbe86d0,90,90,0,14,27,49,41,True,True,True,True,True,True,0.45555555555555555,0,0,0,0,0,0,0,False,False,False,False,False,False,,488,488,0,229,156,103,385,True,True,True,True,True,True,0.7889344262295082
81f1f0fe,1,interest,300,5.0,81f1f0fe__day1____2023.11.27T09.37.48p03.00,gpn_data__81f1f0fe__day1____2023.11.27T09.37.48p03.00,2023-11-27T06:37:48.866961002+00:00,5833.397198915482,True,300.0,True,2023-11-27T06:52:48.866961002+00:00,True,True,df1293ea46407ec2cfa696c3b19c495d2609ec2dfd4f686de1cdb05a6d5c4060,87279a68d74e126df6a27d9e8df72b31cdf4bd4bcc00b1e3de75ee0e12868bfe,30,30,0,15,9,6,24,True,True,True,True,True,True,0.8,60,60,0,8,43,9,51,True,True,True,True,True,True,0.85,488,488,0,254,195,39,449,True,True,True,True,True,True,0.9200819672131147
81f1f0fe,1,interest,600,10.0,81f1f0fe__day1____2023.11.27T09.37.48p03.00,gpn_data__81f1f0fe__day1____2023.11.27T09.37.48p03.00,2023-11-27T06:37:48.866961002+00:00,5833.397198915482,True,600.0,True,2023-11-27T06:52:48.866961002+00:00,True,True,93a73bf6ca6fe8ebdb71b3a9160048abeb9600ae5fefea5b63e55da069bb3712,87279a68d74e126df6a27d9e8df72b31cdf4bd4bcc00b1e3de75ee0e12868bfe,60,60,0,23,26,11,49,True,True,True,True,True,True,0.8166666666666667,30,30,0,0,26,4,26,True,False,False,False,False,False,0.8666666666666667,488,488,0,254,195,39,449,True,True,True,True,True,True,0.9200819672131147
81f1f0fe,1,interest,900,15.0,81f1f0fe__day1____2023.11.27T09.37.48p03.00,gpn_data__81f1f0fe__day1____2023.11.27T09.37.48p03.00,2023-11-27T06:37:48.866961002+00:00,5833.397198915482,True,900.0,True,2023-11-27T06:52:48.866961002+00:00,True,True,97980809c2fcec1316b98cb88601760d3b33c9a168547e4ead1b57596c591754,87279a68d74e126df6a27d9e8df72b31cdf4bd4bcc00b1e3de75ee0e12868bfe,90,90,0,23,52,15,75,True,True,True,True,True,True,0.8333333333333334,0,0,0,0,0,0,0,False,False,False,False,False,False,,488,488,0,254,195,39,449,True,True,True,True,True,True,0.9200819672131147
81f1f0fe,1,focus,300,5.0,81f1f0fe__day1____2023.11.27T09.37.48p03.00,gpn_data__81f1f0fe__day1____2023.11.27T09.37.48p03.00,2023-11-27T06:37:48.866961002+00:00,5833.397198915482,True,300.0,False,2023-11-27T06:52:48.866961002+00:00,True,False,8d7d2d1c57a4321dd02c5c21e0695204665c7395cf3f6ed17beb4d6d91a58915,44d9f986af24b48cdd2522ae06a8f083179498495f1b8df58542868ab8d063df,30,30,0,0,25,5,25,True,False,False,False,False,False,0.8333333333333334,60,60,0,5,42,13,47,True,True,True,True,True,True,0.7833333333333333,488,488,0,63,303,122,366,True,True,True,True,True,True,0.75
81f1f0fe,1,focus,600,10.0,81f1f0fe__day1____2023.11.27T09.37.48p03.00,gpn_data__81f1f0fe__day1____2023.11.27T09.37.48p03.00,2023-11-27T06:37:48.866961002+00:00,5833.397198915482,True,600.0,False,2023-11-27T06:52:48.866961002+00:00,True,False,30dcf54f1d9d63c91db4abf750d1651230aa5e356a96473aaa7e23fad1691e60,44d9f986af24b48cdd2522ae06a8f083179498495f1b8df58542868ab8d063df,60,60,0,1,49,10,50,True,True,True,False,False,False,0.8333333333333334,30,30,0,4,18,8,22,True,True,True,True,True,False,0.7333333333333333,488,488,0,63,303,122,366,True,True,True,True,True,True,0.75
81f1f0fe,1,focus,900,15.0,81f1f0fe__day1____2023.11.27T09.37.48p03.00,gpn_data__81f1f0fe__day1____2023.11.27T09.37.48p03.00,2023-11-27T06:37:48.866961002+00:00,5833.397198915482,True,900.0,True,2023-11-27T06:52:48.866961002+00:00,True,True,50cdf6085d2f65bd6f878e8a9284ca4574cab22df9e091c2822b68c9f5f56945,44d9f986af24b48cdd2522ae06a8f083179498495f1b8df58542868ab8d063df,90,90,0,5,67,18,72,True,True,True,True,True,True,0.8,0,0,0,0,0,0,0,False,False,False,False,False,False,,488,488,0,63,303,122,366,True,True,True,True,True,True,0.75
9192c107,2,attention,300,5.0,9192c107__day1____2023.12.13T15.29.18p03.00,gpn_data__9192c107__day1____2023.12.13T15.29.18p03.00,2023-12-13T12:29:18.470144987+00:00,7651.345525979996,True,300.0,False,2023-12-13T12:44:18.470144987+00:00,False,False,4f53cda18c2baa0c0354bb5f9a3ecbe5ed12ab4d8e11ba873c2f11161202b945,4f53cda18c2baa0c0354bb5f9a3ecbe5ed12ab4d8e11ba873c2f11161202b945,2,0,2,0,0,0,0,False,False,False,False,False,False,,0,0,0,0,0,0,0,False,False,False,False,False,False,,0,0,0,0,0,0,0,False,False,False,False,False,False,
9192c107,2,attention,600,10.0,9192c107__day1____2023.12.13T15.29.18p03.00,gpn_data__9192c107__day1____2023.12.13T15.29.18p03.00,2023-12-13T12:29:18.470144987+00:00,7651.345525979996,True,600.0,False,2023-12-13T12:44:18.470144987+00:00,False,False,4f53cda18c2baa0c0354bb5f9a3ecbe5ed12ab4d8e11ba873c2f11161202b945,4f53cda18c2baa0c0354bb5f9a3ecbe5ed12ab4d8e11ba873c2f11161202b945,2,0,2,0,0,0,0,False,False,False,False,False,False,,0,0,0,0,0,0,0,False,False,False,False,False,False,,0,0,0,0,0,0,0,False,False,False,False,False,False,
9192c107,2,attention,900,15.0,9192c107__day1____2023.12.13T15.29.18p03.00,gpn_data__9192c107__day1____2023.12.13T15.29.18p03.00,2023-12-13T12:29:18.470144987+00:00,7651.345525979996,True,900.0,False,2023-12-13T12:44:18.470144987+00:00,False,False,4f53cda18c2baa0c0354bb5f9a3ecbe5ed12ab4d8e11ba873c2f11161202b945,4f53cda18c2baa0c0354bb5f9a3ecbe5ed12ab4d8e11ba873c2f11161202b945,2,0,2,0,0,0,0,False,False,False,False,False,False,,0,0,0,0,0,0,0,False,False,False,False,False,False,,0,0,0,0,0,0,0,False,False,False,False,False,False,
9192c107,2,engagement,300,5.0,9192c107__day1____2023.12.13T15.29.18p03.00,gpn_data__9192c107__day1____2023.12.13T15.29.18p03.00,2023-12-13T12:29:18.470144987+00:00,7651.345525979996,True,300.0,False,2023-12-13T12:44:18.470144987+00:00,False,False,4f53cda18c2baa0c0354bb5f9a3ecbe5ed12ab4d8e11ba873c2f11161202b945,4f53cda18c2baa0c0354bb5f9a3ecbe5ed12ab4d8e11ba873c2f11161202b945,2,2,0,0,0,2,0,False,False,False,False,False,False,0.0,0,0,0,0,0,0,0,False,False,False,False,False,False,,0,0,0,0,0,0,0,False,False,False,False,False,False,
9192c107,2,engagement,600,10.0,9192c107__day1____2023.12.13T15.29.18p03.00,gpn_data__9192c107__day1____2023.12.13T15.29.18p03.00,2023-12-13T12:29:18.470144987+00:00,7651.345525979996,True,600.0,False,2023-12-13T12:44:18.470144987+00:00,False,False,4f53cda18c2baa0c0354bb5f9a3ecbe5ed12ab4d8e11ba873c2f11161202b945,4f53cda18c2baa0c0354bb5f9a3ecbe5ed12ab4d8e11ba873c2f11161202b945,2,2,0,0,0,2,0,False,False,False,False,False,False,0.0,0,0,0,0,0,0,0,False,False,False,False,False,False,,0,0,0,0,0,0,0,False,False,False,False,False,False,
9192c107,2,engagement,900,15.0,9192c107__day1____2023.12.13T15.29.18p03.00,gpn_data__9192c107__day1____2023.12.13T15.29.18p03.00,2023-12-13T12:29:18.470144987+00:00,7651.345525979996,True,900.0,False,2023-12-13T12:44:18.470144987+00:00,False,False,4f53cda18c2baa0c0354bb5f9a3ecbe5ed12ab4d8e11ba873c2f11161202b945,4f53cda18c2baa0c0354bb5f9a3ecbe5ed12ab4d8e11ba873c2f11161202b945,2,2,0,0,0,2,0,False,False,False,False,False,False,0.0,0,0,0,0,0,0,0,False,False,False,False,False,False,,0,0,0,0,0,0,0,False,False,False,False,False,False,
9192c107,2,excitement,300,5.0,9192c107__day1____2023.12.13T15.29.18p03.00,gpn_data__9192c107__day1____2023.12.13T15.29.18p03.00,2023-12-13T12:29:18.470144987+00:00,7651.345525979996,True,300.0,False,2023-12-13T12:44:18.470144987+00:00,False,False,c1e35dbce48c747418d199a21cd60c0b656ae421309293b34ce7fd06dfd5b8ce,4f53cda18c2baa0c0354bb5f9a3ecbe5ed12ab4d8e11ba873c2f11161202b945,2,2,0,1,0,1,1,True,False,False,False,False,False,0.5,0,0,0,0,0,0,0,False,False,False,False,False,False,,0,0,0,0,0,0,0,False,False,False,False,False,False,
9192c107,2,excitement,600,10.0,9192c107__day1____2023.12.13T15.29.18p03.00,gpn_data__9192c107__day1____2023.12.13T15.29.18p03.00,2023-12-13T12:29:18.470144987+00:00,7651.345525979996,True,600.0,False,2023-12-13T12:44:18.470144987+00:00,False,False,c1e35dbce48c747418d199a21cd60c0b656ae421309293b34ce7fd06dfd5b8ce,4f53cda18c2baa0c0354bb5f9a3ecbe5ed12ab4d8e11ba873c2f11161202b945,2,2,0,1,0,1,1,True,False,False,False,False,False,0.5,0,0,0,0,0,0,0,False,False,False,False,False,False,,0,0,0,0,0,0,0,False,False,False,False,False,False,
9192c107,2,excitement,900,15.0,9192c107__day1____2023.12.13T15.29.18p03.00,gpn_data__9192c107__day1____2023.12.13T15.29.18p03.00,2023-12-13T12:29:18.470144987+00:00,7651.345525979996,True,900.0,False,2023-12-13T12:44:18.470144987+00:00,False,False,c1e35dbce48c747418d199a21cd60c0b656ae421309293b34ce7fd06dfd5b8ce,4f53cda18c2baa0c0354bb5f9a3ecbe5ed12ab4d8e11ba873c2f11161202b945,2,2,0,1,0,1,1,True,False,False,False,False,False,0.5,0,0,0,0,0,0,0,False,False,False,False,False,False,,0,0,0,0,0,0,0,False,False,False,False,False,False,
9192c107,2,stress,300,5.0,9192c107__day1____2023.12.13T15.29.18p03.00,gpn_data__9192c107__day1____2023.12.13T15.29.18p03.00,2023-12-13T12:29:18.470144987+00:00,7651.345525979996,True,300.0,False,2023-12-13T12:44:18.470144987+00:00,False,False,ccf84d32d9eaae31857ff33b7e92792067afd20dcad063944edf29ce76f05491,4f53cda18c2baa0c0354bb5f9a3ecbe5ed12ab4d8e11ba873c2f11161202b945,2,2,0,2,0,0,2,True,False,False,False,False,False,1.0,0,0,0,0,0,0,0,False,False,False,False,False,False,,0,0,0,0,0,0,0,False,False,False,False,False,False,
9192c107,2,stress,600,10.0,9192c107__day1____2023.12.13T15.29.18p03.00,gpn_data__9192c107__day1____2023.12.13T15.29.18p03.00,2023-12-13T12:29:18.470144987+00:00,7651.345525979996,True,600.0,False,2023-12-13T12:44:18.470144987+00:00,False,False,ccf84d32d9eaae31857ff33b7e92792067afd20dcad063944edf29ce76f05491,4f53cda18c2baa0c0354bb5f9a3ecbe5ed12ab4d8e11ba873c2f11161202b945,2,2,0,2,0,0,2,True,False,False,False,False,False,1.0,0,0,0,0,0,0,0,False,False,False,False,False,False,,0,0,0,0,0,0,0,False,False,False,False,False,False,
9192c107,2,stress,900,15.0,9192c107__day1____2023.12.13T15.29.18p03.00,gpn_data__9192c107__day1____2023.12.13T15.29.18p03.00,2023-12-13T12:29:18.470144987+00:00,7651.345525979996,True,900.0,False,2023-12-13T12:44:18.470144987+00:00,False,False,ccf84d32d9eaae31857ff33b7e92792067afd20dcad063944edf29ce76f05491,4f53cda18c2baa0c0354bb5f9a3ecbe5ed12ab4d8e11ba873c2f11161202b945,2,2,0,2,0,0,2,True,False,False,False,False,False,1.0,0,0,0,0,0,0,0,False,False,False,False,False,False,,0,0,0,0,0,0,0,False,False,False,False,False,False,
9192c107,2,relaxation,300,5.0,9192c107__day1____2023.12.13T15.29.18p03.00,gpn_data__9192c107__day1____2023.12.13T15.29.18p03.00,2023-12-13T12:29:18.470144987+00:00,7651.345525979996,True,300.0,False,2023-12-13T12:44:18.470144987+00:00,False,False,ccf84d32d9eaae31857ff33b7e92792067afd20dcad063944edf29ce76f05491,4f53cda18c2baa0c0354bb5f9a3ecbe5ed12ab4d8e11ba873c2f11161202b945,2,2,0,2,0,0,2,True,False,False,False,False,False,1.0,0,0,0,0,0,0,0,False,False,False,False,False,False,,0,0,0,0,0,0,0,False,False,False,False,False,False,
9192c107,2,relaxation,600,10.0,9192c107__day1____2023.12.13T15.29.18p03.00,gpn_data__9192c107__day1____2023.12.13T15.29.18p03.00,2023-12-13T12:29:18.470144987+00:00,7651.345525979996,True,600.0,False,2023-12-13T12:44:18.470144987+00:00,False,False,ccf84d32d9eaae31857ff33b7e92792067afd20dcad063944edf29ce76f05491,4f53cda18c2baa0c0354bb5f9a3ecbe5ed12ab4d8e11ba873c2f11161202b945,2,2,0,2,0,0,2,True,False,False,False,False,False,1.0,0,0,0,0,0,0,0,False,False,False,False,False,False,,0,0,0,0,0,0,0,False,False,False,False,False,False,
9192c107,2,relaxation,900,15.0,9192c107__day1____2023.12.13T15.29.18p03.00,gpn_data__9192c107__day1____2023.12.13T15.29.18p03.00,2023-12-13T12:29:18.470144987+00:00,7651.345525979996,True,900.0,False,2023-12-13T12:44:18.470144987+00:00,False,False,ccf84d32d9eaae31857ff33b7e92792067afd20dcad063944edf29ce76f05491,4f53cda18c2baa0c0354bb5f9a3ecbe5ed12ab4d8e11ba873c2f11161202b945,2,2,0,2,0,0,2,True,False,False,False,False,False,1.0,0,0,0,0,0,0,0,False,False,False,False,False,False,,0,0,0,0,0,0,0,False,False,False,False,False,False,
9192c107,2,interest,300,5.0,9192c107__day1____2023.12.13T15.29.18p03.00,gpn_data__9192c107__day1____2023.12.13T15.29.18p03.00,2023-12-13T12:29:18.470144987+00:00,7651.345525979996,True,300.0,False,2023-12-13T12:44:18.470144987+00:00,False,False,c1e35dbce48c747418d199a21cd60c0b656ae421309293b34ce7fd06dfd5b8ce,4f53cda18c2baa0c0354bb5f9a3ecbe5ed12ab4d8e11ba873c2f11161202b945,2,2,0,1,0,1,1,True,False,False,False,False,False,0.5,0,0,0,0,0,0,0,False,False,False,False,False,False,,0,0,0,0,0,0,0,False,False,False,False,False,False,
9192c107,2,interest,600,10.0,9192c107__day1____2023.12.13T15.29.18p03.00,gpn_data__9192c107__day1____2023.12.13T15.29.18p03.00,2023-12-13T12:29:18.470144987+00:00,7651.345525979996,True,600.0,False,2023-12-13T12:44:18.470144987+00:00,False,False,c1e35dbce48c747418d199a21cd60c0b656ae421309293b34ce7fd06dfd5b8ce,4f53cda18c2baa0c0354bb5f9a3ecbe5ed12ab4d8e11ba873c2f11161202b945,2,2,0,1,0,1,1,True,False,False,False,False,False,0.5,0,0,0,0,0,0,0,False,False,False,False,False,False,,0,0,0,0,0,0,0,False,False,False,False,False,False,
9192c107,2,interest,900,15.0,9192c107__day1____2023.12.13T15.29.18p03.00,gpn_data__9192c107__day1____2023.12.13T15.29.18p03.00,2023-12-13T12:29:18.470144987+00:00,7651.345525979996,True,900.0,False,2023-12-13T12:44:18.470144987+00:00,False,False,c1e35dbce48c747418d199a21cd60c0b656ae421309293b34ce7fd06dfd5b8ce,4f53cda18c2baa0c0354bb5f9a3ecbe5ed12ab4d8e11ba873c2f11161202b945,2,2,0,1,0,1,1,True,False,False,False,False,False,0.5,0,0,0,0,0,0,0,False,False,False,False,False,False,,0,0,0,0,0,0,0,False,False,False,False,False,False,
9192c107,2,focus,300,5.0,9192c107__day1____2023.12.13T15.29.18p03.00,gpn_data__9192c107__day1____2023.12.13T15.29.18p03.00,2023-12-13T12:29:18.470144987+00:00,7651.345525979996,True,300.0,False,2023-12-13T12:44:18.470144987+00:00,False,False,ccf84d32d9eaae31857ff33b7e92792067afd20dcad063944edf29ce76f05491,4f53cda18c2baa0c0354bb5f9a3ecbe5ed12ab4d8e11ba873c2f11161202b945,2,2,0,2,0,0,2,True,False,False,False,False,False,1.0,0,0,0,0,0,0,0,False,False,False,False,False,False,,0,0,0,0,0,0,0,False,False,False,False,False,False,
9192c107,2,focus,600,10.0,9192c107__day1____2023.12.13T15.29.18p03.00,gpn_data__9192c107__day1____2023.12.13T15.29.18p03.00,2023-12-13T12:29:18.470144987+00:00,7651.345525979996,True,600.0,False,2023-12-13T12:44:18.470144987+00:00,False,False,ccf84d32d9eaae31857ff33b7e92792067afd20dcad063944edf29ce76f05491,4f53cda18c2baa0c0354bb5f9a3ecbe5ed12ab4d8e11ba873c2f11161202b945,2,2,0,2,0,0,2,True,False,False,False,False,False,1.0,0,0,0,0,0,0,0,False,False,False,False,False,False,,0,0,0,0,0,0,0,False,False,False,False,False,False,
9192c107,2,focus,900,15.0,9192c107__day1____2023.12.13T15.29.18p03.00,gpn_data__9192c107__day1____2023.12.13T15.29.18p03.00,2023-12-13T12:29:18.470144987+00:00,7651.345525979996,True,900.0,False,2023-12-13T12:44:18.470144987+00:00,False,False,ccf84d32d9eaae31857ff33b7e92792067afd20dcad063944edf29ce76f05491,4f53cda18c2baa0c0354bb5f9a3ecbe5ed12ab4d8e11ba873c2f11161202b945,2,2,0,2,0,0,2,True,False,False,False,False,False,1.0,0,0,0,0,0,0,0,False,False,False,False,False,False,,0,0,0,0,0,0,0,False,False,False,False,False,False,
a02151ac,2,attention,300,5.0,a02151ac__day1____2023.11.29T14.45.43p03.00,Old_EEG__a02151ac__day1____2023.11.29T14.45.43p03.00,2023-11-29T11:45:43.396545887+00:00,4564.192266225815,True,300.0,True,2023-11-29T12:00:43.396545887+00:00,True,True,7110b2c1b5da8d943635ca8e3b79397aede63536b6286ad1654cb671987d53d0,3a4cdda68bc19defd645fc5c9c2d057c123307ee24498a2fc54b4e842da75d67,30,30,0,5,6,19,11,True,True,True,True,True,True,0.36666666666666664,60,60,0,0,42,18,42,True,False,False,False,False,False,0.7,626,626,0,194,210,222,404,True,True,True,True,True,True,0.645367412140575
a02151ac,2,attention,600,10.0,a02151ac__day1____2023.11.29T14.45.43p03.00,Old_EEG__a02151ac__day1____2023.11.29T14.45.43p03.00,2023-11-29T11:45:43.396545887+00:00,4564.192266225815,True,600.0,True,2023-11-29T12:00:43.396545887+00:00,True,True,80a4ff436f5cb5752f15c933ebb75712616b9f5dc43ad74f060f09bd202183d2,3a4cdda68bc19defd645fc5c9c2d057c123307ee24498a2fc54b4e842da75d67,60,60,0,5,26,29,31,True,True,True,True,True,True,0.5166666666666667,30,30,0,0,22,8,22,True,False,False,False,False,False,0.7333333333333333,626,626,0,194,210,222,404,True,True,True,True,True,True,0.645367412140575
a02151ac,2,attention,900,15.0,a02151ac__day1____2023.11.29T14.45.43p03.00,Old_EEG__a02151ac__day1____2023.11.29T14.45.43p03.00,2023-11-29T11:45:43.396545887+00:00,4564.192266225815,True,900.0,True,2023-11-29T12:00:43.396545887+00:00,True,True,7890b0de2704052f4db1d22fbcfea811f72857ce1a6a29b19fddac2e27156f71,3a4cdda68bc19defd645fc5c9c2d057c123307ee24498a2fc54b4e842da75d67,90,90,0,5,48,37,53,True,True,True,True,True,True,0.5888888888888889,0,0,0,0,0,0,0,False,False,False,False,False,False,,626,626,0,194,210,222,404,True,True,True,True,True,True,0.645367412140575
a02151ac,2,engagement,300,5.0,a02151ac__day1____2023.11.29T14.45.43p03.00,Old_EEG__a02151ac__day1____2023.11.29T14.45.43p03.00,2023-11-29T11:45:43.396545887+00:00,4564.192266225815,True,300.0,False,2023-11-29T12:00:43.396545887+00:00,True,False,2ec6cf8e839e4ce0de735efd3f917c3d26d50bf6d6bf75c3bd188d375dfc05d6,a7f5e4edaafccc6564158d670eb126f1af5c9d46936eac4f952b3f1c0dee1b47,30,30,0,1,8,21,9,True,True,True,False,False,False,0.3,60,60,0,4,9,47,13,True,True,True,True,True,False,0.21666666666666667,626,626,0,109,201,316,310,True,True,True,True,True,True,0.4952076677316294
a02151ac,2,engagement,600,10.0,a02151ac__day1____2023.11.29T14.45.43p03.00,Old_EEG__a02151ac__day1____2023.11.29T14.45.43p03.00,2023-11-29T11:45:43.396545887+00:00,4564.192266225815,True,600.0,True,2023-11-29T12:00:43.396545887+00:00,True,True,76659be71d30a0a403db2f6ad5a9ab38c180742fb567daf3557efbbeb97644fb,a7f5e4edaafccc6564158d670eb126f1af5c9d46936eac4f952b3f1c0dee1b47,60,60,0,2,12,46,14,True,True,True,True,False,False,0.23333333333333334,30,30,0,3,5,22,8,True,True,True,True,True,False,0.26666666666666666,626,626,0,109,201,316,310,True,True,True,True,True,True,0.4952076677316294
a02151ac,2,engagement,900,15.0,a02151ac__day1____2023.11.29T14.45.43p03.00,Old_EEG__a02151ac__day1____2023.11.29T14.45.43p03.00,2023-11-29T11:45:43.396545887+00:00,4564.192266225815,True,900.0,True,2023-11-29T12:00:43.396545887+00:00,True,True,fb48a18dcf5611fc55aea807ba80e0bfc7f6ce2c5193209a3e81528c929048af,a7f5e4edaafccc6564158d670eb126f1af5c9d46936eac4f952b3f1c0dee1b47,90,90,0,5,17,68,22,True,True,True,True,True,True,0.24444444444444444,0,0,0,0,0,0,0,False,False,False,False,False,False,,626,626,0,109,201,316,310,True,True,True,True,True,True,0.4952076677316294
a02151ac,2,excitement,300,5.0,a02151ac__day1____2023.11.29T14.45.43p03.00,Old_EEG__a02151ac__day1____2023.11.29T14.45.43p03.00,2023-11-29T11:45:43.396545887+00:00,4564.192266225815,True,300.0,True,2023-11-29T12:00:43.396545887+00:00,True,True,372e8a8f35dd67556f22c8041d784b9fecb478812325f393b647ff83390fd4d9,da24240e24976e4e8e08fd454580d1295690e8758f7f3b161fe51053a22fe2e3,30,30,0,7,5,18,12,True,True,True,True,True,True,0.4,60,60,0,10,17,33,27,True,True,True,True,True,True,0.45,626,626,0,362,104,160,466,True,True,True,True,True,True,0.744408945686901
a02151ac,2,excitement,600,10.0,a02151ac__day1____2023.11.29T14.45.43p03.00,Old_EEG__a02151ac__day1____2023.11.29T14.45.43p03.00,2023-11-29T11:45:43.396545887+00:00,4564.192266225815,True,600.0,True,2023-11-29T12:00:43.396545887+00:00,True,True,e004737d696675315a1391836373f449421c93d23d1665074cf4ee6b1dd74c42,da24240e24976e4e8e08fd454580d1295690e8758f7f3b161fe51053a22fe2e3,60,60,0,10,15,35,25,True,True,True,True,True,True,0.4166666666666667,30,30,0,7,7,16,14,True,True,True,True,True,True,0.4666666666666667,626,626,0,362,104,160,466,True,True,True,True,True,True,0.744408945686901
a02151ac,2,excitement,900,15.0,a02151ac__day1____2023.11.29T14.45.43p03.00,Old_EEG__a02151ac__day1____2023.11.29T14.45.43p03.00,2023-11-29T11:45:43.396545887+00:00,4564.192266225815,True,900.0,True,2023-11-29T12:00:43.396545887+00:00,True,True,8ddc47a18b9fc5a7e1a7e53e87da09a7ed3fe1f554e9471b3fa19fc89e4ee2e9,da24240e24976e4e8e08fd454580d1295690e8758f7f3b161fe51053a22fe2e3,90,90,0,17,22,51,39,True,True,True,True,True,True,0.43333333333333335,0,0,0,0,0,0,0,False,False,False,False,False,False,,626,626,0,362,104,160,466,True,True,True,True,True,True,0.744408945686901
a02151ac,2,stress,300,5.0,a02151ac__day1____2023.11.29T14.45.43p03.00,Old_EEG__a02151ac__day1____2023.11.29T14.45.43p03.00,2023-11-29T11:45:43.396545887+00:00,4564.192266225815,True,300.0,True,2023-11-29T12:00:43.396545887+00:00,True,True,cde54f1974918849994a0106d1d4c19cfcf9c63d6888ffdea0cb2c0e826e6a18,711b6f8275a4c1e735800c274da93a7c96f06734b6e7b91ca3190546cbeb17a3,30,30,0,14,4,12,18,True,True,True,True,True,False,0.6,60,60,0,9,44,7,53,True,True,True,True,True,True,0.8833333333333333,626,626,0,260,134,232,394,True,True,True,True,True,True,0.6293929712460063
a02151ac,2,stress,600,10.0,a02151ac__day1____2023.11.29T14.45.43p03.00,Old_EEG__a02151ac__day1____2023.11.29T14.45.43p03.00,2023-11-29T11:45:43.396545887+00:00,4564.192266225815,True,600.0,True,2023-11-29T12:00:43.396545887+00:00,True,True,ae79c9552350c608bedbbf23ca049a726deacbd0af11d37ce0d9bb9faeb0c908,711b6f8275a4c1e735800c274da93a7c96f06734b6e7b91ca3190546cbeb17a3,60,60,0,23,21,16,44,True,True,True,True,True,True,0.7333333333333333,30,30,0,0,27,3,27,True,False,False,False,False,False,0.9,626,626,0,260,134,232,394,True,True,True,True,True,True,0.6293929712460063
a02151ac,2,stress,900,15.0,a02151ac__day1____2023.11.29T14.45.43p03.00,Old_EEG__a02151ac__day1____2023.11.29T14.45.43p03.00,2023-11-29T11:45:43.396545887+00:00,4564.192266225815,True,900.0,True,2023-11-29T12:00:43.396545887+00:00,True,True,636df6bf2459e16f74659c800643eaddb8c7daacb3ef0ca5b54558727e095c24,711b6f8275a4c1e735800c274da93a7c96f06734b6e7b91ca3190546cbeb17a3,90,90,0,23,48,19,71,True,True,True,True,True,True,0.7888888888888889,0,0,0,0,0,0,0,False,False,False,False,False,False,,626,626,0,260,134,232,394,True,True,True,True,True,True,0.6293929712460063
a02151ac,2,relaxation,300,5.0,a02151ac__day1____2023.11.29T14.45.43p03.00,Old_EEG__a02151ac__day1____2023.11.29T14.45.43p03.00,2023-11-29T11:45:43.396545887+00:00,4564.192266225815,True,300.0,True,2023-11-29T12:00:43.396545887+00:00,True,True,98bd3e310d193aef0a4c415d3ee0113c69379b964b3e7ed33c737e4872e5b5a5,7975a971683931eddeb4a613bb272d18c82dd951bdaffd6e0cc57b00fb7793c0,30,30,0,2,7,21,9,True,True,True,True,False,False,0.3,60,60,0,8,20,32,28,True,True,True,True,True,True,0.4666666666666667,626,626,0,249,191,186,440,True,True,True,True,True,True,0.7028753993610224
a02151ac,2,relaxation,600,10.0,a02151ac__day1____2023.11.29T14.45.43p03.00,Old_EEG__a02151ac__day1____2023.11.29T14.45.43p03.00,2023-11-29T11:45:43.396545887+00:00,4564.192266225815,True,600.0,True,2023-11-29T12:00:43.396545887+00:00,True,True,9ea2f50deab72a06d4a000d9c98f53ee48d63171bdbdf18bfe20b520bb207bcc,7975a971683931eddeb4a613bb272d18c82dd951bdaffd6e0cc57b00fb7793c0,60,60,0,7,18,35,25,True,True,True,True,True,True,0.4166666666666667,30,30,0,3,9,18,12,True,True,True,True,True,False,0.4,626,626,0,249,191,186,440,True,True,True,True,True,True,0.7028753993610224
a02151ac,2,relaxation,900,15.0,a02151ac__day1____2023.11.29T14.45.43p03.00,Old_EEG__a02151ac__day1____2023.11.29T14.45.43p03.00,2023-11-29T11:45:43.396545887+00:00,4564.192266225815,True,900.0,True,2023-11-29T12:00:43.396545887+00:00,True,True,40571e9279ce3cf6d8746cc7dc9dd2b313ffd67721e312e0db8d8bd784dc4062,7975a971683931eddeb4a613bb272d18c82dd951bdaffd6e0cc57b00fb7793c0,90,90,0,10,27,53,37,True,True,True,True,True,True,0.4111111111111111,0,0,0,0,0,0,0,False,False,False,False,False,False,,626,626,0,249,191,186,440,True,True,True,True,True,True,0.7028753993610224
a02151ac,2,interest,300,5.0,a02151ac__day1____2023.11.29T14.45.43p03.00,Old_EEG__a02151ac__day1____2023.11.29T14.45.43p03.00,2023-11-29T11:45:43.396545887+00:00,4564.192266225815,True,300.0,False,2023-11-29T12:00:43.396545887+00:00,True,False,eafd68eecae05a5a7f41ed785b68aaa2619835825a5682c5102c2a7cbf27836e,9dc31c57822fff9cd6d7df1f50483b25750340c9bb4e4c2c1f3f7441914ca39a,30,30,0,1,13,16,14,True,True,True,False,False,False,0.4666666666666667,60,60,0,6,12,42,18,True,True,True,True,True,True,0.3,626,626,0,130,191,305,321,True,True,True,True,True,True,0.512779552715655
a02151ac,2,interest,600,10.0,a02151ac__day1____2023.11.29T14.45.43p03.00,Old_EEG__a02151ac__day1____2023.11.29T14.45.43p03.00,2023-11-29T11:45:43.396545887+00:00,4564.192266225815,True,600.0,True,2023-11-29T12:00:43.396545887+00:00,True,True,d7fe0941cc92b4a0c8aa8028e762d924aa47c9eeae6bfb6dade5d85f7d01e047,9dc31c57822fff9cd6d7df1f50483b25750340c9bb4e4c2c1f3f7441914ca39a,60,60,0,4,19,37,23,True,True,True,True,True,False,0.38333333333333336,30,30,0,3,6,21,9,True,True,True,True,True,False,0.3,626,626,0,130,191,305,321,True,True,True,True,True,True,0.512779552715655
a02151ac,2,interest,900,15.0,a02151ac__day1____2023.11.29T14.45.43p03.00,Old_EEG__a02151ac__day1____2023.11.29T14.45.43p03.00,2023-11-29T11:45:43.396545887+00:00,4564.192266225815,True,900.0,True,2023-11-29T12:00:43.396545887+00:00,True,True,8f14e8a86e07c535da2ddddb9b1ccc52db0292880dbe17344a39f69300fd57d7,9dc31c57822fff9cd6d7df1f50483b25750340c9bb4e4c2c1f3f7441914ca39a,90,90,0,7,25,58,32,True,True,True,True,True,True,0.35555555555555557,0,0,0,0,0,0,0,False,False,False,False,False,False,,626,626,0,130,191,305,321,True,True,True,True,True,True,0.512779552715655
a02151ac,2,focus,300,5.0,a02151ac__day1____2023.11.29T14.45.43p03.00,Old_EEG__a02151ac__day1____2023.11.29T14.45.43p03.00,2023-11-29T11:45:43.396545887+00:00,4564.192266225815,True,300.0,True,2023-11-29T12:00:43.396545887+00:00,True,True,0f79b4a9e21ae106e4f88e14b7c0576c3890db0f8e5bdd599f579d13426aae31,904dc94ccdf38118c6684e8b8a5acaff71afee31d8459e1dd57f5de51e9b4163,30,30,0,15,2,13,17,True,True,True,True,False,False,0.5666666666666667,60,60,0,4,23,33,27,True,True,True,True,True,False,0.45,626,626,0,350,105,171,455,True,True,True,True,True,True,0.7268370607028753
a02151ac,2,focus,600,10.0,a02151ac__day1____2023.11.29T14.45.43p03.00,Old_EEG__a02151ac__day1____2023.11.29T14.45.43p03.00,2023-11-29T11:45:43.396545887+00:00,4564.192266225815,True,600.0,True,2023-11-29T12:00:43.396545887+00:00,True,True,f7e1359f8b603b6fe96490477661e3081f1c3a2450bb533df6f66a139d549de9,904dc94ccdf38118c6684e8b8a5acaff71afee31d8459e1dd57f5de51e9b4163,60,60,0,18,11,31,29,True,True,True,True,True,True,0.48333333333333334,30,30,0,1,14,15,15,True,True,True,False,False,False,0.5,626,626,0,350,105,171,455,True,True,True,True,True,True,0.7268370607028753
a02151ac,2,focus,900,15.0,a02151ac__day1____2023.11.29T14.45.43p03.00,Old_EEG__a02151ac__day1____2023.11.29T14.45.43p03.00,2023-11-29T11:45:43.396545887+00:00,4564.192266225815,True,900.0,True,2023-11-29T12:00:43.396545887+00:00,True,True,4e0f93cc41bc9a877c25c304d96a6aac108de008f0d3a4924e68d6b9fcc40756,904dc94ccdf38118c6684e8b8a5acaff71afee31d8459e1dd57f5de51e9b4163,90,90,0,19,25,46,44,True,True,True,True,True,True,0.4888888888888889,0,0,0,0,0,0,0,False,False,False,False,False,False,,626,626,0,350,105,171,455,True,True,True,True,True,True,0.7268370607028753
a1721173,1,attention,300,5.0,a1721173__day1____2023.11.30T14.11.21p03.00,gpn_data__a1721173__day1____2023.11.30T14.11.21p03.00,2023-11-30T11:11:21.946249962+00:00,294.86649894714355,False,294.86649894714355,False,2023-11-30T11:26:21.946249962+00:00,True,False,c2960129fff66264a1b037139499f3d1ad1d02ca49301e480f0ecf5d8c21a894,1df1bec587e86bfed4772370dff1d51b1ccb4db273c5739917e81a1dae168feb,27,27,0,6,9,12,15,True,True,True,True,True,True,0.5555555555555556,47,47,0,32,0,15,32,True,False,False,False,False,False,0.6808510638297872,219,219,0,50,74,95,124,True,True,True,True,True,True,0.5662100456621004
a1721173,1,attention,600,10.0,a1721173__day1____2023.11.30T14.11.21p03.00,gpn_data__a1721173__day1____2023.11.30T14.11.21p03.00,2023-11-30T11:11:21.946249962+00:00,294.86649894714355,False,294.86649894714355,False,2023-11-30T11:26:21.946249962+00:00,True,False,c2960129fff66264a1b037139499f3d1ad1d02ca49301e480f0ecf5d8c21a894,1df1bec587e86bfed4772370dff1d51b1ccb4db273c5739917e81a1dae168feb,27,27,0,6,9,12,15,True,True,True,True,True,True,0.5555555555555556,30,30,0,18,0,12,18,True,False,False,False,False,False,0.6,219,219,0,50,74,95,124,True,True,True,True,True,True,0.5662100456621004
a1721173,1,attention,900,15.0,a1721173__day1____2023.11.30T14.11.21p03.00,gpn_data__a1721173__day1____2023.11.30T14.11.21p03.00,2023-11-30T11:11:21.946249962+00:00,294.86649894714355,False,294.86649894714355,False,2023-11-30T11:26:21.946249962+00:00,True,False,c2960129fff66264a1b037139499f3d1ad1d02ca49301e480f0ecf5d8c21a894,1df1bec587e86bfed4772370dff1d51b1ccb4db273c5739917e81a1dae168feb,27,27,0,6,9,12,15,True,True,True,True,True,True,0.5555555555555556,0,0,0,0,0,0,0,False,False,False,False,False,False,,219,219,0,50,74,95,124,True,True,True,True,True,True,0.5662100456621004
a1721173,1,engagement,300,5.0,a1721173__day1____2023.11.30T14.11.21p03.00,gpn_data__a1721173__day1____2023.11.30T14.11.21p03.00,2023-11-30T11:11:21.946249962+00:00,294.86649894714355,False,294.86649894714355,False,2023-11-30T11:26:21.946249962+00:00,True,False,7478042c4b9be314af514faf7ff58b824dec3e1b5a91ccffb15c92e491b6ae2c,e3d9ec4aa55a68f1e5643fff6a576241c8056f19be4dd182d9410d3fd8484715,27,27,0,0,26,1,26,True,False,False,False,False,False,0.9629629629629629,47,47,0,0,44,3,44,True,False,False,False,False,False,0.9361702127659575,219,219,0,35,54,130,89,True,True,True,True,True,True,0.4063926940639269
a1721173,1,engagement,600,10.0,a1721173__day1____2023.11.30T14.11.21p03.00,gpn_data__a1721173__day1____2023.11.30T14.11.21p03.00,2023-11-30T11:11:21.946249962+00:00,294.86649894714355,False,294.86649894714355,False,2023-11-30T11:26:21.946249962+00:00,True,False,7478042c4b9be314af514faf7ff58b824dec3e1b5a91ccffb15c92e491b6ae2c,e3d9ec4aa55a68f1e5643fff6a576241c8056f19be4dd182d9410d3fd8484715,27,27,0,0,26,1,26,True,False,False,False,False,False,0.9629629629629629,30,30,0,0,27,3,27,True,False,False,False,False,False,0.9,219,219,0,35,54,130,89,True,True,True,True,True,True,0.4063926940639269
a1721173,1,engagement,900,15.0,a1721173__day1____2023.11.30T14.11.21p03.00,gpn_data__a1721173__day1____2023.11.30T14.11.21p03.00,2023-11-30T11:11:21.946249962+00:00,294.86649894714355,False,294.86649894714355,False,2023-11-30T11:26:21.946249962+00:00,True,False,7478042c4b9be314af514faf7ff58b824dec3e1b5a91ccffb15c92e491b6ae2c,e3d9ec4aa55a68f1e5643fff6a576241c8056f19be4dd182d9410d3fd8484715,27,27,0,0,26,1,26,True,False,False,False,False,False,0.9629629629629629,0,0,0,0,0,0,0,False,False,False,False,False,False,,219,219,0,35,54,130,89,True,True,True,True,True,True,0.4063926940639269
a1721173,1,excitement,300,5.0,a1721173__day1____2023.11.30T14.11.21p03.00,gpn_data__a1721173__day1____2023.11.30T14.11.21p03.00,2023-11-30T11:11:21.946249962+00:00,294.86649894714355,False,294.86649894714355,False,2023-11-30T11:26:21.946249962+00:00,True,False,7a9f12cc8f5592c5d11c50907b4c38485102bbde488d6e12f63b42539ae3737e,a16746687a27ba162a6de379bf728091eebff764519d0fe59dbc2808e4c36580,27,27,0,9,7,11,16,True,True,True,True,True,True,0.5925925925925926,47,47,0,10,26,11,36,True,True,True,True,True,True,0.7659574468085106,219,219,0,57,78,84,135,True,True,True,True,True,True,0.6164383561643836
a1721173,1,excitement,600,10.0,a1721173__day1____2023.11.30T14.11.21p03.00,gpn_data__a1721173__day1____2023.11.30T14.11.21p03.00,2023-11-30T11:11:21.946249962+00:00,294.86649894714355,False,294.86649894714355,False,2023-11-30T11:26:21.946249962+00:00,True,False,7a9f12cc8f5592c5d11c50907b4c38485102bbde488d6e12f63b42539ae3737e,a16746687a27ba162a6de379bf728091eebff764519d0fe59dbc2808e4c36580,27,27,0,9,7,11,16,True,True,True,True,True,True,0.5925925925925926,30,30,0,9,13,8,22,True,True,True,True,True,True,0.7333333333333333,219,219,0,57,78,84,135,True,True,True,True,True,True,0.6164383561643836
a1721173,1,excitement,900,15.0,a1721173__day1____2023.11.30T14.11.21p03.00,gpn_data__a1721173__day1____2023.11.30T14.11.21p03.00,2023-11-30T11:11:21.946249962+00:00,294.86649894714355,False,294.86649894714355,False,2023-11-30T11:26:21.946249962+00:00,True,False,7a9f12cc8f5592c5d11c50907b4c38485102bbde488d6e12f63b42539ae3737e,a16746687a27ba162a6de379bf728091eebff764519d0fe59dbc2808e4c36580,27,27,0,9,7,11,16,True,True,True,True,True,True,0.5925925925925926,0,0,0,0,0,0,0,False,False,False,False,False,False,,219,219,0,57,78,84,135,True,True,True,True,True,True,0.6164383561643836
a1721173,1,stress,300,5.0,a1721173__day1____2023.11.30T14.11.21p03.00,gpn_data__a1721173__day1____2023.11.30T14.11.21p03.00,2023-11-30T11:11:21.946249962+00:00,294.86649894714355,False,294.86649894714355,False,2023-11-30T11:26:21.946249962+00:00,True,False,74085f34dddb4985c6a96ce31c8c288ff79046b41a7ffcbdd8ccc7fe20f1b905,b02fd28daf31fa4fe71314f40fee9bf95677353f429b74fe4fb796ac636753a2,27,27,0,13,6,8,19,True,True,True,True,True,True,0.7037037037037037,47,47,0,42,4,1,46,True,True,True,True,True,False,0.9787234042553191,219,219,0,139,47,33,186,True,True,True,True,True,True,0.8493150684931506
a1721173,1,stress,600,10.0,a1721173__day1____2023.11.30T14.11.21p03.00,gpn_data__a1721173__day1____2023.11.30T14.11.21p03.00,2023-11-30T11:11:21.946249962+00:00,294.86649894714355,False,294.86649894714355,False,2023-11-30T11:26:21.946249962+00:00,True,False,74085f34dddb4985c6a96ce31c8c288ff79046b41a7ffcbdd8ccc7fe20f1b905,b02fd28daf31fa4fe71314f40fee9bf95677353f429b74fe4fb796ac636753a2,27,27,0,13,6,8,19,True,True,True,True,True,True,0.7037037037037037,30,30,0,27,3,0,30,True,True,True,True,True,False,1.0,219,219,0,139,47,33,186,True,True,True,True,True,True,0.8493150684931506
a1721173,1,stress,900,15.0,a1721173__day1____2023.11.30T14.11.21p03.00,gpn_data__a1721173__day1____2023.11.30T14.11.21p03.00,2023-11-30T11:11:21.946249962+00:00,294.86649894714355,False,294.86649894714355,False,2023-11-30T11:26:21.946249962+00:00,True,False,74085f34dddb4985c6a96ce31c8c288ff79046b41a7ffcbdd8ccc7fe20f1b905,b02fd28daf31fa4fe71314f40fee9bf95677353f429b74fe4fb796ac636753a2,27,27,0,13,6,8,19,True,True,True,True,True,True,0.7037037037037037,0,0,0,0,0,0,0,False,False,False,False,False,False,,219,219,0,139,47,33,186,True,True,True,True,True,True,0.8493150684931506
a1721173,1,relaxation,300,5.0,a1721173__day1____2023.11.30T14.11.21p03.00,gpn_data__a1721173__day1____2023.11.30T14.11.21p03.00,2023-11-30T11:11:21.946249962+00:00,294.86649894714355,False,294.86649894714355,False,2023-11-30T11:26:21.946249962+00:00,True,False,dbb283c39bdcce2f3186c7d1cd1b5302621f7041d7380273428e2af4c53ea6a1,d97a2c7a84afc9f40d3ba8eb2d3c1a714140e53c6366f40aad0488c4d45a2dcf,27,27,0,6,10,11,16,True,True,True,True,True,True,0.5925925925925926,47,47,0,7,14,26,21,True,True,True,True,True,True,0.44680851063829785,219,219,0,114,46,59,160,True,True,True,True,True,True,0.730593607305936
a1721173,1,relaxation,600,10.0,a1721173__day1____2023.11.30T14.11.21p03.00,gpn_data__a1721173__day1____2023.11.30T14.11.21p03.00,2023-11-30T11:11:21.946249962+00:00,294.86649894714355,False,294.86649894714355,False,2023-11-30T11:26:21.946249962+00:00,True,False,dbb283c39bdcce2f3186c7d1cd1b5302621f7041d7380273428e2af4c53ea6a1,d97a2c7a84afc9f40d3ba8eb2d3c1a714140e53c6366f40aad0488c4d45a2dcf,27,27,0,6,10,11,16,True,True,True,True,True,True,0.5925925925925926,30,30,0,7,7,16,14,True,True,True,True,True,True,0.4666666666666667,219,219,0,114,46,59,160,True,True,True,True,True,True,0.730593607305936
a1721173,1,relaxation,900,15.0,a1721173__day1____2023.11.30T14.11.21p03.00,gpn_data__a1721173__day1____2023.11.30T14.11.21p03.00,2023-11-30T11:11:21.946249962+00:00,294.86649894714355,False,294.86649894714355,False,2023-11-30T11:26:21.946249962+00:00,True,False,dbb283c39bdcce2f3186c7d1cd1b5302621f7041d7380273428e2af4c53ea6a1,d97a2c7a84afc9f40d3ba8eb2d3c1a714140e53c6366f40aad0488c4d45a2dcf,27,27,0,6,10,11,16,True,True,True,True,True,True,0.5925925925925926,0,0,0,0,0,0,0,False,False,False,False,False,False,,219,219,0,114,46,59,160,True,True,True,True,True,True,0.730593607305936
a1721173,1,interest,300,5.0,a1721173__day1____2023.11.30T14.11.21p03.00,gpn_data__a1721173__day1____2023.11.30T14.11.21p03.00,2023-11-30T11:11:21.946249962+00:00,294.86649894714355,False,294.86649894714355,False,2023-11-30T11:26:21.946249962+00:00,True,False,4c15c55f9fb6dc28eae47651570429aeb06764800e6c648d96d8b5174252347c,c7308412b8ea21f450fe2cabd45b629fc5c69c49615c9addd3cfbeb41dd9016e,27,27,0,11,7,9,18,True,True,True,True,True,True,0.6666666666666666,47,47,0,28,13,6,41,True,True,True,True,True,True,0.8723404255319149,219,219,0,100,78,41,178,True,True,True,True,True,True,0.8127853881278538
a1721173,1,interest,600,10.0,a1721173__day1____2023.11.30T14.11.21p03.00,gpn_data__a1721173__day1____2023.11.30T14.11.21p03.00,2023-11-30T11:11:21.946249962+00:00,294.86649894714355,False,294.86649894714355,False,2023-11-30T11:26:21.946249962+00:00,True,False,4c15c55f9fb6dc28eae47651570429aeb06764800e6c648d96d8b5174252347c,c7308412b8ea21f450fe2cabd45b629fc5c69c49615c9addd3cfbeb41dd9016e,27,27,0,11,7,9,18,True,True,True,True,True,True,0.6666666666666666,30,30,0,22,5,3,27,True,True,True,True,True,True,0.9,219,219,0,100,78,41,178,True,True,True,True,True,True,0.8127853881278538
a1721173,1,interest,900,15.0,a1721173__day1____2023.11.30T14.11.21p03.00,gpn_data__a1721173__day1____2023.11.30T14.11.21p03.00,2023-11-30T11:11:21.946249962+00:00,294.86649894714355,False,294.86649894714355,False,2023-11-30T11:26:21.946249962+00:00,True,False,4c15c55f9fb6dc28eae47651570429aeb06764800e6c648d96d8b5174252347c,c7308412b8ea21f450fe2cabd45b629fc5c69c49615c9addd3cfbeb41dd9016e,27,27,0,11,7,9,18,True,True,True,True,True,True,0.6666666666666666,0,0,0,0,0,0,0,False,False,False,False,False,False,,219,219,0,100,78,41,178,True,True,True,True,True,True,0.8127853881278538
a1721173,1,focus,300,5.0,a1721173__day1____2023.11.30T14.11.21p03.00,gpn_data__a1721173__day1____2023.11.30T14.11.21p03.00,2023-11-30T11:11:21.946249962+00:00,294.86649894714355,False,294.86649894714355,False,2023-11-30T11:26:21.946249962+00:00,True,False,85533dce587600350190aadca94c8b3c418d0b7dd19e982b0dbf14d62d8106b9,3b5591a365eff9fb00513e97e6b0f250f0d834e26ec9ac5127344a048ed8ba75,27,27,0,14,2,11,16,True,True,True,True,False,False,0.5925925925925926,47,47,0,12,8,27,20,True,True,True,True,True,True,0.425531914893617,219,219,0,40,68,111,108,True,True,True,True,True,True,0.4931506849315068
a1721173,1,focus,600,10.0,a1721173__day1____2023.11.30T14.11.21p03.00,gpn_data__a1721173__day1____2023.11.30T14.11.21p03.00,2023-11-30T11:11:21.946249962+00:00,294.86649894714355,False,294.86649894714355,False,2023-11-30T11:26:21.946249962+00:00,True,False,85533dce587600350190aadca94c8b3c418d0b7dd19e982b0dbf14d62d8106b9,3b5591a365eff9fb00513e97e6b0f250f0d834e26ec9ac5127344a048ed8ba75,27,27,0,14,2,11,16,True,True,True,True,False,False,0.5925925925925926,30,30,0,9,4,17,13,True,True,True,True,True,False,0.43333333333333335,219,219,0,40,68,111,108,True,True,True,True,True,True,0.4931506849315068
a1721173,1,focus,900,15.0,a1721173__day1____2023.11.30T14.11.21p03.00,gpn_data__a1721173__day1____2023.11.30T14.11.21p03.00,2023-11-30T11:11:21.946249962+00:00,294.86649894714355,False,294.86649894714355,False,2023-11-30T11:26:21.946249962+00:00,True,False,85533dce587600350190aadca94c8b3c418d0b7dd19e982b0dbf14d62d8106b9,3b5591a365eff9fb00513e97e6b0f250f0d834e26ec9ac5127344a048ed8ba75,27,27,0,14,2,11,16,True,True,True,True,False,False,0.5925925925925926,0,0,0,0,0,0,0,False,False,False,False,False,False,,219,219,0,40,68,111,108,True,True,True,True,True,True,0.4931506849315068
a1b210fc,4,attention,300,5.0,a1b210fc__day1____2023.12.15T13.50.40p03.00,gpn_data__a1b210fc__day1____2023.12.15T13.50.40p03.00,2023-12-15T10:50:40.039016008+00:00,6004.335046052933,True,300.0,False,2023-12-15T11:05:40.039016008+00:00,True,False,3a5348ad39cfbedf97e81106dfb019e6b9018b166369a94d757eee9cfc27a74f,f9af7ee598e129a984e3f85ea258d41f2649cdfa06c460f2022febbbeac317c0,30,30,0,0,14,16,14,True,False,False,False,False,False,0.4666666666666667,60,60,0,42,2,16,44,True,True,True,True,False,False,0.7333333333333333,508,508,0,88,277,143,365,True,True,True,True,True,True,0.718503937007874
a1b210fc,4,attention,600,10.0,a1b210fc__day1____2023.12.15T13.50.40p03.00,gpn_data__a1b210fc__day1____2023.12.15T13.50.40p03.00,2023-12-15T10:50:40.039016008+00:00,6004.335046052933,True,600.0,True,2023-12-15T11:05:40.039016008+00:00,True,True,cb89789e17b7f13e7586ac3b9fbd2ea7cddc931d09b44ae4762b3a45645ffc2c,f9af7ee598e129a984e3f85ea258d41f2649cdfa06c460f2022febbbeac317c0,60,60,0,14,16,30,30,True,True,True,True,True,True,0.5,30,30,0,28,0,2,28,True,False,False,False,False,False,0.9333333333333333,508,508,0,88,277,143,365,True,True,True,True,True,True,0.718503937007874
a1b210fc,4,attention,900,15.0,a1b210fc__day1____2023.12.15T13.50.40p03.00,gpn_data__a1b210fc__day1____2023.12.15T13.50.40p03.00,2023-12-15T10:50:40.039016008+00:00,6004.335046052933,True,900.0,True,2023-12-15T11:05:40.039016008+00:00,True,True,e1930314406bdb97f2b2014584d8a3a54d2bdb9cbe154f6340beb64eed929bfb,f9af7ee598e129a984e3f85ea258d41f2649cdfa06c460f2022febbbeac317c0,90,90,0,42,16,32,58,True,True,True,True,True,True,0.6444444444444445,0,0,0,0,0,0,0,False,False,False,False,False,False,,508,508,0,88,277,143,365,True,True,True,True,True,True,0.718503937007874
a1b210fc,4,engagement,300,5.0,a1b210fc__day1____2023.12.15T13.50.40p03.00,gpn_data__a1b210fc__day1____2023.12.15T13.50.40p03.00,2023-12-15T10:50:40.039016008+00:00,6004.335046052933,True,300.0,False,2023-12-15T11:05:40.039016008+00:00,True,False,252d40ed1d6b0b8166ce66d3029d761c27cec0dba02728d9b75da585a3fff846,bf6bfb7a542435536a5093c4409c7d96f906d0d10899626ba8bade2b32f2af75,30,30,0,0,21,9,21,True,False,False,False,False,False,0.7,60,60,0,3,43,14,46,True,True,True,True,True,False,0.7666666666666667,508,508,0,171,166,171,337,True,True,True,True,True,True,0.6633858267716536
a1b210fc,4,engagement,600,10.0,a1b210fc__day1____2023.12.15T13.50.40p03.00,gpn_data__a1b210fc__day1____2023.12.15T13.50.40p03.00,2023-12-15T10:50:40.039016008+00:00,6004.335046052933,True,600.0,True,2023-12-15T11:05:40.039016008+00:00,True,True,44baa89e5cd6d03f45682efab717c7b55e4dd4857f6f696f16d449aaa9377226,bf6bfb7a542435536a5093c4409c7d96f906d0d10899626ba8bade2b32f2af75,60,60,0,3,44,13,47,True,True,True,True,True,False,0.7833333333333333,30,30,0,0,20,10,20,True,False,False,False,False,False,0.6666666666666666,508,508,0,171,166,171,337,True,True,True,True,True,True,0.6633858267716536
a1b210fc,4,engagement,900,15.0,a1b210fc__day1____2023.12.15T13.50.40p03.00,gpn_data__a1b210fc__day1____2023.12.15T13.50.40p03.00,2023-12-15T10:50:40.039016008+00:00,6004.335046052933,True,900.0,True,2023-12-15T11:05:40.039016008+00:00,True,True,259423b82f0ac2116248f83a3a7db18a4b210cbfac19a0430ce73697cd543554,bf6bfb7a542435536a5093c4409c7d96f906d0d10899626ba8bade2b32f2af75,90,90,0,3,64,23,67,True,True,True,True,True,False,0.7444444444444445,0,0,0,0,0,0,0,False,False,False,False,False,False,,508,508,0,171,166,171,337,True,True,True,True,True,True,0.6633858267716536
a1b210fc,4,excitement,300,5.0,a1b210fc__day1____2023.12.15T13.50.40p03.00,gpn_data__a1b210fc__day1____2023.12.15T13.50.40p03.00,2023-12-15T10:50:40.039016008+00:00,6004.335046052933,True,300.0,True,2023-12-15T11:05:40.039016008+00:00,True,True,1f497d4a6cfa0fc9e4427c0dbc31aadc40c222fdd6f6d9ec6b5a7071f6c1916e,06ba01efacbbde3de508465d9a7634a94168e11969b29451533b5a643ad6b0f8,30,30,0,12,3,15,15,True,True,True,True,True,False,0.5,60,60,0,36,8,16,44,True,True,True,True,True,True,0.7333333333333333,508,508,0,276,77,155,353,True,True,True,True,True,True,0.6948818897637795
a1b210fc,4,excitement,600,10.0,a1b210fc__day1____2023.12.15T13.50.40p03.00,gpn_data__a1b210fc__day1____2023.12.15T13.50.40p03.00,2023-12-15T10:50:40.039016008+00:00,6004.335046052933,True,600.0,True,2023-12-15T11:05:40.039016008+00:00,True,True,f42ab6fc234c17ad23e35f458fc7fe2afafda74cee7cfbcda70b27cdc04b7d0c,06ba01efacbbde3de508465d9a7634a94168e11969b29451533b5a643ad6b0f8,60,60,0,35,8,17,43,True,True,True,True,True,True,0.7166666666666667,30,30,0,13,3,14,16,True,True,True,True,True,False,0.5333333333333333,508,508,0,276,77,155,353,True,True,True,True,True,True,0.6948818897637795
a1b210fc,4,excitement,900,15.0,a1b210fc__day1____2023.12.15T13.50.40p03.00,gpn_data__a1b210fc__day1____2023.12.15T13.50.40p03.00,2023-12-15T10:50:40.039016008+00:00,6004.335046052933,True,900.0,True,2023-12-15T11:05:40.039016008+00:00,True,True,f18ec7d71423a3496ca8ce85250ac6df2b533ca602540cd5968093adf8aa17d7,06ba01efacbbde3de508465d9a7634a94168e11969b29451533b5a643ad6b0f8,90,90,0,48,11,31,59,True,True,True,True,True,True,0.6555555555555556,0,0,0,0,0,0,0,False,False,False,False,False,False,,508,508,0,276,77,155,353,True,True,True,True,True,True,0.6948818897637795
a1b210fc,4,stress,300,5.0,a1b210fc__day1____2023.12.15T13.50.40p03.00,gpn_data__a1b210fc__day1____2023.12.15T13.50.40p03.00,2023-12-15T10:50:40.039016008+00:00,6004.335046052933,True,300.0,False,2023-12-15T11:05:40.039016008+00:00,True,False,e4aba6b960b670dceddea28024376b6298426a7fb62145da22a3f6883e48d87d,9be663ed05e56f706dccff1fbe926a802dfdec1ff6f59390071789765e1c3532,30,30,0,5,1,24,6,True,True,True,False,False,False,0.2,60,60,0,0,23,37,23,True,False,False,False,False,False,0.38333333333333336,508,508,0,43,114,351,157,True,True,True,True,True,True,0.3090551181102362
a1b210fc,4,stress,600,10.0,a1b210fc__day1____2023.12.15T13.50.40p03.00,gpn_data__a1b210fc__day1____2023.12.15T13.50.40p03.00,2023-12-15T10:50:40.039016008+00:00,6004.335046052933,True,600.0,True,2023-12-15T11:05:40.039016008+00:00,True,True,6ae8bd98338d87d0bdee189c4667813b0c772797c39f470c77a4e19ba763a518,9be663ed05e56f706dccff1fbe926a802dfdec1ff6f59390071789765e1c3532,60,60,0,5,4,51,9,True,True,True,True,True,False,0.15,30,30,0,0,20,10,20,True,False,False,False,False,False,0.6666666666666666,508,508,0,43,114,351,157,True,True,True,True,True,True,0.3090551181102362
a1b210fc,4,stress,900,15.0,a1b210fc__day1____2023.12.15T13.50.40p03.00,gpn_data__a1b210fc__day1____2023.12.15T13.50.40p03.00,2023-12-15T10:50:40.039016008+00:00,6004.335046052933,True,900.0,True,2023-12-15T11:05:40.039016008+00:00,True,True,f5602bcd387dc897bac00b595f1a41717e58a40b56c5391b99925420de6feffd,9be663ed05e56f706dccff1fbe926a802dfdec1ff6f59390071789765e1c3532,90,90,0,5,24,61,29,True,True,True,True,True,True,0.32222222222222224,0,0,0,0,0,0,0,False,False,False,False,False,False,,508,508,0,43,114,351,157,True,True,True,True,True,True,0.3090551181102362
a1b210fc,4,relaxation,300,5.0,a1b210fc__day1____2023.12.15T13.50.40p03.00,gpn_data__a1b210fc__day1____2023.12.15T13.50.40p03.00,2023-12-15T10:50:40.039016008+00:00,6004.335046052933,True,300.0,True,2023-12-15T11:05:40.039016008+00:00,True,True,c057d4012977596da7962d755d13d44f8386cd3748e5f309097aa35f86166305,60e908937ee28dfe25661666f4c9ef1783e20ce8acc99514ce1e7774ae455daf,30,30,0,5,10,15,15,True,True,True,True,True,True,0.5,60,60,0,23,9,28,32,True,True,True,True,True,True,0.5333333333333333,508,508,0,240,154,114,394,True,True,True,True,True,True,0.7755905511811023
a1b210fc,4,relaxation,600,10.0,a1b210fc__day1____2023.12.15T13.50.40p03.00,gpn_data__a1b210fc__day1____2023.12.15T13.50.40p03.00,2023-12-15T10:50:40.039016008+00:00,6004.335046052933,True,600.0,True,2023-12-15T11:05:40.039016008+00:00,True,True,9fe323e3dbe3556988c4ecc472f3b2c311d2bd8e070aae37d2640453cc6fb782,60e908937ee28dfe25661666f4c9ef1783e20ce8acc99514ce1e7774ae455daf,60,60,0,11,16,33,27,True,True,True,True,True,True,0.45,30,30,0,17,3,10,20,True,True,True,True,True,False,0.6666666666666666,508,508,0,240,154,114,394,True,True,True,True,True,True,0.7755905511811023
a1b210fc,4,relaxation,900,15.0,a1b210fc__day1____2023.12.15T13.50.40p03.00,gpn_data__a1b210fc__day1____2023.12.15T13.50.40p03.00,2023-12-15T10:50:40.039016008+00:00,6004.335046052933,True,900.0,True,2023-12-15T11:05:40.039016008+00:00,True,True,d17bea3148c07a037c984bd2b0139317775290791d42e777192717fe45e4b8b5,60e908937ee28dfe25661666f4c9ef1783e20ce8acc99514ce1e7774ae455daf,90,90,0,28,19,43,47,True,True,True,True,True,True,0.5222222222222223,0,0,0,0,0,0,0,False,False,False,False,False,False,,508,508,0,240,154,114,394,True,True,True,True,True,True,0.7755905511811023
a1b210fc,4,interest,300,5.0,a1b210fc__day1____2023.12.15T13.50.40p03.00,gpn_data__a1b210fc__day1____2023.12.15T13.50.40p03.00,2023-12-15T10:50:40.039016008+00:00,6004.335046052933,True,300.0,True,2023-12-15T11:05:40.039016008+00:00,True,True,686a0fe5cd62f0854111043ea975333dfa6e1a9ff2bc67d282af894db3d20981,6f265f772304785902bd31c8e240b023a515dd6964bac657781a85121fd660fd,30,30,0,6,11,13,17,True,True,True,True,True,True,0.5666666666666667,60,60,0,0,34,26,34,True,False,False,False,False,False,0.5666666666666667,508,508,0,218,216,74,434,True,True,True,True,True,True,0.8543307086614174
a1b210fc,4,interest,600,10.0,a1b210fc__day1____2023.12.15T13.50.40p03.00,gpn_data__a1b210fc__day1____2023.12.15T13.50.40p03.00,2023-12-15T10:50:40.039016008+00:00,6004.335046052933,True,600.0,True,2023-12-15T11:05:40.039016008+00:00,True,True,b2ce3c441e182c3b3849ca893940ab74dae3a92085d95cf016388fccd05a1a88,6f265f772304785902bd31c8e240b023a515dd6964bac657781a85121fd660fd,60,60,0,6,24,30,30,True,True,True,True,True,True,0.5,30,30,0,0,21,9,21,True,False,False,False,False,False,0.7,508,508,0,218,216,74,434,True,True,True,True,True,True,0.8543307086614174
a1b210fc,4,interest,900,15.0,a1b210fc__day1____2023.12.15T13.50.40p03.00,gpn_data__a1b210fc__day1____2023.12.15T13.50.40p03.00,2023-12-15T10:50:40.039016008+00:00,6004.335046052933,True,900.0,True,2023-12-15T11:05:40.039016008+00:00,True,True,d74b3b56ae06a202f370b8f3864d5723abb5a198ed93176126066cbcee6977ea,6f265f772304785902bd31c8e240b023a515dd6964bac657781a85121fd660fd,90,90,0,6,45,39,51,True,True,True,True,True,True,0.5666666666666667,0,0,0,0,0,0,0,False,False,False,False,False,False,,508,508,0,218,216,74,434,True,True,True,True,True,True,0.8543307086614174
a1b210fc,4,focus,300,5.0,a1b210fc__day1____2023.12.15T13.50.40p03.00,gpn_data__a1b210fc__day1____2023.12.15T13.50.40p03.00,2023-12-15T10:50:40.039016008+00:00,6004.335046052933,True,300.0,True,2023-12-15T11:05:40.039016008+00:00,True,True,1806214721cf36abff682f45d4ce91dec5d7ffcf27f391e32c9c18219e6c86df,629145b7b2a5b54b9f43acfd626ee0727b6fa2a602f9bd6f61842e28574b4232,30,30,0,22,2,6,24,True,True,True,True,False,False,0.8,60,60,0,28,8,24,36,True,True,True,True,True,True,0.6,508,508,0,184,100,224,284,True,True,True,True,True,True,0.5590551181102362
a1b210fc,4,focus,600,10.0,a1b210fc__day1____2023.12.15T13.50.40p03.00,gpn_data__a1b210fc__day1____2023.12.15T13.50.40p03.00,2023-12-15T10:50:40.039016008+00:00,6004.335046052933,True,600.0,True,2023-12-15T11:05:40.039016008+00:00,True,True,b7c759adf0e62fecc6ff290141fbd7bd11b2a33946ea4dc25912b84ff9d7e9b9,629145b7b2a5b54b9f43acfd626ee0727b6fa2a602f9bd6f61842e28574b4232,60,60,0,45,5,10,50,True,True,True,True,True,True,0.8333333333333334,30,30,0,5,5,20,10,True,True,True,True,True,True,0.3333333333333333,508,508,0,184,100,224,284,True,True,True,True,True,True,0.5590551181102362
a1b210fc,4,focus,900,15.0,a1b210fc__day1____2023.12.15T13.50.40p03.00,gpn_data__a1b210fc__day1____2023.12.15T13.50.40p03.00,2023-12-15T10:50:40.039016008+00:00,6004.335046052933,True,900.0,True,2023-12-15T11:05:40.039016008+00:00,True,True,47dafa5658c8b9ae0c883d408e77d60e55b35317731ea9646220e0f49f7b83ef,629145b7b2a5b54b9f43acfd626ee0727b6fa2a602f9bd6f61842e28574b4232,90,90,0,50,10,30,60,True,True,True,True,True,True,0.6666666666666666,0,0,0,0,0,0,0,False,False,False,False,False,False,,508,508,0,184,100,224,284,True,True,True,True,True,True,0.5590551181102362
b0700166,3,attention,300,5.0,b0700166__day1____2023.12.09T11.52.48p03.00,gpn_data__b0700166__day1____2023.12.09T11.52.48p03.00,2023-12-09T08:52:48.117799044+00:00,4124.561643838882,True,300.0,True,2023-12-09T09:07:48.117799044+00:00,True,True,01b0b8a79bb042ce6748065cdbb7c18320687bc78aeacefc49fe639f91b86244,e2d8b843db2c9496971b20e9e839b2868c67cb5857c92ef2be863fc5a49e19f4,30,30,0,3,6,21,9,True,True,True,True,True,False,0.3,60,60,0,10,2,48,12,True,True,True,True,False,False,0.2,668,668,0,154,326,188,480,True,True,True,True,True,True,0.718562874251497
b0700166,3,attention,600,10.0,b0700166__day1____2023.12.09T11.52.48p03.00,gpn_data__b0700166__day1____2023.12.09T11.52.48p03.00,2023-12-09T08:52:48.117799044+00:00,4124.561643838882,True,600.0,True,2023-12-09T09:07:48.117799044+00:00,True,True,1786632c40a26856ddade06217e178f2069125f993b3a1a9f0ab1c53c5631f7a,e2d8b843db2c9496971b20e9e839b2868c67cb5857c92ef2be863fc5a49e19f4,60,60,0,9,7,44,16,True,True,True,True,True,True,0.26666666666666666,30,30,0,4,1,25,5,True,True,True,False,False,False,0.16666666666666666,668,668,0,154,326,188,480,True,True,True,True,True,True,0.718562874251497
b0700166,3,attention,900,15.0,b0700166__day1____2023.12.09T11.52.48p03.00,gpn_data__b0700166__day1____2023.12.09T11.52.48p03.00,2023-12-09T08:52:48.117799044+00:00,4124.561643838882,True,900.0,True,2023-12-09T09:07:48.117799044+00:00,True,True,815d84fb8ef25d062f19b9591d262bbd535d5b0fe3ed05dc909cd9f6b941c8ca,e2d8b843db2c9496971b20e9e839b2868c67cb5857c92ef2be863fc5a49e19f4,90,90,0,13,8,69,21,True,True,True,True,True,True,0.23333333333333334,0,0,0,0,0,0,0,False,False,False,False,False,False,,668,668,0,154,326,188,480,True,True,True,True,True,True,0.718562874251497
b0700166,3,engagement,300,5.0,b0700166__day1____2023.12.09T11.52.48p03.00,gpn_data__b0700166__day1____2023.12.09T11.52.48p03.00,2023-12-09T08:52:48.117799044+00:00,4124.561643838882,True,300.0,False,2023-12-09T09:07:48.117799044+00:00,True,False,112936d1512e113eb2d6f4f54da25fad8aa7fd962cbe6dac8a27fb2a5d1e4b0a,acc18edfa981f408888e36d4423c98dcf2923edbf08cee85b2d782f65152712f,30,30,0,0,30,0,30,True,False,False,False,False,False,1.0,60,60,0,2,25,33,27,True,True,True,True,False,False,0.45,668,668,0,288,134,246,422,True,True,True,True,True,True,0.6317365269461078
b0700166,3,engagement,600,10.0,b0700166__day1____2023.12.09T11.52.48p03.00,gpn_data__b0700166__day1____2023.12.09T11.52.48p03.00,2023-12-09T08:52:48.117799044+00:00,4124.561643838882,True,600.0,False,2023-12-09T09:07:48.117799044+00:00,True,False,17ffdb91a6c7c17e73c9b49b953831a5577de7808bf9f5f62640755b015e8b8a,acc18edfa981f408888e36d4423c98dcf2923edbf08cee85b2d782f65152712f,60,60,0,0,52,8,52,True,False,False,False,False,False,0.8666666666666667,30,30,0,2,3,25,5,True,True,True,True,False,False,0.16666666666666666,668,668,0,288,134,246,422,True,True,True,True,True,True,0.6317365269461078
b0700166,3,engagement,900,15.0,b0700166__day1____2023.12.09T11.52.48p03.00,gpn_data__b0700166__day1____2023.12.09T11.52.48p03.00,2023-12-09T08:52:48.117799044+00:00,4124.561643838882,True,900.0,True,2023-12-09T09:07:48.117799044+00:00,True,True,e759b6b9d3141645bea9d6c9365b2fcc73e038b8c70f79042cc096497ff8725f,acc18edfa981f408888e36d4423c98dcf2923edbf08cee85b2d782f65152712f,90,90,0,2,55,33,57,True,True,True,True,False,False,0.6333333333333333,0,0,0,0,0,0,0,False,False,False,False,False,False,,668,668,0,288,134,246,422,True,True,True,True,True,True,0.6317365269461078
b0700166,3,excitement,300,5.0,b0700166__day1____2023.12.09T11.52.48p03.00,gpn_data__b0700166__day1____2023.12.09T11.52.48p03.00,2023-12-09T08:52:48.117799044+00:00,4124.561643838882,True,300.0,False,2023-12-09T09:07:48.117799044+00:00,True,False,dc3837598c8cfee1136f55708803c71bec6cee87a7c47c0dcbff3029186af2c9,248ee48ddde7a6752dca5a28e3fbf40156e2f16688d90b77ee496a5dfc970b58,30,30,0,15,1,14,16,True,True,True,False,False,False,0.5333333333333333,60,60,0,31,2,27,33,True,True,True,True,False,False,0.55,668,668,0,136,245,287,381,True,True,True,True,True,True,0.5703592814371258
b0700166,3,excitement,600,10.0,b0700166__day1____2023.12.09T11.52.48p03.00,gpn_data__b0700166__day1____2023.12.09T11.52.48p03.00,2023-12-09T08:52:48.117799044+00:00,4124.561643838882,True,600.0,True,2023-12-09T09:07:48.117799044+00:00,True,True,aa1962c4fab3046f8ff3a2338469334232079c8b26a7f40bfb44f4da195f520e,248ee48ddde7a6752dca5a28e3fbf40156e2f16688d90b77ee496a5dfc970b58,60,60,0,28,3,29,31,True,True,True,True,True,False,0.5166666666666667,30,30,0,18,0,12,18,True,False,False,False,False,False,0.6,668,668,0,136,245,287,381,True,True,True,True,True,True,0.5703592814371258
b0700166,3,excitement,900,15.0,b0700166__day1____2023.12.09T11.52.48p03.00,gpn_data__b0700166__day1____2023.12.09T11.52.48p03.00,2023-12-09T08:52:48.117799044+00:00,4124.561643838882,True,900.0,True,2023-12-09T09:07:48.117799044+00:00,True,True,fa49dc13152ebca593f48ff79e7c6fe361016502793da81929c4aa4bec1eef3c,248ee48ddde7a6752dca5a28e3fbf40156e2f16688d90b77ee496a5dfc970b58,90,90,0,46,3,41,49,True,True,True,True,True,False,0.5444444444444444,0,0,0,0,0,0,0,False,False,False,False,False,False,,668,668,0,136,245,287,381,True,True,True,True,True,True,0.5703592814371258
b0700166,3,stress,300,5.0,b0700166__day1____2023.12.09T11.52.48p03.00,gpn_data__b0700166__day1____2023.12.09T11.52.48p03.00,2023-12-09T08:52:48.117799044+00:00,4124.561643838882,True,300.0,True,2023-12-09T09:07:48.117799044+00:00,True,True,e7f49fd16ebcc076dfa52a27d5f3a81e94f05fa614b0f14f7230bcd0ccbb7516,7ae7587616e06180e06d04dc46f29df5d4db13bb7603e21a3894d0a2f3a6f8e8,30,30,0,12,4,14,16,True,True,True,True,True,False,0.5333333333333333,60,60,0,44,8,8,52,True,True,True,True,True,True,0.8666666666666667,668,668,0,121,315,232,436,True,True,True,True,True,True,0.6526946107784432
b0700166,3,stress,600,10.0,b0700166__day1____2023.12.09T11.52.48p03.00,gpn_data__b0700166__day1____2023.12.09T11.52.48p03.00,2023-12-09T08:52:48.117799044+00:00,4124.561643838882,True,600.0,True,2023-12-09T09:07:48.117799044+00:00,True,True,f30802a098ba5bdd192e11732f30e8f7756444fe3248cacacddf43b77c3cfffd,7ae7587616e06180e06d04dc46f29df5d4db13bb7603e21a3894d0a2f3a6f8e8,60,60,0,33,12,15,45,True,True,True,True,True,True,0.75,30,30,0,23,0,7,23,True,False,False,False,False,False,0.7666666666666667,668,668,0,121,315,232,436,True,True,True,True,True,True,0.6526946107784432
b0700166,3,stress,900,15.0,b0700166__day1____2023.12.09T11.52.48p03.00,gpn_data__b0700166__day1____2023.12.09T11.52.48p03.00,2023-12-09T08:52:48.117799044+00:00,4124.561643838882,True,900.0,True,2023-12-09T09:07:48.117799044+00:00,True,True,3743c3840c3e99a9faa64a47c7f36d8d46c5414c00db68e4e3a12bfaaa63fe2e,7ae7587616e06180e06d04dc46f29df5d4db13bb7603e21a3894d0a2f3a6f8e8,90,90,0,56,12,22,68,True,True,True,True,True,True,0.7555555555555555,0,0,0,0,0,0,0,False,False,False,False,False,False,,668,668,0,121,315,232,436,True,True,True,True,True,True,0.6526946107784432
b0700166,3,relaxation,300,5.0,b0700166__day1____2023.12.09T11.52.48p03.00,gpn_data__b0700166__day1____2023.12.09T11.52.48p03.00,2023-12-09T08:52:48.117799044+00:00,4124.561643838882,True,300.0,True,2023-12-09T09:07:48.117799044+00:00,True,True,99a1f7433b4f4e3a2a60dacf8cd7cf6750e57938a6007f8fc8f407f8166ceb70,aad73eb1c645e365e5d8d4648cc9908570e9cb152cbb12d20022452e28448b1e,30,30,0,3,2,25,5,True,True,True,True,False,False,0.16666666666666666,60,60,0,0,10,50,10,True,False,False,False,False,False,0.16666666666666666,668,668,0,136,316,216,452,True,True,True,True,True,True,0.6766467065868264
b0700166,3,relaxation,600,10.0,b0700166__day1____2023.12.09T11.52.48p03.00,gpn_data__b0700166__day1____2023.12.09T11.52.48p03.00,2023-12-09T08:52:48.117799044+00:00,4124.561643838882,True,600.0,True,2023-12-09T09:07:48.117799044+00:00,True,True,38164e8338dc0dbcfb4700372a26d1945dd91e10c836d4144988754fe3a56d1c,aad73eb1c645e365e5d8d4648cc9908570e9cb152cbb12d20022452e28448b1e,60,60,0,3,6,51,9,True,True,True,True,True,False,0.15,30,30,0,0,6,24,6,True,False,False,False,False,False,0.2,668,668,0,136,316,216,452,True,True,True,True,True,True,0.6766467065868264
b0700166,3,relaxation,900,15.0,b0700166__day1____2023.12.09T11.52.48p03.00,gpn_data__b0700166__day1____2023.12.09T11.52.48p03.00,2023-12-09T08:52:48.117799044+00:00,4124.561643838882,True,900.0,True,2023-12-09T09:07:48.117799044+00:00,True,True,9192c4988ec22590694ab7fb9419d4513cdd5b129d843feff2c28fcbbf77d514,aad73eb1c645e365e5d8d4648cc9908570e9cb152cbb12d20022452e28448b1e,90,90,0,3,12,75,15,True,True,True,True,True,False,0.16666666666666666,0,0,0,0,0,0,0,False,False,False,False,False,False,,668,668,0,136,316,216,452,True,True,True,True,True,True,0.6766467065868264
b0700166,3,interest,300,5.0,b0700166__day1____2023.12.09T11.52.48p03.00,gpn_data__b0700166__day1____2023.12.09T11.52.48p03.00,2023-12-09T08:52:48.117799044+00:00,4124.561643838882,True,300.0,True,2023-12-09T09:07:48.117799044+00:00,True,True,6048393d91e48c898dc0c7be584fd653c38ec2030c41482fc0c0db5b647dc0a7,71aee2d1c9a86c2e3a67808c96c44e09acd79663d5115240d0e0db2f31249d7c,30,30,0,6,3,21,9,True,True,True,True,True,False,0.3,60,60,0,1,29,30,30,True,True,True,False,False,False,0.5,668,668,0,106,403,159,509,True,True,True,True,True,True,0.7619760479041916
b0700166,3,interest,600,10.0,b0700166__day1____2023.12.09T11.52.48p03.00,gpn_data__b0700166__day1____2023.12.09T11.52.48p03.00,2023-12-09T08:52:48.117799044+00:00,4124.561643838882,True,600.0,True,2023-12-09T09:07:48.117799044+00:00,True,True,7e2304646a0de2d2f099d13b3d6cf52032463a95a8cccd250b8ab9f322d3efc4,71aee2d1c9a86c2e3a67808c96c44e09acd79663d5115240d0e0db2f31249d7c,60,60,0,6,27,27,33,True,True,True,True,True,True,0.55,30,30,0,1,5,24,6,True,True,True,False,False,False,0.2,668,668,0,106,403,159,509,True,True,True,True,True,True,0.7619760479041916
b0700166,3,interest,900,15.0,b0700166__day1____2023.12.09T11.52.48p03.00,gpn_data__b0700166__day1____2023.12.09T11.52.48p03.00,2023-12-09T08:52:48.117799044+00:00,4124.561643838882,True,900.0,True,2023-12-09T09:07:48.117799044+00:00,True,True,554147b1797a9a34b4465f330729d5706647005d49d59ba645c2bca9eacdf780,71aee2d1c9a86c2e3a67808c96c44e09acd79663d5115240d0e0db2f31249d7c,90,90,0,7,32,51,39,True,True,True,True,True,True,0.43333333333333335,0,0,0,0,0,0,0,False,False,False,False,False,False,,668,668,0,106,403,159,509,True,True,True,True,True,True,0.7619760479041916
b0700166,3,focus,300,5.0,b0700166__day1____2023.12.09T11.52.48p03.00,gpn_data__b0700166__day1____2023.12.09T11.52.48p03.00,2023-12-09T08:52:48.117799044+00:00,4124.561643838882,True,300.0,False,2023-12-09T09:07:48.117799044+00:00,True,False,0dc61d6a9bad6f474885c39967ced822a6f0e7b8b2848e7ff3981b7ed8313aa3,ffa737d12128ac520762ea5c9d01687c1c487c85c6e74a0ccb6be3c056c684a7,30,30,0,25,0,5,25,True,False,False,False,False,False,0.8333333333333334,60,60,0,52,1,7,53,True,True,True,False,False,False,0.8833333333333333,668,668,0,209,189,270,398,True,True,True,True,True,True,0.5958083832335329
b0700166,3,focus,600,10.0,b0700166__day1____2023.12.09T11.52.48p03.00,gpn_data__b0700166__day1____2023.12.09T11.52.48p03.00,2023-12-09T08:52:48.117799044+00:00,4124.561643838882,True,600.0,False,2023-12-09T09:07:48.117799044+00:00,True,False,8d408021cd98fd8fd6581433831994f5780ef93eb67d4e9d3da65ab7e267101a,ffa737d12128ac520762ea5c9d01687c1c487c85c6e74a0ccb6be3c056c684a7,60,60,0,47,1,12,48,True,True,True,False,False,False,0.8,30,30,0,30,0,0,30,True,False,False,False,False,False,1.0,668,668,0,209,189,270,398,True,True,True,True,True,True,0.5958083832335329
b0700166,3,focus,900,15.0,b0700166__day1____2023.12.09T11.52.48p03.00,gpn_data__b0700166__day1____2023.12.09T11.52.48p03.00,2023-12-09T08:52:48.117799044+00:00,4124.561643838882,True,900.0,False,2023-12-09T09:07:48.117799044+00:00,True,False,2532e7440d2d1862457deef8ba2eab38a97438d6bdd7315dea14ecf17eb9593d,ffa737d12128ac520762ea5c9d01687c1c487c85c6e74a0ccb6be3c056c684a7,90,90,0,77,1,12,78,True,True,True,False,False,False,0.8666666666666667,0,0,0,0,0,0,0,False,False,False,False,False,False,,668,668,0,209,189,270,398,True,True,True,True,True,True,0.5958083832335329
b112005d,4,attention,300,5.0,b112005d__day1____2024.02.02T12.13.43p01.00,gpn_data__b112005d__day1____2024.02.02T12.13.43p01.00,2024-02-02T11:13:43.231154919+00:00,7369.052399158478,True,300.0,True,2024-02-02T11:28:43.231154919+00:00,True,True,06a50584aa4be20f42f95460676a0e2faf01c36aae66f510194ce164f2218829,7fe08156e0b547fd7f0f34f02a6120d577fa2585bce1ae4e2efab6a1325c160e,30,30,0,6,11,13,17,True,True,True,True,True,True,0.5666666666666667,60,59,1,51,3,5,54,True,True,True,True,True,False,0.9152542372881356,645,645,0,299,197,149,496,True,True,True,True,True,True,0.7689922480620155
b112005d,4,attention,600,10.0,b112005d__day1____2024.02.02T12.13.43p01.00,gpn_data__b112005d__day1____2024.02.02T12.13.43p01.00,2024-02-02T11:13:43.231154919+00:00,7369.052399158478,True,600.0,True,2024-02-02T11:28:43.231154919+00:00,True,True,6e6b41d20dabf3c11e50bbd7d9d501e726189e70e3902e1c8b2a9dbd0064bea7,7fe08156e0b547fd7f0f34f02a6120d577fa2585bce1ae4e2efab6a1325c160e,60,59,1,27,14,18,41,True,True,True,True,True,True,0.6949152542372882,30,30,0,30,0,0,30,True,False,False,False,False,False,1.0,645,645,0,299,197,149,496,True,True,True,True,True,True,0.7689922480620155
b112005d,4,attention,900,15.0,b112005d__day1____2024.02.02T12.13.43p01.00,gpn_data__b112005d__day1____2024.02.02T12.13.43p01.00,2024-02-02T11:13:43.231154919+00:00,7369.052399158478,True,900.0,True,2024-02-02T11:28:43.231154919+00:00,True,True,4f9e08447bab82eca5219c8553b7d320509ebe8c8d0a2431ee26760421107ae8,7fe08156e0b547fd7f0f34f02a6120d577fa2585bce1ae4e2efab6a1325c160e,90,89,1,57,14,18,71,True,True,True,True,True,True,0.797752808988764,0,0,0,0,0,0,0,False,False,False,False,False,False,,645,645,0,299,197,149,496,True,True,True,True,True,True,0.7689922480620155
b112005d,4,engagement,300,5.0,b112005d__day1____2024.02.02T12.13.43p01.00,gpn_data__b112005d__day1____2024.02.02T12.13.43p01.00,2024-02-02T11:13:43.231154919+00:00,7369.052399158478,True,300.0,False,2024-02-02T11:28:43.231154919+00:00,True,False,371539fadf375a6c3ae747409553e9206f4ba6be03a9d92ea384d6da2825c23d,7dce3a9143a1b0f8ca5ac12d86af0dd99925d0f88495c82cdf3ca5b0c160c195,30,30,0,0,29,1,29,True,False,False,False,False,False,0.9666666666666667,60,60,0,2,9,49,11,True,True,True,True,False,False,0.18333333333333332,645,645,0,222,111,312,333,True,True,True,True,True,True,0.5162790697674419
b112005d,4,engagement,600,10.0,b112005d__day1____2024.02.02T12.13.43p01.00,gpn_data__b112005d__day1____2024.02.02T12.13.43p01.00,2024-02-02T11:13:43.231154919+00:00,7369.052399158478,True,600.0,True,2024-02-02T11:28:43.231154919+00:00,True,True,1482068dd6b5c4ef1ac4e9d8546700c04591310dbf2ec77e9675aa4eec42bce4,7dce3a9143a1b0f8ca5ac12d86af0dd99925d0f88495c82cdf3ca5b0c160c195,60,60,0,2,36,22,38,True,True,True,True,False,False,0.6333333333333333,30,30,0,0,2,28,2,True,False,False,False,False,False,0.06666666666666667,645,645,0,222,111,312,333,True,True,True,True,True,True,0.5162790697674419
b112005d,4,engagement,900,15.0,b112005d__day1____2024.02.02T12.13.43p01.00,gpn_data__b112005d__day1____2024.02.02T12.13.43p01.00,2024-02-02T11:13:43.231154919+00:00,7369.052399158478,True,900.0,True,2024-02-02T11:28:43.231154919+00:00,True,True,44327499c99d6face64cedefc2121a597de455e29a42defc3ac194a54286b846,7dce3a9143a1b0f8ca5ac12d86af0dd99925d0f88495c82cdf3ca5b0c160c195,90,90,0,2,38,50,40,True,True,True,True,False,False,0.4444444444444444,0,0,0,0,0,0,0,False,False,False,False,False,False,,645,645,0,222,111,312,333,True,True,True,True,True,True,0.5162790697674419
b112005d,4,excitement,300,5.0,b112005d__day1____2024.02.02T12.13.43p01.00,gpn_data__b112005d__day1____2024.02.02T12.13.43p01.00,2024-02-02T11:13:43.231154919+00:00,7369.052399158478,True,300.0,True,2024-02-02T11:28:43.231154919+00:00,True,True,3037cfd869a31ddb691fa9edc3ec40d3e9b59b50e88b55aa84e6ebde6064b0c0,bcce7d69398dc9515ea262e5680038ddc36eafee6fd0930e6ffe7b3fa72d5537,30,30,0,5,14,11,19,True,True,True,True,True,True,0.6333333333333333,60,60,0,30,19,11,49,True,True,True,True,True,True,0.8166666666666667,645,645,0,359,161,125,520,True,True,True,True,True,True,0.8062015503875969
b112005d,4,excitement,600,10.0,b112005d__day1____2024.02.02T12.13.43p01.00,gpn_data__b112005d__day1____2024.02.02T12.13.43p01.00,2024-02-02T11:13:43.231154919+00:00,7369.052399158478,True,600.0,True,2024-02-02T11:28:43.231154919+00:00,True,True,e5dba8623cce8a2586f9e66b6926ceb49fc1587de26705134b7bc23a1b1d8fde,bcce7d69398dc9515ea262e5680038ddc36eafee6fd0930e6ffe7b3fa72d5537,60,60,0,21,23,16,44,True,True,True,True,True,True,0.7333333333333333,30,30,0,14,10,6,24,True,True,True,True,True,True,0.8,645,645,0,359,161,125,520,True,True,True,True,True,True,0.8062015503875969
b112005d,4,excitement,900,15.0,b112005d__day1____2024.02.02T12.13.43p01.00,gpn_data__b112005d__day1____2024.02.02T12.13.43p01.00,2024-02-02T11:13:43.231154919+00:00,7369.052399158478,True,900.0,True,2024-02-02T11:28:43.231154919+00:00,True,True,64c10fda014b5ef82ce5c9c9385c086175b568a0eb6c6f32257a5590bdc27b83,bcce7d69398dc9515ea262e5680038ddc36eafee6fd0930e6ffe7b3fa72d5537,90,90,0,35,33,22,68,True,True,True,True,True,True,0.7555555555555555,0,0,0,0,0,0,0,False,False,False,False,False,False,,645,645,0,359,161,125,520,True,True,True,True,True,True,0.8062015503875969
b112005d,4,stress,300,5.0,b112005d__day1____2024.02.02T12.13.43p01.00,gpn_data__b112005d__day1____2024.02.02T12.13.43p01.00,2024-02-02T11:13:43.231154919+00:00,7369.052399158478,True,300.0,False,2024-02-02T11:28:43.231154919+00:00,True,False,be4f864819202a274043f3905a2710aea258d2b7d5856610464757d614945fcf,ee42c538101b5da9665c217eacf10c0574022b47c0116992cbe050b042e857da,30,30,0,17,1,12,18,True,True,True,False,False,False,0.6,60,60,0,8,4,48,12,True,True,True,True,True,False,0.2,645,645,0,31,279,335,310,True,True,True,True,True,True,0.4806201550387597
b112005d,4,stress,600,10.0,b112005d__day1____2024.02.02T12.13.43p01.00,gpn_data__b112005d__day1____2024.02.02T12.13.43p01.00,2024-02-02T11:13:43.231154919+00:00,7369.052399158478,True,600.0,True,2024-02-02T11:28:43.231154919+00:00,True,True,3eb1f1be9a01ebcdc5587a1a1ad3112cb24280df285963ac20b51e06622e0899,ee42c538101b5da9665c217eacf10c0574022b47c0116992cbe050b042e857da,60,60,0,25,4,31,29,True,True,True,True,True,False,0.48333333333333334,30,30,0,0,1,29,1,True,False,False,False,False,False,0.03333333333333333,645,645,0,31,279,335,310,True,True,True,True,True,True,0.4806201550387597
b112005d,4,stress,900,15.0,b112005d__day1____2024.02.02T12.13.43p01.00,gpn_data__b112005d__day1____2024.02.02T12.13.43p01.00,2024-02-02T11:13:43.231154919+00:00,7369.052399158478,True,900.0,True,2024-02-02T11:28:43.231154919+00:00,True,True,6cfcef55667f71f7c59061537d1be38432aa7fc727e8d05730154870d28ecaa4,ee42c538101b5da9665c217eacf10c0574022b47c0116992cbe050b042e857da,90,90,0,25,5,60,30,True,True,True,True,True,True,0.3333333333333333,0,0,0,0,0,0,0,False,False,False,False,False,False,,645,645,0,31,279,335,310,True,True,True,True,True,True,0.4806201550387597
b112005d,4,relaxation,300,5.0,b112005d__day1____2024.02.02T12.13.43p01.00,gpn_data__b112005d__day1____2024.02.02T12.13.43p01.00,2024-02-02T11:13:43.231154919+00:00,7369.052399158478,True,300.0,False,2024-02-02T11:28:43.231154919+00:00,True,False,5851e4049ec9954ad81be02ebab561f0939afa8ef12b3770620f1cfdbbdce7dd,b50acac02fe3e8ea6db0e5b49ee2d575721992eff839d96ace17d06e03bf3c11,30,30,0,1,9,20,10,True,True,True,False,False,False,0.3333333333333333,60,60,0,33,4,23,37,True,True,True,True,True,False,0.6166666666666667,645,645,0,367,118,160,485,True,True,True,True,True,True,0.751937984496124
b112005d,4,relaxation,600,10.0,b112005d__day1____2024.02.02T12.13.43p01.00,gpn_data__b112005d__day1____2024.02.02T12.13.43p01.00,2024-02-02T11:13:43.231154919+00:00,7369.052399158478,True,600.0,True,2024-02-02T11:28:43.231154919+00:00,True,True,2015075d577ae2b1a1b01510dedd9d1a15e855b73ebf741aed9fe35caa393914,b50acac02fe3e8ea6db0e5b49ee2d575721992eff839d96ace17d06e03bf3c11,60,60,0,11,13,36,24,True,True,True,True,True,True,0.4,30,30,0,23,0,7,23,True,False,False,False,False,False,0.7666666666666667,645,645,0,367,118,160,485,True,True,True,True,True,True,0.751937984496124
b112005d,4,relaxation,900,15.0,b112005d__day1____2024.02.02T12.13.43p01.00,gpn_data__b112005d__day1____2024.02.02T12.13.43p01.00,2024-02-02T11:13:43.231154919+00:00,7369.052399158478,True,900.0,True,2024-02-02T11:28:43.231154919+00:00,True,True,a28c2d4fe5df44b9e78ca77fe9ec0cde0676164f923161801b67ec204639a6ea,b50acac02fe3e8ea6db0e5b49ee2d575721992eff839d96ace17d06e03bf3c11,90,90,0,34,13,43,47,True,True,True,True,True,True,0.5222222222222223,0,0,0,0,0,0,0,False,False,False,False,False,False,,645,645,0,367,118,160,485,True,True,True,True,True,True,0.751937984496124
b112005d,4,interest,300,5.0,b112005d__day1____2024.02.02T12.13.43p01.00,gpn_data__b112005d__day1____2024.02.02T12.13.43p01.00,2024-02-02T11:13:43.231154919+00:00,7369.052399158478,True,300.0,True,2024-02-02T11:28:43.231154919+00:00,True,True,7ad510e50774036a11f6fdb4e0a733bfde1f9ac3066f1aad237d0d3b1bd22904,abd3ee4775063c72ef96a04ba72c03c47a6c17f7a851a0e93864ae1edddc6f17,30,30,0,9,8,13,17,True,True,True,True,True,True,0.5666666666666667,60,60,0,49,3,8,52,True,True,True,True,True,False,0.8666666666666667,645,645,0,299,159,187,458,True,True,True,True,True,True,0.710077519379845
b112005d,4,interest,600,10.0,b112005d__day1____2024.02.02T12.13.43p01.00,gpn_data__b112005d__day1____2024.02.02T12.13.43p01.00,2024-02-02T11:13:43.231154919+00:00,7369.052399158478,True,600.0,True,2024-02-02T11:28:43.231154919+00:00,True,True,13333e7fd118a00b7c23d5ec478c2fafa91836ee478efbdf6944b75f13ddba83,abd3ee4775063c72ef96a04ba72c03c47a6c17f7a851a0e93864ae1edddc6f17,60,60,0,33,11,16,44,True,True,True,True,True,True,0.7333333333333333,30,30,0,25,0,5,25,True,False,False,False,False,False,0.8333333333333334,645,645,0,299,159,187,458,True,True,True,True,True,True,0.710077519379845
b112005d,4,interest,900,15.0,b112005d__day1____2024.02.02T12.13.43p01.00,gpn_data__b112005d__day1____2024.02.02T12.13.43p01.00,2024-02-02T11:13:43.231154919+00:00,7369.052399158478,True,900.0,True,2024-02-02T11:28:43.231154919+00:00,True,True,b6272888d0730a3e27c45364c3da6bca700a620c203955aa6632953d36ea5c94,abd3ee4775063c72ef96a04ba72c03c47a6c17f7a851a0e93864ae1edddc6f17,90,90,0,58,11,21,69,True,True,True,True,True,True,0.7666666666666667,0,0,0,0,0,0,0,False,False,False,False,False,False,,645,645,0,299,159,187,458,True,True,True,True,True,True,0.710077519379845
b112005d,4,focus,300,5.0,b112005d__day1____2024.02.02T12.13.43p01.00,gpn_data__b112005d__day1____2024.02.02T12.13.43p01.00,2024-02-02T11:13:43.231154919+00:00,7369.052399158478,True,300.0,False,2024-02-02T11:28:43.231154919+00:00,True,False,90942130d89fd08c091f5e335fcbafb844c80bdf9e193c00bb05d33d975c5a18,079bc2a5e9431bcb0b5183cf7ee6476b56f0fb5716cde4e59eab0febb4ac922b,30,30,0,13,0,17,13,True,False,False,False,False,False,0.43333333333333335,60,60,0,11,13,36,24,True,True,True,True,True,True,0.4,645,645,0,140,201,304,341,True,True,True,True,True,True,0.5286821705426357
b112005d,4,focus,600,10.0,b112005d__day1____2024.02.02T12.13.43p01.00,gpn_data__b112005d__day1____2024.02.02T12.13.43p01.00,2024-02-02T11:13:43.231154919+00:00,7369.052399158478,True,600.0,True,2024-02-02T11:28:43.231154919+00:00,True,True,45cc5502ffd1be46ffd61790735e9b4a9feed2cce4f7994edd35aeb0983f7f08,079bc2a5e9431bcb0b5183cf7ee6476b56f0fb5716cde4e59eab0febb4ac922b,60,60,0,18,7,35,25,True,True,True,True,True,True,0.4166666666666667,30,30,0,6,6,18,12,True,True,True,True,True,True,0.4,645,645,0,140,201,304,341,True,True,True,True,True,True,0.5286821705426357
b112005d,4,focus,900,15.0,b112005d__day1____2024.02.02T12.13.43p01.00,gpn_data__b112005d__day1____2024.02.02T12.13.43p01.00,2024-02-02T11:13:43.231154919+00:00,7369.052399158478,True,900.0,True,2024-02-02T11:28:43.231154919+00:00,True,True,7cf5d5360e8d836a42b718f660defe2edc4b066164773203b9328fc71382d65a,079bc2a5e9431bcb0b5183cf7ee6476b56f0fb5716cde4e59eab0febb4ac922b,90,90,0,24,13,53,37,True,True,True,True,True,True,0.4111111111111111,0,0,0,0,0,0,0,False,False,False,False,False,False,,645,645,0,140,201,304,341,True,True,True,True,True,True,0.5286821705426357
b1c2f044,4,attention,300,5.0,b1c2f044__day1____2023.12.27T17.13.43p03.00,Old_EEG__b1c2f044__day1____2023.12.27T17.13.43p03.00,2023-12-27T14:13:43.332570076+00:00,5521.905419826508,True,300.0,False,2023-12-27T14:28:43.332570076+00:00,True,False,984c09ecb5e6af5e2d59f31ccd1f19dcfb3ceabda46780898db0899443e2d002,cba551c57e68d13ad7972d42b95adbcc81a1beca442f7335eadc0da6a6db72e1,30,30,0,18,0,12,18,True,False,False,False,False,False,0.6,60,60,0,35,2,23,37,True,True,True,True,False,False,0.6166666666666667,460,460,0,137,177,146,314,True,True,True,True,True,True,0.6826086956521739
b1c2f044,4,attention,600,10.0,b1c2f044__day1____2023.12.27T17.13.43p03.00,Old_EEG__b1c2f044__day1____2023.12.27T17.13.43p03.00,2023-12-27T14:13:43.332570076+00:00,5521.905419826508,True,600.0,True,2023-12-27T14:28:43.332570076+00:00,True,True,d58bb39c1f3b83f111df31ca93d68dc7d28015093424ba54180b3ccdae108da4,cba551c57e68d13ad7972d42b95adbcc81a1beca442f7335eadc0da6a6db72e1,60,60,0,33,2,25,35,True,True,True,True,False,False,0.5833333333333334,30,30,0,20,0,10,20,True,False,False,False,False,False,0.6666666666666666,460,460,0,137,177,146,314,True,True,True,True,True,True,0.6826086956521739
b1c2f044,4,attention,900,15.0,b1c2f044__day1____2023.12.27T17.13.43p03.00,Old_EEG__b1c2f044__day1____2023.12.27T17.13.43p03.00,2023-12-27T14:13:43.332570076+00:00,5521.905419826508,True,900.0,True,2023-12-27T14:28:43.332570076+00:00,True,True,0558b8afe510f1824f99f55d995908a88ce774edce0169cc0daa446eace19ea9,cba551c57e68d13ad7972d42b95adbcc81a1beca442f7335eadc0da6a6db72e1,90,90,0,53,2,35,55,True,True,True,True,False,False,0.6111111111111112,0,0,0,0,0,0,0,False,False,False,False,False,False,,460,460,0,137,177,146,314,True,True,True,True,True,True,0.6826086956521739
b1c2f044,4,engagement,300,5.0,b1c2f044__day1____2023.12.27T17.13.43p03.00,Old_EEG__b1c2f044__day1____2023.12.27T17.13.43p03.00,2023-12-27T14:13:43.332570076+00:00,5521.905419826508,True,300.0,False,2023-12-27T14:28:43.332570076+00:00,True,False,b73e322bcd6dcde4122e9d11b4b71d36f25a9e708c0026701443dc2becd4d1ff,2a8dc1cb244ded0bd1777323b4ae078bc3a7683df17cfe09ee8cd902dbc480f7,30,30,0,0,27,3,27,True,False,False,False,False,False,0.9,60,60,0,32,9,19,41,True,True,True,True,True,True,0.6833333333333333,460,460,0,292,75,93,367,True,True,True,True,True,True,0.7978260869565217
b1c2f044,4,engagement,600,10.0,b1c2f044__day1____2023.12.27T17.13.43p03.00,Old_EEG__b1c2f044__day1____2023.12.27T17.13.43p03.00,2023-12-27T14:13:43.332570076+00:00,5521.905419826508,True,600.0,True,2023-12-27T14:28:43.332570076+00:00,True,True,e21fdd3bd6152193589751be2cd77867d04fe5c0da7531960f4cd73c686001b3,2a8dc1cb244ded0bd1777323b4ae078bc3a7683df17cfe09ee8cd902dbc480f7,60,60,0,19,33,8,52,True,True,True,True,True,True,0.8666666666666667,30,30,0,13,3,14,16,True,True,True,True,True,False,0.5333333333333333,460,460,0,292,75,93,367,True,True,True,True,True,True,0.7978260869565217
b1c2f044,4,engagement,900,15.0,b1c2f044__day1____2023.12.27T17.13.43p03.00,Old_EEG__b1c2f044__day1____2023.12.27T17.13.43p03.00,2023-12-27T14:13:43.332570076+00:00,5521.905419826508,True,900.0,True,2023-12-27T14:28:43.332570076+00:00,True,True,ad4f990df0258e33ab31739bcbd6593c63a5987b0d27cc4e0cb389a75e307f56,2a8dc1cb244ded0bd1777323b4ae078bc3a7683df17cfe09ee8cd902dbc480f7,90,90,0,32,36,22,68,True,True,True,True,True,True,0.7555555555555555,0,0,0,0,0,0,0,False,False,False,False,False,False,,460,460,0,292,75,93,367,True,True,True,True,True,True,0.7978260869565217
b1c2f044,4,excitement,300,5.0,b1c2f044__day1____2023.12.27T17.13.43p03.00,Old_EEG__b1c2f044__day1____2023.12.27T17.13.43p03.00,2023-12-27T14:13:43.332570076+00:00,5521.905419826508,True,300.0,True,2023-12-27T14:28:43.332570076+00:00,True,True,8f16b0c2cd15c6e4541bb90f87254accad983503540be929148c7ae356222143,44bcc985bd69a7bba854880a692efc4996dac505f23b81b0afb2752f32f57136,30,30,0,18,3,9,21,True,True,True,True,True,False,0.7,60,60,0,48,3,9,51,True,True,True,True,True,False,0.85,460,460,0,244,123,93,367,True,True,True,True,True,True,0.7978260869565217
b1c2f044,4,excitement,600,10.0,b1c2f044__day1____2023.12.27T17.13.43p03.00,Old_EEG__b1c2f044__day1____2023.12.27T17.13.43p03.00,2023-12-27T14:13:43.332570076+00:00,5521.905419826508,True,600.0,True,2023-12-27T14:28:43.332570076+00:00,True,True,f51b4df0c23a86c61dcfb87e00eee4b0f30a20c9933c61d625034079deb2acf6,44bcc985bd69a7bba854880a692efc4996dac505f23b81b0afb2752f32f57136,60,60,0,43,5,12,48,True,True,True,True,True,True,0.8,30,30,0,23,1,6,24,True,True,True,False,False,False,0.8,460,460,0,244,123,93,367,True,True,True,True,True,True,0.7978260869565217
b1c2f044,4,excitement,900,15.0,b1c2f044__day1____2023.12.27T17.13.43p03.00,Old_EEG__b1c2f044__day1____2023.12.27T17.13.43p03.00,2023-12-27T14:13:43.332570076+00:00,5521.905419826508,True,900.0,True,2023-12-27T14:28:43.332570076+00:00,True,True,c149e767d70df01642d545f7eb699e8415c48dd1b404885f69d6e6656be40dfe,44bcc985bd69a7bba854880a692efc4996dac505f23b81b0afb2752f32f57136,90,90,0,66,6,18,72,True,True,True,True,True,True,0.8,0,0,0,0,0,0,0,False,False,False,False,False,False,,460,460,0,244,123,93,367,True,True,True,True,True,True,0.7978260869565217
b1c2f044,4,stress,300,5.0,b1c2f044__day1____2023.12.27T17.13.43p03.00,Old_EEG__b1c2f044__day1____2023.12.27T17.13.43p03.00,2023-12-27T14:13:43.332570076+00:00,5521.905419826508,True,300.0,True,2023-12-27T14:28:43.332570076+00:00,True,True,d8d7ef8a448f8d2affb3f2ae3e65607de3217abc232226ea4bff55384d8133df,bad668b5773ecdeaec40de34115e00b6f1e6bb6239cf15d4602ef98f38feec7b,30,30,0,26,3,1,29,True,True,True,True,True,False,0.9666666666666667,60,60,0,44,2,14,46,True,True,True,True,False,False,0.7666666666666667,460,460,0,81,80,299,161,True,True,True,True,True,True,0.35
b1c2f044,4,stress,600,10.0,b1c2f044__day1____2023.12.27T17.13.43p03.00,Old_EEG__b1c2f044__day1____2023.12.27T17.13.43p03.00,2023-12-27T14:13:43.332570076+00:00,5521.905419826508,True,600.0,True,2023-12-27T14:28:43.332570076+00:00,True,True,73bc6d93314d7b88ea08a499222603b198bf0224fd68974d32610efc9c10c60f,bad668b5773ecdeaec40de34115e00b6f1e6bb6239cf15d4602ef98f38feec7b,60,60,0,54,3,3,57,True,True,True,True,True,False,0.95,30,30,0,16,2,12,18,True,True,True,True,False,False,0.6,460,460,0,81,80,299,161,True,True,True,True,True,True,0.35
b1c2f044,4,stress,900,15.0,b1c2f044__day1____2023.12.27T17.13.43p03.00,Old_EEG__b1c2f044__day1____2023.12.27T17.13.43p03.00,2023-12-27T14:13:43.332570076+00:00,5521.905419826508,True,900.0,True,2023-12-27T14:28:43.332570076+00:00,True,True,0a4ac961f070a1fd35c661631062ad7825b0f9e3744d05167f5d5d15f554229d,bad668b5773ecdeaec40de34115e00b6f1e6bb6239cf15d4602ef98f38feec7b,90,90,0,70,5,15,75,True,True,True,True,True,True,0.8333333333333334,0,0,0,0,0,0,0,False,False,False,False,False,False,,460,460,0,81,80,299,161,True,True,True,True,True,True,0.35
b1c2f044,4,relaxation,300,5.0,b1c2f044__day1____2023.12.27T17.13.43p03.00,Old_EEG__b1c2f044__day1____2023.12.27T17.13.43p03.00,2023-12-27T14:13:43.332570076+00:00,5521.905419826508,True,300.0,True,2023-12-27T14:28:43.332570076+00:00,True,True,9b4aa5174ac27f5015058a75dc63a9b631c369d338b21c7d11b6fd1269bd7386,432e77345b1325982958e9db53036468904f4480e832ba020e309686192f9d96,30,30,0,9,4,17,13,True,True,True,True,True,False,0.43333333333333335,60,60,0,3,5,52,8,True,True,True,True,True,False,0.13333333333333333,460,460,0,110,258,92,368,True,True,True,True,True,True,0.8
b1c2f044,4,relaxation,600,10.0,b1c2f044__day1____2023.12.27T17.13.43p03.00,Old_EEG__b1c2f044__day1____2023.12.27T17.13.43p03.00,2023-12-27T14:13:43.332570076+00:00,5521.905419826508,True,600.0,True,2023-12-27T14:28:43.332570076+00:00,True,True,a91dd595ac4d324e9a72442daaef9dc5d576545aa4f9eb5c677e622f4d35af8f,432e77345b1325982958e9db53036468904f4480e832ba020e309686192f9d96,60,60,0,11,6,43,17,True,True,True,True,True,True,0.2833333333333333,30,30,0,1,3,26,4,True,True,True,False,False,False,0.13333333333333333,460,460,0,110,258,92,368,True,True,True,True,True,True,0.8
b1c2f044,4,relaxation,900,15.0,b1c2f044__day1____2023.12.27T17.13.43p03.00,Old_EEG__b1c2f044__day1____2023.12.27T17.13.43p03.00,2023-12-27T14:13:43.332570076+00:00,5521.905419826508,True,900.0,True,2023-12-27T14:28:43.332570076+00:00,True,True,a0e01b4c22631a723c7f1eff16c710d038bdb4727e90f18c77a1360eced332ef,432e77345b1325982958e9db53036468904f4480e832ba020e309686192f9d96,90,90,0,12,9,69,21,True,True,True,True,True,True,0.23333333333333334,0,0,0,0,0,0,0,False,False,False,False,False,False,,460,460,0,110,258,92,368,True,True,True,True,True,True,0.8
b1c2f044,4,interest,300,5.0,b1c2f044__day1____2023.12.27T17.13.43p03.00,Old_EEG__b1c2f044__day1____2023.12.27T17.13.43p03.00,2023-12-27T14:13:43.332570076+00:00,5521.905419826508,True,300.0,True,2023-12-27T14:28:43.332570076+00:00,True,True,3f7cf5ffb80b04f3af32b793dce6f8eb7dc244522cf379bace630b323b57fbd0,473824d426dcd89152af0ed7e12d8c1a68dfadb2a12072bb94b92c1a124e7c34,30,30,0,13,4,13,17,True,True,True,True,True,False,0.5666666666666667,60,60,0,45,3,12,48,True,True,True,True,True,False,0.8,460,460,0,281,72,107,353,True,True,True,True,True,True,0.7673913043478261
b1c2f044,4,interest,600,10.0,b1c2f044__day1____2023.12.27T17.13.43p03.00,Old_EEG__b1c2f044__day1____2023.12.27T17.13.43p03.00,2023-12-27T14:13:43.332570076+00:00,5521.905419826508,True,600.0,True,2023-12-27T14:28:43.332570076+00:00,True,True,8c08f33ea446c9a431d4fe342d79187d6ba280d56f4c360c7e35f5ae48569947,473824d426dcd89152af0ed7e12d8c1a68dfadb2a12072bb94b92c1a124e7c34,60,60,0,41,5,14,46,True,True,True,True,True,True,0.7666666666666667,30,30,0,17,2,11,19,True,True,True,True,False,False,0.6333333333333333,460,460,0,281,72,107,353,True,True,True,True,True,True,0.7673913043478261
b1c2f044,4,interest,900,15.0,b1c2f044__day1____2023.12.27T17.13.43p03.00,Old_EEG__b1c2f044__day1____2023.12.27T17.13.43p03.00,2023-12-27T14:13:43.332570076+00:00,5521.905419826508,True,900.0,True,2023-12-27T14:28:43.332570076+00:00,True,True,09de950e7fe099f7570fede8a631a48dd1b48aa95cbfb362a528f34545e0332b,473824d426dcd89152af0ed7e12d8c1a68dfadb2a12072bb94b92c1a124e7c34,90,90,0,58,7,25,65,True,True,True,True,True,True,0.7222222222222222,0,0,0,0,0,0,0,False,False,False,False,False,False,,460,460,0,281,72,107,353,True,True,True,True,True,True,0.7673913043478261
b1c2f044,4,focus,300,5.0,b1c2f044__day1____2023.12.27T17.13.43p03.00,Old_EEG__b1c2f044__day1____2023.12.27T17.13.43p03.00,2023-12-27T14:13:43.332570076+00:00,5521.905419826508,True,300.0,True,2023-12-27T14:28:43.332570076+00:00,True,True,94c64b2e369ba44ab7645fbc066fb61cf8044b5ce405b8515d5204f0a247e0c9,50a8dd4f565ea4ae66cef32c6b35cd06e825a60f26f1cbc7c7557b8d0743268d,30,30,0,24,2,4,26,True,True,True,True,False,False,0.8666666666666667,60,60,0,53,0,7,53,True,False,False,False,False,False,0.8833333333333333,460,460,0,244,107,109,351,True,True,True,True,True,True,0.7630434782608696
b1c2f044,4,focus,600,10.0,b1c2f044__day1____2023.12.27T17.13.43p03.00,Old_EEG__b1c2f044__day1____2023.12.27T17.13.43p03.00,2023-12-27T14:13:43.332570076+00:00,5521.905419826508,True,600.0,True,2023-12-27T14:28:43.332570076+00:00,True,True,9dc250242e6f72e51df40f98c52c7133f6e13452b819e0cf57b08647621c9d02,50a8dd4f565ea4ae66cef32c6b35cd06e825a60f26f1cbc7c7557b8d0743268d,60,60,0,52,2,6,54,True,True,True,True,False,False,0.9,30,30,0,25,0,5,25,True,False,False,False,False,False,0.8333333333333334,460,460,0,244,107,109,351,True,True,True,True,True,True,0.7630434782608696
b1c2f044,4,focus,900,15.0,b1c2f044__day1____2023.12.27T17.13.43p03.00,Old_EEG__b1c2f044__day1____2023.12.27T17.13.43p03.00,2023-12-27T14:13:43.332570076+00:00,5521.905419826508,True,900.0,True,2023-12-27T14:28:43.332570076+00:00,True,True,57951d575fb65227c5baf3d6d1f8842333669db55a2ecfefbb77118627cb9a1b,50a8dd4f565ea4ae66cef32c6b35cd06e825a60f26f1cbc7c7557b8d0743268d,90,90,0,77,2,11,79,True,True,True,True,False,False,0.8777777777777778,0,0,0,0,0,0,0,False,False,False,False,False,False,,460,460,0,244,107,109,351,True,True,True,True,True,True,0.7630434782608696
c060c06a,1,attention,300,5.0,c060c06a__day1____2023.11.29T09.22.25p03.00,gpn_data__c060c06a__day1____2023.11.29T09.22.25p03.00,2023-11-29T06:22:25.499679089+00:00,3785.4916667938232,True,300.0,False,2023-11-29T06:37:25.499679089+00:00,True,False,ae75eb3924236c2e4a92c0fdcaa1fe93b33920828c8dd4d9836fd6b0c5486979,1145d85e1154148376570444ea2b5f36c760295971cad5e9e353fc9f4273cb7a,30,30,0,18,0,12,18,True,False,False,False,False,False,0.6,60,60,0,15,11,34,26,True,True,True,True,True,True,0.43333333333333335,376,333,43,102,124,107,226,True,True,True,True,True,True,0.6786786786786787
c060c06a,1,attention,600,10.0,c060c06a__day1____2023.11.29T09.22.25p03.00,gpn_data__c060c06a__day1____2023.11.29T09.22.25p03.00,2023-11-29T06:22:25.499679089+00:00,3785.4916667938232,True,600.0,True,2023-11-29T06:37:25.499679089+00:00,True,True,d9362a0a1438c8c1b1b5cbe1dbbf5f21b333886746d8d4a136a95a2fc06fd04e,1145d85e1154148376570444ea2b5f36c760295971cad5e9e353fc9f4273cb7a,60,60,0,26,7,27,33,True,True,True,True,True,True,0.55,30,30,0,7,4,19,11,True,True,True,True,True,False,0.36666666666666664,376,333,43,102,124,107,226,True,True,True,True,True,True,0.6786786786786787
c060c06a,1,attention,900,15.0,c060c06a__day1____2023.11.29T09.22.25p03.00,gpn_data__c060c06a__day1____2023.11.29T09.22.25p03.00,2023-11-29T06:22:25.499679089+00:00,3785.4916667938232,True,900.0,True,2023-11-29T06:37:25.499679089+00:00,True,True,92e818d80881cc160e89375927a2087f060aaf7a266c77c4f1eca221cf6cb18e,1145d85e1154148376570444ea2b5f36c760295971cad5e9e353fc9f4273cb7a,90,90,0,33,11,46,44,True,True,True,True,True,True,0.4888888888888889,0,0,0,0,0,0,0,False,False,False,False,False,False,,376,333,43,102,124,107,226,True,True,True,True,True,True,0.6786786786786787
c060c06a,1,engagement,300,5.0,c060c06a__day1____2023.11.29T09.22.25p03.00,gpn_data__c060c06a__day1____2023.11.29T09.22.25p03.00,2023-11-29T06:22:25.499679089+00:00,3785.4916667938232,True,300.0,False,2023-11-29T06:37:25.499679089+00:00,True,False,0a30c01e59845dff63e741de52b9145a5ce8aea58bcfbc244b29b80e2b31190b,c93ed990bfedd6461924785422735453b792197bb4dee209c04981cadc2b1d47,30,30,0,0,29,1,29,True,False,False,False,False,False,0.9666666666666667,60,60,0,11,33,16,44,True,True,True,True,True,True,0.7333333333333333,376,376,0,135,109,132,244,True,True,True,True,True,True,0.648936170212766
c060c06a,1,engagement,600,10.0,c060c06a__day1____2023.11.29T09.22.25p03.00,gpn_data__c060c06a__day1____2023.11.29T09.22.25p03.00,2023-11-29T06:22:25.499679089+00:00,3785.4916667938232,True,600.0,False,2023-11-29T06:37:25.499679089+00:00,True,False,c1cb9f2997bde701e9d9609e1f86a76a4265ba74ea8b75ab898dd25b500c211c,c93ed990bfedd6461924785422735453b792197bb4dee209c04981cadc2b1d47,60,60,0,0,59,1,59,True,False,False,False,False,False,0.9833333333333333,30,30,0,11,3,16,14,True,True,True,True,True,False,0.4666666666666667,376,376,0,135,109,132,244,True,True,True,True,True,True,0.648936170212766
c060c06a,1,engagement,900,15.0,c060c06a__day1____2023.11.29T09.22.25p03.00,gpn_data__c060c06a__day1____2023.11.29T09.22.25p03.00,2023-11-29T06:22:25.499679089+00:00,3785.4916667938232,True,900.0,True,2023-11-29T06:37:25.499679089+00:00,True,True,952fc1a0a52ff969b356cee4fb85707ed726806af86f7384f87d640860c12ac5,c93ed990bfedd6461924785422735453b792197bb4dee209c04981cadc2b1d47,90,90,0,11,62,17,73,True,True,True,True,True,True,0.8111111111111111,0,0,0,0,0,0,0,False,False,False,False,False,False,,376,376,0,135,109,132,244,True,True,True,True,True,True,0.648936170212766
c060c06a,1,excitement,300,5.0,c060c06a__day1____2023.11.29T09.22.25p03.00,gpn_data__c060c06a__day1____2023.11.29T09.22.25p03.00,2023-11-29T06:22:25.499679089+00:00,3785.4916667938232,True,300.0,False,2023-11-29T06:37:25.499679089+00:00,True,False,a64da9b4ff927acef979576bf8f1e83334035de6e51c59e36126f180093c72c7,438040917308bc7490fb1681615cff6a4bd9997ecc6e11684666078d0569c69e,30,30,0,25,0,5,25,True,False,False,False,False,False,0.8333333333333334,60,60,0,43,0,17,43,True,False,False,False,False,False,0.7166666666666667,376,376,0,165,44,167,209,True,True,True,True,True,True,0.5558510638297872
c060c06a,1,excitement,600,10.0,c060c06a__day1____2023.11.29T09.22.25p03.00,gpn_data__c060c06a__day1____2023.11.29T09.22.25p03.00,2023-11-29T06:22:25.499679089+00:00,3785.4916667938232,True,600.0,False,2023-11-29T06:37:25.499679089+00:00,True,False,ab6c225d7f2f896ea1b755b7e0abca75956284c86bd0df98a4ed22bba2e1d4b2,438040917308bc7490fb1681615cff6a4bd9997ecc6e11684666078d0569c69e,60,60,0,45,0,15,45,True,False,False,False,False,False,0.75,30,30,0,23,0,7,23,True,False,False,False,False,False,0.7666666666666667,376,376,0,165,44,167,209,True,True,True,True,True,True,0.5558510638297872
c060c06a,1,excitement,900,15.0,c060c06a__day1____2023.11.29T09.22.25p03.00,gpn_data__c060c06a__day1____2023.11.29T09.22.25p03.00,2023-11-29T06:22:25.499679089+00:00,3785.4916667938232,True,900.0,False,2023-11-29T06:37:25.499679089+00:00,True,False,91da8e6b35e92aed090b5ec954229393bd84c8dc31f80bc535e91dfe75a9a2eb,438040917308bc7490fb1681615cff6a4bd9997ecc6e11684666078d0569c69e,90,90,0,68,0,22,68,True,False,False,False,False,False,0.7555555555555555,0,0,0,0,0,0,0,False,False,False,False,False,False,,376,376,0,165,44,167,209,True,True,True,True,True,True,0.5558510638297872
c060c06a,1,stress,300,5.0,c060c06a__day1____2023.11.29T09.22.25p03.00,gpn_data__c060c06a__day1____2023.11.29T09.22.25p03.00,2023-11-29T06:22:25.499679089+00:00,3785.4916667938232,True,300.0,True,2023-11-29T06:37:25.499679089+00:00,True,True,b17fd600160711538b9e442aca8612b1a2a065e4c46baadeee963e935b45cf79,0e367c556e5bc23220b6a18554b29b16a4e64ea2b2b8d77f1b04d31c5b55b4d9,30,30,0,23,3,4,26,True,True,True,True,True,False,0.8666666666666667,60,60,0,34,9,17,43,True,True,True,True,True,True,0.7166666666666667,376,376,0,161,131,84,292,True,True,True,True,True,True,0.776595744680851
c060c06a,1,stress,600,10.0,c060c06a__day1____2023.11.29T09.22.25p03.00,gpn_data__c060c06a__day1____2023.11.29T09.22.25p03.00,2023-11-29T06:22:25.499679089+00:00,3785.4916667938232,True,600.0,True,2023-11-29T06:37:25.499679089+00:00,True,True,4a6d09f1e3b43df7d3ba8043f59b16fe33b58fee8413c8cee44eec7e9ee878af,0e367c556e5bc23220b6a18554b29b16a4e64ea2b2b8d77f1b04d31c5b55b4d9,60,60,0,40,8,12,48,True,True,True,True,True,True,0.8,30,30,0,17,4,9,21,True,True,True,True,True,False,0.7,376,376,0,161,131,84,292,True,True,True,True,True,True,0.776595744680851
c060c06a,1,stress,900,15.0,c060c06a__day1____2023.11.29T09.22.25p03.00,gpn_data__c060c06a__day1____2023.11.29T09.22.25p03.00,2023-11-29T06:22:25.499679089+00:00,3785.4916667938232,True,900.0,True,2023-11-29T06:37:25.499679089+00:00,True,True,822294f6eb8fa365792e6652b2cf7098b8f743e57dfb6a05b8fc49a71b46bc1e,0e367c556e5bc23220b6a18554b29b16a4e64ea2b2b8d77f1b04d31c5b55b4d9,90,90,0,57,12,21,69,True,True,True,True,True,True,0.7666666666666667,0,0,0,0,0,0,0,False,False,False,False,False,False,,376,376,0,161,131,84,292,True,True,True,True,True,True,0.776595744680851
c060c06a,1,relaxation,300,5.0,c060c06a__day1____2023.11.29T09.22.25p03.00,gpn_data__c060c06a__day1____2023.11.29T09.22.25p03.00,2023-11-29T06:22:25.499679089+00:00,3785.4916667938232,True,300.0,False,2023-11-29T06:37:25.499679089+00:00,True,False,7c109b84f084dffe8716b2eff4a5160196d751e4bc601487f1584d3335ee768f,c17222cd29444e357510e8c506c9b69e976ac359300177251e8227c7d3c597b9,30,30,0,0,21,9,21,True,False,False,False,False,False,0.7,60,60,0,0,40,20,40,True,False,False,False,False,False,0.6666666666666666,376,376,0,31,205,140,236,True,True,True,True,True,True,0.6276595744680851
c060c06a,1,relaxation,600,10.0,c060c06a__day1____2023.11.29T09.22.25p03.00,gpn_data__c060c06a__day1____2023.11.29T09.22.25p03.00,2023-11-29T06:22:25.499679089+00:00,3785.4916667938232,True,600.0,False,2023-11-29T06:37:25.499679089+00:00,True,False,8eaee68dae607345bbe89e3ba1fe554a3882c26e297c6d6b882600c500c9e7a7,c17222cd29444e357510e8c506c9b69e976ac359300177251e8227c7d3c597b9,60,60,0,0,43,17,43,True,False,False,False,False,False,0.7166666666666667,30,30,0,0,18,12,18,True,False,False,False,False,False,0.6,376,376,0,31,205,140,236,True,True,True,True,True,True,0.6276595744680851
c060c06a,1,relaxation,900,15.0,c060c06a__day1____2023.11.29T09.22.25p03.00,gpn_data__c060c06a__day1____2023.11.29T09.22.25p03.00,2023-11-29T06:22:25.499679089+00:00,3785.4916667938232,True,900.0,False,2023-11-29T06:37:25.499679089+00:00,True,False,194d22ce017a63ec4734c4a518940a3a879bd199303309d75f060eb91af5db1b,c17222cd29444e357510e8c506c9b69e976ac359300177251e8227c7d3c597b9,90,90,0,0,61,29,61,True,False,False,False,False,False,0.6777777777777778,0,0,0,0,0,0,0,False,False,False,False,False,False,,376,376,0,31,205,140,236,True,True,True,True,True,True,0.6276595744680851
c060c06a,1,interest,300,5.0,c060c06a__day1____2023.11.29T09.22.25p03.00,gpn_data__c060c06a__day1____2023.11.29T09.22.25p03.00,2023-11-29T06:22:25.499679089+00:00,3785.4916667938232,True,300.0,True,2023-11-29T06:37:25.499679089+00:00,True,True,5086f94c07b0a76349e72a753879341e3c53d11924101ab3ada8556b971d64fa,5d13ce1a7f8022967f73b4fb1cd7d6b9e2e5c70a9f128b2d39ac2d5703eeb0ca,30,30,0,10,4,16,14,True,True,True,True,True,False,0.4666666666666667,60,60,0,5,16,39,21,True,True,True,True,True,True,0.35,376,376,0,106,143,127,249,True,True,True,True,True,True,0.6622340425531915
c060c06a,1,interest,600,10.0,c060c06a__day1____2023.11.29T09.22.25p03.00,gpn_data__c060c06a__day1____2023.11.29T09.22.25p03.00,2023-11-29T06:22:25.499679089+00:00,3785.4916667938232,True,600.0,True,2023-11-29T06:37:25.499679089+00:00,True,True,bdf3e48e372e29680a148ae5b137655b4f0cf242223840f2c4ced27deadda663,5d13ce1a7f8022967f73b4fb1cd7d6b9e2e5c70a9f128b2d39ac2d5703eeb0ca,60,60,0,10,17,33,27,True,True,True,True,True,True,0.45,30,30,0,5,3,22,8,True,True,True,True,True,False,0.26666666666666666,376,376,0,106,143,127,249,True,True,True,True,True,True,0.6622340425531915
c060c06a,1,interest,900,15.0,c060c06a__day1____2023.11.29T09.22.25p03.00,gpn_data__c060c06a__day1____2023.11.29T09.22.25p03.00,2023-11-29T06:22:25.499679089+00:00,3785.4916667938232,True,900.0,True,2023-11-29T06:37:25.499679089+00:00,True,True,8c47ff4ea85cf85bf421ce13c7d86a3d86f872dffc04e7b6a16ecd1c28e651e0,5d13ce1a7f8022967f73b4fb1cd7d6b9e2e5c70a9f128b2d39ac2d5703eeb0ca,90,90,0,15,20,55,35,True,True,True,True,True,True,0.3888888888888889,0,0,0,0,0,0,0,False,False,False,False,False,False,,376,376,0,106,143,127,249,True,True,True,True,True,True,0.6622340425531915
c060c06a,1,focus,300,5.0,c060c06a__day1____2023.11.29T09.22.25p03.00,gpn_data__c060c06a__day1____2023.11.29T09.22.25p03.00,2023-11-29T06:22:25.499679089+00:00,3785.4916667938232,True,300.0,False,2023-11-29T06:37:25.499679089+00:00,True,False,e3bd1768685caf490fbb5e2c9763023f6512328f6c7dccf6a8b30e9edd1ddb7b,01f92e04c374649a91dac7157e8106f07fd696ecc0bed4f25f460e7309674b55,30,30,0,30,0,0,30,True,False,False,False,False,False,1.0,60,60,0,59,0,1,59,True,False,False,False,False,False,0.9833333333333333,376,376,0,293,13,70,306,True,True,True,True,True,True,0.8138297872340425
c060c06a,1,focus,600,10.0,c060c06a__day1____2023.11.29T09.22.25p03.00,gpn_data__c060c06a__day1____2023.11.29T09.22.25p03.00,2023-11-29T06:22:25.499679089+00:00,3785.4916667938232,True,600.0,False,2023-11-29T06:37:25.499679089+00:00,True,False,7d0db84e9b3b3266fb292fa075eaf10f0b3d7e388e73ce27195a37d05b4b9f49,01f92e04c374649a91dac7157e8106f07fd696ecc0bed4f25f460e7309674b55,60,60,0,59,0,1,59,True,False,False,False,False,False,0.9833333333333333,30,30,0,30,0,0,30,True,False,False,False,False,False,1.0,376,376,0,293,13,70,306,True,True,True,True,True,True,0.8138297872340425
c060c06a,1,focus,900,15.0,c060c06a__day1____2023.11.29T09.22.25p03.00,gpn_data__c060c06a__day1____2023.11.29T09.22.25p03.00,2023-11-29T06:22:25.499679089+00:00,3785.4916667938232,True,900.0,False,2023-11-29T06:37:25.499679089+00:00,True,False,fd3fca191c3e0e492bd1810918f381b32d6e8fb6b156018e8bdbb4a42ad106a6,01f92e04c374649a91dac7157e8106f07fd696ecc0bed4f25f460e7309674b55,90,90,0,89,0,1,89,True,False,False,False,False,False,0.9888888888888889,0,0,0,0,0,0,0,False,False,False,False,False,False,,376,376,0,293,13,70,306,True,True,True,True,True,True,0.8138297872340425
c112918e,1,attention,300,5.0,c112918e__day1____2023.12.04T15.14.19p03.00,gpn_data__c112918e__day1____2023.12.04T15.14.19p03.00,2023-12-04T12:14:19.775247097+00:00,6249.016364812851,True,300.0,True,2023-12-04T12:29:19.775247097+00:00,True,True,03034528b618c85e5a9aa81bd3a37c380ca2d81cca8304d3760a44b87b7e6221,b3754b7e74e367fc4de4f3db95d1014875e297e40762ba728f13b3d2d073229e,30,30,0,6,12,12,18,True,True,True,True,True,True,0.6,60,60,0,18,2,40,20,True,True,True,True,False,False,0.3333333333333333,750,748,2,355,215,178,570,True,True,True,True,True,True,0.7620320855614974
c112918e,1,attention,600,10.0,c112918e__day1____2023.12.04T15.14.19p03.00,gpn_data__c112918e__day1____2023.12.04T15.14.19p03.00,2023-12-04T12:14:19.775247097+00:00,6249.016364812851,True,600.0,True,2023-12-04T12:29:19.775247097+00:00,True,True,1191e7c6aa61e5efef225e9122d8f5ef5dbf10f0173499a59f04f2a64a318efe,b3754b7e74e367fc4de4f3db95d1014875e297e40762ba728f13b3d2d073229e,60,60,0,9,14,37,23,True,True,True,True,True,True,0.38333333333333336,30,30,0,15,0,15,15,True,False,False,False,False,False,0.5,750,748,2,355,215,178,570,True,True,True,True,True,True,0.7620320855614974
c112918e,1,attention,900,15.0,c112918e__day1____2023.12.04T15.14.19p03.00,gpn_data__c112918e__day1____2023.12.04T15.14.19p03.00,2023-12-04T12:14:19.775247097+00:00,6249.016364812851,True,900.0,True,2023-12-04T12:29:19.775247097+00:00,True,True,df7265b13fcdc700bd6ee5439b891ca4b131d2371038f47d17e60809243c6abc,b3754b7e74e367fc4de4f3db95d1014875e297e40762ba728f13b3d2d073229e,90,90,0,24,14,52,38,True,True,True,True,True,True,0.4222222222222222,0,0,0,0,0,0,0,False,False,False,False,False,False,,750,748,2,355,215,178,570,True,True,True,True,True,True,0.7620320855614974
c112918e,1,engagement,300,5.0,c112918e__day1____2023.12.04T15.14.19p03.00,gpn_data__c112918e__day1____2023.12.04T15.14.19p03.00,2023-12-04T12:14:19.775247097+00:00,6249.016364812851,True,300.0,True,2023-12-04T12:29:19.775247097+00:00,True,True,7d947a10271fdee2169766cd49b1e3455a01e6f3df1082821cd9867e6856a412,dea825e9f4adc69eebdee2b67a945ab2389e93045dfb523e176c076a3b1a2e0b,30,30,0,4,21,5,25,True,True,True,True,True,False,0.8333333333333334,60,60,0,7,20,33,27,True,True,True,True,True,True,0.45,750,750,0,279,210,261,489,True,True,True,True,True,True,0.652
c112918e,1,engagement,600,10.0,c112918e__day1____2023.12.04T15.14.19p03.00,gpn_data__c112918e__day1____2023.12.04T15.14.19p03.00,2023-12-04T12:14:19.775247097+00:00,6249.016364812851,True,600.0,True,2023-12-04T12:29:19.775247097+00:00,True,True,24d3ef649a181f9c7e6970f0914e14bbb3da77e3f21731a061b8842b33b244b7,dea825e9f4adc69eebdee2b67a945ab2389e93045dfb523e176c076a3b1a2e0b,60,60,0,4,39,17,43,True,True,True,True,True,False,0.7166666666666667,30,30,0,7,2,21,9,True,True,True,True,False,False,0.3,750,750,0,279,210,261,489,True,True,True,True,True,True,0.652
c112918e,1,engagement,900,15.0,c112918e__day1____2023.12.04T15.14.19p03.00,gpn_data__c112918e__day1____2023.12.04T15.14.19p03.00,2023-12-04T12:14:19.775247097+00:00,6249.016364812851,True,900.0,True,2023-12-04T12:29:19.775247097+00:00,True,True,74b1588050f0615a98b6240e4d3f101693fa1b949fb86e45c2374495b669c504,dea825e9f4adc69eebdee2b67a945ab2389e93045dfb523e176c076a3b1a2e0b,90,90,0,11,41,38,52,True,True,True,True,True,True,0.5777777777777777,0,0,0,0,0,0,0,False,False,False,False,False,False,,750,750,0,279,210,261,489,True,True,True,True,True,True,0.652
c112918e,1,excitement,300,5.0,c112918e__day1____2023.12.04T15.14.19p03.00,gpn_data__c112918e__day1____2023.12.04T15.14.19p03.00,2023-12-04T12:14:19.775247097+00:00,6249.016364812851,True,300.0,True,2023-12-04T12:29:19.775247097+00:00,True,True,d6aa77907f4c0bb0a31c4c86ca5bb10422a4b78abed0acf2d6b5c67be995c30f,fe2e782eaf11524c65c4adf314546eaf1df9b1742812d82d9ef6f302190eb738,30,30,0,5,16,9,21,True,True,True,True,True,True,0.7,60,60,0,9,28,23,37,True,True,True,True,True,True,0.6166666666666667,750,750,0,355,153,242,508,True,True,True,True,True,True,0.6773333333333333
c112918e,1,excitement,600,10.0,c112918e__day1____2023.12.04T15.14.19p03.00,gpn_data__c112918e__day1____2023.12.04T15.14.19p03.00,2023-12-04T12:14:19.775247097+00:00,6249.016364812851,True,600.0,True,2023-12-04T12:29:19.775247097+00:00,True,True,afced24bba39a65b0e077cfedc0c5d71c64fc62539465e71c078ed1808d6d9c2,fe2e782eaf11524c65c4adf314546eaf1df9b1742812d82d9ef6f302190eb738,60,60,0,10,30,20,40,True,True,True,True,True,True,0.6666666666666666,30,30,0,4,14,12,18,True,True,True,True,True,False,0.6,750,750,0,355,153,242,508,True,True,True,True,True,True,0.6773333333333333
c112918e,1,excitement,900,15.0,c112918e__day1____2023.12.04T15.14.19p03.00,gpn_data__c112918e__day1____2023.12.04T15.14.19p03.00,2023-12-04T12:14:19.775247097+00:00,6249.016364812851,True,900.0,True,2023-12-04T12:29:19.775247097+00:00,True,True,184882e18f52bab34a65c35d6fbe8d43b66bb72e40abc9e8e1ba86311f9dad9a,fe2e782eaf11524c65c4adf314546eaf1df9b1742812d82d9ef6f302190eb738,90,90,0,14,44,32,58,True,True,True,True,True,True,0.6444444444444445,0,0,0,0,0,0,0,False,False,False,False,False,False,,750,750,0,355,153,242,508,True,True,True,True,True,True,0.6773333333333333
c112918e,1,stress,300,5.0,c112918e__day1____2023.12.04T15.14.19p03.00,gpn_data__c112918e__day1____2023.12.04T15.14.19p03.00,2023-12-04T12:14:19.775247097+00:00,6249.016364812851,True,300.0,True,2023-12-04T12:29:19.775247097+00:00,True,True,f3f3588120498da4da78497b417fdfcb672488f43ea02b3a3c676e99adfd0955,0cf95ac48cbc5260bb3c847c0252b747856c900382ad42730a8d3db29057e66a,30,30,0,15,7,8,22,True,True,True,True,True,True,0.7333333333333333,60,60,0,56,1,3,57,True,True,True,False,False,False,0.95,750,750,0,123,145,482,268,True,True,True,True,True,True,0.35733333333333334
c112918e,1,stress,600,10.0,c112918e__day1____2023.12.04T15.14.19p03.00,gpn_data__c112918e__day1____2023.12.04T15.14.19p03.00,2023-12-04T12:14:19.775247097+00:00,6249.016364812851,True,600.0,True,2023-12-04T12:29:19.775247097+00:00,True,True,451823db275451871f2f56ad9900cd661ae8bf0bd0fa1d409a0822070d6661e8,0cf95ac48cbc5260bb3c847c0252b747856c900382ad42730a8d3db29057e66a,60,60,0,45,7,8,52,True,True,True,True,True,True,0.8666666666666667,30,30,0,26,1,3,27,True,True,True,False,False,False,0.9,750,750,0,123,145,482,268,True,True,True,True,True,True,0.35733333333333334
c112918e,1,stress,900,15.0,c112918e__day1____2023.12.04T15.14.19p03.00,gpn_data__c112918e__day1____2023.12.04T15.14.19p03.00,2023-12-04T12:14:19.775247097+00:00,6249.016364812851,True,900.0,True,2023-12-04T12:29:19.775247097+00:00,True,True,e07abfa5a22d8c329a6424ccf7ee221a3f14728421bdf9c784b2afbb9c6b3f97,0cf95ac48cbc5260bb3c847c0252b747856c900382ad42730a8d3db29057e66a,90,90,0,71,8,11,79,True,True,True,True,True,True,0.8777777777777778,0,0,0,0,0,0,0,False,False,False,False,False,False,,750,750,0,123,145,482,268,True,True,True,True,True,True,0.35733333333333334
c112918e,1,relaxation,300,5.0,c112918e__day1____2023.12.04T15.14.19p03.00,gpn_data__c112918e__day1____2023.12.04T15.14.19p03.00,2023-12-04T12:14:19.775247097+00:00,6249.016364812851,True,300.0,False,2023-12-04T12:29:19.775247097+00:00,True,False,0aeb834e43673be45784776b18c022bf0c685095cd79e089c776fd251f198654,f6980c95f08688c3531b8e4cdb9882ad8c52b7226ee495c8a824b97d539b1521,30,30,0,0,24,6,24,True,False,False,False,False,False,0.8,60,60,0,10,14,36,24,True,True,True,True,True,True,0.4,750,750,0,248,311,191,559,True,True,True,True,True,True,0.7453333333333333
c112918e,1,relaxation,600,10.0,c112918e__day1____2023.12.04T15.14.19p03.00,gpn_data__c112918e__day1____2023.12.04T15.14.19p03.00,2023-12-04T12:14:19.775247097+00:00,6249.016364812851,True,600.0,True,2023-12-04T12:29:19.775247097+00:00,True,True,f2144d0364584b911b2751150314cee4a4c182ac7cafb29423bad09a9a2d57de,f6980c95f08688c3531b8e4cdb9882ad8c52b7226ee495c8a824b97d539b1521,60,60,0,2,33,25,35,True,True,True,True,False,False,0.5833333333333334,30,30,0,8,5,17,13,True,True,True,True,True,True,0.43333333333333335,750,750,0,248,311,191,559,True,True,True,True,True,True,0.7453333333333333
c112918e,1,relaxation,900,15.0,c112918e__day1____2023.12.04T15.14.19p03.00,gpn_data__c112918e__day1____2023.12.04T15.14.19p03.00,2023-12-04T12:14:19.775247097+00:00,6249.016364812851,True,900.0,True,2023-12-04T12:29:19.775247097+00:00,True,True,4e94c9ee56405d43908d812df481c063736736c414e47ab47f2d61cf8291c0fa,f6980c95f08688c3531b8e4cdb9882ad8c52b7226ee495c8a824b97d539b1521,90,90,0,10,38,42,48,True,True,True,True,True,True,0.5333333333333333,0,0,0,0,0,0,0,False,False,False,False,False,False,,750,750,0,248,311,191,559,True,True,True,True,True,True,0.7453333333333333
c112918e,1,interest,300,5.0,c112918e__day1____2023.12.04T15.14.19p03.00,gpn_data__c112918e__day1____2023.12.04T15.14.19p03.00,2023-12-04T12:14:19.775247097+00:00,6249.016364812851,True,300.0,True,2023-12-04T12:29:19.775247097+00:00,True,True,bb11bc5097193ea6dec1bee80340499785dd1954c033cfc25ba80768cffb1ba7,eb7086fe63b5f15ff32a6749e98825a418d0ca1dbe388282ad6a1b19824fabea,30,30,0,4,13,13,17,True,True,True,True,True,False,0.5666666666666667,60,60,0,8,15,37,23,True,True,True,True,True,True,0.38333333333333336,750,750,0,271,183,296,454,True,True,True,True,True,True,0.6053333333333333
c112918e,1,interest,600,10.0,c112918e__day1____2023.12.04T15.14.19p03.00,gpn_data__c112918e__day1____2023.12.04T15.14.19p03.00,2023-12-04T12:14:19.775247097+00:00,6249.016364812851,True,600.0,True,2023-12-04T12:29:19.775247097+00:00,True,True,b2ca412cd3dbc0f40b40482b374a6daef9b0ebfc35eeb950d9df31654ec6fc8f,eb7086fe63b5f15ff32a6749e98825a418d0ca1dbe388282ad6a1b19824fabea,60,60,0,4,22,34,26,True,True,True,True,True,False,0.43333333333333335,30,30,0,8,6,16,14,True,True,True,True,True,True,0.4666666666666667,750,750,0,271,183,296,454,True,True,True,True,True,True,0.6053333333333333
c112918e,1,interest,900,15.0,c112918e__day1____2023.12.04T15.14.19p03.00,gpn_data__c112918e__day1____2023.12.04T15.14.19p03.00,2023-12-04T12:14:19.775247097+00:00,6249.016364812851,True,900.0,True,2023-12-04T12:29:19.775247097+00:00,True,True,d90771c04a0bdaa2f3781e362e95de7dc4fbdecdff50218f4b9e6b6624f294e8,eb7086fe63b5f15ff32a6749e98825a418d0ca1dbe388282ad6a1b19824fabea,90,90,0,12,28,50,40,True,True,True,True,True,True,0.4444444444444444,0,0,0,0,0,0,0,False,False,False,False,False,False,,750,750,0,271,183,296,454,True,True,True,True,True,True,0.6053333333333333
c112918e,1,focus,300,5.0,c112918e__day1____2023.12.04T15.14.19p03.00,gpn_data__c112918e__day1____2023.12.04T15.14.19p03.00,2023-12-04T12:14:19.775247097+00:00,6249.016364812851,True,300.0,True,2023-12-04T12:29:19.775247097+00:00,True,True,4de4d53277d247c280749e2c6a0ceef3ab0fbe9f494a2106ac130617a4c94a6e,1387d99205e41193b6d9bb477a3627d616f04ab556cf9f837f566e2cdbaf182e,30,30,0,10,8,12,18,True,True,True,True,True,True,0.6,60,60,0,13,17,30,30,True,True,True,True,True,True,0.5,750,750,0,387,120,243,507,True,True,True,True,True,True,0.676
c112918e,1,focus,600,10.0,c112918e__day1____2023.12.04T15.14.19p03.00,gpn_data__c112918e__day1____2023.12.04T15.14.19p03.00,2023-12-04T12:14:19.775247097+00:00,6249.016364812851,True,600.0,True,2023-12-04T12:29:19.775247097+00:00,True,True,1e7c083ef82f959ef31e37c974d16c690f7d9ec0cf011cc353cf206bed049672,1387d99205e41193b6d9bb477a3627d616f04ab556cf9f837f566e2cdbaf182e,60,60,0,21,11,28,32,True,True,True,True,True,True,0.5333333333333333,30,30,0,2,14,14,16,True,True,True,True,False,False,0.5333333333333333,750,750,0,387,120,243,507,True,True,True,True,True,True,0.676
c112918e,1,focus,900,15.0,c112918e__day1____2023.12.04T15.14.19p03.00,gpn_data__c112918e__day1____2023.12.04T15.14.19p03.00,2023-12-04T12:14:19.775247097+00:00,6249.016364812851,True,900.0,True,2023-12-04T12:29:19.775247097+00:00,True,True,e143bcf761f7cd1f06fedb76dc26d27323e662b3a07d7e8e10f1352214986cc0,1387d99205e41193b6d9bb477a3627d616f04ab556cf9f837f566e2cdbaf182e,90,90,0,23,25,42,48,True,True,True,True,True,True,0.5333333333333333,0,0,0,0,0,0,0,False,False,False,False,False,False,,750,750,0,387,120,243,507,True,True,True,True,True,True,0.676
c1a150b1,5,attention,300,5.0,c1a150b1__day1____2024.02.01T16.29.53p01.00,gpn_data__c1a150b1__day1____2024.02.01T16.29.53p01.00,2024-02-01T15:29:53.764889956+00:00,6502.556900024414,True,300.0,False,2024-02-01T15:44:53.764889956+00:00,True,False,cf0a193ddf76b5320c30a8d39ce05e4da6f0657131a4fdbefffbcb6666db4ed3,e7649deb3038fce79b9a62184c1d04bffa71d2b6c8321e82dbc073da31fff614,30,30,0,12,1,17,13,True,True,True,False,False,False,0.43333333333333335,58,58,0,4,23,31,27,True,True,True,True,True,False,0.46551724137931033,553,553,0,144,253,156,397,True,True,True,True,True,True,0.7179023508137432
c1a150b1,5,attention,600,10.0,c1a150b1__day1____2024.02.01T16.29.53p01.00,gpn_data__c1a150b1__day1____2024.02.01T16.29.53p01.00,2024-02-01T15:29:53.764889956+00:00,6502.556900024414,True,600.0,True,2024-02-01T15:44:53.764889956+00:00,True,True,a168ec869881dfe8f6bff8603eb2416a9698e7431d2a2a26c641b8e71c767378,e7649deb3038fce79b9a62184c1d04bffa71d2b6c8321e82dbc073da31fff614,58,58,0,14,6,38,20,True,True,True,True,True,True,0.3448275862068966,30,30,0,2,18,10,20,True,True,True,True,False,False,0.6666666666666666,553,553,0,144,253,156,397,True,True,True,True,True,True,0.7179023508137432
c1a150b1,5,attention,900,15.0,c1a150b1__day1____2024.02.01T16.29.53p01.00,gpn_data__c1a150b1__day1____2024.02.01T16.29.53p01.00,2024-02-01T15:29:53.764889956+00:00,6502.556900024414,True,900.0,True,2024-02-01T15:44:53.764889956+00:00,True,True,8b1e2aac6594a27679a5c22456d87cb5cf4b532eadb4b194a967e2ab533a6950,e7649deb3038fce79b9a62184c1d04bffa71d2b6c8321e82dbc073da31fff614,88,88,0,16,24,48,40,True,True,True,True,True,True,0.45454545454545453,0,0,0,0,0,0,0,False,False,False,False,False,False,,553,553,0,144,253,156,397,True,True,True,True,True,True,0.7179023508137432
c1a150b1,5,engagement,300,5.0,c1a150b1__day1____2024.02.01T16.29.53p01.00,gpn_data__c1a150b1__day1____2024.02.01T16.29.53p01.00,2024-02-01T15:29:53.764889956+00:00,6502.556900024414,True,300.0,False,2024-02-01T15:44:53.764889956+00:00,True,False,c20c1d4fbff066568b5c6cd029d5f51d3f52b9784d9ffc94f9ae1a0b0c1f2ee4,d0a5c0d94161ee18cb2fe4a200cb733a1b2914d2b4eeb123b75e4a5e89a998ec,30,30,0,17,0,13,17,True,False,False,False,False,False,0.5666666666666667,58,58,0,22,12,24,34,True,True,True,True,True,True,0.5862068965517241,553,553,0,112,283,158,395,True,True,True,True,True,True,0.7142857142857143
c1a150b1,5,engagement,600,10.0,c1a150b1__day1____2024.02.01T16.29.53p01.00,gpn_data__c1a150b1__day1____2024.02.01T16.29.53p01.00,2024-02-01T15:29:53.764889956+00:00,6502.556900024414,True,600.0,True,2024-02-01T15:44:53.764889956+00:00,True,True,6030fcd36769508579ddb778191f43a0a60bf3b47518735eb8bffbed1928b9c0,d0a5c0d94161ee18cb2fe4a200cb733a1b2914d2b4eeb123b75e4a5e89a998ec,58,58,0,33,2,23,35,True,True,True,True,False,False,0.603448275862069,30,30,0,6,10,14,16,True,True,True,True,True,True,0.5333333333333333,553,553,0,112,283,158,395,True,True,True,True,True,True,0.7142857142857143
c1a150b1,5,engagement,900,15.0,c1a150b1__day1____2024.02.01T16.29.53p01.00,gpn_data__c1a150b1__day1____2024.02.01T16.29.53p01.00,2024-02-01T15:29:53.764889956+00:00,6502.556900024414,True,900.0,True,2024-02-01T15:44:53.764889956+00:00,True,True,a07fbc2ea2c3ae658eeaa126a7ea073da601f043c7eff0f23c966fc1cb6e84c6,d0a5c0d94161ee18cb2fe4a200cb733a1b2914d2b4eeb123b75e4a5e89a998ec,88,88,0,39,12,37,51,True,True,True,True,True,True,0.5795454545454546,0,0,0,0,0,0,0,False,False,False,False,False,False,,553,553,0,112,283,158,395,True,True,True,True,True,True,0.7142857142857143
c1a150b1,5,excitement,300,5.0,c1a150b1__day1____2024.02.01T16.29.53p01.00,gpn_data__c1a150b1__day1____2024.02.01T16.29.53p01.00,2024-02-01T15:29:53.764889956+00:00,6502.556900024414,True,300.0,False,2024-02-01T15:44:53.764889956+00:00,True,False,65f5492f7be0847e2bea3f0e7592b78f49999d2c316daf92641ff5daec2bc3c1,1fd9c3bc362e563314840de39d8e3ec5739f166d2ad4a0b902a1c3b351ed3097,30,30,0,17,1,12,18,True,True,True,False,False,False,0.6,58,58,0,43,1,14,44,True,True,True,False,False,False,0.7586206896551724,553,553,0,312,55,186,367,True,True,True,True,True,True,0.6636528028933092
c1a150b1,5,excitement,600,10.0,c1a150b1__day1____2024.02.01T16.29.53p01.00,gpn_data__c1a150b1__day1____2024.02.01T16.29.53p01.00,2024-02-01T15:29:53.764889956+00:00,6502.556900024414,True,600.0,True,2024-02-01T15:44:53.764889956+00:00,True,True,bf29dbc659cec502cd301c0390e67a03ea3b6874db89515bbbb864aa8b32eb0e,1fd9c3bc362e563314840de39d8e3ec5739f166d2ad4a0b902a1c3b351ed3097,58,58,0,38,2,18,40,True,True,True,True,False,False,0.6896551724137931,30,30,0,22,0,8,22,True,False,False,False,False,False,0.7333333333333333,553,553,0,312,55,186,367,True,True,True,True,True,True,0.6636528028933092
c1a150b1,5,excitement,900,15.0,c1a150b1__day1____2024.02.01T16.29.53p01.00,gpn_data__c1a150b1__day1____2024.02.01T16.29.53p01.00,2024-02-01T15:29:53.764889956+00:00,6502.556900024414,True,900.0,True,2024-02-01T15:44:53.764889956+00:00,True,True,f00c96b49dd046587cf690cd412a2146a1637fd43ae2d81d06a4228ac6aa93f3,1fd9c3bc362e563314840de39d8e3ec5739f166d2ad4a0b902a1c3b351ed3097,88,88,0,60,2,26,62,True,True,True,True,False,False,0.7045454545454546,0,0,0,0,0,0,0,False,False,False,False,False,False,,553,553,0,312,55,186,367,True,True,True,True,True,True,0.6636528028933092
c1a150b1,5,stress,300,5.0,c1a150b1__day1____2024.02.01T16.29.53p01.00,gpn_data__c1a150b1__day1____2024.02.01T16.29.53p01.00,2024-02-01T15:29:53.764889956+00:00,6502.556900024414,True,300.0,False,2024-02-01T15:44:53.764889956+00:00,False,False,64a655c2c4c25b133bcdbcaed6d4a9294091b665b44c0786cf1c751e3ee6c5b3,944c5a5542813571b0ca792d1f7cd21f614fdefbe41814d24e3bc373a12b1f6e,30,30,0,25,1,4,26,True,True,True,False,False,False,0.8666666666666667,58,58,0,1,1,56,2,True,True,True,False,False,False,0.034482758620689655,553,553,0,0,306,247,306,True,False,False,False,False,False,0.5533453887884268
c1a150b1,5,stress,600,10.0,c1a150b1__day1____2024.02.01T16.29.53p01.00,gpn_data__c1a150b1__day1____2024.02.01T16.29.53p01.00,2024-02-01T15:29:53.764889956+00:00,6502.556900024414,True,600.0,False,2024-02-01T15:44:53.764889956+00:00,False,False,05ba6b55c61d8bd6ff497f391825a2e7bea8dcb6400d78007c2d649b235311b3,944c5a5542813571b0ca792d1f7cd21f614fdefbe41814d24e3bc373a12b1f6e,58,58,0,26,1,31,27,True,True,True,False,False,False,0.46551724137931033,30,30,0,0,1,29,1,True,False,False,False,False,False,0.03333333333333333,553,553,0,0,306,247,306,True,False,False,False,False,False,0.5533453887884268
c1a150b1,5,stress,900,15.0,c1a150b1__day1____2024.02.01T16.29.53p01.00,gpn_data__c1a150b1__day1____2024.02.01T16.29.53p01.00,2024-02-01T15:29:53.764889956+00:00,6502.556900024414,True,900.0,True,2024-02-01T15:44:53.764889956+00:00,False,False,71460c5bada21026a39bd03c152c538d1248a9fa0fc3b033a912eaf9189dfb8b,944c5a5542813571b0ca792d1f7cd21f614fdefbe41814d24e3bc373a12b1f6e,88,88,0,26,2,60,28,True,True,True,True,False,False,0.3181818181818182,0,0,0,0,0,0,0,False,False,False,False,False,False,,553,553,0,0,306,247,306,True,False,False,False,False,False,0.5533453887884268
c1a150b1,5,relaxation,300,5.0,c1a150b1__day1____2024.02.01T16.29.53p01.00,gpn_data__c1a150b1__day1____2024.02.01T16.29.53p01.00,2024-02-01T15:29:53.764889956+00:00,6502.556900024414,True,300.0,False,2024-02-01T15:44:53.764889956+00:00,True,False,1166001e9fb7818f35490c254d3ecb9a5dddaf38cee0629785d802d659bdf374,138d431f11c640f4f42583246422748a0a43313d9a1769f7db24979ebd1da0a2,30,30,0,0,18,12,18,True,False,False,False,False,False,0.6,58,58,0,38,3,17,41,True,True,True,True,True,False,0.7068965517241379,553,553,0,282,97,174,379,True,True,True,True,True,True,0.6853526220614828
c1a150b1,5,relaxation,600,10.0,c1a150b1__day1____2024.02.01T16.29.53p01.00,gpn_data__c1a150b1__day1____2024.02.01T16.29.53p01.00,2024-02-01T15:29:53.764889956+00:00,6502.556900024414,True,600.0,True,2024-02-01T15:44:53.764889956+00:00,True,True,f4ced09fd653c6b0e62ffae0b2f6be20344621993d71b71b9e12861ce4ffb506,138d431f11c640f4f42583246422748a0a43313d9a1769f7db24979ebd1da0a2,58,58,0,14,20,24,34,True,True,True,True,True,True,0.5862068965517241,30,30,0,24,1,5,25,True,True,True,False,False,False,0.8333333333333334,553,553,0,282,97,174,379,True,True,True,True,True,True,0.6853526220614828
c1a150b1,5,relaxation,900,15.0,c1a150b1__day1____2024.02.01T16.29.53p01.00,gpn_data__c1a150b1__day1____2024.02.01T16.29.53p01.00,2024-02-01T15:29:53.764889956+00:00,6502.556900024414,True,900.0,True,2024-02-01T15:44:53.764889956+00:00,True,True,94c2eb82c0b3888a7092594863b1983c9f335a7ebcd280a434b85b58581c3b6a,138d431f11c640f4f42583246422748a0a43313d9a1769f7db24979ebd1da0a2,88,88,0,38,21,29,59,True,True,True,True,True,True,0.6704545454545454,0,0,0,0,0,0,0,False,False,False,False,False,False,,553,553,0,282,97,174,379,True,True,True,True,True,True,0.6853526220614828
c1a150b1,5,interest,300,5.0,c1a150b1__day1____2024.02.01T16.29.53p01.00,gpn_data__c1a150b1__day1____2024.02.01T16.29.53p01.00,2024-02-01T15:29:53.764889956+00:00,6502.556900024414,True,300.0,True,2024-02-01T15:44:53.764889956+00:00,True,True,4a1cf247035f854f98c3092c06538a78b34fed0d75b756753a9897009eddc326,1872c27703fe017e5256e4fb3ae567a0ac6d10a1995efb360a3eaddd4726d3de,30,30,0,20,2,8,22,True,True,True,True,False,False,0.7333333333333333,58,58,0,49,1,8,50,True,True,True,False,False,False,0.8620689655172413,553,553,0,157,81,315,238,True,True,True,True,True,True,0.43037974683544306
c1a150b1,5,interest,600,10.0,c1a150b1__day1____2024.02.01T16.29.53p01.00,gpn_data__c1a150b1__day1____2024.02.01T16.29.53p01.00,2024-02-01T15:29:53.764889956+00:00,6502.556900024414,True,600.0,True,2024-02-01T15:44:53.764889956+00:00,True,True,e459ab04f308e57689532b23d2bd8d75bcb3187c096e98d546af896fc87f09c2,1872c27703fe017e5256e4fb3ae567a0ac6d10a1995efb360a3eaddd4726d3de,58,58,0,44,3,11,47,True,True,True,True,True,False,0.8103448275862069,30,30,0,25,0,5,25,True,False,False,False,False,False,0.8333333333333334,553,553,0,157,81,315,238,True,True,True,True,True,True,0.43037974683544306
c1a150b1,5,interest,900,15.0,c1a150b1__day1____2024.02.01T16.29.53p01.00,gpn_data__c1a150b1__day1____2024.02.01T16.29.53p01.00,2024-02-01T15:29:53.764889956+00:00,6502.556900024414,True,900.0,True,2024-02-01T15:44:53.764889956+00:00,True,True,589fadaa12097333ff66b2119f67bdcfa2febe04f6d8346a5eea9cb9713a3da8,1872c27703fe017e5256e4fb3ae567a0ac6d10a1995efb360a3eaddd4726d3de,88,88,0,69,3,16,72,True,True,True,True,True,False,0.8181818181818182,0,0,0,0,0,0,0,False,False,False,False,False,False,,553,553,0,157,81,315,238,True,True,True,True,True,True,0.43037974683544306
c1a150b1,5,focus,300,5.0,c1a150b1__day1____2024.02.01T16.29.53p01.00,gpn_data__c1a150b1__day1____2024.02.01T16.29.53p01.00,2024-02-01T15:29:53.764889956+00:00,6502.556900024414,True,300.0,False,2024-02-01T15:44:53.764889956+00:00,True,False,4c11c8fd2ce15c07a5c52ca4a7a2d05217e20a797a73bc7e4666c3e46aa6024e,f64fab7d8ef3984186d3196d15ab5105d7fd14257ae2347009f9452c32dfe707,30,30,0,30,0,0,30,True,False,False,False,False,False,1.0,58,58,0,33,3,22,36,True,True,True,True,True,False,0.6206896551724138,553,553,0,173,75,305,248,True,True,True,True,True,True,0.4484629294755877
c1a150b1,5,focus,600,10.0,c1a150b1__day1____2024.02.01T16.29.53p01.00,gpn_data__c1a150b1__day1____2024.02.01T16.29.53p01.00,2024-02-01T15:29:53.764889956+00:00,6502.556900024414,True,600.0,True,2024-02-01T15:44:53.764889956+00:00,True,True,46ca5bae12f45b19aa2fcba2a5db571810febe5f45df759128bff1177e61ffcb,f64fab7d8ef3984186d3196d15ab5105d7fd14257ae2347009f9452c32dfe707,58,58,0,46,3,9,49,True,True,True,True,True,False,0.8448275862068966,30,30,0,17,0,13,17,True,False,False,False,False,False,0.5666666666666667,553,553,0,173,75,305,248,True,True,True,True,True,True,0.4484629294755877
c1a150b1,5,focus,900,15.0,c1a150b1__day1____2024.02.01T16.29.53p01.00,gpn_data__c1a150b1__day1____2024.02.01T16.29.53p01.00,2024-02-01T15:29:53.764889956+00:00,6502.556900024414,True,900.0,True,2024-02-01T15:44:53.764889956+00:00,True,True,0cc7435baa27376f2700f48dd6b0f3b30bfb62a01a200a4d28cd3e543e1703d0,f64fab7d8ef3984186d3196d15ab5105d7fd14257ae2347009f9452c32dfe707,88,88,0,63,3,22,66,True,True,True,True,True,False,0.75,0,0,0,0,0,0,0,False,False,False,False,False,False,,553,553,0,173,75,305,248,True,True,True,True,True,True,0.4484629294755877
d0724095,3,attention,300,5.0,d0724095__day1____2023.12.01T09.27.20p03.00,gpn_data__d0724095__day1____2023.12.01T09.27.20p03.00,2023-12-01T06:27:20.835450888+00:00,5147.459672212601,True,300.0,False,2023-12-01T06:42:20.835450888+00:00,True,False,e89a159685a88378133698d17f3b3af93fde90eff48453b62174acd4131857f9,34e6f509d00f83afbbfc3e4ae4eb1014d381de58dc2d7b742170fdbf0861e3fa,30,30,0,29,0,1,29,True,False,False,False,False,False,0.9666666666666667,60,60,0,17,28,15,45,True,True,True,True,True,True,0.75,416,392,24,157,136,99,293,True,True,True,True,True,True,0.7474489795918368
d0724095,3,attention,600,10.0,d0724095__day1____2023.12.01T09.27.20p03.00,gpn_data__d0724095__day1____2023.12.01T09.27.20p03.00,2023-12-01T06:27:20.835450888+00:00,5147.459672212601,True,600.0,True,2023-12-01T06:42:20.835450888+00:00,True,True,02dc6cc27e6423e04f0549f4873604347076db2801542e3b42d4e1e9aa62c33a,34e6f509d00f83afbbfc3e4ae4eb1014d381de58dc2d7b742170fdbf0861e3fa,60,60,0,32,22,6,54,True,True,True,True,True,True,0.9,30,30,0,14,6,10,20,True,True,True,True,True,True,0.6666666666666666,416,392,24,157,136,99,293,True,True,True,True,True,True,0.7474489795918368
d0724095,3,attention,900,15.0,d0724095__day1____2023.12.01T09.27.20p03.00,gpn_data__d0724095__day1____2023.12.01T09.27.20p03.00,2023-12-01T06:27:20.835450888+00:00,5147.459672212601,True,900.0,True,2023-12-01T06:42:20.835450888+00:00,True,True,c77fd1c72a6e3da0da1ee96a0f420bd5ba9ff3e3929833e8fc1bc03c0ef83446,34e6f509d00f83afbbfc3e4ae4eb1014d381de58dc2d7b742170fdbf0861e3fa,90,90,0,46,28,16,74,True,True,True,True,True,True,0.8222222222222222,0,0,0,0,0,0,0,False,False,False,False,False,False,,416,392,24,157,136,99,293,True,True,True,True,True,True,0.7474489795918368
d0724095,3,engagement,300,5.0,d0724095__day1____2023.12.01T09.27.20p03.00,gpn_data__d0724095__day1____2023.12.01T09.27.20p03.00,2023-12-01T06:27:20.835450888+00:00,5147.459672212601,True,300.0,False,2023-12-01T06:42:20.835450888+00:00,True,False,5507c4936f980b50bd2b01e2ce12f5815ef326e0fe90acf2a97f96f41162b6cc,b1616f92b67476a8841b4533b047793d01063123c39b9bf23dca2d538bc69c06,30,30,0,0,24,6,24,True,False,False,False,False,False,0.8,60,60,0,13,5,42,18,True,True,True,True,True,True,0.3,416,416,0,125,163,128,288,True,True,True,True,True,True,0.6923076923076923
d0724095,3,engagement,600,10.0,d0724095__day1____2023.12.01T09.27.20p03.00,gpn_data__d0724095__day1____2023.12.01T09.27.20p03.00,2023-12-01T06:27:20.835450888+00:00,5147.459672212601,True,600.0,True,2023-12-01T06:42:20.835450888+00:00,True,True,1304eea2eb2f34cbee652b6d26879fff972a46221d43355a98636827b00ea63a,b1616f92b67476a8841b4533b047793d01063123c39b9bf23dca2d538bc69c06,60,60,0,3,27,30,30,True,True,True,True,True,False,0.5,30,30,0,10,2,18,12,True,True,True,True,False,False,0.4,416,416,0,125,163,128,288,True,True,True,True,True,True,0.6923076923076923
d0724095,3,engagement,900,15.0,d0724095__day1____2023.12.01T09.27.20p03.00,gpn_data__d0724095__day1____2023.12.01T09.27.20p03.00,2023-12-01T06:27:20.835450888+00:00,5147.459672212601,True,900.0,True,2023-12-01T06:42:20.835450888+00:00,True,True,2f91089efc3e46cc01a710ded134ca9cb8b58b61200e36ce3123e3deec13d9a3,b1616f92b67476a8841b4533b047793d01063123c39b9bf23dca2d538bc69c06,90,90,0,13,29,48,42,True,True,True,True,True,True,0.4666666666666667,0,0,0,0,0,0,0,False,False,False,False,False,False,,416,416,0,125,163,128,288,True,True,True,True,True,True,0.6923076923076923
d0724095,3,excitement,300,5.0,d0724095__day1____2023.12.01T09.27.20p03.00,gpn_data__d0724095__day1____2023.12.01T09.27.20p03.00,2023-12-01T06:27:20.835450888+00:00,5147.459672212601,True,300.0,True,2023-12-01T06:42:20.835450888+00:00,True,True,d568862483c8ae9a2231136c0c97550dbde14e92f95a9333d17c1de6b1add91b,e279569b62ec8d1dc5a61ee9d32cafcce3ff1795fdd88759c65017d684502dfb,30,30,0,15,2,13,17,True,True,True,True,False,False,0.5666666666666667,60,60,0,37,8,15,45,True,True,True,True,True,True,0.75,416,416,0,172,142,102,314,True,True,True,True,True,True,0.7548076923076923
d0724095,3,excitement,600,10.0,d0724095__day1____2023.12.01T09.27.20p03.00,gpn_data__d0724095__day1____2023.12.01T09.27.20p03.00,2023-12-01T06:27:20.835450888+00:00,5147.459672212601,True,600.0,True,2023-12-01T06:42:20.835450888+00:00,True,True,b418a1d67b8d4bac4693e091aa7078434c156a5c1866b24105dcd3b3ad7e5da5,e279569b62ec8d1dc5a61ee9d32cafcce3ff1795fdd88759c65017d684502dfb,60,60,0,33,9,18,42,True,True,True,True,True,True,0.7,30,30,0,19,1,10,20,True,True,True,False,False,False,0.6666666666666666,416,416,0,172,142,102,314,True,True,True,True,True,True,0.7548076923076923
d0724095,3,excitement,900,15.0,d0724095__day1____2023.12.01T09.27.20p03.00,gpn_data__d0724095__day1____2023.12.01T09.27.20p03.00,2023-12-01T06:27:20.835450888+00:00,5147.459672212601,True,900.0,True,2023-12-01T06:42:20.835450888+00:00,True,True,d5b21ce2654f5491d2a3440c1132d74f352e887309b77f5166becaf167a3b8fa,e279569b62ec8d1dc5a61ee9d32cafcce3ff1795fdd88759c65017d684502dfb,90,90,0,52,10,28,62,True,True,True,True,True,True,0.6888888888888889,0,0,0,0,0,0,0,False,False,False,False,False,False,,416,416,0,172,142,102,314,True,True,True,True,True,True,0.7548076923076923
d0724095,3,stress,300,5.0,d0724095__day1____2023.12.01T09.27.20p03.00,gpn_data__d0724095__day1____2023.12.01T09.27.20p03.00,2023-12-01T06:27:20.835450888+00:00,5147.459672212601,True,300.0,True,2023-12-01T06:42:20.835450888+00:00,True,True,3a9a1589c0b603ec075f38bee7563497f0fc0141a51478a1f8aedb108b0e6a9e,1e5c32e86f8ac34682b9ead1d90e489dbfa134193711880fcaaf2b76de71da2d,30,30,0,24,4,2,28,True,True,True,True,True,False,0.9333333333333333,60,60,0,44,12,4,56,True,True,True,True,True,True,0.9333333333333333,416,416,0,291,86,39,377,True,True,True,True,True,True,0.90625
d0724095,3,stress,600,10.0,d0724095__day1____2023.12.01T09.27.20p03.00,gpn_data__d0724095__day1____2023.12.01T09.27.20p03.00,2023-12-01T06:27:20.835450888+00:00,5147.459672212601,True,600.0,True,2023-12-01T06:42:20.835450888+00:00,True,True,76c5b81660cb81918bdf15f2a02a5fcbb398c1eb7b6e256d269cc6fe169d478d,1e5c32e86f8ac34682b9ead1d90e489dbfa134193711880fcaaf2b76de71da2d,60,60,0,47,9,4,56,True,True,True,True,True,True,0.9333333333333333,30,30,0,21,7,2,28,True,True,True,True,True,True,0.9333333333333333,416,416,0,291,86,39,377,True,True,True,True,True,True,0.90625
d0724095,3,stress,900,15.0,d0724095__day1____2023.12.01T09.27.20p03.00,gpn_data__d0724095__day1____2023.12.01T09.27.20p03.00,2023-12-01T06:27:20.835450888+00:00,5147.459672212601,True,900.0,True,2023-12-01T06:42:20.835450888+00:00,True,True,9027d01bcd6877d732a7dca5ac9476fde3c2c0132322a79dea0051a104699663,1e5c32e86f8ac34682b9ead1d90e489dbfa134193711880fcaaf2b76de71da2d,90,90,0,68,16,6,84,True,True,True,True,True,True,0.9333333333333333,0,0,0,0,0,0,0,False,False,False,False,False,False,,416,416,0,291,86,39,377,True,True,True,True,True,True,0.90625
d0724095,3,relaxation,300,5.0,d0724095__day1____2023.12.01T09.27.20p03.00,gpn_data__d0724095__day1____2023.12.01T09.27.20p03.00,2023-12-01T06:27:20.835450888+00:00,5147.459672212601,True,300.0,True,2023-12-01T06:42:20.835450888+00:00,True,True,f1f06908c5b1338b8d432c219819c3d7f9be7c559c558ed0ffe7e4e790bab58d,092bfa6b8f4f578cc31fbe14975abd2d7cc331382cb947d331a7516addc87520,30,30,0,10,2,18,12,True,True,True,True,False,False,0.4,60,60,0,3,11,46,14,True,True,True,True,True,False,0.23333333333333334,416,416,0,86,196,134,282,True,True,True,True,True,True,0.6778846153846154
d0724095,3,relaxation,600,10.0,d0724095__day1____2023.12.01T09.27.20p03.00,gpn_data__d0724095__day1____2023.12.01T09.27.20p03.00,2023-12-01T06:27:20.835450888+00:00,5147.459672212601,True,600.0,True,2023-12-01T06:42:20.835450888+00:00,True,True,0783afd0c7bc6a7f438217f46b71595b119ffa1bb784248f2faf752635f49540,092bfa6b8f4f578cc31fbe14975abd2d7cc331382cb947d331a7516addc87520,60,60,0,12,5,43,17,True,True,True,True,True,True,0.2833333333333333,30,30,0,1,8,21,9,True,True,True,False,False,False,0.3,416,416,0,86,196,134,282,True,True,True,True,True,True,0.6778846153846154
d0724095,3,relaxation,900,15.0,d0724095__day1____2023.12.01T09.27.20p03.00,gpn_data__d0724095__day1____2023.12.01T09.27.20p03.00,2023-12-01T06:27:20.835450888+00:00,5147.459672212601,True,900.0,True,2023-12-01T06:42:20.835450888+00:00,True,True,38cd99eec9e121a4da119c27c6b10f2a1668dd43424032bfce30cd2c7bf7de9b,092bfa6b8f4f578cc31fbe14975abd2d7cc331382cb947d331a7516addc87520,90,90,0,13,13,64,26,True,True,True,True,True,True,0.28888888888888886,0,0,0,0,0,0,0,False,False,False,False,False,False,,416,416,0,86,196,134,282,True,True,True,True,True,True,0.6778846153846154
d0724095,3,interest,300,5.0,d0724095__day1____2023.12.01T09.27.20p03.00,gpn_data__d0724095__day1____2023.12.01T09.27.20p03.00,2023-12-01T06:27:20.835450888+00:00,5147.459672212601,True,300.0,True,2023-12-01T06:42:20.835450888+00:00,True,True,dc02deb89912323b2e9c003cceeb5a1f53fbb74a25cc63cdbc4ab838ba3d6bad,e878c5ab1ad78b9d67f571dbaec5eaf7067e06cfdba5fbf3679168b027d35b6a,30,30,0,17,10,3,27,True,True,True,True,True,True,0.9,60,60,0,38,15,7,53,True,True,True,True,True,True,0.8833333333333333,416,416,0,187,168,61,355,True,True,True,True,True,True,0.8533653846153846
d0724095,3,interest,600,10.0,d0724095__day1____2023.12.01T09.27.20p03.00,gpn_data__d0724095__day1____2023.12.01T09.27.20p03.00,2023-12-01T06:27:20.835450888+00:00,5147.459672212601,True,600.0,True,2023-12-01T06:42:20.835450888+00:00,True,True,09a73ba1de5f927ec540385b2e6898b3e5520d6b8d39e45f54dc6ad2e0d390d2,e878c5ab1ad78b9d67f571dbaec5eaf7067e06cfdba5fbf3679168b027d35b6a,60,60,0,35,19,6,54,True,True,True,True,True,True,0.9,30,30,0,20,6,4,26,True,True,True,True,True,True,0.8666666666666667,416,416,0,187,168,61,355,True,True,True,True,True,True,0.8533653846153846
d0724095,3,interest,900,15.0,d0724095__day1____2023.12.01T09.27.20p03.00,gpn_data__d0724095__day1____2023.12.01T09.27.20p03.00,2023-12-01T06:27:20.835450888+00:00,5147.459672212601,True,900.0,True,2023-12-01T06:42:20.835450888+00:00,True,True,047b12e1bca889818059da6c4daf3ba4cd80f3ec753035656811df5977a0f25e,e878c5ab1ad78b9d67f571dbaec5eaf7067e06cfdba5fbf3679168b027d35b6a,90,90,0,55,25,10,80,True,True,True,True,True,True,0.8888888888888888,0,0,0,0,0,0,0,False,False,False,False,False,False,,416,416,0,187,168,61,355,True,True,True,True,True,True,0.8533653846153846
d0724095,3,focus,300,5.0,d0724095__day1____2023.12.01T09.27.20p03.00,gpn_data__d0724095__day1____2023.12.01T09.27.20p03.00,2023-12-01T06:27:20.835450888+00:00,5147.459672212601,True,300.0,False,2023-12-01T06:42:20.835450888+00:00,True,False,37fd537da91e272dceefd3b83322265985adee2ef7cad550d72af8903c2248a0,240688a34f64a1c3e8a95928ec8835877509155c7f416ef228bb67de9008bc0f,30,30,0,22,1,7,23,True,True,True,False,False,False,0.7666666666666667,60,60,0,45,6,9,51,True,True,True,True,True,True,0.85,416,416,0,221,93,102,314,True,True,True,True,True,True,0.7548076923076923
d0724095,3,focus,600,10.0,d0724095__day1____2023.12.01T09.27.20p03.00,gpn_data__d0724095__day1____2023.12.01T09.27.20p03.00,2023-12-01T06:27:20.835450888+00:00,5147.459672212601,True,600.0,True,2023-12-01T06:42:20.835450888+00:00,True,True,81036e07348ac7b97bd1b24e91f36bd6bc87b7265078882fc6ad63e368d24d88,240688a34f64a1c3e8a95928ec8835877509155c7f416ef228bb67de9008bc0f,60,60,0,41,6,13,47,True,True,True,True,True,True,0.7833333333333333,30,30,0,26,1,3,27,True,True,True,False,False,False,0.9,416,416,0,221,93,102,314,True,True,True,True,True,True,0.7548076923076923
d0724095,3,focus,900,15.0,d0724095__day1____2023.12.01T09.27.20p03.00,gpn_data__d0724095__day1____2023.12.01T09.27.20p03.00,2023-12-01T06:27:20.835450888+00:00,5147.459672212601,True,900.0,True,2023-12-01T06:42:20.835450888+00:00,True,True,c5d00bdbab3b915a6016833642bcbf3346da9db54d80dfe3626ff2901d30c53d,240688a34f64a1c3e8a95928ec8835877509155c7f416ef228bb67de9008bc0f,90,90,0,67,7,16,74,True,True,True,True,True,True,0.8222222222222222,0,0,0,0,0,0,0,False,False,False,False,False,False,,416,416,0,221,93,102,314,True,True,True,True,True,True,0.7548076923076923
d0e2d025,2,attention,300,5.0,d0e2d025__day1____2023.11.30T15.28.34p03.00,gpn_data__d0e2d025__day1____2023.11.30T15.28.34p03.00,2023-11-30T12:28:34.181644917+00:00,6234.90472817421,True,300.0,True,2023-11-30T12:43:34.181644917+00:00,True,True,032a72d099f9b80ffbd0af60f26003728ea33c90f54cc2d7e8539ad32b12d086,7bb441e31deefb20077ca638427c09da7f1f20a494c6b567e10cc8c76f54ac6e,30,30,0,5,2,23,7,True,True,True,True,False,False,0.23333333333333334,60,60,0,32,10,18,42,True,True,True,True,True,True,0.7,832,832,0,466,153,213,619,True,True,True,True,True,True,0.7439903846153846
d0e2d025,2,attention,600,10.0,d0e2d025__day1____2023.11.30T15.28.34p03.00,gpn_data__d0e2d025__day1____2023.11.30T15.28.34p03.00,2023-11-30T12:28:34.181644917+00:00,6234.90472817421,True,600.0,True,2023-11-30T12:43:34.181644917+00:00,True,True,19c5a3126bf527749ae7e8ec644331794bef51969a169261abf5d761b6115d08,7bb441e31deefb20077ca638427c09da7f1f20a494c6b567e10cc8c76f54ac6e,60,60,0,12,12,36,24,True,True,True,True,True,True,0.4,30,30,0,25,0,5,25,True,False,False,False,False,False,0.8333333333333334,832,832,0,466,153,213,619,True,True,True,True,True,True,0.7439903846153846
d0e2d025,2,attention,900,15.0,d0e2d025__day1____2023.11.30T15.28.34p03.00,gpn_data__d0e2d025__day1____2023.11.30T15.28.34p03.00,2023-11-30T12:28:34.181644917+00:00,6234.90472817421,True,900.0,True,2023-11-30T12:43:34.181644917+00:00,True,True,00494c51fffcbac04f89f00bb451d5c065fca9a502a5382fb572f7ce34d73cfd,7bb441e31deefb20077ca638427c09da7f1f20a494c6b567e10cc8c76f54ac6e,90,90,0,37,12,41,49,True,True,True,True,True,True,0.5444444444444444,0,0,0,0,0,0,0,False,False,False,False,False,False,,832,832,0,466,153,213,619,True,True,True,True,True,True,0.7439903846153846
d0e2d025,2,engagement,300,5.0,d0e2d025__day1____2023.11.30T15.28.34p03.00,gpn_data__d0e2d025__day1____2023.11.30T15.28.34p03.00,2023-11-30T12:28:34.181644917+00:00,6234.90472817421,True,300.0,False,2023-11-30T12:43:34.181644917+00:00,True,False,af6d028ef92ce812de0ab2cea12eeff0868aeb2befd9294037a81872a72429ad,ee5c9575e7871148762ddb0c9de899e9e1861b7d142322e31db0c8df035cc581,30,30,0,1,26,3,27,True,True,True,False,False,False,0.9,60,60,0,1,42,17,43,True,True,True,False,False,False,0.7166666666666667,832,832,0,134,290,408,424,True,True,True,True,True,True,0.5096153846153846
d0e2d025,2,engagement,600,10.0,d0e2d025__day1____2023.11.30T15.28.34p03.00,gpn_data__d0e2d025__day1____2023.11.30T15.28.34p03.00,2023-11-30T12:28:34.181644917+00:00,6234.90472817421,True,600.0,True,2023-11-30T12:43:34.181644917+00:00,True,True,7880ab572f408cab6de22ed055c5fcc9697438d6de3df9711362baa95c924df6,ee5c9575e7871148762ddb0c9de899e9e1861b7d142322e31db0c8df035cc581,60,60,0,2,48,10,50,True,True,True,True,False,False,0.8333333333333334,30,30,0,0,20,10,20,True,False,False,False,False,False,0.6666666666666666,832,832,0,134,290,408,424,True,True,True,True,True,True,0.5096153846153846
d0e2d025,2,engagement,900,15.0,d0e2d025__day1____2023.11.30T15.28.34p03.00,gpn_data__d0e2d025__day1____2023.11.30T15.28.34p03.00,2023-11-30T12:28:34.181644917+00:00,6234.90472817421,True,900.0,True,2023-11-30T12:43:34.181644917+00:00,True,True,fbfd51f7c8077afca9d46782da242d91792ff3a69f8106baadaa59e2ff259286,ee5c9575e7871148762ddb0c9de899e9e1861b7d142322e31db0c8df035cc581,90,90,0,2,68,20,70,True,True,True,True,False,False,0.7777777777777778,0,0,0,0,0,0,0,False,False,False,False,False,False,,832,832,0,134,290,408,424,True,True,True,True,True,True,0.5096153846153846
d0e2d025,2,excitement,300,5.0,d0e2d025__day1____2023.11.30T15.28.34p03.00,gpn_data__d0e2d025__day1____2023.11.30T15.28.34p03.00,2023-11-30T12:28:34.181644917+00:00,6234.90472817421,True,300.0,False,2023-11-30T12:43:34.181644917+00:00,True,False,f6885e154f8b742cac2ae64beeb1bf18e671d05e525a2a3d40eb7e60f5953784,c8a0c70a788860499b9c3e3d27b5b62968f6afed11a14de3d8742b29d73e85cf,30,30,0,0,16,14,16,True,False,False,False,False,False,0.5333333333333333,60,60,0,13,23,24,36,True,True,True,True,True,True,0.6,832,832,0,155,425,252,580,True,True,True,True,True,True,0.6971153846153846
d0e2d025,2,excitement,600,10.0,d0e2d025__day1____2023.11.30T15.28.34p03.00,gpn_data__d0e2d025__day1____2023.11.30T15.28.34p03.00,2023-11-30T12:28:34.181644917+00:00,6234.90472817421,True,600.0,True,2023-11-30T12:43:34.181644917+00:00,True,True,81fb2bca8ac7628db1f0cc8fea8ce180f4d79812e5bf430a774ad5c019d4bd5a,c8a0c70a788860499b9c3e3d27b5b62968f6afed11a14de3d8742b29d73e85cf,60,60,0,4,30,26,34,True,True,True,True,True,False,0.5666666666666667,30,30,0,9,9,12,18,True,True,True,True,True,True,0.6,832,832,0,155,425,252,580,True,True,True,True,True,True,0.6971153846153846
d0e2d025,2,excitement,900,15.0,d0e2d025__day1____2023.11.30T15.28.34p03.00,gpn_data__d0e2d025__day1____2023.11.30T15.28.34p03.00,2023-11-30T12:28:34.181644917+00:00,6234.90472817421,True,900.0,True,2023-11-30T12:43:34.181644917+00:00,True,True,9c73d3c174887e93be5119a5edfe169123201a9d5e4fcc9f7643cbd55d11268c,c8a0c70a788860499b9c3e3d27b5b62968f6afed11a14de3d8742b29d73e85cf,90,90,0,13,39,38,52,True,True,True,True,True,True,0.5777777777777777,0,0,0,0,0,0,0,False,False,False,False,False,False,,832,832,0,155,425,252,580,True,True,True,True,True,True,0.6971153846153846
d0e2d025,2,stress,300,5.0,d0e2d025__day1____2023.11.30T15.28.34p03.00,gpn_data__d0e2d025__day1____2023.11.30T15.28.34p03.00,2023-11-30T12:28:34.181644917+00:00,6234.90472817421,True,300.0,True,2023-11-30T12:43:34.181644917+00:00,True,True,7c6bf683b7de1a8db494c8f3ec2a20d9e7c958891f36b984a54f54b15e53b956,0869a6efde37d51331ca8eb90a2df0243f502b48541df847220311ccfa0eef55,30,30,0,14,8,8,22,True,True,True,True,True,True,0.7333333333333333,60,60,0,18,8,34,26,True,True,True,True,True,True,0.43333333333333335,832,832,0,132,391,309,523,True,True,True,True,True,True,0.6286057692307693
d0e2d025,2,stress,600,10.0,d0e2d025__day1____2023.11.30T15.28.34p03.00,gpn_data__d0e2d025__day1____2023.11.30T15.28.34p03.00,2023-11-30T12:28:34.181644917+00:00,6234.90472817421,True,600.0,True,2023-11-30T12:43:34.181644917+00:00,True,True,dcd66e8728108d93b4642fb96deb718494e55f7faacd1d44266610d349559dc4,0869a6efde37d51331ca8eb90a2df0243f502b48541df847220311ccfa0eef55,60,60,0,29,11,20,40,True,True,True,True,True,True,0.6666666666666666,30,30,0,3,5,22,8,True,True,True,True,True,False,0.26666666666666666,832,832,0,132,391,309,523,True,True,True,True,True,True,0.6286057692307693
d0e2d025,2,stress,900,15.0,d0e2d025__day1____2023.11.30T15.28.34p03.00,gpn_data__d0e2d025__day1____2023.11.30T15.28.34p03.00,2023-11-30T12:28:34.181644917+00:00,6234.90472817421,True,900.0,True,2023-11-30T12:43:34.181644917+00:00,True,True,8f665fc51688109115ef3c69e4437869138e29f76c6fddcb0a8b4155ac37d80a,0869a6efde37d51331ca8eb90a2df0243f502b48541df847220311ccfa0eef55,90,90,0,32,16,42,48,True,True,True,True,True,True,0.5333333333333333,0,0,0,0,0,0,0,False,False,False,False,False,False,,832,832,0,132,391,309,523,True,True,True,True,True,True,0.6286057692307693
d0e2d025,2,relaxation,300,5.0,d0e2d025__day1____2023.11.30T15.28.34p03.00,gpn_data__d0e2d025__day1____2023.11.30T15.28.34p03.00,2023-11-30T12:28:34.181644917+00:00,6234.90472817421,True,300.0,True,2023-11-30T12:43:34.181644917+00:00,True,True,a8ca0910f400fe2254533c600350ddfd10291a5ef2642d38db6af4724c146848,b33667e917c359bb7ff6f709e096dd9e6c09f34c74ad9f87866d5afe5d67d609,30,30,0,5,10,15,15,True,True,True,True,True,True,0.5,60,60,0,19,10,31,29,True,True,True,True,True,True,0.48333333333333334,832,832,0,198,310,324,508,True,True,True,True,True,True,0.6105769230769231
d0e2d025,2,relaxation,600,10.0,d0e2d025__day1____2023.11.30T15.28.34p03.00,gpn_data__d0e2d025__day1____2023.11.30T15.28.34p03.00,2023-11-30T12:28:34.181644917+00:00,6234.90472817421,True,600.0,True,2023-11-30T12:43:34.181644917+00:00,True,True,d0a2399b932a59bf4a703a00c7e71cc0da465baa74471cc51a7d4df393185ec6,b33667e917c359bb7ff6f709e096dd9e6c09f34c74ad9f87866d5afe5d67d609,60,60,0,23,13,24,36,True,True,True,True,True,True,0.6,30,30,0,1,7,22,8,True,True,True,False,False,False,0.26666666666666666,832,832,0,198,310,324,508,True,True,True,True,True,True,0.6105769230769231
d0e2d025,2,relaxation,900,15.0,d0e2d025__day1____2023.11.30T15.28.34p03.00,gpn_data__d0e2d025__day1____2023.11.30T15.28.34p03.00,2023-11-30T12:28:34.181644917+00:00,6234.90472817421,True,900.0,True,2023-11-30T12:43:34.181644917+00:00,True,True,ab273c336c5809143b9d6d8cd978d2e8c7c2ed7babc0e4a3c2369cb8b51bb317,b33667e917c359bb7ff6f709e096dd9e6c09f34c74ad9f87866d5afe5d67d609,90,90,0,24,20,46,44,True,True,True,True,True,True,0.4888888888888889,0,0,0,0,0,0,0,False,False,False,False,False,False,,832,832,0,198,310,324,508,True,True,True,True,True,True,0.6105769230769231
d0e2d025,2,interest,300,5.0,d0e2d025__day1____2023.11.30T15.28.34p03.00,gpn_data__d0e2d025__day1____2023.11.30T15.28.34p03.00,2023-11-30T12:28:34.181644917+00:00,6234.90472817421,True,300.0,True,2023-11-30T12:43:34.181644917+00:00,True,True,7951fefc6c3e37bd9724d634de314590c4893a70b67cf3bc8e23aa29550c8cbd,7a88b5d5eb661bc629ad740aad61b9ae90019ef937dab8e103756a2aea6da28a,30,30,0,9,15,6,24,True,True,True,True,True,True,0.8,60,60,0,31,4,25,35,True,True,True,True,True,False,0.5833333333333334,832,832,0,300,282,250,582,True,True,True,True,True,True,0.6995192307692307
d0e2d025,2,interest,600,10.0,d0e2d025__day1____2023.11.30T15.28.34p03.00,gpn_data__d0e2d025__day1____2023.11.30T15.28.34p03.00,2023-11-30T12:28:34.181644917+00:00,6234.90472817421,True,600.0,True,2023-11-30T12:43:34.181644917+00:00,True,True,0d169775c8f68fbbd5171d5585d181d77b4b666e3fa19d1205a546f776a1bf0f,7a88b5d5eb661bc629ad740aad61b9ae90019ef937dab8e103756a2aea6da28a,60,60,0,30,18,12,48,True,True,True,True,True,True,0.8,30,30,0,10,1,19,11,True,True,True,False,False,False,0.36666666666666664,832,832,0,300,282,250,582,True,True,True,True,True,True,0.6995192307692307
d0e2d025,2,interest,900,15.0,d0e2d025__day1____2023.11.30T15.28.34p03.00,gpn_data__d0e2d025__day1____2023.11.30T15.28.34p03.00,2023-11-30T12:28:34.181644917+00:00,6234.90472817421,True,900.0,True,2023-11-30T12:43:34.181644917+00:00,True,True,a618748a89fa213489bce742d8c8bae4d817504ed49a94b564f3a2297134ba26,7a88b5d5eb661bc629ad740aad61b9ae90019ef937dab8e103756a2aea6da28a,90,90,0,40,19,31,59,True,True,True,True,True,True,0.6555555555555556,0,0,0,0,0,0,0,False,False,False,False,False,False,,832,832,0,300,282,250,582,True,True,True,True,True,True,0.6995192307692307
d0e2d025,2,focus,300,5.0,d0e2d025__day1____2023.11.30T15.28.34p03.00,gpn_data__d0e2d025__day1____2023.11.30T15.28.34p03.00,2023-11-30T12:28:34.181644917+00:00,6234.90472817421,True,300.0,False,2023-11-30T12:43:34.181644917+00:00,True,False,5da1213c1e892f2d707704c85a2d08f5759edd49caad649979a3087a1452ca70,2fe413d4f25e9db08ee9942211270ba61a9cca5d6ab72f379fb1983e46f8b0c2,30,30,0,1,13,16,14,True,True,True,False,False,False,0.4666666666666667,60,60,0,16,20,24,36,True,True,True,True,True,True,0.6,832,832,0,145,421,266,566,True,True,True,True,True,True,0.6802884615384616
d0e2d025,2,focus,600,10.0,d0e2d025__day1____2023.11.30T15.28.34p03.00,gpn_data__d0e2d025__day1____2023.11.30T15.28.34p03.00,2023-11-30T12:28:34.181644917+00:00,6234.90472817421,True,600.0,True,2023-11-30T12:43:34.181644917+00:00,True,True,e45d659aa5ff09b67215257f738781073d9dcdde5c4c6ffe4f6ff1554aef9591,2fe413d4f25e9db08ee9942211270ba61a9cca5d6ab72f379fb1983e46f8b0c2,60,60,0,4,31,25,35,True,True,True,True,True,False,0.5833333333333334,30,30,0,13,2,15,15,True,True,True,True,False,False,0.5,832,832,0,145,421,266,566,True,True,True,True,True,True,0.6802884615384616
d0e2d025,2,focus,900,15.0,d0e2d025__day1____2023.11.30T15.28.34p03.00,gpn_data__d0e2d025__day1____2023.11.30T15.28.34p03.00,2023-11-30T12:28:34.181644917+00:00,6234.90472817421,True,900.0,True,2023-11-30T12:43:34.181644917+00:00,True,True,a2f305326ac14b71be7cff1b3187b5181fa05c12a5e0406869a0798dca7f3c3d,2fe413d4f25e9db08ee9942211270ba61a9cca5d6ab72f379fb1983e46f8b0c2,90,90,0,17,33,40,50,True,True,True,True,True,True,0.5555555555555556,0,0,0,0,0,0,0,False,False,False,False,False,False,,832,832,0,145,421,266,566,True,True,True,True,True,True,0.6802884615384616
d111e017,1,attention,300,5.0,d111e017__day1____2023.12.05T11.06.22p03.00,gpn_data__d111e017__day1____2023.12.05T11.06.22p03.00,2023-12-05T08:06:22.815748930+00:00,5817.334099054337,True,300.0,False,2023-12-05T08:21:22.815748930+00:00,True,False,89653b8ee4b38c9704c8582391a3af6125dfbb8af004da94dfe873cb4ab1eaee,a42d92b615493df3002ed5425710e7a117c96f7ab10ff08c1679dcc81bc1caa1,30,30,0,3,1,26,4,True,True,True,False,False,False,0.13333333333333333,60,60,0,4,15,41,19,True,True,True,True,True,False,0.31666666666666665,1224,1202,22,406,437,359,843,True,True,True,True,True,True,0.7013311148086523
d111e017,1,attention,600,10.0,d111e017__day1____2023.12.05T11.06.22p03.00,gpn_data__d111e017__day1____2023.12.05T11.06.22p03.00,2023-12-05T08:06:22.815748930+00:00,5817.334099054337,True,600.0,True,2023-12-05T08:21:22.815748930+00:00,True,True,cf241ead974cf6a1ff66640217e0147a7fd85f77835dd2c3502bedf381f3ba27,a42d92b615493df3002ed5425710e7a117c96f7ab10ff08c1679dcc81bc1caa1,60,60,0,6,13,41,19,True,True,True,True,True,True,0.31666666666666665,30,30,0,1,3,26,4,True,True,True,False,False,False,0.13333333333333333,1224,1202,22,406,437,359,843,True,True,True,True,True,True,0.7013311148086523
d111e017,1,attention,900,15.0,d111e017__day1____2023.12.05T11.06.22p03.00,gpn_data__d111e017__day1____2023.12.05T11.06.22p03.00,2023-12-05T08:06:22.815748930+00:00,5817.334099054337,True,900.0,True,2023-12-05T08:21:22.815748930+00:00,True,True,4e7f97773fa31f05059f367ab0280f03ffd3e0f6a1bb82fe4576d165478abf22,a42d92b615493df3002ed5425710e7a117c96f7ab10ff08c1679dcc81bc1caa1,90,90,0,7,16,67,23,True,True,True,True,True,True,0.25555555555555554,0,0,0,0,0,0,0,False,False,False,False,False,False,,1224,1202,22,406,437,359,843,True,True,True,True,True,True,0.7013311148086523
d111e017,1,engagement,300,5.0,d111e017__day1____2023.12.05T11.06.22p03.00,gpn_data__d111e017__day1____2023.12.05T11.06.22p03.00,2023-12-05T08:06:22.815748930+00:00,5817.334099054337,True,300.0,True,2023-12-05T08:21:22.815748930+00:00,True,True,c834bdcc688d46940324118f545c8e4656018188dc10f84e20ffdc48868ddb8d,a1af5693074d2b0f9b58c562f9d10e0afefc9f0603d862a9ebb3791f5ed99bec,30,30,0,4,23,3,27,True,True,True,True,True,False,0.9,60,60,0,0,57,3,57,True,False,False,False,False,False,0.95,1224,1224,0,407,338,479,745,True,True,True,True,True,True,0.6086601307189542
d111e017,1,engagement,600,10.0,d111e017__day1____2023.12.05T11.06.22p03.00,gpn_data__d111e017__day1____2023.12.05T11.06.22p03.00,2023-12-05T08:06:22.815748930+00:00,5817.334099054337,True,600.0,True,2023-12-05T08:21:22.815748930+00:00,True,True,773503ddb64a2b5e6d51b14e6b6bbf732ed995ed9bf94fc51c102bca9c74acc5,a1af5693074d2b0f9b58c562f9d10e0afefc9f0603d862a9ebb3791f5ed99bec,60,60,0,4,50,6,54,True,True,True,True,True,False,0.9,30,30,0,0,30,0,30,True,False,False,False,False,False,1.0,1224,1224,0,407,338,479,745,True,True,True,True,True,True,0.6086601307189542
d111e017,1,engagement,900,15.0,d111e017__day1____2023.12.05T11.06.22p03.00,gpn_data__d111e017__day1____2023.12.05T11.06.22p03.00,2023-12-05T08:06:22.815748930+00:00,5817.334099054337,True,900.0,True,2023-12-05T08:21:22.815748930+00:00,True,True,77868448961c2faaaa0da16fd9b44911be2713d3f12db815f4828339c78a9f05,a1af5693074d2b0f9b58c562f9d10e0afefc9f0603d862a9ebb3791f5ed99bec,90,90,0,4,80,6,84,True,True,True,True,True,False,0.9333333333333333,0,0,0,0,0,0,0,False,False,False,False,False,False,,1224,1224,0,407,338,479,745,True,True,True,True,True,True,0.6086601307189542
d111e017,1,excitement,300,5.0,d111e017__day1____2023.12.05T11.06.22p03.00,gpn_data__d111e017__day1____2023.12.05T11.06.22p03.00,2023-12-05T08:06:22.815748930+00:00,5817.334099054337,True,300.0,True,2023-12-05T08:21:22.815748930+00:00,True,True,2376aff3066ff0c9eb20201b885adc99b1419433495d8f8da54926f48244ed01,3a81ca27bb45525f9ff7802970c2c54db7a471d5a51bdb273584c7deb646e3e1,30,30,0,8,15,7,23,True,True,True,True,True,True,0.7666666666666667,60,60,0,18,10,32,28,True,True,True,True,True,True,0.4666666666666667,1224,1224,0,385,460,379,845,True,True,True,True,True,True,0.690359477124183
d111e017,1,excitement,600,10.0,d111e017__day1____2023.12.05T11.06.22p03.00,gpn_data__d111e017__day1____2023.12.05T11.06.22p03.00,2023-12-05T08:06:22.815748930+00:00,5817.334099054337,True,600.0,True,2023-12-05T08:21:22.815748930+00:00,True,True,76ea1fd5f3938fe52595828661962434ad430b5581359e132c7872bf9901be59,3a81ca27bb45525f9ff7802970c2c54db7a471d5a51bdb273584c7deb646e3e1,60,60,0,17,24,19,41,True,True,True,True,True,True,0.6833333333333333,30,30,0,9,1,20,10,True,True,True,False,False,False,0.3333333333333333,1224,1224,0,385,460,379,845,True,True,True,True,True,True,0.690359477124183
d111e017,1,excitement,900,15.0,d111e017__day1____2023.12.05T11.06.22p03.00,gpn_data__d111e017__day1____2023.12.05T11.06.22p03.00,2023-12-05T08:06:22.815748930+00:00,5817.334099054337,True,900.0,True,2023-12-05T08:21:22.815748930+00:00,True,True,1b9d9ce87a573e1368d77687d6535676919bc71791de8b03f59fec8fba416ea2,3a81ca27bb45525f9ff7802970c2c54db7a471d5a51bdb273584c7deb646e3e1,90,90,0,26,25,39,51,True,True,True,True,True,True,0.5666666666666667,0,0,0,0,0,0,0,False,False,False,False,False,False,,1224,1224,0,385,460,379,845,True,True,True,True,True,True,0.690359477124183
d111e017,1,stress,300,5.0,d111e017__day1____2023.12.05T11.06.22p03.00,gpn_data__d111e017__day1____2023.12.05T11.06.22p03.00,2023-12-05T08:06:22.815748930+00:00,5817.334099054337,True,300.0,True,2023-12-05T08:21:22.815748930+00:00,True,True,e646a3d4ccccc330f0992b166b38a13262051d4de50af960d73faa9e6e6a0c5e,d451c1675e5e0799092816907470b0c67802f7b06f3365fdf4b45ce932c9812a,30,30,0,24,2,4,26,True,True,True,True,False,False,0.8666666666666667,60,60,0,44,3,13,47,True,True,True,True,True,False,0.7833333333333333,1224,1224,0,497,478,249,975,True,True,True,True,True,True,0.7965686274509803
d111e017,1,stress,600,10.0,d111e017__day1____2023.12.05T11.06.22p03.00,gpn_data__d111e017__day1____2023.12.05T11.06.22p03.00,2023-12-05T08:06:22.815748930+00:00,5817.334099054337,True,600.0,True,2023-12-05T08:21:22.815748930+00:00,True,True,f801657e0a533d7a3de68b2c6427822c83a3a6506135e8e895ad3f6a5a03c7e4,d451c1675e5e0799092816907470b0c67802f7b06f3365fdf4b45ce932c9812a,60,60,0,46,5,9,51,True,True,True,True,True,True,0.85,30,30,0,22,0,8,22,True,False,False,False,False,False,0.7333333333333333,1224,1224,0,497,478,249,975,True,True,True,True,True,True,0.7965686274509803
d111e017,1,stress,900,15.0,d111e017__day1____2023.12.05T11.06.22p03.00,gpn_data__d111e017__day1____2023.12.05T11.06.22p03.00,2023-12-05T08:06:22.815748930+00:00,5817.334099054337,True,900.0,True,2023-12-05T08:21:22.815748930+00:00,True,True,5ae7ab05eb3964204d2ed7d0109cd47490491690fb831de31f96753eb17c84f0,d451c1675e5e0799092816907470b0c67802f7b06f3365fdf4b45ce932c9812a,90,90,0,68,5,17,73,True,True,True,True,True,True,0.8111111111111111,0,0,0,0,0,0,0,False,False,False,False,False,False,,1224,1224,0,497,478,249,975,True,True,True,True,True,True,0.7965686274509803
d111e017,1,relaxation,300,5.0,d111e017__day1____2023.12.05T11.06.22p03.00,gpn_data__d111e017__day1____2023.12.05T11.06.22p03.00,2023-12-05T08:06:22.815748930+00:00,5817.334099054337,True,300.0,True,2023-12-05T08:21:22.815748930+00:00,True,True,7201655b02ee11861b091a29833e0bdd331c6e1eaf0e7907d93c494d59b7e730,53501d0f27cfaf6c53ce3be456317ea89bf85661ef366a8ccaf4fdf76e4f539c,30,30,0,19,3,8,22,True,True,True,True,True,False,0.7333333333333333,60,60,0,49,0,11,49,True,False,False,False,False,False,0.8166666666666667,1224,1224,0,375,512,337,887,True,True,True,True,True,True,0.7246732026143791
d111e017,1,relaxation,600,10.0,d111e017__day1____2023.12.05T11.06.22p03.00,gpn_data__d111e017__day1____2023.12.05T11.06.22p03.00,2023-12-05T08:06:22.815748930+00:00,5817.334099054337,True,600.0,True,2023-12-05T08:21:22.815748930+00:00,True,True,c500b0adc95f7e4f29c9d56b8d5b6a1103434015a7ab9cf1f8e4f578a974d3c6,53501d0f27cfaf6c53ce3be456317ea89bf85661ef366a8ccaf4fdf76e4f539c,60,60,0,43,3,14,46,True,True,True,True,True,False,0.7666666666666667,30,30,0,25,0,5,25,True,False,False,False,False,False,0.8333333333333334,1224,1224,0,375,512,337,887,True,True,True,True,True,True,0.7246732026143791
d111e017,1,relaxation,900,15.0,d111e017__day1____2023.12.05T11.06.22p03.00,gpn_data__d111e017__day1____2023.12.05T11.06.22p03.00,2023-12-05T08:06:22.815748930+00:00,5817.334099054337,True,900.0,True,2023-12-05T08:21:22.815748930+00:00,True,True,2e6e0509ab18bc230b97bc0c8e366892b4e9fa70562055f0ebd0ba0e23790c96,53501d0f27cfaf6c53ce3be456317ea89bf85661ef366a8ccaf4fdf76e4f539c,90,90,0,68,3,19,71,True,True,True,True,True,False,0.7888888888888889,0,0,0,0,0,0,0,False,False,False,False,False,False,,1224,1224,0,375,512,337,887,True,True,True,True,True,True,0.7246732026143791
d111e017,1,interest,300,5.0,d111e017__day1____2023.12.05T11.06.22p03.00,gpn_data__d111e017__day1____2023.12.05T11.06.22p03.00,2023-12-05T08:06:22.815748930+00:00,5817.334099054337,True,300.0,True,2023-12-05T08:21:22.815748930+00:00,True,True,b68edefabb4af15db0347f7e0d9e1b23c8418fd73cca38b23dd240fba15c10c0,4cf6d9944a10bfbfb95f20ef5dfd6c962b0af5f346b9f507b7f19f378f8987f6,30,30,0,24,5,1,29,True,True,True,True,True,True,0.9666666666666667,60,60,0,25,2,33,27,True,True,True,True,False,False,0.45,1224,1224,0,467,374,383,841,True,True,True,True,True,True,0.6870915032679739
d111e017,1,interest,600,10.0,d111e017__day1____2023.12.05T11.06.22p03.00,gpn_data__d111e017__day1____2023.12.05T11.06.22p03.00,2023-12-05T08:06:22.815748930+00:00,5817.334099054337,True,600.0,True,2023-12-05T08:21:22.815748930+00:00,True,True,1edf1be860593a2664df10b113b766a6bc7177affcaf6b680646cbbd47665055,4cf6d9944a10bfbfb95f20ef5dfd6c962b0af5f346b9f507b7f19f378f8987f6,60,60,0,39,7,14,46,True,True,True,True,True,True,0.7666666666666667,30,30,0,10,0,20,10,True,False,False,False,False,False,0.3333333333333333,1224,1224,0,467,374,383,841,True,True,True,True,True,True,0.6870915032679739
d111e017,1,interest,900,15.0,d111e017__day1____2023.12.05T11.06.22p03.00,gpn_data__d111e017__day1____2023.12.05T11.06.22p03.00,2023-12-05T08:06:22.815748930+00:00,5817.334099054337,True,900.0,True,2023-12-05T08:21:22.815748930+00:00,True,True,aad860c1cc0c04c90edabb13656536550a2de374a54eca6f8c600474a3bcb23c,4cf6d9944a10bfbfb95f20ef5dfd6c962b0af5f346b9f507b7f19f378f8987f6,90,90,0,49,7,34,56,True,True,True,True,True,True,0.6222222222222222,0,0,0,0,0,0,0,False,False,False,False,False,False,,1224,1224,0,467,374,383,841,True,True,True,True,True,True,0.6870915032679739
d111e017,1,focus,300,5.0,d111e017__day1____2023.12.05T11.06.22p03.00,gpn_data__d111e017__day1____2023.12.05T11.06.22p03.00,2023-12-05T08:06:22.815748930+00:00,5817.334099054337,True,300.0,True,2023-12-05T08:21:22.815748930+00:00,True,True,b4f8a0ef957db614c4e81db7fe8bb34d4ecdf453fffb975c26671a4ece75ffef,342fcdcd6507fc918370bcce772095a980be09e1017de6950fc6134fcc0343de,30,30,0,6,15,9,21,True,True,True,True,True,True,0.7,60,60,0,6,8,46,14,True,True,True,True,True,True,0.23333333333333334,1224,1224,0,406,398,420,804,True,True,True,True,True,True,0.6568627450980392
d111e017,1,focus,600,10.0,d111e017__day1____2023.12.05T11.06.22p03.00,gpn_data__d111e017__day1____2023.12.05T11.06.22p03.00,2023-12-05T08:06:22.815748930+00:00,5817.334099054337,True,600.0,True,2023-12-05T08:21:22.815748930+00:00,True,True,bd71e22f2bd17b4fbe3b3239f829e1da1292e8345bb39b518f0bc9bf24fd5ca8,342fcdcd6507fc918370bcce772095a980be09e1017de6950fc6134fcc0343de,60,60,0,9,23,28,32,True,True,True,True,True,True,0.5333333333333333,30,30,0,3,0,27,3,True,False,False,False,False,False,0.1,1224,1224,0,406,398,420,804,True,True,True,True,True,True,0.6568627450980392
d111e017,1,focus,900,15.0,d111e017__day1____2023.12.05T11.06.22p03.00,gpn_data__d111e017__day1____2023.12.05T11.06.22p03.00,2023-12-05T08:06:22.815748930+00:00,5817.334099054337,True,900.0,True,2023-12-05T08:21:22.815748930+00:00,True,True,5171f8bbeec402e93451a18f0d98be84236dd7b77aa737165dd9938fcccc5e6a,342fcdcd6507fc918370bcce772095a980be09e1017de6950fc6134fcc0343de,90,90,0,12,23,55,35,True,True,True,True,True,True,0.3888888888888889,0,0,0,0,0,0,0,False,False,False,False,False,False,,1224,1224,0,406,398,420,804,True,True,True,True,True,True,0.6568627450980392
d142d110,3,attention,300,5.0,d142d110__day2____2023.12.14T15.13.11p03.00,gpn_data__d142d110__day2____2023.12.14T15.13.11p03.00,2023-12-14T12:13:11.568728924+00:00,1638.2736611366272,True,300.0,True,2023-12-14T12:28:11.568728924+00:00,True,True,5fe82a090d424e7e79d815b07795acab899df56728a792fc957042c9eac1109c,f86f9b70628a5ad4d4d60a9cec51f0ed91f0a34a41dbb5f0d52a49dbb0fb7a62,30,30,0,7,6,17,13,True,True,True,True,True,True,0.43333333333333335,60,60,0,35,4,21,39,True,True,True,True,True,False,0.65,71,71,0,4,35,32,39,True,True,True,True,True,False,0.5492957746478874
d142d110,3,attention,600,10.0,d142d110__day2____2023.12.14T15.13.11p03.00,gpn_data__d142d110__day2____2023.12.14T15.13.11p03.00,2023-12-14T12:13:11.568728924+00:00,1638.2736611366272,True,600.0,True,2023-12-14T12:28:11.568728924+00:00,True,True,95c9f0c5fa1011b1fc4d3b27ea7969f5a1c4021c9840656fd6425a83e27c3418,f86f9b70628a5ad4d4d60a9cec51f0ed91f0a34a41dbb5f0d52a49dbb0fb7a62,60,60,0,25,7,28,32,True,True,True,True,True,True,0.5333333333333333,30,30,0,17,3,10,20,True,True,True,True,True,False,0.6666666666666666,71,71,0,4,35,32,39,True,True,True,True,True,False,0.5492957746478874
d142d110,3,attention,900,15.0,d142d110__day2____2023.12.14T15.13.11p03.00,gpn_data__d142d110__day2____2023.12.14T15.13.11p03.00,2023-12-14T12:13:11.568728924+00:00,1638.2736611366272,True,900.0,True,2023-12-14T12:28:11.568728924+00:00,True,True,bde5602d47787edf80238a5742593877068ba7bc3ab3fd89162db763e1fd2f39,f86f9b70628a5ad4d4d60a9cec51f0ed91f0a34a41dbb5f0d52a49dbb0fb7a62,90,90,0,42,10,38,52,True,True,True,True,True,True,0.5777777777777777,0,0,0,0,0,0,0,False,False,False,False,False,False,,71,71,0,4,35,32,39,True,True,True,True,True,False,0.5492957746478874
d142d110,3,engagement,300,5.0,d142d110__day2____2023.12.14T15.13.11p03.00,gpn_data__d142d110__day2____2023.12.14T15.13.11p03.00,2023-12-14T12:13:11.568728924+00:00,1638.2736611366272,True,300.0,False,2023-12-14T12:28:11.568728924+00:00,True,False,6eb6eeef26b2d954616a38591d4159ce984a69448fb4dea9ed6038ba57081fc3,36cfb4ba976275f92487662f83488e6f9982fd6c9d531f19de921e790fc8b2e2,30,30,0,0,30,0,30,True,False,False,False,False,False,1.0,60,60,0,2,27,31,29,True,True,True,True,False,False,0.48333333333333334,71,71,0,9,35,27,44,True,True,True,True,True,True,0.6197183098591549
d142d110,3,engagement,600,10.0,d142d110__day2____2023.12.14T15.13.11p03.00,gpn_data__d142d110__day2____2023.12.14T15.13.11p03.00,2023-12-14T12:13:11.568728924+00:00,1638.2736611366272,True,600.0,True,2023-12-14T12:28:11.568728924+00:00,True,True,5b7e760f59842fe4f94a82d97ec3b54a245dc77067341f288b2da12710c5c280,36cfb4ba976275f92487662f83488e6f9982fd6c9d531f19de921e790fc8b2e2,60,60,0,2,35,23,37,True,True,True,True,False,False,0.6166666666666667,30,30,0,0,22,8,22,True,False,False,False,False,False,0.7333333333333333,71,71,0,9,35,27,44,True,True,True,True,True,True,0.6197183098591549
d142d110,3,engagement,900,15.0,d142d110__day2____2023.12.14T15.13.11p03.00,gpn_data__d142d110__day2____2023.12.14T15.13.11p03.00,2023-12-14T12:13:11.568728924+00:00,1638.2736611366272,True,900.0,True,2023-12-14T12:28:11.568728924+00:00,True,True,42d3969b6247e0191f6b3e7121b6c8fe5f4930e92659ed1ea1d7dc45436910d9,36cfb4ba976275f92487662f83488e6f9982fd6c9d531f19de921e790fc8b2e2,90,90,0,2,57,31,59,True,True,True,True,False,False,0.6555555555555556,0,0,0,0,0,0,0,False,False,False,False,False,False,,71,71,0,9,35,27,44,True,True,True,True,True,True,0.6197183098591549
d142d110,3,excitement,300,5.0,d142d110__day2____2023.12.14T15.13.11p03.00,gpn_data__d142d110__day2____2023.12.14T15.13.11p03.00,2023-12-14T12:13:11.568728924+00:00,1638.2736611366272,True,300.0,False,2023-12-14T12:28:11.568728924+00:00,True,False,ca406b0310a3f6564ada6cafb1931e199059695db7490b73c95e49ce20a75cee,5ac7dd40502d998502dc1da099b857cbfcc5b2b2d7571b5ab1e5e67c2f599018,30,30,0,1,14,15,15,True,True,True,False,False,False,0.5,60,60,0,13,18,29,31,True,True,True,True,True,True,0.5166666666666667,71,71,0,20,24,27,44,True,True,True,True,True,True,0.6197183098591549
d142d110,3,excitement,600,10.0,d142d110__day2____2023.12.14T15.13.11p03.00,gpn_data__d142d110__day2____2023.12.14T15.13.11p03.00,2023-12-14T12:13:11.568728924+00:00,1638.2736611366272,True,600.0,True,2023-12-14T12:28:11.568728924+00:00,True,True,945a5201313bac11bc3e16beb6bbd4f4b2f28fedc1f526efbdfe845d476695cd,5ac7dd40502d998502dc1da099b857cbfcc5b2b2d7571b5ab1e5e67c2f599018,60,60,0,12,19,29,31,True,True,True,True,True,True,0.5166666666666667,30,30,0,2,13,15,15,True,True,True,True,False,False,0.5,71,71,0,20,24,27,44,True,True,True,True,True,True,0.6197183098591549
d142d110,3,excitement,900,15.0,d142d110__day2____2023.12.14T15.13.11p03.00,gpn_data__d142d110__day2____2023.12.14T15.13.11p03.00,2023-12-14T12:13:11.568728924+00:00,1638.2736611366272,True,900.0,True,2023-12-14T12:28:11.568728924+00:00,True,True,6ec82d423565caa10e76de91f43f23b122c1f88b1670cbbd1721004280bc0d2b,5ac7dd40502d998502dc1da099b857cbfcc5b2b2d7571b5ab1e5e67c2f599018,90,90,0,14,32,44,46,True,True,True,True,True,True,0.5111111111111111,0,0,0,0,0,0,0,False,False,False,False,False,False,,71,71,0,20,24,27,44,True,True,True,True,True,True,0.6197183098591549
d142d110,3,stress,300,5.0,d142d110__day2____2023.12.14T15.13.11p03.00,gpn_data__d142d110__day2____2023.12.14T15.13.11p03.00,2023-12-14T12:13:11.568728924+00:00,1638.2736611366272,True,300.0,True,2023-12-14T12:28:11.568728924+00:00,True,True,a211f18ceceba6c3e4ad330d2c9542a9b4a350367d4657fbdabe8f79ef3290a6,16226b9ed0466aec229b3cb313e8008870dffaf3616a181422d2ebd1d2da4d76,30,30,0,19,7,4,26,True,True,True,True,True,True,0.8666666666666667,60,60,0,57,2,1,59,True,True,True,True,False,False,0.9833333333333333,71,71,0,42,20,9,62,True,True,True,True,True,True,0.8732394366197183
d142d110,3,stress,600,10.0,d142d110__day2____2023.12.14T15.13.11p03.00,gpn_data__d142d110__day2____2023.12.14T15.13.11p03.00,2023-12-14T12:13:11.568728924+00:00,1638.2736611366272,True,600.0,True,2023-12-14T12:28:11.568728924+00:00,True,True,84df1b05531793bf48a342efc4ab8de3a648abcad2ce69490dc8926078944257,16226b9ed0466aec229b3cb313e8008870dffaf3616a181422d2ebd1d2da4d76,60,60,0,47,9,4,56,True,True,True,True,True,True,0.9333333333333333,30,30,0,29,0,1,29,True,False,False,False,False,False,0.9666666666666667,71,71,0,42,20,9,62,True,True,True,True,True,True,0.8732394366197183
d142d110,3,stress,900,15.0,d142d110__day2____2023.12.14T15.13.11p03.00,gpn_data__d142d110__day2____2023.12.14T15.13.11p03.00,2023-12-14T12:13:11.568728924+00:00,1638.2736611366272,True,900.0,True,2023-12-14T12:28:11.568728924+00:00,True,True,1cc411929d892a46b7deec7f6b417933ddc4957d8b456199bf439fd1bd9d9813,16226b9ed0466aec229b3cb313e8008870dffaf3616a181422d2ebd1d2da4d76,90,90,0,76,9,5,85,True,True,True,True,True,True,0.9444444444444444,0,0,0,0,0,0,0,False,False,False,False,False,False,,71,71,0,42,20,9,62,True,True,True,True,True,True,0.8732394366197183
d142d110,3,relaxation,300,5.0,d142d110__day2____2023.12.14T15.13.11p03.00,gpn_data__d142d110__day2____2023.12.14T15.13.11p03.00,2023-12-14T12:13:11.568728924+00:00,1638.2736611366272,True,300.0,True,2023-12-14T12:28:11.568728924+00:00,True,True,803e95da3f1003179aa4484ebe419ea81d72f152bf6b6b0998f5018f06be5bf5,1b9ee1acc183eed6213dc79588b178fa5ad95bdd04f2cf8874581cdb638f2531,30,30,0,2,7,21,9,True,True,True,True,False,False,0.3,60,60,0,8,11,41,19,True,True,True,True,True,True,0.31666666666666665,71,71,0,20,33,18,53,True,True,True,True,True,True,0.7464788732394366
d142d110,3,relaxation,600,10.0,d142d110__day2____2023.12.14T15.13.11p03.00,gpn_data__d142d110__day2____2023.12.14T15.13.11p03.00,2023-12-14T12:13:11.568728924+00:00,1638.2736611366272,True,600.0,True,2023-12-14T12:28:11.568728924+00:00,True,True,4d70b98a0e6ace57a7273a92a8e30eb6e1be73934f3199e8265ab082fcd2d695,1b9ee1acc183eed6213dc79588b178fa5ad95bdd04f2cf8874581cdb638f2531,60,60,0,4,9,47,13,True,True,True,True,True,False,0.21666666666666667,30,30,0,6,9,15,15,True,True,True,True,True,True,0.5,71,71,0,20,33,18,53,True,True,True,True,True,True,0.7464788732394366
d142d110,3,relaxation,900,15.0,d142d110__day2____2023.12.14T15.13.11p03.00,gpn_data__d142d110__day2____2023.12.14T15.13.11p03.00,2023-12-14T12:13:11.568728924+00:00,1638.2736611366272,True,900.0,True,2023-12-14T12:28:11.568728924+00:00,True,True,b0cedaeee91f4ea70aa8f9c01832f45f7e16188ec36f6cd17cb9c453ced37850,1b9ee1acc183eed6213dc79588b178fa5ad95bdd04f2cf8874581cdb638f2531,90,90,0,10,18,62,28,True,True,True,True,True,True,0.3111111111111111,0,0,0,0,0,0,0,False,False,False,False,False,False,,71,71,0,20,33,18,53,True,True,True,True,True,True,0.7464788732394366
d142d110,3,interest,300,5.0,d142d110__day2____2023.12.14T15.13.11p03.00,gpn_data__d142d110__day2____2023.12.14T15.13.11p03.00,2023-12-14T12:13:11.568728924+00:00,1638.2736611366272,True,300.0,True,2023-12-14T12:28:11.568728924+00:00,True,True,4482b525e08a949e02e680f7498e8e1fd648e1431aa4d3f75b8bd13970c90b07,96c661400ee0567afa8279e3ba179591a4e8297f8ff6b79835cc4608caef0866,30,30,0,8,12,10,20,True,True,True,True,True,True,0.6666666666666666,60,60,0,31,21,8,52,True,True,True,True,True,True,0.8666666666666667,71,71,0,8,61,2,69,True,True,True,True,True,True,0.971830985915493
d142d110,3,interest,600,10.0,d142d110__day2____2023.12.14T15.13.11p03.00,gpn_data__d142d110__day2____2023.12.14T15.13.11p03.00,2023-12-14T12:13:11.568728924+00:00,1638.2736611366272,True,600.0,True,2023-12-14T12:28:11.568728924+00:00,True,True,59333adc7ad895291e7b466db5b9630b2ced2335fdec13c0647677d1c9f720ca,96c661400ee0567afa8279e3ba179591a4e8297f8ff6b79835cc4608caef0866,60,60,0,33,14,13,47,True,True,True,True,True,True,0.7833333333333333,30,30,0,6,19,5,25,True,True,True,True,True,True,0.8333333333333334,71,71,0,8,61,2,69,True,True,True,True,True,True,0.971830985915493
d142d110,3,interest,900,15.0,d142d110__day2____2023.12.14T15.13.11p03.00,gpn_data__d142d110__day2____2023.12.14T15.13.11p03.00,2023-12-14T12:13:11.568728924+00:00,1638.2736611366272,True,900.0,True,2023-12-14T12:28:11.568728924+00:00,True,True,9aa8ffe323b192d804d094789e29ce6de88234d052684c7376de39536b3c1873,96c661400ee0567afa8279e3ba179591a4e8297f8ff6b79835cc4608caef0866,90,90,0,39,33,18,72,True,True,True,True,True,True,0.8,0,0,0,0,0,0,0,False,False,False,False,False,False,,71,71,0,8,61,2,69,True,True,True,True,True,True,0.971830985915493
d142d110,3,focus,300,5.0,d142d110__day2____2023.12.14T15.13.11p03.00,gpn_data__d142d110__day2____2023.12.14T15.13.11p03.00,2023-12-14T12:13:11.568728924+00:00,1638.2736611366272,True,300.0,True,2023-12-14T12:28:11.568728924+00:00,True,True,abebea0e02c636fc294f21dbf7da85399b4cff23c2018386dc7616ee40481053,b2ce8ece4de3a3c87714d832a84a1d5184d73a72d043c8f531bebc34aad497af,30,30,0,7,9,14,16,True,True,True,True,True,True,0.5333333333333333,60,60,0,42,1,17,43,True,True,True,False,False,False,0.7166666666666667,71,71,0,29,18,24,47,True,True,True,True,True,True,0.6619718309859155
d142d110,3,focus,600,10.0,d142d110__day2____2023.12.14T15.13.11p03.00,gpn_data__d142d110__day2____2023.12.14T15.13.11p03.00,2023-12-14T12:13:11.568728924+00:00,1638.2736611366272,True,600.0,True,2023-12-14T12:28:11.568728924+00:00,True,True,3172ba9cdee8eb27e187efd295f21d7b5de25412d2078957cff287ea8383f38b,b2ce8ece4de3a3c87714d832a84a1d5184d73a72d043c8f531bebc34aad497af,60,60,0,32,10,18,42,True,True,True,True,True,True,0.7,30,30,0,17,0,13,17,True,False,False,False,False,False,0.5666666666666667,71,71,0,29,18,24,47,True,True,True,True,True,True,0.6619718309859155
d142d110,3,focus,900,15.0,d142d110__day2____2023.12.14T15.13.11p03.00,gpn_data__d142d110__day2____2023.12.14T15.13.11p03.00,2023-12-14T12:13:11.568728924+00:00,1638.2736611366272,True,900.0,True,2023-12-14T12:28:11.568728924+00:00,True,True,2685951bb23ceff0fb8a0ab916ce5b2a45a1519f2af2a70fb3eb6327aa403dd2,b2ce8ece4de3a3c87714d832a84a1d5184d73a72d043c8f531bebc34aad497af,90,90,0,49,10,31,59,True,True,True,True,True,True,0.6555555555555556,0,0,0,0,0,0,0,False,False,False,False,False,False,,71,71,0,29,18,24,47,True,True,True,True,True,True,0.6619718309859155
d151b0c4,4,attention,300,5.0,d151b0c4__day1____2023.12.13T17.54.40p03.00,gpn_data__d151b0c4__day1____2023.12.13T17.54.40p03.00,2023-12-13T14:54:40.684910059+00:00,6885.084800958633,True,300.0,True,2023-12-13T15:09:40.684910059+00:00,True,True,0b4f2b8ecf78e8c38752cb77632c87804e3aa3f5fca36681ba8c5acaaff246da,6c3b6e3f77d562f3a8e08216f36609b1f42b0c38a572f27f5478feb9878605c3,30,30,0,4,17,9,21,True,True,True,True,True,False,0.7,60,60,0,16,0,44,16,True,False,False,False,False,False,0.26666666666666666,596,596,0,218,188,190,406,True,True,True,True,True,True,0.6812080536912751
d151b0c4,4,attention,600,10.0,d151b0c4__day1____2023.12.13T17.54.40p03.00,gpn_data__d151b0c4__day1____2023.12.13T17.54.40p03.00,2023-12-13T14:54:40.684910059+00:00,6885.084800958633,True,600.0,True,2023-12-13T15:09:40.684910059+00:00,True,True,9260d9abe53176984962b3090207963b8a8453de085216b0508c614abcf59185,6c3b6e3f77d562f3a8e08216f36609b1f42b0c38a572f27f5478feb9878605c3,60,60,0,14,17,29,31,True,True,True,True,True,True,0.5166666666666667,30,30,0,6,0,24,6,True,False,False,False,False,False,0.2,596,596,0,218,188,190,406,True,True,True,True,True,True,0.6812080536912751
d151b0c4,4,attention,900,15.0,d151b0c4__day1____2023.12.13T17.54.40p03.00,gpn_data__d151b0c4__day1____2023.12.13T17.54.40p03.00,2023-12-13T14:54:40.684910059+00:00,6885.084800958633,True,900.0,True,2023-12-13T15:09:40.684910059+00:00,True,True,40acb53c634a9450971f8d50a22bf7088a74850be54997ed92d118e89a8c865c,6c3b6e3f77d562f3a8e08216f36609b1f42b0c38a572f27f5478feb9878605c3,90,90,0,20,17,53,37,True,True,True,True,True,True,0.4111111111111111,0,0,0,0,0,0,0,False,False,False,False,False,False,,596,596,0,218,188,190,406,True,True,True,True,True,True,0.6812080536912751
d151b0c4,4,engagement,300,5.0,d151b0c4__day1____2023.12.13T17.54.40p03.00,gpn_data__d151b0c4__day1____2023.12.13T17.54.40p03.00,2023-12-13T14:54:40.684910059+00:00,6885.084800958633,True,300.0,False,2023-12-13T15:09:40.684910059+00:00,True,False,e1e9b0b8997ac9df0c0e824aad3fe0fdc05222b1592e0d6902cb118a88ce57eb,e38d68c7f8d6d28d653176b85bbc42b0b3d7f47d8ca2ee35e83097c1234aa333,30,30,0,0,22,8,22,True,False,False,False,False,False,0.7333333333333333,60,60,0,7,12,41,19,True,True,True,True,True,True,0.31666666666666665,596,596,0,284,115,197,399,True,True,True,True,True,True,0.6694630872483222
d151b0c4,4,engagement,600,10.0,d151b0c4__day1____2023.12.13T17.54.40p03.00,gpn_data__d151b0c4__day1____2023.12.13T17.54.40p03.00,2023-12-13T14:54:40.684910059+00:00,6885.084800958633,True,600.0,True,2023-12-13T15:09:40.684910059+00:00,True,True,25e22a7e125e5f98766245978cd7828dc393c1504aa0cccadb4c9d8c06f16f4b,e38d68c7f8d6d28d653176b85bbc42b0b3d7f47d8ca2ee35e83097c1234aa333,60,60,0,3,32,25,35,True,True,True,True,True,False,0.5833333333333334,30,30,0,4,2,24,6,True,True,True,True,False,False,0.2,596,596,0,284,115,197,399,True,True,True,True,True,True,0.6694630872483222
d151b0c4,4,engagement,900,15.0,d151b0c4__day1____2023.12.13T17.54.40p03.00,gpn_data__d151b0c4__day1____2023.12.13T17.54.40p03.00,2023-12-13T14:54:40.684910059+00:00,6885.084800958633,True,900.0,True,2023-12-13T15:09:40.684910059+00:00,True,True,15da86db36084887488ee7ba9b1528031252c027e2ecb58b82af152c7fc26877,e38d68c7f8d6d28d653176b85bbc42b0b3d7f47d8ca2ee35e83097c1234aa333,90,90,0,7,34,49,41,True,True,True,True,True,True,0.45555555555555555,0,0,0,0,0,0,0,False,False,False,False,False,False,,596,596,0,284,115,197,399,True,True,True,True,True,True,0.6694630872483222
d151b0c4,4,excitement,300,5.0,d151b0c4__day1____2023.12.13T17.54.40p03.00,gpn_data__d151b0c4__day1____2023.12.13T17.54.40p03.00,2023-12-13T14:54:40.684910059+00:00,6885.084800958633,True,300.0,True,2023-12-13T15:09:40.684910059+00:00,True,True,0b28cc669501f75a56261b4dbb4487c0c0ff55765400bf0d3adc7973a1511bf1,49bf2404b67e01810c86feff9b5a370bb35242070ffdfce74e5150f6c97ffebb,30,30,0,2,7,21,9,True,True,True,True,False,False,0.3,60,60,0,10,22,28,32,True,True,True,True,True,True,0.5333333333333333,596,596,0,216,237,143,453,True,True,True,True,True,True,0.7600671140939598
d151b0c4,4,excitement,600,10.0,d151b0c4__day1____2023.12.13T17.54.40p03.00,gpn_data__d151b0c4__day1____2023.12.13T17.54.40p03.00,2023-12-13T14:54:40.684910059+00:00,6885.084800958633,True,600.0,True,2023-12-13T15:09:40.684910059+00:00,True,True,5c3c7a6ff12637ab60f88b256eec5d42f67263755d25a32cbb84fdd304f2a5de,49bf2404b67e01810c86feff9b5a370bb35242070ffdfce74e5150f6c97ffebb,60,60,0,6,22,32,28,True,True,True,True,True,True,0.4666666666666667,30,30,0,6,7,17,13,True,True,True,True,True,True,0.43333333333333335,596,596,0,216,237,143,453,True,True,True,True,True,True,0.7600671140939598
d151b0c4,4,excitement,900,15.0,d151b0c4__day1____2023.12.13T17.54.40p03.00,gpn_data__d151b0c4__day1____2023.12.13T17.54.40p03.00,2023-12-13T14:54:40.684910059+00:00,6885.084800958633,True,900.0,True,2023-12-13T15:09:40.684910059+00:00,True,True,1eb41623fdb72addc74d988b2bb50ff04a0909f46c7ed60b755e75e078064b3b,49bf2404b67e01810c86feff9b5a370bb35242070ffdfce74e5150f6c97ffebb,90,90,0,12,29,49,41,True,True,True,True,True,True,0.45555555555555555,0,0,0,0,0,0,0,False,False,False,False,False,False,,596,596,0,216,237,143,453,True,True,True,True,True,True,0.7600671140939598
d151b0c4,4,stress,300,5.0,d151b0c4__day1____2023.12.13T17.54.40p03.00,gpn_data__d151b0c4__day1____2023.12.13T17.54.40p03.00,2023-12-13T14:54:40.684910059+00:00,6885.084800958633,True,300.0,True,2023-12-13T15:09:40.684910059+00:00,True,True,6b2625d30beca8f979a82cc63a933e88fac2d3c4342aa9837daf388db7752274,67b2bc63e1d5b90a35a6b11074f08f30c68d8c766170eca202e50453eb67feb9,30,30,0,25,4,1,29,True,True,True,True,True,False,0.9666666666666667,60,60,0,6,9,45,15,True,True,True,True,True,True,0.25,596,596,0,140,232,224,372,True,True,True,True,True,True,0.6241610738255033
d151b0c4,4,stress,600,10.0,d151b0c4__day1____2023.12.13T17.54.40p03.00,gpn_data__d151b0c4__day1____2023.12.13T17.54.40p03.00,2023-12-13T14:54:40.684910059+00:00,6885.084800958633,True,600.0,True,2023-12-13T15:09:40.684910059+00:00,True,True,d0e90cd10884df559fa4b4ed01ca04531f699855dddeeaa62be64619c53a2a72,67b2bc63e1d5b90a35a6b11074f08f30c68d8c766170eca202e50453eb67feb9,60,60,0,31,9,20,40,True,True,True,True,True,True,0.6666666666666666,30,30,0,0,4,26,4,True,False,False,False,False,False,0.13333333333333333,596,596,0,140,232,224,372,True,True,True,True,True,True,0.6241610738255033
d151b0c4,4,stress,900,15.0,d151b0c4__day1____2023.12.13T17.54.40p03.00,gpn_data__d151b0c4__day1____2023.12.13T17.54.40p03.00,2023-12-13T14:54:40.684910059+00:00,6885.084800958633,True,900.0,True,2023-12-13T15:09:40.684910059+00:00,True,True,0b1947f90e8037df3194a7eac40cd9d4a09eceb38b9de73699b5980158264c83,67b2bc63e1d5b90a35a6b11074f08f30c68d8c766170eca202e50453eb67feb9,90,90,0,31,13,46,44,True,True,True,True,True,True,0.4888888888888889,0,0,0,0,0,0,0,False,False,False,False,False,False,,596,596,0,140,232,224,372,True,True,True,True,True,True,0.6241610738255033
d151b0c4,4,relaxation,300,5.0,d151b0c4__day1____2023.12.13T17.54.40p03.00,gpn_data__d151b0c4__day1____2023.12.13T17.54.40p03.00,2023-12-13T14:54:40.684910059+00:00,6885.084800958633,True,300.0,False,2023-12-13T15:09:40.684910059+00:00,True,False,700444e2455f81c9c81bdf246cbc7709e4eda5fcd7ed0ac22712aa38e3195676,0c4f1cdce6178c21a3cd62251dae2570973be68880ca8218f0dcb600da391a04,30,30,0,20,0,10,20,True,False,False,False,False,False,0.6666666666666666,60,60,0,34,0,26,34,True,False,False,False,False,False,0.5666666666666667,596,596,0,256,149,191,405,True,True,True,True,True,True,0.6795302013422819
d151b0c4,4,relaxation,600,10.0,d151b0c4__day1____2023.12.13T17.54.40p03.00,gpn_data__d151b0c4__day1____2023.12.13T17.54.40p03.00,2023-12-13T14:54:40.684910059+00:00,6885.084800958633,True,600.0,False,2023-12-13T15:09:40.684910059+00:00,True,False,5775da2291f54daa3608ccf4fab3837787cdf0a97afd534f09be86a1e7c8d10a,0c4f1cdce6178c21a3cd62251dae2570973be68880ca8218f0dcb600da391a04,60,60,0,34,0,26,34,True,False,False,False,False,False,0.5666666666666667,30,30,0,20,0,10,20,True,False,False,False,False,False,0.6666666666666666,596,596,0,256,149,191,405,True,True,True,True,True,True,0.6795302013422819
d151b0c4,4,relaxation,900,15.0,d151b0c4__day1____2023.12.13T17.54.40p03.00,gpn_data__d151b0c4__day1____2023.12.13T17.54.40p03.00,2023-12-13T14:54:40.684910059+00:00,6885.084800958633,True,900.0,False,2023-12-13T15:09:40.684910059+00:00,True,False,78a92fb95b1ad772960ef00bdc4611a50e4e2340f40db1aa353e4600ab8eb38b,0c4f1cdce6178c21a3cd62251dae2570973be68880ca8218f0dcb600da391a04,90,90,0,54,0,36,54,True,False,False,False,False,False,0.6,0,0,0,0,0,0,0,False,False,False,False,False,False,,596,596,0,256,149,191,405,True,True,True,True,True,True,0.6795302013422819
d151b0c4,4,interest,300,5.0,d151b0c4__day1____2023.12.13T17.54.40p03.00,gpn_data__d151b0c4__day1____2023.12.13T17.54.40p03.00,2023-12-13T14:54:40.684910059+00:00,6885.084800958633,True,300.0,True,2023-12-13T15:09:40.684910059+00:00,True,True,b26f0be8456d39f3d2fb4a6cbba818c234cdd673f1565eb57e486fbc8ecedbab,5990816dfb79d8ea87d4ae2981f4b8eb04780b721b98eedcb68f8096be855bf1,30,30,0,11,7,12,18,True,True,True,True,True,True,0.6,60,60,0,39,8,13,47,True,True,True,True,True,True,0.7833333333333333,596,596,0,263,218,115,481,True,True,True,True,True,True,0.8070469798657718
d151b0c4,4,interest,600,10.0,d151b0c4__day1____2023.12.13T17.54.40p03.00,gpn_data__d151b0c4__day1____2023.12.13T17.54.40p03.00,2023-12-13T14:54:40.684910059+00:00,6885.084800958633,True,600.0,True,2023-12-13T15:09:40.684910059+00:00,True,True,f41bfd042e481c20fb116cc50c3595b5a1a94d79e86ed2285dddbff070039593,5990816dfb79d8ea87d4ae2981f4b8eb04780b721b98eedcb68f8096be855bf1,60,60,0,26,12,22,38,True,True,True,True,True,True,0.6333333333333333,30,30,0,24,3,3,27,True,True,True,True,True,False,0.9,596,596,0,263,218,115,481,True,True,True,True,True,True,0.8070469798657718
d151b0c4,4,interest,900,15.0,d151b0c4__day1____2023.12.13T17.54.40p03.00,gpn_data__d151b0c4__day1____2023.12.13T17.54.40p03.00,2023-12-13T14:54:40.684910059+00:00,6885.084800958633,True,900.0,True,2023-12-13T15:09:40.684910059+00:00,True,True,aeca90463a5b62e353ce5f0c7117b136e86247fb39624921958d15762d09e68d,5990816dfb79d8ea87d4ae2981f4b8eb04780b721b98eedcb68f8096be855bf1,90,90,0,50,15,25,65,True,True,True,True,True,True,0.7222222222222222,0,0,0,0,0,0,0,False,False,False,False,False,False,,596,596,0,263,218,115,481,True,True,True,True,True,True,0.8070469798657718
d151b0c4,4,focus,300,5.0,d151b0c4__day1____2023.12.13T17.54.40p03.00,gpn_data__d151b0c4__day1____2023.12.13T17.54.40p03.00,2023-12-13T14:54:40.684910059+00:00,6885.084800958633,True,300.0,False,2023-12-13T15:09:40.684910059+00:00,True,False,4280016e6242ce2c2f056bff4828ed149791c3b17c1cfc158ced8897210d2dda,4766cb26d025c0e27a52ea634add522484c4a2664b169dc2c30732dc35c11653,30,30,0,0,9,21,9,True,False,False,False,False,False,0.3,60,60,0,1,30,29,31,True,True,True,False,False,False,0.5166666666666667,596,596,0,123,292,181,415,True,True,True,True,True,True,0.6963087248322147
d151b0c4,4,focus,600,10.0,d151b0c4__day1____2023.12.13T17.54.40p03.00,gpn_data__d151b0c4__day1____2023.12.13T17.54.40p03.00,2023-12-13T14:54:40.684910059+00:00,6885.084800958633,True,600.0,False,2023-12-13T15:09:40.684910059+00:00,True,False,4340a44cf178f6b51269cad9fdfce33ff11406f2a3142e9a4f1ba450d0fe7b8b,4766cb26d025c0e27a52ea634add522484c4a2664b169dc2c30732dc35c11653,60,60,0,0,28,32,28,True,False,False,False,False,False,0.4666666666666667,30,30,0,1,11,18,12,True,True,True,False,False,False,0.4,596,596,0,123,292,181,415,True,True,True,True,True,True,0.6963087248322147
d151b0c4,4,focus,900,15.0,d151b0c4__day1____2023.12.13T17.54.40p03.00,gpn_data__d151b0c4__day1____2023.12.13T17.54.40p03.00,2023-12-13T14:54:40.684910059+00:00,6885.084800958633,True,900.0,False,2023-12-13T15:09:40.684910059+00:00,True,False,f114b6312678995c069835bc23636eeb3517a845febcd7ab5049a4cc8f61b5d7,4766cb26d025c0e27a52ea634add522484c4a2664b169dc2c30732dc35c11653,90,90,0,1,39,50,40,True,True,True,False,False,False,0.4444444444444444,0,0,0,0,0,0,0,False,False,False,False,False,False,,596,596,0,123,292,181,415,True,True,True,True,True,True,0.6963087248322147
d18000a3,2,attention,300,5.0,d18000a3__day1____2024.02.01T14.18.30p01.00,Old_EEG__d18000a3__day1____2024.02.01T14.18.30p01.00,2024-02-01T13:18:30.947037935+00:00,6815.652429103851,True,300.0,False,2024-02-01T13:33:30.947037935+00:00,True,False,68f3e4b757c495cd169b58c33414d6a120cf2fceda56070ad741e9b629f4413d,fb03fa3b531fd0852378d09aed669d8dd96dc4a656dcb9d4906ca114426cbee2,30,30,0,0,6,24,6,True,False,False,False,False,False,0.2,60,60,0,22,10,28,32,True,True,True,True,True,True,0.5333333333333333,589,589,0,192,263,134,455,True,True,True,True,True,True,0.7724957555178268
d18000a3,2,attention,600,10.0,d18000a3__day1____2024.02.01T14.18.30p01.00,Old_EEG__d18000a3__day1____2024.02.01T14.18.30p01.00,2024-02-01T13:18:30.947037935+00:00,6815.652429103851,True,600.0,True,2024-02-01T13:33:30.947037935+00:00,True,True,e2e1e1d94fd1c7a54d3def003dc39397c75e632a14056dce838046e26f32597e,fb03fa3b531fd0852378d09aed669d8dd96dc4a656dcb9d4906ca114426cbee2,60,60,0,5,15,40,20,True,True,True,True,True,True,0.3333333333333333,30,30,0,17,1,12,18,True,True,True,False,False,False,0.6,589,589,0,192,263,134,455,True,True,True,True,True,True,0.7724957555178268
d18000a3,2,attention,900,15.0,d18000a3__day1____2024.02.01T14.18.30p01.00,Old_EEG__d18000a3__day1____2024.02.01T14.18.30p01.00,2024-02-01T13:18:30.947037935+00:00,6815.652429103851,True,900.0,True,2024-02-01T13:33:30.947037935+00:00,True,True,40a73495edc196bdaff33e46261f80ff55960577769cc856d2fc2075e466fc03,fb03fa3b531fd0852378d09aed669d8dd96dc4a656dcb9d4906ca114426cbee2,90,90,0,22,16,52,38,True,True,True,True,True,True,0.4222222222222222,0,0,0,0,0,0,0,False,False,False,False,False,False,,589,589,0,192,263,134,455,True,True,True,True,True,True,0.7724957555178268
d18000a3,2,engagement,300,5.0,d18000a3__day1____2024.02.01T14.18.30p01.00,Old_EEG__d18000a3__day1____2024.02.01T14.18.30p01.00,2024-02-01T13:18:30.947037935+00:00,6815.652429103851,True,300.0,True,2024-02-01T13:33:30.947037935+00:00,True,True,40e62b3a53fd03c3f12c23fafda8a3eef99021410237a03b0669798e64705662,f474e21e68358cb60f62ddefd5e75a4a2940541030e36c44457fcc40de59dead,30,30,0,3,18,9,21,True,True,True,True,True,False,0.7,60,60,0,6,8,46,14,True,True,True,True,True,True,0.23333333333333334,589,589,0,217,180,192,397,True,True,True,True,True,True,0.6740237691001698
d18000a3,2,engagement,600,10.0,d18000a3__day1____2024.02.01T14.18.30p01.00,Old_EEG__d18000a3__day1____2024.02.01T14.18.30p01.00,2024-02-01T13:18:30.947037935+00:00,6815.652429103851,True,600.0,True,2024-02-01T13:33:30.947037935+00:00,True,True,48e4ed41beb2912f5ce69250877f9cf7cf27d5ceedb09d9ca3d1c864470a9c6e,f474e21e68358cb60f62ddefd5e75a4a2940541030e36c44457fcc40de59dead,60,60,0,6,24,30,30,True,True,True,True,True,True,0.5,30,30,0,3,2,25,5,True,True,True,True,False,False,0.16666666666666666,589,589,0,217,180,192,397,True,True,True,True,True,True,0.6740237691001698
d18000a3,2,engagement,900,15.0,d18000a3__day1____2024.02.01T14.18.30p01.00,Old_EEG__d18000a3__day1____2024.02.01T14.18.30p01.00,2024-02-01T13:18:30.947037935+00:00,6815.652429103851,True,900.0,True,2024-02-01T13:33:30.947037935+00:00,True,True,72829d2b14b731b2affc921ab6b6e27a855d2a6c49c6144f7636857442696739,f474e21e68358cb60f62ddefd5e75a4a2940541030e36c44457fcc40de59dead,90,90,0,9,26,55,35,True,True,True,True,True,True,0.3888888888888889,0,0,0,0,0,0,0,False,False,False,False,False,False,,589,589,0,217,180,192,397,True,True,True,True,True,True,0.6740237691001698
d18000a3,2,excitement,300,5.0,d18000a3__day1____2024.02.01T14.18.30p01.00,Old_EEG__d18000a3__day1____2024.02.01T14.18.30p01.00,2024-02-01T13:18:30.947037935+00:00,6815.652429103851,True,300.0,False,2024-02-01T13:33:30.947037935+00:00,True,False,8a10ee205aa2619cad66a69f939a7b59278a353b0454cb242e1ed9e7eb409e0c,491104be21ac2e7e5020f1af003e6f7be49d931e230897284b0b03b5dc3f0a64,30,30,0,24,1,5,25,True,True,True,False,False,False,0.8333333333333334,60,60,0,25,1,34,26,True,True,True,False,False,False,0.43333333333333335,589,589,0,108,271,210,379,True,True,True,True,True,True,0.6434634974533107
d18000a3,2,excitement,600,10.0,d18000a3__day1____2024.02.01T14.18.30p01.00,Old_EEG__d18000a3__day1____2024.02.01T14.18.30p01.00,2024-02-01T13:18:30.947037935+00:00,6815.652429103851,True,600.0,True,2024-02-01T13:33:30.947037935+00:00,True,True,440520ba5f66bcc8bfb722d9902fc40ee05438b46acaceabaca911d777d58da7,491104be21ac2e7e5020f1af003e6f7be49d931e230897284b0b03b5dc3f0a64,60,60,0,42,2,16,44,True,True,True,True,False,False,0.7333333333333333,30,30,0,7,0,23,7,True,False,False,False,False,False,0.23333333333333334,589,589,0,108,271,210,379,True,True,True,True,True,True,0.6434634974533107
d18000a3,2,excitement,900,15.0,d18000a3__day1____2024.02.01T14.18.30p01.00,Old_EEG__d18000a3__day1____2024.02.01T14.18.30p01.00,2024-02-01T13:18:30.947037935+00:00,6815.652429103851,True,900.0,True,2024-02-01T13:33:30.947037935+00:00,True,True,84a74b8e3831db585bf935b40b0cfeac5d9c2a0e051c6e20ecd46f355bb1df83,491104be21ac2e7e5020f1af003e6f7be49d931e230897284b0b03b5dc3f0a64,90,90,0,49,2,39,51,True,True,True,True,False,False,0.5666666666666667,0,0,0,0,0,0,0,False,False,False,False,False,False,,589,589,0,108,271,210,379,True,True,True,True,True,True,0.6434634974533107
d18000a3,2,stress,300,5.0,d18000a3__day1____2024.02.01T14.18.30p01.00,Old_EEG__d18000a3__day1____2024.02.01T14.18.30p01.00,2024-02-01T13:18:30.947037935+00:00,6815.652429103851,True,300.0,False,2024-02-01T13:33:30.947037935+00:00,True,False,edb64f938ccc527ff9370543dd59b60506e112e900a1d456bfdd7a4825b80f8f,7c39f09e85990e7cdc2806e093d8ace3a5141d9d70d777a299724222fb3705ec,30,30,0,28,0,2,28,True,False,False,False,False,False,0.9333333333333333,60,60,0,12,0,48,12,True,False,False,False,False,False,0.2,589,589,0,3,206,380,209,True,True,True,True,True,False,0.3548387096774194
d18000a3,2,stress,600,10.0,d18000a3__day1____2024.02.01T14.18.30p01.00,Old_EEG__d18000a3__day1____2024.02.01T14.18.30p01.00,2024-02-01T13:18:30.947037935+00:00,6815.652429103851,True,600.0,False,2024-02-01T13:33:30.947037935+00:00,True,False,8464d83c0f086ee8996699f7bf309f339754672d4df5b479d24962ced61e1e7e,7c39f09e85990e7cdc2806e093d8ace3a5141d9d70d777a299724222fb3705ec,60,60,0,40,0,20,40,True,False,False,False,False,False,0.6666666666666666,30,30,0,0,0,30,0,False,False,False,False,False,False,0.0,589,589,0,3,206,380,209,True,True,True,True,True,False,0.3548387096774194
d18000a3,2,stress,900,15.0,d18000a3__day1____2024.02.01T14.18.30p01.00,Old_EEG__d18000a3__day1____2024.02.01T14.18.30p01.00,2024-02-01T13:18:30.947037935+00:00,6815.652429103851,True,900.0,False,2024-02-01T13:33:30.947037935+00:00,True,False,8464d83c0f086ee8996699f7bf309f339754672d4df5b479d24962ced61e1e7e,7c39f09e85990e7cdc2806e093d8ace3a5141d9d70d777a299724222fb3705ec,90,90,0,40,0,50,40,True,False,False,False,False,False,0.4444444444444444,0,0,0,0,0,0,0,False,False,False,False,False,False,,589,589,0,3,206,380,209,True,True,True,True,True,False,0.3548387096774194
d18000a3,2,relaxation,300,5.0,d18000a3__day1____2024.02.01T14.18.30p01.00,Old_EEG__d18000a3__day1____2024.02.01T14.18.30p01.00,2024-02-01T13:18:30.947037935+00:00,6815.652429103851,True,300.0,True,2024-02-01T13:33:30.947037935+00:00,True,True,680afd96590fd524e434ebecc45ebcd7cd81a0ec310e1da3b3a49e724fcaf9d7,cadb7cca4c4d5c33959829d50b13f72f4e57066dba9d1f86442ced07bfd9f0cd,30,30,0,14,3,13,17,True,True,True,True,True,False,0.5666666666666667,60,60,0,4,6,50,10,True,True,True,True,True,False,0.16666666666666666,589,589,0,200,251,138,451,True,True,True,True,True,True,0.765704584040747
d18000a3,2,relaxation,600,10.0,d18000a3__day1____2024.02.01T14.18.30p01.00,Old_EEG__d18000a3__day1____2024.02.01T14.18.30p01.00,2024-02-01T13:18:30.947037935+00:00,6815.652429103851,True,600.0,True,2024-02-01T13:33:30.947037935+00:00,True,True,af165ab0b4a22f0a0e82e6606e82b9c90ff8ee3b629323204324e2c5b2a02ad0,cadb7cca4c4d5c33959829d50b13f72f4e57066dba9d1f86442ced07bfd9f0cd,60,60,0,15,5,40,20,True,True,True,True,True,True,0.3333333333333333,30,30,0,3,4,23,7,True,True,True,True,True,False,0.23333333333333334,589,589,0,200,251,138,451,True,True,True,True,True,True,0.765704584040747
d18000a3,2,relaxation,900,15.0,d18000a3__day1____2024.02.01T14.18.30p01.00,Old_EEG__d18000a3__day1____2024.02.01T14.18.30p01.00,2024-02-01T13:18:30.947037935+00:00,6815.652429103851,True,900.0,True,2024-02-01T13:33:30.947037935+00:00,True,True,2761b2ee77d9f46a5aa3c5b170485ebedc14c846252a0ba07c15f6089200c346,cadb7cca4c4d5c33959829d50b13f72f4e57066dba9d1f86442ced07bfd9f0cd,90,90,0,18,9,63,27,True,True,True,True,True,True,0.3,0,0,0,0,0,0,0,False,False,False,False,False,False,,589,589,0,200,251,138,451,True,True,True,True,True,True,0.765704584040747
d18000a3,2,interest,300,5.0,d18000a3__day1____2024.02.01T14.18.30p01.00,Old_EEG__d18000a3__day1____2024.02.01T14.18.30p01.00,2024-02-01T13:18:30.947037935+00:00,6815.652429103851,True,300.0,False,2024-02-01T13:33:30.947037935+00:00,True,False,48b17f2afd8fa7287741670772629abc70ffa81beabc588a591395dd4c20744d,50ae9beda4b796550b01708f095b9e275af3da236bb6619754b2c88668bda88e,30,30,0,27,1,2,28,True,True,True,False,False,False,0.9333333333333333,60,60,0,22,0,38,22,True,False,False,False,False,False,0.36666666666666664,589,589,0,113,228,248,341,True,True,True,True,True,True,0.5789473684210527
d18000a3,2,interest,600,10.0,d18000a3__day1____2024.02.01T14.18.30p01.00,Old_EEG__d18000a3__day1____2024.02.01T14.18.30p01.00,2024-02-01T13:18:30.947037935+00:00,6815.652429103851,True,600.0,False,2024-02-01T13:33:30.947037935+00:00,True,False,271466c5aafad6201ee8b5278f8e635640c29ce981d4caf8ee578b86261598eb,50ae9beda4b796550b01708f095b9e275af3da236bb6619754b2c88668bda88e,60,60,0,45,1,14,46,True,True,True,False,False,False,0.7666666666666667,30,30,0,4,0,26,4,True,False,False,False,False,False,0.13333333333333333,589,589,0,113,228,248,341,True,True,True,True,True,True,0.5789473684210527
d18000a3,2,interest,900,15.0,d18000a3__day1____2024.02.01T14.18.30p01.00,Old_EEG__d18000a3__day1____2024.02.01T14.18.30p01.00,2024-02-01T13:18:30.947037935+00:00,6815.652429103851,True,900.0,False,2024-02-01T13:33:30.947037935+00:00,True,False,b5bd8ce1a5d5b9b4d5f13e8b19ec8df7e0289f5f4e58b9e5743e9573d52097cb,50ae9beda4b796550b01708f095b9e275af3da236bb6619754b2c88668bda88e,90,90,0,49,1,40,50,True,True,True,False,False,False,0.5555555555555556,0,0,0,0,0,0,0,False,False,False,False,False,False,,589,589,0,113,228,248,341,True,True,True,True,True,True,0.5789473684210527
d18000a3,2,focus,300,5.0,d18000a3__day1____2024.02.01T14.18.30p01.00,Old_EEG__d18000a3__day1____2024.02.01T14.18.30p01.00,2024-02-01T13:18:30.947037935+00:00,6815.652429103851,True,300.0,False,2024-02-01T13:33:30.947037935+00:00,True,False,396757cea0f57509947240656e7364c552001c9196faea0f03a6bacccc5ed305,28e0dcd177fc9d3176e1324e96f9c9fe7bc3814e1ae43de56df22173a8baa96f,30,30,0,28,0,2,28,True,False,False,False,False,False,0.9333333333333333,60,60,0,43,0,17,43,True,False,False,False,False,False,0.7166666666666667,589,589,0,89,280,220,369,True,True,True,True,True,True,0.6264855687606112
d18000a3,2,focus,600,10.0,d18000a3__day1____2024.02.01T14.18.30p01.00,Old_EEG__d18000a3__day1____2024.02.01T14.18.30p01.00,2024-02-01T13:18:30.947037935+00:00,6815.652429103851,True,600.0,False,2024-02-01T13:33:30.947037935+00:00,True,False,0bd8345061e16d30c464de53c7ae62df20f0f6a9606f3209b6c19bfeb9a0f9eb,28e0dcd177fc9d3176e1324e96f9c9fe7bc3814e1ae43de56df22173a8baa96f,60,60,0,51,0,9,51,True,False,False,False,False,False,0.85,30,30,0,20,0,10,20,True,False,False,False,False,False,0.6666666666666666,589,589,0,89,280,220,369,True,True,True,True,True,True,0.6264855687606112
d18000a3,2,focus,900,15.0,d18000a3__day1____2024.02.01T14.18.30p01.00,Old_EEG__d18000a3__day1____2024.02.01T14.18.30p01.00,2024-02-01T13:18:30.947037935+00:00,6815.652429103851,True,900.0,False,2024-02-01T13:33:30.947037935+00:00,True,False,b90e00c7e89a227e65775cdae171969305f6a167094bdb5da00cb0b4868b3f10,28e0dcd177fc9d3176e1324e96f9c9fe7bc3814e1ae43de56df22173a8baa96f,90,90,0,71,0,19,71,True,False,False,False,False,False,0.7888888888888889,0,0,0,0,0,0,0,False,False,False,False,False,False,,589,589,0,89,280,220,369,True,True,True,True,True,True,0.6264855687606112
e0c0408a,5,attention,300,5.0,e0c0408a__day1____2023.12.05T19.36.11p03.00,Old_EEG__e0c0408a__day1____2023.12.05T19.36.11p03.00,2023-12-05T16:36:11.720412970+00:00,4511.134876966476,True,300.0,True,2023-12-05T16:51:11.720412970+00:00,False,False,af0f4e0723a786fb25b1737685115fdb495c3649b765dc044764428ce6246c3c,4f53cda18c2baa0c0354bb5f9a3ecbe5ed12ab4d8e11ba873c2f11161202b945,23,23,0,9,10,4,19,True,True,True,True,True,True,0.8260869565217391,60,6,54,1,0,5,1,True,False,False,False,False,False,0.16666666666666666,91,0,91,0,0,0,0,False,False,False,False,False,False,
e0c0408a,5,attention,600,10.0,e0c0408a__day1____2023.12.05T19.36.11p03.00,Old_EEG__e0c0408a__day1____2023.12.05T19.36.11p03.00,2023-12-05T16:36:11.720412970+00:00,4511.134876966476,True,600.0,True,2023-12-05T16:51:11.720412970+00:00,False,False,fbfdece9d4402a393c8492d65d398f2dc77f131597bbaf4fabf64f68d69111be,4f53cda18c2baa0c0354bb5f9a3ecbe5ed12ab4d8e11ba873c2f11161202b945,53,29,24,10,10,9,20,True,True,True,True,True,True,0.6896551724137931,30,0,30,0,0,0,0,False,False,False,False,False,False,,91,0,91,0,0,0,0,False,False,False,False,False,False,
e0c0408a,5,attention,900,15.0,e0c0408a__day1____2023.12.05T19.36.11p03.00,Old_EEG__e0c0408a__day1____2023.12.05T19.36.11p03.00,2023-12-05T16:36:11.720412970+00:00,4511.134876966476,True,900.0,True,2023-12-05T16:51:11.720412970+00:00,False,False,fbfdece9d4402a393c8492d65d398f2dc77f131597bbaf4fabf64f68d69111be,4f53cda18c2baa0c0354bb5f9a3ecbe5ed12ab4d8e11ba873c2f11161202b945,83,29,54,10,10,9,20,True,True,True,True,True,True,0.6896551724137931,0,0,0,0,0,0,0,False,False,False,False,False,False,,91,0,91,0,0,0,0,False,False,False,False,False,False,
e0c0408a,5,engagement,300,5.0,e0c0408a__day1____2023.12.05T19.36.11p03.00,Old_EEG__e0c0408a__day1____2023.12.05T19.36.11p03.00,2023-12-05T16:36:11.720412970+00:00,4511.134876966476,True,300.0,False,2023-12-05T16:51:11.720412970+00:00,True,False,4f870ac50fd21923c1e0c0023341366583e728a5e414528a471b3245b1f05cf7,88fc11a33326a8cb8c0095ec3335fdea5e8de878cf11d96bc21ad6c18d902978,23,23,0,1,17,5,18,True,True,True,False,False,False,0.782608695652174,60,60,0,34,5,21,39,True,True,True,True,True,True,0.65,91,91,0,52,19,20,71,True,True,True,True,True,True,0.7802197802197802
e0c0408a,5,engagement,600,10.0,e0c0408a__day1____2023.12.05T19.36.11p03.00,Old_EEG__e0c0408a__day1____2023.12.05T19.36.11p03.00,2023-12-05T16:36:11.720412970+00:00,4511.134876966476,True,600.0,True,2023-12-05T16:51:11.720412970+00:00,True,True,e6c6e8a2fdce10c56816c30c727bdaf92952a4dd0b03568768a42de2cc39236a,88fc11a33326a8cb8c0095ec3335fdea5e8de878cf11d96bc21ad6c18d902978,53,53,0,17,21,15,38,True,True,True,True,True,True,0.7169811320754716,30,30,0,18,1,11,19,True,True,True,False,False,False,0.6333333333333333,91,91,0,52,19,20,71,True,True,True,True,True,True,0.7802197802197802
e0c0408a,5,engagement,900,15.0,e0c0408a__day1____2023.12.05T19.36.11p03.00,Old_EEG__e0c0408a__day1____2023.12.05T19.36.11p03.00,2023-12-05T16:36:11.720412970+00:00,4511.134876966476,True,900.0,True,2023-12-05T16:51:11.720412970+00:00,True,True,6ca84aaac61f66dd75d2c882c9f54608196ca54b23f17d0403da9f83091bab91,88fc11a33326a8cb8c0095ec3335fdea5e8de878cf11d96bc21ad6c18d902978,83,83,0,35,22,26,57,True,True,True,True,True,True,0.6867469879518072,0,0,0,0,0,0,0,False,False,False,False,False,False,,91,91,0,52,19,20,71,True,True,True,True,True,True,0.7802197802197802
e0c0408a,5,excitement,300,5.0,e0c0408a__day1____2023.12.05T19.36.11p03.00,Old_EEG__e0c0408a__day1____2023.12.05T19.36.11p03.00,2023-12-05T16:36:11.720412970+00:00,4511.134876966476,True,300.0,True,2023-12-05T16:51:11.720412970+00:00,True,True,27e5d4eb97d5b85a95440632ffe99b7a74a32ee1b061e269b7190d141add1733,5d3f9ac9fdab961d4c1102c400d9f156d104ad5db6ca1736ce6407d1078a7f03,23,23,0,8,9,6,17,True,True,True,True,True,True,0.7391304347826086,60,60,0,11,22,27,33,True,True,True,True,True,True,0.55,91,91,0,46,22,23,68,True,True,True,True,True,True,0.7472527472527473
e0c0408a,5,excitement,600,10.0,e0c0408a__day1____2023.12.05T19.36.11p03.00,Old_EEG__e0c0408a__day1____2023.12.05T19.36.11p03.00,2023-12-05T16:36:11.720412970+00:00,4511.134876966476,True,600.0,True,2023-12-05T16:51:11.720412970+00:00,True,True,23668f50b095944f8705a0e832e59e446413a00bca880dc640f96933138f9e67,5d3f9ac9fdab961d4c1102c400d9f156d104ad5db6ca1736ce6407d1078a7f03,53,53,0,11,21,21,32,True,True,True,True,True,True,0.6037735849056604,30,30,0,8,10,12,18,True,True,True,True,True,True,0.6,91,91,0,46,22,23,68,True,True,True,True,True,True,0.7472527472527473
e0c0408a,5,excitement,900,15.0,e0c0408a__day1____2023.12.05T19.36.11p03.00,Old_EEG__e0c0408a__day1____2023.12.05T19.36.11p03.00,2023-12-05T16:36:11.720412970+00:00,4511.134876966476,True,900.0,True,2023-12-05T16:51:11.720412970+00:00,True,True,1522f84b0eaab0d2f8f62f881a3eefaddc0515ed13e0af103002ae5762db4d76,5d3f9ac9fdab961d4c1102c400d9f156d104ad5db6ca1736ce6407d1078a7f03,83,83,0,19,31,33,50,True,True,True,True,True,True,0.6024096385542169,0,0,0,0,0,0,0,False,False,False,False,False,False,,91,91,0,46,22,23,68,True,True,True,True,True,True,0.7472527472527473
e0c0408a,5,stress,300,5.0,e0c0408a__day1____2023.12.05T19.36.11p03.00,Old_EEG__e0c0408a__day1____2023.12.05T19.36.11p03.00,2023-12-05T16:36:11.720412970+00:00,4511.134876966476,True,300.0,True,2023-12-05T16:51:11.720412970+00:00,True,True,34a55b31db6a48c13ea7b69064fcfa2f02cd22fec8eeff729e012213aaa71ce3,f652bed15a6859aba25f697a3e2c28e310824d0ea2bd699ec7ab907ece5da8fa,23,23,0,14,8,1,22,True,True,True,True,True,True,0.9565217391304348,60,60,0,48,5,7,53,True,True,True,True,True,True,0.8833333333333333,91,91,0,52,28,11,80,True,True,True,True,True,True,0.8791208791208791
e0c0408a,5,stress,600,10.0,e0c0408a__day1____2023.12.05T19.36.11p03.00,Old_EEG__e0c0408a__day1____2023.12.05T19.36.11p03.00,2023-12-05T16:36:11.720412970+00:00,4511.134876966476,True,600.0,True,2023-12-05T16:51:11.720412970+00:00,True,True,21370f70c4897edcccf51f1fd05b08091c8270ce2b42a01f982acd0a29f05d20,f652bed15a6859aba25f697a3e2c28e310824d0ea2bd699ec7ab907ece5da8fa,53,53,0,35,12,6,47,True,True,True,True,True,True,0.8867924528301887,30,30,0,27,1,2,28,True,True,True,False,False,False,0.9333333333333333,91,91,0,52,28,11,80,True,True,True,True,True,True,0.8791208791208791
e0c0408a,5,stress,900,15.0,e0c0408a__day1____2023.12.05T19.36.11p03.00,Old_EEG__e0c0408a__day1____2023.12.05T19.36.11p03.00,2023-12-05T16:36:11.720412970+00:00,4511.134876966476,True,900.0,True,2023-12-05T16:51:11.720412970+00:00,True,True,4004af96536fdc1b4524d74938b6590eff916791ffcaa44b016ff7546b92eada,f652bed15a6859aba25f697a3e2c28e310824d0ea2bd699ec7ab907ece5da8fa,83,83,0,62,13,8,75,True,True,True,True,True,True,0.9036144578313253,0,0,0,0,0,0,0,False,False,False,False,False,False,,91,91,0,52,28,11,80,True,True,True,True,True,True,0.8791208791208791
e0c0408a,5,relaxation,300,5.0,e0c0408a__day1____2023.12.05T19.36.11p03.00,Old_EEG__e0c0408a__day1____2023.12.05T19.36.11p03.00,2023-12-05T16:36:11.720412970+00:00,4511.134876966476,True,300.0,True,2023-12-05T16:51:11.720412970+00:00,True,True,f7d3d31edaf63b9625673a0d69a07791ca3bc5836dd957780f72144f489dc500,8881089c08f118374d82402316d9342aaa28dfdd66e7d2a6b61a6a9d0dcff01b,23,23,0,8,5,10,13,True,True,True,True,True,True,0.5652173913043478,60,60,0,12,2,46,14,True,True,True,True,False,False,0.23333333333333334,91,91,0,32,15,44,47,True,True,True,True,True,True,0.5164835164835165
e0c0408a,5,relaxation,600,10.0,e0c0408a__day1____2023.12.05T19.36.11p03.00,Old_EEG__e0c0408a__day1____2023.12.05T19.36.11p03.00,2023-12-05T16:36:11.720412970+00:00,4511.134876966476,True,600.0,True,2023-12-05T16:51:11.720412970+00:00,True,True,871531d549cd619067bbe8899de324f5b50998960ad707b33004ad6d7a709f0a,8881089c08f118374d82402316d9342aaa28dfdd66e7d2a6b61a6a9d0dcff01b,53,53,0,10,7,36,17,True,True,True,True,True,True,0.32075471698113206,30,30,0,10,0,20,10,True,False,False,False,False,False,0.3333333333333333,91,91,0,32,15,44,47,True,True,True,True,True,True,0.5164835164835165
e0c0408a,5,relaxation,900,15.0,e0c0408a__day1____2023.12.05T19.36.11p03.00,Old_EEG__e0c0408a__day1____2023.12.05T19.36.11p03.00,2023-12-05T16:36:11.720412970+00:00,4511.134876966476,True,900.0,True,2023-12-05T16:51:11.720412970+00:00,True,True,cd978e2ad51d997fd3327067bf6301134c03d1db05c6a1d7d3b6a59335ee57b9,8881089c08f118374d82402316d9342aaa28dfdd66e7d2a6b61a6a9d0dcff01b,83,83,0,20,7,56,27,True,True,True,True,True,True,0.3253012048192771,0,0,0,0,0,0,0,False,False,False,False,False,False,,91,91,0,32,15,44,47,True,True,True,True,True,True,0.5164835164835165
e0c0408a,5,interest,300,5.0,e0c0408a__day1____2023.12.05T19.36.11p03.00,Old_EEG__e0c0408a__day1____2023.12.05T19.36.11p03.00,2023-12-05T16:36:11.720412970+00:00,4511.134876966476,True,300.0,False,2023-12-05T16:51:11.720412970+00:00,False,False,7ee70723f3a547ba3e25fae5753cb9f18a9c5f2b65dad34af0287d6f6afc96e5,01915716bc16c5e694a159a0a4b8f2b3f63fccaa35c41c6c8db394e6d14f749c,23,23,0,1,3,19,4,True,True,True,False,False,False,0.17391304347826086,60,60,0,0,7,53,7,True,False,False,False,False,False,0.11666666666666667,91,91,0,0,42,49,42,True,False,False,False,False,False,0.46153846153846156
e0c0408a,5,interest,600,10.0,e0c0408a__day1____2023.12.05T19.36.11p03.00,Old_EEG__e0c0408a__day1____2023.12.05T19.36.11p03.00,2023-12-05T16:36:11.720412970+00:00,4511.134876966476,True,600.0,False,2023-12-05T16:51:11.720412970+00:00,False,False,6c27f4aeac4f3c9f8606b332fd1e82c2026178fb4c9524f7593cf8e34bb80fcf,01915716bc16c5e694a159a0a4b8f2b3f63fccaa35c41c6c8db394e6d14f749c,53,53,0,1,7,45,8,True,True,True,False,False,False,0.1509433962264151,30,30,0,0,3,27,3,True,False,False,False,False,False,0.1,91,91,0,0,42,49,42,True,False,False,False,False,False,0.46153846153846156
e0c0408a,5,interest,900,15.0,e0c0408a__day1____2023.12.05T19.36.11p03.00,Old_EEG__e0c0408a__day1____2023.12.05T19.36.11p03.00,2023-12-05T16:36:11.720412970+00:00,4511.134876966476,True,900.0,False,2023-12-05T16:51:11.720412970+00:00,False,False,4d8a86e2ad05b9c58a24ea6da997130ab3377b85e5855f0f291eb4fd32e2674e,01915716bc16c5e694a159a0a4b8f2b3f63fccaa35c41c6c8db394e6d14f749c,83,83,0,1,10,72,11,True,True,True,False,False,False,0.13253012048192772,0,0,0,0,0,0,0,False,False,False,False,False,False,,91,91,0,0,42,49,42,True,False,False,False,False,False,0.46153846153846156
e0c0408a,5,focus,300,5.0,e0c0408a__day1____2023.12.05T19.36.11p03.00,Old_EEG__e0c0408a__day1____2023.12.05T19.36.11p03.00,2023-12-05T16:36:11.720412970+00:00,4511.134876966476,True,300.0,True,2023-12-05T16:51:11.720412970+00:00,True,True,2e1c05da18e7e2272de803e68dbbe8a9dc109482f229429d1cf5399fee6b39b9,9101a26efaa53806ff92a078f6cf8c504d8d627ee3243ff11a955323ead9231f,23,23,0,6,8,9,14,True,True,True,True,True,True,0.6086956521739131,60,60,0,5,19,36,24,True,True,True,True,True,True,0.4,91,91,0,43,22,26,65,True,True,True,True,True,True,0.7142857142857143
e0c0408a,5,focus,600,10.0,e0c0408a__day1____2023.12.05T19.36.11p03.00,Old_EEG__e0c0408a__day1____2023.12.05T19.36.11p03.00,2023-12-05T16:36:11.720412970+00:00,4511.134876966476,True,600.0,True,2023-12-05T16:51:11.720412970+00:00,True,True,a88d94eb2764400a6cf730d775eb9b275ff6de73ffb08b5399377625691cc684,9101a26efaa53806ff92a078f6cf8c504d8d627ee3243ff11a955323ead9231f,53,53,0,10,22,21,32,True,True,True,True,True,True,0.6037735849056604,30,30,0,1,5,24,6,True,True,True,False,False,False,0.2,91,91,0,43,22,26,65,True,True,True,True,True,True,0.7142857142857143
e0c0408a,5,focus,900,15.0,e0c0408a__day1____2023.12.05T19.36.11p03.00,Old_EEG__e0c0408a__day1____2023.12.05T19.36.11p03.00,2023-12-05T16:36:11.720412970+00:00,4511.134876966476,True,900.0,True,2023-12-05T16:51:11.720412970+00:00,True,True,c336e30c78e6cc2874b52181ea0df9f5d3c6eb0badf62ec3a732f3ba8a19a7a8,9101a26efaa53806ff92a078f6cf8c504d8d627ee3243ff11a955323ead9231f,83,83,0,11,27,45,38,True,True,True,True,True,True,0.4578313253012048,0,0,0,0,0,0,0,False,False,False,False,False,False,,91,91,0,43,22,26,65,True,True,True,True,True,True,0.7142857142857143
f0f2a1e1,2,attention,300,5.0,f0f2a1e1__day1____2023.12.05T17.42.49p03.00,Old_EEG__f0f2a1e1__day1____2023.12.05T17.42.49p03.00,2023-12-05T14:42:49.606161118+00:00,3403.248589992523,True,300.0,True,2023-12-05T14:57:49.606161118+00:00,True,True,4e6d96ee52a8996b798e83ac9277eaad12d861dc381fb4ea776fbe1a9a0aad09,d2556556e4c68034a66dd4987809026c6ce8bb8d80f65548eeab099d956e0017,30,30,0,5,2,23,7,True,True,True,True,False,False,0.23333333333333334,60,60,0,24,3,33,27,True,True,True,True,True,False,0.45,415,415,0,73,175,167,248,True,True,True,True,True,True,0.5975903614457831
f0f2a1e1,2,attention,600,10.0,f0f2a1e1__day1____2023.12.05T17.42.49p03.00,Old_EEG__f0f2a1e1__day1____2023.12.05T17.42.49p03.00,2023-12-05T14:42:49.606161118+00:00,3403.248589992523,True,600.0,True,2023-12-05T14:57:49.606161118+00:00,True,True,576e9424380bd9da736bab7c0754bd04b6cb4ab92fb233ac13949a1a1eff28ac,d2556556e4c68034a66dd4987809026c6ce8bb8d80f65548eeab099d956e0017,60,60,0,21,2,37,23,True,True,True,True,False,False,0.38333333333333336,30,30,0,8,3,19,11,True,True,True,True,True,False,0.36666666666666664,415,415,0,73,175,167,248,True,True,True,True,True,True,0.5975903614457831
f0f2a1e1,2,attention,900,15.0,f0f2a1e1__day1____2023.12.05T17.42.49p03.00,Old_EEG__f0f2a1e1__day1____2023.12.05T17.42.49p03.00,2023-12-05T14:42:49.606161118+00:00,3403.248589992523,True,900.0,True,2023-12-05T14:57:49.606161118+00:00,True,True,ee632a73a3b5aca5e5aee64294cf44c7c514b58d54f1d769e4ee705b9b195f20,d2556556e4c68034a66dd4987809026c6ce8bb8d80f65548eeab099d956e0017,90,90,0,29,5,56,34,True,True,True,True,True,True,0.37777777777777777,0,0,0,0,0,0,0,False,False,False,False,False,False,,415,415,0,73,175,167,248,True,True,True,True,True,True,0.5975903614457831
f0f2a1e1,2,engagement,300,5.0,f0f2a1e1__day1____2023.12.05T17.42.49p03.00,Old_EEG__f0f2a1e1__day1____2023.12.05T17.42.49p03.00,2023-12-05T14:42:49.606161118+00:00,3403.248589992523,True,300.0,True,2023-12-05T14:57:49.606161118+00:00,True,True,63801d0487a5cb6d7263b2745fa7b7ade2621fc512ce2750d19910add40ca68d,b54a9e81d568ca7ae700c61920019761b446bcd73e28472ba225447038e78fbe,30,30,0,2,25,3,27,True,True,True,True,False,False,0.9,60,60,0,7,15,38,22,True,True,True,True,True,True,0.36666666666666664,415,415,0,134,138,143,272,True,True,True,True,True,True,0.655421686746988
f0f2a1e1,2,engagement,600,10.0,f0f2a1e1__day1____2023.12.05T17.42.49p03.00,Old_EEG__f0f2a1e1__day1____2023.12.05T17.42.49p03.00,2023-12-05T14:42:49.606161118+00:00,3403.248589992523,True,600.0,True,2023-12-05T14:57:49.606161118+00:00,True,True,bd5177024215c93fbfa8967c78aea66b98033a0b934b1bfc83be5f246935f8d7,b54a9e81d568ca7ae700c61920019761b446bcd73e28472ba225447038e78fbe,60,60,0,7,35,18,42,True,True,True,True,True,True,0.7,30,30,0,2,5,23,7,True,True,True,True,False,False,0.23333333333333334,415,415,0,134,138,143,272,True,True,True,True,True,True,0.655421686746988
f0f2a1e1,2,engagement,900,15.0,f0f2a1e1__day1____2023.12.05T17.42.49p03.00,Old_EEG__f0f2a1e1__day1____2023.12.05T17.42.49p03.00,2023-12-05T14:42:49.606161118+00:00,3403.248589992523,True,900.0,True,2023-12-05T14:57:49.606161118+00:00,True,True,ff3445c133ec82a8493a0c5c7145386a6db34a78b1078887ba36962cf953ef14,b54a9e81d568ca7ae700c61920019761b446bcd73e28472ba225447038e78fbe,90,90,0,9,40,41,49,True,True,True,True,True,True,0.5444444444444444,0,0,0,0,0,0,0,False,False,False,False,False,False,,415,415,0,134,138,143,272,True,True,True,True,True,True,0.655421686746988
f0f2a1e1,2,excitement,300,5.0,f0f2a1e1__day1____2023.12.05T17.42.49p03.00,Old_EEG__f0f2a1e1__day1____2023.12.05T17.42.49p03.00,2023-12-05T14:42:49.606161118+00:00,3403.248589992523,True,300.0,False,2023-12-05T14:57:49.606161118+00:00,True,False,3f34b25204b70903417192da75d10327fb11820978c3434b2e2a1e1cbbf9b7cb,c5f3390a9dcc6347339576bbf68c143c1f2c0552f2a77d25b1aee972b7188174,30,30,0,0,15,15,15,True,False,False,False,False,False,0.5,60,60,0,2,42,16,44,True,True,True,True,False,False,0.7333333333333333,415,415,0,60,280,75,340,True,True,True,True,True,True,0.8192771084337349
f0f2a1e1,2,excitement,600,10.0,f0f2a1e1__day1____2023.12.05T17.42.49p03.00,Old_EEG__f0f2a1e1__day1____2023.12.05T17.42.49p03.00,2023-12-05T14:42:49.606161118+00:00,3403.248589992523,True,600.0,False,2023-12-05T14:57:49.606161118+00:00,True,False,be087237e5e1bec4a056d82dc5faebab9ae73b59cda5771d932908aa34fce1d5,c5f3390a9dcc6347339576bbf68c143c1f2c0552f2a77d25b1aee972b7188174,60,60,0,1,36,23,37,True,True,True,False,False,False,0.6166666666666667,30,30,0,1,21,8,22,True,True,True,False,False,False,0.7333333333333333,415,415,0,60,280,75,340,True,True,True,True,True,True,0.8192771084337349
f0f2a1e1,2,excitement,900,15.0,f0f2a1e1__day1____2023.12.05T17.42.49p03.00,Old_EEG__f0f2a1e1__day1____2023.12.05T17.42.49p03.00,2023-12-05T14:42:49.606161118+00:00,3403.248589992523,True,900.0,True,2023-12-05T14:57:49.606161118+00:00,True,True,9a970e6b129ef598a7d0d3759c52270200e47155eb06e3f586f3cfe0e239a4f1,c5f3390a9dcc6347339576bbf68c143c1f2c0552f2a77d25b1aee972b7188174,90,90,0,2,57,31,59,True,True,True,True,False,False,0.6555555555555556,0,0,0,0,0,0,0,False,False,False,False,False,False,,415,415,0,60,280,75,340,True,True,True,True,True,True,0.8192771084337349
f0f2a1e1,2,stress,300,5.0,f0f2a1e1__day1____2023.12.05T17.42.49p03.00,Old_EEG__f0f2a1e1__day1____2023.12.05T17.42.49p03.00,2023-12-05T14:42:49.606161118+00:00,3403.248589992523,True,300.0,False,2023-12-05T14:57:49.606161118+00:00,True,False,6b9dc541758bb4271dab2f0a9507a24d744a8a5480ed626caa4bd13474372971,3b10d678812c8234e8dec03acd9cd57dad4f9381831f200c9c6c904ac8fcb7ff,30,30,0,26,0,4,26,True,False,False,False,False,False,0.8666666666666667,60,60,0,33,9,18,42,True,True,True,True,True,True,0.7,415,415,0,209,118,88,327,True,True,True,True,True,True,0.7879518072289157
f0f2a1e1,2,stress,600,10.0,f0f2a1e1__day1____2023.12.05T17.42.49p03.00,Old_EEG__f0f2a1e1__day1____2023.12.05T17.42.49p03.00,2023-12-05T14:42:49.606161118+00:00,3403.248589992523,True,600.0,True,2023-12-05T14:57:49.606161118+00:00,True,True,6b2e460ad5349acf9d56cc2419f08842272d12de2d8b4e542c4aea6bdb904f10,3b10d678812c8234e8dec03acd9cd57dad4f9381831f200c9c6c904ac8fcb7ff,60,60,0,39,5,16,44,True,True,True,True,True,True,0.7333333333333333,30,30,0,20,4,6,24,True,True,True,True,True,False,0.8,415,415,0,209,118,88,327,True,True,True,True,True,True,0.7879518072289157
f0f2a1e1,2,stress,900,15.0,f0f2a1e1__day1____2023.12.05T17.42.49p03.00,Old_EEG__f0f2a1e1__day1____2023.12.05T17.42.49p03.00,2023-12-05T14:42:49.606161118+00:00,3403.248589992523,True,900.0,True,2023-12-05T14:57:49.606161118+00:00,True,True,6ce8856ecc7a2fedcc58245f198afb2e57e03ba00952899c072b56e752125b1e,3b10d678812c8234e8dec03acd9cd57dad4f9381831f200c9c6c904ac8fcb7ff,90,90,0,59,9,22,68,True,True,True,True,True,True,0.7555555555555555,0,0,0,0,0,0,0,False,False,False,False,False,False,,415,415,0,209,118,88,327,True,True,True,True,True,True,0.7879518072289157
f0f2a1e1,2,relaxation,300,5.0,f0f2a1e1__day1____2023.12.05T17.42.49p03.00,Old_EEG__f0f2a1e1__day1____2023.12.05T17.42.49p03.00,2023-12-05T14:42:49.606161118+00:00,3403.248589992523,True,300.0,False,2023-12-05T14:57:49.606161118+00:00,True,False,bdf37d66963e7fa873f14696c939d2f03fb40d273c6ee56273e08fb3628e9ebf,21655a2c8ec9a7ebb783c12b8050f1b31fae50cca39354423c8d8bb59cec68a1,30,30,0,16,1,13,17,True,True,True,False,False,False,0.5666666666666667,60,60,0,19,6,35,25,True,True,True,True,True,True,0.4166666666666667,415,415,0,183,92,140,275,True,True,True,True,True,True,0.6626506024096386
f0f2a1e1,2,relaxation,600,10.0,f0f2a1e1__day1____2023.12.05T17.42.49p03.00,Old_EEG__f0f2a1e1__day1____2023.12.05T17.42.49p03.00,2023-12-05T14:42:49.606161118+00:00,3403.248589992523,True,600.0,True,2023-12-05T14:57:49.606161118+00:00,True,True,3d13235e0014d535dac091ae1477473ebc0c9206ba689cd574c4c0940d11e634,21655a2c8ec9a7ebb783c12b8050f1b31fae50cca39354423c8d8bb59cec68a1,60,60,0,23,5,32,28,True,True,True,True,True,True,0.4666666666666667,30,30,0,12,2,16,14,True,True,True,True,False,False,0.4666666666666667,415,415,0,183,92,140,275,True,True,True,True,True,True,0.6626506024096386
f0f2a1e1,2,relaxation,900,15.0,f0f2a1e1__day1____2023.12.05T17.42.49p03.00,Old_EEG__f0f2a1e1__day1____2023.12.05T17.42.49p03.00,2023-12-05T14:42:49.606161118+00:00,3403.248589992523,True,900.0,True,2023-12-05T14:57:49.606161118+00:00,True,True,1f176576036a0883a0e0ba869068d67a82572655d2aa321d9440bcb988120762,21655a2c8ec9a7ebb783c12b8050f1b31fae50cca39354423c8d8bb59cec68a1,90,90,0,35,7,48,42,True,True,True,True,True,True,0.4666666666666667,0,0,0,0,0,0,0,False,False,False,False,False,False,,415,415,0,183,92,140,275,True,True,True,True,True,True,0.6626506024096386
f0f2a1e1,2,interest,300,5.0,f0f2a1e1__day1____2023.12.05T17.42.49p03.00,Old_EEG__f0f2a1e1__day1____2023.12.05T17.42.49p03.00,2023-12-05T14:42:49.606161118+00:00,3403.248589992523,True,300.0,False,2023-12-05T14:57:49.606161118+00:00,True,False,4953077bf0160a5dd04fe8d1850e7b480333457639bc514c0af4d44c2ac0e87a,b5151c98acf0d31baea326fa012e89d5232d30a7928f4cc61bfb6bb8479bb781,30,30,0,1,0,29,1,True,False,False,False,False,False,0.03333333333333333,60,60,0,0,9,51,9,True,False,False,False,False,False,0.15,415,415,0,88,135,192,223,True,True,True,True,True,True,0.5373493975903615
f0f2a1e1,2,interest,600,10.0,f0f2a1e1__day1____2023.12.05T17.42.49p03.00,Old_EEG__f0f2a1e1__day1____2023.12.05T17.42.49p03.00,2023-12-05T14:42:49.606161118+00:00,3403.248589992523,True,600.0,False,2023-12-05T14:57:49.606161118+00:00,True,False,03fc71602e1a74726b3afd379d02275f32fbdaf14abadbd4fa546b94741bcedc,b5151c98acf0d31baea326fa012e89d5232d30a7928f4cc61bfb6bb8479bb781,60,60,0,1,3,56,4,True,True,True,False,False,False,0.06666666666666667,30,30,0,0,6,24,6,True,False,False,False,False,False,0.2,415,415,0,88,135,192,223,True,True,True,True,True,True,0.5373493975903615
f0f2a1e1,2,interest,900,15.0,f0f2a1e1__day1____2023.12.05T17.42.49p03.00,Old_EEG__f0f2a1e1__day1____2023.12.05T17.42.49p03.00,2023-12-05T14:42:49.606161118+00:00,3403.248589992523,True,900.0,False,2023-12-05T14:57:49.606161118+00:00,True,False,e2cbbd006d8957287f022cbdaa7bf4c56b6fef53c9a107d4ff25ffc009605b45,b5151c98acf0d31baea326fa012e89d5232d30a7928f4cc61bfb6bb8479bb781,90,90,0,1,9,80,10,True,True,True,False,False,False,0.1111111111111111,0,0,0,0,0,0,0,False,False,False,False,False,False,,415,415,0,88,135,192,223,True,True,True,True,True,True,0.5373493975903615
f0f2a1e1,2,focus,300,5.0,f0f2a1e1__day1____2023.12.05T17.42.49p03.00,Old_EEG__f0f2a1e1__day1____2023.12.05T17.42.49p03.00,2023-12-05T14:42:49.606161118+00:00,3403.248589992523,True,300.0,False,2023-12-05T14:57:49.606161118+00:00,True,False,b9b9a6c8068d48b6089d996f44bf7064c489e081e4a93ad96a8524c386a674f3,e696d0decd6f0fdceb1680f2cccfbf785ab33ed010410fee2f88abd8657e819c,30,30,0,0,12,18,12,True,False,False,False,False,False,0.4,60,60,0,0,53,7,53,True,False,False,False,False,False,0.8833333333333333,415,415,0,35,299,81,334,True,True,True,True,True,True,0.8048192771084337
f0f2a1e1,2,focus,600,10.0,f0f2a1e1__day1____2023.12.05T17.42.49p03.00,Old_EEG__f0f2a1e1__day1____2023.12.05T17.42.49p03.00,2023-12-05T14:42:49.606161118+00:00,3403.248589992523,True,600.0,False,2023-12-05T14:57:49.606161118+00:00,True,False,35fa402e192477b5861da77993ce199b26530ef2ec08873111351b1e5689dddc,e696d0decd6f0fdceb1680f2cccfbf785ab33ed010410fee2f88abd8657e819c,60,60,0,0,37,23,37,True,False,False,False,False,False,0.6166666666666667,30,30,0,0,28,2,28,True,False,False,False,False,False,0.9333333333333333,415,415,0,35,299,81,334,True,True,True,True,True,True,0.8048192771084337
f0f2a1e1,2,focus,900,15.0,f0f2a1e1__day1____2023.12.05T17.42.49p03.00,Old_EEG__f0f2a1e1__day1____2023.12.05T17.42.49p03.00,2023-12-05T14:42:49.606161118+00:00,3403.248589992523,True,900.0,False,2023-12-05T14:57:49.606161118+00:00,True,False,6d96eac9297a46a0d204dc9f94338421d4ae5c46d32cf66ab537373d0215fb15,e696d0decd6f0fdceb1680f2cccfbf785ab33ed010410fee2f88abd8657e819c,90,90,0,0,65,25,65,True,False,False,False,False,False,0.7222222222222222,0,0,0,0,0,0,0,False,False,False,False,False,False,,415,415,0,35,299,81,334,True,True,True,True,True,True,0.8048192771084337
f121f1e0,5,attention,300,5.0,f121f1e0__day1____2023.12.08T09.23.54p03.00,gpn_data__f121f1e0__day1____2023.12.08T09.23.54p03.00,2023-12-08T06:23:54.120569944+00:00,6928.233174085617,True,300.0,True,2023-12-08T06:38:54.120569944+00:00,True,True,e7c4b88b2a76c1126a1561b501493f73d887a056356dc0ed6b6dd9c8529e779b,dda77cac1b0db84a9230ff27fc39ba3d9f4b37208fa06814f9595c5455daddb8,30,30,0,5,4,21,9,True,True,True,True,True,False,0.3,60,60,0,19,10,31,29,True,True,True,True,True,True,0.48333333333333334,601,553,48,156,231,166,387,True,True,True,True,True,True,0.6998191681735986
f121f1e0,5,attention,600,10.0,f121f1e0__day1____2023.12.08T09.23.54p03.00,gpn_data__f121f1e0__day1____2023.12.08T09.23.54p03.00,2023-12-08T06:23:54.120569944+00:00,6928.233174085617,True,600.0,True,2023-12-08T06:38:54.120569944+00:00,True,True,a17a56d9866e0464a8a63807b79cfc65488ad57fe7eabef6505cbf1b87564b60,dda77cac1b0db84a9230ff27fc39ba3d9f4b37208fa06814f9595c5455daddb8,60,60,0,7,14,39,21,True,True,True,True,True,True,0.35,30,30,0,17,0,13,17,True,False,False,False,False,False,0.5666666666666667,601,553,48,156,231,166,387,True,True,True,True,True,True,0.6998191681735986
f121f1e0,5,attention,900,15.0,f121f1e0__day1____2023.12.08T09.23.54p03.00,gpn_data__f121f1e0__day1____2023.12.08T09.23.54p03.00,2023-12-08T06:23:54.120569944+00:00,6928.233174085617,True,900.0,True,2023-12-08T06:38:54.120569944+00:00,True,True,96ca1dd82a5e012492bde4f0560e84324a558cfafde3464bfd28cfdeb3b4a2dd,dda77cac1b0db84a9230ff27fc39ba3d9f4b37208fa06814f9595c5455daddb8,90,90,0,24,14,52,38,True,True,True,True,True,True,0.4222222222222222,0,0,0,0,0,0,0,False,False,False,False,False,False,,601,553,48,156,231,166,387,True,True,True,True,True,True,0.6998191681735986
f121f1e0,5,engagement,300,5.0,f121f1e0__day1____2023.12.08T09.23.54p03.00,gpn_data__f121f1e0__day1____2023.12.08T09.23.54p03.00,2023-12-08T06:23:54.120569944+00:00,6928.233174085617,True,300.0,False,2023-12-08T06:38:54.120569944+00:00,True,False,cf45a3ad615a45ff5e5e2da2907c4857932c70decde6283b3554b8cd9c81a99f,38e43ccfd66d94ad3e5447e418c2b858226b0938ebffa4ccf95ffa198f4e9f5a,30,30,0,0,24,6,24,True,False,False,False,False,False,0.8,60,60,0,0,36,24,36,True,False,False,False,False,False,0.6,601,601,0,129,280,192,409,True,True,True,True,True,True,0.6805324459234608
f121f1e0,5,engagement,600,10.0,f121f1e0__day1____2023.12.08T09.23.54p03.00,gpn_data__f121f1e0__day1____2023.12.08T09.23.54p03.00,2023-12-08T06:23:54.120569944+00:00,6928.233174085617,True,600.0,False,2023-12-08T06:38:54.120569944+00:00,True,False,d9be8281b6996f80d8930dca3f97ee22d0ed8cb332e0b25e815f8be2b78e1d5b,38e43ccfd66d94ad3e5447e418c2b858226b0938ebffa4ccf95ffa198f4e9f5a,60,60,0,0,38,22,38,True,False,False,False,False,False,0.6333333333333333,30,30,0,0,22,8,22,True,False,False,False,False,False,0.7333333333333333,601,601,0,129,280,192,409,True,True,True,True,True,True,0.6805324459234608
f121f1e0,5,engagement,900,15.0,f121f1e0__day1____2023.12.08T09.23.54p03.00,gpn_data__f121f1e0__day1____2023.12.08T09.23.54p03.00,2023-12-08T06:23:54.120569944+00:00,6928.233174085617,True,900.0,False,2023-12-08T06:38:54.120569944+00:00,True,False,92d0ffd7cc63f0cf124c5f30cf7535f627376256ae47785506622e70dff7b217,38e43ccfd66d94ad3e5447e418c2b858226b0938ebffa4ccf95ffa198f4e9f5a,90,90,0,0,60,30,60,True,False,False,False,False,False,0.6666666666666666,0,0,0,0,0,0,0,False,False,False,False,False,False,,601,601,0,129,280,192,409,True,True,True,True,True,True,0.6805324459234608
f121f1e0,5,excitement,300,5.0,f121f1e0__day1____2023.12.08T09.23.54p03.00,gpn_data__f121f1e0__day1____2023.12.08T09.23.54p03.00,2023-12-08T06:23:54.120569944+00:00,6928.233174085617,True,300.0,True,2023-12-08T06:38:54.120569944+00:00,True,True,0a967634fc0b01ccf6f9114f98d5035d60d8bdc243ed00ebb715bf5d20a04b6f,60862d81bc3c366bdd38a927f683193d52cb669932261cb85f23f2526bd4729f,30,30,0,12,6,12,18,True,True,True,True,True,True,0.6,60,60,0,13,16,31,29,True,True,True,True,True,True,0.48333333333333334,601,601,0,100,298,203,398,True,True,True,True,True,True,0.6622296173044925
f121f1e0,5,excitement,600,10.0,f121f1e0__day1____2023.12.08T09.23.54p03.00,gpn_data__f121f1e0__day1____2023.12.08T09.23.54p03.00,2023-12-08T06:23:54.120569944+00:00,6928.233174085617,True,600.0,True,2023-12-08T06:38:54.120569944+00:00,True,True,979a860c869bacc8fbb99fa46e5d93d8c7009a2a6878e066db30f77baae8ebc1,60862d81bc3c366bdd38a927f683193d52cb669932261cb85f23f2526bd4729f,60,60,0,20,13,27,33,True,True,True,True,True,True,0.55,30,30,0,5,9,16,14,True,True,True,True,True,True,0.4666666666666667,601,601,0,100,298,203,398,True,True,True,True,True,True,0.6622296173044925
f121f1e0,5,excitement,900,15.0,f121f1e0__day1____2023.12.08T09.23.54p03.00,gpn_data__f121f1e0__day1____2023.12.08T09.23.54p03.00,2023-12-08T06:23:54.120569944+00:00,6928.233174085617,True,900.0,True,2023-12-08T06:38:54.120569944+00:00,True,True,ee5f5dcdf9e8bf573f53d27eafd233edab23d9b2550a3881e3003b0cabd68a57,60862d81bc3c366bdd38a927f683193d52cb669932261cb85f23f2526bd4729f,90,90,0,25,22,43,47,True,True,True,True,True,True,0.5222222222222223,0,0,0,0,0,0,0,False,False,False,False,False,False,,601,601,0,100,298,203,398,True,True,True,True,True,True,0.6622296173044925
f121f1e0,5,stress,300,5.0,f121f1e0__day1____2023.12.08T09.23.54p03.00,gpn_data__f121f1e0__day1____2023.12.08T09.23.54p03.00,2023-12-08T06:23:54.120569944+00:00,6928.233174085617,True,300.0,True,2023-12-08T06:38:54.120569944+00:00,True,True,ea7edb4e6cf6b46193129e2654aa52508ac01bf69ba941ba1989d224c8f50a82,8002ff18301bf4169cee0d79d5567b3725064f06ce95dd89f2895ce510914ab5,30,30,0,21,7,2,28,True,True,True,True,True,True,0.9333333333333333,60,60,0,17,35,8,52,True,True,True,True,True,True,0.8666666666666667,601,601,0,347,198,56,545,True,True,True,True,True,True,0.9068219633943427
f121f1e0,5,stress,600,10.0,f121f1e0__day1____2023.12.08T09.23.54p03.00,gpn_data__f121f1e0__day1____2023.12.08T09.23.54p03.00,2023-12-08T06:23:54.120569944+00:00,6928.233174085617,True,600.0,True,2023-12-08T06:38:54.120569944+00:00,True,True,e0c2bea5ececbc5ab7c110d170c90bd2bd7c231b8199d105ce45de7003589acd,8002ff18301bf4169cee0d79d5567b3725064f06ce95dd89f2895ce510914ab5,60,60,0,36,18,6,54,True,True,True,True,True,True,0.9,30,30,0,2,24,4,26,True,True,True,True,False,False,0.8666666666666667,601,601,0,347,198,56,545,True,True,True,True,True,True,0.9068219633943427
f121f1e0,5,stress,900,15.0,f121f1e0__day1____2023.12.08T09.23.54p03.00,gpn_data__f121f1e0__day1____2023.12.08T09.23.54p03.00,2023-12-08T06:23:54.120569944+00:00,6928.233174085617,True,900.0,True,2023-12-08T06:38:54.120569944+00:00,True,True,784e28488b4db9bd12949a97bf2d7476e80bbd92c7ff1a759b84045b8eb05ca2,8002ff18301bf4169cee0d79d5567b3725064f06ce95dd89f2895ce510914ab5,90,90,0,38,42,10,80,True,True,True,True,True,True,0.8888888888888888,0,0,0,0,0,0,0,False,False,False,False,False,False,,601,601,0,347,198,56,545,True,True,True,True,True,True,0.9068219633943427
f121f1e0,5,relaxation,300,5.0,f121f1e0__day1____2023.12.08T09.23.54p03.00,gpn_data__f121f1e0__day1____2023.12.08T09.23.54p03.00,2023-12-08T06:23:54.120569944+00:00,6928.233174085617,True,300.0,False,2023-12-08T06:38:54.120569944+00:00,True,False,eb602af51c8ee9ffb83f448653b9623d15e066f5f2292d21d4332a86541244c1,88ee302e9eab1b17854dd009a812605623da43375745e696d67e2e1afc264efe,30,30,0,0,1,29,1,True,False,False,False,False,False,0.03333333333333333,60,60,0,1,10,49,11,True,True,True,False,False,False,0.18333333333333332,601,601,0,210,189,202,399,True,True,True,True,True,True,0.6638935108153078
f121f1e0,5,relaxation,600,10.0,f121f1e0__day1____2023.12.08T09.23.54p03.00,gpn_data__f121f1e0__day1____2023.12.08T09.23.54p03.00,2023-12-08T06:23:54.120569944+00:00,6928.233174085617,True,600.0,False,2023-12-08T06:38:54.120569944+00:00,True,False,6c66c13958350313ed0586c573035bf5f31b23c859538039f1463a4fb1bc6f9d,88ee302e9eab1b17854dd009a812605623da43375745e696d67e2e1afc264efe,60,60,0,0,4,56,4,True,False,False,False,False,False,0.06666666666666667,30,30,0,1,7,22,8,True,True,True,False,False,False,0.26666666666666666,601,601,0,210,189,202,399,True,True,True,True,True,True,0.6638935108153078
f121f1e0,5,relaxation,900,15.0,f121f1e0__day1____2023.12.08T09.23.54p03.00,gpn_data__f121f1e0__day1____2023.12.08T09.23.54p03.00,2023-12-08T06:23:54.120569944+00:00,6928.233174085617,True,900.0,False,2023-12-08T06:38:54.120569944+00:00,True,False,b495482d8e9bfa48825c861eb79e927b153bd0867646a56a62d0ec9c3940e5d5,88ee302e9eab1b17854dd009a812605623da43375745e696d67e2e1afc264efe,90,90,0,1,11,78,12,True,True,True,False,False,False,0.13333333333333333,0,0,0,0,0,0,0,False,False,False,False,False,False,,601,601,0,210,189,202,399,True,True,True,True,True,True,0.6638935108153078
f121f1e0,5,interest,300,5.0,f121f1e0__day1____2023.12.08T09.23.54p03.00,gpn_data__f121f1e0__day1____2023.12.08T09.23.54p03.00,2023-12-08T06:23:54.120569944+00:00,6928.233174085617,True,300.0,True,2023-12-08T06:38:54.120569944+00:00,True,True,7b54cb0dafb7f66d53688b70e28e42b5053d83cc6258f5b36253afee3837fcfb,4c011177b27de1b696359de0b071f44ab1265aa69bb9621883984cac5672f3f3,30,30,0,17,5,8,22,True,True,True,True,True,True,0.7333333333333333,60,60,0,18,26,16,44,True,True,True,True,True,True,0.7333333333333333,601,601,0,214,306,81,520,True,True,True,True,True,True,0.8652246256239601
f121f1e0,5,interest,600,10.0,f121f1e0__day1____2023.12.08T09.23.54p03.00,gpn_data__f121f1e0__day1____2023.12.08T09.23.54p03.00,2023-12-08T06:23:54.120569944+00:00,6928.233174085617,True,600.0,True,2023-12-08T06:38:54.120569944+00:00,True,True,4dbcc58fc3aebb3c9b4a032597a572cedbae1b5213a43dfbbd9f5eb8d66224f8,4c011177b27de1b696359de0b071f44ab1265aa69bb9621883984cac5672f3f3,60,60,0,26,15,19,41,True,True,True,True,True,True,0.6833333333333333,30,30,0,9,16,5,25,True,True,True,True,True,True,0.8333333333333334,601,601,0,214,306,81,520,True,True,True,True,True,True,0.8652246256239601
f121f1e0,5,interest,900,15.0,f121f1e0__day1____2023.12.08T09.23.54p03.00,gpn_data__f121f1e0__day1____2023.12.08T09.23.54p03.00,2023-12-08T06:23:54.120569944+00:00,6928.233174085617,True,900.0,True,2023-12-08T06:38:54.120569944+00:00,True,True,40e40abd53d9d816f81564c6892bcba0e577b4f53c78b6ba5013e408d9db6082,4c011177b27de1b696359de0b071f44ab1265aa69bb9621883984cac5672f3f3,90,90,0,35,31,24,66,True,True,True,True,True,True,0.7333333333333333,0,0,0,0,0,0,0,False,False,False,False,False,False,,601,601,0,214,306,81,520,True,True,True,True,True,True,0.8652246256239601
f121f1e0,5,focus,300,5.0,f121f1e0__day1____2023.12.08T09.23.54p03.00,gpn_data__f121f1e0__day1____2023.12.08T09.23.54p03.00,2023-12-08T06:23:54.120569944+00:00,6928.233174085617,True,300.0,True,2023-12-08T06:38:54.120569944+00:00,True,True,16003f73b773d93dea7ec0d5e276687a3b594683129e7724aac2fa616b844b0c,b336ab53c8c55f730fa86bc05ae225eb9549644590d0be25e469d98f7b1a7ba9,30,30,0,18,8,4,26,True,True,True,True,True,True,0.8666666666666667,60,60,0,13,19,28,32,True,True,True,True,True,True,0.5333333333333333,601,601,0,129,291,181,420,True,True,True,True,True,True,0.6988352745424293
f121f1e0,5,focus,600,10.0,f121f1e0__day1____2023.12.08T09.23.54p03.00,gpn_data__f121f1e0__day1____2023.12.08T09.23.54p03.00,2023-12-08T06:23:54.120569944+00:00,6928.233174085617,True,600.0,True,2023-12-08T06:38:54.120569944+00:00,True,True,09f0479c473c4d0a2b27de190460845fe4954978df67e1573ee45efb2933a184,b336ab53c8c55f730fa86bc05ae225eb9549644590d0be25e469d98f7b1a7ba9,60,60,0,30,14,16,44,True,True,True,True,True,True,0.7333333333333333,30,30,0,1,13,16,14,True,True,True,False,False,False,0.4666666666666667,601,601,0,129,291,181,420,True,True,True,True,True,True,0.6988352745424293
f121f1e0,5,focus,900,15.0,f121f1e0__day1____2023.12.08T09.23.54p03.00,gpn_data__f121f1e0__day1____2023.12.08T09.23.54p03.00,2023-12-08T06:23:54.120569944+00:00,6928.233174085617,True,900.0,True,2023-12-08T06:38:54.120569944+00:00,True,True,58a279004ff407d1cae9cbfc17a0cba0b4d2aad035a5fd9a813a192f2816704d,b336ab53c8c55f730fa86bc05ae225eb9549644590d0be25e469d98f7b1a7ba9,90,90,0,31,27,32,58,True,True,True,True,True,True,0.6444444444444445,0,0,0,0,0,0,0,False,False,False,False,False,False,,601,601,0,129,291,181,420,True,True,True,True,True,True,0.6988352745424293
f1a0c120,4,attention,300,5.0,f1a0c120__day1____2023.12.07T15.27.33p03.00,Old_EEG__f1a0c120__day1____2023.12.07T15.27.33p03.00,2023-12-07T12:27:33.720740080+00:00,6421.343008995056,True,300.0,True,2023-12-07T12:42:33.720740080+00:00,True,True,df0036c3de65fd4efa91b983edd1ed631048be95358eba77627ed32cf0a47132,673974f5ae3fd652038009993e1885c4fdc615e1acddbca7e8ad71165b0c2715,30,30,0,13,3,14,16,True,True,True,True,True,False,0.5333333333333333,60,60,0,44,6,10,50,True,True,True,True,True,True,0.8333333333333334,506,344,162,203,66,75,269,True,True,True,True,True,True,0.7819767441860465
f1a0c120,4,attention,600,10.0,f1a0c120__day1____2023.12.07T15.27.33p03.00,Old_EEG__f1a0c120__day1____2023.12.07T15.27.33p03.00,2023-12-07T12:27:33.720740080+00:00,6421.343008995056,True,600.0,True,2023-12-07T12:42:33.720740080+00:00,True,True,0a0213a8e19951cb5cccb8a382a083081f612a616c97afb0cdbba8d62953963c,673974f5ae3fd652038009993e1885c4fdc615e1acddbca7e8ad71165b0c2715,60,60,0,30,9,21,39,True,True,True,True,True,True,0.65,30,30,0,27,0,3,27,True,False,False,False,False,False,0.9,506,344,162,203,66,75,269,True,True,True,True,True,True,0.7819767441860465
f1a0c120,4,attention,900,15.0,f1a0c120__day1____2023.12.07T15.27.33p03.00,Old_EEG__f1a0c120__day1____2023.12.07T15.27.33p03.00,2023-12-07T12:27:33.720740080+00:00,6421.343008995056,True,900.0,True,2023-12-07T12:42:33.720740080+00:00,True,True,d4497c314474915b6d081bb74724e87a273f0be64f900b11806ac8c9ddc1967c,673974f5ae3fd652038009993e1885c4fdc615e1acddbca7e8ad71165b0c2715,90,90,0,57,9,24,66,True,True,True,True,True,True,0.7333333333333333,0,0,0,0,0,0,0,False,False,False,False,False,False,,506,344,162,203,66,75,269,True,True,True,True,True,True,0.7819767441860465
f1a0c120,4,engagement,300,5.0,f1a0c120__day1____2023.12.07T15.27.33p03.00,Old_EEG__f1a0c120__day1____2023.12.07T15.27.33p03.00,2023-12-07T12:27:33.720740080+00:00,6421.343008995056,True,300.0,True,2023-12-07T12:42:33.720740080+00:00,True,True,ad1b7093ff4d05707397cab891687f8e8c99cf226bbcb29cfb0d76b2c37873be,90ff6170999fa04be7c963b537129743c7ef9a2d7bacb6d37c71a13f3c394ee5,30,30,0,2,24,4,26,True,True,True,True,False,False,0.8666666666666667,60,60,0,0,56,4,56,True,False,False,False,False,False,0.9333333333333333,506,506,0,55,285,166,340,True,True,True,True,True,True,0.6719367588932806
f1a0c120,4,engagement,600,10.0,f1a0c120__day1____2023.12.07T15.27.33p03.00,Old_EEG__f1a0c120__day1____2023.12.07T15.27.33p03.00,2023-12-07T12:27:33.720740080+00:00,6421.343008995056,True,600.0,True,2023-12-07T12:42:33.720740080+00:00,True,True,d52a9146f56b5df7da033b2cb83bd8548dcca987b6cdfab652400de76a9a5ecf,90ff6170999fa04be7c963b537129743c7ef9a2d7bacb6d37c71a13f3c394ee5,60,60,0,2,53,5,55,True,True,True,True,False,False,0.9166666666666666,30,30,0,0,27,3,27,True,False,False,False,False,False,0.9,506,506,0,55,285,166,340,True,True,True,True,True,True,0.6719367588932806
f1a0c120,4,engagement,900,15.0,f1a0c120__day1____2023.12.07T15.27.33p03.00,Old_EEG__f1a0c120__day1____2023.12.07T15.27.33p03.00,2023-12-07T12:27:33.720740080+00:00,6421.343008995056,True,900.0,True,2023-12-07T12:42:33.720740080+00:00,True,True,ea314d3e860e073b21fb58be1e0b5e374f0bfab9799305f9a5399dc5f0608af7,90ff6170999fa04be7c963b537129743c7ef9a2d7bacb6d37c71a13f3c394ee5,90,90,0,2,80,8,82,True,True,True,True,False,False,0.9111111111111111,0,0,0,0,0,0,0,False,False,False,False,False,False,,506,506,0,55,285,166,340,True,True,True,True,True,True,0.6719367588932806
f1a0c120,4,excitement,300,5.0,f1a0c120__day1____2023.12.07T15.27.33p03.00,Old_EEG__f1a0c120__day1____2023.12.07T15.27.33p03.00,2023-12-07T12:27:33.720740080+00:00,6421.343008995056,True,300.0,True,2023-12-07T12:42:33.720740080+00:00,True,True,13512dd4aa4cc00098487bb77c9c6b3ad7e841f797701046ec1f5a6feee515a7,b7285b73385067d48cbcd2acd5db8260d2137e325d1241bc05908ced2f538a3e,30,30,0,14,3,13,17,True,True,True,True,True,False,0.5666666666666667,60,60,0,7,21,32,28,True,True,True,True,True,True,0.4666666666666667,506,506,0,126,99,281,225,True,True,True,True,True,True,0.44466403162055335
f1a0c120,4,excitement,600,10.0,f1a0c120__day1____2023.12.07T15.27.33p03.00,Old_EEG__f1a0c120__day1____2023.12.07T15.27.33p03.00,2023-12-07T12:27:33.720740080+00:00,6421.343008995056,True,600.0,True,2023-12-07T12:42:33.720740080+00:00,True,True,19f9d5e7ec11478d28c8868ada5890282c10d7d8db3c7efca3cb155bd0b1f313,b7285b73385067d48cbcd2acd5db8260d2137e325d1241bc05908ced2f538a3e,60,60,0,17,22,21,39,True,True,True,True,True,True,0.65,30,30,0,4,2,24,6,True,True,True,True,False,False,0.2,506,506,0,126,99,281,225,True,True,True,True,True,True,0.44466403162055335
f1a0c120,4,excitement,900,15.0,f1a0c120__day1____2023.12.07T15.27.33p03.00,Old_EEG__f1a0c120__day1____2023.12.07T15.27.33p03.00,2023-12-07T12:27:33.720740080+00:00,6421.343008995056,True,900.0,True,2023-12-07T12:42:33.720740080+00:00,True,True,009a7bdb5338909105d76a6e4de1dbe9a2de875bb2efd8e58c2e30adb0d817c4,b7285b73385067d48cbcd2acd5db8260d2137e325d1241bc05908ced2f538a3e,90,90,0,21,24,45,45,True,True,True,True,True,True,0.5,0,0,0,0,0,0,0,False,False,False,False,False,False,,506,506,0,126,99,281,225,True,True,True,True,True,True,0.44466403162055335
f1a0c120,4,stress,300,5.0,f1a0c120__day1____2023.12.07T15.27.33p03.00,Old_EEG__f1a0c120__day1____2023.12.07T15.27.33p03.00,2023-12-07T12:27:33.720740080+00:00,6421.343008995056,True,300.0,True,2023-12-07T12:42:33.720740080+00:00,True,True,312954b2590a32d4bbfb53c80d9cb08ec2e28b3f9cc8b19c340b94bddbff2022,c7adb09d108753673b5a2185b79bcb8295d65537afb8a7cabbf4961dc9ef0e27,30,30,0,13,13,4,26,True,True,True,True,True,True,0.8666666666666667,60,60,0,20,28,12,48,True,True,True,True,True,True,0.8,506,506,0,270,154,82,424,True,True,True,True,True,True,0.8379446640316206
f1a0c120,4,stress,600,10.0,f1a0c120__day1____2023.12.07T15.27.33p03.00,Old_EEG__f1a0c120__day1____2023.12.07T15.27.33p03.00,2023-12-07T12:27:33.720740080+00:00,6421.343008995056,True,600.0,True,2023-12-07T12:42:33.720740080+00:00,True,True,669c5d8ee293878cb891c8a242cfeac2b67545ec390d93cee6317c3cff56dd7d,c7adb09d108753673b5a2185b79bcb8295d65537afb8a7cabbf4961dc9ef0e27,60,60,0,22,29,9,51,True,True,True,True,True,True,0.85,30,30,0,11,12,7,23,True,True,True,True,True,True,0.7666666666666667,506,506,0,270,154,82,424,True,True,True,True,True,True,0.8379446640316206
f1a0c120,4,stress,900,15.0,f1a0c120__day1____2023.12.07T15.27.33p03.00,Old_EEG__f1a0c120__day1____2023.12.07T15.27.33p03.00,2023-12-07T12:27:33.720740080+00:00,6421.343008995056,True,900.0,True,2023-12-07T12:42:33.720740080+00:00,True,True,78714ba433006ed1df5ab922436fdcbc80ca1fff2be8a37d1814ad4b212d2c8a,c7adb09d108753673b5a2185b79bcb8295d65537afb8a7cabbf4961dc9ef0e27,90,90,0,33,41,16,74,True,True,True,True,True,True,0.8222222222222222,0,0,0,0,0,0,0,False,False,False,False,False,False,,506,506,0,270,154,82,424,True,True,True,True,True,True,0.8379446640316206
f1a0c120,4,relaxation,300,5.0,f1a0c120__day1____2023.12.07T15.27.33p03.00,Old_EEG__f1a0c120__day1____2023.12.07T15.27.33p03.00,2023-12-07T12:27:33.720740080+00:00,6421.343008995056,True,300.0,True,2023-12-07T12:42:33.720740080+00:00,True,True,0a357b2c9ab9a925366be0b774dbd50d868b3c393cb2f16022c18695b6a9272e,f2b7f847fcd08a61e5e256980a1992424738656c548a94ab92ba099507124457,30,30,0,12,12,6,24,True,True,True,True,True,True,0.8,60,60,0,21,16,23,37,True,True,True,True,True,True,0.6166666666666667,506,506,0,186,212,108,398,True,True,True,True,True,True,0.7865612648221344
f1a0c120,4,relaxation,600,10.0,f1a0c120__day1____2023.12.07T15.27.33p03.00,Old_EEG__f1a0c120__day1____2023.12.07T15.27.33p03.00,2023-12-07T12:27:33.720740080+00:00,6421.343008995056,True,600.0,True,2023-12-07T12:42:33.720740080+00:00,True,True,17accaf3f7292b04f056643532f0ac83abece6888bb210df479c87e1cb1623bf,f2b7f847fcd08a61e5e256980a1992424738656c548a94ab92ba099507124457,60,60,0,26,20,14,46,True,True,True,True,True,True,0.7666666666666667,30,30,0,7,8,15,15,True,True,True,True,True,True,0.5,506,506,0,186,212,108,398,True,True,True,True,True,True,0.7865612648221344
f1a0c120,4,relaxation,900,15.0,f1a0c120__day1____2023.12.07T15.27.33p03.00,Old_EEG__f1a0c120__day1____2023.12.07T15.27.33p03.00,2023-12-07T12:27:33.720740080+00:00,6421.343008995056,True,900.0,True,2023-12-07T12:42:33.720740080+00:00,True,True,338d49f113fb9b392829819e6d2e0dc67b69a473a9a92ff03d409d3623a54dbe,f2b7f847fcd08a61e5e256980a1992424738656c548a94ab92ba099507124457,90,90,0,33,28,29,61,True,True,True,True,True,True,0.6777777777777778,0,0,0,0,0,0,0,False,False,False,False,False,False,,506,506,0,186,212,108,398,True,True,True,True,True,True,0.7865612648221344
f1a0c120,4,interest,300,5.0,f1a0c120__day1____2023.12.07T15.27.33p03.00,Old_EEG__f1a0c120__day1____2023.12.07T15.27.33p03.00,2023-12-07T12:27:33.720740080+00:00,6421.343008995056,True,300.0,True,2023-12-07T12:42:33.720740080+00:00,True,True,90fde25a22f57dc9758c261ae28d698e2dd3915745efa0d4a126042d709a938c,71932a30c027aa68b570c6d7d64ae19646325188a6fc69f0be7c90963e28c430,30,30,0,6,20,4,26,True,True,True,True,True,True,0.8666666666666667,60,60,0,0,58,2,58,True,False,False,False,False,False,0.9666666666666667,506,506,0,60,411,35,471,True,True,True,True,True,True,0.9308300395256917
f1a0c120,4,interest,600,10.0,f1a0c120__day1____2023.12.07T15.27.33p03.00,Old_EEG__f1a0c120__day1____2023.12.07T15.27.33p03.00,2023-12-07T12:27:33.720740080+00:00,6421.343008995056,True,600.0,True,2023-12-07T12:42:33.720740080+00:00,True,True,a00fb8b33aa586f98acd22977882d5df0b4ca1be2c7258d20a1ff50807236a4c,71932a30c027aa68b570c6d7d64ae19646325188a6fc69f0be7c90963e28c430,60,60,0,6,48,6,54,True,True,True,True,True,True,0.9,30,30,0,0,30,0,30,True,False,False,False,False,False,1.0,506,506,0,60,411,35,471,True,True,True,True,True,True,0.9308300395256917
f1a0c120,4,interest,900,15.0,f1a0c120__day1____2023.12.07T15.27.33p03.00,Old_EEG__f1a0c120__day1____2023.12.07T15.27.33p03.00,2023-12-07T12:27:33.720740080+00:00,6421.343008995056,True,900.0,True,2023-12-07T12:42:33.720740080+00:00,True,True,ed9402276e0d5f15d1fb7ba9b5b0a7a0bf2a4b6864f74099b66350966362df63,71932a30c027aa68b570c6d7d64ae19646325188a6fc69f0be7c90963e28c430,90,90,0,6,78,6,84,True,True,True,True,True,True,0.9333333333333333,0,0,0,0,0,0,0,False,False,False,False,False,False,,506,506,0,60,411,35,471,True,True,True,True,True,True,0.9308300395256917
f1a0c120,4,focus,300,5.0,f1a0c120__day1____2023.12.07T15.27.33p03.00,Old_EEG__f1a0c120__day1____2023.12.07T15.27.33p03.00,2023-12-07T12:27:33.720740080+00:00,6421.343008995056,True,300.0,True,2023-12-07T12:42:33.720740080+00:00,True,True,5a18fca26e1925ab3d98905a6efe1d9cd7a4cdc31d767ea0d912d6ba757a5cb6,96930a9e134204ec5a8ef7ae3f6412d683710b690b5a1839d9f6584ba9a6c1d1,30,30,0,12,3,15,15,True,True,True,True,True,False,0.5,60,60,0,9,26,25,35,True,True,True,True,True,True,0.5833333333333334,506,506,0,244,99,163,343,True,True,True,True,True,True,0.6778656126482213
f1a0c120,4,focus,600,10.0,f1a0c120__day1____2023.12.07T15.27.33p03.00,Old_EEG__f1a0c120__day1____2023.12.07T15.27.33p03.00,2023-12-07T12:27:33.720740080+00:00,6421.343008995056,True,600.0,True,2023-12-07T12:42:33.720740080+00:00,True,True,4f29e3149298809d55ea995711d35d13f9c4782633d9236fff675fbb52da84aa,96930a9e134204ec5a8ef7ae3f6412d683710b690b5a1839d9f6584ba9a6c1d1,60,60,0,12,24,24,36,True,True,True,True,True,True,0.6,30,30,0,9,5,16,14,True,True,True,True,True,True,0.4666666666666667,506,506,0,244,99,163,343,True,True,True,True,True,True,0.6778656126482213
f1a0c120,4,focus,900,15.0,f1a0c120__day1____2023.12.07T15.27.33p03.00,Old_EEG__f1a0c120__day1____2023.12.07T15.27.33p03.00,2023-12-07T12:27:33.720740080+00:00,6421.343008995056,True,900.0,True,2023-12-07T12:42:33.720740080+00:00,True,True,62c722bd202b86f7482efb67d8cb64cb88064c9e571a799401c20ce87349f9fe,96930a9e134204ec5a8ef7ae3f6412d683710b690b5a1839d9f6584ba9a6c1d1,90,90,0,21,29,40,50,True,True,True,True,True,True,0.5555555555555556,0,0,0,0,0,0,0,False,False,False,False,False,False,,506,506,0,244,99,163,343,True,True,True,True,True,True,0.6778656126482213
f1d06060,1,attention,300,5.0,f1d06060__day1____2023.12.11T17.50.49p03.00,Old_EEG__f1d06060__day1____2023.12.11T17.50.49p03.00,2023-12-11T14:50:49.311839104+00:00,5577.9880928993225,True,300.0,False,2023-12-11T15:05:49.311839104+00:00,True,False,9ef5dea61a6117051320ccb5dbeda654748b7faa0906c680629b2b0b19136470,d1280e798666d90e9f620f52e11ea9eac53f18a7e1c3ac93ec69599cb6241e1b,28,28,0,1,7,20,8,True,True,True,False,False,False,0.2857142857142857,60,60,0,7,11,42,18,True,True,True,True,True,True,0.3,466,466,0,64,251,151,315,True,True,True,True,True,True,0.6759656652360515
f1d06060,1,attention,600,10.0,f1d06060__day1____2023.12.11T17.50.49p03.00,Old_EEG__f1d06060__day1____2023.12.11T17.50.49p03.00,2023-12-11T14:50:49.311839104+00:00,5577.9880928993225,True,600.0,True,2023-12-11T15:05:49.311839104+00:00,True,True,a71ae740b73668d12ce3c42d968a13cada130f9f55998099870d6fe6e5b9762f,d1280e798666d90e9f620f52e11ea9eac53f18a7e1c3ac93ec69599cb6241e1b,58,58,0,5,10,43,15,True,True,True,True,True,True,0.25862068965517243,30,30,0,3,8,19,11,True,True,True,True,True,False,0.36666666666666664,466,466,0,64,251,151,315,True,True,True,True,True,True,0.6759656652360515
f1d06060,1,attention,900,15.0,f1d06060__day1____2023.12.11T17.50.49p03.00,Old_EEG__f1d06060__day1____2023.12.11T17.50.49p03.00,2023-12-11T14:50:49.311839104+00:00,5577.9880928993225,True,900.0,True,2023-12-11T15:05:49.311839104+00:00,True,True,c26e9510c068c8f1b777102e6c5ff8c8a11e501524c5538689b671b07773b50b,d1280e798666d90e9f620f52e11ea9eac53f18a7e1c3ac93ec69599cb6241e1b,88,88,0,8,18,62,26,True,True,True,True,True,True,0.29545454545454547,0,0,0,0,0,0,0,False,False,False,False,False,False,,466,466,0,64,251,151,315,True,True,True,True,True,True,0.6759656652360515
f1d06060,1,engagement,300,5.0,f1d06060__day1____2023.12.11T17.50.49p03.00,Old_EEG__f1d06060__day1____2023.12.11T17.50.49p03.00,2023-12-11T14:50:49.311839104+00:00,5577.9880928993225,True,300.0,False,2023-12-11T15:05:49.311839104+00:00,True,False,29f6c0dc467c0222f97cae8c79239dfcec87535701790f240d8302799d00fd53,bbe45fb546940f5ea929d1276e3f6d4fb7f5f8b92e277445c6108b28f8f49fc1,28,28,0,1,24,3,25,True,True,True,False,False,False,0.8928571428571429,60,60,0,3,22,35,25,True,True,True,True,True,False,0.4166666666666667,466,466,0,245,71,150,316,True,True,True,True,True,True,0.6781115879828327
f1d06060,1,engagement,600,10.0,f1d06060__day1____2023.12.11T17.50.49p03.00,Old_EEG__f1d06060__day1____2023.12.11T17.50.49p03.00,2023-12-11T14:50:49.311839104+00:00,5577.9880928993225,True,600.0,True,2023-12-11T15:05:49.311839104+00:00,True,True,8f9ae5a890118532b6b40047292509b8a0a6c60593509016aeb84b374575a7d9,bbe45fb546940f5ea929d1276e3f6d4fb7f5f8b92e277445c6108b28f8f49fc1,58,58,0,2,37,19,39,True,True,True,True,False,False,0.6724137931034483,30,30,0,2,9,19,11,True,True,True,True,False,False,0.36666666666666664,466,466,0,245,71,150,316,True,True,True,True,True,True,0.6781115879828327
f1d06060,1,engagement,900,15.0,f1d06060__day1____2023.12.11T17.50.49p03.00,Old_EEG__f1d06060__day1____2023.12.11T17.50.49p03.00,2023-12-11T14:50:49.311839104+00:00,5577.9880928993225,True,900.0,True,2023-12-11T15:05:49.311839104+00:00,True,True,07fb76bf4a697b37e106f1953d600114bec48e022c25e15042ac28aea7e3cee3,bbe45fb546940f5ea929d1276e3f6d4fb7f5f8b92e277445c6108b28f8f49fc1,88,88,0,4,46,38,50,True,True,True,True,True,False,0.5681818181818182,0,0,0,0,0,0,0,False,False,False,False,False,False,,466,466,0,245,71,150,316,True,True,True,True,True,True,0.6781115879828327
f1d06060,1,excitement,300,5.0,f1d06060__day1____2023.12.11T17.50.49p03.00,Old_EEG__f1d06060__day1____2023.12.11T17.50.49p03.00,2023-12-11T14:50:49.311839104+00:00,5577.9880928993225,True,300.0,True,2023-12-11T15:05:49.311839104+00:00,True,True,b6b0b6c28391b78deb7ae39c2ef186874d16314e058e9c9f2693dfdc21277168,199e609c73521046adab28e4c69638ba0e934dcab6e7f8fb199e50946a853071,28,28,0,13,3,12,16,True,True,True,True,True,False,0.5714285714285714,60,60,0,6,42,12,48,True,True,True,True,True,True,0.8,466,466,0,141,235,90,376,True,True,True,True,True,True,0.8068669527896996
f1d06060,1,excitement,600,10.0,f1d06060__day1____2023.12.11T17.50.49p03.00,Old_EEG__f1d06060__day1____2023.12.11T17.50.49p03.00,2023-12-11T14:50:49.311839104+00:00,5577.9880928993225,True,600.0,True,2023-12-11T15:05:49.311839104+00:00,True,True,a9cbab45fd58129b502a90b86fb1beec6c4099b62f112abd551f4f8c9d69baaa,199e609c73521046adab28e4c69638ba0e934dcab6e7f8fb199e50946a853071,58,58,0,18,24,16,42,True,True,True,True,True,True,0.7241379310344828,30,30,0,1,21,8,22,True,True,True,False,False,False,0.7333333333333333,466,466,0,141,235,90,376,True,True,True,True,True,True,0.8068669527896996
f1d06060,1,excitement,900,15.0,f1d06060__day1____2023.12.11T17.50.49p03.00,Old_EEG__f1d06060__day1____2023.12.11T17.50.49p03.00,2023-12-11T14:50:49.311839104+00:00,5577.9880928993225,True,900.0,True,2023-12-11T15:05:49.311839104+00:00,True,True,5f520e26738df11060417413c8c915d080e5c6dcb04ca05d0c148b6a1b95b762,199e609c73521046adab28e4c69638ba0e934dcab6e7f8fb199e50946a853071,88,88,0,19,45,24,64,True,True,True,True,True,True,0.7272727272727273,0,0,0,0,0,0,0,False,False,False,False,False,False,,466,466,0,141,235,90,376,True,True,True,True,True,True,0.8068669527896996
f1d06060,1,stress,300,5.0,f1d06060__day1____2023.12.11T17.50.49p03.00,Old_EEG__f1d06060__day1____2023.12.11T17.50.49p03.00,2023-12-11T14:50:49.311839104+00:00,5577.9880928993225,True,300.0,True,2023-12-11T15:05:49.311839104+00:00,True,True,a6e3de7e6635c5ca2995922868e61f945f2cdb495dd27861bcfee99dd4512d6b,e716d39604ca24f6fb70d3a2ff2e28e877a6223405c501d4b9b889fa947952ca,28,28,0,19,5,4,24,True,True,True,True,True,True,0.8571428571428571,60,60,0,10,35,15,45,True,True,True,True,True,True,0.75,466,466,0,245,175,46,420,True,True,True,True,True,True,0.9012875536480687
f1d06060,1,stress,600,10.0,f1d06060__day1____2023.12.11T17.50.49p03.00,Old_EEG__f1d06060__day1____2023.12.11T17.50.49p03.00,2023-12-11T14:50:49.311839104+00:00,5577.9880928993225,True,600.0,True,2023-12-11T15:05:49.311839104+00:00,True,True,e02e3d992a0a4230f9dea77c4d658ce231bad00d526dd36ce9c2dbaacdb394dc,e716d39604ca24f6fb70d3a2ff2e28e877a6223405c501d4b9b889fa947952ca,58,58,0,24,18,16,42,True,True,True,True,True,True,0.7241379310344828,30,30,0,5,22,3,27,True,True,True,True,True,True,0.9,466,466,0,245,175,46,420,True,True,True,True,True,True,0.9012875536480687
f1d06060,1,stress,900,15.0,f1d06060__day1____2023.12.11T17.50.49p03.00,Old_EEG__f1d06060__day1____2023.12.11T17.50.49p03.00,2023-12-11T14:50:49.311839104+00:00,5577.9880928993225,True,900.0,True,2023-12-11T15:05:49.311839104+00:00,True,True,131d86c0f372cd1cb841ac663ac83ea67ffb50a04f8b27ca91149e3a31f2761d,e716d39604ca24f6fb70d3a2ff2e28e877a6223405c501d4b9b889fa947952ca,88,88,0,29,40,19,69,True,True,True,True,True,True,0.7840909090909091,0,0,0,0,0,0,0,False,False,False,False,False,False,,466,466,0,245,175,46,420,True,True,True,True,True,True,0.9012875536480687
f1d06060,1,relaxation,300,5.0,f1d06060__day1____2023.12.11T17.50.49p03.00,Old_EEG__f1d06060__day1____2023.12.11T17.50.49p03.00,2023-12-11T14:50:49.311839104+00:00,5577.9880928993225,True,300.0,True,2023-12-11T15:05:49.311839104+00:00,True,True,8f3406353e49686f5ec2ed21952039803c2e6a916938a06d0954803fcb4ac5cf,6a94453661ccb073c67a524b4105d640b4dcaff9a7cd1ffc58b68a8d2c19b2ca,28,28,0,26,2,0,28,True,True,True,True,False,False,1.0,60,60,0,43,5,12,48,True,True,True,True,True,True,0.8,466,466,0,180,176,110,356,True,True,True,True,True,True,0.7639484978540773
f1d06060,1,relaxation,600,10.0,f1d06060__day1____2023.12.11T17.50.49p03.00,Old_EEG__f1d06060__day1____2023.12.11T17.50.49p03.00,2023-12-11T14:50:49.311839104+00:00,5577.9880928993225,True,600.0,True,2023-12-11T15:05:49.311839104+00:00,True,True,6d6c63184b941526ffe44ca60e2b74a9c39968afa7fadcfc23a72c07a23f3067,6a94453661ccb073c67a524b4105d640b4dcaff9a7cd1ffc58b68a8d2c19b2ca,58,58,0,53,2,3,55,True,True,True,True,False,False,0.9482758620689655,30,30,0,16,5,9,21,True,True,True,True,True,True,0.7,466,466,0,180,176,110,356,True,True,True,True,True,True,0.7639484978540773
f1d06060,1,relaxation,900,15.0,f1d06060__day1____2023.12.11T17.50.49p03.00,Old_EEG__f1d06060__day1____2023.12.11T17.50.49p03.00,2023-12-11T14:50:49.311839104+00:00,5577.9880928993225,True,900.0,True,2023-12-11T15:05:49.311839104+00:00,True,True,0da2bb0b77e479a0fe85ed93b18f86874122a8f1acbeb709d4ac73af4341d821,6a94453661ccb073c67a524b4105d640b4dcaff9a7cd1ffc58b68a8d2c19b2ca,88,88,0,69,7,12,76,True,True,True,True,True,True,0.8636363636363636,0,0,0,0,0,0,0,False,False,False,False,False,False,,466,466,0,180,176,110,356,True,True,True,True,True,True,0.7639484978540773
f1d06060,1,interest,300,5.0,f1d06060__day1____2023.12.11T17.50.49p03.00,Old_EEG__f1d06060__day1____2023.12.11T17.50.49p03.00,2023-12-11T14:50:49.311839104+00:00,5577.9880928993225,True,300.0,True,2023-12-11T15:05:49.311839104+00:00,True,True,37f6919ba7176994118cf458a641db817dd0ce5c0caec36443f9ed4946bad117,b067f44c16c94c97217166ad52badabcfc619be2efb3ff98c23d7bfc24dda9a0,28,28,0,19,5,4,24,True,True,True,True,True,True,0.8571428571428571,60,60,0,12,25,23,37,True,True,True,True,True,True,0.6166666666666667,466,466,0,210,149,107,359,True,True,True,True,True,True,0.7703862660944206
f1d06060,1,interest,600,10.0,f1d06060__day1____2023.12.11T17.50.49p03.00,Old_EEG__f1d06060__day1____2023.12.11T17.50.49p03.00,2023-12-11T14:50:49.311839104+00:00,5577.9880928993225,True,600.0,True,2023-12-11T15:05:49.311839104+00:00,True,True,bc22db2e6c149c27ecead1c0e33982f7679e2cf86f6982b4670b763586a41f86,b067f44c16c94c97217166ad52badabcfc619be2efb3ff98c23d7bfc24dda9a0,58,58,0,29,11,18,40,True,True,True,True,True,True,0.6896551724137931,30,30,0,2,19,9,21,True,True,True,True,False,False,0.7,466,466,0,210,149,107,359,True,True,True,True,True,True,0.7703862660944206
f1d06060,1,interest,900,15.0,f1d06060__day1____2023.12.11T17.50.49p03.00,Old_EEG__f1d06060__day1____2023.12.11T17.50.49p03.00,2023-12-11T14:50:49.311839104+00:00,5577.9880928993225,True,900.0,True,2023-12-11T15:05:49.311839104+00:00,True,True,af2c7d5fe19871ecf849b2824d2be3b459f3fae163a43b0fc481de13cd9a2be2,b067f44c16c94c97217166ad52badabcfc619be2efb3ff98c23d7bfc24dda9a0,88,88,0,31,30,27,61,True,True,True,True,True,True,0.6931818181818182,0,0,0,0,0,0,0,False,False,False,False,False,False,,466,466,0,210,149,107,359,True,True,True,True,True,True,0.7703862660944206
f1d06060,1,focus,300,5.0,f1d06060__day1____2023.12.11T17.50.49p03.00,Old_EEG__f1d06060__day1____2023.12.11T17.50.49p03.00,2023-12-11T14:50:49.311839104+00:00,5577.9880928993225,True,300.0,False,2023-12-11T15:05:49.311839104+00:00,True,False,52feb7013b372b70ea6e81de5bed25c6ec64add7d3bf0e1cac99da45a084abf1,5b34aae5dd5bca1fc1b0997a77401eb6cf8a735eef33cc40c35ffcd0a1859c35,28,28,0,1,6,21,7,True,True,True,False,False,False,0.25,60,60,0,0,54,6,54,True,False,False,False,False,False,0.9,466,466,0,124,229,113,353,True,True,True,True,True,True,0.7575107296137339
f1d06060,1,focus,600,10.0,f1d06060__day1____2023.12.11T17.50.49p03.00,Old_EEG__f1d06060__day1____2023.12.11T17.50.49p03.00,2023-12-11T14:50:49.311839104+00:00,5577.9880928993225,True,600.0,False,2023-12-11T15:05:49.311839104+00:00,True,False,a876027b936bb38acc26ecc21cbf9b4ce67c60f4629485bc7c9c7dee8e35bded,5b34aae5dd5bca1fc1b0997a77401eb6cf8a735eef33cc40c35ffcd0a1859c35,58,58,0,1,32,25,33,True,True,True,False,False,False,0.5689655172413793,30,30,0,0,28,2,28,True,False,False,False,False,False,0.9333333333333333,466,466,0,124,229,113,353,True,True,True,True,True,True,0.7575107296137339
f1d06060,1,focus,900,15.0,f1d06060__day1____2023.12.11T17.50.49p03.00,Old_EEG__f1d06060__day1____2023.12.11T17.50.49p03.00,2023-12-11T14:50:49.311839104+00:00,5577.9880928993225,True,900.0,False,2023-12-11T15:05:49.311839104+00:00,True,False,291dc816cbeada81158dbbb6407d7e343cdf55dd7a62071e962f2f349e0445f5,5b34aae5dd5bca1fc1b0997a77401eb6cf8a735eef33cc40c35ffcd0a1859c35,88,88,0,1,60,27,61,True,True,True,False,False,False,0.6931818181818182,0,0,0,0,0,0,0,False,False,False,False,False,False,,466,466,0,124,229,113,353,True,True,True,True,True,True,0.7575107296137339
