model,budget_seconds,budget_role,strategy,strategy_role,subject_id,n_pm,n_class_eligible_pm,n_adaptation_applied_pm,zero_shot_balanced_accuracy,personalized_balanced_accuracy,delta_balanced_accuracy,zero_shot_macro_f1,personalized_macro_f1,delta_macro_f1,zero_shot_low_recall,personalized_low_recall,delta_low_recall,zero_shot_high_recall,personalized_high_recall,delta_high_recall,zero_shot_precision,personalized_precision,delta_precision,zero_shot_accuracy,personalized_accuracy,delta_accuracy
lightgbm,60,exploratory,empirical_balanced_accuracy,sensitivity,0001508a,7,0,0,0.7339359793141217,0.7339359793141217,0.0,0.7042397899750318,0.7042397899750318,0.0,0.6442295508771048,0.6442295508771048,0.0,0.8236424077511385,0.8236424077511385,0.0,0.8038155894905611,0.8038155894905611,0.0,0.7685528943022791,0.7685528943022791,0.0
lightgbm,60,exploratory,empirical_balanced_accuracy,sensitivity,0012905a,7,1,1,0.7459898435381611,0.7204034354329562,-0.025586408105205103,0.7457133754286832,0.7115224298302508,-0.034190945598432484,0.8613766083445686,0.8670157060889296,0.005639097744360904,0.630603078731754,0.5737911647769829,-0.0568119139547711,0.776953805401443,0.7685321990748087,-0.008421606326634277,0.7635896339939042,0.7360155653520738,-0.027574068641830447
lightgbm,60,exploratory,empirical_balanced_accuracy,sensitivity,0110f12e,7,0,0,0.8229420676691923,0.8229420676691923,0.0,0.8211522375557496,0.8211522375557496,0.0,0.8239212019816943,0.8239212019816943,0.0,0.82196293335669,0.82196293335669,0.0,0.8279208479413257,0.8279208479413257,0.0,0.8263390829241366,0.8263390829241366,0.0
lightgbm,60,exploratory,empirical_balanced_accuracy,sensitivity,0182e16c,7,0,0,0.6937045125801606,0.6937045125801606,0.0,0.6329759315461185,0.6329759315461185,0.0,0.6606702319626806,0.6606702319626806,0.0,0.7267387931976405,0.7267387931976405,0.0,0.7747328791331471,0.7747328791331471,0.0,0.6992727726136313,0.6992727726136313,0.0
lightgbm,60,exploratory,empirical_balanced_accuracy,sensitivity,01c2a0d8,7,0,0,0.7704268053965275,0.7704268053965275,0.0,0.7432181832891286,0.7432181832891286,0.0,0.6961840613937067,0.6961840613937067,0.0,0.8446695493993482,0.8446695493993482,0.0,0.7758202104448123,0.7758202104448123,0.0,0.7879810714749099,0.7879810714749099,0.0
lightgbm,60,exploratory,empirical_balanced_accuracy,sensitivity,1081b177,7,1,1,0.786709458606684,0.7761274480246733,-0.010582010582010597,0.7701081694715627,0.7552124224138915,-0.014895747057671225,0.6192553715543063,0.6933294456283805,0.07407407407407407,0.9541635456590614,0.8589254504209661,-0.09523809523809525,0.8131021206294476,0.8089739876062881,-0.004128133023159445,0.8003192467008968,0.7885775637263371,-0.011741682974559686
lightgbm,60,exploratory,empirical_balanced_accuracy,sensitivity,20201194,7,1,1,0.7240396867159635,0.7442044263610973,0.020164739645133704,0.7102115601396684,0.7333885761778518,0.02317701603818345,0.7004260313636136,0.7568845429119454,0.056458511548331904,0.7476533420683135,0.7315243098102489,-0.01612903225806452,0.7767593835528019,0.7804686992490346,0.0037093156962326895,0.7588129487585787,0.7770241992644468,0.018211250505868075
lightgbm,60,exploratory,empirical_balanced_accuracy,sensitivity,2162c09e,7,0,0,0.76928710818385,0.76928710818385,0.0,0.7586041139445402,0.7586041139445402,0.0,0.6208322184854806,0.6208322184854806,0.0,0.9177419978822196,0.9177419978822196,0.0,0.7955549822936246,0.7955549822936246,0.0,0.8156345529996595,0.8156345529996595,0.0
lightgbm,60,exploratory,empirical_balanced_accuracy,sensitivity,2182c1cd,7,2,2,0.746565554982182,0.7737394132758417,0.02717385829365967,0.7296453287711339,0.7633057500057302,0.03366042123459634,0.5601754375816076,0.6641263287721016,0.10395089119049397,0.9329556723827563,0.8833524977795816,-0.0496031746031746,0.7820819943821183,0.7971122035863922,0.015030209204274019,0.7467515283908039,0.7802961417180219,0.03354461332721782
lightgbm,60,exploratory,empirical_balanced_accuracy,sensitivity,219060fa,7,0,0,0.7907003690912645,0.7907003690912645,0.0,0.7411916811141562,0.7411916811141562,0.0,0.7988515772518173,0.7988515772518173,0.0,0.7825491609307117,0.7825491609307117,0.0,0.7759908603339519,0.7759908603339519,0.0,0.8302910229583376,0.8302910229583376,0.0
lightgbm,60,exploratory,empirical_balanced_accuracy,sensitivity,21a031f6,7,0,0,0.77518335498805,0.77518335498805,0.0,0.741056787098768,0.741056787098768,0.0,0.7376057063684855,0.7376057063684855,0.0,0.8127610036076149,0.8127610036076149,0.0,0.7674789549552585,0.7674789549552585,0.0,0.7543883841601616,0.7543883841601616,0.0
lightgbm,60,exploratory,empirical_balanced_accuracy,sensitivity,30908049,7,0,0,0.7207395333279684,0.7207395333279684,0.0,0.6615801582209536,0.6615801582209536,0.0,0.7801501149019536,0.7801501149019536,0.0,0.661328951753983,0.661328951753983,0.0,0.7377553409414574,0.7377553409414574,0.0,0.72572803402403,0.72572803402403,0.0
lightgbm,60,exploratory,empirical_balanced_accuracy,sensitivity,30c140ca,7,1,1,0.7026132357926725,0.69966721426258,-0.0029460215300923165,0.6773639307816489,0.6792514352020393,0.0018875044203903654,0.6644581915759382,0.6265315164811216,-0.03792667509481668,0.7407682800094065,0.7728029120440386,0.032034632034632034,0.7247099983570414,0.722404349020716,-0.0023056493363256786,0.6891923354441216,0.69278945774628,0.003597122302158267
lightgbm,60,exploratory,empirical_balanced_accuracy,sensitivity,3110e0c7,7,0,0,0.6068220627241496,0.6068220627241496,0.0,0.5560438212691474,0.5560438212691474,0.0,0.6090372517141444,0.6090372517141444,0.0,0.604606873734155,0.604606873734155,0.0,0.6010756828889087,0.6010756828889087,0.0,0.5848489610842583,0.5848489610842583,0.0
lightgbm,60,exploratory,empirical_balanced_accuracy,sensitivity,40009139,7,0,0,0.8143662795827525,0.8143662795827525,0.0,0.8059640091108337,0.8059640091108337,0.0,0.8180646512616142,0.8180646512616142,0.0,0.8106679079038909,0.8106679079038909,0.0,0.835564640088774,0.835564640088774,0.0,0.8155908580696583,0.8155908580696583,0.0
lightgbm,60,exploratory,empirical_balanced_accuracy,sensitivity,40f0714a,7,2,2,0.789372097016364,0.7909282750431305,0.001556178026766267,0.7043256533247825,0.7044702832995676,0.00014462997478521217,0.885368662001734,0.8800776567107287,-0.005291005291005283,0.6933755320309941,0.701778893375532,0.008403361344537816,0.7794887529297083,0.7756418699658015,-0.0038468829639066726,0.7824930639602449,0.7812508279354002,-0.0012422360248447134
lightgbm,60,exploratory,empirical_balanced_accuracy,sensitivity,41e2010c,7,3,3,0.7355999869893726,0.7355999869893726,0.0,0.6977600912027218,0.6977600912027218,0.0,0.7742805505703345,0.7742805505703345,0.0,0.6969194234084106,0.6969194234084106,0.0,0.796322509092892,0.796322509092892,0.0,0.7392184568458339,0.7392184568458339,0.0
lightgbm,60,exploratory,empirical_balanced_accuracy,sensitivity,5001d09a,7,0,0,0.8075775645324388,0.8075775645324388,0.0,0.782907437385235,0.782907437385235,0.0,0.9046748530383831,0.9046748530383831,0.0,0.7104802760264944,0.7104802760264944,0.0,0.8098173279756645,0.8098173279756645,0.0,0.8110670533058536,0.8110670533058536,0.0
lightgbm,60,exploratory,empirical_balanced_accuracy,sensitivity,50c02189,7,3,3,0.6350381343224049,0.6566633343083351,0.021625199985930297,0.548417528670537,0.6002107788382508,0.05179325016771385,0.5553870438824924,0.687038510142683,0.1316514662601907,0.7146892247623174,0.6262881584739873,-0.08840106628833011,0.7097967540496609,0.7138484444356141,0.004051690385953163,0.6277631918498869,0.6498299581026997,0.02206676625281277
lightgbm,60,exploratory,empirical_balanced_accuracy,sensitivity,517001af,7,0,0,0.8152898684972794,0.8152898684972794,0.0,0.8081049525198115,0.8081049525198115,0.0,0.7237491286885717,0.7237491286885717,0.0,0.9068306083059872,0.9068306083059872,0.0,0.8407372001495371,0.8407372001495371,0.0,0.8642257552092738,0.8642257552092738,0.0
lightgbm,60,exploratory,empirical_balanced_accuracy,sensitivity,6030f0fd,7,1,1,0.7624973997783145,0.7486152460307905,-0.01388215374752398,0.7369842962611001,0.7115455439370593,-0.025438752324040772,0.8313673094292948,0.7737756863926456,-0.05759162303664921,0.6936274901273342,0.7234548056689354,0.029827315541601247,0.7777185305607076,0.7621011615549752,-0.015617369005732422,0.7559394149197824,0.7265574493676041,-0.029381965552178313
lightgbm,60,exploratory,empirical_balanced_accuracy,sensitivity,7072a0e0,7,0,0,0.7464172507903697,0.7464172507903697,0.0,0.6739133692211026,0.6739133692211026,0.0,0.7945575500871117,0.7945575500871117,0.0,0.6982769514936278,0.6982769514936278,0.0,0.7305134310644424,0.7305134310644424,0.0,0.7039056622899577,0.7039056622899577,0.0
lightgbm,60,exploratory,empirical_balanced_accuracy,sensitivity,7092f07b,7,1,1,0.6808724907638695,0.6808724907638695,0.0,0.6434535582509422,0.6434535582509422,0.0,0.8494896058766994,0.8494896058766994,0.0,0.5122553756510397,0.5122553756510397,0.0,0.763277467251374,0.763277467251374,0.0,0.7001937541991742,0.7001937541991742,0.0
lightgbm,60,exploratory,empirical_balanced_accuracy,sensitivity,7150e10a,7,0,0,0.7006039799313852,0.7006039799313852,0.0,0.6548689139419533,0.6548689139419533,0.0,0.8747591384446638,0.8747591384446638,0.0,0.5264488214181068,0.5264488214181068,0.0,0.775947440562561,0.775947440562561,0.0,0.704890229144396,0.704890229144396,0.0
lightgbm,60,exploratory,empirical_balanced_accuracy,sensitivity,71a251fa,7,0,0,0.8408471191752505,0.8408471191752505,0.0,0.8277262053625396,0.8277262053625396,0.0,0.7912179229779864,0.7912179229779864,0.0,0.8904763153725146,0.8904763153725146,0.0,0.8469446832846407,0.8469446832846407,0.0,0.8605925558344326,0.8605925558344326,0.0
lightgbm,60,exploratory,empirical_balanced_accuracy,sensitivity,71c09041,6,0,0,0.8131458086347593,0.8131458086347593,0.0,0.7918147652300528,0.7918147652300528,0.0,0.8727256772156308,0.8727256772156308,0.0,0.753565940053888,0.753565940053888,0.0,0.8208419145525766,0.8208419145525766,0.0,0.8628102748534134,0.8628102748534134,0.0
lightgbm,60,exploratory,empirical_balanced_accuracy,sensitivity,71e10186,7,1,1,0.9392862932022863,0.9392862932022863,0.0,0.940466553325991,0.940466553325991,0.0,0.9297378314067727,0.9297378314067727,0.0,0.9488347549977999,0.9488347549977999,0.0,0.9465454020699815,0.9465454020699815,0.0,0.942804032709037,0.942804032709037,0.0
lightgbm,60,exploratory,empirical_balanced_accuracy,sensitivity,71f0603f,7,1,1,0.7909185077487642,0.791564404405299,0.0006458966565349484,0.7927471778430573,0.7929519200788063,0.0002047422357489876,0.7186208458363917,0.7221922744078204,0.003571428571428575,0.8632161696611363,0.8609365344027776,-0.002279635258358662,0.8103117392916271,0.8101760235214128,-0.000135715770214254,0.8014862121818948,0.8014862121818948,0.0
lightgbm,60,exploratory,empirical_balanced_accuracy,sensitivity,71f21142,7,0,0,0.7673458308942708,0.7673458308942708,0.0,0.7164803086194714,0.7164803086194714,0.0,0.8758661540394478,0.8758661540394478,0.0,0.6588255077490937,0.6588255077490937,0.0,0.7766770333135229,0.7766770333135229,0.0,0.7887086712728386,0.7887086712728386,0.0
lightgbm,60,exploratory,empirical_balanced_accuracy,sensitivity,8030618f,7,0,0,0.7747633163522886,0.7747633163522886,0.0,0.6754798260754998,0.6754798260754998,0.0,0.8657733871205522,0.8657733871205522,0.0,0.6837532455840248,0.6837532455840248,0.0,0.7368169832320064,0.7368169832320064,0.0,0.702874806115217,0.702874806115217,0.0
lightgbm,60,exploratory,empirical_balanced_accuracy,sensitivity,8191f1d9,7,0,0,0.6736406861511346,0.6736406861511346,0.0,0.5553575512362776,0.5553575512362776,0.0,0.4056643819519585,0.4056643819519585,0.0,0.9416169903503105,0.9416169903503105,0.0,0.7162222661833084,0.7162222661833084,0.0,0.5881292702093874,0.5881292702093874,0.0
lightgbm,60,exploratory,empirical_balanced_accuracy,sensitivity,81e150c1,7,1,1,0.7515406190899453,0.7413521929826016,-0.010188426107343782,0.6970552095500169,0.6846688571844931,-0.012386352365523847,0.8689469494015715,0.8804172309448457,0.011470281543274246,0.634134288778319,0.6022871550203572,-0.03184713375796179,0.7201164206343001,0.7153528854964112,-0.004763535137888948,0.746737718561515,0.7350759109813401,-0.01166180758017494
lightgbm,60,exploratory,empirical_balanced_accuracy,sensitivity,81f1f0fe,7,1,1,0.7457666758546334,0.7457666758546334,0.0,0.7070999311172512,0.7070999311172512,0.0,0.7782946352214631,0.7782946352214631,0.0,0.7132387164878036,0.7132387164878036,0.0,0.7410815979616647,0.7410815979616647,0.0,0.7302286671985831,0.7302286671985831,0.0
lightgbm,60,exploratory,empirical_balanced_accuracy,sensitivity,a02151ac,7,0,0,0.7169719027849064,0.7169719027849064,0.0,0.6930737089773508,0.6930737089773508,0.0,0.6156954606857395,0.6156954606857395,0.0,0.8182483448840735,0.8182483448840735,0.0,0.7573163183860853,0.7573163183860853,0.0,0.738337748566478,0.738337748566478,0.0
lightgbm,60,exploratory,empirical_balanced_accuracy,sensitivity,a1721173,7,1,1,0.7516685798447428,0.7516685798447428,0.0,0.7563648333869146,0.7563648333869146,0.0,0.7489273235996093,0.7489273235996093,0.0,0.7544098360898766,0.7544098360898766,0.0,0.8046458238161692,0.8046458238161692,0.0,0.8064677335193581,0.8064677335193581,0.0
lightgbm,60,exploratory,empirical_balanced_accuracy,sensitivity,a1b210fc,7,0,0,0.7699269289551001,0.7699269289551001,0.0,0.7607873700543767,0.7607873700543767,0.0,0.833140102418575,0.833140102418575,0.0,0.7067137554916252,0.7067137554916252,0.0,0.7812198829110945,0.7812198829110945,0.0,0.7962309419907021,0.7962309419907021,0.0
lightgbm,60,exploratory,empirical_balanced_accuracy,sensitivity,b0700166,7,0,0,0.6676066639680408,0.6676066639680408,0.0,0.587671158486583,0.587671158486583,0.0,0.7605369482187099,0.7605369482187099,0.0,0.5746763797173716,0.5746763797173716,0.0,0.717611395481791,0.717611395481791,0.0,0.6299440137999035,0.6299440137999035,0.0
lightgbm,60,exploratory,empirical_balanced_accuracy,sensitivity,b112005d,7,0,0,0.6986274059277833,0.6986274059277833,0.0,0.6724343876295205,0.6724343876295205,0.0,0.7612922292802565,0.7612922292802565,0.0,0.63596258257531,0.63596258257531,0.0,0.7210095149531063,0.7210095149531063,0.0,0.7209552628589251,0.7209552628589251,0.0
lightgbm,60,exploratory,empirical_balanced_accuracy,sensitivity,b1c2f044,7,0,0,0.8098226647383813,0.8098226647383813,0.0,0.7912617208347159,0.7912617208347159,0.0,0.8982118168271837,0.8982118168271837,0.0,0.7214335126495789,0.7214335126495789,0.0,0.833862528945499,0.833862528945499,0.0,0.8317865106983046,0.8317865106983046,0.0
lightgbm,60,exploratory,empirical_balanced_accuracy,sensitivity,c060c06a,7,0,0,0.7417719044830823,0.7417719044830823,0.0,0.6865544490429893,0.6865544490429893,0.0,0.5548482399399324,0.5548482399399324,0.0,0.9286955690262324,0.9286955690262324,0.0,0.7778252283189158,0.7778252283189158,0.0,0.7821765470698071,0.7821765470698071,0.0
lightgbm,60,exploratory,empirical_balanced_accuracy,sensitivity,c112918e,7,1,1,0.6593319082807543,0.6383361321547493,-0.020995776126005006,0.5924457280694126,0.5791941632155313,-0.013251564853881395,0.4514382598780034,0.48048064606324664,0.029042386185243334,0.8672255566835051,0.7961916182462518,-0.07103393843725335,0.7524388477121023,0.7615911812273861,0.009152333515283726,0.6480810767576145,0.6438871055911662,-0.0041939711664482305
lightgbm,60,exploratory,empirical_balanced_accuracy,sensitivity,c1a150b1,7,0,0,0.7335976081080131,0.7335976081080131,0.0,0.6311712515810426,0.6311712515810426,0.0,0.8336937394506106,0.8336937394506106,0.0,0.6335014767654155,0.6335014767654155,0.0,0.7339508916290658,0.7339508916290658,0.0,0.7390556595390266,0.7390556595390266,0.0
lightgbm,60,exploratory,empirical_balanced_accuracy,sensitivity,d0724095,7,1,1,0.7584475441135404,0.7584475441135404,0.0,0.7286513984662003,0.7286513984662003,0.0,0.729733899704517,0.729733899704517,0.0,0.7871611885225641,0.7871611885225641,0.0,0.7813670908069861,0.7813670908069861,0.0,0.7529448458293209,0.7529448458293209,0.0
lightgbm,60,exploratory,empirical_balanced_accuracy,sensitivity,d0e2d025,7,2,2,0.7614162053963048,0.7359381891028057,-0.025478016293499106,0.7443464001634182,0.7108608191897682,-0.03348558097364997,0.8141609709155943,0.8499227318133068,0.03576176089771256,0.7086714398770153,0.6219536463923044,-0.08671779348471079,0.7990317013285171,0.7908072430813359,-0.008224458247181052,0.7881193102186642,0.7580652980194226,-0.030054012199241625
lightgbm,60,exploratory,empirical_balanced_accuracy,sensitivity,d111e017,7,1,1,0.8768898378537765,0.8768898378537765,0.0,0.8740090994038007,0.8740090994038007,0.0,0.8317266580908919,0.8317266580908919,0.0,0.9220530176166611,0.9220530176166611,0.0,0.8880264757617102,0.8880264757617102,0.0,0.8767065255882354,0.8767065255882354,0.0
lightgbm,60,exploratory,empirical_balanced_accuracy,sensitivity,d142d110,7,1,1,0.776790145916328,0.776790145916328,0.0,0.7545379867509344,0.7545379867509344,0.0,0.719756099031753,0.719756099031753,0.0,0.8338241928009028,0.8338241928009028,0.0,0.7829471849033862,0.7829471849033862,0.0,0.7976098344716028,0.7976098344716028,0.0
lightgbm,60,exploratory,empirical_balanced_accuracy,sensitivity,d151b0c4,7,0,0,0.7726649909861695,0.7726649909861695,0.0,0.763104431049756,0.763104431049756,0.0,0.7542593214474219,0.7542593214474219,0.0,0.7910706605249169,0.7910706605249169,0.0,0.788344863345354,0.788344863345354,0.0,0.7847580604934056,0.7847580604934056,0.0
lightgbm,60,exploratory,empirical_balanced_accuracy,sensitivity,d18000a3,7,0,0,0.8307715262306911,0.8307715262306911,0.0,0.8000849251852186,0.8000849251852186,0.0,0.805728745776824,0.805728745776824,0.0,0.855814306684558,0.855814306684558,0.0,0.8151976711893101,0.8151976711893101,0.0,0.8204240957018791,0.8204240957018791,0.0
lightgbm,60,exploratory,empirical_balanced_accuracy,sensitivity,e0c0408a,5,0,0,0.7225364096244657,0.7225364096244657,0.0,0.6974234369172752,0.6974234369172752,0.0,0.6891219910240718,0.6891219910240718,0.0,0.7559508282248598,0.7559508282248598,0.0,0.7755203230219295,0.7755203230219295,0.0,0.7542224521029639,0.7542224521029639,0.0
lightgbm,60,exploratory,empirical_balanced_accuracy,sensitivity,f0f2a1e1,7,0,0,0.8093652267132556,0.8093652267132556,0.0,0.782740874789221,0.782740874789221,0.0,0.8170405489710102,0.8170405489710102,0.0,0.8016899044555009,0.8016899044555009,0.0,0.7814538473913191,0.7814538473913191,0.0,0.8260464571196716,0.8260464571196716,0.0
lightgbm,60,exploratory,empirical_balanced_accuracy,sensitivity,f121f1e0,7,1,1,0.6984293364320148,0.7045234875292314,0.006094151097216703,0.6560656457616957,0.665427521324861,0.009361875563165398,0.8816187970312718,0.87847907960584,-0.0031397174254317157,0.5152398758327578,0.5305678954526228,0.01532801961986511,0.7452180783000136,0.7426258680975553,-0.0025922102024581927,0.6862403012603858,0.690308260102214,0.004067958841828185
lightgbm,60,exploratory,empirical_balanced_accuracy,sensitivity,f1a0c120,7,1,1,0.7223764161086363,0.7223764161086363,0.0,0.7271988736830932,0.7271988736830932,0.0,0.6306914668775091,0.6306914668775091,0.0,0.8140613653397635,0.8140613653397635,0.0,0.8004240186330721,0.8004240186330721,0.0,0.8307069101913245,0.8307069101913245,0.0
lightgbm,60,exploratory,empirical_balanced_accuracy,sensitivity,f1d06060,7,0,0,0.7249146840549516,0.7249146840549516,0.0,0.6725765180212034,0.6725765180212034,0.0,0.6627288722183683,0.6627288722183683,0.0,0.7871004958915349,0.7871004958915349,0.0,0.7680247545106055,0.7680247545106055,0.0,0.6997074149237844,0.6997074149237844,0.0
lightgbm,60,exploratory,median_midpoint,primary,0001508a,7,0,0,0.7339359793141217,0.7339359793141217,0.0,0.7042397899750318,0.7042397899750318,0.0,0.6442295508771048,0.6442295508771048,0.0,0.8236424077511385,0.8236424077511385,0.0,0.8038155894905611,0.8038155894905611,0.0,0.7685528943022791,0.7685528943022791,0.0
lightgbm,60,exploratory,median_midpoint,primary,0012905a,7,1,1,0.7459898435381611,0.7384178246879468,-0.007572018850214334,0.7457133754286832,0.7366324866452797,-0.009080888783403598,0.8613766083445686,0.863882874008729,0.0025062656641604087,0.630603078731754,0.6129527753671649,-0.017650303364589077,0.776953805401443,0.7735631730841881,-0.0033906323172549413,0.7635896339939042,0.755376081632508,-0.008213552361396299
lightgbm,60,exploratory,median_midpoint,primary,0110f12e,7,0,0,0.8229420676691923,0.8229420676691923,0.0,0.8211522375557496,0.8211522375557496,0.0,0.8239212019816943,0.8239212019816943,0.0,0.82196293335669,0.82196293335669,0.0,0.8279208479413257,0.8279208479413257,0.0,0.8263390829241366,0.8263390829241366,0.0
lightgbm,60,exploratory,median_midpoint,primary,0182e16c,7,0,0,0.6937045125801606,0.6937045125801606,0.0,0.6329759315461185,0.6329759315461185,0.0,0.6606702319626806,0.6606702319626806,0.0,0.7267387931976405,0.7267387931976405,0.0,0.7747328791331471,0.7747328791331471,0.0,0.6992727726136313,0.6992727726136313,0.0
lightgbm,60,exploratory,median_midpoint,primary,01c2a0d8,7,0,0,0.7704268053965275,0.7704268053965275,0.0,0.7432181832891286,0.7432181832891286,0.0,0.6961840613937067,0.6961840613937067,0.0,0.8446695493993482,0.8446695493993482,0.0,0.7758202104448123,0.7758202104448123,0.0,0.7879810714749099,0.7879810714749099,0.0
lightgbm,60,exploratory,median_midpoint,primary,1081b177,7,1,0,0.786709458606684,0.786709458606684,0.0,0.7701081694715627,0.7701081694715627,0.0,0.6192553715543063,0.6192553715543063,0.0,0.9541635456590614,0.9541635456590614,0.0,0.8131021206294476,0.8131021206294476,0.0,0.8003192467008968,0.8003192467008968,0.0
lightgbm,60,exploratory,median_midpoint,primary,20201194,7,1,1,0.7240396867159635,0.7451909326112698,0.021151245895306165,0.7102115601396684,0.73428093274204,0.024069372602371648,0.7004260313636136,0.7611617028777283,0.060735671514114624,0.7476533420683135,0.7292201623448111,-0.018433179723502304,0.7767593835528019,0.7810149023570302,0.004255518804228174,0.7588129487585787,0.7778335881758187,0.019020639417239988
lightgbm,60,exploratory,median_midpoint,primary,2162c09e,7,0,0,0.76928710818385,0.76928710818385,0.0,0.7586041139445402,0.7586041139445402,0.0,0.6208322184854806,0.6208322184854806,0.0,0.9177419978822196,0.9177419978822196,0.0,0.7955549822936246,0.7955549822936246,0.0,0.8156345529996595,0.8156345529996595,0.0
lightgbm,60,exploratory,median_midpoint,primary,2182c1cd,7,2,2,0.746565554982182,0.7691884395973387,0.022622884615156713,0.7296453287711339,0.7559818714521269,0.026336542680993027,0.5601754375816076,0.6145481909389051,0.054372753357297535,0.9329556723827563,0.923828688255772,-0.00912698412698411,0.7820819943821183,0.7928705188502663,0.010788524468147851,0.7467515283908039,0.7717804711711345,0.025028942780330504
lightgbm,60,exploratory,median_midpoint,primary,219060fa,7,0,0,0.7907003690912645,0.7907003690912645,0.0,0.7411916811141562,0.7411916811141562,0.0,0.7988515772518173,0.7988515772518173,0.0,0.7825491609307117,0.7825491609307117,0.0,0.7759908603339519,0.7759908603339519,0.0,0.8302910229583376,0.8302910229583376,0.0
lightgbm,60,exploratory,median_midpoint,primary,21a031f6,7,0,0,0.77518335498805,0.77518335498805,0.0,0.741056787098768,0.741056787098768,0.0,0.7376057063684855,0.7376057063684855,0.0,0.8127610036076149,0.8127610036076149,0.0,0.7674789549552585,0.7674789549552585,0.0,0.7543883841601616,0.7543883841601616,0.0
lightgbm,60,exploratory,median_midpoint,primary,30908049,7,0,0,0.7207395333279684,0.7207395333279684,0.0,0.6615801582209536,0.6615801582209536,0.0,0.7801501149019536,0.7801501149019536,0.0,0.661328951753983,0.661328951753983,0.0,0.7377553409414574,0.7377553409414574,0.0,0.72572803402403,0.72572803402403,0.0
lightgbm,60,exploratory,median_midpoint,primary,30c140ca,7,1,1,0.7026132357926725,0.7021879973143366,-0.00042523847833581777,0.6773639307816489,0.6796458327271312,0.0022819019454822786,0.6644581915759382,0.648023299034851,-0.01643489254108724,0.7407682800094065,0.7563526955938221,0.01558441558441559,0.7247099983570414,0.7223146597259856,-0.0023953386310559465,0.6891923354441216,0.6917617085170918,0.0025693730729701952
lightgbm,60,exploratory,median_midpoint,primary,3110e0c7,7,0,0,0.6068220627241496,0.6068220627241496,0.0,0.5560438212691474,0.5560438212691474,0.0,0.6090372517141444,0.6090372517141444,0.0,0.604606873734155,0.604606873734155,0.0,0.6010756828889087,0.6010756828889087,0.0,0.5848489610842583,0.5848489610842583,0.0
lightgbm,60,exploratory,median_midpoint,primary,40009139,7,0,0,0.8143662795827525,0.8143662795827525,0.0,0.8059640091108337,0.8059640091108337,0.0,0.8180646512616142,0.8180646512616142,0.0,0.8106679079038909,0.8106679079038909,0.0,0.835564640088774,0.835564640088774,0.0,0.8155908580696583,0.8155908580696583,0.0
lightgbm,60,exploratory,median_midpoint,primary,40f0714a,7,2,2,0.789372097016364,0.7852904643633029,-0.00408163265306121,0.7043256533247825,0.6983945375461411,-0.005931115778641345,0.885368662001734,0.885368662001734,0.0,0.6933755320309941,0.6852122667248717,-0.008163265306122448,0.7794887529297083,0.7783672898517235,-0.001121463077984822,0.7824930639602449,0.7796359211031021,-0.0028571428571428597
lightgbm,60,exploratory,median_midpoint,primary,41e2010c,7,3,3,0.7355999869893726,0.7308715540469823,-0.004728432942390147,0.6977600912027218,0.6924158872929805,-0.005344203909741322,0.7742805505703345,0.7762374977327611,0.001956947162426622,0.6969194234084106,0.6855056103612036,-0.011413813047206876,0.796322509092892,0.7930798350715931,-0.003242674021298805,0.7392184568458339,0.7337511300549776,-0.005467326790856208
lightgbm,60,exploratory,median_midpoint,primary,5001d09a,7,0,0,0.8075775645324388,0.8075775645324388,0.0,0.782907437385235,0.782907437385235,0.0,0.9046748530383831,0.9046748530383831,0.0,0.7104802760264944,0.7104802760264944,0.0,0.8098173279756645,0.8098173279756645,0.0,0.8110670533058536,0.8110670533058536,0.0
lightgbm,60,exploratory,median_midpoint,primary,50c02189,7,3,3,0.6350381343224049,0.6508913699748212,0.01585323565241627,0.548417528670537,0.5936632956864097,0.045245767015872705,0.5553870438824924,0.6635089981667991,0.10812195428430667,0.7146892247623174,0.6382737417828434,-0.07641548297947412,0.7097967540496609,0.7097226615062142,-7.409254344684488e-05,0.6277631918498869,0.6444995484118249,0.01673635656193795
lightgbm,60,exploratory,median_midpoint,primary,517001af,7,0,0,0.8152898684972794,0.8152898684972794,0.0,0.8081049525198115,0.8081049525198115,0.0,0.7237491286885717,0.7237491286885717,0.0,0.9068306083059872,0.9068306083059872,0.0,0.8407372001495371,0.8407372001495371,0.0,0.8642257552092738,0.8642257552092738,0.0
lightgbm,60,exploratory,median_midpoint,primary,6030f0fd,7,1,1,0.7624973997783145,0.7552357758375583,-0.0072616239407563244,0.7369842962611001,0.7215602970646147,-0.015423999196485452,0.8313673094292948,0.7917263221443286,-0.039640987284966345,0.6936274901273342,0.7187452295307878,0.02511773940345368,0.7777185305607076,0.7658225784597519,-0.011895952100955716,0.7559394149197824,0.7371957472399445,-0.018743667679837896
lightgbm,60,exploratory,median_midpoint,primary,7072a0e0,7,0,0,0.7464172507903697,0.7464172507903697,0.0,0.6739133692211026,0.6739133692211026,0.0,0.7945575500871117,0.7945575500871117,0.0,0.6982769514936278,0.6982769514936278,0.0,0.7305134310644424,0.7305134310644424,0.0,0.7039056622899577,0.7039056622899577,0.0
lightgbm,60,exploratory,median_midpoint,primary,7092f07b,7,1,0,0.6808724907638695,0.6808724907638695,0.0,0.6434535582509422,0.6434535582509422,0.0,0.8494896058766994,0.8494896058766994,0.0,0.5122553756510397,0.5122553756510397,0.0,0.763277467251374,0.763277467251374,0.0,0.7001937541991742,0.7001937541991742,0.0
lightgbm,60,exploratory,median_midpoint,primary,7150e10a,7,0,0,0.7006039799313852,0.7006039799313852,0.0,0.6548689139419533,0.6548689139419533,0.0,0.8747591384446638,0.8747591384446638,0.0,0.5264488214181068,0.5264488214181068,0.0,0.775947440562561,0.775947440562561,0.0,0.704890229144396,0.704890229144396,0.0
lightgbm,60,exploratory,median_midpoint,primary,71a251fa,7,0,0,0.8408471191752505,0.8408471191752505,0.0,0.8277262053625396,0.8277262053625396,0.0,0.7912179229779864,0.7912179229779864,0.0,0.8904763153725146,0.8904763153725146,0.0,0.8469446832846407,0.8469446832846407,0.0,0.8605925558344326,0.8605925558344326,0.0
lightgbm,60,exploratory,median_midpoint,primary,71c09041,6,0,0,0.8131458086347593,0.8131458086347593,0.0,0.7918147652300528,0.7918147652300528,0.0,0.8727256772156308,0.8727256772156308,0.0,0.753565940053888,0.753565940053888,0.0,0.8208419145525766,0.8208419145525766,0.0,0.8628102748534134,0.8628102748534134,0.0
lightgbm,60,exploratory,median_midpoint,primary,71e10186,7,1,1,0.9392862932022863,0.9390900608631967,-0.00019623233908948125,0.940466553325991,0.9402375899910654,-0.00022896333492580405,0.9297378314067727,0.9297378314067727,0.0,0.9488347549977999,0.9484422903196209,-0.0003924646781789625,0.9465454020699815,0.9463179664189726,-0.0002274356510089115,0.942804032709037,0.9425754612804657,-0.00022857142857143513
lightgbm,60,exploratory,median_midpoint,primary,71f0603f,7,1,1,0.7909185077487642,0.7909565016697366,3.799392097265335e-05,0.7927471778430573,0.7910463290885713,-0.001700848754486046,0.7186208458363917,0.7293351315506775,0.010714285714285723,0.8632161696611363,0.852577871788796,-0.010638297872340417,0.8103117392916271,0.8082628573225323,-0.0020488819690947435,0.8014862121818948,0.7991671027199282,-0.0023191094619666097
lightgbm,60,exploratory,median_midpoint,primary,71f21142,7,0,0,0.7673458308942708,0.7673458308942708,0.0,0.7164803086194714,0.7164803086194714,0.0,0.8758661540394478,0.8758661540394478,0.0,0.6588255077490937,0.6588255077490937,0.0,0.7766770333135229,0.7766770333135229,0.0,0.7887086712728386,0.7887086712728386,0.0
lightgbm,60,exploratory,median_midpoint,primary,8030618f,7,0,0,0.7747633163522886,0.7747633163522886,0.0,0.6754798260754998,0.6754798260754998,0.0,0.8657733871205522,0.8657733871205522,0.0,0.6837532455840248,0.6837532455840248,0.0,0.7368169832320064,0.7368169832320064,0.0,0.702874806115217,0.702874806115217,0.0
lightgbm,60,exploratory,median_midpoint,primary,8191f1d9,7,0,0,0.6736406861511346,0.6736406861511346,0.0,0.5553575512362776,0.5553575512362776,0.0,0.4056643819519585,0.4056643819519585,0.0,0.9416169903503105,0.9416169903503105,0.0,0.7162222661833084,0.7162222661833084,0.0,0.5881292702093874,0.5881292702093874,0.0
lightgbm,60,exploratory,median_midpoint,primary,81e150c1,7,1,1,0.7515406190899453,0.7489536621350493,-0.0025869569548959692,0.6970552095500169,0.6935211160367519,-0.003534093513264994,0.8689469494015715,0.8783317252097048,0.009384775808133461,0.634134288778319,0.6195755990603936,-0.0145586897179254,0.7201164206343001,0.7195891174320022,-0.0005273032022979431,0.746737718561515,0.7433363580172975,-0.003401360544217691
lightgbm,60,exploratory,median_midpoint,primary,81f1f0fe,7,1,1,0.7457666758546334,0.7474368095569692,0.001670133702335898,0.7070999311172512,0.7090393112611427,0.0019393801438914845,0.7782946352214631,0.763027459648944,-0.015267175572519094,0.7132387164878036,0.7318461594649944,0.01860744297719089,0.7410815979616647,0.7385398914664545,-0.0025417064952102547,0.7302286671985831,0.731085810055726,0.0008571428571428579
lightgbm,60,exploratory,median_midpoint,primary,a02151ac,7,0,0,0.7169719027849064,0.7169719027849064,0.0,0.6930737089773508,0.6930737089773508,0.0,0.6156954606857395,0.6156954606857395,0.0,0.8182483448840735,0.8182483448840735,0.0,0.7573163183860853,0.7573163183860853,0.0,0.738337748566478,0.738337748566478,0.0
lightgbm,60,exploratory,median_midpoint,primary,a1721173,7,1,1,0.7516685798447428,0.7524535092011008,0.000784929356357925,0.7563648333869146,0.7572281428934272,0.0008633095065125567,0.7489273235996093,0.7489273235996093,0.0,0.7544098360898766,0.7559796948025924,0.00156985871271585,0.8046458238161692,0.8050689924273992,0.0004231686112298659,0.8064677335193581,0.807120049240167,0.0006523157208088794
lightgbm,60,exploratory,median_midpoint,primary,a1b210fc,7,0,0,0.7699269289551001,0.7699269289551001,0.0,0.7607873700543767,0.7607873700543767,0.0,0.833140102418575,0.833140102418575,0.0,0.7067137554916252,0.7067137554916252,0.0,0.7812198829110945,0.7812198829110945,0.0,0.7962309419907021,0.7962309419907021,0.0
lightgbm,60,exploratory,median_midpoint,primary,b0700166,7,0,0,0.6676066639680408,0.6676066639680408,0.0,0.587671158486583,0.587671158486583,0.0,0.7605369482187099,0.7605369482187099,0.0,0.5746763797173716,0.5746763797173716,0.0,0.717611395481791,0.717611395481791,0.0,0.6299440137999035,0.6299440137999035,0.0
lightgbm,60,exploratory,median_midpoint,primary,b112005d,7,0,0,0.6986274059277833,0.6986274059277833,0.0,0.6724343876295205,0.6724343876295205,0.0,0.7612922292802565,0.7612922292802565,0.0,0.63596258257531,0.63596258257531,0.0,0.7210095149531063,0.7210095149531063,0.0,0.7209552628589251,0.7209552628589251,0.0
lightgbm,60,exploratory,median_midpoint,primary,b1c2f044,7,0,0,0.8098226647383813,0.8098226647383813,0.0,0.7912617208347159,0.7912617208347159,0.0,0.8982118168271837,0.8982118168271837,0.0,0.7214335126495789,0.7214335126495789,0.0,0.833862528945499,0.833862528945499,0.0,0.8317865106983046,0.8317865106983046,0.0
lightgbm,60,exploratory,median_midpoint,primary,c060c06a,7,0,0,0.7417719044830823,0.7417719044830823,0.0,0.6865544490429893,0.6865544490429893,0.0,0.5548482399399324,0.5548482399399324,0.0,0.9286955690262324,0.9286955690262324,0.0,0.7778252283189158,0.7778252283189158,0.0,0.7821765470698071,0.7821765470698071,0.0
lightgbm,60,exploratory,median_midpoint,primary,c112918e,7,1,1,0.6593319082807543,0.6636251682961927,0.004293260015438394,0.5924457280694126,0.6006298114459732,0.008184083376560578,0.4514382598780034,0.4687067057178778,0.017268445839874413,0.8672255566835051,0.8585436308745075,-0.008681925808997626,0.7524388477121023,0.7610975977666811,0.008658750054578754,0.6480810767576145,0.6567311422884139,0.008650065530799469
lightgbm,60,exploratory,median_midpoint,primary,c1a150b1,7,0,0,0.7335976081080131,0.7335976081080131,0.0,0.6311712515810426,0.6311712515810426,0.0,0.8336937394506106,0.8336937394506106,0.0,0.6335014767654155,0.6335014767654155,0.0,0.7339508916290658,0.7339508916290658,0.0,0.7390556595390266,0.7390556595390266,0.0
lightgbm,60,exploratory,median_midpoint,primary,d0724095,7,1,1,0.7584475441135404,0.7616013302181462,0.003153786104605768,0.7286513984662003,0.7329634304388423,0.004312031972641961,0.729733899704517,0.7430672330378503,0.013333333333333324,0.7871611885225641,0.7801354273984423,-0.007025761124121788,0.7813670908069861,0.782701669216767,0.0013345784097809701,0.7529448458293209,0.7571465265015898,0.004201680672268908
lightgbm,60,exploratory,median_midpoint,primary,d0e2d025,7,2,2,0.7614162053963048,0.7453796675979607,-0.016036537798344113,0.7443464001634182,0.7248687817724219,-0.01947761839099636,0.8141609709155943,0.8425712715917558,0.0284103006761617,0.7086714398770153,0.6481880636041654,-0.06048337627284995,0.7990317013285171,0.7939006688552824,-0.005131032473234527,0.7881193102186642,0.7710228275696667,-0.017096482648997453
lightgbm,60,exploratory,median_midpoint,primary,d111e017,7,1,1,0.8768898378537765,0.8774341554036393,0.0005443175498628225,0.8740090994038007,0.8744569703812655,0.00044787097746480854,0.8317266580908919,0.8301422905176149,-0.0015843675732769885,0.9220530176166611,0.9247260202896638,0.002673002673002665,0.8880264757617102,0.8883593117498549,0.0003328359881446768,0.8767065255882354,0.8771258714087553,0.0004193458205199928
lightgbm,60,exploratory,median_midpoint,primary,d142d110,7,1,1,0.776790145916328,0.7804531495793317,0.003663003663003666,0.7545379867509344,0.7597721057021587,0.005234118951224228,0.719756099031753,0.7270821063577603,0.007326007326007323,0.8338241928009028,0.8338241928009028,0.0,0.7829471849033862,0.7868941638503653,0.003946978946978962,0.7976098344716028,0.7999711095601507,0.002361275088547808
lightgbm,60,exploratory,median_midpoint,primary,d151b0c4,7,0,0,0.7726649909861695,0.7726649909861695,0.0,0.763104431049756,0.763104431049756,0.0,0.7542593214474219,0.7542593214474219,0.0,0.7910706605249169,0.7910706605249169,0.0,0.788344863345354,0.788344863345354,0.0,0.7847580604934056,0.7847580604934056,0.0
lightgbm,60,exploratory,median_midpoint,primary,d18000a3,7,0,0,0.8307715262306911,0.8307715262306911,0.0,0.8000849251852186,0.8000849251852186,0.0,0.805728745776824,0.805728745776824,0.0,0.855814306684558,0.855814306684558,0.0,0.8151976711893101,0.8151976711893101,0.0,0.8204240957018791,0.8204240957018791,0.0
lightgbm,60,exploratory,median_midpoint,primary,e0c0408a,5,0,0,0.7225364096244657,0.7225364096244657,0.0,0.6974234369172752,0.6974234369172752,0.0,0.6891219910240718,0.6891219910240718,0.0,0.7559508282248598,0.7559508282248598,0.0,0.7755203230219295,0.7755203230219295,0.0,0.7542224521029639,0.7542224521029639,0.0
lightgbm,60,exploratory,median_midpoint,primary,f0f2a1e1,7,0,0,0.8093652267132556,0.8093652267132556,0.0,0.782740874789221,0.782740874789221,0.0,0.8170405489710102,0.8170405489710102,0.0,0.8016899044555009,0.8016899044555009,0.0,0.7814538473913191,0.7814538473913191,0.0,0.8260464571196716,0.8260464571196716,0.0
lightgbm,60,exploratory,median_midpoint,primary,f121f1e0,7,1,1,0.6984293364320148,0.7099800940741273,0.011550757642112632,0.6560656457616957,0.6724636180547477,0.016397972293052114,0.8816187970312718,0.8765167562149454,-0.0051020408163265285,0.5152398758327578,0.5434434319333096,0.028203556100551804,0.7452180783000136,0.7436341014913354,-0.0015839768086782144,0.6862403012603858,0.6941369272474641,0.007896625987078252
lightgbm,60,exploratory,median_midpoint,primary,f1a0c120,7,1,1,0.7223764161086363,0.7373818784825198,0.015005462373883434,0.7271988736830932,0.7414546700718783,0.014255796388784936,0.6306914668775091,0.6289563598792443,-0.0017351069982648934,0.8140613653397635,0.8458073970857952,0.03174603174603175,0.8004240186330721,0.8022427866327371,0.0018187679996649925,0.8307069101913245,0.8365286746337784,0.005821764442454096
lightgbm,60,exploratory,median_midpoint,primary,f1d06060,7,0,0,0.7249146840549516,0.7249146840549516,0.0,0.6725765180212034,0.6725765180212034,0.0,0.6627288722183683,0.6627288722183683,0.0,0.7871004958915349,0.7871004958915349,0.0,0.7680247545106055,0.7680247545106055,0.0,0.6997074149237844,0.6997074149237844,0.0
lightgbm,120,secondary,empirical_balanced_accuracy,sensitivity,0001508a,7,1,1,0.7339359793141217,0.7171419889907196,-0.01679399032340207,0.7042397899750318,0.6832697853644338,-0.020970004610598076,0.6442295508771048,0.6593810660286198,0.015151515151515154,0.8236424077511385,0.7749029119528194,-0.04873949579831933,0.8038155894905611,0.7914704743248151,-0.012345115165746054,0.7685528943022791,0.7477392708396489,-0.02081362346263008
lightgbm,120,secondary,empirical_balanced_accuracy,sensitivity,0012905a,7,2,2,0.7459898435381611,0.7275699980269107,-0.018419845511250563,0.7457133754286832,0.7188131668388691,-0.02690020858981414,0.8613766083445686,0.8534342171553281,-0.007942391189240703,0.630603078731754,0.6017057788984935,-0.02889729983326043,0.776953805401443,0.773746762282601,-0.0032070431188420123,0.7635896339939042,0.7423065221017461,-0.021283111892158098
lightgbm,120,secondary,empirical_balanced_accuracy,sensitivity,0110f12e,7,2,2,0.8229420676691923,0.7991954708848431,-0.023746596784349205,0.8211522375557496,0.7916744292441579,-0.029477808311591698,0.8239212019816943,0.8581358430620071,0.034214641080312726,0.82196293335669,0.740255098707679,-0.08170783464901112,0.8279208479413257,0.819074130365666,-0.008846717575659706,0.8263390829241366,0.7993705627225338,-0.026968520201602897
lightgbm,120,secondary,empirical_balanced_accuracy,sensitivity,0182e16c,7,2,2,0.6937045125801606,0.7312562874872823,0.03755177490712169,0.6329759315461185,0.6877450033920104,0.05476907184589176,0.6606702319626806,0.679512861567256,0.01884262960457538,0.7267387931976405,0.7829997134073086,0.05626092020966801,0.7747328791331471,0.7881203888762176,0.0133875097430706,0.6992727726136313,0.7474142069068396,0.048141434293208295
lightgbm,120,secondary,empirical_balanced_accuracy,sensitivity,01c2a0d8,7,3,3,0.7704268053965275,0.7852573138711038,0.014830508474576279,0.7432181832891286,0.7352104187175359,-0.00800776457159277,0.6961840613937067,0.7954576691418908,0.09927360774818403,0.8446695493993482,0.7750569586003168,-0.06961259079903148,0.7758202104448123,0.7786468144576059,0.002826604012793602,0.7879810714749099,0.7521457203853216,-0.035835351089588366
lightgbm,120,secondary,empirical_balanced_accuracy,sensitivity,1081b177,7,2,2,0.786709458606684,0.7475241204976667,-0.03918533810901719,0.7701081694715627,0.719416655686851,-0.05069151378471177,0.6192553715543063,0.7176622556754761,0.09840688412116982,0.9541635456590614,0.7773859853198573,-0.17677756033920417,0.8131021206294476,0.7905393610083963,-0.022562759621051334,0.8003192467008968,0.755089854428154,-0.04522939227274281
lightgbm,120,secondary,empirical_balanced_accuracy,sensitivity,20201194,7,3,3,0.7240396867159635,0.7547777985671225,0.03073811185115895,0.7102115601396684,0.738594996827912,0.02838343668824374,0.7004260313636136,0.7475550968478055,0.047129065484191955,0.7476533420683135,0.7620005002864394,0.014347158218125948,0.7767593835528019,0.7756017524703233,-0.0011576310824788097,0.7588129487585787,0.7770241992644468,0.018211250505868075
lightgbm,120,secondary,empirical_balanced_accuracy,sensitivity,2162c09e,7,1,1,0.76928710818385,0.7715803027762986,0.002293194592448652,0.7586041139445402,0.7629220456982082,0.004317931753667903,0.6208322184854806,0.6320631259428033,0.01123090745732255,0.9177419978822196,0.9110974796097943,-0.006644518272425245,0.7955549822936246,0.7993897199767735,0.0038347376831488872,0.8156345529996595,0.820590821221234,0.004956268221574356
lightgbm,120,secondary,empirical_balanced_accuracy,sensitivity,2182c1cd,7,5,5,0.746565554982182,0.7737394132758417,0.02717385829365967,0.7296453287711339,0.7633057500057302,0.03366042123459634,0.5601754375816076,0.6641263287721016,0.10395089119049397,0.9329556723827563,0.8833524977795816,-0.0496031746031746,0.7820819943821183,0.7971122035863922,0.015030209204274019,0.7467515283908039,0.7802961417180219,0.03354461332721782
lightgbm,120,secondary,empirical_balanced_accuracy,sensitivity,219060fa,7,0,0,0.7907003690912645,0.7907003690912645,0.0,0.7411916811141562,0.7411916811141562,0.0,0.7988515772518173,0.7988515772518173,0.0,0.7825491609307117,0.7825491609307117,0.0,0.7759908603339519,0.7759908603339519,0.0,0.8302910229583376,0.8302910229583376,0.0
lightgbm,120,secondary,empirical_balanced_accuracy,sensitivity,21a031f6,7,0,0,0.77518335498805,0.77518335498805,0.0,0.741056787098768,0.741056787098768,0.0,0.7376057063684855,0.7376057063684855,0.0,0.8127610036076149,0.8127610036076149,0.0,0.7674789549552585,0.7674789549552585,0.0,0.7543883841601616,0.7543883841601616,0.0
lightgbm,120,secondary,empirical_balanced_accuracy,sensitivity,30908049,7,1,1,0.7207395333279684,0.7272679511467086,0.00652841781874041,0.6615801582209536,0.6375919915203562,-0.023988166700597478,0.7801501149019536,0.8646355219680059,0.08448540706605223,0.661328951753983,0.5899003803254115,-0.07142857142857142,0.7377553409414574,0.7089968008423622,-0.028758540099095287,0.72572803402403,0.6820241279874281,-0.043703906036602014
lightgbm,120,secondary,empirical_balanced_accuracy,sensitivity,30c140ca,7,3,3,0.7026132357926725,0.6940498177903608,-0.00856341800231153,0.6773639307816489,0.6772038620705559,-0.00016006871109288032,0.6644581915759382,0.6902880666343385,0.025829875058400256,0.7407682800094065,0.6978115689463831,-0.042956711063023345,0.7247099983570414,0.7244191977439313,-0.0002908006131103123,0.6891923354441216,0.6959263373315806,0.006734001887458937
lightgbm,120,secondary,empirical_balanced_accuracy,sensitivity,3110e0c7,7,0,0,0.6068220627241496,0.6068220627241496,0.0,0.5560438212691474,0.5560438212691474,0.0,0.6090372517141444,0.6090372517141444,0.0,0.604606873734155,0.604606873734155,0.0,0.6010756828889087,0.6010756828889087,0.0,0.5848489610842583,0.5848489610842583,0.0
lightgbm,120,secondary,empirical_balanced_accuracy,sensitivity,40009139,7,0,0,0.8143662795827525,0.8143662795827525,0.0,0.8059640091108337,0.8059640091108337,0.0,0.8180646512616142,0.8180646512616142,0.0,0.8106679079038909,0.8106679079038909,0.0,0.835564640088774,0.835564640088774,0.0,0.8155908580696583,0.8155908580696583,0.0
lightgbm,120,secondary,empirical_balanced_accuracy,sensitivity,40f0714a,7,3,3,0.789372097016364,0.7909282750431305,0.001556178026766267,0.7043256533247825,0.7044702832995676,0.00014462997478521217,0.885368662001734,0.8800776567107287,-0.005291005291005283,0.6933755320309941,0.701778893375532,0.008403361344537816,0.7794887529297083,0.7756418699658015,-0.0038468829639066726,0.7824930639602449,0.7812508279354002,-0.0012422360248447134
lightgbm,120,secondary,empirical_balanced_accuracy,sensitivity,41e2010c,7,3,3,0.7355999869893726,0.7064578646846673,-0.029142122304705205,0.6977600912027218,0.6829778791430486,-0.01478221205967314,0.7742805505703345,0.7216590038196292,-0.05262154675070526,0.6969194234084106,0.6912567255497055,-0.005662697858705117,0.796322509092892,0.7931130115481254,-0.0032094975447664203,0.7392184568458339,0.7357954093051392,-0.0034230475406946048
lightgbm,120,secondary,empirical_balanced_accuracy,sensitivity,5001d09a,7,2,2,0.8075775645324388,0.8098117710039333,0.0022342064714945898,0.782907437385235,0.7843829784101812,0.0014755410249462603,0.9046748530383831,0.8610913179294243,-0.04358353510895885,0.7104802760264944,0.7585322240784426,0.04805194805194805,0.8098173279756645,0.8082321547179401,-0.0015851732577244798,0.8110670533058536,0.8116936197218937,0.0006265664160401022
lightgbm,120,secondary,empirical_balanced_accuracy,sensitivity,50c02189,7,3,3,0.6350381343224049,0.6621800876368507,0.027141953314445737,0.548417528670537,0.6071498134902286,0.05873228481969151,0.5553870438824924,0.7104584742728767,0.15507143039038426,0.7146892247623174,0.6139017010008246,-0.10078752376149279,0.7097967540496609,0.719051224769409,0.009254470719748118,0.6277631918498869,0.6572036864066605,0.029440494556773618
lightgbm,120,secondary,empirical_balanced_accuracy,sensitivity,517001af,7,3,3,0.8152898684972794,0.809368969627146,-0.005920898870133346,0.8081049525198115,0.8237810669794686,0.01567611445965722,0.7237491286885717,0.8310320418538378,0.1072829131652661,0.9068306083059872,0.7877058974004544,-0.11912471090553281,0.8407372001495371,0.867067076110431,0.026329875960893836,0.8642257552092738,0.8953019095950152,0.031076154385741437
lightgbm,120,secondary,empirical_balanced_accuracy,sensitivity,6030f0fd,7,1,1,0.7624973997783145,0.7504481177215531,-0.012049282056761479,0.7369842962611001,0.7144710531554809,-0.022513243105619148,0.8313673094292948,0.7790112884868865,-0.05235602094240837,0.6936274901273342,0.7218849469562195,0.028257456828885395,0.7777185305607076,0.7629260992029193,-0.014792431357788294,0.7559394149197824,0.7295969630454157,-0.026342451874366773
lightgbm,120,secondary,empirical_balanced_accuracy,sensitivity,7072a0e0,7,2,2,0.7464172507903697,0.7067716280169639,-0.03964562277340559,0.6739133692211026,0.597314974577522,-0.0765983946435805,0.7945575500871117,0.835361807922712,0.04080425783560025,0.6982769514936278,0.5781814481112163,-0.12009550338241146,0.7305134310644424,0.7128067157234037,-0.017706715341038657,0.7039056622899577,0.6173457008035867,-0.08655996148637089
lightgbm,120,secondary,empirical_balanced_accuracy,sensitivity,7092f07b,7,3,3,0.6808724907638695,0.6589652648218335,-0.021907225942036042,0.6434535582509422,0.611356389643409,-0.03209716860753312,0.8494896058766994,0.8525784089655026,0.003088803088803089,0.5122553756510397,0.46535212067816445,-0.04690325497287523,0.763277467251374,0.7593350558574359,-0.003942411393937996,0.7001937541991742,0.685757090914425,-0.014436663284749194
lightgbm,120,secondary,empirical_balanced_accuracy,sensitivity,7150e10a,7,0,0,0.7006039799313852,0.7006039799313852,0.0,0.6548689139419533,0.6548689139419533,0.0,0.8747591384446638,0.8747591384446638,0.0,0.5264488214181068,0.5264488214181068,0.0,0.775947440562561,0.775947440562561,0.0,0.704890229144396,0.704890229144396,0.0
lightgbm,120,secondary,empirical_balanced_accuracy,sensitivity,71a251fa,7,2,2,0.8408471191752505,0.7800497761615878,-0.06079734301366276,0.8277262053625396,0.7689241121597423,-0.058802093202797216,0.7912179229779864,0.8143122797053416,0.02309435672735514,0.8904763153725146,0.7457872726178341,-0.14468904275468067,0.8469446832846407,0.8312389661916322,-0.015705717093008498,0.8605925558344326,0.8158122512288005,-0.04478030460563213
lightgbm,120,secondary,empirical_balanced_accuracy,sensitivity,71c09041,6,2,2,0.8131458086347593,0.7327892975766082,-0.08035651105815124,0.7918147652300528,0.7278883965367949,-0.06392636869325785,0.8727256772156308,0.8953459884326618,0.022620311217030824,0.753565940053888,0.5702326067205544,-0.18333333333333335,0.8208419145525766,0.8328448899768678,0.012002975424291037,0.8628102748534134,0.8609294153801071,-0.0018808594733063695
lightgbm,120,secondary,empirical_balanced_accuracy,sensitivity,71e10186,7,4,4,0.9392862932022863,0.9392862932022863,0.0,0.940466553325991,0.940466553325991,0.0,0.9297378314067727,0.9297378314067727,0.0,0.9488347549977999,0.9488347549977999,0.0,0.9465454020699815,0.9465454020699815,0.0,0.942804032709037,0.942804032709037,0.0
lightgbm,120,secondary,empirical_balanced_accuracy,sensitivity,71f0603f,7,4,4,0.7909185077487642,0.7857285916816105,-0.005189916067153545,0.7927471778430573,0.7762499898749315,-0.01649718796812581,0.7186208458363917,0.7629253141990793,0.04430446836268757,0.8632161696611363,0.8085318691641418,-0.05468430049699461,0.8103117392916271,0.7988958291876794,-0.011415910103947666,0.8014862121818948,0.7813566021831155,-0.02012960999877928
lightgbm,120,secondary,empirical_balanced_accuracy,sensitivity,71f21142,7,0,0,0.7673458308942708,0.7673458308942708,0.0,0.7164803086194714,0.7164803086194714,0.0,0.8758661540394478,0.8758661540394478,0.0,0.6588255077490937,0.6588255077490937,0.0,0.7766770333135229,0.7766770333135229,0.0,0.7887086712728386,0.7887086712728386,0.0
lightgbm,120,secondary,empirical_balanced_accuracy,sensitivity,8030618f,7,1,1,0.7747633163522886,0.7730821176512224,-0.0016811987010662474,0.6754798260754998,0.6731964333265399,-0.002283392748959945,0.8657733871205522,0.8411754684828984,-0.024597918637653735,0.6837532455840248,0.7049887668195461,0.02123552123552124,0.7368169832320064,0.7378276850928686,0.0010107018608620669,0.702874806115217,0.7009636737693021,-0.0019111323459149534
lightgbm,120,secondary,empirical_balanced_accuracy,sensitivity,8191f1d9,7,0,0,0.6736406861511346,0.6736406861511346,0.0,0.5553575512362776,0.5553575512362776,0.0,0.4056643819519585,0.4056643819519585,0.0,0.9416169903503105,0.9416169903503105,0.0,0.7162222661833084,0.7162222661833084,0.0,0.5881292702093874,0.5881292702093874,0.0
lightgbm,120,secondary,empirical_balanced_accuracy,sensitivity,81e150c1,7,2,2,0.7515406190899453,0.7341704677329357,-0.01737015135700959,0.6970552095500169,0.6724215064341836,-0.02463370311583319,0.8689469494015715,0.8927629099571913,0.023815960555619915,0.634134288778319,0.57557802550868,-0.05855626326963908,0.7201164206343001,0.7114400471782115,-0.008676373456088531,0.746737718561515,0.7219563774536434,-0.02478134110787173
lightgbm,120,secondary,empirical_balanced_accuracy,sensitivity,81f1f0fe,7,2,2,0.7457666758546334,0.7475444862154189,0.001777810360785535,0.7070999311172512,0.709181676904876,0.002081745787624783,0.7782946352214631,0.766844253542074,-0.011450381679389308,0.7132387164878036,0.728244718888764,0.015006002400960394,0.7410815979616647,0.7391541654445601,-0.0019274325171046197,0.7302286671985831,0.7313715243414404,0.0011428571428571438
lightgbm,120,secondary,empirical_balanced_accuracy,sensitivity,a02151ac,7,0,0,0.7169719027849064,0.7169719027849064,0.0,0.6930737089773508,0.6930737089773508,0.0,0.6156954606857395,0.6156954606857395,0.0,0.8182483448840735,0.8182483448840735,0.0,0.7573163183860853,0.7573163183860853,0.0,0.738337748566478,0.738337748566478,0.0
lightgbm,120,secondary,empirical_balanced_accuracy,sensitivity,a1721173,7,2,2,0.7516685798447428,0.7286962163873049,-0.022972363457438076,0.7563648333869146,0.7280827652443237,-0.02828206814259095,0.7489273235996093,0.7510595197616563,0.0021321961620469143,0.7544098360898766,0.7063329130129535,-0.048076923076923066,0.8046458238161692,0.7869542624064415,-0.0176915614097278,0.8064677335193581,0.7780633893255402,-0.028404344193817876
lightgbm,120,secondary,empirical_balanced_accuracy,sensitivity,a1b210fc,7,1,1,0.7699269289551001,0.7324170993351787,-0.03750982961992138,0.7607873700543767,0.7045729583059782,-0.056214411748398495,0.833140102418575,0.7381204431787322,-0.09501965923984272,0.7067137554916252,0.7267137554916251,0.02,0.7812198829110945,0.7538707745313563,-0.02734910837973811,0.7962309419907021,0.7626534084131685,-0.03357753357753358
lightgbm,120,secondary,empirical_balanced_accuracy,sensitivity,b0700166,7,1,1,0.6676066639680408,0.6676066639680408,0.0,0.587671158486583,0.587671158486583,0.0,0.7605369482187099,0.7605369482187099,0.0,0.5746763797173716,0.5746763797173716,0.0,0.717611395481791,0.717611395481791,0.0,0.6299440137999035,0.6299440137999035,0.0
lightgbm,120,secondary,empirical_balanced_accuracy,sensitivity,b112005d,7,2,2,0.6986274059277833,0.6888175650054629,-0.009809840922320385,0.6724343876295205,0.6604966748313891,-0.011937712798131337,0.7612922292802565,0.7846443287407304,0.023352099460473848,0.63596258257531,0.5929908012701953,-0.042971781305114636,0.7210095149531063,0.7264901081903096,0.005480593237203354,0.7209552628589251,0.7217803201545706,0.000825057295645526
lightgbm,120,secondary,empirical_balanced_accuracy,sensitivity,b1c2f044,7,4,4,0.8098226647383813,0.795346078070434,-0.014476586667947313,0.7912617208347159,0.8015796536819809,0.010317932847265121,0.8982118168271837,0.9387824530150987,0.04057063618791495,0.7214335126495789,0.6519097031257693,-0.06952380952380953,0.833862528945499,0.8596593592174331,0.025796830271934024,0.8317865106983046,0.848762184978087,0.016975674279782433
lightgbm,120,secondary,empirical_balanced_accuracy,sensitivity,c060c06a,7,1,1,0.7417719044830823,0.7361727417410624,-0.005599162742019881,0.6865544490429893,0.6872070455089724,0.0006525964659829718,0.5548482399399324,0.6171193022109946,0.06227106227106227,0.9286955690262324,0.8552261812711304,-0.07346938775510203,0.7778252283189158,0.779739129555477,0.0019139012365613375,0.7821765470698071,0.787720257091129,0.005543710021321956
lightgbm,120,secondary,empirical_balanced_accuracy,sensitivity,c112918e,7,5,5,0.6593319082807543,0.6338923541964825,-0.025439554084271804,0.5924457280694126,0.5855054962381264,-0.006940231831286178,0.4514382598780034,0.6558732440665391,0.20443498418853562,0.8672255566835051,0.611911464326426,-0.25531409235707925,0.7524388477121023,0.788753959922715,0.03631511221061242,0.6480810767576145,0.6724643449306439,0.02438326817302953
lightgbm,120,secondary,empirical_balanced_accuracy,sensitivity,c1a150b1,7,0,0,0.7335976081080131,0.7335976081080131,0.0,0.6311712515810426,0.6311712515810426,0.0,0.8336937394506106,0.8336937394506106,0.0,0.6335014767654155,0.6335014767654155,0.0,0.7339508916290658,0.7339508916290658,0.0,0.7390556595390266,0.7390556595390266,0.0
lightgbm,120,secondary,empirical_balanced_accuracy,sensitivity,d0724095,7,3,3,0.7584475441135404,0.7571704021266817,-0.0012771419868587192,0.7286513984662003,0.7478506385307997,0.01919924006459966,0.729733899704517,0.7898618314742397,0.060127931769722816,0.7871611885225641,0.7244789727791238,-0.06268221574344023,0.7813670908069861,0.7978799831826061,0.016512892375619957,0.7529448458293209,0.7852774093397136,0.03233256351039261
lightgbm,120,secondary,empirical_balanced_accuracy,sensitivity,d0e2d025,7,2,2,0.7614162053963048,0.7341014544089282,-0.027314750987376662,0.7443464001634182,0.7265566018646858,-0.017789798298732347,0.8141609709155943,0.7918274937180687,-0.022333477197525525,0.7086714398770153,0.6763754150997875,-0.032296024777227796,0.7990317013285171,0.8094192140235057,0.010387512694988705,0.7881193102186642,0.7817447151414626,-0.006374595077201554
lightgbm,120,secondary,empirical_balanced_accuracy,sensitivity,d111e017,7,4,4,0.8768898378537765,0.8768898378537765,0.0,0.8740090994038007,0.8740090994038007,0.0,0.8317266580908919,0.8317266580908919,0.0,0.9220530176166611,0.9220530176166611,0.0,0.8880264757617102,0.8880264757617102,0.0,0.8767065255882354,0.8767065255882354,0.0
lightgbm,120,secondary,empirical_balanced_accuracy,sensitivity,d142d110,7,1,1,0.776790145916328,0.791620843673855,0.014830697757527036,0.7545379867509344,0.7732722697899927,0.01873428303905833,0.719756099031753,0.7563861356617897,0.03663003663003663,0.8338241928009028,0.8268555516859203,-0.006968641114982569,0.7829471849033862,0.786932574513776,0.003985389610389618,0.7976098344716028,0.8046936597372464,0.00708382526564344
lightgbm,120,secondary,empirical_balanced_accuracy,sensitivity,d151b0c4,7,1,1,0.7726649909861695,0.7641482337587517,-0.008516757227417722,0.763104431049756,0.7560298488806639,-0.007074582169092006,0.7542593214474219,0.8105507121758988,0.056291390728476824,0.7910706605249169,0.7177457553416048,-0.07332490518331226,0.788344863345354,0.7938464272200426,0.005501563874688491,0.7847580604934056,0.7855697488050939,0.0008116883116883031
lightgbm,120,secondary,empirical_balanced_accuracy,sensitivity,d18000a3,7,0,0,0.8307715262306911,0.8307715262306911,0.0,0.8000849251852186,0.8000849251852186,0.0,0.805728745776824,0.805728745776824,0.0,0.855814306684558,0.855814306684558,0.0,0.8151976711893101,0.8151976711893101,0.0,0.8204240957018791,0.8204240957018791,0.0
lightgbm,120,secondary,empirical_balanced_accuracy,sensitivity,e0c0408a,5,2,2,0.7225364096244657,0.7512525180774163,0.028716108452950563,0.6974234369172752,0.7194211385155512,0.021997701598276055,0.6891219910240718,0.7147360261117911,0.02561403508771931,0.7559508282248598,0.7877690100430417,0.031818181818181815,0.7755203230219295,0.7816880608154793,0.006167737793549821,0.7542224521029639,0.7719697907466027,0.0177473386436388
lightgbm,120,secondary,empirical_balanced_accuracy,sensitivity,f0f2a1e1,7,1,1,0.8093652267132556,0.8093652267132556,0.0,0.782740874789221,0.782740874789221,0.0,0.8170405489710102,0.8170405489710102,0.0,0.8016899044555009,0.8016899044555009,0.0,0.7814538473913191,0.7814538473913191,0.0,0.8260464571196716,0.8260464571196716,0.0
lightgbm,120,secondary,empirical_balanced_accuracy,sensitivity,f121f1e0,7,4,4,0.6984293364320148,0.712184036938731,0.013754700506716138,0.6560656457616957,0.6628634000626856,0.006797754300989944,0.8816187970312718,0.831609952756834,-0.05000884427443782,0.5152398758327578,0.5927581211206279,0.0775182452878701,0.7452180783000136,0.7342732474693808,-0.010944830830632786,0.6862403012603858,0.6752281185601168,-0.011012182700269142
lightgbm,120,secondary,empirical_balanced_accuracy,sensitivity,f1a0c120,7,7,7,0.7223764161086363,0.7241906055496108,0.0018141894409743659,0.7271988736830932,0.7270623392315473,-0.0001365344515459808,0.6306914668775091,0.6671115685150022,0.03642010163749294,0.8140613653397635,0.7812696425842193,-0.032791722755544206,0.8004240186330721,0.8106686056106139,0.01024458697754173,0.8307069101913245,0.810610007364203,-0.02009690282712156
lightgbm,120,secondary,empirical_balanced_accuracy,sensitivity,f1d06060,7,3,3,0.7249146840549516,0.7594625272939807,0.03454784323902904,0.6725765180212034,0.7285668525848638,0.05599033456366028,0.6627288722183683,0.8583629469608578,0.1956340747424894,0.7871004958915349,0.6605621076271035,-0.12653838826443134,0.7680247545106055,0.7753850000003408,0.0073602454897352875,0.6997074149237844,0.752044307599227,0.05233689267544268
lightgbm,120,secondary,median_midpoint,primary,0001508a,7,1,1,0.7339359793141217,0.738264983643126,0.004329004329004341,0.7042397899750318,0.7081470150320825,0.0039072250570507516,0.6442295508771048,0.6528875595351133,0.008658008658008667,0.8236424077511385,0.8236424077511385,0.0,0.8038155894905611,0.8073985290299978,0.0035829395394366215,0.7685528943022791,0.7723371894773027,0.0037842951750236553
lightgbm,120,secondary,median_midpoint,primary,0012905a,7,2,2,0.7459898435381611,0.7332375517276727,-0.012752291810488552,0.7457133754286832,0.7301543731239885,-0.015559002304694711,0.8613766083445686,0.8640064223161171,0.002629813971548584,0.630603078731754,0.6024686811392284,-0.02813439759252569,0.776953805401443,0.7711566542940033,-0.0057971511074397875,0.7635896339939042,0.7498025996729891,-0.01378703432091523
lightgbm,120,secondary,median_midpoint,primary,0110f12e,7,2,2,0.8229420676691923,0.8215292565022108,-0.0014128111669814741,0.8211522375557496,0.8187541715812355,-0.002398065974514022,0.8239212019816943,0.8395999510932793,0.015678749111584938,0.82196293335669,0.8034585619111422,-0.018504371445547903,0.8279208479413257,0.8277224805095794,-0.00019836743174617144,0.8263390829241366,0.8239650158884154,-0.0023740670357211674
lightgbm,120,secondary,median_midpoint,primary,0182e16c,7,2,2,0.6937045125801606,0.7335559675831692,0.039851455003008525,0.6329759315461185,0.6902628115086339,0.05728687996251528,0.6606702319626806,0.6882085137411691,0.027538281778488414,0.7267387931976405,0.7789034214251691,0.05216462822752864,0.7747328791331471,0.7854889440235581,0.010756064890410968,0.6992727726136313,0.7479142296926881,0.04864145707905677
lightgbm,120,secondary,median_midpoint,primary,01c2a0d8,7,3,3,0.7704268053965275,0.7873878493066175,0.01696104391008998,0.7432181832891286,0.7402995482308733,-0.002918635058255276,0.6961840613937067,0.8013394389451308,0.10515537755142412,0.8446695493993482,0.7734362596681041,-0.07123328973124415,0.7758202104448123,0.7791645351148241,0.003344324670011762,0.7879810714749099,0.75853634294971,-0.02944472852519989
lightgbm,120,secondary,median_midpoint,primary,1081b177,7,2,2,0.786709458606684,0.8018693990357045,0.015159940429020644,0.7701081694715627,0.7862715451530388,0.01616337568147611,0.6192553715543063,0.6966653953929016,0.07741002383859526,0.9541635456590614,0.9070734026785076,-0.04709014298055393,0.8131021206294476,0.8141855249722209,0.001083404342773304,0.8003192467008968,0.8134607243830775,0.013141477682180705
lightgbm,120,secondary,median_midpoint,primary,20201194,7,3,3,0.7240396867159635,0.7467479504335631,0.022708263717599566,0.7102115601396684,0.7332078026475889,0.022996242507920588,0.7004260313636136,0.7496437038902803,0.0492176725266668,0.7476533420683135,0.7438521969768458,-0.0038011450914676886,0.7767593835528019,0.7747266833403101,-0.002032700212491721,0.7588129487585787,0.7749862756425677,0.01617332688398911
lightgbm,120,secondary,median_midpoint,primary,2162c09e,7,1,1,0.76928710818385,0.7726824988104825,0.0033953906266324108,0.7586041139445402,0.7653998884739667,0.006795774529426416,0.6208322184854806,0.6392509067154898,0.01841868823000898,0.9177419978822196,0.9061140909054755,-0.011627906976744175,0.7955549822936246,0.8027367900231093,0.0071818077294845285,0.8156345529996595,0.8235062731162776,0.00787172011661809
lightgbm,120,secondary,median_midpoint,primary,2182c1cd,7,5,5,0.746565554982182,0.7549449672631623,0.008379412280980412,0.7296453287711339,0.7396045014295611,0.009959172658427289,0.5601754375816076,0.580271580478629,0.02009614289702133,0.9329556723827563,0.9296183540476959,-0.0033373183350604734,0.7820819943821183,0.7845415778818484,0.0024595834997302207,0.7467515283908039,0.7564867334110297,0.009735205020225781
lightgbm,120,secondary,median_midpoint,primary,219060fa,7,0,0,0.7907003690912645,0.7907003690912645,0.0,0.7411916811141562,0.7411916811141562,0.0,0.7988515772518173,0.7988515772518173,0.0,0.7825491609307117,0.7825491609307117,0.0,0.7759908603339519,0.7759908603339519,0.0,0.8302910229583376,0.8302910229583376,0.0
lightgbm,120,secondary,median_midpoint,primary,21a031f6,7,0,0,0.77518335498805,0.77518335498805,0.0,0.741056787098768,0.741056787098768,0.0,0.7376057063684855,0.7376057063684855,0.0,0.8127610036076149,0.8127610036076149,0.0,0.7674789549552585,0.7674789549552585,0.0,0.7543883841601616,0.7543883841601616,0.0
lightgbm,120,secondary,median_midpoint,primary,30908049,7,1,1,0.7207395333279684,0.7278073717161367,0.007067838388168475,0.6615801582209536,0.6369086538355057,-0.024671504385447945,0.7801501149019536,0.8677077185885896,0.08755760368663594,0.661328951753983,0.587907024843684,-0.07342192691029902,0.7377553409414574,0.7095765919345066,-0.028178749006950974,0.72572803402403,0.680931530336513,-0.04479650368751707
lightgbm,120,secondary,median_midpoint,primary,30c140ca,7,3,2,0.7026132357926725,0.702071612440138,-0.0005416233525343341,0.6773639307816489,0.6831033809383132,0.0057394501566643595,0.6644581915759382,0.6644018249675171,-5.636660842116876e-05,0.7407682800094065,0.739741399912759,-0.001026880096647531,0.7247099983570414,0.7253676082042951,0.0006576098472536833,0.6891923354441216,0.6964648243313187,0.007272488887197115
lightgbm,120,secondary,median_midpoint,primary,3110e0c7,7,0,0,0.6068220627241496,0.6068220627241496,0.0,0.5560438212691474,0.5560438212691474,0.0,0.6090372517141444,0.6090372517141444,0.0,0.604606873734155,0.604606873734155,0.0,0.6010756828889087,0.6010756828889087,0.0,0.5848489610842583,0.5848489610842583,0.0
lightgbm,120,secondary,median_midpoint,primary,40009139,7,0,0,0.8143662795827525,0.8143662795827525,0.0,0.8059640091108337,0.8059640091108337,0.0,0.8180646512616142,0.8180646512616142,0.0,0.8106679079038909,0.8106679079038909,0.0,0.835564640088774,0.835564640088774,0.0,0.8155908580696583,0.8155908580696583,0.0
lightgbm,120,secondary,median_midpoint,primary,40f0714a,7,3,3,0.789372097016364,0.7966535281073189,0.0072814310909548995,0.7043256533247825,0.7137234416764467,0.009397788351664367,0.885368662001734,0.8836049935713989,-0.0017636684303350889,0.6933755320309941,0.7097020626432391,0.016326530612244903,0.7794887529297083,0.7794954359845641,6.683054855801832e-06,0.7824930639602449,0.7869651136496859,0.004472049689441006
lightgbm,120,secondary,median_midpoint,primary,41e2010c,7,3,3,0.7355999869893726,0.7554275809429108,0.019827593953538232,0.6977600912027218,0.7313306071898115,0.03357051598708972,0.7742805505703345,0.7651057723153214,-0.009174778255013085,0.6969194234084106,0.7457493895705002,0.04882996616208958,0.796322509092892,0.804621715733869,0.008299206640977053,0.7392184568458339,0.7742877992681174,0.03506934242228361
lightgbm,120,secondary,median_midpoint,primary,5001d09a,7,2,2,0.8075775645324388,0.8167565211690224,0.00917895663658373,0.782907437385235,0.7925762650277326,0.009668827642497593,0.9046748530383831,0.9022535455323298,-0.002421307506053278,0.7104802760264944,0.7312594968057152,0.02077922077922077,0.8098173279756645,0.8144255833733188,0.004608255397654367,0.8110670533058536,0.819838983130415,0.008771929824561415
lightgbm,120,secondary,median_midpoint,primary,50c02189,7,3,3,0.6350381343224049,0.6589875676019596,0.02394943327955471,0.548417528670537,0.6046586200268714,0.0562410913563343,0.5553870438824924,0.6957141290628855,0.14032708518039322,0.7146892247623174,0.6222610061410336,-0.09242821862128378,0.7097967540496609,0.7176858726399823,0.007889118590321391,0.6277631918498869,0.6546193896363173,0.026856197786430336
lightgbm,120,secondary,median_midpoint,primary,517001af,7,3,3,0.8152898684972794,0.828122959392417,0.012833090895137638,0.8081049525198115,0.8391971460909244,0.031092193571112987,0.7237491286885717,0.8244494088006166,0.10070028011204482,0.9068306083059872,0.8317965099842175,-0.07503409832176955,0.8407372001495371,0.8624662825209173,0.021729082371380208,0.8642257552092738,0.901343410957695,0.03711765574842126
lightgbm,120,secondary,median_midpoint,primary,6030f0fd,7,1,1,0.7624973997783145,0.7552357758375583,-0.0072616239407563244,0.7369842962611001,0.7215602970646147,-0.015423999196485452,0.8313673094292948,0.7917263221443286,-0.039640987284966345,0.6936274901273342,0.7187452295307878,0.02511773940345368,0.7777185305607076,0.7658225784597519,-0.011895952100955716,0.7559394149197824,0.7371957472399445,-0.018743667679837896
lightgbm,120,secondary,median_midpoint,primary,7072a0e0,7,2,1,0.7464172507903697,0.7384985777031572,-0.007918673087212407,0.6739133692211026,0.661308103684396,-0.012605265536706664,0.7945575500871117,0.7977678229603059,0.0032102728731942293,0.6982769514936278,0.6792293324460087,-0.019047619047619042,0.7305134310644424,0.7243033433234815,-0.006210087740961022,0.7039056622899577,0.6894224496500628,-0.014483212639894669
lightgbm,120,secondary,median_midpoint,primary,7092f07b,7,3,3,0.6808724907638695,0.6533880778066765,-0.027484412957192998,0.6434535582509422,0.6052097894790555,-0.038243768771886656,0.8494896058766994,0.8378391799405592,-0.011650425936140225,0.5122553756510397,0.46893697567279385,-0.04331839997824581,0.763277467251374,0.757495723000038,-0.005781744251335914,0.7001937541991742,0.683835639103887,-0.01635811509528708
lightgbm,120,secondary,median_midpoint,primary,7150e10a,7,0,0,0.7006039799313852,0.7006039799313852,0.0,0.6548689139419533,0.6548689139419533,0.0,0.8747591384446638,0.8747591384446638,0.0,0.5264488214181068,0.5264488214181068,0.0,0.775947440562561,0.775947440562561,0.0,0.704890229144396,0.704890229144396,0.0
lightgbm,120,secondary,median_midpoint,primary,71a251fa,7,2,2,0.8408471191752505,0.8218460396466848,-0.01900107952856586,0.8277262053625396,0.8103800973679924,-0.01734610799454726,0.7912179229779864,0.8106256437606411,0.019407720782654687,0.8904763153725146,0.8330664355327283,-0.05740987983978639,0.8469446832846407,0.8397794944045823,-0.007165188880058301,0.8605925558344326,0.8445683083691371,-0.0160242474652955
lightgbm,120,secondary,median_midpoint,primary,71c09041,6,2,2,0.8131458086347593,0.742709932497243,-0.07043587613751633,0.7918147652300528,0.7440628705458079,-0.047751894684244976,0.8727256772156308,0.8953459884326618,0.022620311217030824,0.753565940053888,0.5900738765618244,-0.1634920634920635,0.8208419145525766,0.8339517660837438,0.013109851531167135,0.8628102748534134,0.8633732081464806,0.0005629332930670398
lightgbm,120,secondary,median_midpoint,primary,71e10186,7,4,4,0.9392862932022863,0.9397435012862128,0.0004572080839265112,0.940466553325991,0.9409863135791047,0.0005197602531133359,0.9297378314067727,0.9341118816504341,0.0043740502436616325,0.9488347549977999,0.9453751209219912,-0.003459634075808658,0.9465454020699815,0.9472467905146197,0.0007013884446380736,0.942804032709037,0.9433120906017386,0.0005080578927017283
lightgbm,120,secondary,median_midpoint,primary,71f0603f,7,4,3,0.7909185077487642,0.7727115839339939,-0.0182069238147702,0.7927471778430573,0.7625814921705676,-0.030165685672489735,0.7186208458363917,0.7562305568193904,0.03760971098299865,0.8632161696611363,0.7891926110485974,-0.07402355861253905,0.8103117392916271,0.7954164420784441,-0.014895297213182977,0.8014862121818948,0.770013460245815,-0.03147275193607985
lightgbm,120,secondary,median_midpoint,primary,71f21142,7,0,0,0.7673458308942708,0.7673458308942708,0.0,0.7164803086194714,0.7164803086194714,0.0,0.8758661540394478,0.8758661540394478,0.0,0.6588255077490937,0.6588255077490937,0.0,0.7766770333135229,0.7766770333135229,0.0,0.7887086712728386,0.7887086712728386,0.0
lightgbm,120,secondary,median_midpoint,primary,8030618f,7,1,1,0.7747633163522886,0.7720689237572337,-0.0026943925950548525,0.6754798260754998,0.6724665285239156,-0.0030132975515840504,0.8657733871205522,0.845905837451678,-0.01986754966887418,0.6837532455840248,0.6982320100627893,0.014478764478764474,0.7368169832320064,0.7351700032518036,-0.0016469799802028007,0.702874806115217,0.7000081075963447,-0.00286669851887243
lightgbm,120,secondary,median_midpoint,primary,8191f1d9,7,0,0,0.6736406861511346,0.6736406861511346,0.0,0.5553575512362776,0.5553575512362776,0.0,0.4056643819519585,0.4056643819519585,0.0,0.9416169903503105,0.9416169903503105,0.0,0.7162222661833084,0.7162222661833084,0.0,0.5881292702093874,0.5881292702093874,0.0
lightgbm,120,secondary,median_midpoint,primary,81e150c1,7,2,2,0.7515406190899453,0.7488015868338117,-0.0027390322561336366,0.6970552095500169,0.691695879979658,-0.00535932957035899,0.8689469494015715,0.8864291517986155,0.01748220239704425,0.634134288778319,0.6111740218690075,-0.022960266909311505,0.7201164206343001,0.7200491409359755,-6.727969832465153e-05,0.746737718561515,0.7412602028799178,-0.005477515681597315
lightgbm,120,secondary,median_midpoint,primary,81f1f0fe,7,2,2,0.7457666758546334,0.7548843878249176,0.009117711970284294,0.7070999311172512,0.7167126513317739,0.009612720214522641,0.7782946352214631,0.75931517320765,-0.018979462013813175,0.7132387164878036,0.7504536024421854,0.037214885954381764,0.7410815979616647,0.7444692367834697,0.0033876388218050074,0.7302286671985831,0.738385878408426,0.008157211209842792
lightgbm,120,secondary,median_midpoint,primary,a02151ac,7,0,0,0.7169719027849064,0.7169719027849064,0.0,0.6930737089773508,0.6930737089773508,0.0,0.6156954606857395,0.6156954606857395,0.0,0.8182483448840735,0.8182483448840735,0.0,0.7573163183860853,0.7573163183860853,0.0,0.738337748566478,0.738337748566478,0.0
lightgbm,120,secondary,median_midpoint,primary,a1721173,7,2,2,0.7516685798447428,0.7454066265128935,-0.0062619533318493915,0.7563648333869146,0.7483841016540389,-0.007980731732875819,0.7489273235996093,0.7499434483330848,0.0010161247334754858,0.7544098360898766,0.7408698046927024,-0.013540031397174255,0.8046458238161692,0.7972396342581545,-0.007406189558014927,0.8064677335193581,0.7981135146388235,-0.00835421888053467
lightgbm,120,secondary,median_midpoint,primary,a1b210fc,7,1,1,0.7699269289551001,0.7470855134898314,-0.02284141546526868,0.7607873700543767,0.7317367909142893,-0.02905057914008729,0.833140102418575,0.770885842916609,-0.06225425950196593,0.7067137554916252,0.7232851840630536,0.01657142857142857,0.7812198829110945,0.7734845714107322,-0.007735311500362234,0.7962309419907021,0.7760844218441819,-0.020146520146520155
lightgbm,120,secondary,median_midpoint,primary,b0700166,7,1,1,0.6676066639680408,0.6704908798553527,0.002884215887311866,0.587671158486583,0.592474055664024,0.004802897177441042,0.7605369482187099,0.7596711473529091,-0.0008658008658008555,0.5746763797173716,0.5813106123577964,0.006634232640424588,0.717611395481791,0.7181031423214981,0.0004917468397071285,0.6299440137999035,0.6340423744556413,0.004098360655737702
lightgbm,120,secondary,median_midpoint,primary,b112005d,7,2,2,0.6986274059277833,0.6870806339622921,-0.011546771965491174,0.6724343876295205,0.6587979003432388,-0.013636487286281498,0.7612922292802565,0.7846537118043007,0.0233614825240441,0.63596258257531,0.5895075561202835,-0.04645502645502645,0.7210095149531063,0.7241510828917678,0.0031415679386615886,0.7209552628589251,0.7209196122350392,-3.56506238859173e-05
lightgbm,120,secondary,median_midpoint,primary,b1c2f044,7,4,3,0.8098226647383813,0.8040715292166632,-0.0057511355217179415,0.7912617208347159,0.8076551996845748,0.01639347884985885,0.8982118168271837,0.9419808250271524,0.043769008199968776,0.7214335126495789,0.6661622334061742,-0.05527127924340466,0.833862528945499,0.8566973483006445,0.02283481935514537,0.8317865106983046,0.8518182440982194,0.02003173339991477
lightgbm,120,secondary,median_midpoint,primary,c060c06a,7,1,1,0.7417719044830823,0.743158613012648,0.0013867085295656675,0.6865544490429893,0.6948889180612398,0.008334469018250317,0.5548482399399324,0.6127236978153903,0.05787545787545788,0.9286955690262324,0.8735935282099058,-0.055102040816326525,0.7778252283189158,0.7808398716881185,0.0030146433692029373,0.7821765470698071,0.7928375278800416,0.010660980810234541
lightgbm,120,secondary,median_midpoint,primary,c112918e,7,5,5,0.6593319082807543,0.6764681787099127,0.01713627042915852,0.5924457280694126,0.6358438799735031,0.0433981519040905,0.4514382598780034,0.6726371587565666,0.22119889887856317,0.8672255566835051,0.680299198663259,-0.18692635802024618,0.7524388477121023,0.788073084182252,0.03563423647014947,0.6480810767576145,0.7040191132262066,0.05593803646859217
lightgbm,120,secondary,median_midpoint,primary,c1a150b1,7,0,0,0.7335976081080131,0.7335976081080131,0.0,0.6311712515810426,0.6311712515810426,0.0,0.8336937394506106,0.8336937394506106,0.0,0.6335014767654155,0.6335014767654155,0.0,0.7339508916290658,0.7339508916290658,0.0,0.7390556595390266,0.7390556595390266,0.0
lightgbm,120,secondary,median_midpoint,primary,d0724095,7,3,3,0.7584475441135404,0.7682381714539259,0.009790627340385336,0.7286513984662003,0.7540912478742772,0.025439849408076958,0.729733899704517,0.7854954344598468,0.05576153475532982,0.7871611885225641,0.750980908448005,-0.036180280074559104,0.7813670908069861,0.793134091960053,0.011767001153066932,0.7529448458293209,0.7851741659950627,0.03222932016574186
lightgbm,120,secondary,median_midpoint,primary,d0e2d025,7,2,2,0.7614162053963048,0.751543262235762,-0.0098729431605428,0.7443464001634182,0.7345598526592532,-0.009786547504165142,0.8141609709155943,0.8365145891000282,0.0223536181844339,0.7086714398770153,0.6665719353714957,-0.04209950450551953,0.7990317013285171,0.7984627992266751,-0.0005689021018419219,0.7881193102186642,0.7809417228141724,-0.007177587404491782
lightgbm,120,secondary,median_midpoint,primary,d111e017,7,4,4,0.8768898378537765,0.8772932264654809,0.0004033886117044932,0.8740090994038007,0.874464119772539,0.00045502036873826653,0.8317266580908919,0.8319297863225981,0.000203128231706167,0.9220530176166611,0.9226566666083639,0.0006036489917027955,0.8880264757617102,0.8868453727741826,-0.0011811029875276682,0.8767065255882354,0.8769229452738234,0.00021641968558811748
lightgbm,120,secondary,median_midpoint,primary,d142d110,7,1,1,0.776790145916328,0.7823739929635896,0.005583847047261685,0.7545379867509344,0.7626531118332255,0.008115125082290984,0.719756099031753,0.7344081136837676,0.014652014652014655,0.8338241928009028,0.8303398722434115,-0.0034843205574912922,0.7829471849033862,0.7830052151084753,5.803020508905148e-05,0.7976098344716028,0.7999711095601507,0.002361275088547808
lightgbm,120,secondary,median_midpoint,primary,d151b0c4,7,1,1,0.7726649909861695,0.7647824380939465,-0.007882552892222934,0.763104431049756,0.7571321204643026,-0.005972310585453365,0.7542593214474219,0.8086585645883869,0.054399243140965,0.7910706605249169,0.7209063115995061,-0.07016434892541087,0.788344863345354,0.7922581806475412,0.003913317302187104,0.7847580604934056,0.7858403115756566,0.0010822510822510814
lightgbm,120,secondary,median_midpoint,primary,d18000a3,7,0,0,0.8307715262306911,0.8307715262306911,0.0,0.8000849251852186,0.8000849251852186,0.0,0.805728745776824,0.805728745776824,0.0,0.855814306684558,0.855814306684558,0.0,0.8151976711893101,0.8151976711893101,0.0,0.8204240957018791,0.8204240957018791,0.0
lightgbm,120,secondary,median_midpoint,primary,e0c0408a,5,2,2,0.7225364096244657,0.7485284351428071,0.0259920255183413,0.6974234369172752,0.7136123748112408,0.016188937893965784,0.6891219910240718,0.7032272541819666,0.014105263157894754,0.7559508282248598,0.7938296161036477,0.037878787878787866,0.7755203230219295,0.7762284186401833,0.0007080956182539344,0.7542224521029639,0.765478314531312,0.011255862428348085
lightgbm,120,secondary,median_midpoint,primary,f0f2a1e1,7,1,1,0.8093652267132556,0.8089639426041063,-0.00040128410914927075,0.782740874789221,0.7822421303972188,-0.0004987443920022912,0.8170405489710102,0.8170405489710102,0.0,0.8016899044555009,0.8008873362372023,-0.0008025682182985573,0.7814538473913191,0.7810036499836438,-0.0004501974076754107,0.8260464571196716,0.825526976600191,-0.0005194805194805228
lightgbm,120,secondary,median_midpoint,primary,f121f1e0,7,4,4,0.6984293364320148,0.7132258300274407,0.014796493595425739,0.6560656457616957,0.6762456835842005,0.02018003782250474,0.8816187970312718,0.8825032244750554,0.0008844274437835864,0.5152398758327578,0.5439484355798255,0.02870855974706787,0.7452180783000136,0.7469322310785097,0.0017141527784962124,0.6862403012603858,0.7003057776106019,0.014065476350216124
lightgbm,120,secondary,median_midpoint,primary,f1a0c120,7,7,7,0.7223764161086363,0.7465067264542865,0.024130310345650226,0.7271988736830932,0.7504819186517189,0.023283044968625655,0.6306914668775091,0.6652089883740976,0.034517521496588356,0.8140613653397635,0.8278044645344755,0.0137430991947121,0.8004240186330721,0.8015807356452357,0.001156717012163482,0.8307069101913245,0.8212109473285826,-0.009495962862741902
lightgbm,120,secondary,median_midpoint,primary,f1d06060,7,3,3,0.7249146840549516,0.7558031930293782,0.03088850897442652,0.6725765180212034,0.7232574351837505,0.050680917162547065,0.6627288722183683,0.8095619358280082,0.1468330636096397,0.7871004958915349,0.7020444502307482,-0.0850560456607867,0.7680247545106055,0.7720899074524065,0.004065152941800971,0.6997074149237844,0.7434154723654733,0.04370805744168888
lightgbm,300,primary,empirical_balanced_accuracy,sensitivity,0001508a,7,3,3,0.7339359793141217,0.7028804472249334,-0.031055532089188313,0.7042397899750318,0.6972285966096395,-0.00701119336539241,0.6442295508771048,0.7762287407710314,0.13199918989392673,0.8236424077511385,0.6295321536788353,-0.1941102540723034,0.8038155894905611,0.7747341083873021,-0.029081481103259015,0.7685528943022791,0.7989819322877898,0.030429037985510825
lightgbm,300,primary,empirical_balanced_accuracy,sensitivity,0012905a,7,5,5,0.7459898435381611,0.709473671225043,-0.03651617231311829,0.7457133754286832,0.7037275169206934,-0.04198585850799008,0.8613766083445686,0.7975959462649358,-0.06378066207963283,0.630603078731754,0.6213513961851502,-0.009251682546603737,0.776953805401443,0.7877392761343606,0.010785470732917404,0.7635896339939042,0.7415463321089465,-0.022043301884957716
lightgbm,300,primary,empirical_balanced_accuracy,sensitivity,0110f12e,7,6,6,0.8229420676691923,0.816408779635486,-0.0065332880337062626,0.8211522375557496,0.8067486250964268,-0.014403612459322883,0.8239212019816943,0.8732492276070418,0.0493280256253475,0.82196293335669,0.7595683316639301,-0.062394601692759975,0.8279208479413257,0.8263422173963404,-0.0015786305449853202,0.8263390829241366,0.8116295081067441,-0.014709574817392625
lightgbm,300,primary,empirical_balanced_accuracy,sensitivity,0182e16c,7,2,2,0.6937045125801606,0.7305108494067553,0.03680633682659461,0.6329759315461185,0.6889234453242153,0.05594751377809669,0.6606702319626806,0.6676439728150267,0.006973740852346109,0.7267387931976405,0.7933777259984837,0.0666389328008431,0.7747328791331471,0.7915436514645418,0.0168107723313947,0.6992727726136313,0.7508776558741344,0.05160488326050301
lightgbm,300,primary,empirical_balanced_accuracy,sensitivity,01c2a0d8,7,6,6,0.7704268053965275,0.7309504722313821,-0.03947633316514544,0.7432181832891286,0.685592043365249,-0.057626139923879514,0.6961840613937067,0.8651080754891689,0.1689240140954622,0.8446695493993482,0.5967928689735952,-0.24787668042575314,0.7758202104448123,0.7825862092772001,0.006765998832387868,0.7879810714749099,0.7237362141996587,-0.06424485727525128
lightgbm,300,primary,empirical_balanced_accuracy,sensitivity,1081b177,7,6,6,0.786709458606684,0.7897749816890622,0.0030655230823785234,0.7701081694715627,0.7756246690121292,0.005516499540566512,0.6192553715543063,0.7922012520215824,0.1729458804672761,0.9541635456590614,0.7873487113565424,-0.16681483430251903,0.8131021206294476,0.803446950971115,-0.009655169658332432,0.8003192467008968,0.8013108959487016,0.000991649247804895
lightgbm,300,primary,empirical_balanced_accuracy,sensitivity,20201194,7,5,5,0.7240396867159635,0.7923154985109181,0.06827581179495447,0.7102115601396684,0.7728115123434002,0.06259995220373153,0.7004260313636136,0.8191574159216392,0.11873138455802557,0.7476533420683135,0.7654735811001968,0.017820239031883407,0.7767593835528019,0.7773386176820394,0.0005792341292375015,0.7588129487585787,0.7987109052301572,0.03989795647157858
lightgbm,300,primary,empirical_balanced_accuracy,sensitivity,2162c09e,7,6,6,0.76928710818385,0.7866025287732644,0.017315420589414328,0.7586041139445402,0.7413451470644743,-0.017258966880065944,0.6208322184854806,0.835889462452857,0.2150572439673763,0.9177419978822196,0.7373155950936718,-0.1804264027885476,0.7955549822936246,0.7925667146636649,-0.00298826762995974,0.8156345529996595,0.7803537799145416,-0.035280773085118046
lightgbm,300,primary,empirical_balanced_accuracy,sensitivity,2182c1cd,7,7,7,0.746565554982182,0.7687353944270658,0.022169839444883852,0.7296453287711339,0.7691490473356891,0.03950371856455533,0.5601754375816076,0.6861904759868785,0.12601503840527092,0.9329556723827563,0.8512803128672529,-0.08167535951550318,0.7820819943821183,0.7968016546066787,0.01471966022456044,0.7467515283908039,0.7896133970933042,0.04286186870250032
lightgbm,300,primary,empirical_balanced_accuracy,sensitivity,219060fa,7,2,2,0.7907003690912645,0.8188702181318522,0.028169849040587676,0.7411916811141562,0.7643981384740692,0.023206457359913033,0.7988515772518173,0.8382645046247095,0.03941292737289205,0.7825491609307117,0.7994759316389951,0.01692677070828332,0.7759908603339519,0.7731580712295923,-0.0028327891043594838,0.8302910229583376,0.8403282890095273,0.010037266051189755
lightgbm,300,primary,empirical_balanced_accuracy,sensitivity,21a031f6,7,1,1,0.77518335498805,0.768493564447328,-0.00668979054072221,0.741056787098768,0.732361978966976,-0.008694808131792084,0.7376057063684855,0.7571265581874739,0.01952085181898847,0.8127610036076149,0.7798605707071821,-0.03290043290043291,0.7674789549552585,0.7688957747408544,0.0014168197855959194,0.7543883841601616,0.7473769906457006,-0.007011393514460991
lightgbm,300,primary,empirical_balanced_accuracy,sensitivity,30908049,7,2,2,0.7207395333279684,0.7277662900171407,0.007026756689172298,0.6615801582209536,0.6382752527483587,-0.023304905472594815,0.7801501149019536,0.8646355219680059,0.08448540706605223,0.661328951753983,0.5908970580662753,-0.07043189368770765,0.7377553409414574,0.7092161264455629,-0.0285392144958946,0.72572803402403,0.6828435762256143,-0.04288445779841573
lightgbm,300,primary,empirical_balanced_accuracy,sensitivity,30c140ca,7,5,5,0.7026132357926725,0.7006989825807661,-0.0019142532119062314,0.6773639307816489,0.6962426360744977,0.018878705292848835,0.6644581915759382,0.7147310038199336,0.05027281224399548,0.7407682800094065,0.6866669613415984,-0.05410131866780795,0.7247099983570414,0.7239050258656755,-0.0008049724913659549,0.6891923354441216,0.722951796779453,0.03375946133533141
lightgbm,300,primary,empirical_balanced_accuracy,sensitivity,3110e0c7,7,0,0,0.6068220627241496,0.6068220627241496,0.0,0.5560438212691474,0.5560438212691474,0.0,0.6090372517141444,0.6090372517141444,0.0,0.604606873734155,0.604606873734155,0.0,0.6010756828889087,0.6010756828889087,0.0,0.5848489610842583,0.5848489610842583,0.0
lightgbm,300,primary,empirical_balanced_accuracy,sensitivity,40009139,7,4,4,0.8143662795827525,0.7795058255053121,-0.03486045407744044,0.8059640091108337,0.7712339699039453,-0.03473003920688852,0.8180646512616142,0.9541060913794218,0.13604144011780753,0.8106679079038909,0.6049055596312023,-0.20576234827268844,0.835564640088774,0.8287527910004596,-0.0068118490883142735,0.8155908580696583,0.7914801599310806,-0.024110698138577802
lightgbm,300,primary,empirical_balanced_accuracy,sensitivity,40f0714a,7,3,3,0.789372097016364,0.8102375372095354,0.0208654401931713,0.7043256533247825,0.7273288891074822,0.023003235782699787,0.885368662001734,0.8778798545129265,-0.007488807488807473,0.6933755320309941,0.7425952199061443,0.04921968787515006,0.7794887529297083,0.7785193922827452,-0.0009693606469630213,0.7824930639602449,0.794107970792543,0.01161490683229814
lightgbm,300,primary,empirical_balanced_accuracy,sensitivity,41e2010c,7,4,4,0.7355999869893726,0.7600363586220445,0.024436371632671903,0.6977600912027218,0.710835386352138,0.013075295149416197,0.7742805505703345,0.827217665640522,0.05293711507018749,0.6969194234084106,0.6928550516035669,-0.004064371804843671,0.796322509092892,0.7758463396076302,-0.020476169485261826,0.7392184568458339,0.7302960119565555,-0.00892244488927845
lightgbm,300,primary,empirical_balanced_accuracy,sensitivity,5001d09a,7,6,6,0.8075775645324388,0.8060614648485211,-0.0015160996839176535,0.782907437385235,0.7880958741237644,0.005188436738529486,0.9046748530383831,0.7746681365909887,-0.13000671644739442,0.7104802760264944,0.8374547931060538,0.12697451707955912,0.8098173279756645,0.8041760261877915,-0.005641301787872873,0.8110670533058536,0.8186831279195552,0.0076160746137015544
lightgbm,300,primary,empirical_balanced_accuracy,sensitivity,50c02189,7,5,5,0.6350381343224049,0.6936258675930365,0.05858773327063148,0.548417528670537,0.6414687802888946,0.09305125161835757,0.5553870438824924,0.7682757497297521,0.21288870584725977,0.7146892247623174,0.6189759854563206,-0.09571323930599687,0.7097967540496609,0.7139758243089999,0.0041790702593388985,0.6277631918498869,0.6643437883690612,0.03658059651917421
lightgbm,300,primary,empirical_balanced_accuracy,sensitivity,517001af,7,4,4,0.8152898684972794,0.791376894748414,-0.02391297374886533,0.8081049525198115,0.7739617407691609,-0.034143211750650396,0.7237491286885717,0.8542813415737258,0.13053221288515407,0.9068306083059872,0.7284724479231023,-0.17835816038288474,0.8407372001495371,0.8250186860462069,-0.01571851410333022,0.8642257552092738,0.846234150680344,-0.017991604528929783
lightgbm,300,primary,empirical_balanced_accuracy,sensitivity,6030f0fd,7,4,4,0.7624973997783145,0.7529784112945669,-0.009518988483747612,0.7369842962611001,0.726950538371703,-0.010033757889397168,0.8313673094292948,0.7541161046957768,-0.07725120473351806,0.6936274901273342,0.7518407178933569,0.05821322776602279,0.7777185305607076,0.7897116160881936,0.011993085527485983,0.7559394149197824,0.7433810193163867,-0.012558395603395762
lightgbm,300,primary,empirical_balanced_accuracy,sensitivity,7072a0e0,7,5,5,0.7464172507903697,0.706552212212782,-0.03986503857758766,0.6739133692211026,0.5929624606414008,-0.08095090857970182,0.7945575500871117,0.8353444763524411,0.04078692626532939,0.6982769514936278,0.5777599480731229,-0.12051700342050475,0.7305134310644424,0.7126084536374646,-0.017904977426977813,0.7039056622899577,0.6133650553448152,-0.09054060694514224
lightgbm,300,primary,empirical_balanced_accuracy,sensitivity,7092f07b,7,4,4,0.6808724907638695,0.6466650606788364,-0.034207430085033165,0.6434535582509422,0.5926056105435038,-0.05084794770743828,0.8494896058766994,0.8195966467154475,-0.029892959161251842,0.5122553756510397,0.4737334746422252,-0.03852190100881449,0.763277467251374,0.7698039299507677,0.006526462699393831,0.7001937541991742,0.6855665438480728,-0.014627210351101292
lightgbm,300,primary,empirical_balanced_accuracy,sensitivity,7150e10a,7,1,1,0.7006039799313852,0.7006039799313852,0.0,0.6548689139419533,0.6548689139419533,0.0,0.8747591384446638,0.8747591384446638,0.0,0.5264488214181068,0.5264488214181068,0.0,0.775947440562561,0.775947440562561,0.0,0.704890229144396,0.704890229144396,0.0
lightgbm,300,primary,empirical_balanced_accuracy,sensitivity,71a251fa,7,3,3,0.8408471191752505,0.7750663874572687,-0.06578073171798171,0.8277262053625396,0.7648727020491425,-0.06285350331339735,0.7912179229779864,0.8143122797053416,0.02309435672735514,0.8904763153725146,0.7358204952091961,-0.15465582016331852,0.8469446832846407,0.8300550250169588,-0.016889658267681833,0.8605925558344326,0.8136477490642984,-0.04694480677013429
lightgbm,300,primary,empirical_balanced_accuracy,sensitivity,71c09041,6,4,4,0.8131458086347593,0.6821400080517348,-0.13100580058302466,0.7918147652300528,0.6543857880806452,-0.13742897714940763,0.8727256772156308,0.8652253542450703,-0.007500322970560636,0.753565940053888,0.49905466185839914,-0.2545112781954887,0.8208419145525766,0.7879288570298932,-0.032913057522683385,0.8628102748534134,0.7972762687010865,-0.06553400615232684
lightgbm,300,primary,empirical_balanced_accuracy,sensitivity,71e10186,7,6,6,0.9392862932022863,0.9392862932022863,0.0,0.940466553325991,0.940466553325991,0.0,0.9297378314067727,0.9297378314067727,0.0,0.9488347549977999,0.9488347549977999,0.0,0.9465454020699815,0.9465454020699815,0.0,0.942804032709037,0.942804032709037,0.0
lightgbm,300,primary,empirical_balanced_accuracy,sensitivity,71f0603f,7,6,6,0.7909185077487642,0.7753812437629605,-0.0155372639858037,0.7927471778430573,0.7634092080885553,-0.02933796975450225,0.7186208458363917,0.706950999384064,-0.011669846452327826,0.8632161696611363,0.8438114881418567,-0.019404681519279526,0.8103117392916271,0.8061186406960771,-0.004193098595549917,0.8014862121818948,0.7783599118324143,-0.02312630034948041
lightgbm,300,primary,empirical_balanced_accuracy,sensitivity,71f21142,7,2,2,0.7673458308942708,0.7621101229618699,-0.005235707932400754,0.7164803086194714,0.706374343156363,-0.010105965463108333,0.8758661540394478,0.8576494713932349,-0.01821668264621285,0.6588255077490937,0.666570774530505,0.007745266781411361,0.7766770333135229,0.7831803098465159,0.006503276532992906,0.7887086712728386,0.7841735238805484,-0.0045351473922902496
lightgbm,300,primary,empirical_balanced_accuracy,sensitivity,8030618f,7,4,4,0.7747633163522886,0.7365444496280384,-0.03821886672425011,0.6754798260754998,0.6299406650656881,-0.0455391610098117,0.8657733871205522,0.8396317925206178,-0.02614159459993434,0.6837532455840248,0.633457106735459,-0.05029613884856591,0.7368169832320064,0.7311481329277457,-0.005668850304260739,0.702874806115217,0.640680348248649,-0.06219445786656831
lightgbm,300,primary,empirical_balanced_accuracy,sensitivity,8191f1d9,7,3,3,0.6736406861511346,0.7126266637269831,0.038985977575848874,0.5553575512362776,0.6308031860261568,0.07544563478987931,0.4056643819519585,0.6202525632456771,0.21458818129371857,0.9416169903503105,0.8050007642082895,-0.13661622614202082,0.7162222661833084,0.7479895390753982,0.0317672728920899,0.5881292702093874,0.6688467346577561,0.0807174644483688
lightgbm,300,primary,empirical_balanced_accuracy,sensitivity,81e150c1,7,4,4,0.7515406190899453,0.733284093788481,-0.018256525301464408,0.6970552095500169,0.6639774035259834,-0.03307780602403332,0.8689469494015715,0.9202072779823949,0.05126032858082346,0.634134288778319,0.5463609095945668,-0.08777337918375225,0.7201164206343001,0.7129812900574952,-0.007135130576804942,0.746737718561515,0.7122244767013345,-0.03451324186018064
lightgbm,300,primary,empirical_balanced_accuracy,sensitivity,81f1f0fe,7,3,3,0.7457666758546334,0.7509091672844507,0.005142491429817343,0.7070999311172512,0.7056166571159856,-0.001483274001265657,0.7782946352214631,0.8055811555381861,0.02728652031672277,0.7132387164878036,0.6962371790307155,-0.017001537457088083,0.7410815979616647,0.7337161055781499,-0.00736549238351482,0.7302286671985831,0.7256213291814092,-0.004607338017174072
lightgbm,300,primary,empirical_balanced_accuracy,sensitivity,a02151ac,7,5,5,0.7169719027849064,0.722442650600674,0.0054707478157675704,0.6930737089773508,0.7200735198744029,0.02699981089705202,0.6156954606857395,0.7697998847294938,0.15410442404375413,0.8182483448840735,0.6750854164718544,-0.14316292841221906,0.7573163183860853,0.7415869818825785,-0.015729336503506625,0.738337748566478,0.749099671626079,0.010761923059600791
lightgbm,300,primary,empirical_balanced_accuracy,sensitivity,a1721173,7,0,0,0.7516685798447428,0.7516685798447428,0.0,0.7563648333869146,0.7563648333869146,0.0,0.7489273235996093,0.7489273235996093,0.0,0.7544098360898766,0.7544098360898766,0.0,0.8046458238161692,0.8046458238161692,0.0,0.8064677335193581,0.8064677335193581,0.0
lightgbm,300,primary,empirical_balanced_accuracy,sensitivity,a1b210fc,7,4,4,0.7699269289551001,0.7402662557692408,-0.02966067318585928,0.7607873700543767,0.7144458855054813,-0.04634148454889544,0.833140102418575,0.7286864809145811,-0.10445362150399366,0.7067137554916252,0.7518460306239003,0.045132275132275135,0.7812198829110945,0.7575679995859527,-0.02365188332514166,0.7962309419907021,0.7648855512703114,-0.03134539072039073
lightgbm,300,primary,empirical_balanced_accuracy,sensitivity,b0700166,7,4,4,0.6676066639680408,0.703690293414413,0.0360836294463723,0.587671158486583,0.665931124875878,0.07825996638929496,0.7605369482187099,0.7438103839995539,-0.016726564219155953,0.5746763797173716,0.6635702028292723,0.0888938231119006,0.717611395481791,0.7264706082410797,0.00885921275928855,0.6299440137999035,0.7011102509007872,0.07116623710088366
lightgbm,300,primary,empirical_balanced_accuracy,sensitivity,b112005d,7,3,3,0.6986274059277833,0.6915738399292256,-0.007053565998557776,0.6724343876295205,0.6645213675003647,-0.007913020129155639,0.7612922292802565,0.7830140214453986,0.021721792165141918,0.63596258257531,0.6001336584130524,-0.03582892416225749,0.7210095149531063,0.7272373451796666,0.006227830226560371,0.7209552628589251,0.7233591334980899,0.0024038706391647435
lightgbm,300,primary,empirical_balanced_accuracy,sensitivity,b1c2f044,7,5,5,0.8098226647383813,0.7703620976382739,-0.039460567100107334,0.7912617208347159,0.7839257384305974,-0.007335982404118464,0.8982118168271837,0.9268251033086854,0.02861328648150176,0.7214335126495789,0.6138990919678625,-0.1075344206817164,0.833862528945499,0.8646797842751213,0.030817255329622237,0.8317865106983046,0.8435810768957953,0.011794566197490863
lightgbm,300,primary,empirical_balanced_accuracy,sensitivity,c060c06a,7,2,2,0.7417719044830823,0.7335992862026474,-0.008172618280434982,0.6865544490429893,0.6769632996172418,-0.009591149425747523,0.5548482399399324,0.6691537542454468,0.11430551430551429,0.9286955690262324,0.7980448181598481,-0.13065075086638428,0.7778252283189158,0.7720017458481748,-0.005823482470740953,0.7821765470698071,0.7735687921933955,-0.008607754876411602
lightgbm,300,primary,empirical_balanced_accuracy,sensitivity,c112918e,7,6,6,0.6593319082807543,0.6343628722791876,-0.024969036001566667,0.5924457280694126,0.5705490520462951,-0.02189667602311753,0.4514382598780034,0.7099534716475265,0.258515211769523,0.8672255566835051,0.5587722729108487,-0.3084532837726564,0.7524388477121023,0.787126059353891,0.03468721164178855,0.6480810767576145,0.6657736119403007,0.017692535182686233
lightgbm,300,primary,empirical_balanced_accuracy,sensitivity,c1a150b1,7,1,1,0.7335976081080131,0.7172162272345649,-0.016381380873448124,0.6311712515810426,0.6115846128723835,-0.019586638708659176,0.8336937394506106,0.8357741832786274,0.0020804438280166426,0.6335014767654155,0.5986582711905025,-0.03484320557491289,0.7339508916290658,0.7345044763141664,0.0005535846851006308,0.7390556595390266,0.730623119856487,-0.008432539682539684
lightgbm,300,primary,empirical_balanced_accuracy,sensitivity,d0724095,7,4,4,0.7584475441135404,0.7663439714189477,0.007896427305407103,0.7286513984662003,0.7469110427696682,0.018259644303468096,0.729733899704517,0.7894289990539761,0.05969509934945912,0.7871611885225641,0.7432589437839192,-0.04390224473864487,0.7813670908069861,0.7907594666814534,0.00939237587446722,0.7529448458293209,0.7754559410121494,0.022511095182828584
lightgbm,300,primary,empirical_balanced_accuracy,sensitivity,d0e2d025,7,4,4,0.7614162053963048,0.7535720778885339,-0.007844127507770955,0.7443464001634182,0.7485345503011008,0.004188150137682494,0.8141609709155943,0.7799728416180847,-0.034188129297509424,0.7086714398770153,0.7271713141589828,0.01849987428196755,0.7990317013285171,0.8102656662771969,0.011233964948679755,0.7881193102186642,0.7937960090900928,0.005676698871428664
lightgbm,300,primary,empirical_balanced_accuracy,sensitivity,d111e017,7,6,6,0.8768898378537765,0.8768898378537765,0.0,0.8740090994038007,0.8740090994038007,0.0,0.8317266580908919,0.8317266580908919,0.0,0.9220530176166611,0.9220530176166611,0.0,0.8880264757617102,0.8880264757617102,0.0,0.8767065255882354,0.8767065255882354,0.0
lightgbm,300,primary,empirical_balanced_accuracy,sensitivity,d142d110,7,5,5,0.776790145916328,0.7745066142859837,-0.002283531630344195,0.7545379867509344,0.748882700374016,-0.005655286376918367,0.719756099031753,0.6961836509120213,-0.02357244811973182,0.8338241928009028,0.8528295776599463,0.0190053848590434,0.7829471849033862,0.7797376638447701,-0.003209521058616192,0.7976098344716028,0.7747317025025618,-0.022878131969041062
lightgbm,300,primary,empirical_balanced_accuracy,sensitivity,d151b0c4,7,4,4,0.7726649909861695,0.782077938347569,0.009412947361399637,0.763104431049756,0.777288360172406,0.014183929122649938,0.7542593214474219,0.8009290276018419,0.046669706154419933,0.7910706605249169,0.7632268490932964,-0.02784381143162065,0.788344863345354,0.7903267659685124,0.001981902623158386,0.7847580604934056,0.7973831601142619,0.01262509962085626
lightgbm,300,primary,empirical_balanced_accuracy,sensitivity,d18000a3,7,2,2,0.8307715262306911,0.7994908576143649,-0.03128066861632612,0.8000849251852186,0.76221948544492,-0.0378654397402985,0.805728745776824,0.7143186391332698,-0.09141010664355428,0.855814306684558,0.8846630760954601,0.028848769410902038,0.8151976711893101,0.8124054124241127,-0.0027922587651975877,0.8204240957018791,0.7974382938792104,-0.022985801822668676
lightgbm,300,primary,empirical_balanced_accuracy,sensitivity,e0c0408a,5,4,4,0.7225364096244657,0.7800800644770008,0.05754365485253501,0.6974234369172752,0.7429649057037656,0.04554146878649036,0.6891219910240718,0.717595675234598,0.028473684210526328,0.7559508282248598,0.8425644537194035,0.08661362549454373,0.7755203230219295,0.7546131173960352,-0.02090720562589419,0.7542224521029639,0.7710017231286723,0.016779271025708354
lightgbm,300,primary,empirical_balanced_accuracy,sensitivity,f0f2a1e1,7,2,2,0.8093652267132556,0.8093652267132556,0.0,0.782740874789221,0.782740874789221,0.0,0.8170405489710102,0.8170405489710102,0.0,0.8016899044555009,0.8016899044555009,0.0,0.7814538473913191,0.7814538473913191,0.0,0.8260464571196716,0.8260464571196716,0.0
lightgbm,300,primary,empirical_balanced_accuracy,sensitivity,f121f1e0,7,5,5,0.6984293364320148,0.7361320747626621,0.037702738330647204,0.6560656457616957,0.6972427038369675,0.041177058075271784,0.8816187970312718,0.8932390871692196,0.011620290137947822,0.5152398758327578,0.5790250623561043,0.06378518652334661,0.7452180783000136,0.7509806388909206,0.005762560590907073,0.6862403012603858,0.7129344590451927,0.02669415778480701
lightgbm,300,primary,empirical_balanced_accuracy,sensitivity,f1a0c120,7,7,7,0.7223764161086363,0.7225478359114178,0.0001714198027813791,0.7271988736830932,0.7233083303632935,-0.0038905433197999406,0.6306914668775091,0.6777207660807215,0.047029299203212256,0.8140613653397635,0.7673749057421141,-0.046686459597649464,0.8004240186330721,0.8064856595719958,0.006061640938923711,0.8307069101913245,0.8091159599483958,-0.021590950242928595
lightgbm,300,primary,empirical_balanced_accuracy,sensitivity,f1d06060,7,4,4,0.7249146840549516,0.7855627480036885,0.0606480639487369,0.6725765180212034,0.7537221292776095,0.081145611256406,0.6627288722183683,0.8971781544677571,0.23444928224938885,0.7871004958915349,0.6739473415396198,-0.11315315435191507,0.7680247545106055,0.7821363810478813,0.014111626537275823,0.6997074149237844,0.7689081244478279,0.06920070952404345
lightgbm,300,primary,median_midpoint,primary,0001508a,7,3,3,0.7339359793141217,0.7221521762557612,-0.011783803058360418,0.7042397899750318,0.7234339377139877,0.01919414773895594,0.6442295508771048,0.7219396992639447,0.07771014838684012,0.8236424077511385,0.7223646532475776,-0.10127775450356095,0.8038155894905611,0.7965560025522462,-0.007259586938314887,0.7685528943022791,0.8172808786467017,0.0487279843444227
lightgbm,300,primary,median_midpoint,primary,0012905a,7,5,5,0.7459898435381611,0.7261485364494504,-0.019841307088710743,0.7457133754286832,0.7220373799772533,-0.023675995451429906,0.8613766083445686,0.8561541694511341,-0.005222438893434529,0.630603078731754,0.596142903447767,-0.034460175283986934,0.776953805401443,0.7735628936205133,-0.0033909117809298728,0.7635896339939042,0.7463303637387717,-0.017259270255132568
lightgbm,300,primary,median_midpoint,primary,0110f12e,7,6,6,0.8229420676691923,0.8249426030696335,0.0020005354004413167,0.8211522375557496,0.8189081459224272,-0.002244091633322271,0.8239212019816943,0.8660979555103262,0.042176753528631865,0.82196293335669,0.783787250628941,-0.03817568272774917,0.8279208479413257,0.8332239049946215,0.005303057053295749,0.8263390829241366,0.8243421585498204,-0.001996924374316121
lightgbm,300,primary,median_midpoint,primary,0182e16c,7,2,2,0.6937045125801606,0.7258993104304243,0.03219479785026364,0.6329759315461185,0.680822637146723,0.04784670560060441,0.6606702319626806,0.6670905013188088,0.006420269356128165,0.7267387931976405,0.7847081195420397,0.05796932634439914,0.7747328791331471,0.7893528680378576,0.014619988904710628,0.6992727726136313,0.7439077180035479,0.044634945389916504
lightgbm,300,primary,median_midpoint,primary,01c2a0d8,7,6,6,0.7704268053965275,0.7740688214013429,0.003642016004815301,0.7432181832891286,0.7375289351745111,-0.005689248114617462,0.6961840613937067,0.8397350331178401,0.14355097172413342,0.8446695493993482,0.7084026096848454,-0.13626693971450282,0.7758202104448123,0.7914862038354251,0.01566599339061287,0.7879810714749099,0.7621924812424148,-0.02578859023249515
lightgbm,300,primary,median_midpoint,primary,1081b177,7,6,6,0.786709458606684,0.8173783456369702,0.030668887030286314,0.7701081694715627,0.8045888780439115,0.0344807085723488,0.6192553715543063,0.724326826672266,0.10507145511795976,0.9541635456590614,0.9104298646016742,-0.0437336810573871,0.8131021206294476,0.814679017204358,0.0015768965749104944,0.8003192467008968,0.8277147009584463,0.027395454257549617
lightgbm,300,primary,median_midpoint,primary,20201194,7,5,5,0.7240396867159635,0.7723584208377698,0.048318734121806255,0.7102115601396684,0.7599027093799359,0.049691149240267594,0.7004260313636136,0.8206690390978955,0.12024300773428183,0.7476533420683135,0.724047802577644,-0.023605539490669316,0.7767593835528019,0.7751323279417501,-0.0016270556110519038,0.7588129487585787,0.7905855157049766,0.031772566946398
lightgbm,300,primary,median_midpoint,primary,2162c09e,7,6,6,0.76928710818385,0.7920074912168238,0.022720383032973746,0.7586041139445402,0.7669929942317733,0.008388880287232963,0.6208322184854806,0.7300661971605058,0.10923397867502527,0.9177419978822196,0.8539487852731417,-0.0637932126090778,0.7955549822936246,0.8005193990598337,0.004964416766208925,0.8156345529996595,0.8095212188397568,-0.0061133341599027835
lightgbm,300,primary,median_midpoint,primary,2182c1cd,7,7,7,0.746565554982182,0.76750880979624,0.020943254814057993,0.7296453287711339,0.7609670953248947,0.03132176655376086,0.5601754375816076,0.6540875077236287,0.093912070142021,0.9329556723827563,0.8809301118688513,-0.05202556051390501,0.7820819943821183,0.7851342480308875,0.003052253648769202,0.7467515283908039,0.7762195775732307,0.0294680491824268
lightgbm,300,primary,median_midpoint,primary,219060fa,7,2,2,0.7907003690912645,0.8038062944169438,0.013105925325679271,0.7411916811141562,0.7511024025971708,0.009910721483014544,0.7988515772518173,0.8239829957303069,0.025131418478489414,0.7825491609307117,0.7836295931035808,0.0010804321728691399,0.7759908603339519,0.7717561666125979,-0.00423469372135402,0.8302910229583376,0.834540063187321,0.004249040228983457
lightgbm,300,primary,median_midpoint,primary,21a031f6,7,1,1,0.77518335498805,0.7671948631486265,-0.007988491839423517,0.741056787098768,0.7308206005060229,-0.010236186592745214,0.7376057063684855,0.7571265581874739,0.01952085181898847,0.8127610036076149,0.7772631681097794,-0.03549783549783551,0.7674789549552585,0.7681621484723299,0.00068319351707142,0.7543883841601616,0.7460623543617392,-0.008326029798422436
lightgbm,300,primary,median_midpoint,primary,30908049,7,2,2,0.7207395333279684,0.7285820606289392,0.007842527300970776,0.6615801582209536,0.6405800434949258,-0.0210001147260279,0.7801501149019536,0.8573616446751533,0.07721152977319959,0.661328951753983,0.5998024765827249,-0.06152647517125804,0.7377553409414574,0.7062675397517678,-0.03148780118968978,0.72572803402403,0.686326446655424,-0.03940158736860607
lightgbm,300,primary,median_midpoint,primary,30c140ca,7,5,3,0.7026132357926725,0.7056201834198893,0.0030069476272168716,0.6773639307816489,0.6863424693825868,0.008978538600937938,0.6644581915759382,0.6483505985224254,-0.016107593053512725,0.7407682800094065,0.7628897683173529,0.02212148830794642,0.7247099983570414,0.7245933756734667,-0.00011662268357496128,0.6891923354441216,0.6978751147378489,0.008682779293727358
lightgbm,300,primary,median_midpoint,primary,3110e0c7,7,0,0,0.6068220627241496,0.6068220627241496,0.0,0.5560438212691474,0.5560438212691474,0.0,0.6090372517141444,0.6090372517141444,0.0,0.604606873734155,0.604606873734155,0.0,0.6010756828889087,0.6010756828889087,0.0,0.5848489610842583,0.5848489610842583,0.0
lightgbm,300,primary,median_midpoint,primary,40009139,7,4,4,0.8143662795827525,0.821892893651548,0.007526614068795464,0.8059640091108337,0.8176098367827175,0.011645827671883728,0.8180646512616142,0.9202587887756692,0.10219413751405496,0.8106679079038909,0.7235269985274267,-0.08714090937646403,0.835564640088774,0.8405068939475443,0.004942253858770356,0.8155908580696583,0.8275464129085587,0.011955554838900397
lightgbm,300,primary,median_midpoint,primary,40f0714a,7,3,3,0.789372097016364,0.7954945459959559,0.006122448979591847,0.7043256533247825,0.7124524892317542,0.008126835906971734,0.885368662001734,0.885368662001734,0.0,0.6933755320309941,0.7056204299901779,0.012244897959183678,0.7794887529297083,0.781267625398236,0.00177887246852764,0.7824930639602449,0.7867787782459592,0.004285714285714289
lightgbm,300,primary,median_midpoint,primary,41e2010c,7,4,4,0.7355999869893726,0.7833406498065196,0.047740662817147124,0.6977600912027218,0.7486538798982316,0.05089378869550976,0.7742805505703345,0.831124500271427,0.05684394970109256,0.6969194234084106,0.7355567993416122,0.03863737593320171,0.796322509092892,0.7942280353110249,-0.0020944737818669695,0.7392184568458339,0.7720425632775748,0.032824106431740954
lightgbm,300,primary,median_midpoint,primary,5001d09a,7,6,6,0.8075775645324388,0.8245849462453467,0.017007381712907974,0.782907437385235,0.8012657642167025,0.018358326831467604,0.9046748530383831,0.8811413244201087,-0.02353352861827442,0.7104802760264944,0.7680285680705848,0.057548292044090364,0.8098173279756645,0.8115152173673472,0.0016978893916826943,0.8110670533058536,0.8267521068570961,0.015685053551242518
lightgbm,300,primary,median_midpoint,primary,50c02189,7,5,5,0.6350381343224049,0.705272350195032,0.07023421587262713,0.548417528670537,0.6619469709129826,0.11352944224244559,0.5553870438824924,0.8148628514164441,0.25947580753395183,0.7146892247623174,0.5956818489736199,-0.1190073757886976,0.7097967540496609,0.7271907221299303,0.017393968080269353,0.6277631918498869,0.687146374411265,0.05938318256137799
lightgbm,300,primary,median_midpoint,primary,517001af,7,4,4,0.8152898684972794,0.8303643002989768,0.015074431801697366,0.8081049525198115,0.8233373320394174,0.015232379519606003,0.7237491286885717,0.8363541707053784,0.11260504201680673,0.9068306083059872,0.8243744298925753,-0.08245617841341195,0.8407372001495371,0.8390879234544036,-0.0016492766951334678,0.8642257552092738,0.8887590829867557,0.02453332777748198
lightgbm,300,primary,median_midpoint,primary,6030f0fd,7,4,4,0.7624973997783145,0.77822947908303,0.015732079304715523,0.7369842962611001,0.7562430521824562,0.019258755921356126,0.8313673094292948,0.8116244514528272,-0.01974285797646756,0.6936274901273342,0.7448345067132326,0.05120701658589857,0.7777185305607076,0.7864453379575214,0.008726807396813767,0.7559394149197824,0.7712711955408562,0.015331780621074003
lightgbm,300,primary,median_midpoint,primary,7072a0e0,7,5,4,0.7464172507903697,0.7498431408667976,0.0034258900764278432,0.6739133692211026,0.69254419468174,0.018630825460637546,0.7945575500871117,0.755695706655575,-0.038861843431536806,0.6982769514936278,0.7439905750780202,0.04571362358439247,0.7305134310644424,0.7399214674825471,0.00940803641810468,0.7039056622899577,0.7275486859690329,0.023643023679075243
lightgbm,300,primary,median_midpoint,primary,7092f07b,7,4,4,0.6808724907638695,0.6706330370848723,-0.010239453678997161,0.6434535582509422,0.6308672052039002,-0.012586353047042047,0.8494896058766994,0.8254540720850682,-0.024035533791631362,0.5122553756510397,0.5158120020846767,0.0035566264336370024,0.763277467251374,0.7602382010444312,-0.0030392662069427417,0.7001937541991742,0.6981695568500509,-0.0020241973491231485
lightgbm,300,primary,median_midpoint,primary,7150e10a,7,1,1,0.7006039799313852,0.7015905596201633,0.000986579688778022,0.6548689139419533,0.6549130305416097,4.41165996564027e-05,0.8747591384446638,0.8867192713350293,0.01196013289036546,0.5264488214181068,0.5164618479052974,-0.009986973512809385,0.775947440562561,0.7743285692622806,-0.0016188713002805999,0.704890229144396,0.7035772039343121,-0.001313025210084029
lightgbm,300,primary,median_midpoint,primary,71a251fa,7,3,3,0.8408471191752505,0.8238654963624217,-0.01698162281282892,0.8277262053625396,0.8123274222269774,-0.015398783135562295,0.7912179229779864,0.8095250880791758,0.01830716510118943,0.8904763153725146,0.8382059046456674,-0.05227041072684727,0.8469446832846407,0.8393638328047109,-0.007580850479929687,0.8605925558344326,0.8463421289202503,-0.01425042691418237
lightgbm,300,primary,median_midpoint,primary,71c09041,6,4,4,0.8131458086347593,0.7289281360563771,-0.08421767257838231,0.7918147652300528,0.7211295672368855,-0.07068519799316725,0.8727256772156308,0.9035802234540208,0.030854546238389884,0.753565940053888,0.5542760486587334,-0.19928989139515454,0.8208419145525766,0.8128667409626861,-0.007975173589890472,0.8628102748534134,0.8288066788976974,-0.03400359595571589
lightgbm,300,primary,median_midpoint,primary,71e10186,7,6,6,0.9392862932022863,0.9401032744530574,0.0008169812507711205,0.940466553325991,0.9413752677012175,0.0009087143752263113,0.9297378314067727,0.9318643327283799,0.00212650132160722,0.9488347549977999,0.9483422161777348,-0.000492538820064963,0.9465454020699815,0.9470231462669577,0.0004777441969761677,0.942804032709037,0.94366361662394,0.0008595839149030393
lightgbm,300,primary,median_midpoint,primary,71f0603f,7,6,6,0.7909185077487642,0.7907939489303016,-0.00012455881846235823,0.7927471778430573,0.7871405635599171,-0.005606614283140164,0.7186208458363917,0.7439607567000553,0.025339910863663533,0.8632161696611363,0.8376271411605481,-0.025589028500588258,0.8103117392916271,0.8099856333728586,-0.00032610591876839186,0.8014862121818948,0.7948015794283984,-0.006684632753496511
lightgbm,300,primary,median_midpoint,primary,71f21142,7,2,2,0.7673458308942708,0.7673458308942708,0.0,0.7164803086194714,0.7164803086194714,0.0,0.8758661540394478,0.8758661540394478,0.0,0.6588255077490937,0.6588255077490937,0.0,0.7766770333135229,0.7766770333135229,0.0,0.7887086712728386,0.7887086712728386,0.0
lightgbm,300,primary,median_midpoint,primary,8030618f,7,4,4,0.7747633163522886,0.7885811335459246,0.01381781719363603,0.6754798260754998,0.6888684103464755,0.013388584270975723,0.8657733871205522,0.8452604537784182,-0.020512933342134016,0.6837532455840248,0.7319018133134308,0.048148567729406046,0.7368169832320064,0.7373686332798092,0.0005516500478027288,0.702874806115217,0.7274026616574023,0.024527855542185284
lightgbm,300,primary,median_midpoint,primary,8191f1d9,7,3,2,0.6736406861511346,0.6921719884961642,0.018531302345029785,0.5553575512362776,0.5747748805043071,0.019417329268029686,0.4056643819519585,0.4914750274692668,0.08581064551730833,0.9416169903503105,0.8928689495230616,-0.04874804082724874,0.7162222661833084,0.7229819904983161,0.006759724315007772,0.5881292702093874,0.6052343295395606,0.017105059330173193
lightgbm,300,primary,median_midpoint,primary,81e150c1,7,4,4,0.7515406190899453,0.7539732213112498,0.0024326022213045123,0.6970552095500169,0.6958873979952965,-0.0011678115547203122,0.8689469494015715,0.8864739351171992,0.01752698571562783,0.634134288778319,0.6214725075053004,-0.012661781273018742,0.7201164206343001,0.7210184290195273,0.0009020083852270584,0.746737718561515,0.7442451600995691,-0.0024925584619462132
lightgbm,300,primary,median_midpoint,primary,81f1f0fe,7,3,3,0.7457666758546334,0.752861275227738,0.007094599373104701,0.7070999311172512,0.715153685493893,0.008053754376641718,0.7782946352214631,0.7690744702221745,-0.009220164999288809,0.7132387164878036,0.7366480802333017,0.02340936374549821,0.7410815979616647,0.7417725838005789,0.0006909858389142011,0.7302286671985831,0.7367761984708772,0.006547531272294
lightgbm,300,primary,median_midpoint,primary,a02151ac,7,5,5,0.7169719027849064,0.7216966827451694,0.00472477996026304,0.6930737089773508,0.7177289821600689,0.024655273182718023,0.6156954606857395,0.7393983130716236,0.1237028523858841,0.8182483448840735,0.7039950524187153,-0.11425329246535802,0.7573163183860853,0.7347455336324448,-0.022570784753640476,0.738337748566478,0.7422924082720804,0.003954659705602255
lightgbm,300,primary,median_midpoint,primary,a1721173,7,0,0,0.7516685798447428,0.7516685798447428,0.0,0.7563648333869146,0.7563648333869146,0.0,0.7489273235996093,0.7489273235996093,0.0,0.7544098360898766,0.7544098360898766,0.0,0.8046458238161692,0.8046458238161692,0.0,0.8064677335193581,0.8064677335193581,0.0
lightgbm,300,primary,median_midpoint,primary,a1b210fc,7,4,4,0.7699269289551001,0.7578829980949886,-0.012043930860111416,0.7607873700543767,0.7316364086654313,-0.0291509613889454,0.833140102418575,0.6987778225466333,-0.13436227987194155,0.7067137554916252,0.8169881736433439,0.11027441815171878,0.7812198829110945,0.7764133261012098,-0.0048065568098846845,0.7962309419907021,0.762658083901999,-0.033572858088703174
lightgbm,300,primary,median_midpoint,primary,b0700166,7,4,4,0.6676066639680408,0.693416795278904,0.025810131310863214,0.587671158486583,0.6390041533872325,0.05133299490064946,0.7605369482187099,0.7593395471537188,-0.0011974010649911382,0.5746763797173716,0.6274940434040893,0.052817663686717566,0.717611395481791,0.7273684523723484,0.00975705689055736,0.6299440137999035,0.6732926165798359,0.04334860277993229
lightgbm,300,primary,median_midpoint,primary,b112005d,7,3,3,0.6986274059277833,0.681739584325524,-0.016887821602259292,0.6724343876295205,0.6511760120118064,-0.021258375617713994,0.7612922292802565,0.7906382791974311,0.02934604991717455,0.63596258257531,0.5728408894536169,-0.0631216931216931,0.7210095149531063,0.7234840595943314,0.002474544641225191,0.7209552628589251,0.7197120290260087,-0.0012432338329164524
lightgbm,300,primary,median_midpoint,primary,b1c2f044,7,5,5,0.8098226647383813,0.7939876432740646,-0.0158350214643167,0.7912617208347159,0.8021613032113927,0.010899582376676844,0.8982118168271837,0.9533026583298244,0.05509084150264081,0.7214335126495789,0.6346726282183045,-0.08676088443127423,0.833862528945499,0.8665525535857567,0.03269002464025766,0.8317865106983046,0.8528553778867861,0.021068867188481603
lightgbm,300,primary,median_midpoint,primary,c060c06a,7,2,2,0.7417719044830823,0.7521951739360013,0.010423269452919048,0.6865544490429893,0.6991252047330576,0.01257075569006827,0.5548482399399324,0.6515515366432291,0.09670329670329669,0.9286955690262324,0.8528388112287736,-0.07585675779745861,0.7778252283189158,0.7763895641335815,-0.0014356641853343938,0.7821765470698071,0.7926322052866593,0.010455658216852237
lightgbm,300,primary,median_midpoint,primary,c112918e,7,6,6,0.6593319082807543,0.6838578144779941,0.024525906197239822,0.5924457280694126,0.6507799439293747,0.05833421585996207,0.4514382598780034,0.7207102736837436,0.2692720138057401,0.8672255566835051,0.6470053552722446,-0.22022020141126056,0.7524388477121023,0.790892422294459,0.03845357458235653,0.6480810767576145,0.7165170247264084,0.06843594796879414
lightgbm,300,primary,median_midpoint,primary,c1a150b1,7,1,1,0.7335976081080131,0.727846787770406,-0.005750820337606988,0.6311712515810426,0.6250344664201819,-0.006136785160860787,0.8336937394506106,0.8343872207266163,0.0006934812760055475,0.6335014767654155,0.6213063548141958,-0.012195121951219514,0.7339508916290658,0.7332496672744454,-0.0007012243546201351,0.7390556595390266,0.7360794690628361,-0.0029761904761904817
lightgbm,300,primary,median_midpoint,primary,d0724095,7,4,4,0.7584475441135404,0.7642380088383828,0.005790464724842253,0.7286513984662003,0.739588770397261,0.010937371931060877,0.729733899704517,0.7498757799235395,0.020141880219022603,0.7871611885225641,0.7786002377532261,-0.008560950769338065,0.7813670908069861,0.7843003284252335,0.002933237618247153,0.7529448458293209,0.7660385671827895,0.013093721353468677
lightgbm,300,primary,median_midpoint,primary,d0e2d025,7,4,4,0.7614162053963048,0.7683097855513817,0.006893580155077033,0.7443464001634182,0.7527933638927606,0.008446963729342314,0.8141609709155943,0.8324959248877192,0.018334953972125017,0.7086714398770153,0.7041236462150443,-0.004547793661970968,0.7990317013285171,0.7986073699447569,-0.0004243313837601744,0.7881193102186642,0.791532223592644,0.003412913373979833
lightgbm,300,primary,median_midpoint,primary,d111e017,7,6,6,0.8768898378537765,0.8778042694325455,0.0009144315787690102,0.8740090994038007,0.874796540751408,0.0007874413476073475,0.8317266580908919,0.8284131922836482,-0.003313465807243684,0.9220530176166611,0.9271953465814429,0.005142328964781728,0.8880264757617102,0.8880221914732006,-4.284288509657865e-06,0.8767065255882354,0.8773099230765996,0.0006033974883644179
lightgbm,300,primary,median_midpoint,primary,d142d110,7,5,5,0.776790145916328,0.7689516060502569,-0.007838539866070906,0.7545379867509344,0.7377622096996995,-0.016775777051234897,0.719756099031753,0.677093809387572,-0.042662289644180985,0.8338241928009028,0.860809402712942,0.026985209912039152,0.7829471849033862,0.7788913625978834,-0.004055822305502911,0.7976098344716028,0.7672687109486612,-0.030341123522941698
lightgbm,300,primary,median_midpoint,primary,d151b0c4,7,4,4,0.7726649909861695,0.7781951681650421,0.005530177178872608,0.763104431049756,0.7705800484891585,0.007475617439402615,0.7542593214474219,0.803359450324028,0.0491001288766059,0.7910706605249169,0.7530308860060563,-0.03803977451886071,0.788344863345354,0.7889547365103661,0.0006098731650120426,0.7847580604934056,0.7921508362564224,0.0073927757630166836
lightgbm,300,primary,median_midpoint,primary,d18000a3,7,2,2,0.8307715262306911,0.83985835207543,0.009086825844739093,0.8000849251852186,0.8112162182872564,0.011131293102037896,0.805728745776824,0.8313533453924551,0.025624599615631016,0.855814306684558,0.8483633587584052,-0.00745094792615283,0.8151976711893101,0.8197298797763867,0.004532208587076496,0.8204240957018791,0.8310861118264725,0.010662016124593514
lightgbm,300,primary,median_midpoint,primary,e0c0408a,5,4,4,0.7225364096244657,0.7964879477726927,0.07395153814822694,0.6974234369172752,0.7772297887622692,0.07980635184499398,0.6891219910240718,0.7700605875152998,0.08093859649122809,0.7559508282248598,0.8229153080300856,0.06696447980522584,0.7755203230219295,0.7917705042104634,0.016250181188533986,0.7542224521029639,0.8037844316384101,0.0495619795354463
lightgbm,300,primary,median_midpoint,primary,f0f2a1e1,7,2,2,0.8093652267132556,0.8087666128130834,-0.0005986139001722084,0.782740874789221,0.7817977428764359,-0.0009431319127851667,0.8170405489710102,0.8185133030210838,0.0014727540500736483,0.8016899044555009,0.7990199226050828,-0.002669981850418081,0.7814538473913191,0.7810073136318875,-0.00044653375943169504,0.8260464571196716,0.8250746398213237,-0.0009718172983479116
lightgbm,300,primary,median_midpoint,primary,f121f1e0,7,5,5,0.6984293364320148,0.7221623497559714,0.023733013323956435,0.6560656457616957,0.6860860968627652,0.030020451101069608,0.8816187970312718,0.8909503909906326,0.009331593959360562,0.5152398758327578,0.55337430852131,0.03813443268855229,0.7452180783000136,0.7499437632917415,0.004725684991727906,0.6862403012603858,0.706063602945963,0.01982330168557738
lightgbm,300,primary,median_midpoint,primary,f1a0c120,7,7,7,0.7223764161086363,0.7433298012316584,0.020953385123022045,0.7271988736830932,0.7433230223563589,0.016124148673265695,0.6306914668775091,0.6560546910638783,0.025363224186369,0.8140613653397635,0.8306049113994386,0.016543546059675094,0.8004240186330721,0.7945120491675601,-0.005911969465511853,0.8307069101913245,0.8106747390989691,-0.020032171092355285
lightgbm,300,primary,median_midpoint,primary,f1d06060,7,4,4,0.7249146840549516,0.760754039969528,0.03583935591457637,0.6725765180212034,0.7261022363117254,0.05352571829052195,0.6627288722183683,0.7819155347116808,0.11918666249331249,0.7871004958915349,0.7395925452273752,-0.047507950664159804,0.7680247545106055,0.7725610246533738,0.004536270142768346,0.6997074149237844,0.7432932794662425,0.0435858645424581
xgboost,60,exploratory,empirical_balanced_accuracy,sensitivity,0001508a,7,0,0,0.7046558178490308,0.7046558178490308,0.0,0.6676881628733599,0.6676881628733599,0.0,0.6148968417405045,0.6148968417405045,0.0,0.7944147939575571,0.7944147939575571,0.0,0.7707558132260771,0.7707558132260771,0.0,0.7426626717393908,0.7426626717393908,0.0
xgboost,60,exploratory,empirical_balanced_accuracy,sensitivity,0012905a,7,1,1,0.7453172343883209,0.720394889917104,-0.024922344471216645,0.7468908959821212,0.7131260129352782,-0.03376488304684303,0.8677790841520271,0.8752978811445082,0.00751879699248121,0.6228553846246143,0.5654918986896998,-0.05736348593491451,0.7772975320105442,0.7701050349094433,-0.007192497101101004,0.7656096561554373,0.7386222698251351,-0.026987386330302145
xgboost,60,exploratory,empirical_balanced_accuracy,sensitivity,0110f12e,7,0,0,0.8128894945924349,0.8128894945924349,0.0,0.8109348657119042,0.8109348657119042,0.0,0.810650273781868,0.810650273781868,0.0,0.8151287154030016,0.8151287154030016,0.0,0.8158616464175691,0.8158616464175691,0.0,0.8157300659003958,0.8157300659003958,0.0
xgboost,60,exploratory,empirical_balanced_accuracy,sensitivity,0182e16c,7,0,0,0.6728949134520855,0.6728949134520855,0.0,0.6086797178727151,0.6086797178727151,0.0,0.6496739956381027,0.6496739956381027,0.0,0.6961158312660682,0.6961158312660682,0.0,0.7597329888852438,0.7597329888852438,0.0,0.684402792785986,0.684402792785986,0.0
xgboost,60,exploratory,empirical_balanced_accuracy,sensitivity,01c2a0d8,7,0,0,0.7682474847888587,0.7682474847888587,0.0,0.7404939380374645,0.7404939380374645,0.0,0.6949873232015332,0.6949873232015332,0.0,0.8415076463761844,0.8415076463761844,0.0,0.7751923007612623,0.7751923007612623,0.0,0.7842518788099835,0.7842518788099835,0.0
xgboost,60,exploratory,empirical_balanced_accuracy,sensitivity,1081b177,7,1,1,0.795736132959889,0.7773516770754332,-0.018384455884455888,0.7793816671221856,0.7540329977268738,-0.02534866939531163,0.636995747052232,0.7051174401739252,0.06812169312169312,0.9544765188675459,0.8495859139769409,-0.1048906048906049,0.8191493566891835,0.8094250951276089,-0.009724261561574719,0.8087536287810224,0.7891841571567563,-0.019569471624266144
xgboost,60,exploratory,empirical_balanced_accuracy,sensitivity,20201194,7,1,1,0.7123193172264246,0.7344915625974338,0.02217224537100913,0.698533805384951,0.724791011853417,0.026257206468466014,0.6731236448887045,0.7312930204233494,0.058169375534645004,0.7515149895641448,0.7376901047715181,-0.013824884792626732,0.7657726166955557,0.7695936341938596,0.0038210174983038642,0.7484578625802335,0.7686925853645314,0.020234722784297863
xgboost,60,exploratory,empirical_balanced_accuracy,sensitivity,2162c09e,7,0,0,0.7899206511153987,0.7899206511153987,0.0,0.7783822245016043,0.7783822245016043,0.0,0.6543452765206208,0.6543452765206208,0.0,0.9254960257101766,0.9254960257101766,0.0,0.8104282550840379,0.8104282550840379,0.0,0.8235400285929704,0.8235400285929704,0.0
xgboost,60,exploratory,empirical_balanced_accuracy,sensitivity,2182c1cd,7,2,2,0.7281784469735745,0.7554081713379961,0.027229724364421615,0.7122913678104998,0.7474344199059761,0.035143052095476475,0.5306232141702475,0.6239715517879796,0.09334833761773208,0.9257336797769014,0.8868447908880125,-0.038888888888888876,0.767523124912568,0.7814969156328304,0.013973790720262455,0.7335400947356201,0.7681678173601707,0.03462772262455067
xgboost,60,exploratory,empirical_balanced_accuracy,sensitivity,219060fa,7,0,0,0.7858841054906336,0.7858841054906336,0.0,0.7197025316300064,0.7197025316300064,0.0,0.8139863254535575,0.8139863254535575,0.0,0.7577818855277095,0.7577818855277095,0.0,0.7573838727766677,0.7573838727766677,0.0,0.8174110305920582,0.8174110305920582,0.0
xgboost,60,exploratory,empirical_balanced_accuracy,sensitivity,21a031f6,7,0,0,0.7784794985887569,0.7784794985887569,0.0,0.7453220956686801,0.7453220956686801,0.0,0.728885179681993,0.728885179681993,0.0,0.8280738174955208,0.8280738174955208,0.0,0.7703314207734169,0.7703314207734169,0.0,0.7597122663100346,0.7597122663100346,0.0
xgboost,60,exploratory,empirical_balanced_accuracy,sensitivity,30908049,7,0,0,0.7199096764466699,0.7199096764466699,0.0,0.6600737308717918,0.6600737308717918,0.0,0.7894560773762789,0.7894560773762789,0.0,0.6503632755170612,0.6503632755170612,0.0,0.7249807642650214,0.7249807642650214,0.0,0.7256572357633645,0.7256572357633645,0.0
xgboost,60,exploratory,empirical_balanced_accuracy,sensitivity,30c140ca,7,1,1,0.6897495805404633,0.6942854576427121,0.0045358771022487865,0.6742415914799958,0.6819984688966108,0.007756877416615016,0.6843320660764086,0.669161396038482,-0.015170670037926668,0.6951670950045179,0.7194095192469422,0.02424242424242424,0.7183778874053006,0.720957557922638,0.002579670517337429,0.689284499115895,0.6975064929493995,0.008221993833504637
xgboost,60,exploratory,empirical_balanced_accuracy,sensitivity,3110e0c7,7,0,0,0.6251537715638013,0.6251537715638013,0.0,0.5695290334300929,0.5695290334300929,0.0,0.6341695513902961,0.6341695513902961,0.0,0.6161379917373063,0.6161379917373063,0.0,0.6240402605687274,0.6240402605687274,0.0,0.5995773777981082,0.5995773777981082,0.0
xgboost,60,exploratory,empirical_balanced_accuracy,sensitivity,40009139,7,0,0,0.806802443797965,0.806802443797965,0.0,0.7985056143838448,0.7985056143838448,0.0,0.8163463286049163,0.8163463286049163,0.0,0.7972585589910137,0.7972585589910137,0.0,0.8261446001193866,0.8261446001193866,0.0,0.8075906940389992,0.8075906940389992,0.0
xgboost,60,exploratory,empirical_balanced_accuracy,sensitivity,40f0714a,7,2,2,0.7684019483685656,0.7835095298627016,0.015107581494136126,0.6770561858591114,0.6948194557006839,0.017763269841572553,0.8885339827109143,0.8863361805131121,-0.00219780219780219,0.6482699140262166,0.6806828792122911,0.03241296518607443,0.7679894533853767,0.7688749082695964,0.0008854548842195863,0.7657648885195325,0.7761375593269859,0.010372670807453426
xgboost,60,exploratory,empirical_balanced_accuracy,sensitivity,41e2010c,7,3,3,0.7516664965548596,0.7516664965548596,0.0,0.7180014359429718,0.7180014359429718,0.0,0.8155154502186467,0.8155154502186467,0.0,0.6878175428910728,0.6878175428910728,0.0,0.7991704230950091,0.7991704230950091,0.0,0.7455480543286874,0.7455480543286874,0.0
xgboost,60,exploratory,empirical_balanced_accuracy,sensitivity,5001d09a,7,0,0,0.8001856568696014,0.8001856568696014,0.0,0.7794507513723214,0.7794507513723214,0.0,0.8894456637589309,0.8894456637589309,0.0,0.7109256499802719,0.7109256499802719,0.0,0.8047765343568589,0.8047765343568589,0.0,0.8092698733779391,0.8092698733779391,0.0
xgboost,60,exploratory,empirical_balanced_accuracy,sensitivity,50c02189,7,3,3,0.634632138639461,0.636175231600362,0.001543092960901065,0.55833884078102,0.5610286669332974,0.002689826152277467,0.5856240835155042,0.6171538616392878,0.03152977812378357,0.6836401937634179,0.6551966015614364,-0.02844359220198145,0.6967283931970398,0.694175124364392,-0.0025532688326478687,0.6274291905900632,0.6260251891860618,-0.0014040014040013998
xgboost,60,exploratory,empirical_balanced_accuracy,sensitivity,517001af,7,0,0,0.8075038905996903,0.8075038905996903,0.0,0.8016022328106561,0.8016022328106561,0.0,0.7395639547689888,0.7395639547689888,0.0,0.8754438264303916,0.8754438264303916,0.0,0.8289228115555157,0.8289228115555157,0.0,0.8622208822690766,0.8622208822690766,0.0
xgboost,60,exploratory,empirical_balanced_accuracy,sensitivity,6030f0fd,7,1,1,0.7736893902209979,0.7641839368112812,-0.009505453409716678,0.7468972846264721,0.7279338918472854,-0.018963392779186572,0.8427560689881775,0.7986274227652902,-0.04412864622288705,0.7046227114538184,0.7297404508572721,0.025117739403453694,0.788093280617338,0.7726914391784241,-0.015401841438913908,0.7638808636931355,0.7420976823354861,-0.02178318135764945
xgboost,60,exploratory,empirical_balanced_accuracy,sensitivity,7072a0e0,7,0,0,0.7477566271654945,0.7477566271654945,0.0,0.6738789028701297,0.6738789028701297,0.0,0.7990870824075691,0.7990870824075691,0.0,0.6964261719234198,0.6964261719234198,0.0,0.7280740048556587,0.7280740048556587,0.0,0.7013067867480798,0.7013067867480798,0.0
xgboost,60,exploratory,empirical_balanced_accuracy,sensitivity,7092f07b,7,1,1,0.6812413219481367,0.669827229284044,-0.011414092664092657,0.6416369160596125,0.6276799315140521,-0.01395698454556046,0.8282262230611241,0.8428980377329387,0.01467181467181468,0.5342564208351496,0.49675642083514954,-0.03749999999999999,0.7555026281338668,0.7575622760025666,0.002059647868699816,0.6959219318892472,0.6863981223654377,-0.009523809523809521
xgboost,60,exploratory,empirical_balanced_accuracy,sensitivity,7150e10a,7,0,0,0.6900958180689345,0.6900958180689345,0.0,0.641776807293707,0.641776807293707,0.0,0.8770739186349296,0.8770739186349296,0.0,0.5031177175029394,0.5031177175029394,0.0,0.7657580117798789,0.7657580117798789,0.0,0.6916743896536994,0.6916743896536994,0.0
xgboost,60,exploratory,empirical_balanced_accuracy,sensitivity,71a251fa,7,0,0,0.8537974106555034,0.8537974106555034,0.0,0.8341619843812808,0.8341619843812808,0.0,0.802000184218565,0.802000184218565,0.0,0.9055946370924417,0.9055946370924417,0.0,0.8516159963278485,0.8516159963278485,0.0,0.8587431648895393,0.8587431648895393,0.0
xgboost,60,exploratory,empirical_balanced_accuracy,sensitivity,71c09041,6,0,0,0.8111328287410758,0.8111328287410758,0.0,0.7875564057676648,0.7875564057676648,0.0,0.8713432652350138,0.8713432652350138,0.0,0.7509223922471383,0.7509223922471383,0.0,0.8158338356753337,0.8158338356753337,0.0,0.8520923715508907,0.8520923715508907,0.0
xgboost,60,exploratory,empirical_balanced_accuracy,sensitivity,71e10186,7,1,1,0.9427918289741308,0.9427918289741308,0.0,0.9445956072591427,0.9445956072591427,0.0,0.9261719211474325,0.9261719211474325,0.0,0.9594117368008294,0.9594117368008294,0.0,0.9498246152034514,0.9498246152034514,0.0,0.9467315395198886,0.9467315395198886,0.0
xgboost,60,exploratory,empirical_balanced_accuracy,sensitivity,71f0603f,7,1,1,0.7902873029995084,0.7908445471737738,0.0005572441742654556,0.7922505631793957,0.7916368688898607,-0.0006136942895349337,0.7204031411516185,0.7287364744849517,0.00833333333333332,0.860171464847398,0.8529526198625955,-0.00721884498480244,0.8121829345095511,0.8107716185609873,-0.0014113159485638388,0.8012245857481878,0.8000650310172045,-0.0011595547309833126
xgboost,60,exploratory,empirical_balanced_accuracy,sensitivity,71f21142,7,0,0,0.7795242295636884,0.7795242295636884,0.0,0.7281854703534674,0.7281854703534674,0.0,0.8840655935066863,0.8840655935066863,0.0,0.6749828656206903,0.6749828656206903,0.0,0.7651142593099962,0.7651142593099962,0.0,0.7967025788708855,0.7967025788708855,0.0
xgboost,60,exploratory,empirical_balanced_accuracy,sensitivity,8030618f,7,0,0,0.7649990837712252,0.7649990837712252,0.0,0.6732697594546317,0.6732697594546317,0.0,0.8690589176816104,0.8690589176816104,0.0,0.6609392498608399,0.6609392498608399,0.0,0.7291670681667257,0.7291670681667257,0.0,0.702451315293719,0.702451315293719,0.0
xgboost,60,exploratory,empirical_balanced_accuracy,sensitivity,8191f1d9,7,0,0,0.6673534252662494,0.6673534252662494,0.0,0.5570578819055589,0.5570578819055589,0.0,0.3890471023810602,0.3890471023810602,0.0,0.9456597481514387,0.9456597481514387,0.0,0.7218859213097473,0.7218859213097473,0.0,0.5942155288234826,0.5942155288234826,0.0
xgboost,60,exploratory,empirical_balanced_accuracy,sensitivity,81e150c1,7,1,1,0.7631357490821886,0.7565770327973114,-0.006558716284877427,0.7154161045925036,0.7078364173054735,-0.007579687287030005,0.846381892449871,0.8505529039201526,0.004171011470281538,0.6798896057145063,0.6626011616744698,-0.017288444040036408,0.7271820307690973,0.7232586912724909,-0.003923339496606361,0.7678663848854991,0.7605777551478896,-0.007288629737609338
xgboost,60,exploratory,empirical_balanced_accuracy,sensitivity,81f1f0fe,7,1,1,0.6846361672867267,0.6886110396784314,0.003974872391704782,0.6522985600076365,0.6543622316734826,0.002063671665846042,0.7069189744651079,0.6578459101248679,-0.04907306434023991,0.6623533601083454,0.7193761692319949,0.057022809123649466,0.7045627429981762,0.7095923255474335,0.005029582549257275,0.686212754842542,0.6876413262711134,0.0014285714285714299
xgboost,60,exploratory,empirical_balanced_accuracy,sensitivity,a02151ac,7,0,0,0.722054901082019,0.722054901082019,0.0,0.700571080930214,0.700571080930214,0.0,0.6385548644391824,0.6385548644391824,0.0,0.8055549377248555,0.8055549377248555,0.0,0.7490163559791629,0.7490163559791629,0.0,0.7461877251559431,0.7461877251559431,0.0
xgboost,60,exploratory,empirical_balanced_accuracy,sensitivity,a1721173,7,1,1,0.7616910551889821,0.7616910551889821,0.0,0.7649569627775261,0.7649569627775261,0.0,0.7295678102374492,0.7295678102374492,0.0,0.7938143001405148,0.7938143001405148,0.0,0.81157605602315,0.81157605602315,0.0,0.8128682014081176,0.8128682014081176,0.0
xgboost,60,exploratory,empirical_balanced_accuracy,sensitivity,a1b210fc,7,0,0,0.7782748753713967,0.7782748753713967,0.0,0.7670170230960379,0.7670170230960379,0.0,0.8243029015925066,0.8243029015925066,0.0,0.7322468491502868,0.7322468491502868,0.0,0.7868383504065318,0.7868383504065318,0.0,0.7960129205717827,0.7960129205717827,0.0
xgboost,60,exploratory,empirical_balanced_accuracy,sensitivity,b0700166,7,0,0,0.6727165949169857,0.6727165949169857,0.0,0.5967777035956552,0.5967777035956552,0.0,0.7621133335260589,0.7621133335260589,0.0,0.5833198563079126,0.5833198563079126,0.0,0.7199476960562509,0.7199476960562509,0.0,0.631418477223863,0.631418477223863,0.0
xgboost,60,exploratory,empirical_balanced_accuracy,sensitivity,b112005d,7,0,0,0.7165618294593966,0.7165618294593966,0.0,0.6820449825514695,0.6820449825514695,0.0,0.7489952968388707,0.7489952968388707,0.0,0.6841283620799226,0.6841283620799226,0.0,0.7291909760991204,0.7291909760991204,0.0,0.7221005519081282,0.7221005519081282,0.0
xgboost,60,exploratory,empirical_balanced_accuracy,sensitivity,b1c2f044,7,0,0,0.8125658847517111,0.8125658847517111,0.0,0.7922616473316477,0.7922616473316477,0.0,0.9020413879729842,0.9020413879729842,0.0,0.7230903815304378,0.7230903815304378,0.0,0.8313582760727778,0.8313582760727778,0.0,0.8327371689555465,0.8327371689555465,0.0
xgboost,60,exploratory,empirical_balanced_accuracy,sensitivity,c060c06a,7,0,0,0.7365483527830905,0.7365483527830905,0.0,0.6847244502941198,0.6847244502941198,0.0,0.5639974538836668,0.5639974538836668,0.0,0.909099251682514,0.909099251682514,0.0,0.7562575678215021,0.7562575678215021,0.0,0.7789967421774036,0.7789967421774036,0.0
xgboost,60,exploratory,empirical_balanced_accuracy,sensitivity,c112918e,7,1,1,0.6429823831531556,0.6298293956513126,-0.013152987501843063,0.565564428540675,0.5630036618578387,-0.002560766682836272,0.4126365763540102,0.4597323377354859,0.04709576138147568,0.8733281899523009,0.7999264535671392,-0.0734017363851618,0.7371416970481741,0.7536548733038001,0.016513176255625952,0.6257710720701686,0.6328483984135499,0.007077326343381397
xgboost,60,exploratory,empirical_balanced_accuracy,sensitivity,c1a150b1,7,0,0,0.6597795655385734,0.6597795655385734,0.0,0.6312317235973152,0.6312317235973152,0.0,0.7019731251587193,0.7019731251587193,0.0,0.6175860059184275,0.6175860059184275,0.0,0.7082509455187148,0.7082509455187148,0.0,0.7364156655959792,0.7364156655959792,0.0
xgboost,60,exploratory,empirical_balanced_accuracy,sensitivity,d0724095,7,1,1,0.7547235055851594,0.7547235055851594,0.0,0.7284764846684235,0.7284764846684235,0.0,0.7148026704791726,0.7148026704791726,0.0,0.7946443406911465,0.7946443406911465,0.0,0.7803922698379192,0.7803922698379192,0.0,0.7563831238645464,0.7563831238645464,0.0
xgboost,60,exploratory,empirical_balanced_accuracy,sensitivity,d0e2d025,7,2,2,0.7690968286344569,0.7548270807098013,-0.014269747924655582,0.7527715053377694,0.7323158743642049,-0.020455630973564527,0.8159386989515083,0.855078391082137,0.039139692130628685,0.7222549583174054,0.6545757703374655,-0.06767918797993985,0.8037252621412956,0.7974102478341659,-0.006315014307129789,0.7917834523154165,0.7703270249817937,-0.021456427333622647
xgboost,60,exploratory,empirical_balanced_accuracy,sensitivity,d111e017,7,1,1,0.8775659722475068,0.8775659722475068,0.0,0.8745335357631647,0.8745335357631647,0.0,0.8278751778421534,0.8278751778421534,0.0,0.9272567666528602,0.9272567666528602,0.0,0.8892217285126469,0.8892217285126469,0.0,0.8770977727514123,0.8770977727514123,0.0
xgboost,60,exploratory,empirical_balanced_accuracy,sensitivity,d142d110,7,1,1,0.7757779436871964,0.7757779436871964,0.0,0.7546341222569731,0.7546341222569731,0.0,0.7602992804200047,0.7602992804200047,0.0,0.7912566069543879,0.7912566069543879,0.0,0.7768527437317779,0.7768527437317779,0.0,0.7901946234200281,0.7901946234200281,0.0
xgboost,60,exploratory,empirical_balanced_accuracy,sensitivity,d151b0c4,7,0,0,0.7677434506983456,0.7677434506983456,0.0,0.7613551167584968,0.7613551167584968,0.0,0.7536544083803465,0.7536544083803465,0.0,0.7818324930163448,0.7818324930163448,0.0,0.7864664753305048,0.7864664753305048,0.0,0.785382662588118,0.785382662588118,0.0
xgboost,60,exploratory,empirical_balanced_accuracy,sensitivity,d18000a3,7,0,0,0.8249795270810203,0.8249795270810203,0.0,0.8000580393148468,0.8000580393148468,0.0,0.7816932371655742,0.7816932371655742,0.0,0.8682658169964661,0.8682658169964661,0.0,0.818499521142403,0.818499521142403,0.0,0.8225794302223424,0.8225794302223424,0.0
xgboost,60,exploratory,empirical_balanced_accuracy,sensitivity,e0c0408a,5,0,0,0.73446146749673,0.73446146749673,0.0,0.7114111764926573,0.7114111764926573,0.0,0.7083820889432884,0.7083820889432884,0.0,0.7605408460501717,0.7605408460501717,0.0,0.774300482050912,0.774300482050912,0.0,0.7649519946157126,0.7649519946157126,0.0
xgboost,60,exploratory,empirical_balanced_accuracy,sensitivity,f0f2a1e1,7,0,0,0.812557138682826,0.812557138682826,0.0,0.782177525619675,0.782177525619675,0.0,0.8202503147908009,0.8202503147908009,0.0,0.8048639625748512,0.8048639625748512,0.0,0.7776995377645101,0.7776995377645101,0.0,0.8234577773728043,0.8234577773728043,0.0
xgboost,60,exploratory,empirical_balanced_accuracy,sensitivity,f121f1e0,7,1,1,0.7013657933471393,0.7101760358330409,0.00881024248590158,0.6568686036854329,0.6631783662190404,0.006309762533607393,0.900804030246733,0.8258432767145508,-0.07496075353218211,0.5019275564475458,0.5945087949515312,0.09258123850398528,0.7459589865087966,0.7291940345848174,-0.016764951923979168,0.6856413716599947,0.6760697037968696,-0.009571667863125148
xgboost,60,exploratory,empirical_balanced_accuracy,sensitivity,f1a0c120,7,1,1,0.7210629805278893,0.7365303348110331,0.015467354283143766,0.7250297553216452,0.7264792499492561,0.0014494946276108558,0.6209898430237509,0.5943848690503559,-0.026604973973395025,0.8211361180320278,0.8786758005717102,0.05753968253968255,0.8116997737225847,0.796571990111856,-0.015127783610728798,0.8297378266085301,0.8221247500299363,-0.007613076578593828
xgboost,60,exploratory,empirical_balanced_accuracy,sensitivity,f1d06060,7,0,0,0.7311157967560467,0.7311157967560467,0.0,0.6855945650287324,0.6855945650287324,0.0,0.6619439272943627,0.6619439272943627,0.0,0.8002876662177305,0.8002876662177305,0.0,0.7704540072802109,0.7704540072802109,0.0,0.7141006451897842,0.7141006451897842,0.0
xgboost,60,exploratory,median_midpoint,primary,0001508a,7,0,0,0.7046558178490308,0.7046558178490308,0.0,0.6676881628733599,0.6676881628733599,0.0,0.6148968417405045,0.6148968417405045,0.0,0.7944147939575571,0.7944147939575571,0.0,0.7707558132260771,0.7707558132260771,0.0,0.7426626717393908,0.7426626717393908,0.0
xgboost,60,exploratory,median_midpoint,primary,0012905a,7,1,1,0.7453172343883209,0.7429101549135722,-0.0024070794747486396,0.7468908959821212,0.7440368837997596,-0.002854012182361698,0.8677790841520271,0.8690322169841073,0.0012531328320802043,0.6228553846246143,0.6167880928430368,-0.0060672917815775,0.7772975320105442,0.7761618418808602,-0.0011356901296840638,0.7656096561554373,0.76296958575356,-0.002640070401877383
xgboost,60,exploratory,median_midpoint,primary,0110f12e,7,0,0,0.8128894945924349,0.8128894945924349,0.0,0.8109348657119042,0.8109348657119042,0.0,0.810650273781868,0.810650273781868,0.0,0.8151287154030016,0.8151287154030016,0.0,0.8158616464175691,0.8158616464175691,0.0,0.8157300659003958,0.8157300659003958,0.0
xgboost,60,exploratory,median_midpoint,primary,0182e16c,7,0,0,0.6728949134520855,0.6728949134520855,0.0,0.6086797178727151,0.6086797178727151,0.0,0.6496739956381027,0.6496739956381027,0.0,0.6961158312660682,0.6961158312660682,0.0,0.7597329888852438,0.7597329888852438,0.0,0.684402792785986,0.684402792785986,0.0
xgboost,60,exploratory,median_midpoint,primary,01c2a0d8,7,0,0,0.7682474847888587,0.7682474847888587,0.0,0.7404939380374645,0.7404939380374645,0.0,0.6949873232015332,0.6949873232015332,0.0,0.8415076463761844,0.8415076463761844,0.0,0.7751923007612623,0.7751923007612623,0.0,0.7842518788099835,0.7842518788099835,0.0
xgboost,60,exploratory,median_midpoint,primary,1081b177,7,1,0,0.795736132959889,0.795736132959889,0.0,0.7793816671221856,0.7793816671221856,0.0,0.636995747052232,0.636995747052232,0.0,0.9544765188675459,0.9544765188675459,0.0,0.8191493566891835,0.8191493566891835,0.0,0.8087536287810224,0.8087536287810224,0.0
xgboost,60,exploratory,median_midpoint,primary,20201194,7,1,1,0.7123193172264246,0.7347100196924604,0.022390702466035677,0.698533805384951,0.7249232361839576,0.026389430799006637,0.6731236448887045,0.7355701803891321,0.06244653550042771,0.7515149895641448,0.7338498589957884,-0.017665130568356373,0.7657726166955557,0.768998544080368,0.003225927384812358,0.7484578625802335,0.7686925853645314,0.020234722784297863
xgboost,60,exploratory,median_midpoint,primary,2162c09e,7,0,0,0.7899206511153987,0.7899206511153987,0.0,0.7783822245016043,0.7783822245016043,0.0,0.6543452765206208,0.6543452765206208,0.0,0.9254960257101766,0.9254960257101766,0.0,0.8104282550840379,0.8104282550840379,0.0,0.8235400285929704,0.8235400285929704,0.0
xgboost,60,exploratory,median_midpoint,primary,2182c1cd,7,2,2,0.7281784469735745,0.7406193068636615,0.01244085989008711,0.7122913678104998,0.7309419371384044,0.018650569327904622,0.5306232141702475,0.571774775220263,0.041151561050015474,0.9257336797769014,0.90946383850706,-0.016269841269841274,0.767523124912568,0.7725877662173214,0.005064641304753481,0.7335400947356201,0.7521284054443107,0.018588310708690572
xgboost,60,exploratory,median_midpoint,primary,219060fa,7,0,0,0.7858841054906336,0.7858841054906336,0.0,0.7197025316300064,0.7197025316300064,0.0,0.8139863254535575,0.8139863254535575,0.0,0.7577818855277095,0.7577818855277095,0.0,0.7573838727766677,0.7573838727766677,0.0,0.8174110305920582,0.8174110305920582,0.0
xgboost,60,exploratory,median_midpoint,primary,21a031f6,7,0,0,0.7784794985887569,0.7784794985887569,0.0,0.7453220956686801,0.7453220956686801,0.0,0.728885179681993,0.728885179681993,0.0,0.8280738174955208,0.8280738174955208,0.0,0.7703314207734169,0.7703314207734169,0.0,0.7597122663100346,0.7597122663100346,0.0
xgboost,60,exploratory,median_midpoint,primary,30908049,7,0,0,0.7199096764466699,0.7199096764466699,0.0,0.6600737308717918,0.6600737308717918,0.0,0.7894560773762789,0.7894560773762789,0.0,0.6503632755170612,0.6503632755170612,0.0,0.7249807642650214,0.7249807642650214,0.0,0.7256572357633645,0.7256572357633645,0.0
xgboost,60,exploratory,median_midpoint,primary,30c140ca,7,1,1,0.6897495805404633,0.6961473126019122,0.006397732061448875,0.6742415914799958,0.6832379439127404,0.008996352432744785,0.6843320660764086,0.6754825085542847,-0.008849557522123892,0.6951670950045179,0.7168121166495397,0.02164502164502164,0.7183778874053006,0.7226253221467072,0.0042474347414065096,0.689284499115895,0.6985342421785877,0.009249743062692708
xgboost,60,exploratory,median_midpoint,primary,3110e0c7,7,0,0,0.6251537715638013,0.6251537715638013,0.0,0.5695290334300929,0.5695290334300929,0.0,0.6341695513902961,0.6341695513902961,0.0,0.6161379917373063,0.6161379917373063,0.0,0.6240402605687274,0.6240402605687274,0.0,0.5995773777981082,0.5995773777981082,0.0
xgboost,60,exploratory,median_midpoint,primary,40009139,7,0,0,0.806802443797965,0.806802443797965,0.0,0.7985056143838448,0.7985056143838448,0.0,0.8163463286049163,0.8163463286049163,0.0,0.7972585589910137,0.7972585589910137,0.0,0.8261446001193866,0.8261446001193866,0.0,0.8075906940389992,0.8075906940389992,0.0
xgboost,60,exploratory,median_midpoint,primary,40f0714a,7,2,2,0.7684019483685656,0.7618222794639667,-0.006579668904598887,0.6770561858591114,0.6701742052203686,-0.006881980638742806,0.8885339827109143,0.8920613195715845,0.003527336860670194,0.6482699140262166,0.6315832393563487,-0.01668667466986795,0.7679894533853767,0.7715991577043722,0.0036097043189953376,0.7657648885195325,0.7630940810661163,-0.002670807453416143
xgboost,60,exploratory,median_midpoint,primary,41e2010c,7,3,3,0.7516664965548596,0.7512905066181705,-0.00037598993668906477,0.7180014359429718,0.7174943644191414,-0.0005070715238304967,0.8155154502186467,0.81649392379986,0.0009784735812132953,0.6878175428910728,0.6860870894364813,-0.0017304534545913932,0.7991704230950091,0.7989986358669156,-0.00017178722809358632,0.7455480543286874,0.744999338338795,-0.0005487159898924629
xgboost,60,exploratory,median_midpoint,primary,5001d09a,7,0,0,0.8001856568696014,0.8001856568696014,0.0,0.7794507513723214,0.7794507513723214,0.0,0.8894456637589309,0.8894456637589309,0.0,0.7109256499802719,0.7109256499802719,0.0,0.8047765343568589,0.8047765343568589,0.0,0.8092698733779391,0.8092698733779391,0.0
xgboost,60,exploratory,median_midpoint,primary,50c02189,7,3,3,0.634632138639461,0.6420468044689366,0.007414665829475475,0.55833884078102,0.573851617451721,0.01551277667070097,0.5856240835155042,0.6439064994187769,0.05828241590327266,0.6836401937634179,0.6401871095190962,-0.043453084244321705,0.6967283931970398,0.6982611662104213,0.0015327730133814737,0.6274291905900632,0.6323330260171545,0.0049038354270912665
xgboost,60,exploratory,median_midpoint,primary,517001af,7,0,0,0.8075038905996903,0.8075038905996903,0.0,0.8016022328106561,0.8016022328106561,0.0,0.7395639547689888,0.7395639547689888,0.0,0.8754438264303916,0.8754438264303916,0.0,0.8289228115555157,0.8289228115555157,0.0,0.8622208822690766,0.8622208822690766,0.0
xgboost,60,exploratory,median_midpoint,primary,6030f0fd,7,1,1,0.7736893902209979,0.7641469506112434,-0.009542439609754491,0.7468972846264721,0.7283420473837209,-0.018555237242751193,0.8427560689881775,0.8001233090779305,-0.04263275991024681,0.7046227114538184,0.7281705921445563,0.023547880690737828,0.788093280617338,0.7724799727186021,-0.015613307898735813,0.7638808636931355,0.7426042679484547,-0.02127659574468085
xgboost,60,exploratory,median_midpoint,primary,7072a0e0,7,0,0,0.7477566271654945,0.7477566271654945,0.0,0.6738789028701297,0.6738789028701297,0.0,0.7990870824075691,0.7990870824075691,0.0,0.6964261719234198,0.6964261719234198,0.0,0.7280740048556587,0.7280740048556587,0.0,0.7013067867480798,0.7013067867480798,0.0
xgboost,60,exploratory,median_midpoint,primary,7092f07b,7,1,1,0.6812413219481367,0.668934372141187,-0.012306949806949812,0.6416369160596125,0.6265335498025675,-0.015103366257045035,0.8282262230611241,0.8428980377329387,0.01467181467181468,0.5342564208351496,0.49497070654943526,-0.03928571428571428,0.7555026281338668,0.7571303573966299,0.0016277292627630319,0.6959219318892472,0.6855699650155413,-0.010351966873706002
xgboost,60,exploratory,median_midpoint,primary,7150e10a,7,0,0,0.6900958180689345,0.6900958180689345,0.0,0.641776807293707,0.641776807293707,0.0,0.8770739186349296,0.8770739186349296,0.0,0.5031177175029394,0.5031177175029394,0.0,0.7657580117798789,0.7657580117798789,0.0,0.6916743896536994,0.6916743896536994,0.0
xgboost,60,exploratory,median_midpoint,primary,71a251fa,7,0,0,0.8537974106555034,0.8537974106555034,0.0,0.8341619843812808,0.8341619843812808,0.0,0.802000184218565,0.802000184218565,0.0,0.9055946370924417,0.9055946370924417,0.0,0.8516159963278485,0.8516159963278485,0.0,0.8587431648895393,0.8587431648895393,0.0
xgboost,60,exploratory,median_midpoint,primary,71c09041,6,0,0,0.8111328287410758,0.8111328287410758,0.0,0.7875564057676648,0.7875564057676648,0.0,0.8713432652350138,0.8713432652350138,0.0,0.7509223922471383,0.7509223922471383,0.0,0.8158338356753337,0.8158338356753337,0.0,0.8520923715508907,0.8520923715508907,0.0
xgboost,60,exploratory,median_midpoint,primary,71e10186,7,1,1,0.9427918289741308,0.9427918289741308,0.0,0.9445956072591427,0.9445956072591427,0.0,0.9261719211474325,0.9261719211474325,0.0,0.9594117368008294,0.9594117368008294,0.0,0.9498246152034514,0.9498246152034514,0.0,0.9467315395198886,0.9467315395198886,0.0
xgboost,60,exploratory,median_midpoint,primary,71f0603f,7,1,1,0.7902873029995084,0.7899960162720515,-0.0002912867274569456,0.7922505631793957,0.7898540210928867,-0.0023965420865089365,0.7204031411516185,0.7334983792468567,0.01309523809523808,0.860171464847398,0.846493653297246,-0.013677811550151988,0.8121829345095511,0.8092386655178417,-0.0029442689917092185,0.8012245857481878,0.7979778325014345,-0.0032467532467532595
xgboost,60,exploratory,median_midpoint,primary,71f21142,7,0,0,0.7795242295636884,0.7795242295636884,0.0,0.7281854703534674,0.7281854703534674,0.0,0.8840655935066863,0.8840655935066863,0.0,0.6749828656206903,0.6749828656206903,0.0,0.7651142593099962,0.7651142593099962,0.0,0.7967025788708855,0.7967025788708855,0.0
xgboost,60,exploratory,median_midpoint,primary,8030618f,7,0,0,0.7649990837712252,0.7649990837712252,0.0,0.6732697594546317,0.6732697594546317,0.0,0.8690589176816104,0.8690589176816104,0.0,0.6609392498608399,0.6609392498608399,0.0,0.7291670681667257,0.7291670681667257,0.0,0.702451315293719,0.702451315293719,0.0
xgboost,60,exploratory,median_midpoint,primary,8191f1d9,7,0,0,0.6673534252662494,0.6673534252662494,0.0,0.5570578819055589,0.5570578819055589,0.0,0.3890471023810602,0.3890471023810602,0.0,0.9456597481514387,0.9456597481514387,0.0,0.7218859213097473,0.7218859213097473,0.0,0.5942155288234826,0.5942155288234826,0.0
xgboost,60,exploratory,median_midpoint,primary,81e150c1,7,1,1,0.7631357490821886,0.7587189933055372,-0.004416755776651634,0.7154161045925036,0.7104357087891965,-0.0049803958033071295,0.846381892449871,0.8484673981850117,0.002085505735140769,0.6798896057145063,0.6689705884260623,-0.010919017288444053,0.7271820307690973,0.724125180452266,-0.003056850316831244,0.7678663848854991,0.7630072983937595,-0.004859086491739558
xgboost,60,exploratory,median_midpoint,primary,81f1f0fe,7,1,1,0.6846361672867267,0.6882124069428944,0.0035762396561678073,0.6522985600076365,0.6563344507617407,0.004035890754104107,0.7069189744651079,0.7014664117606367,-0.00545256270447111,0.6623533601083454,0.6749584021251521,0.012605042016806725,0.7045627429981762,0.7051912993944233,0.0006285563962470851,0.686212754842542,0.6893556119853992,0.0031428571428571456
xgboost,60,exploratory,median_midpoint,primary,a02151ac,7,0,0,0.722054901082019,0.722054901082019,0.0,0.700571080930214,0.700571080930214,0.0,0.6385548644391824,0.6385548644391824,0.0,0.8055549377248555,0.8055549377248555,0.0,0.7490163559791629,0.7490163559791629,0.0,0.7461877251559431,0.7461877251559431,0.0
xgboost,60,exploratory,median_midpoint,primary,a1721173,7,1,1,0.7616910551889821,0.7616910551889821,0.0,0.7649569627775261,0.7649569627775261,0.0,0.7295678102374492,0.7295678102374492,0.0,0.7938143001405148,0.7938143001405148,0.0,0.81157605602315,0.81157605602315,0.0,0.8128682014081176,0.8128682014081176,0.0
xgboost,60,exploratory,median_midpoint,primary,a1b210fc,7,0,0,0.7782748753713967,0.7782748753713967,0.0,0.7670170230960379,0.7670170230960379,0.0,0.8243029015925066,0.8243029015925066,0.0,0.7322468491502868,0.7322468491502868,0.0,0.7868383504065318,0.7868383504065318,0.0,0.7960129205717827,0.7960129205717827,0.0
xgboost,60,exploratory,median_midpoint,primary,b0700166,7,0,0,0.6727165949169857,0.6727165949169857,0.0,0.5967777035956552,0.5967777035956552,0.0,0.7621133335260589,0.7621133335260589,0.0,0.5833198563079126,0.5833198563079126,0.0,0.7199476960562509,0.7199476960562509,0.0,0.631418477223863,0.631418477223863,0.0
xgboost,60,exploratory,median_midpoint,primary,b112005d,7,0,0,0.7165618294593966,0.7165618294593966,0.0,0.6820449825514695,0.6820449825514695,0.0,0.7489952968388707,0.7489952968388707,0.0,0.6841283620799226,0.6841283620799226,0.0,0.7291909760991204,0.7291909760991204,0.0,0.7221005519081282,0.7221005519081282,0.0
xgboost,60,exploratory,median_midpoint,primary,b1c2f044,7,0,0,0.8125658847517111,0.8125658847517111,0.0,0.7922616473316477,0.7922616473316477,0.0,0.9020413879729842,0.9020413879729842,0.0,0.7230903815304378,0.7230903815304378,0.0,0.8313582760727778,0.8313582760727778,0.0,0.8327371689555465,0.8327371689555465,0.0
xgboost,60,exploratory,median_midpoint,primary,c060c06a,7,0,0,0.7365483527830905,0.7365483527830905,0.0,0.6847244502941198,0.6847244502941198,0.0,0.5639974538836668,0.5639974538836668,0.0,0.909099251682514,0.909099251682514,0.0,0.7562575678215021,0.7562575678215021,0.0,0.7789967421774036,0.7789967421774036,0.0
xgboost,60,exploratory,median_midpoint,primary,c112918e,7,1,1,0.6429823831531556,0.6523776839849206,0.009395300831764921,0.565564428540675,0.5800373115005494,0.014472882959874431,0.4126365763540102,0.44010910382653773,0.027472527472527486,0.8733281899523009,0.8646462641433033,-0.008681925808997642,0.7371416970481741,0.7479245118696998,0.010782814821525639,0.6257710720701686,0.6412363407464463,0.015465268676277859
xgboost,60,exploratory,median_midpoint,primary,c1a150b1,7,0,0,0.6597795655385734,0.6597795655385734,0.0,0.6312317235973152,0.6312317235973152,0.0,0.7019731251587193,0.7019731251587193,0.0,0.6175860059184275,0.6175860059184275,0.0,0.7082509455187148,0.7082509455187148,0.0,0.7364156655959792,0.7364156655959792,0.0
xgboost,60,exploratory,median_midpoint,primary,d0724095,7,1,1,0.7547235055851594,0.7599017517470121,0.0051782461618527275,0.7284764846684235,0.7346701296983357,0.006193645029912122,0.7148026704791726,0.7275010831775852,0.0126984126984127,0.7946443406911465,0.7923024203164392,-0.0023419203747072626,0.7803922698379192,0.783752630088358,0.0033603602504388747,0.7563831238645464,0.7623355048169274,0.005952380952380947
xgboost,60,exploratory,median_midpoint,primary,d0e2d025,7,2,2,0.7690968286344569,0.7661137493523975,-0.0029830792820593833,0.7527715053377694,0.7472858207071644,-0.005485684630605011,0.8159386989515083,0.8368479206462285,0.020909221694720172,0.7222549583174054,0.6953795780585664,-0.026875380258838906,0.8037252621412956,0.8007070091020836,-0.00301825303921193,0.7917834523154165,0.785394939829181,-0.006388512486235477
xgboost,60,exploratory,median_midpoint,primary,d111e017,7,1,1,0.8775659722475068,0.8773019109852938,-0.00026406126221282085,0.8745335357631647,0.874256282456822,-0.00027725330634261906,0.8278751778421534,0.8273470553177278,-0.0005281225244256575,0.9272567666528602,0.9272567666528602,0.0,0.8892217285126469,0.8889292858280589,-0.0002924426845882312,0.8770977727514123,0.8768182088710657,-0.00027956388034665124
xgboost,60,exploratory,median_midpoint,primary,d142d110,7,1,1,0.7757779436871964,0.7770063900375941,0.0012284463503975701,0.7546341222569731,0.7554508316568623,0.0008167093998891087,0.7602992804200047,0.7749512950720195,0.014652014652014655,0.7912566069543879,0.7790614850031685,-0.012195121951219523,0.7768527437317779,0.7693410709055091,-0.007511672826268793,0.7901946234200281,0.7866527107872063,-0.003541912632821712
xgboost,60,exploratory,median_midpoint,primary,d151b0c4,7,0,0,0.7677434506983456,0.7677434506983456,0.0,0.7613551167584968,0.7613551167584968,0.0,0.7536544083803465,0.7536544083803465,0.0,0.7818324930163448,0.7818324930163448,0.0,0.7864664753305048,0.7864664753305048,0.0,0.785382662588118,0.785382662588118,0.0
xgboost,60,exploratory,median_midpoint,primary,d18000a3,7,0,0,0.8249795270810203,0.8249795270810203,0.0,0.8000580393148468,0.8000580393148468,0.0,0.7816932371655742,0.7816932371655742,0.0,0.8682658169964661,0.8682658169964661,0.0,0.818499521142403,0.818499521142403,0.0,0.8225794302223424,0.8225794302223424,0.0
xgboost,60,exploratory,median_midpoint,primary,e0c0408a,5,0,0,0.73446146749673,0.73446146749673,0.0,0.7114111764926573,0.7114111764926573,0.0,0.7083820889432884,0.7083820889432884,0.0,0.7605408460501717,0.7605408460501717,0.0,0.774300482050912,0.774300482050912,0.0,0.7649519946157126,0.7649519946157126,0.0
xgboost,60,exploratory,median_midpoint,primary,f0f2a1e1,7,0,0,0.812557138682826,0.812557138682826,0.0,0.782177525619675,0.782177525619675,0.0,0.8202503147908009,0.8202503147908009,0.0,0.8048639625748512,0.8048639625748512,0.0,0.7776995377645101,0.7776995377645101,0.0,0.8234577773728043,0.8234577773728043,0.0
xgboost,60,exploratory,median_midpoint,primary,f121f1e0,7,1,1,0.7013657933471393,0.70557173455492,0.0042059412077805535,0.6568686036854329,0.6632095394601182,0.006340935774685229,0.900804030246733,0.900019100890375,-0.0007849293563579408,0.5019275564475458,0.5111243682194648,0.009196811771919064,0.7459589865087966,0.7464595948445496,0.0005006083357530341,0.6856413716599947,0.6887521637155104,0.0031107920555156765
xgboost,60,exploratory,median_midpoint,primary,f1a0c120,7,1,1,0.7210629805278893,0.7358234393672956,0.014760458839406212,0.7250297553216452,0.7324507015715982,0.007420946249953074,0.6209898430237509,0.6088440940358967,-0.012145748987854255,0.8211361180320278,0.8628027846986944,0.04166666666666667,0.8116997737225847,0.8034260796295628,-0.008273694093021826,0.8297378266085301,0.8297378266085301,0.0
xgboost,60,exploratory,median_midpoint,primary,f1d06060,7,0,0,0.7311157967560467,0.7311157967560467,0.0,0.6855945650287324,0.6855945650287324,0.0,0.6619439272943627,0.6619439272943627,0.0,0.8002876662177305,0.8002876662177305,0.0,0.7704540072802109,0.7704540072802109,0.0,0.7141006451897842,0.7141006451897842,0.0
xgboost,120,secondary,empirical_balanced_accuracy,sensitivity,0001508a,7,1,1,0.7046558178490308,0.6867795764433776,-0.01787624140565317,0.6676881628733599,0.6456685205249103,-0.022019642348449442,0.6148968417405045,0.6278838547275173,0.012987012987012991,0.7944147939575571,0.7456752981592377,-0.04873949579831933,0.7707558132260771,0.7581104565759544,-0.012645356650122754,0.7426626717393908,0.7209029744830049,-0.021759697256385997
xgboost,120,secondary,empirical_balanced_accuracy,sensitivity,0012905a,7,2,2,0.7453172343883209,0.7249432528918877,-0.02037398149643307,0.7468908959821212,0.7176954574605825,-0.029195438521538736,0.8677790841520271,0.8652375189714702,-0.002541565180557021,0.6228553846246143,0.5846489868123051,-0.03820639781230915,0.7772975320105442,0.7733379559988717,-0.003959576011672564,0.7656096561554373,0.7425541177936802,-0.023055538361756937
xgboost,120,secondary,empirical_balanced_accuracy,sensitivity,0110f12e,7,2,2,0.8128894945924349,0.7983915837139269,-0.014497910878507905,0.8109348657119042,0.7923726785754616,-0.018562187136442785,0.810650273781868,0.8441364145068146,0.0334861407249467,0.8151287154030016,0.7526467529210393,-0.06248196248196247,0.8158616464175691,0.812537894308182,-0.0033237521093867827,0.8157300659003958,0.7987039842126599,-0.017026081687735815
xgboost,120,secondary,empirical_balanced_accuracy,sensitivity,0182e16c,7,2,2,0.6728949134520855,0.7157822018155582,0.04288728836347279,0.6086797178727151,0.664531097591732,0.0558513797190169,0.6496739956381027,0.7377005622699212,0.08802656663181847,0.6961158312660682,0.6938638413611954,-0.0022519899048728453,0.7597329888852438,0.7671222484584729,0.007389259573229239,0.684402792785986,0.7171840334501177,0.03278124066413154
xgboost,120,secondary,empirical_balanced_accuracy,sensitivity,01c2a0d8,7,3,3,0.7682474847888587,0.7874286050189084,0.01918112023004968,0.7404939380374645,0.7446715288810807,0.004177590843616257,0.6949873232015332,0.8138246408929929,0.11883731769145951,0.8415076463761844,0.7610325691448241,-0.08047507723136012,0.7751923007612623,0.7766256014520535,0.0014333006907912044,0.7842518788099835,0.7647420921285274,-0.01950978668145604
xgboost,120,secondary,empirical_balanced_accuracy,sensitivity,1081b177,7,2,2,0.795736132959889,0.7523970166021817,-0.04333911635770736,0.7793816671221856,0.7234604747528289,-0.05592119236935673,0.636995747052232,0.7263105327955891,0.08931478574335718,0.9544765188675459,0.7784835004087741,-0.1759930184587719,0.8191493566891835,0.7924652160947484,-0.026684140594435104,0.8087536287810224,0.7599714745774901,-0.04878215420353227
xgboost,120,secondary,empirical_balanced_accuracy,sensitivity,20201194,7,3,3,0.7123193172264246,0.7324172296174886,0.020097912391063906,0.698533805384951,0.7213366053698029,0.022802799984851796,0.6731236448887045,0.7373608046799093,0.06423715979120476,0.7515149895641448,0.7274736545550679,-0.02404133500907695,0.7657726166955557,0.7725415081430277,0.0067688914474719,0.7484578625802335,0.766686164818785,0.01822830223855148
xgboost,120,secondary,empirical_balanced_accuracy,sensitivity,2162c09e,7,1,1,0.7899206511153987,0.7900956443246174,0.00017499320921874974,0.7783822245016043,0.7830857232192263,0.004703498717621927,0.6543452765206208,0.6754593825403871,0.021114106019766394,0.9254960257101766,0.9047319061088478,-0.020764119601328908,0.8104282550840379,0.8168739310719246,0.006445675987886812,0.8235400285929704,0.8299540227620666,0.006413994169096223
xgboost,120,secondary,empirical_balanced_accuracy,sensitivity,2182c1cd,7,5,5,0.7281784469735745,0.7654715675438043,0.03729312057022971,0.7122913678104998,0.7568948923540647,0.044603524543565025,0.5306232141702475,0.65268510627473,0.12206189210448244,0.9257336797769014,0.8782580288128782,-0.04747565096402305,0.767523124912568,0.7847721794381636,0.017249054525595758,0.7335400947356201,0.7755592354658746,0.04201914073025449
xgboost,120,secondary,empirical_balanced_accuracy,sensitivity,219060fa,7,0,0,0.7858841054906336,0.7858841054906336,0.0,0.7197025316300064,0.7197025316300064,0.0,0.8139863254535575,0.8139863254535575,0.0,0.7577818855277095,0.7577818855277095,0.0,0.7573838727766677,0.7573838727766677,0.0,0.8174110305920582,0.8174110305920582,0.0
xgboost,120,secondary,empirical_balanced_accuracy,sensitivity,21a031f6,7,0,0,0.7784794985887569,0.7784794985887569,0.0,0.7453220956686801,0.7453220956686801,0.0,0.728885179681993,0.728885179681993,0.0,0.8280738174955208,0.8280738174955208,0.0,0.7703314207734169,0.7703314207734169,0.0,0.7597122663100346,0.7597122663100346,0.0
xgboost,120,secondary,empirical_balanced_accuracy,sensitivity,30908049,7,1,1,0.7199096764466699,0.7362798404162338,0.01637016396956383,0.6600737308717918,0.6487455044776084,-0.011328226394183325,0.7894560773762789,0.8770136810629149,0.08755760368663594,0.6503632755170612,0.5955459997695529,-0.05481727574750831,0.7249807642650214,0.7068867805277266,-0.01809398373729489,0.7256572357633645,0.6961570991886582,-0.029500136574706372
xgboost,120,secondary,empirical_balanced_accuracy,sensitivity,30c140ca,7,3,3,0.6897495805404633,0.6926267558738226,0.0028771753333592625,0.6742415914799958,0.6775093978003988,0.00326780632040299,0.6843320660764086,0.6493969843593427,-0.03493508171706601,0.6951670950045179,0.7358565273883025,0.04068943238378454,0.7183778874053006,0.7237438686786292,0.0053659812733285305,0.689284499115895,0.6925563647499716,0.0032718656340767127
xgboost,120,secondary,empirical_balanced_accuracy,sensitivity,3110e0c7,7,0,0,0.6251537715638013,0.6251537715638013,0.0,0.5695290334300929,0.5695290334300929,0.0,0.6341695513902961,0.6341695513902961,0.0,0.6161379917373063,0.6161379917373063,0.0,0.6240402605687274,0.6240402605687274,0.0,0.5995773777981082,0.5995773777981082,0.0
xgboost,120,secondary,empirical_balanced_accuracy,sensitivity,40009139,7,0,0,0.806802443797965,0.806802443797965,0.0,0.7985056143838448,0.7985056143838448,0.0,0.8163463286049163,0.8163463286049163,0.0,0.7972585589910137,0.7972585589910137,0.0,0.8261446001193866,0.8261446001193866,0.0,0.8075906940389992,0.8075906940389992,0.0
xgboost,120,secondary,empirical_balanced_accuracy,sensitivity,40f0714a,7,3,3,0.7684019483685656,0.7835095298627016,0.015107581494136126,0.6770561858591114,0.6948194557006839,0.017763269841572553,0.8885339827109143,0.8863361805131121,-0.00219780219780219,0.6482699140262166,0.6806828792122911,0.03241296518607443,0.7679894533853767,0.7688749082695964,0.0008854548842195863,0.7657648885195325,0.7761375593269859,0.010372670807453426
xgboost,120,secondary,empirical_balanced_accuracy,sensitivity,41e2010c,7,3,3,0.7516664965548596,0.7541330365829759,0.0024665400281163674,0.7180014359429718,0.7290958310154565,0.011094395072484553,0.8155154502186467,0.798817862092487,-0.01669758812615956,0.6878175428910728,0.7094482110734651,0.021630668182392312,0.7991704230950091,0.7974464343185114,-0.0017239887764978676,0.7455480543286874,0.7586783064295277,0.013130252100840336
xgboost,120,secondary,empirical_balanced_accuracy,sensitivity,5001d09a,7,2,2,0.8001856568696014,0.8088129053273583,0.008627248457756944,0.7794507513723214,0.7844050402375345,0.004954288865213081,0.8894456637589309,0.8869032908775749,-0.002542372881355916,0.7109256499802719,0.7307225197771415,0.019796869796869804,0.8047765343568589,0.8047582138925263,-1.8320464332556773e-05,0.8092698733779391,0.8121086028546921,0.002838729476753105
xgboost,120,secondary,empirical_balanced_accuracy,sensitivity,50c02189,7,3,3,0.634632138639461,0.6565992356376613,0.02196709699820032,0.55833884078102,0.5963353765045099,0.03799653572348971,0.5856240835155042,0.697836773623447,0.11221269010794277,0.6836401937634179,0.6153616976518758,-0.06827849611154213,0.6967283931970398,0.6998292300672352,0.003100836870195356,0.6274291905900632,0.644861028952134,0.017431838362070937
xgboost,120,secondary,empirical_balanced_accuracy,sensitivity,517001af,7,3,3,0.8075038905996903,0.8158491132881844,0.008345222688494247,0.8016022328106561,0.8228077875334445,0.02120555472278829,0.7395639547689888,0.8266788007073643,0.08711484593837535,0.8754438264303916,0.8050194258690048,-0.07042440056138685,0.8289228115555157,0.8552977357010666,0.02637492414555089,0.8622208822690766,0.8919386691107466,0.029717786841669955
xgboost,120,secondary,empirical_balanced_accuracy,sensitivity,6030f0fd,7,1,1,0.7736893902209979,0.7641839368112812,-0.009505453409716678,0.7468972846264721,0.7279338918472854,-0.018963392779186572,0.8427560689881775,0.7986274227652902,-0.04412864622288705,0.7046227114538184,0.7297404508572721,0.025117739403453694,0.788093280617338,0.7726914391784241,-0.015401841438913908,0.7638808636931355,0.7420976823354861,-0.02178318135764945
xgboost,120,secondary,empirical_balanced_accuracy,sensitivity,7072a0e0,7,2,2,0.7477566271654945,0.7165987673382698,-0.031157859827224615,0.6738789028701297,0.6109309330311203,-0.06294796983900941,0.7990870824075691,0.836883821446177,0.037796739038607745,0.6964261719234198,0.5963137132303629,-0.10011245869305697,0.7280740048556587,0.7160315870030252,-0.012042417852633491,0.7013067867480798,0.6299710192451144,-0.07133576750296537
xgboost,120,secondary,empirical_balanced_accuracy,sensitivity,7092f07b,7,3,3,0.6812413219481367,0.6574571691125183,-0.02378415283561854,0.6416369160596125,0.6037626502995118,-0.037874265760100764,0.8282262230611241,0.8746440694789704,0.04641784641784643,0.5342564208351496,0.4402702687460661,-0.09398615208908347,0.7555026281338668,0.7558350073782424,0.00033237924437547396,0.6959219318892472,0.6747203436842442,-0.021201588205003112
xgboost,120,secondary,empirical_balanced_accuracy,sensitivity,7150e10a,7,0,0,0.6900958180689345,0.6900958180689345,0.0,0.641776807293707,0.641776807293707,0.0,0.8770739186349296,0.8770739186349296,0.0,0.5031177175029394,0.5031177175029394,0.0,0.7657580117798789,0.7657580117798789,0.0,0.6916743896536994,0.6916743896536994,0.0
xgboost,120,secondary,empirical_balanced_accuracy,sensitivity,71a251fa,7,2,2,0.8537974106555034,0.804514047550725,-0.04928336310477848,0.8341619843812808,0.7844593713468786,-0.04970261303440206,0.802000184218565,0.8235005241747484,0.02150033995618342,0.9055946370924417,0.7855275709267013,-0.12006706616574037,0.8516159963278485,0.8362664137289485,-0.015349582598899894,0.8587431648895393,0.8197726739539828,-0.03897049093555644
xgboost,120,secondary,empirical_balanced_accuracy,sensitivity,71c09041,6,2,2,0.8111328287410758,0.7468842753620878,-0.06424855337898816,0.7875564057676648,0.7441220254562083,-0.04343438031145671,0.8713432652350138,0.8936398092706882,0.022296544035674475,0.7509223922471383,0.6001287414534874,-0.15079365079365079,0.8158338356753337,0.8476912272549475,0.03185739157961379,0.8520923715508907,0.85306988865744,0.0009775171065493637
xgboost,120,secondary,empirical_balanced_accuracy,sensitivity,71e10186,7,4,4,0.9427918289741308,0.9427918289741308,0.0,0.9445956072591427,0.9445956072591427,0.0,0.9261719211474325,0.9261719211474325,0.0,0.9594117368008294,0.9594117368008294,0.0,0.9498246152034514,0.9498246152034514,0.0,0.9467315395198886,0.9467315395198886,0.0
xgboost,120,secondary,empirical_balanced_accuracy,sensitivity,71f0603f,7,4,4,0.7902873029995084,0.7851904186970601,-0.005096884302448368,0.7922505631793957,0.7777385859476649,-0.01451197723173073,0.7204031411516185,0.7733372029041734,0.052934061752554884,0.860171464847398,0.7970436344899464,-0.06312783035745163,0.8121829345095511,0.8009214541781723,-0.011261480331378795,0.8012245857481878,0.7831814065612274,-0.01804317918696038
xgboost,120,secondary,empirical_balanced_accuracy,sensitivity,71f21142,7,0,0,0.7795242295636884,0.7795242295636884,0.0,0.7281854703534674,0.7281854703534674,0.0,0.8840655935066863,0.8840655935066863,0.0,0.6749828656206903,0.6749828656206903,0.0,0.7651142593099962,0.7651142593099962,0.0,0.7967025788708855,0.7967025788708855,0.0
xgboost,120,secondary,empirical_balanced_accuracy,sensitivity,8030618f,7,1,1,0.7649990837712252,0.7649990837712252,0.0,0.6732697594546317,0.6732697594546317,0.0,0.8690589176816104,0.8690589176816104,0.0,0.6609392498608399,0.6609392498608399,0.0,0.7291670681667257,0.7291670681667257,0.0,0.702451315293719,0.702451315293719,0.0
xgboost,120,secondary,empirical_balanced_accuracy,sensitivity,8191f1d9,7,0,0,0.6673534252662494,0.6673534252662494,0.0,0.5570578819055589,0.5570578819055589,0.0,0.3890471023810602,0.3890471023810602,0.0,0.9456597481514387,0.9456597481514387,0.0,0.7218859213097473,0.7218859213097473,0.0,0.5942155288234826,0.5942155288234826,0.0
xgboost,120,secondary,empirical_balanced_accuracy,sensitivity,81e150c1,7,2,2,0.7631357490821886,0.7501043696579816,-0.013031379424207226,0.7154161045925036,0.6978932799067571,-0.017522824685746508,0.846381892449871,0.8576075776414929,0.011225685191621926,0.6798896057145063,0.6426011616744699,-0.03728844404003641,0.7271820307690973,0.7193638381280897,-0.007818192641007662,0.7678663848854991,0.7500644589203077,-0.017801925965191288
xgboost,120,secondary,empirical_balanced_accuracy,sensitivity,81f1f0fe,7,2,2,0.6846361672867267,0.6925813300846703,0.007945162797943614,0.6522985600076365,0.6606661156302617,0.008367555622625129,0.7069189744651079,0.6921970551630359,-0.014721919302071975,0.6623533601083454,0.6929656050063047,0.030612244897959186,0.7045627429981762,0.7073404221917129,0.002777679193536648,0.686212754842542,0.6930698976996849,0.006857142857142863
xgboost,120,secondary,empirical_balanced_accuracy,sensitivity,a02151ac,7,0,0,0.722054901082019,0.722054901082019,0.0,0.700571080930214,0.700571080930214,0.0,0.6385548644391824,0.6385548644391824,0.0,0.8055549377248555,0.8055549377248555,0.0,0.7490163559791629,0.7490163559791629,0.0,0.7461877251559431,0.7461877251559431,0.0
xgboost,120,secondary,empirical_balanced_accuracy,sensitivity,a1721173,7,2,2,0.7616910551889821,0.7369657804637073,-0.02472527472527473,0.7649569627775261,0.734897418302231,-0.030059544475295304,0.7295678102374492,0.7295678102374492,0.0,0.7938143001405148,0.7443637506899654,-0.04945054945054945,0.81157605602315,0.7930107850871894,-0.018565270935960592,0.8128682014081176,0.7827930134381926,-0.03007518796992481
xgboost,120,secondary,empirical_balanced_accuracy,sensitivity,a1b210fc,7,1,1,0.7782748753713967,0.750812227927098,-0.027462647444298827,0.7670170230960379,0.7309320494398354,-0.03608497365620252,0.8243029015925066,0.7568061781324804,-0.06749672346002622,0.7322468491502868,0.7448182777217153,0.012571428571428567,0.7868383504065318,0.7782182051228848,-0.008620145283647027,0.7960129205717827,0.7712876458465081,-0.024725274725274717
xgboost,120,secondary,empirical_balanced_accuracy,sensitivity,b0700166,7,1,1,0.6727165949169857,0.6727165949169857,0.0,0.5967777035956552,0.5967777035956552,0.0,0.7621133335260589,0.7621133335260589,0.0,0.5833198563079126,0.5833198563079126,0.0,0.7199476960562509,0.7199476960562509,0.0,0.631418477223863,0.631418477223863,0.0
xgboost,120,secondary,empirical_balanced_accuracy,sensitivity,b112005d,7,2,2,0.7165618294593966,0.7074553490639178,-0.009106480395478742,0.6820449825514695,0.6721224253534521,-0.009922557198017141,0.7489952968388707,0.7690539409861848,0.020058644147314095,0.6841283620799226,0.6458567571416509,-0.03827160493827159,0.7291909760991204,0.7321986871309081,0.003007711031787779,0.7221005519081282,0.7218662763797349,-0.00023427552839318442
xgboost,120,secondary,empirical_balanced_accuracy,sensitivity,b1c2f044,7,4,4,0.8125658847517111,0.7904842908723524,-0.022081593879358614,0.7922616473316477,0.7939767229369057,0.0017150756052578225,0.9020413879729842,0.941702103759425,0.03966071578644064,0.7230903815304378,0.6392664779852801,-0.08382390354515788,0.8313582760727778,0.8465920035388734,0.015233727466095621,0.8327371689555465,0.8419858804161198,0.009248711460573125
xgboost,120,secondary,empirical_balanced_accuracy,sensitivity,c060c06a,7,1,1,0.7365483527830905,0.7361166416370936,-0.0004317111459968746,0.6847244502941198,0.6921057500987297,0.007381299804609808,0.5639974538836668,0.6233381132243261,0.05934065934065934,0.909099251682514,0.848895170049861,-0.06020408163265307,0.7562575678215021,0.7532502215819493,-0.0030073462395529627,0.7789967421774036,0.78837840529041,0.009381663113006398
xgboost,120,secondary,empirical_balanced_accuracy,sensitivity,c112918e,7,5,5,0.6429823831531556,0.6196582214363191,-0.02332416171683652,0.565564428540675,0.566521979578377,0.0009575510377020725,0.4126365763540102,0.7196644156302971,0.307027839276287,0.8733281899523009,0.5196520272423409,-0.35367616270996,0.7371416970481741,0.7880419369351566,0.0509002398869824,0.6257710720701686,0.6751707449042051,0.0493996728340367
xgboost,120,secondary,empirical_balanced_accuracy,sensitivity,c1a150b1,7,0,0,0.6597795655385734,0.6597795655385734,0.0,0.6312317235973152,0.6312317235973152,0.0,0.7019731251587193,0.7019731251587193,0.0,0.6175860059184275,0.6175860059184275,0.0,0.7082509455187148,0.7082509455187148,0.0,0.7364156655959792,0.7364156655959792,0.0
xgboost,120,secondary,empirical_balanced_accuracy,sensitivity,d0724095,7,3,3,0.7547235055851594,0.7541583582776782,-0.0005651473074811397,0.7284764846684235,0.750142597148198,0.02166611247977441,0.7148026704791726,0.8055489391358891,0.09074626865671641,0.7946443406911465,0.7027677774194678,-0.0918765632716787,0.7803922698379192,0.801768097924158,0.021375828086238915,0.7563831238645464,0.7894499302637804,0.033066806399234046
xgboost,120,secondary,empirical_balanced_accuracy,sensitivity,d0e2d025,7,2,2,0.7690968286344569,0.7548270807098013,-0.014269747924655582,0.7527715053377694,0.7323158743642049,-0.020455630973564527,0.8159386989515083,0.855078391082137,0.039139692130628685,0.7222549583174054,0.6545757703374655,-0.06767918797993985,0.8037252621412956,0.7974102478341659,-0.006315014307129789,0.7917834523154165,0.7703270249817937,-0.021456427333622647
xgboost,120,secondary,empirical_balanced_accuracy,sensitivity,d111e017,7,4,4,0.8775659722475068,0.8775659722475068,0.0,0.8745335357631647,0.8745335357631647,0.0,0.8278751778421534,0.8278751778421534,0.0,0.9272567666528602,0.9272567666528602,0.0,0.8892217285126469,0.8892217285126469,0.0,0.8770977727514123,0.8770977727514123,0.0
xgboost,120,secondary,empirical_balanced_accuracy,sensitivity,d142d110,7,1,1,0.7757779436871964,0.7861638991951032,0.010385955507906728,0.7546341222569731,0.7642414990169689,0.009607376759995663,0.7602992804200047,0.7932663133870378,0.03296703296703297,0.7912566069543879,0.7790614850031685,-0.012195121951219523,0.7768527437317779,0.7767226256779557,-0.00013011805382218928,0.7901946234200281,0.792555898508576,0.002361275088547824
xgboost,120,secondary,empirical_balanced_accuracy,sensitivity,d151b0c4,7,1,1,0.7677434506983456,0.7572508225388359,-0.010492628159509734,0.7613551167584968,0.7514754272109841,-0.009879689547512505,0.7536544083803465,0.8104188360057012,0.05676442762535477,0.7818324930163448,0.7040828090719707,-0.07774968394437422,0.7864664753305048,0.7892061471060668,0.0027396717755620026,0.785382662588118,0.7845709742764296,-0.0008116883116883031
xgboost,120,secondary,empirical_balanced_accuracy,sensitivity,d18000a3,7,0,0,0.8249795270810203,0.8249795270810203,0.0,0.8000580393148468,0.8000580393148468,0.0,0.7816932371655742,0.7816932371655742,0.0,0.8682658169964661,0.8682658169964661,0.0,0.818499521142403,0.818499521142403,0.0,0.8225794302223424,0.8225794302223424,0.0
xgboost,120,secondary,empirical_balanced_accuracy,sensitivity,e0c0408a,5,2,2,0.73446146749673,0.7387341947694573,0.004272727272727294,0.7114111764926573,0.6971454999250005,-0.01426567656765676,0.7083820889432884,0.6623820889432884,-0.046,0.7605408460501717,0.8150863005956264,0.054545454545454564,0.774300482050912,0.7604662601901246,-0.013834221860787355,0.7649519946157126,0.7438993630367653,-0.021052631578947368
xgboost,120,secondary,empirical_balanced_accuracy,sensitivity,f0f2a1e1,7,1,1,0.812557138682826,0.812557138682826,0.0,0.782177525619675,0.782177525619675,0.0,0.8202503147908009,0.8202503147908009,0.0,0.8048639625748512,0.8048639625748512,0.0,0.7776995377645101,0.7776995377645101,0.0,0.8234577773728043,0.8234577773728043,0.0
xgboost,120,secondary,empirical_balanced_accuracy,sensitivity,f121f1e0,7,4,4,0.7013657933471393,0.7185927783262166,0.017226984979077202,0.6568686036854329,0.6746629700967054,0.0177943664112723,0.900804030246733,0.8258432767145508,-0.07496075353218211,0.5019275564475458,0.6113422799378824,0.10941472349033651,0.7459589865087966,0.7336515237209537,-0.012307462787842909,0.6856413716599947,0.6884484257774651,0.002807054117470366
xgboost,120,secondary,empirical_balanced_accuracy,sensitivity,f1a0c120,7,7,7,0.7210629805278893,0.752852405355968,0.03178942482807864,0.7250297553216452,0.7191444701619173,-0.0058852851597278755,0.6209898430237509,0.6266380032976058,0.005648160273854952,0.8211361180320278,0.8790668074143301,0.0579306893823023,0.8116997737225847,0.775233707663307,-0.036466066059277824,0.8297378266085301,0.7714979556143221,-0.05823987099420813
xgboost,120,secondary,empirical_balanced_accuracy,sensitivity,f1d06060,7,3,3,0.7311157967560467,0.7690347345308532,0.03791893777480677,0.6855945650287324,0.7454159910709601,0.059821426042227656,0.6619439272943627,0.8847366487945492,0.22279272150018656,0.8002876662177305,0.6533328202671573,-0.14695484595057304,0.7704540072802109,0.7825415919114604,0.012087584631249593,0.7141006451897842,0.7721035422536842,0.05800289706389994
xgboost,120,secondary,median_midpoint,primary,0001508a,7,1,1,0.7046558178490308,0.7046558178490308,0.0,0.6676881628733599,0.6676881628733599,0.0,0.6148968417405045,0.6148968417405045,0.0,0.7944147939575571,0.7944147939575571,0.0,0.7707558132260771,0.7707558132260771,0.0,0.7426626717393908,0.7426626717393908,0.0
xgboost,120,secondary,median_midpoint,primary,0012905a,7,2,2,0.7453172343883209,0.7378380966758777,-0.007479137712443145,0.7468908959821212,0.7380790668505165,-0.00881182913160469,0.8677790841520271,0.8682732773815799,0.0004941932295527497,0.6228553846246143,0.6074029159701752,-0.015452468654439102,0.7772975320105442,0.7731688054549751,-0.004128726555569047,0.7656096561554373,0.7574585397097632,-0.008151116445674027
xgboost,120,secondary,median_midpoint,primary,0110f12e,7,2,2,0.8128894945924349,0.8139649867522115,0.001075492159776616,0.8109348657119042,0.8114240399805973,0.0004891742686930886,0.810650273781868,0.8241755047697856,0.013525230987917565,0.8151287154030016,0.8037544687346374,-0.011374246668364316,0.8158616464175691,0.8180190782848751,0.0021574318673061826,0.8157300659003958,0.8162643686903376,0.0005343027899418999
xgboost,120,secondary,median_midpoint,primary,0182e16c,7,2,2,0.6728949134520855,0.7122541526277385,0.03935923917565303,0.6086797178727151,0.6618644731710829,0.0531847552983678,0.6496739956381027,0.7265204380463187,0.07684644240821599,0.6961158312660682,0.6979878672091583,0.0018720359430901001,0.7597329888852438,0.7661654021918016,0.006432413306557987,0.684402792785986,0.7155788970135205,0.031176104227534425
xgboost,120,secondary,median_midpoint,primary,01c2a0d8,7,3,3,0.7682474847888587,0.7785248937716208,0.010277408982762082,0.7404939380374645,0.7390309135115618,-0.0014630245259027136,0.6949873232015332,0.7834616721199021,0.08847434891836899,0.8415076463761844,0.7735881154233395,-0.06791953095284482,0.7751923007612623,0.7698782115731518,-0.005314089188110541,0.7842518788099835,0.76104883046669,-0.023203048343293405
xgboost,120,secondary,median_midpoint,primary,1081b177,7,2,1,0.795736132959889,0.8004564615549729,0.004720328595083978,0.7793816671221856,0.7831659337475099,0.0037842666253242252,0.636995747052232,0.6542641928921064,0.017268445839874413,0.9544765188675459,0.9466487302178396,-0.007827788649706457,0.8191493566891835,0.8215198955304304,0.0023705388412468115,0.8087536287810224,0.8123161510467867,0.0035625222657641614
xgboost,120,secondary,median_midpoint,primary,20201194,7,3,3,0.7123193172264246,0.7360158991871153,0.023696581960690705,0.698533805384951,0.7239665343166015,0.025432728931650384,0.6731236448887045,0.7262771774736804,0.053153532584975814,0.7515149895641448,0.7457546209005503,-0.005760368663594465,0.7657726166955557,0.7637906483913628,-0.0019819683041930763,0.7484578625802335,0.7668617266165378,0.018403864036304292
xgboost,120,secondary,median_midpoint,primary,2162c09e,7,1,1,0.7899206511153987,0.791498201837311,0.0015775507219122828,0.7783822245016043,0.7840231213221781,0.0056408968205737976,0.6543452765206208,0.6741116736455084,0.019766397124887685,0.9254960257101766,0.9088847300291134,-0.01661129568106312,0.8104282550840379,0.8170674257596046,0.006639170675566773,0.8235400285929704,0.8305371131410754,0.0069970845481049605
xgboost,120,secondary,median_midpoint,primary,2182c1cd,7,5,5,0.7281784469735745,0.7333144557147607,0.005136008741186201,0.7122913678104998,0.7198350958946657,0.0075437280841659715,0.5306232141702475,0.5456829196927353,0.015059705522487667,0.9257336797769014,0.920945991736786,-0.004787688040115233,0.767523124912568,0.7702985445012758,0.0027754195887079247,0.7335400947356201,0.7411732866524677,0.007633191916847748
xgboost,120,secondary,median_midpoint,primary,219060fa,7,0,0,0.7858841054906336,0.7858841054906336,0.0,0.7197025316300064,0.7197025316300064,0.0,0.8139863254535575,0.8139863254535575,0.0,0.7577818855277095,0.7577818855277095,0.0,0.7573838727766677,0.7573838727766677,0.0,0.8174110305920582,0.8174110305920582,0.0
xgboost,120,secondary,median_midpoint,primary,21a031f6,7,0,0,0.7784794985887569,0.7784794985887569,0.0,0.7453220956686801,0.7453220956686801,0.0,0.728885179681993,0.728885179681993,0.0,0.8280738174955208,0.8280738174955208,0.0,0.7703314207734169,0.7703314207734169,0.0,0.7597122663100346,0.7597122663100346,0.0
xgboost,120,secondary,median_midpoint,primary,30908049,7,1,1,0.7199096764466699,0.7341668121591696,0.014257135712499551,0.6600737308717918,0.6606042818745121,0.0005305510027202745,0.7894560773762789,0.843219518236494,0.053763440860215055,0.6503632755170612,0.6251141060818453,-0.025249169435215952,0.7249807642650214,0.7096814326038865,-0.015299331661134952,0.7256572357633645,0.7144581098414852,-0.01119912592187928
xgboost,120,secondary,median_midpoint,primary,30c140ca,7,3,2,0.6897495805404633,0.6964851294951918,0.006735548954728562,0.6742415914799958,0.6873869880740007,0.013145396594004885,0.6843320660764086,0.690242507588,0.005910441511591401,0.6951670950045179,0.7027277514023839,0.007560656397865707,0.7183778874053006,0.7247915152991503,0.006413627893849694,0.689284499115895,0.7038992623317772,0.014614763215882334
xgboost,120,secondary,median_midpoint,primary,3110e0c7,7,0,0,0.6251537715638013,0.6251537715638013,0.0,0.5695290334300929,0.5695290334300929,0.0,0.6341695513902961,0.6341695513902961,0.0,0.6161379917373063,0.6161379917373063,0.0,0.6240402605687274,0.6240402605687274,0.0,0.5995773777981082,0.5995773777981082,0.0
xgboost,120,secondary,median_midpoint,primary,40009139,7,0,0,0.806802443797965,0.806802443797965,0.0,0.7985056143838448,0.7985056143838448,0.0,0.8163463286049163,0.8163463286049163,0.0,0.7972585589910137,0.7972585589910137,0.0,0.8261446001193866,0.8261446001193866,0.0,0.8075906940389992,0.8075906940389992,0.0
xgboost,120,secondary,median_midpoint,primary,40f0714a,7,3,3,0.7684019483685656,0.7798250361221853,0.011423087753619967,0.6770561858591114,0.6905121529480306,0.013455967088919305,0.8885339827109143,0.8867703142805793,-0.0017636684303350889,0.6482699140262166,0.6728797579637915,0.02460984393757503,0.7679894533853767,0.769388441402041,0.0013989880166641283,0.7657648885195325,0.7729077456623897,0.00714285714285715
xgboost,120,secondary,median_midpoint,primary,41e2010c,7,3,3,0.7516664965548596,0.7693391246667886,0.017672628111928983,0.7180014359429718,0.747125243506038,0.029123807563066127,0.8155154502186467,0.8035069108128469,-0.012008539405799696,0.6878175428910728,0.7351713385207306,0.0473537956296577,0.7991704230950091,0.8064254502179846,0.007255027122975417,0.7455480543286874,0.7765119433808118,0.030963889052124344
xgboost,120,secondary,median_midpoint,primary,5001d09a,7,2,2,0.8001856568696014,0.8047002101129681,0.004514553243366803,0.7794507513723214,0.783653461740646,0.004202710368324631,0.8894456637589309,0.8882350100059042,-0.0012106537530266312,0.7109256499802719,0.7211654102200321,0.010239760239760223,0.8047765343568589,0.8060634010800494,0.0012868667231903227,0.8092698733779391,0.8127223822010172,0.003452508823078095
xgboost,120,secondary,median_midpoint,primary,50c02189,7,3,2,0.634632138639461,0.6371977011697612,0.0025655625303001106,0.55833884078102,0.56230224622581,0.003963405444789918,0.5856240835155042,0.6202118729777092,0.034587789462205,0.6836401937634179,0.654183529361813,-0.02945666440160477,0.6967283931970398,0.6955793505072794,-0.0011490426897605393,0.6274291905900632,0.6273224279833006,-0.00010676260676259883
xgboost,120,secondary,median_midpoint,primary,517001af,7,3,3,0.8075038905996903,0.8273733479993652,0.01986945739967497,0.8016022328106561,0.8250390403435964,0.023436807532940307,0.7395639547689888,0.8016087726961597,0.062044817927170856,0.8754438264303916,0.8531379233025708,-0.022305903127820943,0.8289228115555157,0.8397554705584268,0.010832659002911036,0.8622208822690766,0.8860521664964004,0.023831284227323817
xgboost,120,secondary,median_midpoint,primary,6030f0fd,7,1,1,0.7736893902209979,0.7645209221894035,-0.009168468031594434,0.7468972846264721,0.728819412010326,-0.018077872616146,0.8427560689881775,0.8008712522342506,-0.0418848167539267,0.7046227114538184,0.7281705921445563,0.023547880690737828,0.788093280617338,0.7727583154455345,-0.015334965171803454,0.7638808636931355,0.7431108535614233,-0.020770010131712265
xgboost,120,secondary,median_midpoint,primary,7072a0e0,7,2,2,0.7477566271654945,0.7349695412193158,-0.012787085946178898,0.6738789028701297,0.6411026858491065,-0.03277621702102324,0.7990870824075691,0.8352786850095798,0.03619160260201063,0.6964261719234198,0.6346603974290514,-0.06176577449436842,0.7280740048556587,0.7212204532071965,-0.006853551648462337,0.7013067867480798,0.6599800386266342,-0.04132674812144553
xgboost,120,secondary,median_midpoint,primary,7092f07b,7,3,3,0.6812413219481367,0.6550077943887074,-0.026233527559429346,0.6416369160596125,0.6038175318478753,-0.03781938421173719,0.8282262230611241,0.8552716358208226,0.02704541275969848,0.5342564208351496,0.45474395295659237,-0.07951246787855713,0.7555026281338668,0.749839979612986,-0.0056626485208809895,0.6959219318892472,0.6750182268126509,-0.020903705076596477
xgboost,120,secondary,median_midpoint,primary,7150e10a,7,0,0,0.6900958180689345,0.6900958180689345,0.0,0.641776807293707,0.641776807293707,0.0,0.8770739186349296,0.8770739186349296,0.0,0.5031177175029394,0.5031177175029394,0.0,0.7657580117798789,0.7657580117798789,0.0,0.6916743896536994,0.6916743896536994,0.0
xgboost,120,secondary,median_midpoint,primary,71a251fa,7,2,2,0.8537974106555034,0.8417607024480505,-0.012036708207453062,0.8341619843812808,0.823641639227174,-0.010520345154106618,0.802000184218565,0.819315285827691,0.017315101609125923,0.9055946370924417,0.8642061190684097,-0.041388518024032046,0.8516159963278485,0.8465186285541401,-0.005097367773708283,0.8587431648895393,0.8488595502024312,-0.009883614687108142
xgboost,120,secondary,median_midpoint,primary,71c09041,6,2,2,0.8111328287410758,0.7517483567231751,-0.05938447201790081,0.7875564057676648,0.7573023220256698,-0.030254083741995137,0.8713432652350138,0.8946378132627042,0.02329454802769043,0.7509223922471383,0.6088589001836462,-0.1420634920634921,0.8158338356753337,0.8449191650404293,0.029085329365095707,0.8520923715508907,0.855587856163606,0.0034954846127151495
xgboost,120,secondary,median_midpoint,primary,71e10186,7,4,4,0.9427918289741308,0.9425519337732927,-0.00023989520083809803,0.9445956072591427,0.944344764475814,-0.0002508427833288117,0.9261719211474325,0.9266876509050396,0.0005157297576070212,0.9594117368008294,0.9584162166415461,-0.0009955201592832333,0.9498246152034514,0.9495138800217607,-0.00031073518169071653,0.9467315395198886,0.9464782467134043,-0.00025329280648429223
xgboost,120,secondary,median_midpoint,primary,71f0603f,7,4,4,0.7902873029995084,0.7906108960307581,0.00032359303124983107,0.7922505631793957,0.7839624795860706,-0.008288083593324986,0.7204031411516185,0.7812831135898101,0.06087997243819159,0.860171464847398,0.7999386784717062,-0.06023278637569196,0.8121829345095511,0.8029299057766759,-0.009253028732875273,0.8012245857481878,0.7888163938173914,-0.012408191930796453
xgboost,120,secondary,median_midpoint,primary,71f21142,7,0,0,0.7795242295636884,0.7795242295636884,0.0,0.7281854703534674,0.7281854703534674,0.0,0.8840655935066863,0.8840655935066863,0.0,0.6749828656206903,0.6749828656206903,0.0,0.7651142593099962,0.7651142593099962,0.0,0.7967025788708855,0.7967025788708855,0.0
xgboost,120,secondary,median_midpoint,primary,8030618f,7,1,1,0.7649990837712252,0.7649511408424876,-4.7942928737617786e-05,0.6732697594546317,0.6731617360161312,-0.00010802343850045495,0.8690589176816104,0.8737892866503898,0.0047303689687795735,0.6609392498608399,0.656112995034585,-0.004826254826254824,0.7291670681667257,0.7296030308795967,0.0004359627128709568,0.702451315293719,0.702451315293719,0.0
xgboost,120,secondary,median_midpoint,primary,8191f1d9,7,0,0,0.6673534252662494,0.6673534252662494,0.0,0.5570578819055589,0.5570578819055589,0.0,0.3890471023810602,0.3890471023810602,0.0,0.9456597481514387,0.9456597481514387,0.0,0.7218859213097473,0.7218859213097473,0.0,0.5942155288234826,0.5942155288234826,0.0
xgboost,120,secondary,median_midpoint,primary,81e150c1,7,2,2,0.7631357490821886,0.7602778739939294,-0.0028578750882592824,0.7154161045925036,0.7104092541073861,-0.005006850485117509,0.846381892449871,0.8555220719063522,0.009140179456481157,0.6798896057145063,0.6650336760815065,-0.014855929632999707,0.7271820307690973,0.7258228505391793,-0.0013591802299180048,0.7678663848854991,0.762609736771708,-0.005256648113790975
xgboost,120,secondary,median_midpoint,primary,81f1f0fe,7,2,2,0.6846361672867267,0.6967028260112852,0.012066658724558523,0.6522985600076365,0.6644511157650071,0.012152555757370589,0.7069189744651079,0.687835004999459,-0.019083969465648862,0.6623533601083454,0.7055706470231113,0.04321728691476591,0.7045627429981762,0.7115287488315574,0.0069660058333812025,0.686212754842542,0.6967841834139705,0.010571428571428565
xgboost,120,secondary,median_midpoint,primary,a02151ac,7,0,0,0.722054901082019,0.722054901082019,0.0,0.700571080930214,0.700571080930214,0.0,0.6385548644391824,0.6385548644391824,0.0,0.8055549377248555,0.8055549377248555,0.0,0.7490163559791629,0.7490163559791629,0.0,0.7461877251559431,0.7461877251559431,0.0
xgboost,120,secondary,median_midpoint,primary,a1721173,7,2,2,0.7616910551889821,0.7570121403538173,-0.004678914835164837,0.7649569627775261,0.7593505846772944,-0.005606378100231822,0.7295678102374492,0.7284517388088778,-0.0011160714285714285,0.7938143001405148,0.7855725418987566,-0.008241758241758244,0.81157605602315,0.806338074385619,-0.00523798163753088,0.8128682014081176,0.8072033543589878,-0.005664847049129665
xgboost,120,secondary,median_midpoint,primary,a1b210fc,7,1,1,0.7782748753713967,0.7634806420817506,-0.01479423328964613,0.7670170230960379,0.7503325098680085,-0.01668451322802941,0.8243029015925066,0.7895715778703573,-0.03473132372214942,0.7322468491502868,0.7373897062931439,0.005142857142857148,0.7868383504065318,0.7787971115120603,-0.008041238894471487,0.7960129205717827,0.7825819071407694,-0.01343101343101343
xgboost,120,secondary,median_midpoint,primary,b0700166,7,1,1,0.6727165949169857,0.6742833460193405,0.0015667511023548083,0.5967777035956552,0.5999987435966314,0.0032210400009761164,0.7621133335260589,0.7603817317944573,-0.0017316017316017268,0.5833198563079126,0.588184960244224,0.004865103936311367,0.7199476960562509,0.7191718471292791,-0.0007758489269719274,0.631418477223863,0.6340531376454086,0.0026346604215456665
xgboost,120,secondary,median_midpoint,primary,b112005d,7,2,2,0.7165618294593966,0.7054809743842886,-0.011080855075107952,0.6820449825514695,0.6732582975455897,-0.00878668500587971,0.7489952968388707,0.781392669581071,0.03239737274220032,0.6841283620799226,0.6295692791875063,-0.05455908289241622,0.7291909760991204,0.7324672918282565,0.0032763157291361305,0.7221005519081282,0.7257267296519527,0.0036261777438247877
xgboost,120,secondary,median_midpoint,primary,b1c2f044,7,4,3,0.8125658847517111,0.8112042954753701,-0.0013615892763409704,0.7922616473316477,0.8047403022748136,0.012478654943165786,0.9020413879729842,0.9318573388932296,0.02981595092024541,0.7230903815304378,0.6905512520575104,-0.03253912947292738,0.8313582760727778,0.8430291570025638,0.011670880929786156,0.8327371689555465,0.8473803723003369,0.014643203344790348
xgboost,120,secondary,median_midpoint,primary,c060c06a,7,1,1,0.7365483527830905,0.7453003151064814,0.008751962323390896,0.6847244502941198,0.698033065602006,0.013308615307886074,0.5639974538836668,0.5947666846528976,0.03076923076923077,0.909099251682514,0.8958339455600652,-0.01326530612244898,0.7562575678215021,0.7574497604330469,0.0011921926115448114,0.7789967421774036,0.7913634799172756,0.012366737739872069
xgboost,120,secondary,median_midpoint,primary,c112918e,7,5,5,0.6429823831531556,0.6635822663998744,0.02059988324671878,0.565564428540675,0.618291839223968,0.05272741068329312,0.4126365763540102,0.6718710020620818,0.2592344257080717,0.8733281899523009,0.6552935307376667,-0.21803465921463422,0.7371416970481741,0.7612836207258595,0.024141923677685275,0.6257710720701686,0.6887492042496255,0.062978132179457
xgboost,120,secondary,median_midpoint,primary,c1a150b1,7,0,0,0.6597795655385734,0.6597795655385734,0.0,0.6312317235973152,0.6312317235973152,0.0,0.7019731251587193,0.7019731251587193,0.0,0.6175860059184275,0.6175860059184275,0.0,0.7082509455187148,0.7082509455187148,0.0,0.7364156655959792,0.7364156655959792,0.0
xgboost,120,secondary,median_midpoint,primary,d0724095,7,3,3,0.7547235055851594,0.7595638881011985,0.004840382516039037,0.7284764846684235,0.7370273751175683,0.008550890449144746,0.7148026704791726,0.7326562596760454,0.017853589196872775,0.7946443406911465,0.7864715165263518,-0.008172824164794732,0.7803922698379192,0.7834895441422732,0.003097274304354073,0.7563831238645464,0.7661328667178078,0.009749742853261387
xgboost,120,secondary,median_midpoint,primary,d0e2d025,7,2,2,0.7690968286344569,0.7696516047838086,0.0005547761493517164,0.7527715053377694,0.7536962020360907,0.0009246966983213241,0.8159386989515083,0.8206862172941928,0.004747518342684498,0.7222549583174054,0.7186169922734242,-0.003637966043981065,0.8037252621412956,0.8039834684464741,0.0002582063051782863,0.7917834523154165,0.7927382709230767,0.0009548186076602239
xgboost,120,secondary,median_midpoint,primary,d111e017,7,4,4,0.8775659722475068,0.8774703745971537,-9.559765035298857e-05,0.8745335357631647,0.8744114451344741,-0.00012209062869055525,0.8278751778421534,0.8276839825414475,-0.00019119530070597714,0.9272567666528602,0.9272567666528602,0.0,0.8892217285126469,0.8890771334915374,-0.00014459502110957572,0.8770977727514123,0.8769708340236909,-0.0001269387277214992
xgboost,120,secondary,median_midpoint,primary,d142d110,7,1,1,0.7757779436871964,0.7843323973636014,0.008554453676404903,0.7546341222569731,0.762551679538441,0.007917557281467877,0.7602992804200047,0.7896033097240341,0.029304029304029304,0.7912566069543879,0.7790614850031685,-0.012195121951219523,0.7768527437317779,0.7753114410490654,-0.001541302682712496,0.7901946234200281,0.7913752609643021,0.0011806375442739198
xgboost,120,secondary,median_midpoint,primary,d151b0c4,7,1,1,0.7677434506983456,0.763262158679692,-0.004481292018653564,0.7613551167584968,0.7598251987174793,-0.0015299180410172561,0.7536544083803465,0.8047423932431658,0.05108798486281929,0.7818324930163448,0.7217819241162184,-0.06005056890012642,0.7864664753305048,0.7890776684280804,0.0026111930975755626,0.785382662588118,0.788899978605434,0.0035173160173160222
xgboost,120,secondary,median_midpoint,primary,d18000a3,7,0,0,0.8249795270810203,0.8249795270810203,0.0,0.8000580393148468,0.8000580393148468,0.0,0.7816932371655742,0.7816932371655742,0.0,0.8682658169964661,0.8682658169964661,0.0,0.818499521142403,0.818499521142403,0.0,0.8225794302223424,0.8225794302223424,0.0
xgboost,120,secondary,median_midpoint,primary,e0c0408a,5,2,2,0.73446146749673,0.7479096333659487,0.013448165869218487,0.7114111764926573,0.7151579510469068,0.00374677455424961,0.7083820889432884,0.6973996328029375,-0.010982456140350894,0.7605408460501717,0.7984196339289596,0.037878787878787866,0.774300482050912,0.7718759132996771,-0.002424568751234735,0.7649519946157126,0.7639246738385223,-0.001027320777190499
xgboost,120,secondary,median_midpoint,primary,f0f2a1e1,7,1,1,0.812557138682826,0.8112870951621165,-0.0012700435207095692,0.782177525619675,0.7802819188917128,-0.001895606727962264,0.8202503147908009,0.8217230688408745,0.0014727540500736325,0.8048639625748512,0.8008511214833584,-0.0040128410914927705,0.7776995377645101,0.776527171919686,-0.0011723658448242272,0.8234577773728043,0.8213798552948821,-0.0020779220779220753
xgboost,120,secondary,median_midpoint,primary,f121f1e0,7,4,4,0.7013657933471393,0.7221666102247418,0.02080081687760249,0.6568686036854329,0.68415935054571,0.027290746860277167,0.900804030246733,0.8936180572659913,-0.007185972980741592,0.5019275564475458,0.5507151631834923,0.04878760673594658,0.7459589865087966,0.7451933972737762,-0.0007655892350203951,0.6856413716599947,0.702336310533454,0.016694938873459315
xgboost,120,secondary,median_midpoint,primary,f1a0c120,7,7,6,0.7210629805278893,0.744162397810257,0.023099417282367658,0.7250297553216452,0.7448679819857026,0.019838226664057435,0.6209898430237509,0.6393555316738463,0.01836568865009532,0.8211361180320278,0.8489692639466677,0.02783314591463996,0.8116997737225847,0.7924114372220428,-0.01928833650054215,0.8297378266085301,0.8263812797737226,-0.003356546834807715
xgboost,120,secondary,median_midpoint,primary,f1d06060,7,3,3,0.7311157967560467,0.7547976223606544,0.023681825604607805,0.6855945650287324,0.7251968594170339,0.039602294388301394,0.6619439272943627,0.8090647074934864,0.14712078019912364,0.8002876662177305,0.7005305372278224,-0.09975712898990803,0.7704540072802109,0.7735398604358602,0.0030858531556494173,0.7141006451897842,0.7515975515624491,0.03749690637266491
xgboost,300,primary,empirical_balanced_accuracy,sensitivity,0001508a,7,3,3,0.7046558178490308,0.6761536219234138,-0.0285021959256169,0.6676881628733599,0.6700160057323133,0.002327842858953433,0.6148968417405045,0.7424719121727177,0.1275750704322133,0.7944147939575571,0.60983533167411,-0.1845794622834471,0.7707558132260771,0.7610405593792644,-0.009715253846812568,0.7426626717393908,0.7695363730479102,0.02687370130851942
xgboost,300,primary,empirical_balanced_accuracy,sensitivity,0012905a,7,5,5,0.7453172343883209,0.7019289722638881,-0.04338826212443266,0.7468908959821212,0.6957004669556012,-0.05119042902652014,0.8677790841520271,0.8204109319861833,-0.047368152165843835,0.6228553846246143,0.5834470125415928,-0.03940837208302154,0.7772975320105442,0.7840058316449806,0.006708299634436342,0.7656096561554373,0.7345081129027176,-0.031101543252719615
xgboost,300,primary,empirical_balanced_accuracy,sensitivity,0110f12e,7,6,6,0.8128894945924349,0.7969246340216426,-0.01596486057079221,0.8109348657119042,0.7845252645918734,-0.026409601120030705,0.810650273781868,0.8466896605403219,0.03603938675845381,0.8151287154030016,0.7471596075029634,-0.06796910790003817,0.8158616464175691,0.8080228668259799,-0.007838779591589089,0.8157300659003958,0.7879476804706372,-0.02778238542975856
xgboost,300,primary,empirical_balanced_accuracy,sensitivity,0182e16c,7,2,2,0.6728949134520855,0.723096888344496,0.050201974892410677,0.6086797178727151,0.671801524344327,0.06312180647161189,0.6496739956381027,0.7576132367671845,0.10793924112908186,0.6961158312660682,0.6885805399218078,-0.007535291344260476,0.7597329888852438,0.7741533225354987,0.014420333650255048,0.684402792785986,0.7244818343625644,0.04007904157657817
xgboost,300,primary,empirical_balanced_accuracy,sensitivity,01c2a0d8,7,6,6,0.7682474847888587,0.7335156389082519,-0.03473184588060696,0.7404939380374645,0.6972486262657152,-0.043245311771749284,0.6949873232015332,0.8627748372771478,0.1677875140756144,0.8415076463761844,0.6042564405393559,-0.23725120583682832,0.7751923007612623,0.7721476534972282,-0.003044647264033989,0.7842518788099835,0.7357903366841959,-0.048461542125787536
xgboost,300,primary,empirical_balanced_accuracy,sensitivity,1081b177,7,6,6,0.795736132959889,0.8057395401180535,0.010003407158164437,0.7793816671221856,0.7953912571708811,0.01600959004869546,0.636995747052232,0.7593406655623909,0.12234491851015881,0.9544765188675459,0.8521384146737161,-0.10233810419382994,0.8191493566891835,0.8117360391163965,-0.007413317572786927,0.8087536287810224,0.8180614806777332,0.00930785189671081
xgboost,300,primary,empirical_balanced_accuracy,sensitivity,20201194,7,5,5,0.7123193172264246,0.7449413187475535,0.03262200152112885,0.698533805384951,0.7268101896636302,0.02827638427867916,0.6731236448887045,0.8374594766372677,0.1643358317485632,0.7515149895641448,0.6524231608578394,-0.09909182870630551,0.7657726166955557,0.7561225785614608,-0.00965003813409496,0.7484578625802335,0.7598018713476273,0.011344008767393832
xgboost,300,primary,empirical_balanced_accuracy,sensitivity,2162c09e,7,6,6,0.7899206511153987,0.7885077124488186,-0.0014129386665800356,0.7783822245016043,0.7392868252793974,-0.03909539922220714,0.6543452765206208,0.8225163336362966,0.16817105711567581,0.9254960257101766,0.7544990912613406,-0.17099693444883593,0.8104282550840379,0.7958882635186973,-0.014539991565340598,0.8235400285929704,0.7679179484571887,-0.05562208013578164
xgboost,300,primary,empirical_balanced_accuracy,sensitivity,2182c1cd,7,7,7,0.7281784469735745,0.7884162623445847,0.06023781537101025,0.7122913678104998,0.7915839383124615,0.0792925705019619,0.5306232141702475,0.7660468792316689,0.23542366506142137,0.9257336797769014,0.8107856454575005,-0.11494803431940083,0.767523124912568,0.7997497117021961,0.03222658678962823,0.7335400947356201,0.8093060978816791,0.0757660031460589
xgboost,300,primary,empirical_balanced_accuracy,sensitivity,219060fa,7,2,2,0.7858841054906336,0.8201649299782149,0.03428082448758133,0.7197025316300064,0.751069384669119,0.031366853039112526,0.8139863254535575,0.8441726242886641,0.030186298835106595,0.7577818855277095,0.7961572356677656,0.03837535014005603,0.7573838727766677,0.7534417731471132,-0.003942099629554464,0.8174110305920582,0.8313258603492517,0.013914829757193476
xgboost,300,primary,empirical_balanced_accuracy,sensitivity,21a031f6,7,1,1,0.7784794985887569,0.7661404918398123,-0.01233900674894463,0.7453220956686801,0.7306728846978823,-0.014649210970797901,0.728885179681993,0.7466314086083461,0.017746228926353153,0.8280738174955208,0.7856495750712783,-0.04242424242424243,0.7703314207734169,0.7662014712218067,-0.004129949551610231,0.7597122663100346,0.7470041155650741,-0.012708150744960551
xgboost,300,primary,empirical_balanced_accuracy,sensitivity,30908049,7,2,2,0.7199096764466699,0.7344579563737946,0.01454827992712466,0.6600737308717918,0.6624796496355991,0.0024059187638074053,0.7894560773762789,0.8401473216159102,0.05069124423963134,0.6503632755170612,0.6287685911316793,-0.021594684385382052,0.7249807642650214,0.7112426644763167,-0.013738099788704914,0.7256572357633645,0.7169164545560441,-0.008740781207320405
xgboost,300,primary,empirical_balanced_accuracy,sensitivity,30c140ca,7,5,5,0.6897495805404633,0.6945402607244502,0.004790680183986944,0.6742415914799958,0.6837127024041152,0.009471110924119381,0.6843320660764086,0.642613116096061,-0.04171894998034759,0.6951670950045179,0.7464674053528394,0.05130031034832141,0.7183778874053006,0.7152442011269595,-0.0031336862783410174,0.689284499115895,0.7166690194671043,0.027384520351209505
xgboost,300,primary,empirical_balanced_accuracy,sensitivity,3110e0c7,7,0,0,0.6251537715638013,0.6251537715638013,0.0,0.5695290334300929,0.5695290334300929,0.0,0.6341695513902961,0.6341695513902961,0.0,0.6161379917373063,0.6161379917373063,0.0,0.6240402605687274,0.6240402605687274,0.0,0.5995773777981082,0.5995773777981082,0.0
xgboost,300,primary,empirical_balanced_accuracy,sensitivity,40009139,7,4,4,0.806802443797965,0.7989782139416104,-0.007824229856354527,0.7985056143838448,0.7937027654170066,-0.004802848966838358,0.8163463286049163,0.9405972735472956,0.12425094494237943,0.7972585589910137,0.6573591543359252,-0.13989940465508846,0.8261446001193866,0.8279442181596269,0.0017996180402403614,0.8075906940389992,0.8051464520496363,-0.0024442419893630257
xgboost,300,primary,empirical_balanced_accuracy,sensitivity,40f0714a,7,3,3,0.7684019483685656,0.7926147103964535,0.024212762027888086,0.6770561858591114,0.7029021595739592,0.02584597371484774,0.8885339827109143,0.88413837831531,-0.004395604395604396,0.6482699140262166,0.7010910424775972,0.05282112845138055,0.7679894533853767,0.7709115620919645,0.0029221087065876956,0.7657648885195325,0.7818518450412716,0.016086956521739144
xgboost,300,primary,empirical_balanced_accuracy,sensitivity,41e2010c,7,4,4,0.7516664965548596,0.7614062521474233,0.009739755592563635,0.7180014359429718,0.7098340318285326,-0.008167404114439407,0.8155154502186467,0.8422702783433378,0.02675482812469113,0.6878175428910728,0.680542225951509,-0.007275316939563784,0.7991704230950091,0.7746957791396539,-0.02447464395535524,0.7455480543286874,0.7257396087067249,-0.01980844562196252
xgboost,300,primary,empirical_balanced_accuracy,sensitivity,5001d09a,7,6,6,0.8001856568696014,0.7974620200046384,-0.0027236368649628923,0.7794507513723214,0.7702999154167999,-0.009150835955521543,0.8894456637589309,0.762827649005323,-0.12661801475360798,0.7109256499802719,0.8320963910039539,0.1211707410236822,0.8047765343568589,0.7947678356332878,-0.010008698723571161,0.8092698733779391,0.8016645060149686,-0.007605367362970334
xgboost,300,primary,empirical_balanced_accuracy,sensitivity,50c02189,7,5,5,0.634632138639461,0.6899882488211536,0.05535611018169252,0.55833884078102,0.633706930056433,0.07536808927541293,0.5856240835155042,0.8289590650878937,0.24333498157238953,0.6836401937634179,0.5510174325544134,-0.13262276120900449,0.6967283931970398,0.7027352415040753,0.006006848307035525,0.6274291905900632,0.6629590901062787,0.03552989951621559
xgboost,300,primary,empirical_balanced_accuracy,sensitivity,517001af,7,4,4,0.8075038905996903,0.797530620579448,-0.009973270020242366,0.8016022328106561,0.7727239891044794,-0.028878243706176785,0.7395639547689888,0.850488324516888,0.11092436974789914,0.8754438264303916,0.7445729166420078,-0.1308709097883839,0.8289228115555157,0.8155204003522963,-0.013402411203219515,0.8622208822690766,0.8421529937931563,-0.020067888475920257
xgboost,300,primary,empirical_balanced_accuracy,sensitivity,6030f0fd,7,4,4,0.7736893902209979,0.7704080929446084,-0.003281297276389467,0.7468972846264721,0.7527577743134327,0.005860489686960592,0.8427560689881775,0.7906566510103762,-0.05209941797780114,0.7046227114538184,0.7501595348788406,0.045536823425022174,0.788093280617338,0.8036362766887011,0.015542996071363049,0.7638808636931355,0.7721572932708821,0.008276429577746705
xgboost,300,primary,empirical_balanced_accuracy,sensitivity,7072a0e0,7,5,5,0.7477566271654945,0.7130878279358349,-0.034668799229659694,0.6738789028701297,0.5996608778565488,-0.07421802501358087,0.7990870824075691,0.8204318756512651,0.021344793243695776,0.6964261719234198,0.6057437802204048,-0.09068239170301516,0.7280740048556587,0.7140017640673461,-0.014072240788312707,0.7013067867480798,0.6162248138950828,-0.08508197285299708
xgboost,300,primary,empirical_balanced_accuracy,sensitivity,7092f07b,7,4,4,0.6812413219481367,0.6513191493959638,-0.029922172552173,0.6416369160596125,0.5966454943120834,-0.044991421747529174,0.8282262230611241,0.8697398621357387,0.0415136390746147,0.5342564208351496,0.43289843665618893,-0.10135798417896066,0.7555026281338668,0.769351550345732,0.013848922211865178,0.6959219318892472,0.6755785664898293,-0.020343365399417928
xgboost,300,primary,empirical_balanced_accuracy,sensitivity,7150e10a,7,1,1,0.6900958180689345,0.6847115366968113,-0.005384281372123323,0.641776807293707,0.6379732265706293,-0.0038035807230777374,0.8770739186349296,0.848502490063501,-0.02857142857142858,0.5031177175029394,0.5209205833301213,0.017802865827181935,0.7657580117798789,0.7678407084749589,0.0020826966950798615,0.6916743896536994,0.6911491795696659,-0.0005252100840336116
xgboost,300,primary,empirical_balanced_accuracy,sensitivity,71a251fa,7,3,3,0.8537974106555034,0.7833801926584306,-0.07041721799707297,0.8341619843812808,0.7678385946238775,-0.06632338975740322,0.802000184218565,0.8244221831609236,0.02242199894235854,0.9055946370924417,0.7423382021559373,-0.16325643493650446,0.8516159963278485,0.8330250128128652,-0.01859098351498321,0.8587431648895393,0.8111146652959741,-0.04762849959356509
xgboost,300,primary,empirical_balanced_accuracy,sensitivity,71c09041,6,4,4,0.8111328287410758,0.7143245344255881,-0.09680829431548782,0.7875564057676648,0.6940252261263969,-0.09353117964126823,0.8713432652350138,0.9068411294027013,0.035497864167687666,0.7509223922471383,0.5218079394484749,-0.2291144527986633,0.8158338356753337,0.8202929417774718,0.004459106102138122,0.8520923715508907,0.7999363736710641,-0.052155997879826665
xgboost,300,primary,empirical_balanced_accuracy,sensitivity,71e10186,7,6,6,0.9427918289741308,0.9427918289741308,0.0,0.9445956072591427,0.9445956072591427,0.0,0.9261719211474325,0.9261719211474325,0.0,0.9594117368008294,0.9594117368008294,0.0,0.9498246152034514,0.9498246152034514,0.0,0.9467315395198886,0.9467315395198886,0.0
xgboost,300,primary,empirical_balanced_accuracy,sensitivity,71f0603f,7,6,6,0.7902873029995084,0.7680602894057559,-0.02222701359375239,0.7922505631793957,0.7536334644433454,-0.03861709873605025,0.7204031411516185,0.709046680681313,-0.011356460470305347,0.860171464847398,0.8270738981301985,-0.03309756671719947,0.8121829345095511,0.7991748103398917,-0.013008124169659416,0.8012245857481878,0.7709585427164013,-0.030266043031786278
xgboost,300,primary,empirical_balanced_accuracy,sensitivity,71f21142,7,2,2,0.7795242295636884,0.7734172413138429,-0.006106988249845394,0.7281854703534674,0.7228803689783074,-0.005305101375160001,0.8840655935066863,0.884606719047812,0.0005411255411255407,0.6749828656206903,0.662227763579874,-0.012755102040816329,0.7651142593099962,0.7636445395145305,-0.001469719795465761,0.7967025788708855,0.7932831259833476,-0.003419452887537993
xgboost,300,primary,empirical_balanced_accuracy,sensitivity,8030618f,7,4,4,0.7649990837712252,0.7662366999991124,0.0012376162278872696,0.6732697594546317,0.6749371197500231,0.0016673602953913688,0.8690589176816104,0.8518591316538557,-0.01719978602775461,0.6609392498608399,0.680614268344369,0.01967501848352912,0.7291670681667257,0.7290834286000393,-8.363956668625392e-05,0.702451315293719,0.7035488558092317,0.0010975405155125534
xgboost,300,primary,empirical_balanced_accuracy,sensitivity,8191f1d9,7,3,3,0.6673534252662494,0.6868720778638545,0.01951865259760518,0.5570578819055589,0.5861445800946,0.029086698189041107,0.3890471023810602,0.43823347572429655,0.04918637334323634,0.9456597481514387,0.9355106800034128,-0.010149068148025948,0.7218859213097473,0.7151349940578501,-0.006750927251897346,0.5942155288234826,0.6126138103655506,0.018398281542068146
xgboost,300,primary,empirical_balanced_accuracy,sensitivity,81e150c1,7,4,4,0.7631357490821886,0.7563482311683511,-0.0067875179138375185,0.7154161045925036,0.6946780976051598,-0.020738006987343866,0.846381892449871,0.9002495140557543,0.053867621605883244,0.6798896057145063,0.612446948280948,-0.06744265743355826,0.7271820307690973,0.7208795055254736,-0.0063025252436236245,0.7678663848854991,0.7425854073596234,-0.0252809775258755
xgboost,300,primary,empirical_balanced_accuracy,sensitivity,81f1f0fe,7,3,3,0.6846361672867267,0.6893787695174105,0.0047426022306838855,0.6522985600076365,0.6575589799840204,0.005260419976383855,0.7069189744651079,0.6875663279966301,-0.019352646468477865,0.6623533601083454,0.691191211038191,0.028837850929845636,0.7045627429981762,0.7058697781907116,0.0013070351925353885,0.686212754842542,0.6906514745927372,0.004438719750195164
xgboost,300,primary,empirical_balanced_accuracy,sensitivity,a02151ac,7,5,5,0.722054901082019,0.7236917129484032,0.001636811866384266,0.700571080930214,0.7204491807194967,0.019878099789282535,0.6385548644391824,0.7402028098107188,0.10164794537153643,0.8055549377248555,0.7071806160860875,-0.09837432163876787,0.7490163559791629,0.731664077108585,-0.017352278870577886,0.7461877251559431,0.7470950683061405,0.0009073431501974546
xgboost,300,primary,empirical_balanced_accuracy,sensitivity,a1721173,7,0,0,0.7616910551889821,0.7616910551889821,0.0,0.7649569627775261,0.7649569627775261,0.0,0.7295678102374492,0.7295678102374492,0.0,0.7938143001405148,0.7938143001405148,0.0,0.81157605602315,0.81157605602315,0.0,0.8128682014081176,0.8128682014081176,0.0
xgboost,300,primary,empirical_balanced_accuracy,sensitivity,a1b210fc,7,4,4,0.7782748753713967,0.7305514189990673,-0.047723456372329505,0.7670170230960379,0.6788142431885978,-0.0882027799074401,0.8243029015925066,0.6162667071910813,-0.20803619440142532,0.7322468491502868,0.8448361308070532,0.11258928165676632,0.7868383504065318,0.7658042779549159,-0.021034072451615957,0.7960129205717827,0.7132704722923628,-0.08274244827942011
xgboost,300,primary,empirical_balanced_accuracy,sensitivity,b0700166,7,4,4,0.6727165949169857,0.681635857034618,0.008919262117632307,0.5967777035956552,0.6286653511411221,0.03188764754546688,0.7621133335260589,0.7348411983213959,-0.027272135204663123,0.5833198563079126,0.6284305157478404,0.04511065943992774,0.7199476960562509,0.7211512297113701,0.0012035336551192552,0.631418477223863,0.6659767097661672,0.03455823254230422
xgboost,300,primary,empirical_balanced_accuracy,sensitivity,b112005d,7,3,3,0.7165618294593966,0.6948641682748716,-0.021697661184524892,0.6820449825514695,0.6569788845414113,-0.025066098010058165,0.7489952968388707,0.7957675229707027,0.04677222613183204,0.6841283620799226,0.5939608135790407,-0.09016754850088184,0.7291909760991204,0.7474098975114166,0.018218921412296245,0.7221005519081282,0.7243465412129407,0.0022459893048128216
xgboost,300,primary,empirical_balanced_accuracy,sensitivity,b1c2f044,7,5,5,0.8125658847517111,0.7460239146292654,-0.0665419701224457,0.7922616473316477,0.7464032370589199,-0.04585841027272789,0.9020413879729842,0.9389734944467448,0.03693210647376054,0.7230903815304378,0.553074334811786,-0.17001604671865195,0.8313582760727778,0.8494321666527945,0.01807389058001666,0.8327371689555465,0.8263033520734216,-0.006433816882125029
xgboost,300,primary,empirical_balanced_accuracy,sensitivity,c060c06a,7,2,2,0.7365483527830905,0.7424357165545512,0.005887363771460786,0.6847244502941198,0.6966641473444662,0.011939697050346334,0.5639974538836668,0.6487217386079516,0.08472428472428471,0.909099251682514,0.8361496945011508,-0.07294955718136312,0.7562575678215021,0.7503639008397691,-0.00589366698173304,0.7789967421774036,0.7897603842843294,0.010763642106925677
xgboost,300,primary,empirical_balanced_accuracy,sensitivity,c112918e,7,6,6,0.6429823831531556,0.6419697245245982,-0.001012658628557293,0.565564428540675,0.6107649454132998,0.045200516872624864,0.4126365763540102,0.7261915652863343,0.3135549889323241,0.8733281899523009,0.5577478837628623,-0.3155803061894387,0.7371416970481741,0.769328119894879,0.03218642284670487,0.6257710720701686,0.6881125374275225,0.06234146535735412
xgboost,300,primary,empirical_balanced_accuracy,sensitivity,c1a150b1,7,1,1,0.6597795655385734,0.6386875862415266,-0.02109197929704679,0.6312317235973152,0.6040672746770565,-0.02716444892025876,0.7019731251587193,0.7068274940907582,0.004854368932038833,0.6175860059184275,0.5705476783922951,-0.0470383275261324,0.7082509455187148,0.7134152982490605,0.005164352730345482,0.7364156655959792,0.7264950306753443,-0.009920634920634932
xgboost,300,primary,empirical_balanced_accuracy,sensitivity,d0724095,7,4,4,0.7547235055851594,0.7554583762659854,0.0007348706808259577,0.7284764846684235,0.7402720605907663,0.0117955759223428,0.7148026704791726,0.7889251544366919,0.0741224839575193,0.7946443406911465,0.721991598095279,-0.07265274259586739,0.7803922698379192,0.787353497039376,0.006961227201456659,0.7563831238645464,0.774174201710186,0.01779107784563965
xgboost,300,primary,empirical_balanced_accuracy,sensitivity,d0e2d025,7,4,4,0.7690968286344569,0.7495469304493574,-0.019549898185099317,0.7527715053377694,0.7469923179146633,-0.005779187423106077,0.8159386989515083,0.7747141163399821,-0.041224582611526235,0.7222549583174054,0.724379744558733,0.0021247862413276064,0.8037252621412956,0.8244823144049571,0.02075705226366144,0.7917834523154165,0.7982280043435297,0.006444552028113194
xgboost,300,primary,empirical_balanced_accuracy,sensitivity,d111e017,7,6,6,0.8775659722475068,0.8775659722475068,0.0,0.8745335357631647,0.8745335357631647,0.0,0.8278751778421534,0.8278751778421534,0.0,0.9272567666528602,0.9272567666528602,0.0,0.8892217285126469,0.8892217285126469,0.0,0.8770977727514123,0.8770977727514123,0.0
xgboost,300,primary,empirical_balanced_accuracy,sensitivity,d142d110,7,5,5,0.7757779436871964,0.778106559767966,0.002328616080769571,0.7546341222569731,0.7574417130651785,0.0028075908082051244,0.7602992804200047,0.7631393310467757,0.0028400506267709435,0.7912566069543879,0.7930737884891562,0.001817181534768191,0.7768527437317779,0.7736610381613571,-0.003191705570421033,0.7901946234200281,0.7853441708423029,-0.0048504525777253015
xgboost,300,primary,empirical_balanced_accuracy,sensitivity,d151b0c4,7,4,4,0.7677434506983456,0.7594139864990611,-0.008329464199284662,0.7613551167584968,0.7509509321085641,-0.01040418464993252,0.7536544083803465,0.8303131333275654,0.07665872494721906,0.7818324930163448,0.6885148396705565,-0.09331765334578836,0.7864664753305048,0.7894757878389865,0.003009312508481719,0.785382662588118,0.7850052470741554,-0.0003774155139625947
xgboost,300,primary,empirical_balanced_accuracy,sensitivity,d18000a3,7,2,2,0.8249795270810203,0.7888061082971642,-0.03617341878385597,0.8000580393148468,0.7575783187329206,-0.042479720581926284,0.7816932371655742,0.6815531811431652,-0.10014005602240895,0.8682658169964661,0.8960590354511633,0.02779321845469705,0.818499521142403,0.8118350170470335,-0.006664504095369387,0.8225794302223424,0.7937600933769752,-0.02881933684536721
xgboost,300,primary,empirical_balanced_accuracy,sensitivity,e0c0408a,5,4,4,0.73446146749673,0.7416056591680305,0.007144191671300315,0.7114111764926573,0.6874021716096443,-0.024009004883012875,0.7083820889432884,0.6399371128667335,-0.06844497607655503,0.7605408460501717,0.8432742054693275,0.08273335941915567,0.774300482050912,0.7294029603958612,-0.044897521655050746,0.7649519946157126,0.7167760415283306,-0.048175953087382095
xgboost,300,primary,empirical_balanced_accuracy,sensitivity,f0f2a1e1,7,2,2,0.812557138682826,0.812557138682826,0.0,0.782177525619675,0.782177525619675,0.0,0.8202503147908009,0.8202503147908009,0.0,0.8048639625748512,0.8048639625748512,0.0,0.7776995377645101,0.7776995377645101,0.0,0.8234577773728043,0.8234577773728043,0.0
xgboost,300,primary,empirical_balanced_accuracy,sensitivity,f121f1e0,7,5,5,0.7013657933471393,0.7343082388283203,0.03294244548118086,0.6568686036854329,0.6961153513809837,0.0392467476955507,0.900804030246733,0.8232763404245869,-0.07752768982214621,0.5019275564475458,0.6453401372320536,0.14341258078450794,0.7459589865087966,0.7410735320553038,-0.004885454453492676,0.6856413716599947,0.7095485264367721,0.023907154776777326
xgboost,300,primary,empirical_balanced_accuracy,sensitivity,f1a0c120,7,7,7,0.7210629805278893,0.7501462073003157,0.02908322677242638,0.7250297553216452,0.7285015844816431,0.003471829159998076,0.6209898430237509,0.6374331039333124,0.016443260909561584,0.8211361180320278,0.8628593106673189,0.041723192635291124,0.8116997737225847,0.7830839365851665,-0.02861583713741827,0.8297378266085301,0.7965404588283419,-0.03319736778018826
xgboost,300,primary,empirical_balanced_accuracy,sensitivity,f1d06060,7,4,4,0.7311157967560467,0.7826957583677885,0.05157996161174209,0.6855945650287324,0.753883581296214,0.06828901626748142,0.6619439272943627,0.8573201223384068,0.19537619504404422,0.8002876662177305,0.7080713943971705,-0.09221627182056003,0.7704540072802109,0.7787549152087465,0.008300907928535836,0.7141006451897842,0.7715429190667676,0.057442273876983384
xgboost,300,primary,median_midpoint,primary,0001508a,7,3,3,0.7046558178490308,0.6958789823562118,-0.008776835492819,0.6676881628733599,0.6900313768603287,0.022343213986968997,0.6148968417405045,0.677569396142382,0.0626725544018777,0.7944147939575571,0.7141885685700414,-0.0802262253875157,0.7707558132260771,0.774049287449141,0.003293474223063935,0.7426626717393908,0.7901479946356726,0.04748532289628181
xgboost,300,primary,median_midpoint,primary,0012905a,7,5,5,0.7453172343883209,0.7239987745954224,-0.021318459792898387,0.7468908959821212,0.7201207005146885,-0.026770195467432915,0.8677790841520271,0.8625469073528691,-0.00523217679915828,0.6228553846246143,0.5854506418379758,-0.037404742786638565,0.7772975320105442,0.7750443540474398,-0.0022531779631045357,0.7656096561554373,0.7474569804227927,-0.018152675732644546
xgboost,300,primary,median_midpoint,primary,0110f12e,7,6,6,0.8128894945924349,0.8171480430986673,0.004258548506232355,0.8109348657119042,0.8136919331823763,0.0027570674704721237,0.810650273781868,0.8405389614292386,0.029888687647370467,0.8151287154030016,0.7937571247680958,-0.021371590634905742,0.8158616464175691,0.8221862522394406,0.006324605821871887,0.8157300659003958,0.8190049593727461,0.003274893472350263
xgboost,300,primary,median_midpoint,primary,0182e16c,7,2,2,0.6728949134520855,0.7070954124205062,0.03420049896842078,0.6086797178727151,0.6595759493488266,0.05089623147611167,0.6496739956381027,0.6976046272105767,0.047930631572474014,0.6961158312660682,0.7165861976304359,0.020470366364367536,0.7597329888852438,0.7667503109204582,0.007017322035214578,0.684402792785986,0.7177397549766683,0.033336962190682114
xgboost,300,primary,median_midpoint,primary,01c2a0d8,7,6,5,0.7682474847888587,0.7675719240075833,-0.0006755607812754448,0.7404939380374645,0.7363453523743199,-0.004148585663144673,0.6949873232015332,0.7906213419613524,0.09563401875981914,0.8415076463761844,0.7445225060538142,-0.09698514032237003,0.7751923007612623,0.7767804632251174,0.0015881624638551806,0.7842518788099835,0.765310518671942,-0.018941360138041517
xgboost,300,primary,median_midpoint,primary,1081b177,7,6,6,0.795736132959889,0.8183429817331282,0.022606848773239357,0.7793816671221856,0.8100941852228019,0.030712518100616322,0.636995747052232,0.7253759009509421,0.08838015389871008,0.9544765188675459,0.9113100625153147,-0.04316645635223136,0.8191493566891835,0.8237114155374906,0.004562058848306945,0.8087536287810224,0.834113000082712,0.02535937130168959
xgboost,300,primary,median_midpoint,primary,20201194,7,5,5,0.7123193172264246,0.762562552699799,0.05024323547337443,0.698533805384951,0.7537919007391426,0.05525809535419161,0.6731236448887045,0.7959847330881197,0.1228610881994149,0.7515149895641448,0.7291403723114787,-0.022374617252666033,0.7657726166955557,0.7657687288487496,-3.887846806335407e-06,0.7484578625802335,0.7853854155102693,0.036927552930035676
xgboost,300,primary,median_midpoint,primary,2162c09e,7,6,6,0.7899206511153987,0.7966515707318248,0.006730919616426102,0.7783822245016043,0.7756092378673757,-0.002772986634228647,0.6543452765206208,0.7026271799360903,0.04828190341546952,0.9254960257101766,0.8906759615275593,-0.03482006418261731,0.8104282550840379,0.7997673560577161,-0.010660899026321644,0.8235400285929704,0.817234792656223,-0.006305235936747351
xgboost,300,primary,median_midpoint,primary,2182c1cd,7,7,7,0.7281784469735745,0.7463160997220196,0.01813765274844516,0.7122913678104998,0.7405820045927982,0.028290636782298546,0.5306232141702475,0.6121568520077076,0.08153363783746015,0.9257336797769014,0.8804753474363315,-0.04525833234056983,0.767523124912568,0.7719726778980665,0.004449552985498381,0.7335400947356201,0.7597484521271566,0.026208357391536485
xgboost,300,primary,median_midpoint,primary,219060fa,7,2,2,0.7858841054906336,0.7988592867318084,0.012975181241174725,0.7197025316300064,0.7332146238198154,0.013512092189808898,0.8139863254535575,0.8289322861752026,0.014945960721645144,0.7577818855277095,0.7687862872884139,0.011004401760704278,0.7573838727766677,0.7559681316808765,-0.0014157410957913452,0.8174110305920582,0.8236654520506733,0.006254421458615148
xgboost,300,primary,median_midpoint,primary,21a031f6,7,1,1,0.7784794985887569,0.7678505829908973,-0.010628915597859692,0.7453220956686801,0.7329227457168489,-0.012399349951831276,0.728885179681993,0.7448567857157108,0.015971606033717833,0.8280738174955208,0.7908443802660834,-0.03722943722943723,0.7703314207734169,0.766206138141036,-0.004125282632380893,0.7597122663100346,0.7487569639436893,-0.010955302366345312
xgboost,300,primary,median_midpoint,primary,30908049,7,2,2,0.7199096764466699,0.7332501643722508,0.013340487925580704,0.6600737308717918,0.6590309950358575,-0.0010427358359343466,0.7894560773762789,0.8411186779003595,0.051662600524080594,0.6503632755170612,0.625381650844142,-0.02498162467291917,0.7249807642650214,0.7078242048670786,-0.017156559397942774,0.7256572357633645,0.7127373547083012,-0.0129198810550633
xgboost,300,primary,median_midpoint,primary,30c140ca,7,5,3,0.6897495805404633,0.6989518775370085,0.009202296996545194,0.6742415914799958,0.6888367635263656,0.014595172046369731,0.6843320660764086,0.656791036782859,-0.027541029293549606,0.6951670950045179,0.741112718291158,0.045945623286639946,0.7183778874053006,0.7200609677438466,0.0016830803385459805,0.689284499115895,0.7029598499742071,0.013675350858312094
xgboost,300,primary,median_midpoint,primary,3110e0c7,7,0,0,0.6251537715638013,0.6251537715638013,0.0,0.5695290334300929,0.5695290334300929,0.0,0.6341695513902961,0.6341695513902961,0.0,0.6161379917373063,0.6161379917373063,0.0,0.6240402605687274,0.6240402605687274,0.0,0.5995773777981082,0.5995773777981082,0.0
xgboost,300,primary,median_midpoint,primary,40009139,7,4,4,0.806802443797965,0.8126608961692812,0.005858452371316166,0.7985056143838448,0.8073084750030024,0.008802860619157535,0.8163463286049163,0.8823425786568938,0.06599625005197761,0.7972585589910137,0.7429792136816685,-0.05427934530934526,0.8261446001193866,0.82874330066058,0.002598700541193409,0.8075906940389992,0.8169120484814103,0.009321354442410954
xgboost,300,primary,median_midpoint,primary,40f0714a,7,3,3,0.7684019483685656,0.771661770816063,0.0032598224474975307,0.6770561858591114,0.6805391028493201,0.0034829169902087826,0.8885339827109143,0.8867703142805793,-0.0017636684303350889,0.6482699140262166,0.6565532273515468,0.008283313325330135,0.7679894533853767,0.7668760728182438,-0.0011133805671330124,0.7657648885195325,0.767193459948104,0.0014285714285714299
xgboost,300,primary,median_midpoint,primary,41e2010c,7,4,4,0.7516664965548596,0.781143395149596,0.02947689859473625,0.7180014359429718,0.7510578571325881,0.03305642118961616,0.8155154502186467,0.8305638938385187,0.015048443619872185,0.6878175428910728,0.7317228964606731,0.04390535356960039,0.7991704230950091,0.793371004588941,-0.005799418506068196,0.7455480543286874,0.7762862773072107,0.030738222978523338
xgboost,300,primary,median_midpoint,primary,5001d09a,7,6,6,0.8001856568696014,0.8108581461450317,0.01067248927543044,0.7794507513723214,0.7936885709216296,0.014237819549308093,0.8894456637589309,0.8712305455438126,-0.0182151182151182,0.7109256499802719,0.7504857467462508,0.03956009676597911,0.8047765343568589,0.8079920021824147,0.003215467825555786,0.8092698733779391,0.8228544445619967,0.013584571184057712
xgboost,300,primary,median_midpoint,primary,50c02189,7,5,4,0.634632138639461,0.6630929860014527,0.028460847361991694,0.55833884078102,0.599825800633537,0.041486959852516825,0.5856240835155042,0.6649954512590622,0.07937136774355798,0.6836401937634179,0.6611905207438432,-0.022449673019574568,0.6967283931970398,0.6995654521822688,0.0028370589852289335,0.6274291905900632,0.645603257085927,0.01817406649586387
xgboost,300,primary,median_midpoint,primary,517001af,7,4,4,0.8075038905996903,0.8309400854193585,0.023436194819667997,0.8016022328106561,0.8147020019831329,0.013099769172476619,0.7395639547689888,0.8187656354412577,0.07920168067226888,0.8754438264303916,0.8431145353974587,-0.03232929103293287,0.8289228115555157,0.822419418694477,-0.00650339286103888,0.8622208822690766,0.8798210166559363,0.01760013438685975
xgboost,300,primary,median_midpoint,primary,6030f0fd,7,4,4,0.7736893902209979,0.7929863032238024,0.01929691300280456,0.7468972846264721,0.7717267588642786,0.02482947423780665,0.8427560689881775,0.8318508846873228,-0.010905184300854567,0.7046227114538184,0.754121721760282,0.04949901030646371,0.788093280617338,0.7981483061946426,0.010055025577304533,0.7638808636931355,0.7857063676255546,0.02182550393241903
xgboost,300,primary,median_midpoint,primary,7072a0e0,7,5,4,0.7477566271654945,0.7540735790990815,0.006316951933586977,0.6738789028701297,0.6962317273861938,0.022352824516064067,0.7990870824075691,0.7615072861831426,-0.03757979622442668,0.6964261719234198,0.7466398720150205,0.0502137000916006,0.7280740048556587,0.7381849766291355,0.010110971773476909,0.7013067867480798,0.7291891494330409,0.027882362684961057
xgboost,300,primary,median_midpoint,primary,7092f07b,7,4,4,0.6812413219481367,0.6833193045769629,0.0020779826288262076,0.6416369160596125,0.6430759576534949,0.0014390415938824175,0.8282262230611241,0.8387241774615175,0.010497954400393432,0.5342564208351496,0.5279144316924086,-0.0063419891427410014,0.7555026281338668,0.7645481148607963,0.009045486726929508,0.6959219318892472,0.6977545730469592,0.0018326411577119942
xgboost,300,primary,median_midpoint,primary,7150e10a,7,1,1,0.6900958180689345,0.6901978083950006,0.00010199032606610687,0.641776807293707,0.641973842237152,0.00019703494344515602,0.8770739186349296,0.876409466807687,-0.0006644518272425229,0.5031177175029394,0.5039861499823142,0.0008684324793747367,0.7657580117798789,0.7659872600606287,0.0002292482807495658,0.6916743896536994,0.6919369946957162,0.0002626050420168058
xgboost,300,primary,median_midpoint,primary,71a251fa,7,3,3,0.8537974106555034,0.8419674296972859,-0.011829980958217523,0.8341619843812808,0.8233289870991195,-0.010832997282161281,0.802000184218565,0.8183936268415158,0.01639344262295082,0.9055946370924417,0.8655412325530559,-0.04005340453938585,0.8516159963278485,0.8454909664502553,-0.006125029877593098,0.8587431648895393,0.8487618797990839,-0.009981285090455403
xgboost,300,primary,median_midpoint,primary,71c09041,6,4,4,0.8111328287410758,0.752586856898437,-0.05854597184263902,0.7875564057676648,0.7494944370754721,-0.03806196869219273,0.8713432652350138,0.9077183223851574,0.03637505715014381,0.7509223922471383,0.5974553914117163,-0.1534670008354219,0.8158338356753337,0.8320466124042699,0.01621277672893621,0.8520923715508907,0.8343044723870019,-0.017787899163888787
xgboost,300,primary,median_midpoint,primary,71e10186,7,6,6,0.9427918289741308,0.9432467964019533,0.00045496742782242486,0.9445956072591427,0.9451027730221091,0.0005071657629663566,0.9261719211474325,0.9266876509050396,0.0005157297576070212,0.9594117368008294,0.9598059418988673,0.0003942050980378285,0.9498246152034514,0.9502677810631964,0.0004431658597448144,0.9467315395198886,0.9472364303737155,0.0005048908538270209
xgboost,300,primary,median_midpoint,primary,71f0603f,7,6,6,0.7902873029995084,0.806998277388125,0.016710974388616826,0.7922505631793957,0.8064106970422502,0.014160133862854482,0.7204031411516185,0.7651901588839846,0.04478701773236603,0.860171464847398,0.8488063958922657,-0.011365068955132387,0.8121829345095511,0.8178526693627903,0.005669734853239183,0.8012245857481878,0.8117408853437602,0.010516299595572527
xgboost,300,primary,median_midpoint,primary,71f21142,7,2,2,0.7795242295636884,0.7800527097355744,0.0005284801718860191,0.7281854703534674,0.7289084316027444,0.0007229612492770336,0.8840655935066863,0.885983139048393,0.0019175455417066206,0.6749828656206903,0.6741222804227558,-0.0008605851979345904,0.7651142593099962,0.7649480787556969,-0.00016618055429927305,0.7967025788708855,0.7971560936101145,0.00045351473922902334
xgboost,300,primary,median_midpoint,primary,8030618f,7,4,4,0.7649990837712252,0.7794800267320436,0.014480942960818572,0.6732697594546317,0.6878923456579199,0.014622586203288166,0.8690589176816104,0.8598988698645471,-0.009160047817063064,0.6609392498608399,0.6990611835995401,0.038121933738700195,0.7291670681667257,0.7325393027039951,0.0033722345372695045,0.702451315293719,0.7247644079655439,0.022313092671824995
xgboost,300,primary,median_midpoint,primary,8191f1d9,7,3,1,0.6673534252662494,0.6621233117275306,-0.005230113538718876,0.5570578819055589,0.5478186622142002,-0.009239219691358784,0.3890471023810602,0.3670038637206109,-0.022043238660449344,0.9456597481514387,0.9572427597344503,0.011583011583011575,0.7218859213097473,0.7187609348755819,-0.0031249864341653982,0.5942155288234826,0.5840896393872482,-0.01012588943623427
xgboost,300,primary,median_midpoint,primary,81e150c1,7,4,4,0.7631357490821886,0.7684156961951368,0.005279947112948087,0.7154161045925036,0.7178994686028989,0.0024833640103953314,0.846381892449871,0.8646189745167403,0.018237082066869297,0.6798896057145063,0.6722124178735331,-0.007677187840973122,0.7271820307690973,0.7289978656826482,0.0018158349135511795,0.7678663848854991,0.7681669006962188,0.0003005158107198972
xgboost,300,primary,median_midpoint,primary,81f1f0fe,7,3,3,0.6846361672867267,0.6981137490018938,0.01347758171516725,0.6522985600076365,0.6658430440362213,0.013544484028584722,0.7069189744651079,0.7015138253493713,-0.005405149115736577,0.6623533601083454,0.6947136726544165,0.032360312546071066,0.7045627429981762,0.7100147958122657,0.005452052814089352,0.686212754842542,0.6972307095654148,0.01101795472287275
xgboost,300,primary,median_midpoint,primary,a02151ac,7,5,4,0.722054901082019,0.7199923941868832,-0.0020625068951358578,0.700571080930214,0.698866935375328,-0.001704145554886167,0.6385548644391824,0.6421908826337266,0.003636018194544161,0.8055549377248555,0.7977939057400396,-0.0077610319848158615,0.7490163559791629,0.7477803908109264,-0.0012359651682364462,0.7461877251559431,0.7449435171251356,-0.0012442080308074763
xgboost,300,primary,median_midpoint,primary,a1721173,7,0,0,0.7616910551889821,0.7616910551889821,0.0,0.7649569627775261,0.7649569627775261,0.0,0.7295678102374492,0.7295678102374492,0.0,0.7938143001405148,0.7938143001405148,0.0,0.81157605602315,0.81157605602315,0.0,0.8128682014081176,0.8128682014081176,0.0
xgboost,300,primary,median_midpoint,primary,a1b210fc,7,4,4,0.7782748753713967,0.7529659172465912,-0.02530895812480557,0.7670170230960379,0.7170861885668335,-0.04993083452920429,0.8243029015925066,0.6782265505715773,-0.14607635102092933,0.7322468491502868,0.827705283921605,0.09545843477131821,0.7868383504065318,0.7800806790000411,-0.0067576714064907185,0.7960129205717827,0.7472915861550258,-0.04872133441675695
xgboost,300,primary,median_midpoint,primary,b0700166,7,4,4,0.6727165949169857,0.6863696177251598,0.013653022808173916,0.5967777035956552,0.6375689918978066,0.04079128830215138,0.7621133335260589,0.7322921624607039,-0.029821171065355093,0.5833198563079126,0.6404470729896156,0.05712721668170292,0.7199476960562509,0.7213347463955705,0.0013870503393193115,0.631418477223863,0.673621880340044,0.042203403116180885
xgboost,300,primary,median_midpoint,primary,b112005d,7,3,3,0.7165618294593966,0.697992637718574,-0.018569191740822517,0.6820449825514695,0.6631772999780965,-0.01886768257337295,0.7489952968388707,0.7936646734983192,0.044669376659448465,0.6841283620799226,0.6023206019388291,-0.08180776014109346,0.7291909760991204,0.7394776326722511,0.01028665657313069,0.7221005519081282,0.7254466176071348,0.0033460656990068616
xgboost,300,primary,median_midpoint,primary,b1c2f044,7,5,4,0.8125658847517111,0.813294243130825,0.0007283583791140342,0.7922616473316477,0.8062733692906574,0.014011721959009618,0.9020413879729842,0.9314191267985757,0.0293777388255916,0.7230903815304378,0.6951693594630743,-0.027921022067363528,0.8313582760727778,0.8440756502564828,0.012717374183704952,0.8327371689555465,0.8487461458232463,0.016008976867699625
xgboost,300,primary,median_midpoint,primary,c060c06a,7,2,2,0.7365483527830905,0.7486946308997189,0.012146278116628495,0.6847244502941198,0.6995327733087546,0.014808323014634797,0.5639974538836668,0.6100522999385128,0.04605484605484605,0.909099251682514,0.8873369618609251,-0.021762289821589027,0.7562575678215021,0.7553984554458246,-0.0008591123756775319,0.7789967421774036,0.7908185853425305,0.011821843165126735
xgboost,300,primary,median_midpoint,primary,c112918e,7,6,6,0.6429823831531556,0.6660012006178422,0.023018817464686734,0.565564428540675,0.6279751245208128,0.06241069598013788,0.4126365763540102,0.687099546719937,0.2744629703659269,0.8733281899523009,0.6449028545157477,-0.22842533543655333,0.7371416970481741,0.7572251565442005,0.020083459496026333,0.6257710720701686,0.6917306376054712,0.06595956553530265
xgboost,300,primary,median_midpoint,primary,c1a150b1,7,1,1,0.6597795655385734,0.650366825780108,-0.00941273975846554,0.6312317235973152,0.6208854087884237,-0.010346314808891557,0.7019731251587193,0.704053568986736,0.0020804438280166426,0.6175860059184275,0.5966800825734797,-0.02090592334494773,0.7082509455187148,0.7073418404568527,-0.0009091050618623063,0.7364156655959792,0.7319513798816935,-0.004464285714285714
xgboost,300,primary,median_midpoint,primary,d0724095,7,4,4,0.7547235055851594,0.7605369789014692,0.005813473316309722,0.7284764846684235,0.7377540216515394,0.009277536983115906,0.7148026704791726,0.7336500603242058,0.018847389845033185,0.7946443406911465,0.7874238974787326,-0.007220443212413774,0.7803922698379192,0.7840828017902147,0.0036905319522954378,0.7563831238645464,0.7665840864666774,0.010200962602130928
xgboost,300,primary,median_midpoint,primary,d0e2d025,7,4,4,0.7690968286344569,0.7773511082056029,0.008254279571146121,0.7527715053377694,0.7638520732516744,0.011080567913904993,0.8159386989515083,0.8195744189056045,0.0036357199540960616,0.7222549583174054,0.7351277975056015,0.012872839188196206,0.8037252621412956,0.8070719626648398,0.0033467005235440694,0.7917834523154165,0.8009842016123493,0.00920074929693282
xgboost,300,primary,median_midpoint,primary,d111e017,7,6,6,0.8775659722475068,0.877491880590157,-7.409165734960168e-05,0.8745335357631647,0.8744265667303104,-0.00010696903285413648,0.8278751778421534,0.8273470553177278,-0.0005281225244256575,0.9272567666528602,0.9276367058625866,0.00037993920972643835,0.8892217285126469,0.889092430740881,-0.00012929777176595714,0.8770977727514123,0.8769827908328827,-0.00011498191852967108
xgboost,300,primary,median_midpoint,primary,d142d110,7,5,5,0.7757779436871964,0.7724334030634606,-0.003344540623735681,0.7546341222569731,0.7571434998084935,0.0025093775515202216,0.7602992804200047,0.7836812192949013,0.023381938874896615,0.7912566069543879,0.76118558683202,-0.03007102012236801,0.7768527437317779,0.7777064454940955,0.000853701762317519,0.7901946234200281,0.7947811984611486,0.004586575041120493
xgboost,300,primary,median_midpoint,primary,d151b0c4,7,4,4,0.7677434506983456,0.7667420630768527,-0.0010013876214930281,0.7613551167584968,0.7620048081239152,0.0006496913654185921,0.7536544083803465,0.8118251838120542,0.05817077543170771,0.7818324930163448,0.721658942341651,-0.060173550674693745,0.7864664753305048,0.7893754283406017,0.0029089530100967803,0.785382662588118,0.7905884881225127,0.005205825534394732
xgboost,300,primary,median_midpoint,primary,d18000a3,7,2,2,0.8249795270810203,0.8286579519859503,0.0036784249049300094,0.8000580393148468,0.8064495156157212,0.006391476300874206,0.7816932371655742,0.8156458316562852,0.033952594490711085,0.8682658169964661,0.8416700723156152,-0.026595744680851068,0.818499521142403,0.8184686227169445,-3.0898425458384236e-05,0.8225794302223424,0.8288359474277647,0.006256517205422307
xgboost,300,primary,median_midpoint,primary,e0c0408a,5,4,4,0.73446146749673,0.7724605825237655,0.037999115027035436,0.7114111764926573,0.7605854773263137,0.04917430083365641,0.7083820889432884,0.7717417380660955,0.063359649122807,0.7605408460501717,0.7731794269814356,0.012638580931263865,0.774300482050912,0.7811999840178189,0.006899501966906874,0.7649519946157126,0.7938815885973293,0.028929593981616607
xgboost,300,primary,median_midpoint,primary,f0f2a1e1,7,2,2,0.812557138682826,0.8083951902154958,-0.004161948467330201,0.782177525619675,0.7775626452119404,-0.004614880407734691,0.8202503147908009,0.821263486016738,0.001013171225937169,0.8048639625748512,0.7955268944142535,-0.00933706816059757,0.7776995377645101,0.775185582826915,-0.002513954937595288,0.8234577773728043,0.8190845995302387,-0.004373177842565602
xgboost,300,primary,median_midpoint,primary,f121f1e0,7,5,5,0.7013657933471393,0.718913631753187,0.017547838406047615,0.6568686036854329,0.6804208452028683,0.023552241517435353,0.900804030246733,0.8940549644232204,-0.006749065823512502,0.5019275564475458,0.5437722990831535,0.04184474263560773,0.7459589865087966,0.7427931493480872,-0.003165837160709522,0.6856413716599947,0.698920607896795,0.013279236236800178
xgboost,300,primary,median_midpoint,primary,f1a0c120,7,7,7,0.7210629805278893,0.7502060203446999,0.029143039816810528,0.7250297553216452,0.7480517118244439,0.0230219565027987,0.6209898430237509,0.6160120885853884,-0.004977754438362466,0.8211361180320278,0.8843999521040111,0.06326383407198348,0.8116997737225847,0.7926317824870858,-0.019067991235499182,0.8297378266085301,0.8244644841002337,-0.005273342508296475
xgboost,300,primary,median_midpoint,primary,f1d06060,7,4,4,0.7311157967560467,0.7613979871214125,0.030282190365365853,0.6855945650287324,0.729590999531265,0.043996434502532655,0.6619439272943627,0.7586472497923976,0.096703322498035,0.8002876662177305,0.7641487244504271,-0.036138941767303305,0.7704540072802109,0.7758534562609855,0.005399448980774697,0.7141006451897842,0.7504539077223674,0.03635326253258315
