model,budget_seconds,subject_id,n_pm,zero_shot_balanced_accuracy,personalized_balanced_accuracy,delta_balanced_accuracy,zero_shot_macro_f1,personalized_macro_f1,delta_macro_f1,zero_shot_low_recall,personalized_low_recall,delta_low_recall,zero_shot_high_recall,personalized_high_recall,delta_high_recall,zero_shot_precision,personalized_precision,delta_precision,zero_shot_accuracy,personalized_accuracy,delta_accuracy
lightgbm,300,0001508a,7,0.7351445540045296,0.7200597229013004,-0.015084831103229255,0.7072693298796521,0.7203399141144465,0.013070584234794362,0.641730553644053,0.713051992928696,0.07132143928464298,0.8285585543650059,0.7270674528739045,-0.10149110149110149,0.7996585744731153,0.8050993544948762,0.005440780021760992,0.7790182208474575,0.8186788364749241,0.039660615627466464
lightgbm,300,0012905a,7,0.7498175804251822,0.7276785766175173,-0.02213900380766498,0.7462035664778348,0.7182206992972796,-0.027982867180555124,0.8613201731294237,0.8550878284523383,-0.006232344677085238,0.6383149877209409,0.6002693247826961,-0.03804566293824468,0.777839711466215,0.7722208608851294,-0.005618850581085656,0.7599232105979444,0.7369130828627171,-0.02301012773522734
lightgbm,300,0110f12e,7,0.8206767861366455,0.8223864643803311,0.001709678243685429,0.8161611372974736,0.8130391032822875,-0.0031220340151861974,0.8232983713990148,0.8638387541804163,0.04054038278140169,0.8180552008742765,0.7809341745802456,-0.037121026294030836,0.8216624785154928,0.8260753013882892,0.0044128228727964135,0.8223571604545864,0.8192038592403826,-0.0031533012142037314
lightgbm,300,0182e16c,7,0.6941567122411267,0.7269469744747719,0.03279026223364507,0.6404192756033765,0.6870904515968445,0.04667117599346796,0.662860997583976,0.6704094200647083,0.007548422480732049,0.7254524268982774,0.7834845288848354,0.05803210198655811,0.7750558045651516,0.7925277104898039,0.017471905924652437,0.7014132156603576,0.7439536904527408,0.042540474792383196
lightgbm,300,01c2a0d8,7,0.7833500335873779,0.7814928458909532,-0.0018571876964244957,0.7620659015734562,0.7432660526367284,-0.018799848936727703,0.7306323552141866,0.8708832809294957,0.14025092571530923,0.836067711960569,0.6921024108524109,-0.14396530110815825,0.7893197280152815,0.8032094828147018,0.013889754799420609,0.8125822719340817,0.7698445768654707,-0.042737695068611185
lightgbm,300,1081b177,7,0.777486651332083,0.8124051754808604,0.034918524148777434,0.7635741851881522,0.7999496234538199,0.03637543826566773,0.6036810341888703,0.7174977302430475,0.11381669605417728,0.9512922684752957,0.9073126207186732,-0.043979647756622345,0.8122693519664239,0.8100098801434273,-0.0022594718229966204,0.7980127350563413,0.823901876374925,0.025889141318583615
lightgbm,300,20201194,7,0.7235403831284388,0.7679431369361366,0.04440275380769781,0.704313818455243,0.7569257962234323,0.05261197776818928,0.6985025482977198,0.8172002938798876,0.11869774558216768,0.7485782179591578,0.7186859799923857,-0.029892237966772112,0.7733452441610676,0.776567186881677,0.003221942720609288,0.7479512210338699,0.7889823529321287,0.041031131898258875
lightgbm,300,2162c09e,7,0.7774342510604042,0.7974172964788343,0.01998304541842988,0.7633223916475844,0.7680424813700562,0.004720089722471684,0.6268653143054236,0.7318253058413041,0.10495999153588075,0.928003187815385,0.8630092871163642,-0.06499390069902097,0.8021365485835259,0.8020251837953702,-0.00011136478815549593,0.8206648253357198,0.8083398084284863,-0.012325016907233548
lightgbm,300,2182c1cd,7,0.7445936301438291,0.7653252692123867,0.020731639068557763,0.7239428477354163,0.7557301133188572,0.03178726558344104,0.5623036446074978,0.654551907890496,0.09224826328299827,0.9268836156801605,0.8760986305342778,-0.05078498514588276,0.7757460688443915,0.7782940002995922,0.0025479314552006977,0.7384461102338034,0.768874975192248,0.030428864958444688
lightgbm,300,219060fa,5,0.7697911233485356,0.78463314957388,0.014842026225344251,0.7717595152391818,0.7828137725700336,0.011054257330851835,0.804863813475458,0.8331996013988746,0.0283357879234168,0.7347184332216132,0.736066697748885,0.0013482645272717086,0.8422080714723,0.8285264428985405,-0.013681628573759519,0.822648124786135,0.8263868139926906,0.00373868920655529
lightgbm,300,21a031f6,7,0.7681030349384628,0.7596561779347918,-0.008446857003671029,0.7294888287944816,0.7190944548188437,-0.010394373975637963,0.740905658686872,0.7604265105058605,0.01952085181898847,0.7953004111900536,0.758885845363723,-0.036414565826330535,0.7564153530030902,0.7580782707403718,0.0016629177372816661,0.7452383826812408,0.7375040787685928,-0.007734303912647876
lightgbm,300,30908049,7,0.7219783027920543,0.7275242277047497,0.0055459249126953115,0.6620685485270578,0.6381967660785005,-0.023871782448557238,0.7860998059878195,0.8610512655911872,0.07495145960336771,0.6578567995962893,0.5939971898183122,-0.06385960977797711,0.7376291940228954,0.7055160441431028,-0.03211314987979282,0.7243943634724433,0.6820676999079947,-0.04232666356444857
lightgbm,300,30c140ca,7,0.731955268425157,0.7323815013867695,0.0004262329616125461,0.6660537281698691,0.6737175869312578,0.00766385876138861,0.6852866306719644,0.6626060986442555,-0.02268053202770905,0.7786239061783496,0.8021569041292835,0.02353299795093414,0.7262246369162205,0.7268890978723357,0.0006644609561151173,0.6818454767324703,0.6908073161852325,0.008961839452762235
lightgbm,300,3110e0c7,7,0.58638119364986,0.58638119364986,0.0,0.5355843795686016,0.5355843795686016,0.0,0.5720585838235449,0.5720585838235449,0.0,0.600703803476175,0.600703803476175,0.0,0.5822343400664299,0.5822343400664299,0.0,0.5711759907458953,0.5711759907458953,0.0
lightgbm,300,40009139,7,0.8132893227222825,0.8174336629706115,0.004144340248329088,0.7988551577153762,0.7992698908888672,0.00041473317349108703,0.8216154665401099,0.9203581719628426,0.09874270542273281,0.804963178904455,0.7145091539783806,-0.0904540249260746,0.8257515072721733,0.8215153632122922,-0.004236144059880931,0.809537921226913,0.8071207458122868,-0.0024171754146262237
lightgbm,300,40f0714a,7,0.802840650190082,0.8099835073329391,0.007142857142857133,0.7375324526863337,0.7469240635817042,0.009391610895370297,0.8864881685819901,0.8864881685819901,0.0,0.7191931317981738,0.7334788460838881,0.01428571428571429,0.8027777217606411,0.8050363327149042,0.002258610954263131,0.8086455643979322,0.8141400698924377,0.005494505494505507
lightgbm,300,41e2010c,7,0.7319386814910992,0.7806187341848233,0.048680052693723996,0.6921637711109689,0.7366137375932037,0.044449966482234725,0.7796778834838509,0.8374640414252884,0.05778615794143744,0.6841994794983475,0.7237734269443582,0.0395739474460106,0.7902043831007836,0.7850079764472341,-0.005196406653549558,0.7363532376445212,0.7677148345076378,0.031361596863116625
lightgbm,300,5001d09a,7,0.7910264310776004,0.810115137895665,0.019088706818064467,0.7770029062346918,0.7933699353001086,0.01636702906541673,0.9005136557476459,0.8830380757720658,-0.017475579975579976,0.6815392064075548,0.7371922000192639,0.05565299361170893,0.811691054647748,0.8083594813679698,-0.003331573279778272,0.8112505152117142,0.8216472271221701,0.010396711910455976
lightgbm,300,50c02189,7,0.6333023565638803,0.7001425864313282,0.066840229867448,0.5432421775385928,0.6535250799302709,0.11028290239167807,0.5531633294943016,0.8083209115016006,0.2551575820072989,0.7134413836334589,0.5919642613610561,-0.12147712227240288,0.6984730947983275,0.7169052173920267,0.018432122593699276,0.624142886864103,0.6817155751538243,0.05757268828972118
lightgbm,300,517001af,7,0.8255211983353522,0.8358208541970997,0.010299655861747494,0.8176730473887727,0.8246696517849833,0.006996604396210511,0.7444770046198664,0.8550282162952615,0.11055121167539497,0.9065653920508379,0.8166134920989379,-0.08995189995189996,0.8470319474710667,0.845184149861959,-0.0018477976091077883,0.8645717969968657,0.8838758788766714,0.019304081879805462
lightgbm,300,6030f0fd,7,0.7687506504567805,0.783561813418834,0.014811162962053521,0.7288836792637197,0.7433331642577548,0.01444948499403512,0.8346738615214935,0.8120909207706514,-0.0225829407508422,0.7028274393920677,0.755032706067017,0.052205266674949215,0.7678079281721357,0.7735019652814954,0.0056940371093596575,0.7534439915858927,0.761164293290507,0.0077203017046142885
lightgbm,300,7072a0e0,7,0.7532588738999214,0.7590793755956072,0.005820501695685757,0.6729013488328154,0.6945456836485058,0.02164433481569041,0.8074605559943968,0.7724926936172387,-0.03496786237715813,0.6990571918054461,0.7456660575739757,0.046608865768529635,0.7284394705618079,0.7400613964694623,0.011621925907654509,0.7090834248452073,0.7349949626608815,0.025911537815674283
lightgbm,300,7092f07b,7,0.6792331590119123,0.6720081070511222,-0.007225051960790025,0.6290383642252778,0.618724566232001,-0.010313797993276854,0.8489590217305405,0.826950390691918,-0.022008631038622353,0.5095072962932841,0.5170658234103264,0.00755852711704233,0.756367409499152,0.759460768590755,0.003093359091602767,0.6806488765035896,0.6803283697707442,-0.0003205067328455126
lightgbm,300,7150e10a,7,0.698098331049069,0.7000853030675868,0.0019869720185177664,0.634840251388663,0.6356371812035747,0.0007969298149118144,0.8751162020047436,0.8881032149917566,0.012987012987012991,0.5210804600933944,0.5120673911434169,-0.009013068949977474,0.7646903697507845,0.7638754700931703,-0.0008148996576142446,0.6850716843595054,0.6842213442234508,-0.0008503401360544187
lightgbm,300,71a251fa,7,0.8357428627617989,0.8163620464133275,-0.019380816348471313,0.8229038763438083,0.8011766974539228,-0.021727178889885655,0.7723943480819332,0.786415512103097,0.01402116402116403,0.899091377441665,0.8463085807235584,-0.052782796718106706,0.8462669984787733,0.8310554995637099,-0.015211498915063222,0.85366524320873,0.8320056268049146,-0.021659616403815436
lightgbm,300,71c09041,6,0.8123561432963617,0.7210014771293863,-0.09135466616697537,0.7948490676428385,0.702191751199261,-0.09265731644357732,0.8922266879913133,0.9092107178507248,0.016984029859411442,0.7324855986014104,0.5327922364080482,-0.1996933621933622,0.8322042939487008,0.8060420316701044,-0.026162262278596398,0.867394127712365,0.8173041430509139,-0.050089984661450926
lightgbm,300,71e10186,7,0.9364238246576891,0.9368910986935118,0.0004672740358226005,0.9366935599711692,0.9376169063942023,0.000923346423033219,0.9262146959275509,0.9281355109458541,0.0019208150183032918,0.9466329533878275,0.9456466864411693,-0.0009862669466581067,0.9423818551013099,0.9431986925733037,0.0008168374719938713,0.9395453760525431,0.9404667189144735,0.0009213428619305583
lightgbm,300,71f0603f,7,0.7945905634287269,0.7881007503495618,-0.006489813079165185,0.7968863449463409,0.7834206626329673,-0.013465682313373766,0.7219669952220439,0.7373695547206766,0.015402559498632642,0.8672141316354097,0.8388319459784468,-0.028382185656962964,0.8120479335843099,0.8101759998322154,-0.00187193375209449,0.8072316450640183,0.7945133557719887,-0.012718289292029719
lightgbm,300,71f21142,6,0.7601452536832033,0.7601452536832033,0.0,0.7279084566896389,0.7279084566896389,0.0,0.879845371417029,0.879845371417029,0.0,0.6404451359493775,0.6404451359493775,0.0,0.8071510865115036,0.8071510865115036,0.0,0.7851415864193095,0.7851415864193095,0.0
lightgbm,300,8030618f,7,0.7709552070815804,0.7850175297072555,0.014062322625675003,0.6617445500596009,0.6762808065436977,0.014536256484096835,0.8682865729354401,0.8469164768940466,-0.021370096041393487,0.6736238412277208,0.7231185825204642,0.0494947412927435,0.7217378562816325,0.7231478951279521,0.0014100388463195485,0.6880173175181615,0.7149096233255616,0.026892305807400152
lightgbm,300,8191f1d9,7,0.6777305880009978,0.6951849169688892,0.017454328967891324,0.5531879181501773,0.5715448244654687,0.01835690631529136,0.41292473632079246,0.49790030626728105,0.08497556994648855,0.942536439681203,0.8924695276704971,-0.05006691201070591,0.7136806475627451,0.7223234647821328,0.008642817219387597,0.5853266504590924,0.6017337925565371,0.01640714209744473
lightgbm,300,81e150c1,7,0.752934060565293,0.7548630186694906,0.0019289581041977183,0.699740886213387,0.6977762450432582,-0.001964641170128726,0.862303867122254,0.87786934331273,0.015565476190476197,0.643564254008332,0.631856694026251,-0.011707559982080793,0.7183242621348432,0.7184181157702136,9.385363537052691e-05,0.7484925814606912,0.7451793231753652,-0.003313258285325947
lightgbm,300,81f1f0fe,7,0.7544243342539334,0.7607612877679318,0.006336953513998512,0.7209275375570273,0.7266367212088035,0.0057091836517759575,0.774400111175628,0.7643633954930024,-0.010036715682625668,0.7344485573322385,0.7571591800428612,0.02271062271062271,0.7493092854357515,0.7490847190332512,-0.00022456640250030041,0.7433996880639876,0.7475833214282465,0.00418363336425885
lightgbm,300,a02151ac,7,0.7183405894077818,0.7229060155356452,0.004565426127863592,0.6875382870274532,0.7166258048757221,0.02908751784826905,0.6204533015825957,0.7438888508976277,0.12343554931503191,0.8162278772329677,0.7019231801736631,-0.11430469705930475,0.7489160699859185,0.7325525108881609,-0.016363559097757743,0.7312481442857035,0.7440118910156599,0.012763746729956425
lightgbm,300,a1721173,7,0.7463406241036449,0.7463406241036449,0.0,0.7449407310749713,0.7449407310749713,0.0,0.7548376207734134,0.7548376207734134,0.0,0.7378436274338761,0.7378436274338761,0.0,0.800192025581438,0.800192025581438,0.0,0.789964756995384,0.789964756995384,0.0
lightgbm,300,a1b210fc,7,0.7785227745550414,0.7620930632548247,-0.016429711300216737,0.7645222431806049,0.7295466244469041,-0.03497561873370076,0.8400591837919889,0.6981170978231778,-0.14194208596881114,0.7169863653180941,0.8260690286864716,0.10908266336837766,0.7911064040061718,0.7893373582188944,-0.001769045787277371,0.7985887504484351,0.7583003640680227,-0.04028838638041259
lightgbm,300,b0700166,7,0.6674778293627546,0.693966318141247,0.026488488778492383,0.5778322918376091,0.6293090607757003,0.051476768938091236,0.7635834336524994,0.7627350902608782,-0.0008483433916214271,0.5713722250730096,0.6251975460216157,0.05382532094860616,0.7094639616934011,0.7207603131208867,0.01129635142748564,0.6164481178761676,0.6606352534849738,0.04418713560880623
lightgbm,300,b112005d,7,0.6997753318770535,0.6801974490371316,-0.019577882839921932,0.6694760875299177,0.6425799251522869,-0.026896162377630723,0.7707551162108702,0.7959179151413814,0.025162798930511193,0.6287955475432371,0.5644769829328821,-0.06431856461035505,0.7269886734009235,0.7276929410864972,0.0007042676855735706,0.71896388218714,0.7118947662769902,-0.007069115910149867
lightgbm,300,b1c2f044,7,0.8027400581330637,0.7904286596230722,-0.012311398509991458,0.7840133466834426,0.7940100265855092,0.009996679902066588,0.8850151758944519,0.9454817573049689,0.06046658141051701,0.7204649403716753,0.6353755619411754,-0.08508937843049992,0.8317725179749292,0.8582469269966481,0.026474409021718874,0.8190463138027458,0.8386310447699482,0.01958473096720243
lightgbm,300,c060c06a,7,0.7457250594253482,0.7530772053841878,0.0073521459588395165,0.699009617619967,0.7072865690551906,0.00827695143522354,0.5670108647495659,0.6612081827251562,0.09419731797559057,0.9244392541011307,0.8449462280432192,-0.07949302605791154,0.7837377314065306,0.7794700446194377,-0.004267686787092836,0.7891357919261667,0.7948376600640804,0.005701868137913687
lightgbm,300,c112918e,7,0.6630774752649291,0.68409699464618,0.021019519381250844,0.6011421679418333,0.6468509051167981,0.04570873717496474,0.46057306688091615,0.7278033383540473,0.2672302714731311,0.8655818836489421,0.6403906509383127,-0.22519123271062935,0.7584528846900513,0.7888854518582094,0.030432567168157978,0.6613440064278503,0.710927758251654,0.049583751823803666
lightgbm,300,c1a150b1,6,0.7038028215200721,0.6966011754295373,-0.007201646090534974,0.6563104642066458,0.6480675754012023,-0.00824288880544353,0.8120946832436319,0.8120946832436319,0.0,0.5955109597965124,0.5811076676154424,-0.014403292181069957,0.7706862746637592,0.7680034570771479,-0.0026828175866112267,0.7113171657672724,0.7064152049829587,-0.004901960784313726
lightgbm,300,d0724095,7,0.7455505655077932,0.7539229040187143,0.008372338510921165,0.7153003251746791,0.7294068959798281,0.014106570805148988,0.706479545939014,0.7310411371019282,0.024561591162914027,0.7846215850765722,0.7768046709355004,-0.007816914141071694,0.7805019435760167,0.7841440849005268,0.00364214132450997,0.7413139259621563,0.7572555338085308,0.01594160784637466
lightgbm,300,d0e2d025,7,0.7599766347126,0.7669993809842046,0.007022746271604707,0.7393731539768397,0.7480467404642414,0.008673586487401717,0.814963295240534,0.8326875023638829,0.017724207123348767,0.7049899741846659,0.7013112596045266,-0.0036787145801393845,0.7937481965527208,0.7945893439526065,0.0008411473998857856,0.7849508591624039,0.7875525172883702,0.0026016581259662125
lightgbm,300,d111e017,7,0.8743348991013694,0.8750028146184271,0.000667915517057741,0.8694109075934218,0.8701600457933631,0.0007491381999415221,0.8280382053378611,0.8242675791423375,-0.003770626195523668,0.9206315928648774,0.9257380500945166,0.005106457229639237,0.8826231478495388,0.8827595646252918,0.00013641677575301374,0.8711945837294105,0.8718248207620547,0.0006302370326442779
lightgbm,300,d142d110,7,0.7266368184562483,0.713808468040076,-0.012828350416172427,0.6991520669444056,0.6818708398775956,-0.01728122706681016,0.6254281022753929,0.5740675580577058,-0.051360544217687085,0.8278455346371036,0.853549378022446,0.025703843385342214,0.7042373353839422,0.7004737757761951,-0.0037635596077471023,0.7815529211246641,0.7655171869434378,-0.016035734181226263
lightgbm,300,d151b0c4,7,0.7738068793381332,0.7794072508267907,0.005600371488657456,0.7657409421878337,0.7727219476153017,0.006981005427467902,0.7549963807016885,0.8054733902634347,0.050477009561746104,0.792617377974578,0.7533411113901468,-0.03927626658443116,0.7928112469189285,0.7927164874546527,-9.475946427590325e-05,0.7863623854000213,0.7925918561138398,0.006229470713818408
lightgbm,300,d18000a3,7,0.8237251917591005,0.8337772226815667,0.01005203092246622,0.7628297768446751,0.7749414449949207,0.012111668150245383,0.7897947343580863,0.8161278482488041,0.026333113890717574,0.8576556491601145,0.8514265971143294,-0.006229052045785118,0.7748724529110194,0.7806094566245915,0.0057370037135719976,0.8159215408945387,0.8276670602274514,0.0117455193329126
lightgbm,300,e0c0408a,5,0.7428949876866432,0.8040271618825182,0.06113217419587495,0.7144903308130683,0.7969706776774336,0.08248034686436514,0.7548922765808509,0.8235202613362371,0.06862798475538619,0.7308976987924356,0.7845340624287992,0.053636363636363614,0.8048180076628352,0.8259198294550455,0.021101821792210228,0.7527903582077814,0.8169137817179383,0.06412342351015693
lightgbm,300,f0f2a1e1,7,0.8203375659334106,0.8198726795619471,-0.0004648863714634212,0.7989289227323696,0.797952017313795,-0.0009769054185747267,0.8285901155703088,0.8305470627327354,0.001956947162426622,0.8120850162965123,0.8091982963911588,-0.0028867199053534648,0.7991124595084089,0.7987508051107639,-0.00036165439764495363,0.8390917505517758,0.8380413303837084,-0.0010504201680672232
lightgbm,300,f121f1e0,7,0.7032089221717308,0.7269552896558916,0.023746367484160973,0.6634792354414668,0.6916838084333349,0.028204572991868102,0.8798806191239674,0.8897272889967748,0.009846669872807514,0.5265372252194941,0.5641832903150085,0.0376460650955144,0.7522472025716022,0.7563253961325475,0.004078193560945282,0.6944542754944543,0.7120224963700696,0.017568220875615572
lightgbm,300,f1a0c120,7,0.7192285385056209,0.7385526750078961,0.019324136502275317,0.7233936098464266,0.7399849520261518,0.016591342179725077,0.6443910391730373,0.670606715534465,0.026215676361427694,0.7940660378382042,0.8064986344813271,0.012432596643122937,0.8059896165071029,0.8006296738984133,-0.005359942608689676,0.826743693952845,0.804282743963247,-0.022460949989598102
lightgbm,300,f1d06060,7,0.7322676685709533,0.7678235028365898,0.035555834265636514,0.6815580393655433,0.7353439683339565,0.05378592896841335,0.6698200057795448,0.785129574389157,0.11530956860961207,0.7947153313623616,0.7505174312840225,-0.04419790007833908,0.7722151587794419,0.7798133236601823,0.007598164880740547,0.7077951638828549,0.7536989243989792,0.04590376051612429
lightgbm,600,0001508a,7,0.7351445540045296,0.7275285056611107,-0.007616048343418899,0.7072693298796521,0.7227955028620683,0.015526172982416089,0.641730553644053,0.7223865528453112,0.08065599920125809,0.8285585543650059,0.7326704584769101,-0.0958880958880959,0.7996585744731153,0.7851047965795386,-0.014553777893576774,0.7790182208474575,0.8284269636990617,0.04940874285160416
lightgbm,600,0012905a,7,0.7498175804251822,0.7433771795934615,-0.006440400831720721,0.7462035664778348,0.7410424853541893,-0.005161081123645407,0.8613201731294237,0.8594085686333378,-0.0019116044960858028,0.6383149877209409,0.6273457905535853,-0.010969197167355647,0.777839711466215,0.786911993614182,0.009072282147966975,0.7599232105979444,0.7600012127718218,7.800217387751321e-05
lightgbm,600,0110f12e,7,0.8206767861366455,0.8202649937741059,-0.00041179236253967896,0.8161611372974736,0.8137198156638445,-0.002441321633629217,0.8232983713990148,0.8452199583432984,0.021921586944283793,0.8180552008742765,0.7953100292049132,-0.022745171669363167,0.8216624785154928,0.8237393340239395,0.0020768555084466067,0.8223571604545864,0.8203069957455736,-0.002050164709012679
lightgbm,600,0182e16c,7,0.6941567122411267,0.7666771726856415,0.07252046044451484,0.6404192756033765,0.759074842273964,0.11865556667058745,0.662860997583976,0.7905308565984184,0.1276698590144422,0.7254524268982774,0.742823488772865,0.01737106187458748,0.7750558045651516,0.7947513746333327,0.01969557006818125,0.7014132156603576,0.8130558933322856,0.111642677671928
lightgbm,600,01c2a0d8,7,0.7833500335873779,0.7860477157702616,0.0026976821828836556,0.7620659015734562,0.7665612018967963,0.004495300323340065,0.7306323552141866,0.9199318463412235,0.1892994911270369,0.836067711960569,0.6521635851992995,-0.1839041267612696,0.7893197280152815,0.8049266102264958,0.015606882211214488,0.8125822719340817,0.8004058023798306,-0.01217646955425127
lightgbm,600,1081b177,7,0.777486651332083,0.7973202186848863,0.0198335673528033,0.7635741851881522,0.7872590954873209,0.02368491029916875,0.6036810341888703,0.6784667669972725,0.07478573280840226,0.9512922684752957,0.9161736703725001,-0.03511859810279559,0.8122693519664239,0.8057854348884853,-0.006483917077938717,0.7980127350563413,0.8147082776202564,0.016695542563915193
lightgbm,600,20201194,7,0.7235403831284388,0.7666056151192772,0.04306523199083829,0.704313818455243,0.76076980832873,0.05645598987348705,0.6985025482977198,0.7011247934450905,0.0026222451473707814,0.7485782179591578,0.8320864367934637,0.0835082188343058,0.7733452441610676,0.797946491379734,0.02460124721866622,0.7479512210338699,0.8089863805209868,0.061035159487116894
lightgbm,600,2162c09e,7,0.7774342510604042,0.8070072309221199,0.029572979861715556,0.7633223916475844,0.7818539539241719,0.01853156227658754,0.6268653143054236,0.7448140829336906,0.11794876862826685,0.928003187815385,0.8692003789105494,-0.05880280890483574,0.8021365485835259,0.8097695627009053,0.007633014117379393,0.8206648253357198,0.8214707029933752,0.0008058776576552422
lightgbm,600,2182c1cd,7,0.7445936301438291,0.7737141118982257,0.029120481754396504,0.7239428477354163,0.7628118777694441,0.03886903003402785,0.5623036446074978,0.6666641067729789,0.1043604621654811,0.9268836156801605,0.8807641170234726,-0.046119498656688074,0.7757460688443915,0.7824387573393817,0.006692688494990384,0.7384461102338034,0.7736047972796731,0.03515868704586982
lightgbm,600,219060fa,5,0.7697911233485356,0.7961978738241566,0.026406750475620976,0.7717595152391818,0.800129293473498,0.028369778234316256,0.804863813475458,0.8120749967488349,0.007211183273376931,0.7347184332216132,0.7803207508994784,0.04560231767786506,0.8422080714723,0.830905208065867,-0.011302863406433073,0.822648124786135,0.8340138892130223,0.011365764426887326
lightgbm,600,21a031f6,7,0.7681030349384628,0.7649401768879881,-0.003162858050474623,0.7294888287944816,0.7233613256377133,-0.006127503156768355,0.740905658686872,0.8380021586178235,0.09709649993095157,0.7953004111900536,0.6918781951581527,-0.10342221603190081,0.7564153530030902,0.7687374581682452,0.012322105165155148,0.7452383826812408,0.7460345491544054,0.0007961664731647801
lightgbm,600,30908049,7,0.7219783027920543,0.7518204722507523,0.029842169458697936,0.6620685485270578,0.6820758433244684,0.020007294797410764,0.7860998059878195,0.8274872607492133,0.04138745476139384,0.6578567995962893,0.6761536837522912,0.018296884156001995,0.7376291940228954,0.706198657154785,-0.03143053686811064,0.7243943634724433,0.7172292658285822,-0.007165097643861164
lightgbm,600,30c140ca,7,0.731955268425157,0.6865635484688705,-0.04539171995628656,0.6660537281698691,0.6229559661619846,-0.04309776200788442,0.6852866306719644,0.6474927991013614,-0.037793831570603155,0.7786239061783496,0.7256342978363796,-0.052989608341969974,0.7262246369162205,0.7147277677150516,-0.011496869201168833,0.6818454767324703,0.6564569124462662,-0.025388564286204143
lightgbm,600,3110e0c7,7,0.58638119364986,0.5901211546019706,0.003739960952110694,0.5355843795686016,0.5375054009011982,0.0019210213325966397,0.5720585838235449,0.560393206582467,-0.01166537724107773,0.600703803476175,0.6198491026214743,0.01914529914529915,0.5822343400664299,0.5859803540597525,0.003746013993322591,0.5711759907458953,0.5732768310820298,0.0021008403361344463
lightgbm,600,40009139,7,0.8132893227222825,0.8155411110780596,0.00225178835577717,0.7988551577153762,0.800063543517154,0.0012083858017778765,0.8216154665401099,0.8965486481533189,0.07493318161320899,0.804963178904455,0.7345335740028005,-0.07042960490165459,0.8257515072721733,0.8230527313989933,-0.0026987758731801576,0.809537921226913,0.8097338304021154,0.00019590917520256084
lightgbm,600,40f0714a,7,0.802840650190082,0.8338691142072677,0.031028464017185824,0.7375324526863337,0.766427277858338,0.028894825172004226,0.8864881685819901,0.8791573415143209,-0.007330827067669172,0.7191931317981738,0.7885808869002146,0.06938775510204082,0.8027777217606411,0.8055984326672482,0.0028207109066069763,0.8086455643979322,0.8285665097426061,0.019920945344674163
lightgbm,600,41e2010c,7,0.7319386814910992,0.7775329855507527,0.0455943040596534,0.6921637711109689,0.7443878315506673,0.052224060439698516,0.7796778834838509,0.8489917465706921,0.06931386308684116,0.6841994794983475,0.7060742245308133,0.021874745032465653,0.7902043831007836,0.7802228195340737,-0.009981563566709888,0.7363532376445212,0.7756155971610511,0.0392623595165297
lightgbm,600,5001d09a,7,0.7910264310776004,0.8063826412473706,0.015356210169770115,0.7770029062346918,0.7894291854691188,0.01242627923442701,0.9005136557476459,0.8868646063843109,-0.013649049363335077,0.6815392064075548,0.7259006761104303,0.04436146970287532,0.811691054647748,0.8082175414405864,-0.0034735132071616525,0.8112505152117142,0.818260605936954,0.007010090725239932
lightgbm,600,50c02189,7,0.6333023565638803,0.7088841977818076,0.07558184121792741,0.5432421775385928,0.6910147047176155,0.14777252717902245,0.5531633294943016,0.744747585574979,0.1915842560806774,0.7134413836334589,0.6730208099886364,-0.040420573644822544,0.6984730947983275,0.7114596732110359,0.012986578412708307,0.624142886864103,0.7171539915909426,0.09301110472683957
lightgbm,600,517001af,7,0.8255211983353522,0.8132376805269693,-0.012283517808382707,0.8176730473887727,0.7890322992585831,-0.028640748130189544,0.7444770046198664,0.9033798646469099,0.15890286002704337,0.9065653920508379,0.7230954964070292,-0.1834698956438087,0.8470319474710667,0.8230684388702686,-0.02396350860079805,0.8645717969968657,0.8482751323939429,-0.016296664602922943
lightgbm,600,6030f0fd,7,0.7687506504567805,0.781461640617264,0.012710990160483477,0.7288836792637197,0.7390454221128309,0.01016174284911123,0.8346738615214935,0.7957944691194582,-0.03887939240203529,0.7028274393920677,0.76712881211507,0.06430137272300222,0.7678079281721357,0.7696777277922358,0.0018697996201000322,0.7534439915858927,0.7563675815364631,0.002923589950570325
lightgbm,600,7072a0e0,7,0.7532588738999214,0.7663954585326073,0.013136584632685664,0.6729013488328154,0.7083467305121613,0.03544538167934591,0.8074605559943968,0.8836359647158009,0.07617540872140417,0.6990571918054461,0.6491549523494132,-0.04990223945603282,0.7284394705618079,0.7361696465076483,0.007730175945840293,0.7090834248452073,0.7450711580665684,0.03598773322136121
lightgbm,600,7092f07b,7,0.6792331590119123,0.6870064525056818,0.007773293493769635,0.6290383642252778,0.6418982885119753,0.012859924286697482,0.8489590217305405,0.8610401585330875,0.012081136802547108,0.5095072962932841,0.5129727464782762,0.0034654501849921892,0.756367409499152,0.7743082561883597,0.01794084668920778,0.6806488765035896,0.7022198185616377,0.021570942058048086
lightgbm,600,7150e10a,7,0.698098331049069,0.7039378484899169,0.005839517440847859,0.634840251388663,0.6388511634219916,0.004010912033328691,0.8751162020047436,0.8675782099203906,-0.007537992084353018,0.5210804600933944,0.5402974870594431,0.01921702696604875,0.7646903697507845,0.7588879078588177,-0.005802461891966997,0.6850716843595054,0.6862389757003564,0.0011672913408511082
lightgbm,600,71a251fa,7,0.8357428627617989,0.8296244911828093,-0.006118371578989582,0.8229038763438083,0.8170251842455524,-0.005878692098255978,0.7723943480819332,0.7733886921797255,0.0009943440977923737,0.899091377441665,0.8858602901858933,-0.013231087255771616,0.8462669984787733,0.8439197061456689,-0.0023472923331043782,0.85366524320873,0.8485646313591174,-0.005100611849612794
lightgbm,600,71c09041,6,0.8123561432963617,0.7949702665099254,-0.017385876786436383,0.7948490676428385,0.7837849951869301,-0.011064072455908272,0.8922266879913133,0.9105841759140186,0.018357487922705324,0.7324855986014104,0.6793563571058322,-0.05312924149557813,0.8322042939487008,0.8277647689178304,-0.004439525030870417,0.867394127712365,0.8596810726185854,-0.007713055093779582
lightgbm,600,71e10186,7,0.9364238246576891,0.9391365080217683,0.0027126833640792603,0.9366935599711692,0.9397300979920057,0.0030365380208365877,0.9262146959275509,0.932963503163322,0.006748807235771156,0.9466329533878275,0.9453095128802147,-0.0013234405076126357,0.9423818551013099,0.9445612718886435,0.002179416787333688,0.9395453760525431,0.9422871931523679,0.0027418170998247315
lightgbm,600,71f0603f,7,0.7945905634287269,0.7934624740749836,-0.0011280893537434064,0.7968863449463409,0.7879183737038338,-0.008967971242507049,0.7219669952220439,0.7507123193285025,0.028745324106458494,0.8672141316354097,0.8362126288214646,-0.03100150281394525,0.8120479335843099,0.8110135983273176,-0.001034335256992274,0.8072316450640183,0.798336027517581,-0.00889561754643737
lightgbm,600,71f21142,6,0.7601452536832033,0.7819188298725678,0.02177357618936458,0.7279084566896389,0.7729966641917856,0.04508820750214676,0.879845371417029,0.904906911184451,0.025061539767422102,0.6404451359493775,0.6589307485606845,0.018485612611307028,0.8071510865115036,0.8259244899059724,0.018773403394468813,0.7851415864193095,0.8267324408892178,0.04159085446990816
lightgbm,600,8030618f,7,0.7709552070815804,0.7584261855368098,-0.012529021544770647,0.6617445500596009,0.6805381407990124,0.018793590739411687,0.8682865729354401,0.9104874225136738,0.04220084957823367,0.6736238412277208,0.6063649485599459,-0.06725889266777492,0.7217378562816325,0.7310160446057191,0.009278188324086476,0.6880173175181615,0.7344858972727776,0.04646857975461617
lightgbm,600,8191f1d9,7,0.6777305880009978,0.7111080546030168,0.033377466602019124,0.5531879181501773,0.6815841855550558,0.12839626740487867,0.41292473632079246,0.7047492398615434,0.29182450354075096,0.942536439681203,0.7174668693444904,-0.22506957033671265,0.7136806475627451,0.7459393378718656,0.03225869030912037,0.5853266504590924,0.7632099721223736,0.1778833216632813
lightgbm,600,81e150c1,7,0.752934060565293,0.7512459933571354,-0.0016880672081575224,0.699740886213387,0.6942412202306306,-0.005499665982756348,0.862303867122254,0.8684438863829703,0.006140019260716326,0.643564254008332,0.6340481003313004,-0.009516153677031403,0.7183242621348432,0.7138317354387461,-0.004492526696097089,0.7484925814606912,0.7413968543976269,-0.007095727063064351
lightgbm,600,81f1f0fe,7,0.7544243342539334,0.7595213676611721,0.005097033407238756,0.7209275375570273,0.7220751788385511,0.0011476412815236068,0.774400111175628,0.7142952849925229,-0.06010482618310511,0.7344485573322385,0.8047474503298211,0.07029889299758266,0.7493092854357515,0.7499730430705068,0.0006637576347552354,0.7433996880639876,0.7441055666899875,0.0007058786259998959
lightgbm,600,a02151ac,7,0.7183405894077818,0.718443874758275,0.00010328535049321439,0.6875382870274532,0.7110977791658889,0.02355949213843584,0.6204533015825957,0.7697762466120598,0.14932294502946405,0.8162278772329677,0.6671115029044902,-0.14911637432847757,0.7489160699859185,0.736570906355969,-0.012345163629949465,0.7312481442857035,0.7421274756817345,0.010879331396030891
lightgbm,600,a1721173,7,0.7463406241036449,0.7463406241036449,0.0,0.7449407310749713,0.7449407310749713,0.0,0.7548376207734134,0.7548376207734134,0.0,0.7378436274338761,0.7378436274338761,0.0,0.800192025581438,0.800192025581438,0.0,0.789964756995384,0.789964756995384,0.0
lightgbm,600,a1b210fc,7,0.7785227745550414,0.7266880450037049,-0.05183472955133658,0.7645222431806049,0.6848037829620327,-0.07971846021857207,0.8400591837919889,0.663052614643106,-0.17700656914888277,0.7169863653180941,0.7903234753643037,0.07333711004620969,0.7911064040061718,0.7862378375471686,-0.004868566459003195,0.7985887504484351,0.7265904692350051,-0.07199828121343008
lightgbm,600,b0700166,7,0.6674778293627546,0.6921647672655675,0.024686937902812973,0.5778322918376091,0.630365644973395,0.052533353135785846,0.7635834336524994,0.7653684529775536,0.0017850193250541966,0.5713722250730096,0.6189610815535813,0.04758885648057173,0.7094639616934011,0.7159929911901852,0.0065290294967841654,0.6164481178761676,0.6597058597626185,0.04325774188645106
lightgbm,600,b112005d,7,0.6997753318770535,0.6789171712345083,-0.02085816064254531,0.6694760875299177,0.6237497295621665,-0.04572635796775126,0.7707551162108702,0.8317221427281434,0.06096702651727325,0.6287955475432371,0.5261121997408733,-0.10268334780236388,0.7269886734009235,0.7294226815516913,0.002434008150767949,0.71896388218714,0.6818105811296192,-0.03715330105752091
lightgbm,600,b1c2f044,7,0.8027400581330637,0.8365024030598927,0.03376234492682917,0.7840133466834426,0.8331448881898819,0.049131541506439357,0.8850151758944519,0.8863373773077793,0.001322201413327411,0.7204649403716753,0.7866674288120062,0.06620248844033097,0.8317725179749292,0.8499168269874472,0.018144309012517987,0.8190463138027458,0.8650173321307068,0.04597101832796085
lightgbm,600,c060c06a,7,0.7457250594253482,0.7737307990570584,0.028005739631710252,0.699009617619967,0.727309410608801,0.028299792988834165,0.5670108647495659,0.7257731391425059,0.15876227439294013,0.9244392541011307,0.8216884589716111,-0.10275079512951958,0.7837377314065306,0.7849640160146004,0.0012262846080697911,0.7891357919261667,0.8102702057569571,0.021134413830790337
lightgbm,600,c112918e,7,0.6630774752649291,0.7309474157808499,0.06786994051592077,0.6011421679418333,0.710462767454843,0.10932059951300976,0.46057306688091615,0.7362597066271129,0.2756866397461969,0.8655818836489421,0.7256351249345867,-0.13994675871435538,0.7584528846900513,0.7827715583754166,0.024318673685365173,0.6613440064278503,0.7439976451124324,0.08265363868458205
lightgbm,600,c1a150b1,6,0.7038028215200721,0.6706361892460775,-0.033166632273994634,0.6563104642066458,0.6373230485324556,-0.018987415674190194,0.8120946832436319,0.8636381456913497,0.05154346244771776,0.5955109597965124,0.4776342328008054,-0.11787672699570702,0.7706862746637592,0.7990686442514668,0.028382369587707717,0.7113171657672724,0.724349113138978,0.013031947371705524
lightgbm,600,d0724095,7,0.7455505655077932,0.7657647891578192,0.02021422365002609,0.7153003251746791,0.7449905173726182,0.029690192197938985,0.706479545939014,0.7224561798210386,0.01597663388202444,0.7846215850765722,0.8090733984945999,0.024451813418027664,0.7805019435760167,0.7835440356901351,0.003042092114118322,0.7413139259621563,0.7655021870447282,0.024188261082572025
lightgbm,600,d0e2d025,7,0.7599766347126,0.7832285934295254,0.023251958716925487,0.7393731539768397,0.7607122026742169,0.02133904869737735,0.814963295240534,0.878227699678537,0.0632644044380029,0.7049899741846659,0.688229487180514,-0.016760487004151954,0.7937481965527208,0.7862448792339515,-0.007503317318769235,0.7849508591624039,0.7930816285715323,0.008130769409128411
lightgbm,600,d111e017,7,0.8743348991013694,0.8743805350216645,4.5635920295098286e-05,0.8694109075934218,0.8697629023810405,0.0003519947876188415,0.8280382053378611,0.826438238566865,-0.0015999667709962037,0.9206315928648774,0.922322831476464,0.0016912386115864875,0.8826231478495388,0.8816700728602684,-0.0009530749892702353,0.8711945837294105,0.8714212267743353,0.0002266430449249235
lightgbm,600,d142d110,7,0.7266368184562483,0.7013029517612414,-0.02533386669500696,0.6991520669444056,0.6664668873044698,-0.0326851796399359,0.6254281022753929,0.5609781843771992,-0.06444991789819376,0.8278455346371036,0.8416277191452836,0.013782184508179838,0.7042373353839422,0.680146104752079,-0.024091230631863143,0.7815529211246641,0.7459081143890638,-0.035644806735600346
lightgbm,600,d151b0c4,7,0.7738068793381332,0.7693684609519925,-0.0044384183861406745,0.7657409421878337,0.770940140333317,0.005199198145483324,0.7549963807016885,0.8163253570341842,0.06132897633249553,0.792617377974578,0.7224115648698011,-0.07020581310477687,0.7928112469189285,0.7989331784061459,0.006121931487217355,0.7863623854000213,0.7973770988075354,0.011014713407514096
lightgbm,600,d18000a3,7,0.8237251917591005,0.8422004832055129,0.018475291446412374,0.7628297768446751,0.7877335178029671,0.02490374095829197,0.7897947343580863,0.8511122129624314,0.06131747860434495,0.8576556491601145,0.8332887534485943,-0.02436689571152016,0.7748724529110194,0.7844951477824296,0.009622694871410273,0.8159215408945387,0.8385996173878946,0.022678076493355754
lightgbm,600,e0c0408a,5,0.7428949876866432,0.7899053143829898,0.04701032669634662,0.7144903308130683,0.7866181902230771,0.07212785941000867,0.7548922765808509,0.8464727385859842,0.0915804620051334,0.7308976987924356,0.7333378901799955,0.0024401913875597868,0.8048180076628352,0.8200371407078775,0.015219133045042254,0.7527903582077814,0.817818121785493,0.06502776357771159
lightgbm,600,f0f2a1e1,7,0.8203375659334106,0.8134814734080139,-0.006856092525396651,0.7989289227323696,0.7945483427153438,-0.0043805800170257135,0.8285901155703088,0.8551572581680398,0.026567142597731092,0.8120850162965123,0.7718056886479878,-0.040279327648524425,0.7991124595084089,0.8040326685830037,0.004920209074595021,0.8390917505517758,0.8378208345607459,-0.001270915991029829
lightgbm,600,f121f1e0,7,0.7032089221717308,0.7350928938898404,0.03188397171810969,0.6634792354414668,0.702806951715284,0.03932771627381715,0.8798806191239674,0.8678850861177783,-0.011995533006189116,0.5265372252194941,0.6023007016619025,0.07576347644240851,0.7522472025716022,0.7549818666579083,0.0027346640863062615,0.6944542754944543,0.7226450746909724,0.028190799196518155
lightgbm,600,f1a0c120,7,0.7192285385056209,0.7452461712420025,0.026017632736381722,0.7233936098464266,0.752350015891371,0.028956406044944278,0.6443910391730373,0.7001837174541429,0.055792678281105464,0.7940660378382042,0.7903086250298621,-0.003757412808342044,0.8059896165071029,0.8121083220197117,0.006118705512608672,0.826743693952845,0.8194795379824298,-0.007264155970415171
lightgbm,600,f1d06060,7,0.7322676685709533,0.8042503074198873,0.07198263884893412,0.6815580393655433,0.7834729921684208,0.1019149528028777,0.6698200057795448,0.7541703657310229,0.08435035995147809,0.7947153313623616,0.8543302491087518,0.05961491774639011,0.7722151587794419,0.7886748530907847,0.016459694311342737,0.7077951638828549,0.8028224902198763,0.09502732633702138
lightgbm,900,0001508a,7,0.7351445540045296,0.7789954162579092,0.043850862253379815,0.7072693298796521,0.7853628192291519,0.07809348934949953,0.641730553644053,0.7749139223658267,0.13318336872177364,0.8285585543650059,0.783076910149992,-0.04548164421501401,0.7996585744731153,0.8131062964091269,0.013447721936011483,0.7790182208474575,0.8415084822804616,0.06249026143300392
lightgbm,900,0012905a,7,0.7498175804251822,0.7534389717275508,0.003621391302368493,0.7462035664778348,0.7537459685365284,0.007542402058693625,0.8613201731294237,0.8495746355974524,-0.011745537531971289,0.6383149877209409,0.6573033078576491,0.018988320136708307,0.777839711466215,0.7884772004691933,0.010637489002978293,0.7599232105979444,0.7703368638799489,0.010413653282004545
lightgbm,900,0110f12e,7,0.8206767861366455,0.8210949125153016,0.0004181263786559665,0.8161611372974736,0.8154023812594197,-0.0007587560380539284,0.8232983713990148,0.871224552392737,0.04792618099372243,0.8180552008742765,0.7709652726378659,-0.04708992823641055,0.8216624785154928,0.8185715913856619,-0.003090887129830871,0.8223571604545864,0.8211543561980799,-0.0012028042565065083
lightgbm,900,0182e16c,7,0.6941567122411267,0.8029784056987002,0.1088216934575733,0.6404192756033765,0.7645422223725408,0.12412294676916422,0.662860997583976,0.7940031283288915,0.13114213074491543,0.7254524268982774,0.8119536830685085,0.08650125617023112,0.7750558045651516,0.758748826404363,-0.01630697816078846,0.7014132156603576,0.8007188727565453,0.0993056570961877
lightgbm,900,01c2a0d8,7,0.7833500335873779,0.7951467987909621,0.011796765203584319,0.7620659015734562,0.7732202927094927,0.011154391136036414,0.7306323552141866,0.907313760137801,0.1766814049236145,0.836067711960569,0.6829798374441232,-0.15308787451644593,0.7893197280152815,0.7999949778920851,0.010675249876803619,0.8125822719340817,0.8039529365437047,-0.008629335390377024
lightgbm,900,1081b177,7,0.777486651332083,0.7938767412768643,0.016390089944781226,0.7635741851881522,0.7842254239732609,0.020651238785108692,0.6036810341888703,0.6722160332323199,0.0685349990434497,0.9512922684752957,0.9155374493214083,-0.035754819153887195,0.8122693519664239,0.8029293100393723,-0.009340041927051687,0.7980127350563413,0.8116280364099137,0.013615301353572315
lightgbm,900,20201194,7,0.7235403831284388,0.7773076445713064,0.053767261442867746,0.704313818455243,0.7701229220822948,0.06580910362705185,0.6985025482977198,0.7180314978517951,0.019528949554075185,0.7485782179591578,0.8365837912908182,0.0880055733316603,0.7733452441610676,0.7970011260722656,0.02365588191119783,0.7479512210338699,0.8108547225846658,0.062903501550796
lightgbm,900,2162c09e,7,0.7774342510604042,0.8097432508479759,0.03230899978757155,0.7633223916475844,0.7872245609771891,0.023902169329604633,0.6268653143054236,0.7309249756281497,0.1040596613227263,0.928003187815385,0.888561526067802,-0.039441661747583234,0.8021365485835259,0.8138252336101274,0.01168868502660165,0.8206648253357198,0.8263488213001592,0.005683995964439327
lightgbm,900,2182c1cd,7,0.7445936301438291,0.7787163223745878,0.034122692230758714,0.7239428477354163,0.7662045019149488,0.04226165417953257,0.5623036446074978,0.6645961785661231,0.10229253395862518,0.9268836156801605,0.8928364661830528,-0.034047149497107805,0.7757460688443915,0.7879575769055059,0.012211508061114484,0.7384461102338034,0.7765662249209316,0.03812011468712823
lightgbm,900,219060fa,5,0.7697911233485356,0.7999554203787058,0.030164297030170296,0.7717595152391818,0.8071395868657497,0.035380071626568046,0.804863813475458,0.8093675294455369,0.004503715970079059,0.7347184332216132,0.7905433113118748,0.0558248780902616,0.8422080714723,0.8350598173271757,-0.007148254145124389,0.822648124786135,0.8382335038881606,0.015585379102025666
lightgbm,900,21a031f6,7,0.7681030349384628,0.7652461621794033,-0.0028568727590594367,0.7294888287944816,0.7367063926921844,0.007217563897702751,0.740905658686872,0.8718928517058957,0.1309871930190238,0.7953004111900536,0.658599472652911,-0.13670093853714266,0.7564153530030902,0.7774427180220046,0.021027365018914557,0.7452383826812408,0.7643451129027208,0.01910673022148019
lightgbm,900,30908049,7,0.7219783027920543,0.7512829019617424,0.0293045991696881,0.6620685485270578,0.6697661256099112,0.007697577082853545,0.7860998059878195,0.8667586319482954,0.08065882596047588,0.6578567995962893,0.6358071719751897,-0.022049627621099632,0.7376291940228954,0.6967549581915808,-0.04087423583131463,0.7243943634724433,0.70567546435169,-0.018718899120753214
lightgbm,900,30c140ca,7,0.731955268425157,0.6825886178252043,-0.04936665059995277,0.6660537281698691,0.6190263469213498,-0.04702738124851926,0.6852866306719644,0.6392961916632874,-0.0459904390086771,0.7786239061783496,0.725881043987121,-0.052742862191228417,0.7262246369162205,0.712343802766017,-0.013880834150203405,0.6818454767324703,0.653269552596666,-0.02857592413580436
lightgbm,900,3110e0c7,7,0.58638119364986,0.5799222690316983,-0.006458924618161633,0.5355843795686016,0.5309324922206049,-0.004651887347996693,0.5720585838235449,0.521938375131341,-0.05012020869220377,0.600703803476175,0.6379061629320557,0.037202359455880574,0.5822343400664299,0.5827858198353786,0.0005514797689485849,0.5711759907458953,0.5711250498486563,-5.0940897239004634e-05
lightgbm,900,40009139,7,0.8132893227222825,0.8142365171256495,0.000947194403366991,0.7988551577153762,0.7982726007746681,-0.0005825569407081581,0.8216154665401099,0.891655425609862,0.07003995906975209,0.804963178904455,0.7368176086414371,-0.06814557026301803,0.8257515072721733,0.8207998101885633,-0.0049516970836098895,0.809537921226913,0.8073756826189763,-0.0021622386079365808
lightgbm,900,40f0714a,7,0.802840650190082,0.8185719427070888,0.01573129251700678,0.7375324526863337,0.7600089112016813,0.022476458515347613,0.8864881685819901,0.8829167400105614,-0.003571428571428575,0.7191931317981738,0.7542271454036161,0.035034013605442185,0.8027777217606411,0.7992515166564663,-0.00352620510417461,0.8086455643979322,0.8270380798020442,0.018392515404112193
lightgbm,900,41e2010c,7,0.7319386814910992,0.7921860492954134,0.06024736780431413,0.6921637711109689,0.7614782963111489,0.06931452520018007,0.7796778834838509,0.8516307331998264,0.0719528497159756,0.6841994794983475,0.7327413653910001,0.04854188589265272,0.7902043831007836,0.7796714106190088,-0.010532972481774807,0.7363532376445212,0.7881528946061023,0.05179965696158097
lightgbm,900,5001d09a,7,0.7910264310776004,0.8057446763648227,0.014718245287222462,0.7770029062346918,0.7902824225900285,0.01327951635533656,0.9005136557476459,0.890473101064234,-0.010040554683411838,0.6815392064075548,0.7210162516654117,0.039477045257856815,0.811691054647748,0.8101122347001465,-0.0015788199476015777,0.8112505152117142,0.8200010736777097,0.008750558465995515
lightgbm,900,50c02189,7,0.6333023565638803,0.7087154429501507,0.07541308638627031,0.5432421775385928,0.7056866920412336,0.16244451450264075,0.5531633294943016,0.6861150424459359,0.13295171295163435,0.7134413836334589,0.7313158434543653,0.017874459820906203,0.6984730947983275,0.7137356377212516,0.01526254292292395,0.624142886864103,0.7312696446267513,0.10712675776264821
lightgbm,900,517001af,7,0.8255211983353522,0.8221548599763553,-0.0033663383589970708,0.8176730473887727,0.7952415995553485,-0.02243144783342423,0.7444770046198664,0.8972949061481028,0.15281790152823632,0.9065653920508379,0.7470148138046075,-0.15955057824623045,0.8470319474710667,0.8208958649949896,-0.026136082476077238,0.8645717969968657,0.8517375155573946,-0.012834281439471296
lightgbm,900,6030f0fd,7,0.7687506504567805,0.7841639365659214,0.015413286109140976,0.7288836792637197,0.7441693901079278,0.015285710844208378,0.8346738615214935,0.8132951670648263,-0.02137869445666723,0.7028274393920677,0.755032706067017,0.052205266674949215,0.7678079281721357,0.7737898294242059,0.005981901252070416,0.7534439915858927,0.7621985811546522,0.008754589568759599
lightgbm,900,7072a0e0,7,0.7532588738999214,0.7669498814849892,0.013691007585067725,0.6729013488328154,0.7125732371360171,0.03967188830320157,0.8074605559943968,0.8785517668929018,0.07109121089850508,0.6990571918054461,0.6553479960770764,-0.04370919572836962,0.7284394705618079,0.7404168924720438,0.01197742191023597,0.7090834248452073,0.7527495998500723,0.043666175004865186
lightgbm,900,7092f07b,7,0.6792331590119123,0.7055970212490541,0.0263638622371419,0.6290383642252778,0.6653436791879536,0.036305314962675715,0.8489590217305405,0.8449116102076648,-0.004047411522875474,0.5095072962932841,0.5662824322904433,0.056775135997159276,0.756367409499152,0.7740110823851701,0.017643672886017998,0.6806488765035896,0.7206500283980976,0.040001151894507925
lightgbm,900,7150e10a,7,0.698098331049069,0.7076929724265935,0.0095946413775244,0.634840251388663,0.6445853393097746,0.009745087921111775,0.8751162020047436,0.8757075016987351,0.0005912996939916157,0.5210804600933944,0.5396784431544516,0.0185979830610572,0.7646903697507845,0.7635853882099172,-0.0011049815408674033,0.6850716843595054,0.6904215443664368,0.005349860006931432
lightgbm,900,71a251fa,7,0.8357428627617989,0.8276412768097163,-0.008101585952082546,0.8229038763438083,0.7922466602265208,-0.03065721611728773,0.7723943480819332,0.7196401261496289,-0.05275422193230412,0.899091377441665,0.935642427469804,0.036551050028138965,0.8462669984787733,0.8453195467341311,-0.0009474517446421535,0.85366524320873,0.8063164803165505,-0.047348762892179826
lightgbm,900,71c09041,6,0.8123561432963617,0.8140518666682458,0.001695723371884154,0.7948490676428385,0.8048084650090835,0.00995939736624509,0.8922266879913133,0.9564595935882269,0.06423290559691362,0.7324855986014104,0.6716441397482651,-0.06084145885314529,0.8322042939487008,0.8432905441500713,0.011086250201370515,0.867394127712365,0.8820280370164887,0.01463390930412369
lightgbm,900,71e10186,7,0.9364238246576891,0.9395591622905765,0.0031353376328873772,0.9366935599711692,0.940099762375553,0.0034062024043839084,0.9262146959275509,0.9338088117009383,0.00759411577338739,0.9466329533878275,0.9453095128802147,-0.0013234405076126357,0.9423818551013099,0.9447877589788369,0.002405903877527133,0.9395453760525431,0.9426018564626258,0.0030564804100827576
lightgbm,900,71f0603f,7,0.7945905634287269,0.7964976569429579,0.0019070935142309223,0.7968863449463409,0.7916220045259631,-0.00526434042037787,0.7219669952220439,0.7535820825054724,0.03161508728342838,0.8672141316354097,0.8394132313804432,-0.02780090025496654,0.8120479335843099,0.8145300351159177,0.002482101531607978,0.8072316450640183,0.8020373528713893,-0.005194292192629045
lightgbm,900,71f21142,6,0.7601452536832033,0.7834313524057799,0.02328609872257668,0.7279084566896389,0.7655644800865673,0.0376560233969284,0.879845371417029,0.928533730722318,0.048688359305289,0.6404451359493775,0.6383289740892418,-0.002116161860135598,0.8071510865115036,0.818531618546012,0.011380532034508542,0.7851415864193095,0.8185164784479033,0.033374892028593596
lightgbm,900,8030618f,7,0.7709552070815804,0.7659868891104067,-0.004968317971173792,0.6617445500596009,0.6913584508893946,0.029613900829793934,0.8682865729354401,0.906699653432476,0.03841308049703588,0.6736238412277208,0.6252741247883373,-0.0483497164393834,0.7217378562816325,0.7317783220696574,0.010040465788024913,0.6880173175181615,0.7445039560495162,0.05648663853135481
lightgbm,900,8191f1d9,7,0.6777305880009978,0.7221736223254868,0.04444303432448899,0.5531879181501773,0.7130170492967375,0.1598291311465602,0.41292473632079246,0.7698858258224178,0.3569610895016254,0.942536439681203,0.6744614188285557,-0.26807502085264734,0.7136806475627451,0.7426389729370758,0.028958325374330518,0.5853266504590924,0.801639929669139,0.21631327921004664
lightgbm,900,81e150c1,7,0.752934060565293,0.7536944087201535,0.000760348154860654,0.699740886213387,0.6959498182275474,-0.0037910679858395185,0.862303867122254,0.872446478383626,0.010142611261372027,0.643564254008332,0.6349423390566812,-0.008621914951650751,0.7183242621348432,0.7159310058716872,-0.0023932562631560073,0.7484925814606912,0.7430235200681091,-0.005469061392582234
lightgbm,900,81f1f0fe,7,0.7544243342539334,0.7557271769907441,0.0013028427368107101,0.7209275375570273,0.7350659988577021,0.014138461300674659,0.774400111175628,0.6884100792791832,-0.08599003189644486,0.7344485573322385,0.8230442747023048,0.08859571737006634,0.7493092854357515,0.7466782853996218,-0.002631000036129657,0.7433996880639876,0.7683920841275613,0.02499239606357381
lightgbm,900,a02151ac,7,0.7183405894077818,0.7171305415723046,-0.0012100478354771477,0.6875382870274532,0.6903234027459094,0.002785115718456236,0.6204533015825957,0.6993357433367074,0.07888244175411192,0.8162278772329677,0.7349253398079015,-0.08130253742506614,0.7489160699859185,0.7583269421182139,0.00941087213229538,0.7312481442857035,0.7394780055124321,0.00822986122672861
lightgbm,900,a1721173,7,0.7463406241036449,0.7463406241036449,0.0,0.7449407310749713,0.7449407310749713,0.0,0.7548376207734134,0.7548376207734134,0.0,0.7378436274338761,0.7378436274338761,0.0,0.800192025581438,0.800192025581438,0.0,0.789964756995384,0.789964756995384,0.0
lightgbm,900,a1b210fc,7,0.7785227745550414,0.7538342554361014,-0.024688519118940083,0.7645222431806049,0.7430840975222319,-0.021438145658372924,0.8400591837919889,0.7472007971748845,-0.09285838661710454,0.7169863653180941,0.7604677136973185,0.0434813483792244,0.7911064040061718,0.793356142710409,0.0022497387042372014,0.7985887504484351,0.7803439087364791,-0.018244841711956155
lightgbm,900,b0700166,7,0.6674778293627546,0.683104730416451,0.015626901053696525,0.5778322918376091,0.6388738531979848,0.06104156136037586,0.7635834336524994,0.811621073522627,0.04803763987012758,0.5713722250730096,0.5545883873102749,-0.01678383776273459,0.7094639616934011,0.7254396429155994,0.015975681222198248,0.6164481178761676,0.6885573822810555,0.07210926440488787
lightgbm,900,b112005d,7,0.6997753318770535,0.6936757394304097,-0.006099592446643899,0.6694760875299177,0.6432846786170157,-0.026191408912902028,0.7707551162108702,0.8328346662536845,0.062079550042814284,0.6287955475432371,0.5545168126071351,-0.07427873493610204,0.7269886734009235,0.7322965068857142,0.005307833484790644,0.71896388218714,0.68664805875461,-0.03231582343253002
lightgbm,900,b1c2f044,7,0.8027400581330637,0.8364093319698785,0.03366927383681478,0.7840133466834426,0.8320137622990248,0.04800041561558225,0.8850151758944519,0.8713028010311519,-0.013712374863300094,0.7204649403716753,0.801515862908605,0.08105092253692962,0.8317725179749292,0.8500487721980846,0.018276254223155503,0.8190463138027458,0.8633332930725434,0.04428697926979763
lightgbm,900,c060c06a,7,0.7457250594253482,0.7786710112264446,0.032945951801096336,0.699009617619967,0.7342069583009485,0.03519734068098162,0.5670108647495659,0.7161588951220466,0.1491480303724808,0.9244392541011307,0.8411831273308427,-0.08325612677028812,0.7837377314065306,0.7878119814874823,0.004074250080951747,0.7891357919261667,0.8171923828469904,0.028056590920823576
lightgbm,900,c112918e,7,0.6630774752649291,0.7263663047015674,0.0632888294366383,0.6011421679418333,0.6971055476392133,0.09596337969737997,0.46057306688091615,0.7129065477357888,0.2523334808548726,0.8655818836489421,0.739826061667346,-0.12575582198159604,0.7584528846900513,0.7834274837489896,0.02497459905893819,0.6613440064278503,0.7376637766571106,0.07631977022926022
lightgbm,900,c1a150b1,6,0.7038028215200721,0.6968350460039113,-0.006967775516160919,0.6563104642066458,0.6801015631325456,0.02379109892589974,0.8120946832436319,0.8682507267666967,0.056156043523064796,0.5955109597965124,0.5254193652411258,-0.07009159455538662,0.7706862746637592,0.7952262850552397,0.024540010391480443,0.7113171657672724,0.7518015791546636,0.04048441338739125
lightgbm,900,d0724095,7,0.7455505655077932,0.7636483266817027,0.01809776117390947,0.7153003251746791,0.7441459801787119,0.02884565500403283,0.706479545939014,0.6940196009439179,-0.012459944995096117,0.7846215850765722,0.8332770524194874,0.048655467342915024,0.7805019435760167,0.7822727397103436,0.0017707961343267828,0.7413139259621563,0.7647262698973222,0.02341234393516591
lightgbm,900,d0e2d025,7,0.7599766347126,0.7834401334580517,0.023463498745451727,0.7393731539768397,0.7615985678173197,0.02222541384048011,0.814963295240534,0.8790839544288401,0.06412065918830599,0.7049899741846659,0.6877963124872634,-0.017193661697402607,0.7937481965527208,0.7879638924450457,-0.005784304107675053,0.7849508591624039,0.794619662967177,0.009668803804773021
lightgbm,900,d111e017,7,0.8743348991013694,0.8743805350216645,4.5635920295098286e-05,0.8694109075934218,0.8697629023810405,0.0003519947876188415,0.8280382053378611,0.826438238566865,-0.0015999667709962037,0.9206315928648774,0.922322831476464,0.0016912386115864875,0.8826231478495388,0.8816700728602684,-0.0009530749892702353,0.8711945837294105,0.8714212267743353,0.0002266430449249235
lightgbm,900,d142d110,7,0.7266368184562483,0.719058856990901,-0.007577961465347362,0.6991520669444056,0.6866555402304283,-0.01249652671397732,0.6254281022753929,0.5949976542341074,-0.03043044804128549,0.8278455346371036,0.8431200597476944,0.015274525110590702,0.7042373353839422,0.6966284312650917,-0.00760890411885052,0.7815529211246641,0.7586009916718842,-0.022951929452779924
lightgbm,900,d151b0c4,7,0.7738068793381332,0.7695010292173873,-0.004305850120746072,0.7657409421878337,0.771172931906167,0.00543198971833322,0.7549963807016885,0.8127116808919909,0.05771530019030228,0.792617377974578,0.7262903775427836,-0.06632700043179443,0.7928112469189285,0.7989249036973429,0.006113656778414213,0.7863623854000213,0.7974319633944197,0.011069577994398403
lightgbm,900,d18000a3,7,0.8237251917591005,0.8357712170145964,0.012046025255495902,0.7628297768446751,0.7820347956925874,0.01920501884791218,0.7897947343580863,0.8250491506407285,0.03525441628264208,0.8576556491601145,0.8464932833884643,-0.011162365771650196,0.7748724529110194,0.7800498367780221,0.005177383867002695,0.8159215408945387,0.8334995681905651,0.01757802729602642
lightgbm,900,e0c0408a,5,0.7428949876866432,0.8011088599194608,0.05821387223281749,0.7144903308130683,0.800703237047712,0.08621290623464345,0.7548922765808509,0.8549700552228359,0.1000777786419849,0.7308976987924356,0.7472476646160857,0.016349965823650014,0.8048180076628352,0.8284580721003134,0.023640064437478302,0.7527903582077814,0.8265288476793173,0.07373848947153606
lightgbm,900,f0f2a1e1,7,0.8203375659334106,0.8237833074343612,0.0034457415009507037,0.7989289227323696,0.7935285324984769,-0.005400390233892637,0.8285901155703088,0.877077205127286,0.048487089556977385,0.8120850162965123,0.7704894097414364,-0.04159560655507598,0.7991124595084089,0.7969299783025947,-0.002182481205813959,0.8390917505517758,0.835226659894996,-0.003865090656779789
lightgbm,900,f121f1e0,7,0.7032089221717308,0.7487162886850633,0.0455073665133326,0.6634792354414668,0.7179401595322031,0.05446092409073644,0.8798806191239674,0.8131274044120643,-0.06675321471190306,0.5265372252194941,0.6843051729580623,0.15776794773856823,0.7522472025716022,0.7603458231128457,0.008098620541243487,0.6944542754944543,0.7383918826946964,0.04393760720024228
lightgbm,900,f1a0c120,7,0.7192285385056209,0.7470817126990451,0.02785317419342435,0.7233936098464266,0.7577356807467285,0.03434207090030178,0.6443910391730373,0.7247695699352887,0.08037853076225142,0.7940660378382042,0.7693938554628014,-0.024672182375402696,0.8059896165071029,0.8107545840428629,0.004764967535760009,0.826743693952845,0.8250704384176962,-0.0016732555351486322
lightgbm,900,f1d06060,7,0.7322676685709533,0.8094566844743286,0.07718901590337536,0.6815580393655433,0.7879801338145541,0.10642209444901098,0.6698200057795448,0.7713288641354507,0.10150885835590569,0.7947153313623616,0.8475845048132067,0.05286917345084501,0.7722151587794419,0.7899599171940771,0.01774475841463525,0.7077951638828549,0.8066467653064784,0.09885160142362351
xgboost,300,0001508a,7,0.6939380676580142,0.6828584998091233,-0.011079567848890906,0.6558760151577001,0.6764963933460253,0.020620378188325246,0.591815132265778,0.6502235771355768,0.058408444869798744,0.7960610030502503,0.7154934224826698,-0.08056758056758055,0.7564543224647611,0.7686301276238648,0.012175805159103674,0.7428726045658153,0.7813919842454159,0.03851937967960068
xgboost,300,0012905a,7,0.7486392739873425,0.723320728802893,-0.025318545184449554,0.7460552523780886,0.7137044401664733,-0.032350812211615274,0.870763746920073,0.8598489679469997,-0.010914778973073089,0.626514801054612,0.5867924896587858,-0.03972231139582605,0.7785421720290809,0.7696878246525499,-0.008854347376530982,0.7605279849875662,0.7350949324226201,-0.02543305256494607
xgboost,300,0110f12e,7,0.81032569189297,0.8136135931961477,0.003287901303177687,0.8054551985706395,0.8068739147399372,0.001418716169297737,0.8104765104577999,0.8389432552181268,0.02846674476032694,0.8101748733281401,0.7882839311741685,-0.021890942153971565,0.8092767714771492,0.8142729440482653,0.004996172571116223,0.8112788119401394,0.8131433713111036,0.0018645593709643185
xgboost,300,0182e16c,7,0.673460906532984,0.70939057215651,0.035929665623526126,0.6157195413078113,0.6666822057464721,0.05096266443866087,0.6500372164131089,0.7055606987905011,0.055523482377392255,0.6968845966528591,0.713220445522519,0.016335848869659997,0.7604727973304557,0.7687239089564463,0.008251111625990586,0.6866765763272175,0.7194513715065929,0.032774795179375316
xgboost,300,01c2a0d8,7,0.7797008254894663,0.7794566992967983,-0.0002441261926680673,0.7569913713984023,0.7495278848269885,-0.007463486571413777,0.724590541167823,0.8269470630558325,0.10235652188800956,0.8348111098111097,0.7319663355377642,-0.10284477427334571,0.7884715926528819,0.7950731608321198,0.006601568179237849,0.8078343824493991,0.7813127723290629,-0.02652161012033622
xgboost,300,1081b177,7,0.7900217374678787,0.8144387837497273,0.024417046281848535,0.7760365448590918,0.8069719304398806,0.030935385580788805,0.6282479810523502,0.7212593683638823,0.09301138731153201,0.9517954938834073,0.9076181991355725,-0.04417729474783494,0.8195941937494284,0.820543190175073,0.0009489964256446422,0.808900740067242,0.8313792432987894,0.02247850323154759
xgboost,300,20201194,7,0.712578393116791,0.7621773930827267,0.04959899996593558,0.6943639403428575,0.7550994653357342,0.06073552499287681,0.6754625508858629,0.7969994380634537,0.12153688717759069,0.749694235347719,0.7273553481019993,-0.02233888724571953,0.7643968266446807,0.7719219523779112,0.007525125733230323,0.7384921430340184,0.7869986433371986,0.048506500303180156
xgboost,300,2162c09e,7,0.7948242303814298,0.8007225841303214,0.005898353748891662,0.7800595715566195,0.7765407476390641,-0.0035188239175554725,0.6583578752308058,0.7046789374268089,0.04632106219600303,0.9312905855320539,0.8967662308338342,-0.03452435469821973,0.8138633861226989,0.8016657871032475,-0.012197599019451435,0.8260090064989464,0.8169377639893308,-0.009071242509615487
xgboost,300,2182c1cd,7,0.720401965708059,0.7391244521709217,0.018722486462862724,0.7016425673459548,0.7308698585857957,0.029227291239840896,0.5259812373564231,0.6104484402727735,0.08446720291635039,0.914822694059695,0.86780046406907,-0.04702222999062495,0.7551884098983118,0.7601978666188131,0.0050094567205012375,0.7206509183853237,0.7478811647473037,0.027230246361979984
xgboost,300,219060fa,5,0.7572819632248515,0.7752844873131064,0.018002524088254958,0.755846905474814,0.7749740603591223,0.01912715488430834,0.8090488618368086,0.8298441490238485,0.02079528718703978,0.7055150646128945,0.7207248256023646,0.015209760989470144,0.8253312715557899,0.8209374291243211,-0.004393842431468764,0.8064522503880566,0.8143721242636015,0.007919873875544848
xgboost,300,21a031f6,7,0.7722063033059902,0.7605842631855942,-0.01162204012039598,0.7342664330475154,0.7211544318980488,-0.013112001149466581,0.7318105611744267,0.7477821672081445,0.015971606033717833,0.8126020454375537,0.7733863591630439,-0.03921568627450981,0.7605735827365089,0.7568188333203605,-0.003754749416148379,0.7508639104131117,0.7399448931246677,-0.010919017288444053
xgboost,300,30908049,7,0.7191714321378637,0.730093440655109,0.010922008517245198,0.6580762760252599,0.6549770814026973,-0.0030991946225625844,0.7906289739235693,0.8384317261004685,0.04780275217689901,0.6477138903521583,0.6217551552097497,-0.025958735142408602,0.7219592570159711,0.7041632903595766,-0.01779596665639446,0.7231167150955373,0.7083514632035924,-0.01476525189194484
xgboost,300,30c140ca,7,0.7258764950089333,0.7308053959121686,0.004928900903235199,0.6696388596798798,0.6821709545426753,0.012532094862795575,0.6990340596112976,0.6648663551904798,-0.034167704420817895,0.752718930406569,0.7967444366338573,0.044025506227288354,0.7250795647794004,0.7276396175283694,0.0025600527489689612,0.6905900499343235,0.7043913251613952,0.013801275227071943
xgboost,300,3110e0c7,7,0.6047626531958014,0.6047626531958014,0.0,0.5486281811705945,0.5486281811705945,0.0,0.598666987933715,0.598666987933715,0.0,0.6108583184578876,0.6108583184578876,0.0,0.605206015291386,0.605206015291386,0.0,0.586303459151613,0.586303459151613,0.0
xgboost,300,40009139,7,0.8011528942971727,0.8092362153459101,0.008083321048737309,0.7862284759302434,0.7926310055831307,0.006402529652887409,0.8110688044437536,0.8833425899154522,0.07227378547169878,0.7912369841505924,0.7351298407763681,-0.05610714337422413,0.812772654951801,0.8120560419517132,-0.0007166130000876926,0.7958926188846546,0.8004771283452593,0.0045845094606047675
xgboost,300,40f0714a,7,0.7802232368199716,0.7871960259356179,0.00697278911564625,0.7068367677842983,0.7148959798885272,0.008059212104228965,0.8824716473457892,0.8824716473457892,0.0,0.6779748262941541,0.6919204045254465,0.013945578231292515,0.7934184811649423,0.7966000477005458,0.0031815665356037842,0.7899831556039445,0.7951517158572504,0.0051685602533060315
xgboost,300,41e2010c,7,0.7439352752527933,0.7757205503835233,0.03178527513072999,0.7058225121115486,0.7388715803122338,0.03304906820068533,0.8169904724998178,0.8338493899798535,0.01685891748003549,0.6708800780057685,0.717591710787193,0.04671163278142446,0.7875947224125731,0.7819751490119164,-0.005619573400656648,0.7379514530647345,0.7707535232012085,0.032802070136473994
xgboost,300,5001d09a,7,0.7846156380833135,0.7964432121650705,0.011827574081757195,0.774510666479871,0.7875752655312211,0.013064599051349966,0.8857499916613217,0.8680018667703395,-0.01774812489098205,0.6834812845053052,0.7248845575598019,0.04140327305449644,0.8070478284824318,0.8073328693154914,0.00028504083305957995,0.8104888796258071,0.8214160523793507,0.010927172753543537
xgboost,300,50c02189,7,0.6309809274294542,0.6591366989024096,0.028155771472955275,0.5509190270634966,0.590526866537929,0.0396078394744323,0.5832444445579303,0.6643651099226274,0.0811206653646972,0.6787174103009784,0.6539082878821917,-0.024809122418786616,0.6853737069607663,0.6875930658259592,0.002219358865192898,0.621289202511624,0.6372960593797788,0.01600685686815484
xgboost,300,517001af,7,0.8137274636093521,0.8274533785471764,0.013725914937824237,0.8056108015143985,0.8098528807314499,0.004242079217051283,0.7568356590377191,0.8209301055559841,0.06409444651826511,0.8706192681809852,0.8339766515383686,-0.036642616642616664,0.8283150258548144,0.8174332261607489,-0.010881799694065521,0.857136861598203,0.8705921511023561,0.013455289504153185
xgboost,300,6030f0fd,7,0.7789883342373648,0.8032505718957756,0.024262237658410925,0.7383808860449219,0.764212019183671,0.025831133138748946,0.8459593927072054,0.8350013426194993,-0.010958050087706101,0.7120172757675242,0.7714998011720523,0.059482525404527996,0.7794114845012033,0.7904842747259136,0.011072790224710336,0.7611275294859075,0.7806010809067488,0.019473551420841537
xgboost,300,7072a0e0,7,0.7531946071205556,0.7599357558161887,0.006741148695633041,0.6712995355678624,0.694650736123274,0.02335120055541164,0.8091186793377203,0.7728806441515109,-0.03623803518620937,0.6972705349033907,0.7469908674808663,0.049720332577475435,0.7258849402088453,0.736632275391166,0.010747335182321136,0.7052931636447479,0.7341591762201307,0.028866012575382762
xgboost,300,7092f07b,7,0.6796577999679172,0.6816132554963895,0.0019554555284722686,0.6281124508961267,0.6294454998814788,0.0013330489853520255,0.8303329352730598,0.8384592030215385,0.008126267748478688,0.5289826646627745,0.5247673079712404,-0.0042153566915341546,0.7509151604689067,0.7565427294038283,0.005627568934921334,0.6781504037222378,0.6794040662106429,0.0012536624884049244
xgboost,300,7150e10a,7,0.6903860371899927,0.6904547196672853,6.868247729262058e-05,0.623900893709904,0.6240937480045571,0.00019285429465314735,0.881743917671332,0.8809799757309195,-0.0007639419404125158,0.4990281567086533,0.49992946360365104,0.0009013068949977411,0.7591814489745075,0.7594281906937063,0.0002467417191988857,0.6737591085304679,0.674042555242486,0.00028344671201813957
xgboost,300,71a251fa,7,0.8512613484841874,0.8358076198229115,-0.015453728661275827,0.8317906275976831,0.8142027996324968,-0.01758782796518645,0.783711266404756,0.7932350759285655,0.009523809523809521,0.918811430563619,0.8783801637172578,-0.04043126684636119,0.8541071510146621,0.8409290214812142,-0.013178129533447849,0.854920465181141,0.8374277538108786,-0.017492711370262377
xgboost,300,71c09041,6,0.8074101358797475,0.7412357128610099,-0.06617442301873772,0.7847603296535532,0.7279692454477599,-0.05679108420579326,0.8884468183304475,0.9098497760447759,0.02140295771432832,0.7263734534290477,0.5726216496772439,-0.15375180375180375,0.8214003580453219,0.820689333837315,-0.000711024208006672,0.8550745940133003,0.8224261614970966,-0.03264843251620366
xgboost,300,71e10186,7,0.93981331330977,0.9402086351625724,0.0003953218528022535,0.9409434935917724,0.9414798654201763,0.0005363718284039365,0.9218440873502054,0.9223598171078125,0.0005157297576070212,0.9577825392693351,0.9580574532173324,0.000274913947997454,0.945850281447715,0.9463940109219585,0.0005437294742435261,0.9436235657632066,0.9441599079495214,0.0005363421863148675
xgboost,300,71f0603f,7,0.7934554480900591,0.8059494798465038,0.012494031756444621,0.7957496165906717,0.8043401829793301,0.008590566388658325,0.7241448661830618,0.7608902032711359,0.036745337088074,0.8627660299970563,0.8510087564218717,-0.011757273575184699,0.8134349547059123,0.8185241218230924,0.00508916711718012,0.8062293075037432,0.8123170224515815,0.006087714947838393
xgboost,300,71f21142,6,0.7698166305495365,0.7706603966559092,0.000843766106372749,0.7450537910365852,0.7460268456369527,0.0009730546003675067,0.8734324636943346,0.8761424907946056,0.0027100271002710175,0.6662007974047383,0.6651783025172128,-0.0010224948875255564,0.7962687105014351,0.7961662264739263,-0.00010248402750884233,0.7987784457015854,0.799361196284336,0.0005827505827505722
xgboost,300,8030618f,7,0.7604493699632139,0.7740515823754462,0.013602212412232362,0.6599652667000033,0.6748030465295625,0.014837779829559092,0.8705701135490456,0.8588632229039261,-0.011706890645119363,0.650328626377382,0.689239941846966,0.038911315469584054,0.7139709345109448,0.7169303333380761,0.0029593988271314447,0.6890727178994148,0.7125231589677804,0.02345044106836561
xgboost,300,8191f1d9,7,0.671851695848032,0.6680412445452905,-0.0038104513027415227,0.5530171399400322,0.545963567360299,-0.007053572579733174,0.39134676324744694,0.3720162587684276,-0.019330504479019343,0.9523566284486169,0.9640662303221532,0.011709601873536297,0.7192151541912027,0.7172624105985361,-0.0019527435926665695,0.5892251466327959,0.5815825834346773,-0.00764256319811875
xgboost,300,81e150c1,7,0.7637146594986837,0.7681682574516263,0.004453597952942629,0.7176638424218079,0.7190225597935781,0.0013587173717701637,0.8382448831215079,0.8552516858425964,0.017006802721088437,0.6891844358758595,0.6810848290606563,-0.008099606815203149,0.7267803089944965,0.7276982359599051,0.0009179269654085522,0.7681180083110861,0.7673497963905563,-0.0007682119205297822
xgboost,300,81f1f0fe,7,0.6923424011285768,0.7022992609167077,0.009956859788130863,0.6658312396157765,0.6742527133673485,0.00842147375157208,0.7013044012962517,0.6954724379839735,-0.005831963312278278,0.6833804009609017,0.7091260838494416,0.025745682888540018,0.7102292676628699,0.7121732093246351,0.0019439416617652583,0.6990918395627916,0.7051126888824749,0.006020849319683322
xgboost,300,a02151ac,7,0.7238446667258425,0.7218244727202797,-0.0020201940055627793,0.696183618803058,0.6946062266244597,-0.0015773921785983771,0.6423474905935157,0.6460809802822549,0.0037334896887392588,0.8053418428581692,0.7975679651583044,-0.007773877699864817,0.7421933976656266,0.7412809210225016,-0.0009124766431248345,0.7407217924253257,0.7396991566129871,-0.001022635812338508
xgboost,300,a1721173,7,0.7597333698202412,0.7597333698202412,0.0,0.7612738614223985,0.7612738614223985,0.0,0.734918359619501,0.734918359619501,0.0,0.7845483800209817,0.7845483800209817,0.0,0.8162283235552822,0.8162283235552822,0.0,0.8065009344118623,0.8065009344118623,0.0
xgboost,300,a1b210fc,7,0.7846462255742883,0.755666378628318,-0.028979846945970396,0.7675251413472611,0.7122713817168528,-0.05525375963040851,0.8291959742705182,0.6766578429429974,-0.15253813132752106,0.7400964768780582,0.8346749143136386,0.0945784374355803,0.7936889453540941,0.7878419096161463,-0.005847035737947854,0.7949686607936777,0.740507292946839,-0.0544613678468387
xgboost,300,b0700166,7,0.6733288236800687,0.6887390911574582,0.015410267477389621,0.587366237061584,0.6288968726284442,0.04153063556686016,0.7666842725625054,0.7373237524305478,-0.02936052013195736,0.5799733747976322,0.6401544298843688,0.06018105508673659,0.7121882008910382,0.7165117201898692,0.0043235192988309345,0.6185293365971917,0.6622974962708873,0.043768159673695524
xgboost,300,b112005d,7,0.7165423192204562,0.6963227326620184,-0.020219586558437936,0.678731421232642,0.6546990278470959,-0.02403239338554621,0.7564955038052246,0.7994161292618802,0.04292062545665549,0.6765891346356879,0.5932293360621566,-0.08335979857353135,0.7320864619644151,0.7442359802654224,0.012149518301007411,0.7196601235060986,0.717594943299631,-0.0020651802064677
xgboost,300,b1c2f044,7,0.8032759578182121,0.8074111640293375,0.0041352062111255404,0.7825733919331394,0.7985288521984384,0.015955460265299117,0.8864321985517051,0.9216867379580832,0.03525453940637808,0.7201197170847188,0.6931355901005917,-0.026984126984126968,0.8258536230769391,0.8380609441660677,0.012207321089128522,0.8177809621608014,0.8356654407459292,0.017884478585127855
xgboost,300,c060c06a,7,0.7386417287225708,0.7507767464740861,0.01213501775151517,0.6948092781579953,0.7093914361364119,0.014582157978416666,0.5733490112969424,0.6193301601141394,0.0459811488171971,0.9039344461481994,0.8822233328340326,-0.021711113314166735,0.7606491022476572,0.7597363735630797,-0.0009127286845774478,0.7849504170145041,0.7960515731065828,0.011101156092078688
xgboost,300,c112918e,7,0.6449973394073477,0.6641468866767954,0.019149547269447762,0.5731942425121324,0.6209839867257988,0.0477897442136665,0.4235341491336969,0.6917748709823652,0.2682407218486684,0.8664605296809984,0.6365189023712253,-0.22994162730977294,0.7403469275951142,0.75332452630704,0.012977598711925926,0.639145435099903,0.6860732018398185,0.046927766739915514
xgboost,300,c1a150b1,6,0.7036119498813259,0.6923278419942456,-0.011284107887080286,0.6648883908430407,0.6515178230551674,-0.013370567787873433,0.8256087933708655,0.8277319356213962,0.002123142250530785,0.5816151063917862,0.5569237483670949,-0.024691358024691357,0.7513478198698329,0.7497702488877965,-0.0015775709820364248,0.7131200652818951,0.7061172641614469,-0.007002801120448192
xgboost,300,d0724095,7,0.7419683528872408,0.7485065998691599,0.006538246981919135,0.7149581270946366,0.7254589936319181,0.010500866537281519,0.6944050921703694,0.7156710885974923,0.02126599642712298,0.7895316136041123,0.7813421111408276,-0.008189502463284695,0.779960503761723,0.7832171919272733,0.0032566881655502955,0.7456037134843533,0.7565660391625604,0.01096232567820716
xgboost,300,d0e2d025,7,0.7670195615419513,0.775801010328754,0.008781448786802632,0.7480953326894031,0.7598087384556668,0.0117134057662638,0.813802759925303,0.8173525434750867,0.003549783549783541,0.7202363631585998,0.7342494771824215,0.014013114023821651,0.7999178373007585,0.8034592653390724,0.0035414280383139524,0.7884478580186176,0.7981799239680958,0.009732065949478064
xgboost,300,d111e017,7,0.8749070958615971,0.8748106424274705,-9.645343412653265e-05,0.8699456985843451,0.8698280308696135,-0.00011766771473173001,0.8238133776567028,0.8232384998182434,-0.0005748778384593312,0.9260008140664914,0.9263827850366976,0.00038197097020626584,0.8839615544200373,0.8838336742798306,-0.0001278801402065615,0.8716793342291993,0.8715561597421724,-0.00012317448702704934
xgboost,300,d142d110,7,0.717953834325069,0.717614167307295,-0.00033966701777411935,0.6912210071374377,0.6933536048040054,0.002132597666567783,0.6436077879427632,0.6678864649308,0.024278676988036603,0.792299880707375,0.76734186968379,-0.02495801102358481,0.7017241092241092,0.7082977740811841,0.006573664857074993,0.7647615276903998,0.7678264048332339,0.0030648771428340832
xgboost,300,d151b0c4,7,0.7683161672497594,0.7679291481757595,-0.0003870190739997551,0.7632775308621385,0.7632072265782031,-7.030428393515833e-05,0.7541658207222259,0.8137157584556399,0.05954993773341401,0.7824665137772928,0.7221425378958793,-0.06032397588141349,0.7911187679366358,0.793644810665275,0.002526042728639163,0.7862993550500889,0.7896541428802688,0.003354787830179919
xgboost,300,d18000a3,7,0.8249589756339073,0.8286510976440017,0.0036921220100943736,0.7688520960941523,0.7754328118837469,0.006580715789594452,0.7781857684765583,0.8117604886872231,0.03357472021066491,0.8717321827912562,0.8455417066007799,-0.026190476190476177,0.7827272362698184,0.7824711269862296,-0.00025610928358889485,0.8213820862693585,0.8278592363233347,0.006477150053976247
xgboost,300,e0c0408a,5,0.7461925223765997,0.7773079186082751,0.031115396231675318,0.7199386506772625,0.7718857822857882,0.051947131608525876,0.7663996266625185,0.8292797697752198,0.06288014311270125,0.7259854180906812,0.7253360674413306,-0.0006493506493506551,0.792416033157995,0.8017884307030837,0.009372397545088784,0.7604404713638526,0.8024992948932643,0.042058823529411773
xgboost,300,f0f2a1e1,7,0.8244163752774162,0.8192403918405632,-0.005175983436852993,0.7998006196796669,0.7941985571806675,-0.005602062498999479,0.8338571440143243,0.8338571440143243,0.0,0.8149756065405082,0.8046236396668022,-0.010351966873706002,0.7962584715050792,0.7928906438463359,-0.0033678276587433592,0.8375055251494098,0.8322534243090737,-0.005252100840336131
xgboost,300,f121f1e0,7,0.70604695630004,0.7238590845491994,0.01781212824915936,0.663747353437252,0.6857286097972677,0.021981256360015737,0.8999632496717141,0.8931139287181107,-0.006849320953603498,0.512130662928366,0.5546042403802881,0.0424735774519222,0.7525636475343117,0.7486805574799307,-0.0038830900543812075,0.6929437513970613,0.7045790913715813,0.011635339974519805
xgboost,300,f1a0c120,7,0.7160248722829385,0.750248443432549,0.03422357114961042,0.7190238352027096,0.7494549571359416,0.030431121933232084,0.6336362580193222,0.6322075958846453,-0.0014286621346769057,0.7984134865465551,0.8682892909804529,0.06987580443389776,0.8162016284311789,0.8014848118242666,-0.014716816606912406,0.825336647017466,0.8229621609220453,-0.0023744860954205854
xgboost,300,f1d06060,7,0.7382240871124272,0.7693511673671081,0.031127080254680806,0.6943228854556543,0.7400523229698835,0.04572943751422923,0.6717318266163215,0.7657244794018532,0.09399265278553166,0.8047163476085327,0.7729778553323626,-0.03173849227617,0.7747246861782333,0.7836988813311372,0.0089741951529037,0.7217350498202396,0.7621456530462253,0.0404106032259857
xgboost,600,0001508a,7,0.6939380676580142,0.6951681075204021,0.001230039862387963,0.6558760151577001,0.6894361826654014,0.033560167507701334,0.591815132265778,0.6496650173803592,0.05784988511458133,0.7960610030502503,0.740671197660445,-0.05538980538980539,0.7564543224647611,0.7731338868106598,0.0166795643458986,0.7428726045658153,0.7864045155737367,0.04353191100792148
xgboost,600,0012905a,7,0.7486392739873425,0.739461115484714,-0.009178158502628422,0.7460552523780886,0.7367194910104701,-0.009335761367618474,0.870763746920073,0.8583852971765517,-0.01237844974352136,0.626514801054612,0.6205369337928764,-0.005977867261735437,0.7785421720290809,0.7805967454427633,0.0020545734136823463,0.7605279849875662,0.7555430209214532,-0.004984964066113167
xgboost,600,0110f12e,7,0.81032569189297,0.8130984381410278,0.002772746248057662,0.8054551985706395,0.8070074675021844,0.0015522689315449994,0.8104765104577999,0.8239250533004461,0.01344854284264623,0.8101748733281401,0.8022718229816093,-0.00790305034653089,0.8092767714771492,0.8117114740722039,0.002434702595054881,0.8112788119401394,0.8127227895848509,0.0014439776447116978
xgboost,600,0182e16c,7,0.673460906532984,0.76421476692909,0.09075386039610603,0.6157195413078113,0.7529904204582889,0.1372708791504776,0.6500372164131089,0.8541098284848117,0.20407261207170282,0.6968845966528591,0.6743197053733683,-0.022564891279490747,0.7604727973304557,0.7942227284360728,0.033749931105617116,0.6866765763272175,0.8064405010924585,0.11976392476524089
xgboost,600,01c2a0d8,7,0.7797008254894663,0.789296762605613,0.009595937116146591,0.7569913713984023,0.7712586495302162,0.014267278131813943,0.724590541167823,0.8694990411167419,0.14490849994891894,0.8348111098111097,0.7090944840944842,-0.12571662571662573,0.7884715926528819,0.7962536674836611,0.0077820748307791,0.8078343824493991,0.8041414219828399,-0.003692960466559219
xgboost,600,1081b177,7,0.7900217374678787,0.8098657447303468,0.019844007262467933,0.7760365448590918,0.8036202935740118,0.027583748714920024,0.6282479810523502,0.6871586741004627,0.058910693048112577,0.9517954938834073,0.9325728153602306,-0.019222678523176637,0.8195941937494284,0.8250404584444407,0.005446264695012256,0.808900740067242,0.8305181468912751,0.021617406824033396
xgboost,600,20201194,7,0.712578393116791,0.7667952627802649,0.0542168696634738,0.6943639403428575,0.7620994120202933,0.06773547167743564,0.6754625508858629,0.765084221788941,0.08962167090307793,0.749694235347719,0.7685063037715886,0.01881206842386967,0.7643968266446807,0.7757886983403078,0.011391871695627276,0.7384921430340184,0.7986400280892386,0.06014788505522006
xgboost,600,2162c09e,7,0.7948242303814298,0.8017492674797485,0.006925037098318694,0.7800595715566195,0.7864571296244022,0.006397558067782559,0.6583578752308058,0.6976761524818276,0.03931827725102164,0.9312905855320539,0.9058223824776694,-0.025468203054384273,0.8138633861226989,0.8148815364354398,0.0010181503127408367,0.8260090064989464,0.8283924082841037,0.002383401785157232
xgboost,600,2182c1cd,7,0.720401965708059,0.7444600688147286,0.02405810310666959,0.7016425673459548,0.736281047772435,0.0346384804264802,0.5259812373564231,0.6175680073947393,0.0915867700383162,0.914822694059695,0.8713521302347179,-0.043470563824977035,0.7551884098983118,0.7624718103704046,0.007283400472092939,0.7206509183853237,0.7510892758474582,0.030438357462134462
xgboost,600,219060fa,5,0.7572819632248515,0.7787351181206914,0.021453154895839766,0.755846905474814,0.781620149265187,0.025773243790373067,0.8090488618368086,0.8142937977357922,0.00524493589898356,0.7055150646128945,0.7431764385055903,0.03766137389269595,0.8253312715557899,0.8224630029046731,-0.0028682686511167788,0.8064522503880566,0.81935356875645,0.012901318368393455
xgboost,600,21a031f6,7,0.7722063033059902,0.7753121825470756,0.003105879241085328,0.7342664330475154,0.7427725662303553,0.008506133182839723,0.7318105611744267,0.7886334732089274,0.056822912034500676,0.8126020454375537,0.7619908918852236,-0.050611153552330035,0.7605735827365089,0.7609301694122671,0.0003565866757580289,0.7508639104131117,0.7602278551614191,0.009363944748307342
xgboost,600,30908049,7,0.7191714321378637,0.7482905587494205,0.029119126611556672,0.6580762760252599,0.6897523780104909,0.03167610198523107,0.7906289739235693,0.8137600137544133,0.023131039830843986,0.6477138903521583,0.6828211037444276,0.035107213392269354,0.7219592570159711,0.7071253732392399,-0.01483388377673118,0.7231167150955373,0.7336220528889921,0.010505337793454774
xgboost,600,30c140ca,7,0.7258764950089333,0.687744103552929,-0.03813239145600432,0.6696388596798798,0.6233611427147883,-0.04627771696509152,0.6990340596112976,0.6547838073880927,-0.044250252223205035,0.752718930406569,0.7207043997177653,-0.03201453068880354,0.7250795647794004,0.7126557015778915,-0.012423863201508869,0.6905900499343235,0.65767582165495,-0.03291422827937337
xgboost,600,3110e0c7,7,0.6047626531958014,0.6052784797808533,0.0005158265850519087,0.5486281811705945,0.5476921572700505,-0.000936023900544068,0.598666987933715,0.590008775413953,-0.008658212519761867,0.6108583184578876,0.6205481841477533,0.009689865689865693,0.605206015291386,0.6061215534857302,0.0009155381943441692,0.586303459151613,0.5857381566947524,-0.0005653024568606105
xgboost,600,40009139,7,0.8011528942971727,0.8102292741931351,0.009076379895962185,0.7862284759302434,0.7945743986048217,0.00834592267457839,0.8110688044437536,0.877989899649976,0.0669210952062225,0.7912369841505924,0.7424686487362943,-0.04876833541429813,0.812772654951801,0.8138033268954948,0.0010306719436940107,0.7958926188846546,0.8028074674766871,0.0069148485920324755
xgboost,600,40f0714a,7,0.7802232368199716,0.8116858218539854,0.031462585034013606,0.7068367677842983,0.7334299069772495,0.026593139192951334,0.8824716473457892,0.8753287902029321,-0.00714285714285715,0.6779748262941541,0.7480428535050384,0.07006802721088436,0.7934184811649423,0.7731850294555256,-0.020233451709416785,0.7899831556039445,0.8098026957624677,0.019819540158523212
xgboost,600,41e2010c,7,0.7439352752527933,0.7665553506108306,0.0226200753580375,0.7058225121115486,0.7343532201148388,0.028530708003290304,0.8169904724998178,0.8554252253037211,0.03843475280390319,0.6708800780057685,0.6776854759179403,0.006805397912171849,0.7875947224125731,0.779108359715084,-0.0084863626974891,0.7379514530647345,0.7683329360454011,0.030381482980666657
xgboost,600,5001d09a,7,0.7846156380833135,0.7888846275964289,0.004268989513115543,0.774510666479871,0.7782086316183954,0.0036979651385244156,0.8857499916613217,0.8819234610490768,-0.0038265306122448844,0.6834812845053052,0.6958457941437812,0.012364509638476002,0.8070478284824318,0.805130853217798,-0.0019169752646340799,0.8104888796258071,0.8128396660096682,0.002350786383861087
xgboost,600,50c02189,7,0.6309809274294542,0.7176929349120138,0.08671200748255946,0.5509190270634966,0.6954094477340755,0.144490420670579,0.5832444445579303,0.8072208896701402,0.22397644511220985,0.6787174103009784,0.6281649801538874,-0.05055243014709094,0.6853737069607663,0.7094649744464784,0.02409126748571209,0.621289202511624,0.7159935730207033,0.09470437050907946
xgboost,600,517001af,7,0.8137274636093521,0.8305294153923392,0.016801951782986952,0.8056108015143985,0.807328225041955,0.0017174235275563912,0.7568356590377191,0.8614460038275256,0.1046103447898064,0.8706192681809852,0.7996128269571526,-0.07100644122383253,0.8283150258548144,0.8067148671548484,-0.02160015869996601,0.857136861598203,0.8655417997411339,0.008404938142930798
xgboost,600,6030f0fd,7,0.7789883342373648,0.8005078870535355,0.02151955281617059,0.7383808860449219,0.7581583323061831,0.01977744626126118,0.8459593927072054,0.8177512670526657,-0.028208125654539704,0.7120172757675242,0.7832645070544052,0.07124723128688093,0.7794114845012033,0.7860273975827068,0.006615913081503317,0.7611275294859075,0.7742110725100265,0.013083543024119071
xgboost,600,7072a0e0,7,0.7531946071205556,0.7731205137697056,0.019925906649149932,0.6712995355678624,0.7225942367589313,0.05129470119106884,0.8091186793377203,0.8599820083534182,0.05086332901569796,0.6972705349033907,0.6862590191859927,-0.011011515717398073,0.7258849402088453,0.735667210393032,0.009782270184186996,0.7052931636447479,0.7610774578945116,0.055784294249763625
xgboost,600,7092f07b,7,0.6796577999679172,0.6958636247976518,0.016205824829734632,0.6281124508961267,0.6508864379235992,0.022773987027472433,0.8303329352730598,0.8629657260205431,0.03263279074748339,0.5289826646627745,0.5287615235747604,-0.00022114108801413973,0.7509151604689067,0.7684209847790965,0.017505824310189624,0.6781504037222378,0.7025657944057216,0.024415390683483813
xgboost,600,7150e10a,7,0.6903860371899927,0.698171550285915,0.007785513095922395,0.623900893709904,0.6300691405414381,0.006168246831534274,0.881743917671332,0.866994910328677,-0.014749007342654956,0.4990281567086533,0.529348190243153,0.030320033534499746,0.7591814489745075,0.7502233941157083,-0.008958054858799238,0.6737591085304679,0.6754724375402328,0.0017133290097648254
xgboost,600,71a251fa,7,0.8512613484841874,0.8478039954942523,-0.0034573529899352617,0.8317906275976831,0.828211452681755,-0.0035791749159279312,0.783711266404756,0.7842586117796875,0.0005473453749315864,0.918811430563619,0.9113493792088169,-0.0074620513548021095,0.8541071510146621,0.854113712121637,6.5611069748021985e-06,0.854920465181141,0.8522098571283961,-0.0027106080527449067
xgboost,600,71c09041,6,0.8074101358797475,0.8030638906984694,-0.004346245181278241,0.7847603296535532,0.7893608540899546,0.004600524436401317,0.8884468183304475,0.9127583426550742,0.024311524324626504,0.7263734534290477,0.6933694387418646,-0.033004014687183,0.8214003580453219,0.8289418402448893,0.007541482199567702,0.8550745940133003,0.85969580223824,0.004621208224939666
xgboost,600,71e10186,7,0.93981331330977,0.9402086351625724,0.0003953218528022535,0.9409434935917724,0.9414798654201763,0.0005363718284039365,0.9218440873502054,0.9223598171078125,0.0005157297576070212,0.9577825392693351,0.9580574532173324,0.000274913947997454,0.945850281447715,0.9463940109219585,0.0005437294742435261,0.9436235657632066,0.9441599079495214,0.0005363421863148675
xgboost,600,71f0603f,7,0.7934554480900591,0.8095266761957296,0.01607122810567057,0.7957496165906717,0.8087753188491666,0.013025702258494944,0.7241448661830618,0.7638418541193409,0.03969698793627912,0.8627660299970563,0.8552114982721184,-0.0075545317249379506,0.8134349547059123,0.8201738764387814,0.0067389217328690364,0.8062293075037432,0.8166592653424806,0.010429957838737267
xgboost,600,71f21142,6,0.7698166305495365,0.786299969219879,0.016483338670342573,0.7450537910365852,0.7757385167952658,0.030684725758680625,0.8734324636943346,0.885308758927875,0.011876295233540576,0.6662007974047383,0.6872911795118829,0.02109038210714459,0.7962687105014351,0.8132217865715611,0.0169530760701259,0.7987784457015854,0.8263465703575754,0.02756812465598994
xgboost,600,8030618f,7,0.7604493699632139,0.766701652354618,0.006252282391404264,0.6599652667000033,0.6870684038434998,0.027103137143496246,0.8705701135490456,0.9055472202438695,0.034977106694823804,0.650328626377382,0.6278560844653667,-0.022472541912015285,0.7139709345109448,0.7287128451461321,0.014741910635187419,0.6890727178994148,0.73232207236594,0.04324935446652524
xgboost,600,8191f1d9,7,0.671851695848032,0.683224673132192,0.011372977284160082,0.5530171399400322,0.6505353338857062,0.09751819394567389,0.39134676324744694,0.576710645912155,0.1853638826647081,0.9523566284486169,0.7897387003522292,-0.1626179280963879,0.7192151541912027,0.7183082671503366,-0.000906887040866127,0.5892251466327959,0.7280039214067001,0.13877877477390416
xgboost,600,81e150c1,7,0.7637146594986837,0.7613317990318057,-0.0023828604668779357,0.7176638424218079,0.7130779102236755,-0.0045859321981323985,0.8382448831215079,0.8287169755729462,-0.009527907548561603,0.6891844358758595,0.6939466224906654,0.004762186614805748,0.7267803089944965,0.720579859251146,-0.00620044974335064,0.7681180083110861,0.7609277159779367,-0.007190292333149479
xgboost,600,81f1f0fe,7,0.6923424011285768,0.7090317820174975,0.016689380888920673,0.6658312396157765,0.6789072808319495,0.013076041216173007,0.7013044012962517,0.6492633304032563,-0.05204107089299548,0.6833804009609017,0.7688002336317385,0.08541983267083682,0.7102292676628699,0.7146120349409166,0.0043827672780467775,0.6990918395627916,0.7054512895991333,0.0063594500363417196
xgboost,600,a02151ac,7,0.7238446667258425,0.7193977863589671,-0.00444688036687535,0.696183618803058,0.6880823472771882,-0.008101271525869766,0.6423474905935157,0.6711252398171902,0.02877774922367447,0.8053418428581692,0.767670332900744,-0.03767150995742519,0.7421933976656266,0.7316957388091682,-0.010497658856458354,0.7407217924253257,0.7272471220359009,-0.01347467038942469
xgboost,600,a1721173,7,0.7597333698202412,0.7597333698202412,0.0,0.7612738614223985,0.7612738614223985,0.0,0.734918359619501,0.734918359619501,0.0,0.7845483800209817,0.7845483800209817,0.0,0.8162283235552822,0.8162283235552822,0.0,0.8065009344118623,0.8065009344118623,0.0
xgboost,600,a1b210fc,7,0.7846462255742883,0.763357007537908,-0.021289218036380366,0.7675251413472611,0.7320742783933668,-0.035450862953894435,0.8291959742705182,0.6976550991331211,-0.1315408751373973,0.7400964768780582,0.8290589159426949,0.0889624390646366,0.7936889453540941,0.796460728858898,0.0027717835048037026,0.7949686607936777,0.7600450540345431,-0.034923606759134626
xgboost,600,b0700166,7,0.6733288236800687,0.6846599276546627,0.011331103974594057,0.587366237061584,0.6262656284608352,0.03889939139925135,0.7666842725625054,0.7190418879928969,-0.0476423845696083,0.5799733747976322,0.6502779673164286,0.07030459251879644,0.7121882008910382,0.7244521950279514,0.012263994136913259,0.6185293365971917,0.6673578441477507,0.04882850755055891
xgboost,600,b112005d,7,0.7165423192204562,0.6911209647416628,-0.025421354478793505,0.678731421232642,0.641811318239012,-0.03692010299362998,0.7564955038052246,0.8078158641693288,0.05132036036410427,0.6765891346356879,0.5744260653139965,-0.10216306932169131,0.7320864619644151,0.7309466824452571,-0.0011397795191579066,0.7196601235060986,0.6898526520229448,-0.029807471483153967
xgboost,600,b1c2f044,7,0.8032759578182121,0.844869551370705,0.04159359355249296,0.7825733919331394,0.837204884359247,0.05463149242610748,0.8864321985517051,0.8708092206909741,-0.015622977860731111,0.7201197170847188,0.8189298820504358,0.09881016496571697,0.8258536230769391,0.8498739285460096,0.024020305469070413,0.8177809621608014,0.8660285882498421,0.04824762608904084
xgboost,600,c060c06a,7,0.7386417287225708,0.7578092362368681,0.01916750751429719,0.6948092781579953,0.716008809020321,0.021199530862325684,0.5733490112969424,0.6528572707122754,0.07950825941533297,0.9039344461481994,0.8627612017614606,-0.041173244386738576,0.7606491022476572,0.7599125926817135,-0.000736509565943574,0.7849504170145041,0.801023976444542,0.016073559430037822
xgboost,600,c112918e,7,0.6449973394073477,0.6863391900738788,0.04134185066653121,0.5731942425121324,0.6510342608465415,0.07784001833440905,0.4235341491336969,0.6889795882967154,0.2654454391630185,0.8664605296809984,0.6836987918510422,-0.18276173782995606,0.7403469275951142,0.7495854322656458,0.009238504670531444,0.639145435099903,0.7014439353931378,0.06229850029323487
xgboost,600,c1a150b1,6,0.7036119498813259,0.6776279974201896,-0.0259839524611362,0.6648883908430407,0.6452933851746631,-0.019595005668377796,0.8256087933708655,0.8335875167751209,0.007978723404255317,0.5816151063917862,0.5216684780652586,-0.05994662832652772,0.7513478198698329,0.7849834941708681,0.033635674301034944,0.7131200652818951,0.7234306954523619,0.01031063017046672
xgboost,600,d0724095,7,0.7419683528872408,0.7466629452080255,0.004694592320784777,0.7149581270946366,0.7215845021340732,0.006626375039436702,0.6944050921703694,0.6991829845343147,0.0047778923639453085,0.7895316136041123,0.7941429058817365,0.00461129227762423,0.779960503761723,0.7775215938398444,-0.002438909921878372,0.7456037134843533,0.7502551471850134,0.004651433700660124
xgboost,600,d0e2d025,7,0.7670195615419513,0.784558161330984,0.017538599789032557,0.7480953326894031,0.7664660938741915,0.01837076118478855,0.813802759925303,0.8334853740338856,0.01968261410858252,0.7202363631585998,0.7356309486280824,0.015394585469482549,0.7999178373007585,0.7925770353980305,-0.007340801902727996,0.7884478580186176,0.7983837863092866,0.009935928290669012
xgboost,600,d111e017,7,0.8749070958615971,0.8748106424274705,-9.645343412653265e-05,0.8699456985843451,0.8698280308696135,-0.00011766771473173001,0.8238133776567028,0.8232384998182434,-0.0005748778384593312,0.9260008140664914,0.9263827850366976,0.00038197097020626584,0.8839615544200373,0.8838336742798306,-0.0001278801402065615,0.8716793342291993,0.8715561597421724,-0.00012317448702704934
xgboost,600,d142d110,7,0.717953834325069,0.6937968242781293,-0.024157010046939802,0.6912210071374377,0.6580562049670332,-0.03316480217040444,0.6436077879427632,0.6048322777386816,-0.03877551020408164,0.792299880707375,0.7827613708175768,-0.00953850988979797,0.7017241092241092,0.6665052808601196,-0.035218828363989665,0.7647615276903998,0.7327338378257732,-0.03202768986462655
xgboost,600,d151b0c4,7,0.7683161672497594,0.7694096672245638,0.001093499974804362,0.7632775308621385,0.7716278310026153,0.008350300140477012,0.7541658207222259,0.8089047710516394,0.05473895032941329,0.7824665137772928,0.7299145633974883,-0.052551950379804535,0.7911187679366358,0.7977998845660045,0.0066811166293687186,0.7862993550500889,0.7975211531382463,0.011221798088157518
xgboost,600,d18000a3,7,0.8249589756339073,0.8350586512171508,0.010099675583243666,0.7688520960941523,0.7827074449021284,0.013855348807975945,0.7781857684765583,0.8087260087662225,0.030540240289664258,0.8717321827912562,0.8613912936680792,-0.010340889123176942,0.7827272362698184,0.7873196870171324,0.004592450747313911,0.8213820862693585,0.8347636995338095,0.013381613264451087
xgboost,600,e0c0408a,5,0.7461925223765997,0.7844960792848079,0.03830355690820808,0.7199386506772625,0.7851611914922418,0.06522254081497945,0.7663996266625185,0.8618379093101035,0.09543828264758498,0.7259854180906812,0.7071542492595124,-0.018831168831168844,0.792416033157995,0.8067542751053608,0.014338241947365816,0.7604404713638526,0.8178839102778799,0.057443438914027166
xgboost,600,f0f2a1e1,7,0.8244163752774162,0.8199101614708327,-0.0045062138065833845,0.7998006196796669,0.7971628802089066,-0.002637739470760308,0.8338571440143243,0.8434265220047549,0.009569377990430625,0.8149756065405082,0.7963938009369108,-0.018581805603597377,0.7962584715050792,0.7967355651624805,0.00047709365740127615,0.8375055251494098,0.8363534514166909,-0.001152073732718893
xgboost,600,f121f1e0,7,0.70604695630004,0.731792024598386,0.025745068298345886,0.663747353437252,0.6992785830690648,0.03553122963181273,0.8999632496717141,0.8709942571781591,-0.028968992493555192,0.512130662928366,0.5925897920186128,0.08045912909024691,0.7525636475343117,0.7525125535006882,-5.109403362349837e-05,0.6929437513970613,0.7196078703464469,0.026664118949385553
xgboost,600,f1a0c120,7,0.7160248722829385,0.7261116297820456,0.010086757499106909,0.7190238352027096,0.7343851502324924,0.015361315029782727,0.6336362580193222,0.6622206863582266,0.02858442833890443,0.7984134865465551,0.7900025732058644,-0.008410913340690615,0.8162016284311789,0.8043975885751868,-0.011804039855991957,0.825336647017466,0.8223819567558573,-0.002954690261608693
xgboost,600,f1d06060,7,0.7382240871124272,0.7884527049724281,0.05022861786000093,0.6943228854556543,0.7734587156008912,0.07913583014523677,0.6717318266163215,0.7399682840665761,0.06823645745025467,0.8047163476085327,0.8369371258782798,0.032220778269747195,0.7747246861782333,0.7843351093046138,0.00961042312638029,0.7217350498202396,0.7971718888224938,0.07543683900225422
xgboost,900,0001508a,7,0.6939380676580142,0.7283583637359988,0.03442029607798468,0.6558760151577001,0.724685963602808,0.06880994844510792,0.591815132265778,0.6902591404385039,0.09844400817272601,0.7960610030502503,0.7664575870334938,-0.029603416016756628,0.7564543224647611,0.7726252964024203,0.016170973937659112,0.7428726045658153,0.8027786830205818,0.0599060784547666
xgboost,900,0012905a,7,0.7486392739873425,0.7535426449331545,0.004903370945812073,0.7460552523780886,0.7536232097018436,0.007567957323755148,0.870763746920073,0.8431882074612519,-0.027575539458821106,0.626514801054612,0.6638970824050572,0.03738228135044525,0.7785421720290809,0.7836368454407422,0.005094673411661381,0.7605279849875662,0.76772084811291,0.007192863125343697
xgboost,900,0110f12e,7,0.81032569189297,0.8127563994299527,0.0024307075369827125,0.8054551985706395,0.8069430537925271,0.001487855221887451,0.8104765104577999,0.8302711017906782,0.01979459133287839,0.8101748733281401,0.7952416970692271,-0.01493317625891293,0.8092767714771492,0.8082722118639942,-0.0010045596131548842,0.8112788119401394,0.812030291050467,0.0007514791103276432
xgboost,900,0182e16c,7,0.673460906532984,0.7977873447320448,0.12432643819906083,0.6157195413078113,0.765745534453224,0.1500259931454127,0.6500372164131089,0.8384587221763654,0.18842150576325664,0.6968845966528591,0.757115967287724,0.060231370634865056,0.7604727973304557,0.7695154391514849,0.009042641821029223,0.6866765763272175,0.7933611459615675,0.1066845696343501
xgboost,900,01c2a0d8,7,0.7797008254894663,0.7963353375909696,0.01663451210150327,0.7569913713984023,0.7749909015805466,0.017999530182144192,0.724590541167823,0.8604252107936178,0.13583466962579482,0.8348111098111097,0.7322454643883215,-0.10256564542278826,0.7884715926528819,0.7935351514472957,0.005063558794413654,0.8078343824493991,0.8073025393002429,-0.0005318431491562826
xgboost,900,1081b177,7,0.7900217374678787,0.807241761851136,0.017220024383257062,0.7760365448590918,0.7996965773719342,0.023660032512842353,0.6282479810523502,0.6832319380716819,0.054983957019331696,0.9517954938834073,0.9312515856305899,-0.02054390825281755,0.8195941937494284,0.8210597730352471,0.0014655792858187919,0.808900740067242,0.8267986387195726,0.01789789865233068
xgboost,900,20201194,7,0.712578393116791,0.7670939174267455,0.05451552430995451,0.6943639403428575,0.7598572143846731,0.06549327404181562,0.6754625508858629,0.7563152130199323,0.08085266213406915,0.749694235347719,0.7778726218335589,0.028178386485839892,0.7643968266446807,0.7754381139580693,0.011041287313388557,0.7384921430340184,0.7951114270067644,0.056619283972745946
xgboost,900,2162c09e,7,0.7948242303814298,0.7997437699564074,0.004919539574977515,0.7800595715566195,0.7853167017550751,0.0052571301984554175,0.6583578752308058,0.692139286995417,0.03378141176461119,0.9312905855320539,0.9073482529173977,-0.023942332614656153,0.8138633861226989,0.8144373956175153,0.0005740094948162617,0.8260090064989464,0.8283831408369755,0.0023741343380291008
xgboost,900,2182c1cd,7,0.720401965708059,0.7512623542269835,0.030860388518924538,0.7016425673459548,0.7455230779929253,0.04388051064697039,0.5259812373564231,0.6357519584330233,0.10977072107660023,0.914822694059695,0.8667727500209436,-0.048049944038751166,0.7551884098983118,0.7660764826496794,0.010888072751367701,0.7206509183853237,0.7598178847452325,0.03916696635990854
xgboost,900,219060fa,5,0.7572819632248515,0.7785118295664502,0.02122986634159858,0.755846905474814,0.7820193183833951,0.0261724129085811,0.8090488618368086,0.818518414741628,0.009469552904819212,0.7055150646128945,0.7385052443912723,0.032990179778377905,0.8253312715557899,0.8209848874745596,-0.004346384081230314,0.8064522503880566,0.8178061205088583,0.011353870120801713
xgboost,900,21a031f6,7,0.7722063033059902,0.7660817544894235,-0.006124548816566829,0.7342664330475154,0.745951033804839,0.011684600757323551,0.7318105611744267,0.8574119201478432,0.12560135897341648,0.8126020454375537,0.6747515888310035,-0.13785045660655018,0.7605735827365089,0.7735057838942716,0.012932201157762644,0.7508639104131117,0.7730298768583659,0.022165966445254117
xgboost,900,30908049,7,0.7191714321378637,0.7453349308495459,0.026163498711682172,0.6580762760252599,0.6780295739449915,0.019953297919731588,0.7906289739235693,0.8174980427936472,0.026869068870077832,0.6477138903521583,0.6731718189054448,0.025457928553286522,0.7219592570159711,0.6986065879031438,-0.023352669112827313,0.7231167150955373,0.7220121036808446,-0.0011046114146926864
xgboost,900,30c140ca,7,0.7258764950089333,0.6865495626050607,-0.03932693240387256,0.6696388596798798,0.6217225856337313,-0.047916274046148545,0.6990340596112976,0.6535195848849321,-0.04551447472636559,0.752718930406569,0.7195795403251894,-0.033139390081379484,0.7250795647794004,0.7118377882422227,-0.01324177653717776,0.6905900499343235,0.6564115001368691,-0.034178549797454286
xgboost,900,3110e0c7,7,0.6047626531958014,0.6023221452826358,-0.0024405079131654605,0.5486281811705945,0.5474077872577949,-0.0012203939127995841,0.598666987933715,0.5787305799252312,-0.019936408008483657,0.6108583184578876,0.6259137106400402,0.015055392182152747,0.605206015291386,0.6056166878085311,0.0004106725171450102,0.586303459151613,0.5867267874411687,0.0004233282895556023
xgboost,900,40009139,7,0.8011528942971727,0.8040787079679445,0.0029258136707716203,0.7862284759302434,0.788618121452469,0.0023896455222257584,0.8110688044437536,0.8554562356514224,0.04438743120766892,0.7912369841505924,0.7527011802844664,-0.03853580386612571,0.812772654951801,0.8082626861656419,-0.004509968786158883,0.7958926188846546,0.797172342350262,0.001279723465607674
xgboost,900,40f0714a,7,0.7802232368199716,0.8194161867272073,0.039192949907235604,0.7068367677842983,0.746906179745064,0.040069411960765855,0.8824716473457892,0.8753287902029321,-0.00714285714285715,0.6779748262941541,0.7635035832514825,0.08552875695732838,0.7934184811649423,0.7842154578870606,-0.009203023277881583,0.7899831556039445,0.8199460109905286,0.029962855386584195
xgboost,900,41e2010c,7,0.7439352752527933,0.780351613754265,0.03641633850147171,0.7058225121115486,0.7517220951125029,0.04589958300095441,0.8169904724998178,0.8415555997836102,0.024565127283792225,0.6708800780057685,0.7191476277249197,0.048267549719151245,0.7875947224125731,0.7789000204081711,-0.008694702004402064,0.7379514530647345,0.7795268087768339,0.041575355712099436
xgboost,900,5001d09a,7,0.7846156380833135,0.7873763600558361,0.002760721972522671,0.774510666479871,0.7781152523761419,0.0036045858962709476,0.8857499916613217,0.8768214202327503,-0.008928571428571412,0.6834812845053052,0.697931299878922,0.014450015373616771,0.8070478284824318,0.8049238417346868,-0.0021239867477451974,0.8104888796258071,0.813705466875469,0.003216587249661943
xgboost,900,50c02189,7,0.6309809274294542,0.7141703182469399,0.08318939081748548,0.5509190270634966,0.6936008635770372,0.14268183651354063,0.5832444445579303,0.7829132611122305,0.1996688165543002,0.6787174103009784,0.6454273753816492,-0.0332900349193292,0.6853737069607663,0.7079764892472327,0.022602782286466505,0.621289202511624,0.7157230834100847,0.0944338808984608
xgboost,900,517001af,7,0.8137274636093521,0.8308764694682067,0.017149005858854576,0.8056108015143985,0.8086811603953196,0.003070358880921109,0.7568356590377191,0.8602353500744988,0.10339969103677978,0.8706192681809852,0.8015175888619146,-0.06910167931907063,0.8283150258548144,0.8077821513813648,-0.020532874473449696,0.857136861598203,0.8664119152291895,0.009275053630986478
xgboost,900,6030f0fd,7,0.7789883342373648,0.8004962186681323,0.021507884430767406,0.7383808860449219,0.7624153642654575,0.024034478220535567,0.8459593927072054,0.8362753492494462,-0.009684043457759053,0.7120172757675242,0.764717088086818,0.052699812319293896,0.7794114845012033,0.7900440537828689,0.010632569281665545,0.7611275294859075,0.7792643927935751,0.01813686330766776
xgboost,900,7072a0e0,7,0.7531946071205556,0.7681058547185787,0.014911247598023123,0.6712995355678624,0.7094452567688411,0.03814572120097862,0.8091186793377203,0.8784092872874754,0.06929060794975499,0.6972705349033907,0.657802422149682,-0.039468112753708685,0.7258849402088453,0.7318885570994709,0.006003616890625737,0.7052931636447479,0.7450875729692683,0.039794409324520386
xgboost,900,7092f07b,7,0.6796577999679172,0.709650643517518,0.029992843549600808,0.6281124508961267,0.6698505977822969,0.04173814688617023,0.8303329352730598,0.847164196876788,0.016831261603728314,0.5289826646627745,0.5721370901582479,0.04315442549547326,0.7509151604689067,0.7678645328327611,0.016949372363854156,0.6781504037222378,0.7215853959682462,0.04343499224600841
xgboost,900,7150e10a,7,0.6903860371899927,0.6983932431790214,0.00800720598902879,0.623900893709904,0.6309177501425843,0.007016856432680336,0.881743917671332,0.8705405504645466,-0.011203367206785513,0.4990281567086533,0.5262459358934964,0.02721777918484313,0.7591814489745075,0.7518859656941057,-0.007295483280401828,0.6737591085304679,0.6761010152191395,0.0023419066886713547
xgboost,900,71a251fa,7,0.8512613484841874,0.8182363073851529,-0.03302504109903467,0.8317906275976831,0.7874633538954612,-0.04432727370222188,0.783711266404756,0.7032754895117282,-0.08043577689302772,0.918811430563619,0.9331971252585773,0.014385694694958413,0.8541071510146621,0.8396124156905521,-0.014494735324109942,0.854920465181141,0.8098484300939381,-0.04507203508720282
xgboost,900,71c09041,6,0.8074101358797475,0.8109890218099921,0.0035788859302445055,0.7847603296535532,0.7976259906614779,0.01286566100792469,0.8884468183304475,0.9209105165681176,0.03246369823766998,0.7263734534290477,0.7010675270518666,-0.025305926377181043,0.8214003580453219,0.8341808884140408,0.012780530368719104,0.8550745940133003,0.8654407535944836,0.010366159581183254
xgboost,900,71e10186,7,0.93981331330977,0.9402086351625724,0.0003953218528022535,0.9409434935917724,0.9414798654201763,0.0005363718284039365,0.9218440873502054,0.9223598171078125,0.0005157297576070212,0.9577825392693351,0.9580574532173324,0.000274913947997454,0.945850281447715,0.9463940109219585,0.0005437294742435261,0.9436235657632066,0.9441599079495214,0.0005363421863148675
xgboost,900,71f0603f,7,0.7934554480900591,0.8047513552917845,0.011295907201725306,0.7957496165906717,0.8032524076192837,0.007502791028611939,0.7241448661830618,0.7569405795222496,0.03279571333918768,0.8627660299970563,0.8525621310613192,-0.01020389893573708,0.8134349547059123,0.8176501057886687,0.00421515108275629,0.8062293075037432,0.8120967153752826,0.005867407871539261
xgboost,900,71f21142,6,0.7698166305495365,0.7898585771668646,0.02004194661732815,0.7450537910365852,0.7718139696638772,0.026760178627292002,0.8734324636943346,0.9115995413162187,0.03816707762188395,0.6662007974047383,0.6681176130175106,0.0019168156127723306,0.7962687105014351,0.8049546026092879,0.008685892107852719,0.7987784457015854,0.8216625420406465,0.022884096339061005
xgboost,900,8030618f,7,0.7604493699632139,0.76704139275461,0.00659202279139613,0.6599652667000033,0.6889495832283724,0.028984316528369063,0.8705701135490456,0.8923674259905481,0.021797312441502594,0.650328626377382,0.6417153595186715,-0.008613266858710373,0.7139709345109448,0.7245541030897746,0.010583168578830062,0.6890727178994148,0.7352588046000064,0.04618608670059158
xgboost,900,8191f1d9,7,0.671851695848032,0.6812282687600625,0.009376572912030676,0.5530171399400322,0.6495573034199842,0.09654016347995195,0.39134676324744694,0.5742682247647953,0.18292146151734848,0.9523566284486169,0.7881883127553299,-0.1641683156932871,0.7192151541912027,0.7190572757710542,-0.00015787842014852727,0.5892251466327959,0.726758379702787,0.13753323306999107
xgboost,900,81e150c1,7,0.7637146594986837,0.7672298830360497,0.003515223537365965,0.7176638424218079,0.7153024298507693,-0.0023614125710387074,0.8382448831215079,0.8474244585661436,0.009179575444635688,0.6891844358758595,0.6870353075059559,-0.0021491283699037428,0.7267803089944965,0.7227018979502343,-0.004078411044262161,0.7681180083110861,0.7610261076524872,-0.007091900658598866
xgboost,900,81f1f0fe,7,0.6923424011285768,0.7116970074382082,0.01935460630963123,0.6658312396157765,0.6885981088886073,0.02276686927283078,0.7013044012962517,0.6244310800899102,-0.07687332120634163,0.6833804009609017,0.7989629347865057,0.11558253382560406,0.7102292676628699,0.717261122198449,0.0070318545355790695,0.6990918395627916,0.72797444953408,0.028882609971288473
xgboost,900,a02151ac,7,0.7238446667258425,0.7135073107393302,-0.010337355986512404,0.696183618803058,0.6778170821679109,-0.01836653663514714,0.6423474905935157,0.6590254425898843,0.01667795199636852,0.8053418428581692,0.7679891788887759,-0.037352663969393345,0.7421933976656266,0.7262149174631115,-0.01597848020251499,0.7407217924253257,0.7136257021540571,-0.027096090271268643
xgboost,900,a1721173,7,0.7597333698202412,0.7597333698202412,0.0,0.7612738614223985,0.7612738614223985,0.0,0.734918359619501,0.734918359619501,0.0,0.7845483800209817,0.7845483800209817,0.0,0.8162283235552822,0.8162283235552822,0.0,0.8065009344118623,0.8065009344118623,0.0
xgboost,900,a1b210fc,7,0.7846462255742883,0.771748395909419,-0.012897829664869218,0.7675251413472611,0.7629756917615639,-0.004549449585697204,0.8291959742705182,0.7699172180341857,-0.05927875623633255,0.7400964768780582,0.7735795737846525,0.03348309690659408,0.7936889453540941,0.7940636246693427,0.00037467931524851457,0.7949686607936777,0.7946990056758321,-0.0002696551178456178
xgboost,900,b0700166,7,0.6733288236800687,0.6891840312113955,0.015855207531326885,0.587366237061584,0.6440084076541529,0.05664217059256908,0.7666842725625054,0.7674718660447236,0.0007875934822184945,0.5799733747976322,0.6108961963780674,0.030922821580435238,0.7121882008910382,0.7288003015004519,0.016612100609413823,0.6185293365971917,0.6895825766993234,0.07105324010213168
xgboost,900,b112005d,7,0.7165423192204562,0.7049482579482634,-0.011594061272192868,0.678731421232642,0.6573444050750826,-0.02138701615755952,0.7564955038052246,0.8021882619578758,0.045692758152651135,0.6765891346356879,0.607708253938651,-0.06888088069703686,0.7320864619644151,0.7295650984922192,-0.00252136347219594,0.7196601235060986,0.6930930928469424,-0.026567030659156294
xgboost,900,b1c2f044,7,0.8032759578182121,0.8439348512018626,0.04065889338365068,0.7825733919331394,0.8354775155370395,0.05290412360390002,0.8864321985517051,0.8676047068686434,-0.01882749168306186,0.7201197170847188,0.8202649955350819,0.10014527845036317,0.8258536230769391,0.8481230617943478,0.02226943871740856,0.8177809621608014,0.864002810020098,0.0462218478592966
xgboost,900,c060c06a,7,0.7386417287225708,0.757904930377652,0.01926320165508122,0.6948092781579953,0.7162162219162583,0.021406943758263082,0.5733490112969424,0.6425694804526112,0.06922046915566883,0.9039344461481994,0.8732403803026928,-0.030694065845506362,0.7606491022476572,0.76256842489539,0.001919322647732916,0.7849504170145041,0.801883448831779,0.016933031817274808
xgboost,900,c112918e,7,0.6449973394073477,0.7037289610445895,0.05873162163724199,0.5731942425121324,0.6736693589240724,0.10047511641194021,0.4235341491336969,0.6691405389448649,0.24560638981116795,0.8664605296809984,0.7383173831443143,-0.12814314653668396,0.7403469275951142,0.747693773968953,0.007346846373838788,0.639145435099903,0.7127817385713822,0.07363630347147912
xgboost,900,c1a150b1,6,0.7036119498813259,0.6932258183262587,-0.010386131555067124,0.6648883908430407,0.6518665721428758,-0.01302181870016498,0.8256087933708655,0.7959681462362139,-0.02964064713465157,0.5816151063917862,0.5904834904163034,0.008868384024517293,0.7513478198698329,0.7706504301618949,0.019302610292061928,0.7131200652818951,0.7066744101343603,-0.006445655147534886
xgboost,900,d0724095,7,0.7419683528872408,0.7542786473561723,0.012310294468931615,0.7149581270946366,0.7359212609430454,0.020963133848408946,0.6944050921703694,0.7147343225771979,0.020329230406828595,0.7895316136041123,0.793822972135147,0.004291358531034644,0.779960503761723,0.7832011656682919,0.003240661906569004,0.7456037134843533,0.7619321608042382,0.016328447319885014
xgboost,900,d0e2d025,7,0.7670195615419513,0.7890166892584188,0.021997127716467526,0.7480953326894031,0.7719533810666491,0.023858048377246095,0.813802759925303,0.8381830901109122,0.02438033018560894,0.7202363631585998,0.7398502884059258,0.019613925247326112,0.7999178373007585,0.7955573993220844,-0.0043604379786741365,0.7884478580186176,0.8035700169494421,0.015122158930824343
xgboost,900,d111e017,7,0.8749070958615971,0.8748106424274705,-9.645343412653265e-05,0.8699456985843451,0.8698280308696135,-0.00011766771473173001,0.8238133776567028,0.8232384998182434,-0.0005748778384593312,0.9260008140664914,0.9263827850366976,0.00038197097020626584,0.8839615544200373,0.8838336742798306,-0.0001278801402065615,0.8716793342291993,0.8715561597421724,-0.00012317448702704934
xgboost,900,d142d110,7,0.717953834325069,0.6931555841755309,-0.024798250149538213,0.6912210071374377,0.659757172720891,-0.031463834416546675,0.6436077879427632,0.6153764954257565,-0.028231292517006814,0.792299880707375,0.7709346729253053,-0.02136520778206963,0.7017241092241092,0.667468625165008,-0.03425548405910117,0.7647615276903998,0.7318398043230442,-0.03292172336735571
xgboost,900,d151b0c4,7,0.7683161672497594,0.7693219627998433,0.0010057955500839227,0.7632775308621385,0.7710207183561038,0.007743187493965568,0.7541658207222259,0.7950888095170466,0.04092298879482056,0.7824665137772928,0.74355511608264,-0.03891139769465267,0.7911187679366358,0.7967460745606955,0.0056273066240597625,0.7862993550500889,0.7960788316740157,0.00977947662392699
xgboost,900,d18000a3,7,0.8249589756339073,0.8394322445847788,0.014473268950871485,0.7688520960941523,0.7887085520698731,0.019856455975720704,0.7781857684765583,0.823959303697098,0.04577353522053982,0.8717321827912562,0.8549051854724592,-0.01682699731879692,0.7827272362698184,0.7855438488312688,0.002816612561450303,0.8213820862693585,0.8385285757725534,0.017146489503194924
xgboost,900,e0c0408a,5,0.7461925223765997,0.7844960792848079,0.03830355690820808,0.7199386506772625,0.7851611914922418,0.06522254081497945,0.7663996266625185,0.8618379093101035,0.09543828264758498,0.7259854180906812,0.7071542492595124,-0.018831168831168844,0.792416033157995,0.8067542751053608,0.014338241947365816,0.7604404713638526,0.8178839102778799,0.057443438914027166
xgboost,900,f0f2a1e1,7,0.8244163752774162,0.8233782161151462,-0.0010381591622699502,0.7998006196796669,0.7960129625737812,-0.003787657105885689,0.8338571440143243,0.8486832815873978,0.014826137573073415,0.8149756065405082,0.7980731506428949,-0.016902455897613283,0.7962584715050792,0.7912679724603171,-0.004990499044762183,0.8375055251494098,0.834408479879689,-0.003097045269720798
xgboost,900,f121f1e0,7,0.70604695630004,0.7345859476403563,0.028538991340316216,0.663747353437252,0.6985896441223911,0.034842290685139186,0.8999632496717141,0.8195104110799045,-0.08045283859180974,0.512130662928366,0.6496614842008082,0.13753082127244218,0.7525636475343117,0.7464535415266113,-0.006110106007700392,0.6929437513970613,0.7156189568136276,0.022675205416566202
xgboost,900,f1a0c120,7,0.7160248722829385,0.7293399748589254,0.013315102575986892,0.7190238352027096,0.7399166986959349,0.020892863493225198,0.6336362580193222,0.6731172313561541,0.03948097333683192,0.7984134865465551,0.7855627183616969,-0.012850768184858133,0.8162016284311789,0.8050593496966084,-0.011142278734570457,0.825336647017466,0.8269397642429779,0.0016031172255120169
xgboost,900,f1d06060,7,0.7382240871124272,0.7901529894403059,0.05192890232787874,0.6943228854556543,0.7790532688599489,0.08473038340429451,0.6717318266163215,0.743135801073379,0.0714039744570574,0.8047163476085327,0.8371701778072327,0.03245383019870007,0.7747246861782333,0.7871557286852894,0.01243104250705621,0.7217350498202396,0.8031554807611421,0.08142043094090236
