model,budget_seconds,subject_id,n_pm,zero_shot_balanced_accuracy,personalized_balanced_accuracy,delta_balanced_accuracy,zero_shot_macro_f1,personalized_macro_f1,delta_macro_f1,zero_shot_low_recall,personalized_low_recall,delta_low_recall,zero_shot_high_recall,personalized_high_recall,delta_high_recall,zero_shot_precision,personalized_precision,delta_precision,zero_shot_accuracy,personalized_accuracy,delta_accuracy
lightgbm,300,0001508a,3,0.7660393752992826,0.7308414360584145,-0.03519793924086826,0.7064075737020294,0.7369056035832163,0.030498029881186845,0.6538520390385204,0.8202687307026874,0.16641669166416695,0.8782267115600448,0.6414141414141414,-0.23681257014590348,0.7615515528618246,0.7742467062459336,0.012695153384108981,0.7774333781295107,0.8699748145935992,0.09254143646408841
lightgbm,300,0012905a,5,0.7501115343483102,0.7191169290175792,-0.030994605330730972,0.7410764661259798,0.7019004520732026,-0.039176014052777174,0.8572389434805767,0.8485136609326576,-0.008725282547919332,0.6429841252160435,0.5897201971025009,-0.053263928113542545,0.7668757615572455,0.7590093707437257,-0.007866390813519919,0.7485554457257539,0.7163412668964357,-0.03221417882931828
lightgbm,300,0110f12e,6,0.8213015162851954,0.8232961409028284,0.0019946246176330007,0.8170465308018854,0.8134041577841682,-0.00364237301771723,0.8505316871059572,0.8978288003509257,0.04729711324496864,0.7920713454644338,0.748763481454731,-0.043307864009702636,0.8170076053177492,0.8221558986693452,0.005148293351595816,0.8235983495791941,0.8199194981626231,-0.0036788514165710198
lightgbm,300,0182e16c,2,0.6372428577291167,0.7520087755468745,0.11476591781775775,0.5718524873686293,0.7352016033457671,0.16334911597713786,0.6075974944433219,0.634016973125884,0.02641947868256217,0.6668882210149116,0.870000577967865,0.20311235695295338,0.7463245385301585,0.807476209266442,0.061151670736283525,0.6290002935995302,0.7778919553728714,0.14889166177334118
lightgbm,300,01c2a0d8,6,0.7916540835976519,0.7894873646184899,-0.0021667189791619115,0.7915239751161222,0.7695908180232731,-0.021933157092848987,0.7622168242289606,0.9258429042301549,0.1636260800011941,0.821091342966343,0.6531318250068251,-0.16795951795951794,0.8134142603032587,0.8296189742359159,0.016204713932657377,0.8456734693032124,0.7958128250564993,-0.04986064424671305
lightgbm,300,1081b177,6,0.8080714394984426,0.8488097176720165,0.04073827817357367,0.7909357436030188,0.8333737549129645,0.04243801130994568,0.6481147646061164,0.7809009100026566,0.13278614539654016,0.9680281143907689,0.9167185253413761,-0.051309589049392736,0.8446852090464669,0.8420491585863042,-0.0026360504601627235,0.8132440899526926,0.8434480881577069,0.03020399820501422
lightgbm,300,20201194,5,0.7504477951210731,0.8126116504518499,0.06216385533077693,0.7484209061130775,0.8220776749885423,0.07365676887546499,0.7210271107403509,0.8872039545553857,0.16617684381503475,0.7798684795017954,0.7380193463483143,-0.041849133153480954,0.840568699456697,0.8450794192655502,0.0045107198088530035,0.7872343160371826,0.844677900694745,0.05744358465756243
lightgbm,300,2162c09e,6,0.7968371347117147,0.8201506876998829,0.02331355298816819,0.7932069110047423,0.7987136823476261,0.005506771342883632,0.67767055030548,0.8001238737640074,0.12245332345852754,0.9160037191179492,0.8401775016357581,-0.07582621748219114,0.8094818873259414,0.8093519617397599,-0.00012992558618141192,0.856349400050143,0.8419702136583708,-0.014379186391772473
lightgbm,300,2182c1cd,7,0.7445936301438291,0.7653252692123867,0.020731639068557763,0.7239428477354163,0.7557301133188572,0.03178726558344104,0.5623036446074978,0.654551907890496,0.09224826328299827,0.9268836156801605,0.8760986305342778,-0.05078498514588276,0.7757460688443915,0.7782940002995922,0.0025479314552006977,0.7384461102338034,0.768874975192248,0.030428864958444688
lightgbm,300,219060fa,2,0.7164983325772227,0.7536033981405834,0.03710506556336063,0.7184871498233567,0.7461227931504864,0.02763564332712959,0.8571428571428572,0.9279823269513992,0.070839469808542,0.5758538080115884,0.5792244693297677,0.0033706613181792716,0.8786893259719346,0.8444852545375359,-0.0342040714343988,0.8181661610206542,0.8275128840370425,0.009346723016388225
lightgbm,300,21a031f6,1,0.7854301140746154,0.7263021150489182,-0.05912799902569721,0.785665529010239,0.7129049111807733,-0.07276061782946575,0.8322981366459627,0.968944099378882,0.1366459627329193,0.738562091503268,0.48366013071895425,-0.25490196078431376,0.7886288998357964,0.8002693239967681,0.011640424160971663,0.7866242038216561,0.732484076433121,-0.05414012738853513
lightgbm,300,30908049,2,0.7562302137147083,0.775640950909142,0.01941073719443359,0.7835245080846942,0.6999732695147439,-0.08355123856995034,0.658555403881536,0.9208855124933231,0.262330108611787,0.8539050235478807,0.6303963893249608,-0.2235086342229199,0.8539156642839859,0.741519639704711,-0.11239602457927489,0.8744762557860448,0.7263329333104749,-0.14814332247557
lightgbm,300,30c140ca,3,0.7830480324175313,0.7840425759946273,0.000994543577095941,0.7584969984412954,0.776379335551202,0.01788233710990676,0.8615323461868369,0.8086111047888491,-0.05292124139798778,0.7045637186482256,0.7594740472004053,0.054910328552179664,0.7789292328882454,0.7804796417858473,0.0015504088976019403,0.7649255456899741,0.7858365044130858,0.020910958723111883
lightgbm,300,40009139,4,0.831191625726833,0.8384442211614089,0.007252595434575904,0.8367689275036633,0.8374947105572726,0.0007257830536094023,0.7505266499231513,0.9233263844129337,0.17279973448978242,0.9118566015305146,0.7535620579098841,-0.15829454362063056,0.8646995943938351,0.8572863422890437,-0.007413252104791629,0.8517315634916467,0.8475015065160508,-0.004230056975595892
lightgbm,300,40f0714a,3,0.7693351024620374,0.7860017691287041,0.016666666666666646,0.7763305406893132,0.7982442994451772,0.021913758755864026,0.9736842105263158,0.9736842105263158,0.0,0.5649859943977591,0.5983193277310924,0.03333333333333335,0.8666996047430832,0.8719696969696971,0.005270092226613972,0.8211832043422379,0.8340037171627507,0.01282051282051285
lightgbm,300,41e2010c,4,0.7474204076093185,0.8326104998233355,0.085190092214017,0.7042874396359114,0.7820748809798224,0.07778744134391077,0.8158410548823949,0.9169668312799104,0.10112577639751552,0.6789997603362423,0.7482541683667607,0.06925440803051855,0.7990093489222623,0.7899156372785505,-0.009093711643711727,0.7575356347787099,0.812418429289164,0.054882794510454094
lightgbm,300,5001d09a,6,0.7941969555784921,0.8164671135329007,0.022270157954408547,0.7791212306017304,0.7982160978447165,0.019094867242986185,0.9337410274910276,0.9133528508528509,-0.02038817663817664,0.6546528836659568,0.7195813762129507,0.06492849254699375,0.8185279079822855,0.8146410724892109,-0.003886835493074651,0.8190703993818195,0.8311998966106847,0.012129497228865305
lightgbm,300,50c02189,5,0.6395673139581771,0.7331436357726042,0.0935763218144272,0.5698412658962252,0.7242373292445745,0.1543960633483493,0.4046807621323584,0.761901376942577,0.35722061481021844,0.8744538657839958,0.7043858946026317,-0.17006797118136402,0.7053653713119432,0.7311703429431223,0.025804971631178987,0.6566798796763578,0.7372816432819673,0.08060176360560965
lightgbm,300,517001af,4,0.8653062842548178,0.8833306820128759,0.018024397758058114,0.8400975198397328,0.852341577533101,0.012244057693368393,0.7774307503278174,0.9708953707597587,0.1934646204319412,0.9531818181818181,0.7957659932659933,-0.15741582491582493,0.8650674450014479,0.8618337991855094,-0.0032336458159386294,0.8635440648569176,0.8973262081465772,0.03378214328965956
lightgbm,300,6030f0fd,4,0.7908047879017541,0.8167243230853478,0.02591953518359366,0.7627130838184891,0.7879996825580506,0.02528659873956146,0.8568009413883215,0.8172807950743477,-0.03952014631397385,0.7248086344151867,0.8161678510963479,0.09135921668116112,0.7670193897031801,0.7769839546445593,0.0099645649413794,0.8016332032657485,0.8151437312488236,0.013510527983075005
lightgbm,300,7072a0e0,4,0.7522929842053432,0.7624788621727933,0.010185877967450074,0.6671038586288139,0.7049814445562722,0.03787758592745821,0.9199119877072941,0.8587182285472673,-0.06119375916002673,0.5846739807033924,0.6662394957983193,0.08156551509492686,0.7196928375266287,0.7400312078650242,0.02033837033839539,0.7018769083059739,0.747222099483404,0.045345191177429994
lightgbm,300,7092f07b,4,0.6656508636493457,0.6530070227179632,-0.012643840931382544,0.6668994201726932,0.6488502736844588,-0.018049146488234497,0.8330597109533469,0.7945446066357578,-0.038515104317589116,0.49824201634534454,0.5114694388001686,0.013227422454824077,0.7766609445870856,0.7820743229973903,0.005413378410304842,0.7453608224815705,0.744799935699091,-0.0005608867824796471
lightgbm,300,7150e10a,1,0.7105214325477825,0.7244302366774069,0.013908804129624364,0.7155015197568388,0.7210800284612215,0.005578508704382701,0.5882352941176471,0.679144385026738,0.09090909090909094,0.832807570977918,0.7697160883280757,-0.06309148264984232,0.7245200870769839,0.7188157894736842,-0.005704297603299713,0.7420634920634921,0.7361111111111112,-0.005952380952380931
lightgbm,300,71a251fa,3,0.938953114130419,0.8937312093173193,-0.045221904813099734,0.9347322565265991,0.8840355057835327,-0.05069675074306653,0.9438402941949041,0.9765563435776201,0.03271604938271607,0.934065934065934,0.8109060750570184,-0.12315985900891564,0.9359952912584492,0.9005017937899683,-0.03549349746848085,0.9376224980921654,0.8870833931499295,-0.05053910494223601
lightgbm,300,71c09041,4,0.8242199097115153,0.6871879104610522,-0.13703199925046305,0.8005908022862673,0.6616048276209014,-0.13898597466536597,0.854554538037749,0.8800305828268662,0.025476044789117164,0.7938852813852815,0.4943452380952381,-0.2995400432900433,0.8287920927873532,0.7895486993694585,-0.039243393417894595,0.8883308700486352,0.8131958930564588,-0.07513497699217639
lightgbm,300,71e10186,6,0.9351279524814776,0.9356731055232705,0.0005451530417930339,0.9349459561266923,0.9360231936202309,0.0010772374935387556,0.9278060341376984,0.9300469849923855,0.0022409508546871737,0.9424498708252568,0.9412992260541557,-0.0011506447711011243,0.9409839208464433,0.9419368978971029,0.0009529770506595167,0.9378906580262125,0.9389655580317982,0.0010749000055856512
lightgbm,300,71f0603f,6,0.8058321874271321,0.7982607388347726,-0.007571448592359383,0.8085988577601321,0.7928888950611959,-0.01570996269893606,0.7254289579051337,0.7433986106535384,0.017969652748404747,0.8862354169491303,0.8531228670160069,-0.03311254993312346,0.8263567323373898,0.8241728096266129,-0.0021839227107769052,0.8200311221399055,0.8051931179658708,-0.014838004174034672
lightgbm,300,71f21142,2,0.7572044362005306,0.7572044362005306,0.0,0.7663501168755125,0.7663501168755125,0.0,0.6867650650755435,0.6867650650755435,0.0,0.8276438073255178,0.8276438073255178,0.0,0.8355591798695247,0.8355591798695247,0.0,0.8029919182613794,0.8029919182613794,0.0
lightgbm,300,8030618f,4,0.7703339912923964,0.7949430558873278,0.024609064594931257,0.6554129694657486,0.6808514183129181,0.025438448847169462,0.9313752938535871,0.8939776257811485,-0.037397668072438606,0.6092926887312059,0.695908485993507,0.08661579726230112,0.7231173983451578,0.725584966326217,0.00246756798105921,0.6886549456832476,0.7357164808461978,0.047061535162950266
lightgbm,300,8191f1d9,2,0.7543220575234344,0.815412208911054,0.06109015138761964,0.7468557097319124,0.8111048818354322,0.06424917210351977,0.6159333422131451,0.913347837025855,0.29741449481270993,0.8927107728337236,0.7174765807962529,-0.1752341920374707,0.7912394491411873,0.8214893094090439,0.030249860267856588,0.7621595529702444,0.819584550311301,0.05742499734105655
lightgbm,300,81e150c1,4,0.7720724081924919,0.775448084874838,0.003375676682346007,0.6936333492904886,0.6901952272427634,-0.00343812204772527,0.8326785714285714,0.8599181547619048,0.027239583333333345,0.7114662449564124,0.690978014987771,-0.020488229968641386,0.7115758478534535,0.711740091715352,0.0001642438618984221,0.7364281949736182,0.7306299929742976,-0.005798201999320407
lightgbm,300,81f1f0fe,3,0.8007819783779967,0.8155682032439932,0.01478622486599653,0.7927972454120731,0.8061186739328837,0.013321428520810566,0.7290975342895708,0.7056785310301109,-0.023419003259459892,0.8724664224664225,0.9254578754578754,0.05299145299145299,0.8324015347373471,0.8318775464648466,-0.0005239882725007009,0.801878888830284,0.8116407000135547,0.009761811183270649
lightgbm,300,a02151ac,5,0.7189541686628954,0.7253457652419044,0.006391596579009029,0.6779222655734894,0.7186447905610661,0.04072252498757667,0.6089451373885344,0.781754906429579,0.17280976904104467,0.8289631999372563,0.6689366240542297,-0.16002657588302666,0.7613025100166513,0.7383935272797906,-0.022908982736860838,0.7320581245404332,0.7499273699623721,0.017869245421938997
lightgbm,300,a1b210fc,4,0.7675977321820212,0.7388457374066418,-0.02875199477537929,0.7704399324035649,0.7092325996195887,-0.06120733278397633,0.867020259938838,0.6186216094934185,-0.2483986504454195,0.6681752044252044,0.8590698653198653,0.1908946608946609,0.800102998317268,0.7970071681895328,-0.0030958301277353995,0.8127130242563262,0.7422083480906041,-0.07050467616572204
lightgbm,300,b0700166,4,0.6621462143522931,0.708501069714655,0.04635485536236167,0.5543031303678332,0.644387476009493,0.09008434564165967,0.740826431539402,0.7393418306040646,-0.0014846009353374975,0.5834659971651845,0.6776603088252453,0.09419431166006079,0.7077172031869943,0.7274858181850942,0.01976861499809987,0.6129995713373453,0.6903270586527562,0.0773274873154109
lightgbm,300,b112005d,3,0.7222524819758988,0.6765707553494141,-0.04568172662648451,0.7297119651613017,0.6669542529468299,-0.06275771221447168,0.8976284302674032,0.9563416277719293,0.05871319750452612,0.546876533684394,0.3967998829268989,-0.15007665075749513,0.7636732250013406,0.765316516267679,0.0016432912663383314,0.7700720758792318,0.7535774720888821,-0.01649460379034969
lightgbm,300,b1c2f044,5,0.8497429296845102,0.832506971770522,-0.01723595791398804,0.8321799014981555,0.8461752533610486,0.013995351862893224,0.8452756208147765,0.9299288347895003,0.0846532139747238,0.8542102385542437,0.7350851087515439,-0.11912512980269989,0.8424832777347312,0.8795474503651377,0.03706417263040642,0.8540825314045815,0.881501154758665,0.027418623354083405
lightgbm,300,c060c06a,2,0.7591130267261685,0.7848455375821068,0.025732510855938306,0.7480687991779292,0.7770381292012116,0.02896933002328239,0.5611449666002578,0.8908355795148248,0.32969061291456697,0.9570810868520792,0.6788554956493889,-0.2782255912026904,0.8063555545484757,0.7914186507936508,-0.014936903754824926,0.7603083567145293,0.7802648951972273,0.019956538482697905
lightgbm,300,c112918e,6,0.6855527534004818,0.710075526011941,0.024522772611459315,0.6318737173466117,0.6852005773840707,0.053326860037458866,0.5279266425438646,0.8396952925958509,0.3117686500519863,0.8431788642570991,0.5804557594280314,-0.2627231048290676,0.7539748486521547,0.7894795103483391,0.035504661696184305,0.6746687826929572,0.7325164931540614,0.05784771046110428
lightgbm,300,c1a150b1,1,0.7437288668711174,0.7005189903279075,-0.043209876543209846,0.7685468185607113,0.7190894857280501,-0.04945733283266118,0.9936305732484076,0.9936305732484076,0.0,0.49382716049382713,0.4074074074074074,-0.08641975308641975,0.8837439643431968,0.8676470588235294,-0.01609690551966736,0.8235294117647058,0.7941176470588235,-0.02941176470588236
lightgbm,300,d0724095,4,0.7698077865818509,0.784459378975963,0.01465159239411204,0.7288409520829893,0.753527450992,0.02468649890901073,0.6658044617554962,0.7087872462905958,0.042982784535099544,0.8738111114082056,0.8601315116613302,-0.013679599746875465,0.7603503135481612,0.7667240608660535,0.0063737473178924475,0.7383899287006226,0.7662877424317783,0.027897813731155657
lightgbm,300,d0e2d025,4,0.7579937496989896,0.7702835556742977,0.012289805975308238,0.7364322373994234,0.7516110137523765,0.015178776352953005,0.9155246672735943,0.9465420297394547,0.031017362465860343,0.6004628321243848,0.5940250816091409,-0.006437750515243923,0.7993744704491867,0.8008464783989868,0.0014720079498001248,0.7790809738609643,0.7836338755814051,0.004552901720440872
lightgbm,300,d111e017,6,0.8801668012596541,0.8809460360295548,0.0007792347699006977,0.8742971918895798,0.8751711864561783,0.0008739945665984424,0.8338606648481943,0.8294616009534167,-0.004399063894777612,0.9264729376711136,0.9324304711056928,0.00595753343457911,0.8891230517573888,0.8892822046624341,0.00015915290504518267,0.876219699206653,0.876954975744738,0.0007352765380849909
lightgbm,300,d142d110,5,0.6522915458387477,0.6343318552561061,-0.017959690582641397,0.6151765300858043,0.59098281219227,-0.02419371789353423,0.4955993431855501,0.4236945812807882,-0.07190476190476192,0.8089837484919453,0.8449691292314243,0.0359853807394791,0.620932269537519,0.6156632860866733,-0.0052689834508459436,0.7305377259381661,0.7080876980844494,-0.02245002785371677
lightgbm,300,d151b0c4,4,0.760461091124772,0.7702617412299225,0.009800650105150549,0.7546687195317097,0.7668854790297785,0.01221675949806883,0.7479418763218515,0.8362766430549072,0.08833476673305568,0.7729803059276925,0.7042468394049379,-0.06873346652275453,0.8028367587211862,0.8026709296587033,-0.0001658290624828307,0.772159489858147,0.7830610636073292,0.010901573749182214
lightgbm,300,d18000a3,2,0.8183364595891907,0.8535185678178224,0.03518210822863177,0.8053397753226459,0.8477306138485047,0.04239083852585884,0.754147465437788,0.8463133640552996,0.09216589861751151,0.8825254537405931,0.8607237715803453,-0.021801682160247915,0.8302796101910587,0.8503591231885607,0.02007951299750199,0.8068272576474333,0.8479365753126274,0.0411093176651941
lightgbm,300,e0c0408a,4,0.7360580058633647,0.8124732236082084,0.0764152177448437,0.6935390498799718,0.7966394834604282,0.10310043358045644,0.7032307303414482,0.7890157112856809,0.08578498094423273,0.7688852813852813,0.835930735930736,0.06704545454545452,0.7924946581196581,0.818871935359921,0.026377277240262786,0.7261992153653605,0.8063534947530566,0.08015427938769616
lightgbm,300,f0f2a1e1,2,0.8224610250881219,0.8208339227879999,-0.0016271023001219742,0.8028050475494655,0.7993858785844539,-0.003419168965011543,0.9209261909629932,0.9277755060314864,0.006849315068493178,0.7239958592132505,0.7138923395445134,-0.010103519668737126,0.8201141116446048,0.8188483212528475,-0.0012657903917573377,0.8149905123339658,0.8113140417457305,-0.003676470588235281
lightgbm,300,f121f1e0,5,0.6893734434213754,0.7226183578992008,0.03324491447782536,0.6365646229346453,0.6760510251232605,0.03948640218861534,0.898499533440221,0.9122848712621515,0.013785337821930522,0.4802473534025298,0.5329518445362499,0.052704491133720166,0.7273467324507662,0.7330562034360895,0.005709470985323395,0.665112431084445,0.6897079403103068,0.0245955092258618
lightgbm,300,f1a0c120,7,0.7192285385056209,0.7385526750078961,0.019324136502275317,0.7233936098464266,0.7399849520261518,0.016591342179725077,0.6443910391730373,0.670606715534465,0.026215676361427694,0.7940660378382042,0.8064986344813271,0.012432596643122937,0.8059896165071029,0.8006296738984133,-0.005359942608689676,0.826743693952845,0.804282743963247,-0.022460949989598102
lightgbm,300,f1d06060,4,0.7125344928483252,0.774757202813189,0.0622227099648639,0.6722869126190569,0.7664122883137804,0.09412537569472337,0.45650600665798236,0.6582977517248034,0.20179174506682113,0.9685629790386681,0.8912166539015747,-0.07734632513709339,0.7845715159082508,0.7978683044495467,0.013296788541295956,0.6945109866894397,0.7748425675926571,0.08033158090321751
lightgbm,600,0001508a,4,0.772077595001907,0.7587495104009239,-0.013328084600983073,0.7291989919071822,0.7563697946264103,0.027170802719228157,0.7300797509283747,0.8712277495305765,0.14114799860220165,0.8140754390754391,0.6462712712712713,-0.16780416780416782,0.7822380448116577,0.7567689334978984,-0.025469111313759354,0.7862914078661388,0.8727567078564462,0.08646529999030728
lightgbm,600,0012905a,7,0.7498175804251822,0.7433771795934615,-0.006440400831720721,0.7462035664778348,0.7410424853541893,-0.005161081123645407,0.8613201731294237,0.8594085686333378,-0.0019116044960858028,0.6383149877209409,0.6273457905535853,-0.010969197167355647,0.777839711466215,0.786911993614182,0.009072282147966975,0.7599232105979444,0.7600012127718218,7.800217387751321e-05
lightgbm,600,0110f12e,6,0.8213015162851954,0.8208210918622324,-0.0004804244229629588,0.8170465308018854,0.8141983222293181,-0.0028482085725674198,0.8505316871059572,0.8761068718742883,0.025575184768331094,0.7920713454644338,0.7655353118501766,-0.02653603361425703,0.8170076053177492,0.8194306034109369,0.002422998093187708,0.8235983495791941,0.8212064907520125,-0.002391858827181459
lightgbm,600,0182e16c,5,0.7081420665562221,0.809670711178543,0.10152864462232077,0.6214373744156239,0.7875551677544463,0.16611779333882243,0.6103583377940371,0.7890961404142562,0.17873780262021904,0.8059257953184071,0.8302452819428294,0.02431948662442247,0.7601793880505372,0.7877531861459909,0.02757379809545375,0.6634332086547368,0.819732957395436,0.15629974874069918
lightgbm,600,01c2a0d8,7,0.7833500335873779,0.7860477157702616,0.0026976821828836556,0.7620659015734562,0.7665612018967963,0.004495300323340065,0.7306323552141866,0.9199318463412235,0.1892994911270369,0.836067711960569,0.6521635851992995,-0.1839041267612696,0.7893197280152815,0.8049266102264958,0.015606882211214488,0.8125822719340817,0.8004058023798306,-0.01217646955425127
lightgbm,600,1081b177,6,0.8080714394984426,0.8312106014100465,0.02313916191160385,0.7909357436030188,0.8185681389520489,0.027632395349030208,0.6481147646061164,0.7353647862159192,0.08725002160980262,0.9680281143907689,0.927056416604174,-0.04097169778659485,0.8446852090464669,0.837120639122205,-0.0075645699242618365,0.8132440899526926,0.832722222943927,0.019478132991234392
lightgbm,600,20201194,7,0.7235403831284388,0.7666056151192772,0.04306523199083829,0.704313818455243,0.76076980832873,0.05645598987348705,0.6985025482977198,0.7011247934450905,0.0026222451473707814,0.7485782179591578,0.8320864367934637,0.0835082188343058,0.7733452441610676,0.797946491379734,0.02460124721866622,0.7479512210338699,0.8089863805209868,0.061035159487116894
lightgbm,600,2162c09e,6,0.7968371347117147,0.8313389445503828,0.03450180983866815,0.7932069110047423,0.8148270669940945,0.02162015598935213,0.67767055030548,0.8152774470384582,0.137606896732978,0.9160037191179492,0.8474004420623076,-0.06860327705564169,0.8094818873259414,0.8183870704628841,0.008905183136942626,0.856349400050143,0.8572895906507411,0.0009401906005977826
lightgbm,600,2182c1cd,7,0.7445936301438291,0.7737141118982257,0.029120481754396504,0.7239428477354163,0.7628118777694441,0.03886903003402785,0.5623036446074978,0.6666641067729789,0.1043604621654811,0.9268836156801605,0.8807641170234726,-0.046119498656688074,0.7757460688443915,0.7824387573393817,0.006692688494990384,0.7384461102338034,0.7736047972796731,0.03515868704586982
lightgbm,600,219060fa,3,0.7600699266361813,0.8040811774288831,0.04401125079270163,0.7584031979214535,0.805686161645314,0.04728296372386043,0.882903981264637,0.8949226200535986,0.012018638788961552,0.6372358720077256,0.7132397348041675,0.07600386279644177,0.8681972555659893,0.8493591498886008,-0.018838105677388455,0.8248558720529852,0.8437988127644641,0.018942940711478878
lightgbm,600,21a031f6,6,0.764465114835614,0.7607751137767268,-0.00369000105888706,0.7213677338045121,0.7142189801216157,-0.007148753682896414,0.7364964166161654,0.8497756665356088,0.11327924991944349,0.7924338130550624,0.6717745610178448,-0.12065925203721761,0.7532319850777833,0.7676077744371309,0.014375789359347671,0.7386976533579993,0.7396265142433581,0.0009288608853589101
lightgbm,600,30908049,4,0.6940743190161631,0.7462981155688845,0.052223796552721385,0.6290653891604964,0.6640781550559651,0.03501276589546884,0.8256719327099988,0.8980999785424382,0.07242804583243923,0.5624767053223274,0.594496252595331,0.03201954727300349,0.7628997477108813,0.7078963081916877,-0.05500343951919362,0.70206455026525,0.6895256293884929,-0.012538920876757037
lightgbm,600,30c140ca,5,0.7809312735011625,0.7173828655623613,-0.06354840793880119,0.7507330494321935,0.6903961826211553,-0.06033686681103819,0.8178286823130316,0.7649173181141872,-0.052911364198844416,0.7440338646892932,0.6698484130105353,-0.07418545167875797,0.764953739355162,0.7488581224735256,-0.016095616881636365,0.7619175759673049,0.7263735859666192,-0.035543990000685796
lightgbm,600,3110e0c7,2,0.6491289416964011,0.6622188050287885,0.01308986333238743,0.6437001876329205,0.6504237622970087,0.006723574664088239,0.6345655757004944,0.5937367553567224,-0.040828820343772054,0.6636923076923077,0.7307008547008547,0.06700854700854703,0.6511882223578211,0.6642992713344502,0.01311104897662907,0.6446171980242479,0.6519701392007184,0.007352941176470562
lightgbm,600,40009139,4,0.831191625726833,0.835132255349443,0.003940629622610048,0.8367689275036633,0.8388836026567745,0.002114675153111284,0.7505266499231513,0.8816597177462671,0.13113306782311573,0.9118566015305146,0.788604792952619,-0.12325180857789553,0.8646995943938351,0.8599767366157699,-0.004722857778065276,0.8517315634916467,0.8520744045482512,0.0003428410566044815
lightgbm,600,40f0714a,4,0.748876326846528,0.8031761388766032,0.054299812030075195,0.7636503445413753,0.8142162885923825,0.050565944051007394,0.9740131578947369,0.9611842105263158,-0.012828947368421051,0.5237394957983192,0.6451680672268907,0.12142857142857143,0.8494294654620742,0.8543657095486364,0.004936244086562208,0.8436651810344562,0.8785268353876359,0.03486165435317978
lightgbm,600,41e2010c,7,0.7319386814910992,0.7775329855507527,0.0455943040596534,0.6921637711109689,0.7443878315506673,0.052224060439698516,0.7796778834838509,0.8489917465706921,0.06931386308684116,0.6841994794983475,0.7060742245308133,0.021874745032465653,0.7902043831007836,0.7802228195340737,-0.009981563566709888,0.7363532376445212,0.7756155971610511,0.0392623595165297
lightgbm,600,5001d09a,6,0.7941969555784921,0.8121125341098906,0.01791557853139847,0.7791212306017304,0.7936185563752284,0.014497325773498179,0.9337410274910276,0.9178171365671366,-0.01592389092389092,0.6546528836659568,0.7064079316526447,0.051755047986687876,0.8185279079822855,0.8144754759072637,-0.004052432075021928,0.8190703993818195,0.8272488385612659,0.008178439179446587
lightgbm,600,50c02189,7,0.6333023565638803,0.7088841977818076,0.07558184121792741,0.5432421775385928,0.6910147047176155,0.14777252717902245,0.5531633294943016,0.744747585574979,0.1915842560806774,0.7134413836334589,0.6730208099886364,-0.040420573644822544,0.6984730947983275,0.7114596732110359,0.012986578412708307,0.624142886864103,0.7171539915909426,0.09301110472683957
lightgbm,600,517001af,5,0.8563169337583695,0.8391200088266334,-0.01719692493173579,0.8388374054770568,0.7987403580947914,-0.04009704738226536,0.7511753694930231,0.9736393735308839,0.2224640040378607,0.9614584980237154,0.7046006441223833,-0.25685785390133214,0.8707901491683817,0.8372412371272644,-0.033548912041117276,0.8608989461530501,0.8380836157089581,-0.02281533044409212
lightgbm,600,6030f0fd,4,0.7908047879017541,0.8130490206826002,0.022244232780846085,0.7627130838184891,0.7804961338044338,0.017783049985944654,0.8568009413883215,0.7887620046847598,-0.06803893670356176,0.7248086344151867,0.8373360366804408,0.1125274022652539,0.7670193897031801,0.7702915390383551,0.0032721493351750564,0.8016332032657485,0.8067494856792465,0.005116282413498069
lightgbm,600,7072a0e0,6,0.7298896219162829,0.7452156373210831,0.015326015404799942,0.6375011560217668,0.6788541013143371,0.04135294529257023,0.7850324844089219,0.8739037945838933,0.08887131017497153,0.6747467594236443,0.6165274800582727,-0.058219279365371614,0.7023946080047138,0.711413146608194,0.009018538603480342,0.679571687960434,0.7215573767186888,0.04198568875825474
lightgbm,600,7092f07b,5,0.694477212658607,0.7053598235498845,0.010882610891277488,0.6760490207279768,0.6940529147293532,0.018003894001376475,0.7903608122409383,0.8072744037645043,0.016913591523565953,0.5985936130762756,0.6034452433352647,0.004851630258989065,0.770604117988509,0.7957213033533999,0.025117185364890892,0.7407331024297009,0.7709324213109683,0.030199318881267322
lightgbm,600,7150e10a,5,0.718130097939292,0.7263054223564789,0.008175324417187001,0.7203789737818639,0.7259942506285241,0.005615276846660166,0.9108769685209268,0.9003237796028326,-0.010553188918094225,0.5253832273576572,0.5522870651101254,0.02690383775246825,0.8373571150439527,0.8292336683951991,-0.008123446648753797,0.7812003010396407,0.7828345089168323,0.0016342078771915513
lightgbm,600,71a251fa,4,0.906211205833749,0.8955040555705172,-0.010707150263231768,0.9057400239514526,0.8954523127795047,-0.01028771117194796,0.8802940137496263,0.8820341159207631,0.0017401021711366538,0.9321283979178716,0.9089739952202712,-0.02315440269760033,0.9121530320729014,0.9080452704899689,-0.004107761582932662,0.9123672003665096,0.9034411296296874,-0.008926070736822389
lightgbm,600,71c09041,4,0.8242199097115153,0.7981410945318606,-0.026078815179654574,0.8005908022862673,0.7839946936024049,-0.01659610868386241,0.854554538037749,0.8820907699218069,0.027536231884057988,0.7938852813852815,0.7141914191419143,-0.07969386224336719,0.8287920927873532,0.8221328052410475,-0.006659287546305626,0.8883308700486352,0.8767612874079658,-0.011569582640669374
lightgbm,600,71e10186,7,0.9364238246576891,0.9391365080217683,0.0027126833640792603,0.9366935599711692,0.9397300979920057,0.0030365380208365877,0.9262146959275509,0.932963503163322,0.006748807235771156,0.9466329533878275,0.9453095128802147,-0.0013234405076126357,0.9423818551013099,0.9445612718886435,0.002179416787333688,0.9395453760525431,0.9422871931523679,0.0027418170998247315
lightgbm,600,71f0603f,6,0.8058321874271321,0.804516083181098,-0.001316104246033974,0.8085988577601321,0.7981362246438737,-0.010462633116258224,0.7254289579051337,0.7589651693626686,0.03353621145753491,0.8862354169491303,0.8500669969995275,-0.03616841994960279,0.8263567323373898,0.8251500078708988,-0.0012067244664909864,0.8200311221399055,0.8096529016690619,-0.010378220470843599
lightgbm,600,71f21142,4,0.7695516505575717,0.8022120148416187,0.03266036428404687,0.7211235948253613,0.7887559060785814,0.06763231125322014,0.8352656494208887,0.8728579590720219,0.03759230965113315,0.7038376516942549,0.7315660706112155,0.02772841891696054,0.7820466771707071,0.8102067822624104,0.02816010509170322,0.7661643968029868,0.828550678507849,0.06238628170486224
lightgbm,600,8030618f,6,0.7701668206186644,0.7555496288164321,-0.014617191802232421,0.6622049425600117,0.6841307984226587,0.021925855862646965,0.8502103040835949,0.8994446285915342,0.04923432450793928,0.6901233371537338,0.61165462904133,-0.07846870811240407,0.7244090063767453,0.735233559421513,0.010824553044767557,0.6906341397410567,0.7448474827881088,0.0542133430470522
lightgbm,600,8191f1d9,5,0.674035264960706,0.7207637182035329,0.046728453242826776,0.5445297132143984,0.7242844875812285,0.17975477436683013,0.42698105282926624,0.8355353577863175,0.40855430495705136,0.9210894770921458,0.6059920786207481,-0.3150973984713977,0.7052158217094766,0.7503779881422451,0.04516216643276851,0.5666450997269105,0.8156817500555045,0.24903665032859382
lightgbm,600,81e150c1,5,0.7614783696165663,0.7591150755251459,-0.0023632940914205315,0.6994197889724446,0.6917202565965858,-0.007699532375858886,0.8312030981067124,0.8397991250717155,0.008596026965002857,0.6917536411264202,0.6784310259785762,-0.013322615147843964,0.7147304994952914,0.7084409621207556,-0.006289537374535925,0.7389495057858444,0.7290154878975541,-0.009934017888290092
lightgbm,600,81f1f0fe,5,0.7670823040856508,0.7742181508557848,0.007135846770134258,0.7493999275880958,0.751006625382229,0.0016066977941330495,0.7575856548778301,0.6734388982214828,-0.08414675665634716,0.7765789532934713,0.8749974034900869,0.09841845019661573,0.780543635215147,0.7814728959038044,0.0009292606886573296,0.7678805800514172,0.768868810127817,0.0009882300763998542
lightgbm,600,a02151ac,7,0.7183405894077818,0.718443874758275,0.00010328535049321439,0.6875382870274532,0.7110977791658889,0.02355949213843584,0.6204533015825957,0.7697762466120598,0.14932294502946405,0.8162278772329677,0.6671115029044902,-0.14911637432847757,0.7489160699859185,0.736570906355969,-0.012345163629949465,0.7312481442857035,0.7421274756817345,0.010879331396030891
lightgbm,600,a1b210fc,7,0.7785227745550414,0.7266880450037049,-0.05183472955133658,0.7645222431806049,0.6848037829620327,-0.07971846021857207,0.8400591837919889,0.663052614643106,-0.17700656914888277,0.7169863653180941,0.7903234753643037,0.07333711004620969,0.7911064040061718,0.7862378375471686,-0.004868566459003195,0.7985887504484351,0.7265904692350051,-0.07199828121343008
lightgbm,600,b0700166,5,0.6644108490328551,0.6989725620967931,0.03456171306393816,0.5579206187723811,0.6314673131624813,0.07354669439010018,0.7926611452315216,0.7951601722865975,0.0024990270550758753,0.5361605528341885,0.6027849519069889,0.06662439907280042,0.7121197084955414,0.7212603497910393,0.00914064129549783,0.6064101557575403,0.6669709943985718,0.06056083864103149
lightgbm,600,b112005d,6,0.7047159729515636,0.6803814522019276,-0.024334520749636195,0.6703129627874177,0.6169655451583745,-0.05334741762904314,0.786119064150777,0.8572472617542625,0.07112819760348546,0.6233128817523504,0.5035156426495927,-0.11979723910275786,0.7373190275406171,0.7401587037165128,0.002839676175895941,0.7273542457383692,0.6840087278379281,-0.04334551790044106
lightgbm,600,b1c2f044,7,0.8027400581330637,0.8365024030598927,0.03376234492682917,0.7840133466834426,0.8331448881898819,0.049131541506439357,0.8850151758944519,0.8863373773077793,0.001322201413327411,0.7204649403716753,0.7866674288120062,0.06620248844033097,0.8317725179749292,0.8499168269874472,0.018144309012517987,0.8190463138027458,0.8650173321307068,0.04597101832796085
lightgbm,600,c060c06a,3,0.7484852183234545,0.8138319441307784,0.06534672580732392,0.7395312462355785,0.8055640965428582,0.06603285030727972,0.5309593894982111,0.9014046964150714,0.3704453069168603,0.9660110471486979,0.7262591918464856,-0.23975185530221235,0.8131006727292869,0.8159620034814498,0.002861330752162846,0.7576097009365298,0.806923333208374,0.04931363227184412
lightgbm,600,c112918e,6,0.6788256755042471,0.7580072727728213,0.07918159726857422,0.6315790237238343,0.759119723155679,0.12754069943184473,0.5129220991544959,0.8345565121917257,0.3216344130372297,0.8447292518539983,0.6814580333539171,-0.16327121850008128,0.7702155604186115,0.7985873463848708,0.02837178596625937,0.6940826273821997,0.7905118725142121,0.09642924513201238
lightgbm,600,c1a150b1,4,0.7665214126419077,0.7167714642309156,-0.04974994841099195,0.7564402256382433,0.727959102126958,-0.02848112351128529,0.7470437589694942,0.8243589526410708,0.07731519367157663,0.785999066314321,0.6091839758207606,-0.17681509049356053,0.8243907677165355,0.8669643220980972,0.042573554381561574,0.8050269940571968,0.8245749151147552,0.019547921057558287
lightgbm,600,d0724095,7,0.7455505655077932,0.7657647891578192,0.02021422365002609,0.7153003251746791,0.7449905173726182,0.029690192197938985,0.706479545939014,0.7224561798210386,0.01597663388202444,0.7846215850765722,0.8090733984945999,0.024451813418027664,0.7805019435760167,0.7835440356901351,0.003042092114118322,0.7413139259621563,0.7655021870447282,0.024188261082572025
lightgbm,600,d0e2d025,7,0.7599766347126,0.7832285934295254,0.023251958716925487,0.7393731539768397,0.7607122026742169,0.02133904869737735,0.814963295240534,0.878227699678537,0.0632644044380029,0.7049899741846659,0.688229487180514,-0.016760487004151954,0.7937481965527208,0.7862448792339515,-0.007503317318769235,0.7849508591624039,0.7930816285715323,0.008130769409128411
lightgbm,600,d111e017,7,0.8743348991013694,0.8743805350216645,4.5635920295098286e-05,0.8694109075934218,0.8697629023810405,0.0003519947876188415,0.8280382053378611,0.826438238566865,-0.0015999667709962037,0.9206315928648774,0.922322831476464,0.0016912386115864875,0.8826231478495388,0.8816700728602684,-0.0009530749892702353,0.8711945837294105,0.8714212267743353,0.0002266430449249235
lightgbm,600,d142d110,7,0.7266368184562483,0.7013029517612414,-0.02533386669500696,0.6991520669444056,0.6664668873044698,-0.0326851796399359,0.6254281022753929,0.5609781843771992,-0.06444991789819376,0.8278455346371036,0.8416277191452836,0.013782184508179838,0.7042373353839422,0.680146104752079,-0.024091230631863143,0.7815529211246641,0.7459081143890638,-0.035644806735600346
lightgbm,600,d151b0c4,5,0.761090856978201,0.7548770712376041,-0.006213785740596944,0.7493547227291764,0.7566336001328529,0.007278877403676653,0.7455365996490306,0.8313971665145242,0.08586056686549375,0.7766451143073714,0.6783569759606838,-0.09828813834668762,0.7867882549008334,0.7953589589829376,0.008570704082104297,0.7681035317361417,0.7835241305066614,0.015420598770519734
lightgbm,600,d18000a3,4,0.7968969414992901,0.8292287015305118,0.03233176003122165,0.7723422864142602,0.815923833091271,0.043581546677010946,0.7357253530892643,0.843030940646868,0.10730558755760367,0.8580685299093156,0.8154264624141553,-0.04264206749516028,0.8142324736716609,0.8310721896966288,0.016839716024967977,0.7856963856447321,0.8253830195081047,0.03968663386337257
lightgbm,600,e0c0408a,5,0.7428949876866432,0.7899053143829898,0.04701032669634662,0.7144903308130683,0.7866181902230771,0.07212785941000867,0.7548922765808509,0.8464727385859842,0.0915804620051334,0.7308976987924356,0.7333378901799955,0.0024401913875597868,0.8048180076628352,0.8200371407078775,0.015219133045042254,0.7527903582077814,0.817818121785493,0.06502776357771159
lightgbm,600,f0f2a1e1,4,0.8287969504375046,0.8167987885180605,-0.011998161919444139,0.8135175372515095,0.8058515222217144,-0.007666015029794998,0.8839342173995555,0.930426716945585,0.04649249954602941,0.7736596834754536,0.7031708600905358,-0.07048882338491774,0.8200719776276933,0.8286823435082347,0.008610365880541287,0.8261274496615617,0.8239033466772595,-0.002224102984302201
lightgbm,600,f121f1e0,5,0.6893734434213754,0.7340110038267291,0.04463756040535356,0.6365646229346453,0.6916234257179891,0.055058802783344005,0.898499533440221,0.8817057872315562,-0.01679374620866476,0.4802473534025298,0.5863162204219018,0.1060688670193719,0.7273467324507662,0.7311752621715949,0.0038285297208287663,0.665112431084445,0.7045795499595704,0.03946711887512542
lightgbm,600,f1a0c120,7,0.7192285385056209,0.7452461712420025,0.026017632736381722,0.7233936098464266,0.752350015891371,0.028956406044944278,0.6443910391730373,0.7001837174541429,0.055792678281105464,0.7940660378382042,0.7903086250298621,-0.003757412808342044,0.8059896165071029,0.8121083220197117,0.006118705512608672,0.826743693952845,0.8194795379824298,-0.007264155970415171
lightgbm,600,f1d06060,6,0.7119448104027887,0.7959245557265451,0.08397974532375647,0.6576849616170236,0.7765857398870475,0.11890077827002399,0.6255426949148454,0.7239514481915698,0.09840875327672444,0.798346925890732,0.8678976632615205,0.06955073737078847,0.76364827297327,0.7828512496698364,0.019202976696566527,0.6874229697613478,0.798288183821206,0.11086521405985827
lightgbm,900,0001508a,7,0.7351445540045296,0.7789954162579092,0.043850862253379815,0.7072693298796521,0.7853628192291519,0.07809348934949953,0.641730553644053,0.7749139223658267,0.13318336872177364,0.8285585543650059,0.783076910149992,-0.04548164421501401,0.7996585744731153,0.8131062964091269,0.013447721936011483,0.7790182208474575,0.8415084822804616,0.06249026143300392
lightgbm,900,0012905a,7,0.7498175804251822,0.7534389717275508,0.003621391302368493,0.7462035664778348,0.7537459685365284,0.007542402058693625,0.8613201731294237,0.8495746355974524,-0.011745537531971289,0.6383149877209409,0.6573033078576491,0.018988320136708307,0.777839711466215,0.7884772004691933,0.010637489002978293,0.7599232105979444,0.7703368638799489,0.010413653282004545
lightgbm,900,0110f12e,7,0.8206767861366455,0.8210949125153016,0.0004181263786559665,0.8161611372974736,0.8154023812594197,-0.0007587560380539284,0.8232983713990148,0.871224552392737,0.04792618099372243,0.8180552008742765,0.7709652726378659,-0.04708992823641055,0.8216624785154928,0.8185715913856619,-0.003090887129830871,0.8223571604545864,0.8211543561980799,-0.0012028042565065083
lightgbm,900,0182e16c,6,0.698451722130185,0.8254103644973539,0.12695864236716883,0.6355657832230963,0.7803758877871213,0.1448101045640249,0.6752986148283643,0.828297767364099,0.15299915253573468,0.7216048294320059,0.8225229616306088,0.10091813219860298,0.7923456996296282,0.773320891775375,-0.0190248078542532,0.7045223148221414,0.8203789147676938,0.11585659994555232
lightgbm,900,01c2a0d8,7,0.7833500335873779,0.7951467987909621,0.011796765203584319,0.7620659015734562,0.7732202927094927,0.011154391136036414,0.7306323552141866,0.907313760137801,0.1766814049236145,0.836067711960569,0.6829798374441232,-0.15308787451644593,0.7893197280152815,0.7999949778920851,0.010675249876803619,0.8125822719340817,0.8039529365437047,-0.008629335390377024
lightgbm,900,1081b177,6,0.8080714394984426,0.8271932111006876,0.019121771602244764,0.7909357436030188,0.8150288555189787,0.02409311191596014,0.6481147646061164,0.7280722634901412,0.07995749888402466,0.9680281143907689,0.9263141587112339,-0.041713955679535064,0.8446852090464669,0.8337884934649066,-0.010896715581560301,0.8132440899526926,0.829128608198527,0.015884518245834367
lightgbm,900,20201194,7,0.7235403831284388,0.7773076445713064,0.053767261442867746,0.704313818455243,0.7701229220822948,0.06580910362705185,0.6985025482977198,0.7180314978517951,0.019528949554075185,0.7485782179591578,0.8365837912908182,0.0880055733316603,0.7733452441610676,0.7970011260722656,0.02365588191119783,0.7479512210338699,0.8108547225846658,0.062903501550796
lightgbm,900,2162c09e,6,0.7968371347117147,0.8345309677972148,0.03769383308550014,0.7932069110047423,0.8210927752226144,0.027885864217872074,0.67767055030548,0.7990734885153272,0.12140293820984736,0.9160037191179492,0.8699884470791023,-0.04601527203884711,0.8094818873259414,0.8231186865236433,0.013636799197701924,0.856349400050143,0.8629807286753225,0.006631328625179215
lightgbm,900,2182c1cd,7,0.7445936301438291,0.7787163223745878,0.034122692230758714,0.7239428477354163,0.7662045019149488,0.04226165417953257,0.5623036446074978,0.6645961785661231,0.10229253395862518,0.9268836156801605,0.8928364661830528,-0.034047149497107805,0.7757460688443915,0.7879575769055059,0.012211508061114484,0.7384461102338034,0.7765662249209316,0.03812011468712823
lightgbm,900,219060fa,4,0.776708791726362,0.8144141630140748,0.03770537128771287,0.7789317087859178,0.8231567983191277,0.044225089533210055,0.8386485741837719,0.8442782191463707,0.005629644962598823,0.714769009268952,0.7845501068817791,0.069781097612827,0.8655547213355089,0.8566194036541035,-0.008935317681405486,0.8416148770127119,0.8610966008902439,0.01948172387753208
lightgbm,900,21a031f6,7,0.7681030349384628,0.7652461621794033,-0.0028568727590594367,0.7294888287944816,0.7367063926921844,0.007217563897702751,0.740905658686872,0.8718928517058957,0.1309871930190238,0.7953004111900536,0.658599472652911,-0.13670093853714266,0.7564153530030902,0.7774427180220046,0.021027365018914557,0.7452383826812408,0.7643451129027208,0.01910673022148019
lightgbm,900,30908049,7,0.7219783027920543,0.7512829019617424,0.0293045991696881,0.6620685485270578,0.6697661256099112,0.007697577082853545,0.7860998059878195,0.8667586319482954,0.08065882596047588,0.6578567995962893,0.6358071719751897,-0.022049627621099632,0.7376291940228954,0.6967549581915808,-0.04087423583131463,0.7243943634724433,0.70567546435169,-0.018718899120753214
lightgbm,900,30c140ca,5,0.7809312735011625,0.7118179626612287,-0.06911331083993388,0.7507330494321935,0.6848947156842666,-0.06583833374792697,0.8178286823130316,0.7534420677008836,-0.06438661461214794,0.7440338646892932,0.6701938576215735,-0.07384000706771979,0.764953739355162,0.745520571544877,-0.019433167810284768,0.7619175759673049,0.7219112821771788,-0.0400062937901261
lightgbm,900,3110e0c7,3,0.7006465409843234,0.6855757168752796,-0.015070824109043812,0.6814485244375014,0.670594120625509,-0.010854403811992283,0.7037454715196279,0.5867983179044858,-0.11694715361514213,0.6975476104490189,0.7843531158460736,0.08680550539705467,0.6829308282719643,0.684217614399511,0.001286786127546698,0.6915671746920591,0.6914483125985015,-0.00011886209355767748
lightgbm,900,40009139,5,0.8394583937969189,0.8407844659616327,0.0013260721647137875,0.8420806768076844,0.841265097090693,-0.0008155797169914214,0.7841422501710792,0.882198192868732,0.09805594269765291,0.8947745374227587,0.7993707390545335,-0.09540379836822524,0.864217619440302,0.8572852435232481,-0.006932375917053845,0.8543321106966989,0.8513049766455879,-0.0030271340511112133
lightgbm,900,40f0714a,6,0.8243285846420522,0.8426817592452268,0.018353174603174576,0.8076398538772566,0.8338623888118288,0.026222534934572217,0.9762651821862348,0.9720985155195682,-0.00416666666666667,0.6723919870978694,0.7132650029708855,0.04087301587301589,0.8480323420540813,0.8439184360992108,-0.004113905954870378,0.8809198251309209,0.9023777597690517,0.021457934638130893
lightgbm,900,41e2010c,7,0.7319386814910992,0.7921860492954134,0.06024736780431413,0.6921637711109689,0.7614782963111489,0.06931452520018007,0.7796778834838509,0.8516307331998264,0.0719528497159756,0.6841994794983475,0.7327413653910001,0.04854188589265272,0.7902043831007836,0.7796714106190088,-0.010532972481774807,0.7363532376445212,0.7881528946061023,0.05179965696158097
lightgbm,900,5001d09a,6,0.7941969555784921,0.8113682417469184,0.017171286168426208,0.7791212306017304,0.7946139996829563,0.015492769081225988,0.9337410274910276,0.922027047027047,-0.011713980463980478,0.6546528836659568,0.70070943646679,0.04605655280083295,0.8185279079822855,0.8166859513767504,-0.001841956605535174,0.8190703993818195,0.8292793842588142,0.010208984876994768
lightgbm,900,50c02189,7,0.6333023565638803,0.7087154429501507,0.07541308638627031,0.5432421775385928,0.7056866920412336,0.16244451450264075,0.5531633294943016,0.6861150424459359,0.13295171295163435,0.7134413836334589,0.7313158434543653,0.017874459820906203,0.6984730947983275,0.7137356377212516,0.01526254292292395,0.624142886864103,0.7312696446267513,0.10712675776264821
lightgbm,900,517001af,5,0.8563169337583695,0.8516040600557734,-0.004712873702595899,0.8388374054770568,0.807433378510263,-0.03140402696679392,0.7511753694930231,0.965120431632554,0.21394506213953085,0.9614584980237154,0.7380876884789929,-0.2233708095447226,0.8707901491683817,0.8341996337018734,-0.036590515466508135,0.8608989461530501,0.8429309521377902,-0.017967994015259815
lightgbm,900,6030f0fd,5,0.8019484593895253,0.8235270599423228,0.021578600552797367,0.7788597196877058,0.8002597148695976,0.02139999518189173,0.8730696190900387,0.8431394468507045,-0.02993017223933412,0.7308272996890122,0.803914673033941,0.0730873733449289,0.7848348719619624,0.7932095337148609,0.008374661752898582,0.8101507837181264,0.8224072091143899,0.012256425396263437
lightgbm,900,7072a0e0,6,0.7298896219162829,0.7458624640988621,0.015972842182579012,0.6375011560217668,0.6837850257088354,0.0462838696870685,0.7850324844089219,0.8679722304571778,0.08293974604825592,0.6747467594236443,0.6237526977405463,-0.05099406168309789,0.7023946080047138,0.716368266899989,0.013973658895275298,0.679571687960434,0.7305155587994433,0.050943870839009385
lightgbm,900,7092f07b,6,0.6995487772570169,0.7303066165336825,0.03075783927666555,0.6765168379783254,0.7188730387681139,0.042356200789788336,0.8237855253522971,0.8190635452422758,-0.004721980110021386,0.5753120291617365,0.6415496878250889,0.06623765866335249,0.7725935442978917,0.7931778293315794,0.02058428503368766,0.7318609186914175,0.77852892923501,0.04666801054359258
lightgbm,900,7150e10a,5,0.718130097939292,0.7315625958678262,0.013432497928534159,0.7203789737818639,0.7340220968714203,0.013643123089556486,0.9108769685209268,0.9117047880925149,0.0008278195715882619,0.5253832273576572,0.5514204036431373,0.02603717628548008,0.8373571150439527,0.8358101408867384,-0.0015469741572143648,0.7812003010396407,0.7886901050493447,0.007489804009704004
lightgbm,900,71a251fa,4,0.8680683907184927,0.8538906153023482,-0.014177775416144456,0.8412080407444157,0.7875579125391623,-0.05365012820525353,0.8808254261256301,0.7885055377440979,-0.09231988838153221,0.8553113553113553,0.9192756928605984,0.06396433754924319,0.8458393978965417,0.8441813573434179,-0.0016580405531237685,0.8738755562038545,0.7910152211425399,-0.0828603350613147
lightgbm,900,71c09041,5,0.8005880674486564,0.8026229354949173,0.0020348680462609846,0.7865569764095014,0.7985082532489953,0.011951276839494106,0.8791826638874483,0.9562621506037446,0.07707948671629634,0.7219934710098646,0.6489837203860901,-0.07300975062377435,0.8320810501743383,0.8453845504159829,0.013303500241644617,0.8723015246834095,0.8898622158483578,0.017560691164948426
lightgbm,900,71e10186,7,0.9364238246576891,0.9395591622905765,0.0031353376328873772,0.9366935599711692,0.940099762375553,0.0034062024043839084,0.9262146959275509,0.9338088117009383,0.00759411577338739,0.9466329533878275,0.9453095128802147,-0.0013234405076126357,0.9423818551013099,0.9447877589788369,0.002405903877527133,0.9395453760525431,0.9426018564626258,0.0030564804100827576
lightgbm,900,71f0603f,6,0.8058321874271321,0.8080571298604015,0.0022249424332694092,0.8085988577601321,0.8024571272696912,-0.006141730490440848,0.7254289579051337,0.7623132264024668,0.03688426849733311,0.8862354169491303,0.853801033318336,-0.032434383630794296,0.8263567323373898,0.829252517457599,0.002895785120209308,0.8200311221399055,0.8139711145818382,-0.006060007558067219
lightgbm,900,71f21142,4,0.7695516505575717,0.8044807986414368,0.03492914808386502,0.7211235948253613,0.7776076299207537,0.0564840350953926,0.8352656494208887,0.9082981883788221,0.0730325389579335,0.7038376516942549,0.7006634089040515,-0.0031742427902033965,0.7820466771707071,0.7991174752224699,0.017070798051762814,0.7661643968029868,0.8162267348458772,0.0500623380428904
lightgbm,900,8030618f,7,0.7709552070815804,0.7659868891104067,-0.004968317971173792,0.6617445500596009,0.6913584508893946,0.029613900829793934,0.8682865729354401,0.906699653432476,0.03841308049703588,0.6736238412277208,0.6252741247883373,-0.0483497164393834,0.7217378562816325,0.7317783220696574,0.010040465788024913,0.6880173175181615,0.7445039560495162,0.05648663853135481
lightgbm,900,8191f1d9,6,0.6763841829065576,0.7282343896184612,0.05185020671190382,0.5272370588644028,0.7137043785353896,0.18646731967098687,0.41852713490299354,0.8349817393215564,0.416454604418563,0.9342412309101215,0.6214870399153662,-0.31275419099475527,0.6877657620774847,0.7215504750142037,0.03378471293671894,0.549015843975324,0.8013813363870451,0.25236549241172107
lightgbm,900,81e150c1,5,0.7614783696165663,0.7625428570333712,0.0010644874168049157,0.6994197889724446,0.6941122937922692,-0.005307495180175326,0.8312030981067124,0.8454027538726334,0.014199655765920837,0.6917536411264202,0.6796829601941092,-0.012070680932311052,0.7147304994952914,0.7113799407268729,-0.00335055876841841,0.7389495057858444,0.7312928198362292,-0.007656685949615128
lightgbm,900,81f1f0fe,6,0.7547075149165745,0.7562274981095202,0.0015199831929458285,0.722185672727095,0.7386805442445489,0.01649487151745377,0.7583055060489854,0.6579838021697997,-0.10032170387918567,0.7511095237841633,0.8544711940492408,0.10336167026507741,0.7523502697235883,0.7492807696814371,-0.0030695000421512666,0.7478239806439406,0.7769817760514433,0.02915779540750278
lightgbm,900,a02151ac,5,0.7705614594369721,0.768867392467304,-0.0016940669696680066,0.7548290903572755,0.7587282523631143,0.00389916200583873,0.6964991288430272,0.8069345472987838,0.11043541845575669,0.8446237900309168,0.730800237635824,-0.1138235523950926,0.7766728416294347,0.7898480626146481,0.013175220985213532,0.7676947417889088,0.779216547506329,0.011521805717420053
lightgbm,900,a1b210fc,7,0.7785227745550414,0.7538342554361014,-0.024688519118940083,0.7645222431806049,0.7430840975222319,-0.021438145658372924,0.8400591837919889,0.7472007971748845,-0.09285838661710454,0.7169863653180941,0.7604677136973185,0.0434813483792244,0.7911064040061718,0.793356142710409,0.0022497387042372014,0.7985887504484351,0.7803439087364791,-0.018244841711956155
lightgbm,900,b0700166,6,0.6664970176434655,0.6847284022061113,0.018231384562645947,0.5644055810214937,0.6356207359419321,0.0712151549204385,0.7369398432484902,0.7929837564303058,0.05604391318181551,0.5960541920384407,0.5764730479819169,-0.019581144056523687,0.7050074402243469,0.7236457349835782,0.01863829475923129,0.6048678628153278,0.6889953379543637,0.08412747513903585
lightgbm,900,b112005d,7,0.6997753318770535,0.6936757394304097,-0.006099592446643899,0.6694760875299177,0.6432846786170157,-0.026191408912902028,0.7707551162108702,0.8328346662536845,0.062079550042814284,0.6287955475432371,0.5545168126071351,-0.07427873493610204,0.7269886734009235,0.7322965068857142,0.005307833484790644,0.71896388218714,0.68664805875461,-0.03231582343253002
lightgbm,900,b1c2f044,7,0.8027400581330637,0.8364093319698785,0.03366927383681478,0.7840133466834426,0.8320137622990248,0.04800041561558225,0.8850151758944519,0.8713028010311519,-0.013712374863300094,0.7204649403716753,0.801515862908605,0.08105092253692962,0.8317725179749292,0.8500487721980846,0.018276254223155503,0.8190463138027458,0.8633332930725434,0.04428697926979763
lightgbm,900,c060c06a,4,0.7649741753803754,0.822629591032294,0.05765541565191859,0.7564724672084847,0.8180678134002026,0.06159534619171783,0.5852565791606954,0.8462656323125367,0.2610090531518414,0.9446917716000556,0.7989935497520514,-0.1456982218480042,0.8128788108897451,0.8200087485314107,0.007129937641665557,0.7700515379974794,0.8191505721089206,0.04909903411144126
lightgbm,900,c112918e,6,0.6788256755042471,0.7526626431803253,0.07383696767607802,0.6315790237238343,0.7435363000374443,0.11195727631360997,0.5129220991544959,0.8073111601518476,0.2943890609973514,0.8447292518539983,0.6980141262088028,-0.1467151256451954,0.7702155604186115,0.7993525926540394,0.02913703223542789,0.6940826273821997,0.7831223593163367,0.08903973193413693
lightgbm,900,c1a150b1,5,0.7174574127990384,0.7090960821796453,-0.008361330619393103,0.658540298983459,0.6870896176945386,0.028549318711079685,0.7976350071755952,0.865022259403273,0.06738725222767775,0.6372798184224815,0.5531699049560176,-0.08410991346646393,0.7887554340165704,0.818203446486347,0.02944801246977653,0.7068064053723397,0.7553877014372092,0.048581296064869495
lightgbm,900,d0724095,7,0.7455505655077932,0.7636483266817027,0.01809776117390947,0.7153003251746791,0.7441459801787119,0.02884565500403283,0.706479545939014,0.6940196009439179,-0.012459944995096117,0.7846215850765722,0.8332770524194874,0.048655467342915024,0.7805019435760167,0.7822727397103436,0.0017707961343267828,0.7413139259621563,0.7647262698973222,0.02341234393516591
lightgbm,900,d0e2d025,7,0.7599766347126,0.7834401334580517,0.023463498745451727,0.7393731539768397,0.7615985678173197,0.02222541384048011,0.814963295240534,0.8790839544288401,0.06412065918830599,0.7049899741846659,0.6877963124872634,-0.017193661697402607,0.7937481965527208,0.7879638924450457,-0.005784304107675053,0.7849508591624039,0.794619662967177,0.009668803804773021
lightgbm,900,d111e017,7,0.8743348991013694,0.8743805350216645,4.5635920295098286e-05,0.8694109075934218,0.8697629023810405,0.0003519947876188415,0.8280382053378611,0.826438238566865,-0.0015999667709962037,0.9206315928648774,0.922322831476464,0.0016912386115864875,0.8826231478495388,0.8816700728602684,-0.0009530749892702353,0.8711945837294105,0.8714212267743353,0.0002266430449249235
lightgbm,900,d142d110,7,0.7266368184562483,0.719058856990901,-0.007577961465347362,0.6991520669444056,0.6866555402304283,-0.01249652671397732,0.6254281022753929,0.5949976542341074,-0.03043044804128549,0.8278455346371036,0.8431200597476944,0.015274525110590702,0.7042373353839422,0.6966284312650917,-0.00760890411885052,0.7815529211246641,0.7586009916718842,-0.022951929452779924
lightgbm,900,d151b0c4,5,0.761090856978201,0.7550626668091565,-0.006028190169044501,0.7493547227291764,0.7569595083348428,0.0076047856056665085,0.7455365996490306,0.8263380199154536,0.08080142026642319,0.7766451143073714,0.6837873137028592,-0.0928578006045122,0.7867882549008334,0.7953473743906134,0.008559119489779898,0.7681035317361417,0.7836009409282993,0.015497409192157762
lightgbm,900,d18000a3,4,0.7968969414992901,0.8179774856964079,0.02108054419711783,0.7723422864142602,0.8059510693981065,0.033608782983846314,0.7357253530892643,0.797420581583888,0.06169522849462364,0.8580685299093156,0.8385343898089277,-0.019534140100387842,0.8142324736716609,0.8232928954389156,0.009060421767254717,0.7856963856447321,0.8164579334127783,0.030761547768046238
lightgbm,900,e0c0408a,5,0.7428949876866432,0.8011088599194608,0.05821387223281749,0.7144903308130683,0.800703237047712,0.08621290623464345,0.7548922765808509,0.8549700552228359,0.1000777786419849,0.7308976987924356,0.7472476646160857,0.016349965823650014,0.8048180076628352,0.8284580721003134,0.023640064437478302,0.7527903582077814,0.8265288476793173,0.07373848947153606
lightgbm,900,f0f2a1e1,5,0.8343470841595275,0.8391711222608584,0.004824038101330985,0.8216592522320537,0.814098705904604,-0.007560546327449691,0.8604807072529779,0.9283626326327461,0.06788192537976834,0.8082134610660772,0.7499796118889709,-0.05823384917710637,0.8264494970207752,0.8233940233326354,-0.0030554736881395427,0.8438431361998375,0.838432009280346,-0.005411126919491705
lightgbm,900,f121f1e0,5,0.6893734434213754,0.7530837565400411,0.06371031311866564,0.6365646229346453,0.7128099166616761,0.07624529372703101,0.898499533440221,0.8050450328435568,-0.09345450059666427,0.4802473534025298,0.7011224802365253,0.22087512683399552,0.7273467324507662,0.738684801208507,0.011338068757740882,0.665112431084445,0.7266250811647842,0.061512650080339196
lightgbm,900,f1a0c120,7,0.7192285385056209,0.7470817126990451,0.02785317419342435,0.7233936098464266,0.7577356807467285,0.03434207090030178,0.6443910391730373,0.7247695699352887,0.08037853076225142,0.7940660378382042,0.7693938554628014,-0.024672182375402696,0.8059896165071029,0.8107545840428629,0.004764967535760009,0.826743693952845,0.8250704384176962,-0.0016732555351486322
lightgbm,900,f1d06060,6,0.7119448104027887,0.8019986622900599,0.09005385188727126,0.6576849616170236,0.7818440718075363,0.1241591101905128,0.6255426949148454,0.7439696963300687,0.11842700141522329,0.798346925890732,0.8600276282500512,0.06168070235931918,0.76364827297327,0.7843504911236777,0.020702218150407792,0.6874229697613478,0.8027498380889084,0.11532686832756077
xgboost,300,0001508a,3,0.7309132956887625,0.7050609707080171,-0.02585232498074545,0.656035312016693,0.7041495277894517,0.04811421577275891,0.5908015259080153,0.727087897270879,0.13628637136286373,0.8710250654695099,0.6830340441451552,-0.18799102132435463,0.7304865902611511,0.7588968022990598,0.028410212037908573,0.7483780797371958,0.8382566323229307,0.08987855258573492
xgboost,300,0012905a,5,0.7479152024466751,0.7124692391884458,-0.03544596325822937,0.7383288070822428,0.6930376699859814,-0.04529113709626138,0.8548954629552744,0.8396147723929721,-0.015280690562302324,0.640934941938076,0.5853237059839195,-0.05561123595415647,0.7637481736898661,0.7513520873627229,-0.012396086327143374,0.7455321119934247,0.7099258384025001,-0.0356062735909245
xgboost,300,0110f12e,6,0.8075331922902472,0.8113690771439547,0.003835884853707302,0.8027166571846717,0.8043718260488522,0.0016551688641806932,0.8321887545865533,0.8653999568069347,0.03321120222038143,0.7828776299939412,0.7573381974809744,-0.025539432512966826,0.8014871686418058,0.8073160366414415,0.005828867999635594,0.8089598135874033,0.8111351328535283,0.0021753192661250384
xgboost,300,0182e16c,2,0.6231954722705173,0.7489493019528587,0.12575382968234144,0.541460808536531,0.719830134071844,0.17836932553531304,0.5612244897959183,0.7555566781167913,0.1943321883208729,0.6851664547451162,0.7423419257889261,0.05717547104380999,0.7227380742826968,0.7516169649736637,0.028878890690967052,0.623421902524956,0.7381336856527696,0.1147117831278136
xgboost,300,01c2a0d8,5,0.7633605649646622,0.7630187882949269,-0.0003417766697352942,0.7646472564858822,0.7541983752859027,-0.010448881199979287,0.7359635541717487,0.8792626848149622,0.14329913064321337,0.7907575757575757,0.6467748917748917,-0.143982683982684,0.7936002630426755,0.8028424584936082,0.009242195450932989,0.8309341795717733,0.7938039254033027,-0.03713025416847071
xgboost,300,1081b177,6,0.8212337183527776,0.8497202723482676,0.028486553995489956,0.803777684909006,0.8398689680865928,0.03609128317758694,0.6767762026135097,0.7852894878102971,0.10851328519678734,0.9656912340920455,0.914151056886238,-0.051540177205807426,0.8503242247439831,0.8514313872405684,0.0011071624965854159,0.8238437130437486,0.8500686334805542,0.02622492043680552
xgboost,300,20201194,5,0.75397047297423,0.8234090729265399,0.0694385999523098,0.7479416259583194,0.832971360948347,0.08502973499002753,0.7049715805642177,0.8751232226128447,0.17015164204862696,0.8029693653842424,0.7716949232402349,-0.03127444214400734,0.8416054054342192,0.8521405814607418,0.010535176026522453,0.7842490792738193,0.8521581796982716,0.06790910042445222
xgboost,300,2162c09e,6,0.8161838243338905,0.8230652370409306,0.006881412707040273,0.8113618352652541,0.8072565406947726,-0.004105294570481384,0.712528632213718,0.7665698714423881,0.054041239228670206,0.919839016454063,0.8795606026394732,-0.040278413814589686,0.8228135168721461,0.8085829846827862,-0.01423053218936001,0.8614913818990441,0.850908265637826,-0.01058311626121807
xgboost,300,2182c1cd,7,0.720401965708059,0.7391244521709217,0.018722486462862724,0.7016425673459548,0.7308698585857957,0.029227291239840896,0.5259812373564231,0.6104484402727735,0.08446720291635039,0.914822694059695,0.86780046406907,-0.04702222999062495,0.7551884098983118,0.7601978666188131,0.0050094567205012375,0.7206509183853237,0.7478811647473037,0.027230246361979984
xgboost,300,219060fa,2,0.7050573848125243,0.7500636950331618,0.04500631022063739,0.7023977159912884,0.7502156032020593,0.04781788721077085,0.85,0.9019882179675994,0.05198821796759945,0.5601147696250488,0.5981391720987241,0.03802440247367536,0.8608586141943174,0.8498740081156455,-0.01098460607867191,0.8069182973198553,0.8267179820087174,0.019799684688862118
xgboost,300,21a031f6,1,0.8083059310680794,0.7269516502253075,-0.08135428084277185,0.8085365853658537,0.7167525773195876,-0.09178400804626607,0.8322981366459627,0.9440993788819876,0.11180124223602483,0.7843137254901961,0.5098039215686274,-0.27450980392156865,0.8093608700965416,0.7830776241835029,-0.026283245913038655,0.8089171974522293,0.732484076433121,-0.07643312101910837
xgboost,300,30908049,2,0.7509056689052535,0.7891326987156116,0.03822702981035819,0.7677421292141452,0.7568949480351761,-0.010847181178969045,0.6254377114368805,0.7927473440560271,0.16730963261914655,0.8763736263736264,0.7855180533751962,-0.09085557299843011,0.8115057750269705,0.7492198917295899,-0.062285883297380606,0.8600171438367907,0.8083387622149838,-0.051678381621806935
xgboost,300,30c140ca,3,0.7729263761050413,0.7844271448792569,0.011500768774215464,0.7440089430088591,0.7732504976887155,0.02924155467985634,0.8387020832887901,0.758977439640215,-0.07972464364857508,0.7071506689212926,0.8098768501182989,0.10272618119700616,0.773768262374868,0.7797417187891288,0.00597345641426091,0.749895948945616,0.7820989244754505,0.03220297552983453
xgboost,300,40009139,4,0.8231668338115935,0.8373126456468839,0.01414581183529029,0.8287643824204387,0.8399688093129917,0.011204426892552966,0.7453466313100638,0.8718257558855367,0.12647912457547286,0.9009870363131233,0.8027995354082311,-0.09818750090489223,0.8552944210055964,0.8540403482554427,-0.001254072750153462,0.8421302769315565,0.8501531684876148,0.008022891556058342
xgboost,300,40f0714a,3,0.7741178927711436,0.7903877340409847,0.01626984126984125,0.784915964865364,0.8037207931085648,0.018804828243200917,0.9824561403508771,0.9824561403508771,0.0,0.56577964519141,0.5983193277310924,0.032539682539682535,0.8748274270013402,0.8822510822510822,0.007423655249742163,0.8275934607524943,0.839653434676875,0.01205997392438074
xgboost,300,41e2010c,4,0.765146214777936,0.8207704462567136,0.055624231478777486,0.7243606489273642,0.7821965182785635,0.05783586935119933,0.8599429793300072,0.8894460849200693,0.029503105590062112,0.6703494502258649,0.7520948075933578,0.0817453573674928,0.7914271587199535,0.7815929052688044,-0.009834253451149133,0.7588749802318651,0.8162786029706944,0.057403622738829485
xgboost,300,5001d09a,6,0.7922048344688465,0.8060036708975633,0.013798836428716729,0.7815313836204556,0.7967734158470304,0.015242032226574961,0.9203481703481704,0.8996420246420245,-0.020706145706145724,0.6640614985895227,0.712365317153102,0.04830381856357918,0.818648646167099,0.8189811938056685,0.0003325476385695099,0.8234896801579215,0.836238048370389,0.012748368212467462
xgboost,300,50c02189,4,0.6746939305232089,0.7239665306008807,0.04927260007767173,0.6486836338517317,0.7179973529319882,0.06931371908025652,0.5559881851128535,0.6979493495010736,0.1419611643882201,0.7933996759335642,0.7499837117006876,-0.04341596423287658,0.7387380425269512,0.7426219205410388,0.0038838780140875717,0.7133301175752174,0.7413421170944883,0.02801199951927097
xgboost,300,517001af,4,0.8608859401656839,0.8849062913068763,0.024020351141192414,0.8447546819426583,0.852178320572498,0.007423638629839746,0.7946843382438256,0.9068496196507896,0.11216528140696394,0.9270875420875422,0.8629629629629629,-0.06412457912457917,0.861367442437527,0.8423242929729124,-0.01904314946461466,0.8700526057089447,0.8935993623412128,0.023546756632268073
xgboost,300,6030f0fd,4,0.7976339410326283,0.8400928569348474,0.04245891590221912,0.7681042318597009,0.8133087148525115,0.04520448299281066,0.8621676502395197,0.8429910625860338,-0.019176587653485677,0.733100231825737,0.837194651283661,0.104094419457924,0.7810962433483561,0.8004736262415995,0.01937738289324309,0.8051706162978605,0.8392493312843331,0.03407871498647269
xgboost,300,7072a0e0,4,0.7522787566050587,0.7640757668224166,0.011797010217357823,0.6635087843468064,0.7043733853187766,0.040864600971970366,0.9231569529860278,0.8597403914101616,-0.06341656157586639,0.5814005602240897,0.6684111422346717,0.08701058201058201,0.7117276956983174,0.7305355322673793,0.018807836569061986,0.6967960400774855,0.7473115620844053,0.05051552200691983
xgboost,300,7092f07b,4,0.6789082697344687,0.6823303169092952,0.0034220471748264703,0.6836227833773882,0.6859556191017542,0.0023328357243660447,0.8117782889017676,0.8259992574616053,0.014220968559837704,0.5460382505671698,0.5386613763569851,-0.007376874210184771,0.7718206135396697,0.7816688591757821,0.009848245636112335,0.7582270074699047,0.7604209168246133,0.0021939093547086175
xgboost,300,7150e10a,1,0.7483594527573002,0.7488402300983485,0.000480777341048344,0.7443964083804456,0.7457463884430177,0.0013499800625720315,0.7112299465240641,0.7058823529411765,-0.005347593582887611,0.7854889589905363,0.7917981072555205,0.006309148264984188,0.7417368602531895,0.7434640522875817,0.0017271920343921998,0.7579365079365079,0.7599206349206349,0.001984126984126977
xgboost,300,71a251fa,3,0.9464369437204979,0.9103782435108542,-0.0360587002096436,0.9442987417222252,0.9032604764701233,-0.04103826525210171,0.9467822432361439,0.9690044654583662,0.022222222222222216,0.9460916442048518,0.8517520215633424,-0.09433962264150945,0.9433076317207644,0.9125586628093861,-0.03074896891137831,0.9457923117414312,0.9049759852108189,-0.040816326530612214
xgboost,300,71c09041,4,0.8276067063750028,0.7283450718468962,-0.09926163452810657,0.7982657255726993,0.7130790992640093,-0.0851866263086899,0.8479553655167107,0.8800598020882031,0.03210443657149248,0.8072580472332948,0.5766303416055891,-0.23062770562770563,0.8162630486451402,0.8151965123331302,-0.001066536312010008,0.8762454313926213,0.8272727826183158,-0.04897264877430549
xgboost,300,71e10186,6,0.9387878918335226,0.9392491006617919,0.0004612088282692957,0.9395451869681789,0.9401709541013167,0.0006257671331379259,0.9227069907974618,0.92330867551467,0.0006016847172081915,0.9548687928695835,0.9551895258089137,0.000320732939330363,0.9445791522446813,0.9452135032979654,0.0006343510532841138,0.9422976688290041,0.9429234013797049,0.0006257325507006787
xgboost,300,71f0603f,6,0.8057846720593588,0.8203610424418777,0.014576370382518725,0.8089802479049407,0.8190025753583755,0.010022327453434713,0.7233217329904645,0.766191292926551,0.04286955993608634,0.888247611128253,0.8745307919572042,-0.013716819171048814,0.8296356221542728,0.835572983790983,0.005937361636710141,0.8208907138268309,0.8279930479326424,0.007102334105811459
xgboost,300,71f21142,2,0.7836832512225386,0.7862145495416568,0.002531298319118247,0.798687944003087,0.8016071078041895,0.00291916380110252,0.7477406748316411,0.755870756132454,0.008130081300813052,0.8196258276134362,0.8165583429508595,-0.0030674846625766694,0.8528841250539363,0.8525766729714098,-0.000307452082526527,0.8259704367488798,0.8277186884971316,0.0017482517482517168
xgboost,300,8030618f,4,0.7647536354249462,0.7885575071463528,0.023803871721406633,0.6495606047613518,0.6755267194630801,0.02596611470172841,0.9299024819553224,0.9094154233263635,-0.020487058628958887,0.5996047888945699,0.667699590966342,0.0680948020717721,0.720844035894421,0.726022983841901,0.005178947947480028,0.6803796812464266,0.7214179531160664,0.04103827186963982
xgboost,300,8191f1d9,1,0.7700860249959423,0.7434128658767516,-0.02667315911919066,0.7509591907917684,0.7015841827336362,-0.04937500805813222,0.7095709570957096,0.5742574257425742,-0.1353135313531354,0.8306010928961749,0.912568306010929,0.08196721311475408,0.7536585365853659,0.7399893314366999,-0.013669205148665986,0.7551440329218106,0.7016460905349794,-0.053497942386831254
xgboost,300,81e150c1,4,0.7711447230060244,0.778938519423674,0.007793796417649601,0.705234040753808,0.707611796154406,0.0023777554005977863,0.7990625,0.8288244047619048,0.029761904761904767,0.7432269460120488,0.7290526340854432,-0.01417431192660551,0.7175184013968047,0.7191247735862697,0.0016063721894649663,0.7588836467765356,0.7575392759156085,-0.0013443708609271188
xgboost,300,81f1f0fe,3,0.7815446775904776,0.8047773504294495,0.023232672838972013,0.772889516463443,0.7925396218837779,0.01965010542033485,0.6987425908341908,0.6851346764388748,-0.013607914395315982,0.8643467643467644,0.9244200244200244,0.06007326007326005,0.8219611107313541,0.8264969746088066,0.004535863877452269,0.7851378129709062,0.7991864613835006,0.014048648412594419
xgboost,300,a02151ac,4,0.7947679387117353,0.7912325992020004,-0.003535339509734864,0.7826488878748116,0.7798884515622644,-0.00276043631254716,0.8103768336657906,0.8169104406210843,0.006533606955293703,0.7791590437576801,0.7655547577829167,-0.01360428597476343,0.7884971450633418,0.7869003109378734,-0.0015968341254684604,0.8123995691243682,0.8106099564527758,-0.0017896126715923888
xgboost,300,a1b210fc,4,0.7847067725160316,0.7339920403605834,-0.050714732155448194,0.7873130840097949,0.69061900465658,-0.09669407935321489,0.8465816547001728,0.579639924877011,-0.26694172982316183,0.7228318903318904,0.8883441558441559,0.16551226551226553,0.8072222488204506,0.7969899362790418,-0.010232312541408745,0.8205337959812885,0.7252264022493208,-0.09530739373196773
xgboost,300,b0700166,4,0.6532158631216393,0.6801838312070712,0.026967968085431837,0.5497298588399817,0.622408471081987,0.07267861224200528,0.7468136053735388,0.6954326951426134,-0.05138091023092538,0.5596181208697398,0.6649349672715288,0.10531684640178902,0.7021216375565239,0.709687796329478,0.007566158772954135,0.5981602357930714,0.6747545152220387,0.07659427942896717
xgboost,300,b112005d,3,0.7404221660726927,0.6932431307696709,-0.047179035303021845,0.7437178726936012,0.6876422881273268,-0.05607558456627448,0.8604695937867793,0.9606177198523088,0.10014812606552947,0.6203747383586062,0.42586854168703314,-0.19450619667157312,0.7690132968397965,0.7973621728754804,0.02834887603568396,0.771846702858113,0.7670279490430216,-0.004818753815091299
xgboost,300,b1c2f044,4,0.8741055385742436,0.8813421494437133,0.007236610869469695,0.8482672367708757,0.8761892922351491,0.027922055464273454,0.8370332001080887,0.8987286440692505,0.06169544396116164,0.9111778770403982,0.8639556548181762,-0.04722222222222219,0.8529920348475135,0.8743548467534885,0.021362811905974916,0.86403335063349,0.8953311881574637,0.03129783752397375
xgboost,300,c060c06a,2,0.7324261469232318,0.774898709053535,0.04247256213030309,0.715726059592889,0.7667636125173474,0.05103755292445833,0.5144439235907653,0.6753779444509551,0.16093402086018985,0.9504083702556985,0.8744194736561148,-0.07598889659958358,0.7869344998976573,0.7837399495016362,-0.0031945503960210675,0.731432579633603,0.7702866259558783,0.038854046322275404
xgboost,300,c112918e,6,0.6654673260827658,0.6878084645637882,0.02234113848102239,0.6013066268418367,0.6570613284244476,0.05575470158261092,0.4867307008710335,0.79967820969448,0.31294750882344646,0.8442039512944981,0.5759387194330963,-0.2682652318614018,0.7331115615130348,0.7482520933436149,0.015140531830580247,0.6496649038598451,0.7044139650564132,0.054749061196568104
xgboost,300,c1a150b1,1,0.728001887237556,0.6602972399150743,-0.06770464732248171,0.749175219941349,0.6689518132141083,-0.0802234067272406,0.9745222929936306,0.9872611464968153,0.01273885350318471,0.48148148148148145,0.3333333333333333,-0.14814814814814814,0.8457960644007155,0.836330638508497,-0.009465425892218549,0.8067226890756303,0.7647058823529411,-0.04201680672268915
xgboost,300,d0724095,4,0.7795713671791908,0.7910132993975494,0.011441932218358486,0.7469446417667721,0.7653211582070147,0.018376516440242657,0.665986384854938,0.7032018786024032,0.03721549374746522,0.8931563495034438,0.8788247201926954,-0.014331629310748217,0.7747486729449397,0.7804478772346526,0.005699204289713017,0.7613838314575317,0.7805679013943942,0.01918406993686253
xgboost,300,d0e2d025,4,0.759455384220175,0.7748229195970797,0.015367535376904606,0.7386786411957156,0.7591771012866774,0.02049846009096165,0.8965914509905926,0.9028035722027138,0.006212121212121197,0.6223193174497574,0.6468422669914454,0.02452294954168789,0.8025708691000131,0.8087683681670625,0.006197499067049417,0.7761720596036937,0.7932031750152804,0.01703111541158661
xgboost,300,d111e017,6,0.8812317218587077,0.881119192852227,-0.00011252900648095476,0.875410935284714,0.8752736562841936,-0.0001372790005203517,0.8240055908457921,0.823334900034256,-0.0006706908115358864,0.9384578528716235,0.9389034856701975,0.0004456327985739768,0.8917109326844259,0.8915617391875181,-0.00014919349690765507,0.8773783612666083,0.8772346576984101,-0.00014370356819822425
xgboost,300,d142d110,5,0.6401353680550967,0.6396598342302129,-0.0004755338248837671,0.6040730463560491,0.607058683089244,0.002985636733194896,0.5210509031198687,0.5550410509031198,0.03399014778325125,0.7592198329903248,0.7242786175573062,-0.03494121543301874,0.617413752913753,0.6266168837136579,0.00920313079990499,0.7070297751301962,0.7113206031301639,0.004290827999967717
xgboost,300,d151b0c4,4,0.7574813240360831,0.7568040406565835,-0.0006772833794995714,0.7509295272503029,0.7508064947534164,-0.00012303249688652707,0.7473023661777282,0.8515147572112026,0.10421239103347452,0.7676602818944379,0.6620933241019643,-0.10556695779247362,0.7969988947175117,0.8014194694926303,0.004420574775118535,0.7682507571599756,0.7741216358627905,0.005870878702814858
xgboost,300,d18000a3,2,0.830898464513681,0.8438208915490113,0.012922427035330308,0.8181679327767227,0.8412004380403033,0.023032505263580583,0.7637557603686635,0.8812672811059907,0.11751152073732718,0.8980411686586985,0.8063745019920319,-0.09166666666666662,0.8431375411991706,0.8422411587066095,-0.0008963824925611319,0.8196255731735242,0.8422955983624412,0.022670025188916865
xgboost,300,e0c0408a,4,0.7647244586387659,0.8036187039283601,0.03889424528959415,0.7272990762062119,0.7922329907168691,0.06493391451065735,0.7272303025589174,0.8058304814497939,0.07860017889087656,0.8022186147186147,0.8014069264069265,-0.0008116883116883189,0.805491792859923,0.817207289791284,0.01171549693136098,0.7533674906132665,0.8059410200250313,0.05257352941176471
xgboost,300,f0f2a1e1,2,0.8230593078172483,0.8049433657882629,-0.018115942028985477,0.7957100613641936,0.7761028426176955,-0.01960721874649818,0.9302801063177264,0.9302801063177264,0.0,0.7158385093167702,0.6796066252587991,-0.03623188405797101,0.8088657082847391,0.7970783114791373,-0.011787396805601758,0.8040203984819734,0.785638045540797,-0.01838235294117646
xgboost,300,f121f1e0,5,0.6917963036041093,0.7167332831529324,0.024936979548823103,0.6355771328707428,0.6663508917747649,0.03077375890402203,0.9235144410132682,0.9139253916782233,-0.009589049335044897,0.46007816619495046,0.5195411746276415,0.059463008432691075,0.7267927621626555,0.7213564360865219,-0.0054363260761336905,0.6620197022380705,0.6783091782023984,0.016289475964327726
xgboost,300,f1a0c120,7,0.7160248722829385,0.750248443432549,0.03422357114961042,0.7190238352027096,0.7494549571359416,0.030431121933232084,0.6336362580193222,0.6322075958846453,-0.0014286621346769057,0.7984134865465551,0.8682892909804529,0.06987580443389776,0.8162016284311789,0.8014848118242666,-0.014716816606912406,0.825336647017466,0.8229621609220453,-0.0023744860954205854
xgboost,300,f1d06060,4,0.7146109676767647,0.7690833581224561,0.05447239044569141,0.677067688195536,0.7570942038454371,0.08002651564990115,0.4657493848603271,0.6302365272350074,0.1644871423746804,0.9634725504932022,0.9079301890099049,-0.0555423614832975,0.783938674964457,0.7996435164820386,0.015704841517581475,0.6959728380070458,0.7666913936525208,0.07071855564547497
xgboost,600,0001508a,4,0.7322195217805033,0.7343720915396823,0.002152569759178935,0.6767991419313478,0.7355294350698252,0.05873029313847733,0.6827918660804959,0.7840291650310133,0.10123729895051732,0.7816471774805108,0.6847150180483514,-0.09693215943215944,0.7510764598608689,0.7802656974661915,0.02918923760532255,0.7528040276391541,0.8289848719030167,0.0761808442638626
xgboost,600,0012905a,7,0.7486392739873425,0.739461115484714,-0.009178158502628422,0.7460552523780886,0.7367194910104701,-0.009335761367618474,0.870763746920073,0.8583852971765517,-0.01237844974352136,0.626514801054612,0.6205369337928764,-0.005977867261735437,0.7785421720290809,0.7805967454427633,0.0020545734136823463,0.7605279849875662,0.7555430209214532,-0.004984964066113167
xgboost,600,0110f12e,6,0.8075331922902472,0.8107680629129813,0.0032348706227339394,0.8027166571846717,0.8045276376048074,0.0018109804201358326,0.8321887545865533,0.8478787212363073,0.015689966649753934,0.7828776299939412,0.7736574045896552,-0.009220225404286039,0.8014871686418058,0.8043276550027031,0.0028404863608973616,0.8089598135874033,0.8106444541729004,0.0016846405854969808
xgboost,600,0182e16c,4,0.674186941844424,0.8330061975376095,0.15881925569318556,0.5666454624262495,0.8068695009395852,0.2402240385133358,0.5461132369614513,0.9032403080869311,0.3571270711254799,0.8022606467273967,0.7627720869882879,-0.03948855973910881,0.7477595209366764,0.8068219003715064,0.05906237943482995,0.626209383864359,0.8357962522035305,0.20958686833917156
xgboost,600,01c2a0d8,7,0.7797008254894663,0.789296762605613,0.009595937116146591,0.7569913713984023,0.7712586495302162,0.014267278131813943,0.724590541167823,0.8694990411167419,0.14490849994891894,0.8348111098111097,0.7090944840944842,-0.12571662571662573,0.7884715926528819,0.7962536674836611,0.0077820748307791,0.8078343824493991,0.8041414219828399,-0.003692960466559219
xgboost,600,1081b177,6,0.8212337183527776,0.8443850601589901,0.02315134180621259,0.803777684909006,0.8359587250764126,0.032181040167406694,0.6767762026135097,0.7455053445029743,0.06872914188946468,0.9656912340920455,0.9432647758150061,-0.022426458277039412,0.8503242247439831,0.8566782002214972,0.006353975477514299,0.8238437130437486,0.8490640210051209,0.025220307961372295
xgboost,600,20201194,7,0.712578393116791,0.7667952627802649,0.0542168696634738,0.6943639403428575,0.7620994120202933,0.06773547167743564,0.6754625508858629,0.765084221788941,0.08962167090307793,0.749694235347719,0.7685063037715886,0.01881206842386967,0.7643968266446807,0.7757886983403078,0.011391871695627276,0.7384921430340184,0.7986400280892386,0.06014788505522006
xgboost,600,2162c09e,6,0.8161838243338905,0.8242630342819289,0.008079209948038476,0.8113618352652541,0.8188256530110004,0.007463817745746319,0.712528632213718,0.7583999556732431,0.04587132345952524,0.919839016454063,0.8901261128906145,-0.029712903563448318,0.8228135168721461,0.8240013589036771,0.0011878420315309761,0.8614913818990441,0.8642720173150608,0.002780635416016771
xgboost,600,2182c1cd,7,0.720401965708059,0.7444600688147286,0.02405810310666959,0.7016425673459548,0.736281047772435,0.0346384804264802,0.5259812373564231,0.6175680073947393,0.0915867700383162,0.914822694059695,0.8713521302347179,-0.043470563824977035,0.7551884098983118,0.7624718103704046,0.007283400472092939,0.7206509183853237,0.7510892758474582,0.030438357462134462
xgboost,600,219060fa,3,0.732533702807621,0.7682889609673539,0.03575525815973294,0.7267616416555412,0.7697170479728296,0.04295540631728845,0.8672131147540982,0.8759546745857376,0.008741559831639267,0.5978542908611436,0.6606232473489703,0.06276895648782659,0.838177277647142,0.8333968298952806,-0.004780447751861298,0.7965239629191192,0.8180261601997749,0.02150219728065576
xgboost,600,21a031f6,5,0.7771789846045515,0.781527215542071,0.0043482309375194594,0.7261522392619707,0.7380608257179463,0.011908586455975612,0.7184102336728713,0.7979623105211722,0.07955207684830094,0.8359477355362317,0.7650921205629697,-0.07085561497326205,0.7636316253635697,0.7641308467096309,0.0004992213460612404,0.7478433005225272,0.7609528231701574,0.013109522647630278
xgboost,600,30908049,4,0.6824959929070755,0.7334544644772998,0.05095847157022418,0.6134201173179615,0.6688532957921158,0.05543317847415437,0.7989825919821766,0.8394619116861535,0.040479319703976974,0.5660093938319745,0.6274470172684458,0.06143762343647137,0.7338215551719361,0.7078622585626566,-0.025959296609279564,0.6867789030016482,0.7051632441401942,0.018384341138545854
xgboost,600,30c140ca,5,0.7724453102309579,0.7190599621925517,-0.05338534803840604,0.7462577161407926,0.6814689123896647,-0.06478880375112812,0.8204570551864483,0.7585067020739614,-0.06195035311248705,0.724433565275467,0.6796132223111421,-0.04482034296432495,0.762557849010421,0.7451644405283087,-0.017393408482112415,0.7611068538350834,0.7150269342439607,-0.04607991959112272
xgboost,600,3110e0c7,2,0.6876188521208535,0.6894242451685353,0.0018053930476816804,0.678270794633627,0.6749947109817228,-0.003276083651904238,0.6605368495408523,0.6302331057216859,-0.030303743819166534,0.7147008547008546,0.7486153846153847,0.03391452991452992,0.6940855541726472,0.6972899378528516,0.003204383680204592,0.6801751234845084,0.6781965648854962,-0.001978558599012137
xgboost,600,40009139,4,0.8231668338115935,0.8390504986295275,0.015883664817933824,0.8287643824204387,0.8433697471009509,0.014605364680512184,0.7453466313100638,0.8624585479209533,0.11711191661088938,0.9009870363131233,0.8156424493381015,-0.08534458697502173,0.8552944210055964,0.8570980969070608,0.0018036759014645187,0.8421302769315565,0.8542312619676133,0.012100985036056833
xgboost,600,40f0714a,4,0.7555884195783575,0.8106479433878815,0.05505952380952381,0.7805974727884378,0.8271354663761026,0.04653799358766483,0.9868421052631579,0.9743421052631579,-0.012500000000000011,0.5243347338935574,0.6469537815126051,0.12261904761904763,0.8973996400184469,0.8619910995269675,-0.03540854049147937,0.854028428897704,0.8887126241751196,0.03468419527741562
xgboost,600,41e2010c,7,0.7439352752527933,0.7665553506108306,0.0226200753580375,0.7058225121115486,0.7343532201148388,0.028530708003290304,0.8169904724998178,0.8554252253037211,0.03843475280390319,0.6708800780057685,0.6776854759179403,0.006805397912171849,0.7875947224125731,0.779108359715084,-0.0084863626974891,0.7379514530647345,0.7683329360454011,0.030381482980666657
xgboost,600,5001d09a,6,0.7922048344688465,0.797185322234148,0.004980487765301467,0.7815313836204556,0.7858456762820674,0.004314292661611818,0.9203481703481704,0.9158838846338847,-0.004464285714285698,0.6640614985895227,0.6784867598344114,0.014425261244888668,0.818648646167099,0.8164121750250258,-0.002236471142073093,0.8234896801579215,0.8262322642724261,0.0027425841145046017
xgboost,600,50c02189,7,0.6309809274294542,0.7176929349120138,0.08671200748255946,0.5509190270634966,0.6954094477340755,0.144490420670579,0.5832444445579303,0.8072208896701402,0.22397644511220985,0.6787174103009784,0.6281649801538874,-0.05055243014709094,0.6853737069607663,0.7094649744464784,0.02409126748571209,0.621289202511624,0.7159935730207033,0.09470437050907946
xgboost,600,517001af,5,0.8535498892562929,0.8770726217524747,0.023522732496181732,0.843342400714141,0.84574679365272,0.0024043929385789476,0.7665167013642913,0.9129711840700203,0.14645448270572897,0.9405830771482947,0.841174059434929,-0.09940901771336555,0.8681943211470842,0.8379540989671316,-0.030240222179952415,0.8667427215098311,0.8785096349099341,0.011766913400103118
xgboost,600,6030f0fd,4,0.7976339410326283,0.8352931584609269,0.03765921742829853,0.7681042318597009,0.802714762816908,0.034610530957207064,0.8621676502395197,0.8128034303440751,-0.04936421989544448,0.733100231825737,0.8577828865777786,0.12468265475204163,0.7810962433483561,0.7926740912409871,0.011577847892630805,0.8051706162978605,0.8280668165900688,0.022896200292208374
xgboost,600,7072a0e0,5,0.7246188838693992,0.7525151531782093,0.027896269308809906,0.6331766419899167,0.7049892236574131,0.07181258166749638,0.7883501237923312,0.8595587844143082,0.07120866062197714,0.6608876439464675,0.6454715219421102,-0.015416122004357302,0.710414738012288,0.7241099162701496,0.013695178257861795,0.6654537096991192,0.7435517216487882,0.07809801194966907
xgboost,600,7092f07b,5,0.6996483549180097,0.7223365096796381,0.022688154761628488,0.6820834118870958,0.713966993725557,0.031883581838461406,0.7624661093822835,0.8081520164287603,0.04568590704647675,0.6368306004537359,0.6365210029305159,-0.0003095975232197956,0.7634024367776818,0.7879105908119473,0.024508154034265473,0.7430895424838603,0.7772710894407375,0.03418154695687734
xgboost,600,7150e10a,5,0.7160079306282959,0.7269076489625872,0.010899718334291352,0.7167532683310649,0.7253888138952129,0.008635545564147983,0.9350367228351029,0.9143881125553859,-0.02064861027971694,0.49697913842148883,0.5394271853697885,0.04244804694829964,0.8342938177723503,0.8217525409700315,-0.012541276802318934,0.7794818764229683,0.781880537036639,0.0023986606136707556
xgboost,600,71a251fa,4,0.9048821542513533,0.8988317865189668,-0.006050367732386708,0.9056654208972124,0.8994018647943386,-0.0062635561028738795,0.873879785875384,0.8748376402815141,0.0009578544061302763,0.9358845226273231,0.9228259327564193,-0.013058589870903692,0.9099596479174299,0.909971129854636,1.1481937205903847e-05,0.9119586128910406,0.907215048798737,-0.004743564092303587
xgboost,600,71c09041,4,0.8276067063750028,0.8210873386030852,-0.0065193677719173615,0.7982657255726993,0.8051665122273013,0.006900786654601976,0.8479553655167107,0.8844226520036504,0.036467286486939754,0.8072580472332948,0.7577520252025203,-0.049506022030774505,0.8162630486451402,0.8275752719444918,0.011312223299351554,0.8762454313926213,0.8831772437300308,0.006931812337409499
xgboost,600,71e10186,7,0.93981331330977,0.9402086351625724,0.0003953218528022535,0.9409434935917724,0.9414798654201763,0.0005363718284039365,0.9218440873502054,0.9223598171078125,0.0005157297576070212,0.9577825392693351,0.9580574532173324,0.000274913947997454,0.945850281447715,0.9463940109219585,0.0005437294742435261,0.9436235657632066,0.9441599079495214,0.0005363421863148675
xgboost,600,71f0603f,6,0.8057846720593588,0.8245344381826412,0.01874976612328233,0.8089802479049407,0.8241769005398516,0.015196652634910768,0.7233217329904645,0.7696348855827903,0.046313152592325636,0.888247611128253,0.8794339907824921,-0.008813620345760942,0.8296356221542728,0.8374976975092867,0.007862075355013876,0.8208907138268309,0.8330589979720244,0.012168284145193478
xgboost,600,71f21142,4,0.7903436287031287,0.8150686367086426,0.02472500800551386,0.7544611108538224,0.8004881994918434,0.046027088638020935,0.8510475719459963,0.8688620147963071,0.017814442850310863,0.7296396854602614,0.7612752586209782,0.031635573160716884,0.7974442025007571,0.8228738166059459,0.025429614105188847,0.7970762413808055,0.8384284283647905,0.04135218698398491
xgboost,600,8030618f,6,0.7579823235015697,0.7652766529582079,0.007294329456638308,0.6587141745423818,0.6903345012097942,0.03162032666741229,0.856750403791716,0.8975570282690105,0.04080662447729444,0.6592142432114233,0.6329962776474055,-0.026217965564017832,0.7157003649739372,0.7328992607149889,0.01719889574105199,0.6899822010144773,0.7404397812254234,0.05045758021094612
xgboost,600,8191f1d9,4,0.6482891677980311,0.6681918780453113,0.019902710247280145,0.4918153315359647,0.662472170940894,0.17065683940492932,0.36727108562783256,0.6916578802910717,0.32438679466323916,0.9293072499682298,0.644725875799551,-0.2845813741686788,0.6798806109422562,0.6782935586207404,-0.0015870523215157223,0.5167580972715486,0.7596209531258808,0.24286285585433226
xgboost,600,81e150c1,5,0.7530797892870582,0.749743784633429,-0.00333600465362911,0.7011901480549414,0.6947698429775562,-0.006420305077385358,0.8019006024096387,0.7885615318416523,-0.013339070567986245,0.7042589761644777,0.7109260374252057,0.006667061260728047,0.7124810295093412,0.7038003998686502,-0.008680629640690895,0.7507362610505721,0.7406698517841629,-0.010066409266409272
xgboost,600,81f1f0fe,5,0.7373920706738948,0.7607572039183838,0.023365133244488946,0.7175556504855422,0.7358621081881844,0.01830645770264221,0.7333264178311376,0.6604689185809438,-0.07285749925019366,0.7414577235166521,0.8610454892558236,0.11958776573917154,0.7612949420251189,0.7674308162143842,0.006135874189265489,0.7434636401634961,0.7523668702143744,0.008903230050878407
xgboost,600,a02151ac,6,0.7589388891215667,0.7537508620268788,-0.005188027094687908,0.7491668200180258,0.7397153365711778,-0.00945148344684806,0.7433916599879676,0.7769657007489212,0.03357404076095355,0.7744861182551657,0.7305360233048362,-0.04395009495032939,0.7571956259216651,0.744948357255797,-0.01224726866586808,0.7754790548592494,0.7597586060715873,-0.01572044878766214
xgboost,600,a1b210fc,7,0.7846462255742883,0.763357007537908,-0.021289218036380366,0.7675251413472611,0.7320742783933668,-0.035450862953894435,0.8291959742705182,0.6976550991331211,-0.1315408751373973,0.7400964768780582,0.8290589159426949,0.0889624390646366,0.7936889453540941,0.796460728858898,0.0027717835048037026,0.7949686607936777,0.7600450540345431,-0.034923606759134626
xgboost,600,b0700166,5,0.6613482007013931,0.6772117462658247,0.01586354556443168,0.5601212163164794,0.6145803642754313,0.05445914795895189,0.797450884298831,0.7307515459013795,-0.06669933839745162,0.5252455171039551,0.62367194663027,0.098426429526315,0.7092497575976666,0.7264193493893453,0.01716959179167856,0.5997880311541421,0.6681479417249248,0.06835991057078247
xgboost,600,b112005d,6,0.7248934259656803,0.6952351790737546,-0.029658246891925755,0.6809425465664575,0.6378690930738892,-0.04307345349256831,0.7790066592013334,0.8388804129594551,0.05987375375812165,0.6707801927300272,0.551589945188054,-0.1191902475419732,0.7433015525639264,0.7419718097915755,-0.001329742772350891,0.7271890101706048,0.6924136267735919,-0.034775383397012964
xgboost,600,b1c2f044,7,0.8032759578182121,0.844869551370705,0.04159359355249296,0.7825733919331394,0.837204884359247,0.05463149242610748,0.8864321985517051,0.8708092206909741,-0.015622977860731111,0.7201197170847188,0.8189298820504358,0.09881016496571697,0.8258536230769391,0.8498739285460096,0.024020305469070413,0.8177809621608014,0.8660285882498421,0.04824762608904084
xgboost,600,c060c06a,3,0.7471392529140332,0.7918634371140599,0.04472418420002677,0.7371281927385857,0.786593764750679,0.04946557201209326,0.5488449686683533,0.7343642406374636,0.18551927196911025,0.945433537159713,0.8493626335906562,-0.09607090356905668,0.7972415066711324,0.7955229843505974,-0.001718522320535006,0.7516335191657649,0.7891384911691864,0.03750497200342159
xgboost,600,c112918e,7,0.6449973394073477,0.6863391900738788,0.04134185066653121,0.5731942425121324,0.6510342608465415,0.07784001833440905,0.4235341491336969,0.6889795882967154,0.2654454391630185,0.8664605296809984,0.6836987918510422,-0.18276173782995606,0.7403469275951142,0.7495854322656458,0.009238504670531444,0.639145435099903,0.7014439353931378,0.06229850029323487
xgboost,600,c1a150b1,4,0.7559318242071886,0.7169558955154843,-0.0389759286917043,0.7552790229310812,0.7258865144285145,-0.029392508502566694,0.7788756178019628,0.7908437029083458,0.011968085106382975,0.7329880306124144,0.6430680881226228,-0.08991994248979158,0.7956702829577976,0.84612379440935,0.05045351145155241,0.8024102939212094,0.8178762391769095,0.015465945255700081
xgboost,600,d0724095,7,0.7419683528872408,0.7466629452080255,0.004694592320784777,0.7149581270946366,0.7215845021340732,0.006626375039436702,0.6944050921703694,0.6991829845343147,0.0047778923639453085,0.7895316136041123,0.7941429058817365,0.00461129227762423,0.779960503761723,0.7775215938398444,-0.002438909921878372,0.7456037134843533,0.7502551471850134,0.004651433700660124
xgboost,600,d0e2d025,7,0.7670195615419513,0.784558161330984,0.017538599789032557,0.7480953326894031,0.7664660938741915,0.01837076118478855,0.813802759925303,0.8334853740338856,0.01968261410858252,0.7202363631585998,0.7356309486280824,0.015394585469482549,0.7999178373007585,0.7925770353980305,-0.007340801902727996,0.7884478580186176,0.7983837863092866,0.009935928290669012
xgboost,600,d111e017,7,0.8749070958615971,0.8748106424274705,-9.645343412653265e-05,0.8699456985843451,0.8698280308696135,-0.00011766771473173001,0.8238133776567028,0.8232384998182434,-0.0005748778384593312,0.9260008140664914,0.9263827850366976,0.00038197097020626584,0.8839615544200373,0.8838336742798306,-0.0001278801402065615,0.8716793342291993,0.8715561597421724,-0.00012317448702704934
xgboost,600,d142d110,7,0.717953834325069,0.6937968242781293,-0.024157010046939802,0.6912210071374377,0.6580562049670332,-0.03316480217040444,0.6436077879427632,0.6048322777386816,-0.03877551020408164,0.792299880707375,0.7827613708175768,-0.00953850988979797,0.7017241092241092,0.6665052808601196,-0.035218828363989665,0.7647615276903998,0.7327338378257732,-0.03202768986462655
xgboost,600,d151b0c4,5,0.7585845693329694,0.7601154692976955,0.0015308999647261068,0.7486666725322818,0.7603570927289497,0.011690420196667817,0.7534756957590839,0.8301102262202624,0.0766345304611786,0.7636934429068547,0.6901207123751284,-0.07357273053172635,0.7837172365793785,0.7930707998604947,0.009353563281116205,0.7684853175074291,0.7841958348308496,0.015710517323420527
xgboost,600,d18000a3,4,0.8010350319074147,0.8187094641780911,0.017674432270676416,0.7762515135522939,0.8004983739662519,0.024246860413957905,0.7353211672213689,0.7887665877282813,0.05344542050691245,0.8667488965934605,0.848652340627901,-0.018096555965559646,0.8197050589833021,0.8277418477911016,0.008036788807799344,0.7905573718168355,0.8139751950296249,0.0234178232127894
xgboost,600,e0c0408a,4,0.7647244586387659,0.8126039047740261,0.0478794461352601,0.7272990762062119,0.8088272522249361,0.08152817601872432,0.7272303025589174,0.8465281558683986,0.11929785330948123,0.8022186147186147,0.7786796536796536,-0.023538961038961054,0.805491792859923,0.8234145952941303,0.01792280243420727,0.7533674906132665,0.8251717892558006,0.07180429864253396
xgboost,600,f0f2a1e1,4,0.8348236742381046,0.8269378000765837,-0.007885874161520923,0.8171303611056608,0.8125143170318303,-0.004616044073830539,0.8945854998605653,0.9113319113438189,0.016746411483253593,0.7750618486156438,0.7425436888093484,-0.03251815980629541,0.8208663780581701,0.8217012919586223,0.0008349139004522332,0.82704773051705,0.825031601484792,-0.0020161290322580627
xgboost,600,f121f1e0,5,0.6917963036041093,0.7278393992217935,0.03604309561768424,0.6355771328707428,0.6853208543552806,0.04974372148453783,0.9235144410132682,0.8829578515222909,-0.04055658949097727,0.46007816619495046,0.572720946921296,0.11264278072634568,0.7267927621626555,0.7267212305155827,-7.153164707289772e-05,0.6620197022380705,0.6993494687672104,0.037329766529139774
xgboost,600,f1a0c120,7,0.7160248722829385,0.7261116297820456,0.010086757499106909,0.7190238352027096,0.7343851502324924,0.015361315029782727,0.6336362580193222,0.6622206863582266,0.02858442833890443,0.7984134865465551,0.7900025732058644,-0.008410913340690615,0.8162016284311789,0.8043975885751868,-0.011804039855991957,0.825336647017466,0.8223819567558573,-0.002954690261608693
xgboost,600,f1d06060,6,0.7191463483325783,0.7777464025025794,0.05860005417000108,0.6722422304265335,0.7645673655959765,0.0923251351694429,0.6304613246007622,0.7100705249593927,0.07960920035863045,0.8078313720643945,0.8454222800457661,0.037590907981371734,0.7666158901979291,0.7778280505120397,0.011212160314110339,0.7032140264899963,0.7912236719926261,0.08800964550262992
xgboost,900,0001508a,7,0.6939380676580142,0.7283583637359988,0.03442029607798468,0.6558760151577001,0.724685963602808,0.06880994844510792,0.591815132265778,0.6902591404385039,0.09844400817272601,0.7960610030502503,0.7664575870334938,-0.029603416016756628,0.7564543224647611,0.7726252964024203,0.016170973937659112,0.7428726045658153,0.8027786830205818,0.0599060784547666
xgboost,900,0012905a,7,0.7486392739873425,0.7535426449331545,0.004903370945812073,0.7460552523780886,0.7536232097018436,0.007567957323755148,0.870763746920073,0.8431882074612519,-0.027575539458821106,0.626514801054612,0.6638970824050572,0.03738228135044525,0.7785421720290809,0.7836368454407422,0.005094673411661381,0.7605279849875662,0.76772084811291,0.007192863125343697
xgboost,900,0110f12e,7,0.81032569189297,0.8127563994299527,0.0024307075369827125,0.8054551985706395,0.8069430537925271,0.001487855221887451,0.8104765104577999,0.8302711017906782,0.01979459133287839,0.8101748733281401,0.7952416970692271,-0.01493317625891293,0.8092767714771492,0.8082722118639942,-0.0010045596131548842,0.8112788119401394,0.812030291050467,0.0007514791103276432
xgboost,900,0182e16c,6,0.6821653145058547,0.8272128257380924,0.14504751123223764,0.6153530792640318,0.7903834046003467,0.17503032533631482,0.6575364163475065,0.8773615064046393,0.21982509005713277,0.706794212664203,0.7770641450715455,0.07026993240734257,0.7842156484227175,0.7947653972139183,0.01054974879120076,0.6970996838760066,0.8215650151160817,0.1244653312400751
xgboost,900,01c2a0d8,7,0.7797008254894663,0.7963353375909696,0.01663451210150327,0.7569913713984023,0.7749909015805466,0.017999530182144192,0.724590541167823,0.8604252107936178,0.13583466962579482,0.8348111098111097,0.7322454643883215,-0.10256564542278826,0.7884715926528819,0.7935351514472957,0.005063558794413654,0.8078343824493991,0.8073025393002429,-0.0005318431491562826
xgboost,900,1081b177,6,0.8212337183527776,0.8413237467999108,0.02009002844713324,0.803777684909006,0.8313810561739888,0.027603371264982746,0.6767762026135097,0.7409241524693967,0.06414794985588698,0.9656912340920455,0.941723341130425,-0.02396789296162048,0.8503242247439831,0.852034067244105,0.0017098425001219237,0.8238437130437486,0.8447245948048009,0.02088088176105246
xgboost,900,20201194,7,0.712578393116791,0.7670939174267455,0.05451552430995451,0.6943639403428575,0.7598572143846731,0.06549327404181562,0.6754625508858629,0.7563152130199323,0.08085266213406915,0.749694235347719,0.7778726218335589,0.028178386485839892,0.7643968266446807,0.7754381139580693,0.011041287313388557,0.7384921430340184,0.7951114270067644,0.056619283972745946
xgboost,900,2162c09e,6,0.8161838243338905,0.8219232871713641,0.005739462837473767,0.8113618352652541,0.8174951538301188,0.006133318564864654,0.712528632213718,0.7519402792724311,0.039411647058713056,0.919839016454063,0.8919062950702973,-0.027932721383765513,0.8228135168721461,0.8234831946160984,0.0006696777439523053,0.8614913818990441,0.8642612052934114,0.0027698233943672843
xgboost,900,2182c1cd,7,0.720401965708059,0.7512623542269835,0.030860388518924538,0.7016425673459548,0.7455230779929253,0.04388051064697039,0.5259812373564231,0.6357519584330233,0.10977072107660023,0.914822694059695,0.8667727500209436,-0.048049944038751166,0.7551884098983118,0.7660764826496794,0.010888072751367701,0.7206509183853237,0.7598178847452325,0.03916696635990854
xgboost,900,219060fa,4,0.7639578106454474,0.7904951435724457,0.026537332926998225,0.7619868312482794,0.7947023473840058,0.032715516135726375,0.841586306653809,0.853423247784833,0.011836941131024015,0.6863293146370858,0.7275670393600582,0.04123772472297238,0.8482238704228352,0.8427908903212973,-0.005432980101537893,0.8245889181352853,0.8387812557862875,0.01419233765100214
xgboost,900,21a031f6,7,0.7722063033059902,0.7660817544894235,-0.006124548816566829,0.7342664330475154,0.745951033804839,0.011684600757323551,0.7318105611744267,0.8574119201478432,0.12560135897341648,0.8126020454375537,0.6747515888310035,-0.13785045660655018,0.7605735827365089,0.7735057838942716,0.012932201157762644,0.7508639104131117,0.7730298768583659,0.022165966445254117
xgboost,900,30908049,7,0.7191714321378637,0.7453349308495459,0.026163498711682172,0.6580762760252599,0.6780295739449915,0.019953297919731588,0.7906289739235693,0.8174980427936472,0.026869068870077832,0.6477138903521583,0.6731718189054448,0.025457928553286522,0.7219592570159711,0.6986065879031438,-0.023352669112827313,0.7231167150955373,0.7220121036808446,-0.0011046114146926864
xgboost,900,30c140ca,5,0.7724453102309579,0.7173876048655361,-0.05505770536542158,0.7462577161407926,0.6791749324761848,-0.06708278366460796,0.8204570551864483,0.7567367905695367,-0.06372026461691183,0.724433565275467,0.6780384191615358,-0.04639514611393127,0.762557849010421,0.7440193618583721,-0.018538487152048866,0.7611068538350834,0.7132568841186474,-0.047849969716436
xgboost,900,3110e0c7,3,0.7270889538807502,0.7213944354166975,-0.005694518464052741,0.7055865860752609,0.7027390002787287,-0.0028475857965323628,0.7210596540798665,0.674541368726738,-0.04651828535312854,0.733118253681634,0.7682475021066569,0.035129248425023074,0.7124220133207833,0.7133802491941216,0.000958235873338357,0.7164258608697184,0.7174136268786814,0.000987766008963072
xgboost,900,40009139,5,0.8315394251503705,0.8356355642894506,0.0040961391390802685,0.8346103988467194,0.8379559025778353,0.003345503731116062,0.7753470724899116,0.8374894761806481,0.062142403690736495,0.8877317778108292,0.8337816523982532,-0.053950125412576,0.855435161921628,0.8491212056210056,-0.006313956300622437,0.8456848978737478,0.8474765107255984,0.0017916128518507435
xgboost,900,40f0714a,6,0.799753196579822,0.8454783048049302,0.0457251082251082,0.7741354796671613,0.8208831269547213,0.046747647287560166,0.9752024291497975,0.9668690958164642,-0.00833333333333334,0.6243039640098463,0.7240875137933962,0.09978354978354977,0.8372710563085942,0.8265341958177324,-0.010736860490861847,0.8626192370934908,0.8975759017111722,0.034956664617681564
xgboost,900,41e2010c,7,0.7439352752527933,0.780351613754265,0.03641633850147171,0.7058225121115486,0.7517220951125029,0.04589958300095441,0.8169904724998178,0.8415555997836102,0.024565127283792225,0.6708800780057685,0.7191476277249197,0.048267549719151245,0.7875947224125731,0.7789000204081711,-0.008694702004402064,0.7379514530647345,0.7795268087768339,0.041575355712099436
xgboost,900,5001d09a,6,0.7922048344688465,0.795425676770123,0.0032208423012764498,0.7815313836204556,0.7857367338327715,0.004205350212316106,0.9203481703481704,0.9099315036815038,-0.010416666666666649,0.6640614985895227,0.6809198498587423,0.016858351269219567,0.818648646167099,0.816170661628063,-0.0024779845390360635,0.8234896801579215,0.827242365282527,0.0037526851246056
xgboost,900,50c02189,7,0.6309809274294542,0.7141703182469399,0.08318939081748548,0.5509190270634966,0.6936008635770372,0.14268183651354063,0.5832444445579303,0.7829132611122305,0.1996688165543002,0.6787174103009784,0.6454273753816492,-0.0332900349193292,0.6853737069607663,0.7079764892472327,0.022602782286466505,0.621289202511624,0.7157230834100847,0.0944338808984608
xgboost,900,517001af,5,0.8535498892562929,0.8775584974586893,0.02400860820239641,0.843342400714141,0.8476409031474306,0.004298502433289553,0.7665167013642913,0.9112762688157829,0.14475956745149168,0.9405830771482947,0.8438407261015957,-0.09674235104669889,0.8681943211470842,0.8394482968842546,-0.028746024262829573,0.8667427215098311,0.8797277965932121,0.01298507508338107
xgboost,900,6030f0fd,5,0.8102518870084354,0.8403629252115099,0.03011103820307437,0.7863078191447187,0.8199560886534684,0.033648269508749794,0.8732392748307909,0.8596816139899282,-0.013557660840862674,0.7472644991860797,0.8210442364330912,0.07377973724701145,0.7976394819365851,0.8125250789309171,0.014885596994331762,0.8159957895207004,0.8413873981514353,0.025391608630734863
xgboost,900,7072a0e0,6,0.7321009340170982,0.7494973895481252,0.017396455531026978,0.6372983020340021,0.6818016434351436,0.044503341401141726,0.7942133384543936,0.875052381062441,0.08083904260804749,0.6699885295798027,0.6239423980338092,-0.04604613154599346,0.7013102080214303,0.7083144277271605,0.007004219705730026,0.6766881780983599,0.7231149889769668,0.046426810878607117
xgboost,900,7092f07b,6,0.7011909806965151,0.7361826315043826,0.03499165080786761,0.6776264645797602,0.7263209692802922,0.04869450470053194,0.802055091151903,0.8216915630229193,0.01963647187101637,0.6003268702411269,0.6506736999858457,0.0503468297447188,0.7665105776566151,0.786284845414445,0.01977426775782985,0.7305694104032169,0.7812435680235601,0.05067415762034314
xgboost,900,7150e10a,5,0.7160079306282959,0.7272180190129361,0.011210088384640304,0.7167532683310649,0.7265768673368174,0.00982359900575247,0.9350367228351029,0.9193520087456033,-0.01568471408949972,0.49697913842148883,0.5350840292802692,0.03810489085878038,0.8342938177723503,0.8240801411797879,-0.01021367659256256,0.7794818764229683,0.7827605457871082,0.0032786693641398967
xgboost,900,71a251fa,5,0.8576630619529417,0.8114280044142934,-0.04623505753864854,0.8323964890263668,0.7703383058432561,-0.06205818318311063,0.8237613629468825,0.7111512752966436,-0.1126100876502388,0.8915647609590014,0.911704733531943,0.020139972572941776,0.843210722752206,0.8229180932984521,-0.02029262945375392,0.8565129980972637,0.7934121489751796,-0.06310084912208394
xgboost,900,71c09041,5,0.7946528585487194,0.7989475216650127,0.004294663116293407,0.7744504908223592,0.7898892840318688,0.015438793209509628,0.8746468202944095,0.9136032581796135,0.038956437885203976,0.7146588968030292,0.684291785150412,-0.03036711165261725,0.8191163270902834,0.8344529635327465,0.015336636442462925,0.8575180842445318,0.8699574757419517,0.012439391497419905
xgboost,900,71e10186,7,0.93981331330977,0.9402086351625724,0.0003953218528022535,0.9409434935917724,0.9414798654201763,0.0005363718284039365,0.9218440873502054,0.9223598171078125,0.0005157297576070212,0.9577825392693351,0.9580574532173324,0.000274913947997454,0.945850281447715,0.9463940109219585,0.0005437294742435261,0.9436235657632066,0.9441599079495214,0.0005363421863148675
xgboost,900,71f0603f,6,0.8057846720593588,0.8189632304613718,0.013178558402012855,0.8089802479049407,0.8177335041049881,0.008753256200047263,0.7233217329904645,0.7615833985528502,0.03826166556238563,0.888247611128253,0.876343062369893,-0.011904548758359926,0.8296356221542728,0.8345532984174886,0.004917676263215672,0.8208907138268309,0.8277360230102934,0.006845309183462471
xgboost,900,71f21142,4,0.7903436287031287,0.8204065486291211,0.03006291992599222,0.7544611108538224,0.7946013787947606,0.040140267940938,0.8510475719459963,0.9082981883788221,0.05725061643282592,0.7296396854602614,0.7325149088794198,0.0028752234191584958,0.7974442025007571,0.8104730406625362,0.013028838161779077,0.7970762413808055,0.831402385889397,0.034326144508591505
xgboost,900,8030618f,7,0.7604493699632139,0.76704139275461,0.00659202279139613,0.6599652667000033,0.6889495832283724,0.028984316528369063,0.8705701135490456,0.8923674259905481,0.021797312441502594,0.650328626377382,0.6417153595186715,-0.008613266858710373,0.7139709345109448,0.7245541030897746,0.010583168578830062,0.6890727178994148,0.7352588046000064,0.04618608670059158
xgboost,900,8191f1d9,4,0.6482891677980311,0.6646981703940849,0.016409002596053684,0.4918153315359647,0.6607606176258807,0.1689452860899159,0.36727108562783256,0.6873836432831925,0.32011255765535984,0.9293072499682298,0.6420126975049774,-0.2872945524632524,0.6798806109422562,0.6796043237069962,-0.0002762872352599227,0.5167580972715486,0.7574412551440329,0.24068315787248437
xgboost,900,81e150c1,5,0.7530797892870582,0.7580011022393703,0.004921312952312351,0.7011901480549414,0.6978841704554875,-0.0033059775994541906,0.8019006024096387,0.8147520080321285,0.012851405622489964,0.7042589761644777,0.7012501964466125,-0.00300877971786524,0.7124810295093412,0.7067712540473743,-0.005709775461967026,0.7507362610505721,0.7408076001285337,-0.009928660922038413
xgboost,900,81f1f0fe,6,0.6952467056548265,0.7178270796827295,0.0225803740279031,0.6745562471852921,0.7011175946702614,0.026561347484969244,0.6719519090391755,0.5822663676317769,-0.08968554140739858,0.7185415022704773,0.853387791733682,0.13484628946320473,0.7162013653150777,0.7244051956065866,0.008203830291508915,0.7133599551453541,0.7470563334451907,0.03369637829983655
xgboost,900,a02151ac,6,0.7589388891215667,0.7468786404706357,-0.012060248650931138,0.7491668200180258,0.7277391939436876,-0.02142762607433833,0.7433916599879676,0.7628492706503976,0.01945761066242994,0.7744861182551657,0.7309080102908734,-0.043578107964292234,0.7571956259216651,0.7385540656853977,-0.01864156023626749,0.7754790548592494,0.7438669495427693,-0.03161210531648009
xgboost,900,a1b210fc,7,0.7846462255742883,0.771748395909419,-0.012897829664869218,0.7675251413472611,0.7629756917615639,-0.004549449585697204,0.8291959742705182,0.7699172180341857,-0.05927875623633255,0.7400964768780582,0.7735795737846525,0.03348309690659408,0.7936889453540941,0.7940636246693427,0.00037467931524851457,0.7949686607936777,0.7946990056758321,-0.0002696551178456178
xgboost,900,b0700166,6,0.6721459922926204,0.6906437344125016,0.018497742119881366,0.5733541700917648,0.6394367024497619,0.06608253235799726,0.7461396258045815,0.7470584848671695,0.0009188590625882435,0.5981523587806591,0.6342289839578336,0.03607662517717444,0.7104701920818356,0.7298509761261517,0.01938078404431613,0.6064584303851659,0.6893538771709862,0.0828954467858203
xgboost,900,b112005d,7,0.7165423192204562,0.7049482579482634,-0.011594061272192868,0.678731421232642,0.6573444050750826,-0.02138701615755952,0.7564955038052246,0.8021882619578758,0.045692758152651135,0.6765891346356879,0.607708253938651,-0.06888088069703686,0.7320864619644151,0.7295650984922192,-0.00252136347219594,0.7196601235060986,0.6930930928469424,-0.026567030659156294
xgboost,900,b1c2f044,7,0.8032759578182121,0.8439348512018626,0.04065889338365068,0.7825733919331394,0.8354775155370395,0.05290412360390002,0.8864321985517051,0.8676047068686434,-0.01882749168306186,0.7201197170847188,0.8202649955350819,0.10014527845036317,0.8258536230769391,0.8481230617943478,0.02226943871740856,0.8177809621608014,0.864002810020098,0.0462218478592966
xgboost,900,c060c06a,4,0.7630387753973835,0.7967493782937756,0.03371060289639213,0.7536525961668424,0.791114747743803,0.037462151576960395,0.5968189116864502,0.7179547327088706,0.12113582102242045,0.9292586391083169,0.8755440238786807,-0.05371461522963614,0.8001536524650125,0.803512467098545,0.003358814633532603,0.7645448115054712,0.794177617185702,0.02963280568023091
xgboost,900,c112918e,6,0.6538125417881006,0.7223327670315496,0.06852022524344899,0.5912840127693679,0.7085049819166315,0.11722096914726358,0.46032035708790464,0.7468611452009339,0.28654078811302924,0.8473047264882965,0.6978043888621652,-0.14950033762613127,0.7491969216005078,0.7577682423699863,0.008571320769478585,0.6629211362715243,0.7488301569882498,0.08590902071672564
xgboost,900,c1a150b1,5,0.736560488267485,0.7240971304014044,-0.012463357866080549,0.737254272493143,0.7216280900529449,-0.015626182440197978,0.7907305520450384,0.7551617754834565,-0.03556877656158188,0.6823904244899315,0.6930324853193521,0.010642060829420753,0.7715905741923251,0.7947537065427994,0.023163132350474312,0.7878959770724514,0.7801611908954096,-0.007734786177041863
xgboost,900,d0724095,7,0.7419683528872408,0.7542786473561723,0.012310294468931615,0.7149581270946366,0.7359212609430454,0.020963133848408946,0.6944050921703694,0.7147343225771979,0.020329230406828595,0.7895316136041123,0.793822972135147,0.004291358531034644,0.779960503761723,0.7832011656682919,0.003240661906569004,0.7456037134843533,0.7619321608042382,0.016328447319885014
xgboost,900,d0e2d025,7,0.7670195615419513,0.7890166892584188,0.021997127716467526,0.7480953326894031,0.7719533810666491,0.023858048377246095,0.813802759925303,0.8381830901109122,0.02438033018560894,0.7202363631585998,0.7398502884059258,0.019613925247326112,0.7999178373007585,0.7955573993220844,-0.0043604379786741365,0.7884478580186176,0.8035700169494421,0.015122158930824343
xgboost,900,d111e017,7,0.8749070958615971,0.8748106424274705,-9.645343412653265e-05,0.8699456985843451,0.8698280308696135,-0.00011766771473173001,0.8238133776567028,0.8232384998182434,-0.0005748778384593312,0.9260008140664914,0.9263827850366976,0.00038197097020626584,0.8839615544200373,0.8838336742798306,-0.0001278801402065615,0.8716793342291993,0.8715561597421724,-0.00012317448702704934
xgboost,900,d142d110,7,0.717953834325069,0.6931555841755309,-0.024798250149538213,0.6912210071374377,0.659757172720891,-0.031463834416546675,0.6436077879427632,0.6153764954257565,-0.028231292517006814,0.792299880707375,0.7709346729253053,-0.02136520778206963,0.7017241092241092,0.667468625165008,-0.03425548405910117,0.7647615276903998,0.7318398043230442,-0.03292172336735571
xgboost,900,d151b0c4,5,0.7585845693329694,0.7599926831030868,0.0014081137701174918,0.7486666725322818,0.7595071350238336,0.010840462491551794,0.7534756957590839,0.8107678800718328,0.05729218431274878,0.7636934429068547,0.709217486134341,-0.05447595677251373,0.7837172365793785,0.7915954658530622,0.007878229273683668,0.7684853175074291,0.7821765847809269,0.013691267273497787
xgboost,900,d18000a3,4,0.8010350319074147,0.8263632525714398,0.025328220664025097,0.7762515135522939,0.8110003115098052,0.034748797957511235,0.7353211672213689,0.8154248538573136,0.08010368663594468,0.8667488965934605,0.837301651285566,-0.02944724530789461,0.8197050589833021,0.8246341309658403,0.00492907198253803,0.7905573718168355,0.8205637284474265,0.03000635663059112
xgboost,900,e0c0408a,5,0.7461925223765997,0.7844960792848079,0.03830355690820808,0.7199386506772625,0.7851611914922418,0.06522254081497945,0.7663996266625185,0.8618379093101035,0.09543828264758498,0.7259854180906812,0.7071542492595124,-0.018831168831168844,0.792416033157995,0.8067542751053608,0.014338241947365816,0.7604404713638526,0.8178839102778799,0.057443438914027166
xgboost,900,f0f2a1e1,5,0.8394065584381026,0.8379531356109247,-0.0014534228271779303,0.8225312902025047,0.8172285702542649,-0.005302719948239965,0.8723350665551189,0.8930916591574217,0.02075659260230278,0.8064780503210864,0.7828146120644278,-0.0236634382566586,0.8231606981112121,0.8161739994485451,-0.006986698662667057,0.8428146550018754,0.8384787916242663,-0.004335863377609117
xgboost,900,f121f1e0,5,0.6917963036041093,0.7317508914805521,0.0399545878764427,0.6355771328707428,0.6843563398299377,0.04877920695919487,0.9235144410132682,0.8108804669847347,-0.11263397402853363,0.46007816619495046,0.6526213159763695,0.19254314978141904,0.7267927621626555,0.7182386137518751,-0.00855414841078055,0.6620197022380705,0.6937649898212633,0.031745287583192686
xgboost,900,f1a0c120,7,0.7160248722829385,0.7293399748589254,0.013315102575986892,0.7190238352027096,0.7399166986959349,0.020892863493225198,0.6336362580193222,0.6731172313561541,0.03948097333683192,0.7984134865465551,0.7855627183616969,-0.012850768184858133,0.8162016284311789,0.8050593496966084,-0.011142278734570457,0.825336647017466,0.8269397642429779,0.0016031172255120169
xgboost,900,f1d06060,6,0.7191463483325783,0.7797300677151036,0.06058371938252519,0.6722422304265335,0.7710943443982105,0.09885211397167692,0.6304613246007622,0.7137659614673293,0.08330463686656697,0.8078313720643945,0.8456941739628778,0.03786280189848342,0.7666158901979291,0.7811187731228281,0.01450288292489891,0.7032140264899963,0.7982045292543823,0.09499050276438609
